archetype,day,run,seed,event,chapter,cleared,highest_cleared,ticks,boss_defeated,level,farms,buildings,people,kills,harvests,unlocked_content,challenges,vassal_level,vassal_rank,forge,research,granary,barracks,bottleneck,meta:grain_wallet,meta:grain_credited,meta:grain_spent,meta:grain_overflow,meta:timber_wallet,meta:timber_credited,meta:timber_spent,meta:timber_overflow,meta:iron_wallet,meta:iron_credited,meta:iron_spent,meta:iron_overflow,meta:charter_wallet,meta:charter_credited,meta:charter_spent,meta:charter_overflow,run_hash,state_hash,data_hash
light,1,0,0,idle,0,0,0,0,0,0,0,0,0,0,0,14,0,1,0,0,0,0,0,manor-short:meta:grain;manor-short:meta:timber;manor-short:meta:iron;manor-short:meta:charter;vassal-short:meta:grain;vassal-short:meta:timber;vassal-short:meta:iron;vassal-short:meta:charter,0,0,0,0,0,0,0,0,0,0,0,0,0,0,0,0,,CD2D490778F86ACC180D1E9B15F9CF2EE1673A233FB6B25605398802175E790C,F7B7067CB7656AF297DDA5E20EEF4BA6C72942D3E95052EA2E0757C11CABC42D
light,1,1,710101,run,1,0,0,27000,0,39,240,0,60,4985,3734,20,3,2,0,1,0,0,1,boss-not-defeated;manor-short:meta:grain;manor-short:meta:timber;manor-short:meta:iron;manor-short:meta:charter;vassal-short:meta:timber,55,137,82,0,8,66,58,0,12,48,36,0,11,23,12,0,CACECB38F6BC89BB8BAA23346AF25CE658ABB44B85B2DF04D3C051750C0C4242,E7B66DED16D824D5532EA06983679DF4DD3B0AAC1BFC36FA6423CB3A390A4804,F7B7067CB7656AF297DDA5E20EEF4BA6C72942D3E95052EA2E0757C11CABC42D
light,1,2,710102,run,1,1,1,27000,1,32,240,0,60,3606,1432,24,5,4,0,1,1,1,1,manor-short:meta:timber;manor-short:meta:iron;vassal-short:meta:timber,174,243,124,0,12,94,90,0,25,73,60,0,33,45,23,0,EDDD91891A18BE491D69A756609DFDE39B96BED95E84E72AFA967C4E1BA9F56E,67A601015340186C0490405198D5B073CF3197EA5B02252C63344DCD4E6AD97A,F7B7067CB7656AF297DDA5E20EEF4BA6C72942D3E95052EA2E0757C11CABC42D
light,2,0,0,idle,0,0,1,0,0,0,0,0,0,0,0,24,5,5,0,1,1,1,1,manor-short:meta:timber;manor-short:meta:iron;vassal-short:meta:timber;vassal-short:meta:iron,171,39,42,0,6,26,32,0,14,13,24,0,35,13,11,0,,CFC1309706D8846C36C409E11B08ABB03D20889BB351079C55A1A73710736899,F7B7067CB7656AF297DDA5E20EEF4BA6C72942D3E95052EA2E0757C11CABC42D
light,2,1,710201,run,2,0,1,27000,0,38,250,0,60,5143,3471,24,5,5,0,1,1,1,1,boss-not-defeated;manor-short:meta:timber;manor-short:meta:iron;vassal-short:meta:timber;vassal-short:meta:iron,251,80,0,0,21,15,0,0,29,15,0,0,49,14,0,0,7746B3542629E64318D7E81C55E2DA4F4128CD6A0BBF5B9A8AEB2B994FA073F4,8F113822D2B3970E1CAFD456FD6486CE12FC436D3996E2ED7F5251496AA3FFBF,F7B7067CB7656AF297DDA5E20EEF4BA6C72942D3E95052EA2E0757C11CABC42D
light,2,2,710202,run,2,1,2,27000,1,33,250,0,60,4546,1662,26,6,5,0,2,1,1,1,manor-short:meta:timber;manor-short:meta:iron;vassal-short:meta:timber,416,235,70,0,34,68,55,0,52,58,35,0,78,44,15,0,40B731A37822BFE13B9B5BFC30999B82DABA8CE78C7B7D9BEFD701FE2C6B634E,A24532130980785CE69C5B43454CE8B887FC9A724485B12B820675995A742F3A,F7B7067CB7656AF297DDA5E20EEF4BA6C72942D3E95052EA2E0757C11CABC42D
light,3,0,0,idle,0,0,2,0,0,0,0,0,0,0,0,30,8,5,0,2,2,2,1,manor-short:meta:timber;manor-short:meta:iron;vassal-short:meta:timber;vassal-short:meta:iron,397,136,155,0,3,94,125,0,19,52,85,0,86,38,30,0,,82811A9944AF769B5A5E8E4AFD6B09EEEC494F94E649AC06A9D3986FA6CDCF91,F7B7067CB7656AF297DDA5E20EEF4BA6C72942D3E95052EA2E0757C11CABC42D
light,3,1,710301,run,3,0,2,27000,0,44,260,0,60,7513,5525,30,8,5,0,2,2,2,1,boss-not-defeated;manor-short:meta:timber;manor-short:meta:iron;vassal-short:meta:timber,489,92,0,0,20,17,0,0,36,17,0,0,103,17,0,0,CBF2C5BE1CD69BC1F30D1293225AB299E7B6406659BA7A318652C72E7C5DFE3B,E3EAC721A3BBF80AFFEBBE9F61303D7BAC87D3FE95D73037E9A13AAC5D832AD1,F7B7067CB7656AF297DDA5E20EEF4BA6C72942D3E95052EA2E0757C11CABC42D
light,3,2,710302,run,3,0,2,27000,0,33,260,0,60,4652,1812,30,8,5,0,2,2,2,1,boss-not-defeated;manor-short:meta:timber;manor-short:meta:iron;vassal-short:meta:timber,581,92,0,0,33,13,0,0,49,13,0,0,120,17,0,0,A678DF3BBF3D57CE6B8D55703F8DE3A34F51080B470138EAAC58A07E663DF762,6BAD99C4DBA6F90778EF89AA0D217AC789C51F9EE0CC7727DE0A94D17496508F,F7B7067CB7656AF297DDA5E20EEF4BA6C72942D3E95052EA2E0757C11CABC42D
light,4,0,0,idle,0,0,2,0,0,0,0,0,0,0,0,30,8,6,0,2,2,2,1,manor-short:meta:timber;manor-short:meta:iron;vassal-short:meta:timber;vassal-short:meta:iron,571,42,52,0,21,28,40,0,33,14,30,0,120,14,14,0,,8610242CE1E3B6938C5AA35BD522B3EE030FE9480039787697B8342EC2229E62,F7B7067CB7656AF297DDA5E20EEF4BA6C72942D3E95052EA2E0757C11CABC42D
light,4,1,710401,run,3,0,2,27000,0,39,260,0,60,5239,3865,30,8,6,0,2,2,2,1,boss-not-defeated;manor-short:meta:timber;manor-short:meta:iron;vassal-short:meta:timber,663,92,0,0,36,15,0,0,48,15,0,0,137,17,0,0,E5D34D2AC5A07F1F136987119A9B25074E99367326A825B4C1ACEA1DAD86351B,74BCA7A7DAF5AA5149B8D72EC64D389A86E33B27B41DE0C9C3185B7A834316A5,F7B7067CB7656AF297DDA5E20EEF4BA6C72942D3E95052EA2E0757C11CABC42D
light,4,2,710402,run,3,1,3,27000,1,31,104,0,38,4211,1042,36,11,6,1,3,2,2,2,manor-short:meta:timber;manor-short:meta:iron;vassal-short:meta:timber,838,365,190,0,17,136,155,0,39,96,105,0,174,77,40,0,7257AB584DBBD90B54C9C628ACE4042B9AE17C726FA62435B6DA27217F565400,EBBDE8EFC3DAE57A5FD245A1E4A43D0AA1ED210CC3758A321A5AAAF3417A8700,F7B7067CB7656AF297DDA5E20EEF4BA6C72942D3E95052EA2E0757C11CABC42D
light,5,0,0,idle,0,0,3,0,0,0,0,0,0,0,0,36,11,6,1,3,2,2,2,manor-short:meta:timber;manor-short:meta:iron;vassal-short:meta:timber,880,42,0,0,45,28,0,0,53,14,0,0,188,14,0,0,,7456A26E76CB29B9B75825D6E91679CC786AF5EC8CE8E58E32B9D9C3359994A4,F7B7067CB7656AF297DDA5E20EEF4BA6C72942D3E95052EA2E0757C11CABC42D
light,5,1,710501,run,4,0,3,27000,0,43,270,0,60,7416,4205,36,11,7,1,3,2,2,2,boss-not-defeated;manor-short:meta:timber;manor-short:meta:iron;vassal-short:meta:timber;vassal-short:meta:iron,922,104,62,0,14,17,48,0,34,17,36,0,191,20,17,0,76F0C250CB9BE73C5DC5AF1B03E20E348B9A243A8FB33DB4269846343E670670,6EBCA305B30C62F5D2113E80A62E9695967A5B1253736E6E7F53CAC9B597DA83,F7B7067CB7656AF297DDA5E20EEF4BA6C72942D3E95052EA2E0757C11CABC42D
light,5,2,710502,run,4,0,3,27000,0,44,270,0,60,8331,4550,36,11,7,1,3,2,2,2,boss-not-defeated;manor-short:meta:timber;manor-short:meta:iron;vassal-short:meta:timber,1026,104,0,0,31,17,0,0,51,17,0,0,211,20,0,0,FF96A2CCEDFCCD7A672E72F810CFE85702D4C4B7E6ACD7674277606AA9775E8D,C1984FE176AA6D8BFFE6D87816C5DE09E245CAAB3E7C8F658319C1C440FD5DAD,F7B7067CB7656AF297DDA5E20EEF4BA6C72942D3E95052EA2E0757C11CABC42D
light,6,0,0,idle,0,0,3,0,0,0,0,0,0,0,0,36,11,8,1,3,2,2,2,manor-short:meta:timber;manor-short:meta:iron;vassal-short:meta:timber;vassal-short:meta:iron,996,42,72,0,3,28,56,0,23,14,42,0,205,14,20,0,,90CC28C5FE6DEB55BF3F2AF7B3345F39D33EB99EA8A3B45CBD5576F913000DF5,F7B7067CB7656AF297DDA5E20EEF4BA6C72942D3E95052EA2E0757C11CABC42D
light,6,1,710601,run,4,0,3,27000,0,43,270,0,60,7629,3948,36,11,8,1,3,2,2,2,boss-not-defeated;manor-short:meta:timber;manor-short:meta:iron;vassal-short:meta:timber;vassal-short:meta:iron,1100,104,0,0,20,17,0,0,40,17,0,0,225,20,0,0,CC836FC8422A5FC7C7D7168904FC5F7AA7755A867A07D96DBA15626E13D16161,7E1CD54BDF475C4015782FC25C73426904634462D27E0775D848D310EC4396AE,F7B7067CB7656AF297DDA5E20EEF4BA6C72942D3E95052EA2E0757C11CABC42D
light,6,2,710602,run,4,0,3,27000,0,40,270,0,60,6537,3306,36,11,8,1,3,2,2,2,boss-not-defeated;manor-short:meta:timber;manor-short:meta:iron;vassal-short:meta:timber,1204,104,0,0,36,16,0,0,56,16,0,0,245,20,0,0,0869DECE3897E4670E819720206FDF58FE7E2AA58304C5D0BD3F9EA4F98BEF46,D276668EBB42C2B88114B4198A061355DE3A81511BB661244D0AE912F81ABF7C,F7B7067CB7656AF297DDA5E20EEF4BA6C72942D3E95052EA2E0757C11CABC42D
light,7,0,0,idle,0,0,3,0,0,0,0,0,0,0,0,36,11,9,1,3,2,2,2,manor-short:meta:timber;manor-short:meta:iron;vassal-short:meta:timber;vassal-short:meta:iron,1164,42,82,0,0,28,64,0,22,14,48,0,236,14,23,0,,CC3DAB55C6A8CCF714B721DEA989270C93B5C05948CBB948C7D0A8FC13A5EE6E,F7B7067CB7656AF297DDA5E20EEF4BA6C72942D3E95052EA2E0757C11CABC42D
light,7,1,710701,run,4,0,3,27000,0,39,270,0,60,6625,2811,36,11,9,1,3,2,2,2,boss-not-defeated;manor-short:meta:timber;manor-short:meta:iron;vassal-short:meta:timber;vassal-short:meta:iron,1268,104,0,0,15,15,0,0,37,15,0,0,256,20,0,0,A258485C0C6E62E3BC01ED47B2BA6EC2351F31C3875B3C59FBCAE217D334C508,92A7C951FB9E184C9889B10A1EF75EF1921D4D70886FAB840D1FAF21D2949A7C,F7B7067CB7656AF297DDA5E20EEF4BA6C72942D3E95052EA2E0757C11CABC42D
light,7,2,710702,run,4,0,3,27000,0,52,270,0,60,8349,10360,36,11,9,1,3,2,2,2,boss-not-defeated;manor-short:meta:timber;manor-short:meta:iron;vassal-short:meta:timber,1372,104,0,0,35,20,0,0,57,20,0,0,276,20,0,0,3B080073E68C127BA9CCDD7C2A68430510B2E3DA7A3A4F6E3AB4389D613EA639,4ED87A084B469F357F6A9FC95B9C1CB00C23512118DD1C37214B3A858CA99E54,F7B7067CB7656AF297DDA5E20EEF4BA6C72942D3E95052EA2E0757C11CABC42D
light,8,0,0,idle,0,0,3,0,0,0,0,0,0,0,0,36,11,9,1,3,2,2,2,manor-short:meta:timber;manor-short:meta:iron;vassal-short:meta:timber,1414,42,0,0,63,28,0,0,71,14,0,0,290,14,0,0,,A22F10107E15C1F31F7A99FDCA4D10EE253DFEEC8688D8F0A17D4D4340C3FC92,F7B7067CB7656AF297DDA5E20EEF4BA6C72942D3E95052EA2E0757C11CABC42D
light,8,1,710801,run,4,0,3,8386,0,29,270,0,51,1047,2250,36,11,10,1,3,2,2,2,survival;manor-short:meta:timber;manor-short:meta:iron;vassal-short:meta:timber;vassal-short:meta:iron,1426,104,92,0,2,11,72,0,28,11,54,0,284,20,26,0,F40D21C98A6AE314568C84F66FEC0C04E1BA2727CCE480359168A7D70AC75673,B4F5F94E47C432A2470E163093423CCF26961E522073D27D900833EEF3A4434B,F7B7067CB7656AF297DDA5E20EEF4BA6C72942D3E95052EA2E0757C11CABC42D
light,8,2,710802,run,4,0,3,27000,0,49,270,0,60,9318,7081,36,11,10,1,3,2,2,2,boss-not-defeated;manor-short:meta:timber;manor-short:meta:iron;vassal-short:meta:timber;vassal-short:meta:iron,1530,104,0,0,21,19,0,0,47,19,0,0,304,20,0,0,25DE45863970532DC491C929533DDF879556390BC3F9FAA797AE017A075B56DD,E4C5EA2DA50B42970E9E97388F3F29EC0960B89B40BE019A2C1E1A9EBDCD103D,F7B7067CB7656AF297DDA5E20EEF4BA6C72942D3E95052EA2E0757C11CABC42D
light,9,0,0,idle,0,0,3,0,0,0,0,0,0,0,0,36,11,10,1,3,2,2,2,manor-short:meta:timber;manor-short:meta:iron;vassal-short:meta:timber,1572,42,0,0,49,28,0,0,61,14,0,0,318,14,0,0,,7DA9ACF87BED42F58E8CA03B90DD34876DDD865631E5242D29A60FD909ADD6B7,F7B7067CB7656AF297DDA5E20EEF4BA6C72942D3E95052EA2E0757C11CABC42D
light,9,1,710901,run,4,0,3,27000,0,38,270,0,60,6358,2457,36,11,10,1,3,2,2,2,boss-not-defeated;manor-short:meta:timber;vassal-short:meta:timber,1676,104,0,0,64,15,0,0,76,15,0,0,338,20,0,0,635E8E369FBC08AABF41E6BC49F02351702C977A5C9F96F66AE85B17974CA98D,CD1E62B225008325B57B9BCDF1B818DCA3DC38E1E148C3AD631F4F98F94411C4,F7B7067CB7656AF297DDA5E20EEF4BA6C72942D3E95052EA2E0757C11CABC42D
light,9,2,710902,run,4,0,3,27000,0,32,103,0,60,4916,778,36,11,10,1,3,2,2,2,boss-not-defeated;manor-short:meta:timber;vassal-short:meta:timber,1780,104,0,0,76,12,0,0,88,12,0,0,358,20,0,0,011EB8291C233B0C8C094157F507E8D2C990AB79EE73113BE4EFC6FB4F5C96EB,9FBA288D640A625D6686D834F84928346544842CE0D00E7125A530D61975BDCB,F7B7067CB7656AF297DDA5E20EEF4BA6C72942D3E95052EA2E0757C11CABC42D
light,10,0,0,idle,0,0,3,0,0,0,0,0,0,0,0,39,13,11,1,3,3,2,2,manor-short:meta:timber;manor-short:meta:iron;vassal-short:meta:timber;vassal-short:meta:iron,1723,160,217,0,11,110,175,0,23,60,125,0,350,46,54,0,,2405E54898F5BAB4A31801840C4008A74C6DF5EDE79A8F428CF2166E74075FBC,F7B7067CB7656AF297DDA5E20EEF4BA6C72942D3E95052EA2E0757C11CABC42D
light,10,1,711001,run,4,0,3,27000,0,45,270,0,60,8775,5064,39,13,11,1,3,3,2,2,boss-not-defeated;manor-short:meta:timber;manor-short:meta:iron;vassal-short:meta:timber;vassal-short:meta:iron,1827,104,0,0,29,18,0,0,41,18,0,0,370,20,0,0,0DD2146A0DD8951240A872E09E1F7E834B543B0F9F9E673F5F297B864C950FB8,8B0FD96E52F033D74A4B8355B01FEE9FB9C8B5AE6DB1ECC54745AE613ADBC2A4,F7B7067CB7656AF297DDA5E20EEF4BA6C72942D3E95052EA2E0757C11CABC42D
light,10,2,711002,run,4,0,3,27000,0,45,270,0,58,8207,5071,39,13,11,1,3,3,2,2,boss-not-defeated;manor-short:meta:timber;manor-short:meta:iron;vassal-short:meta:timber;vassal-short:meta:iron,1931,104,0,0,47,18,0,0,59,18,0,0,390,20,0,0,0F1D638C4E7E819C9F6C08D5302C900BCA0956AEA8A8E529928D461C178321CC,FB4E777202E039E1BC6B9A5669A8B41FA5731F498B3FEC9F97E3D56D15079F87,F7B7067CB7656AF297DDA5E20EEF4BA6C72942D3E95052EA2E0757C11CABC42D
light,11,0,0,idle,0,0,3,0,0,0,0,0,0,0,0,39,13,11,1,3,3,2,2,manor-short:meta:timber;manor-short:meta:iron;vassal-short:meta:timber,1973,42,0,0,75,28,0,0,73,14,0,0,404,14,0,0,,37A79F927328C42CD62B305F4F6D01351D458DDEC214570E559C85A89975EF13,F7B7067CB7656AF297DDA5E20EEF4BA6C72942D3E95052EA2E0757C11CABC42D
light,11,1,711101,run,4,0,3,27000,0,47,270,0,60,8831,6521,39,13,11,1,3,3,2,2,boss-not-defeated;manor-short:meta:timber,2077,104,0,0,93,18,0,0,91,18,0,0,424,20,0,0,846585B8B1955733F204AF501869D6EB1B2F1DA0BAAA7FCF7099CF44EFD96FC1,6FF41F8972C70AE6E6ABED6E35019B182A61752F743D0ECFE319CCE7FDCEE2D7,F7B7067CB7656AF297DDA5E20EEF4BA6C72942D3E95052EA2E0757C11CABC42D
light,11,2,711102,run,4,0,3,27000,0,47,270,0,60,9290,5892,39,13,11,1,3,3,3,2,boss-not-defeated;manor-short:meta:timber;manor-short:meta:iron;vassal-short:meta:timber;vassal-short:meta:iron,2056,104,125,0,6,18,105,0,34,18,75,0,419,20,25,0,697C7A483CF371C7FFE186F39E9EA123B3E27C3FB62D1D89BFCFADE9C480559A,6D7773063F74D7CB98B229EF986AE9F18B1EDEB62004DE09A2A5A2CC9066A6D1,F7B7067CB7656AF297DDA5E20EEF4BA6C72942D3E95052EA2E0757C11CABC42D
light,12,0,0,idle,0,0,3,0,0,0,0,0,0,0,0,39,13,11,1,3,3,3,2,manor-short:meta:timber;manor-short:meta:iron;vassal-short:meta:timber;vassal-short:meta:iron,2101,45,0,0,36,30,0,0,49,15,0,0,434,15,0,0,,09DE779F27F31E690433DC73518C848A84673976CA1517C76BF1194D83CD2F00,F7B7067CB7656AF297DDA5E20EEF4BA6C72942D3E95052EA2E0757C11CABC42D
light,12,1,711201,run,4,0,3,27000,0,35,189,0,60,5626,1415,39,13,11,1,3,3,3,2,boss-not-defeated;manor-short:meta:timber;manor-short:meta:iron;vassal-short:meta:timber;vassal-short:meta:iron,2205,104,0,0,50,14,0,0,63,14,0,0,454,20,0,0,5A2C786EE093F783258FE79E77AB3924DC8E7734B327B01304416BB81AB14EA6,9147273BC094178A5FEADC3C5D654BD41D353EE97D3C5C15650C350A145B51E3,F7B7067CB7656AF297DDA5E20EEF4BA6C72942D3E95052EA2E0757C11CABC42D
light,12,2,711202,run,4,0,3,27000,0,40,270,0,60,5429,3722,39,13,11,1,3,3,3,2,boss-not-defeated;manor-short:meta:timber;vassal-short:meta:timber,2309,104,0,0,66,16,0,0,79,16,0,0,474,20,0,0,C49F773FC39233EBF748F01AB931DA6017069B5B152BB081CAF7D139631AB074,C5C10C939D95D6DA98ED2AA57705316E67A4483C864E2A63E0C0EC67B57F6CB1,F7B7067CB7656AF297DDA5E20EEF4BA6C72942D3E95052EA2E0757C11CABC42D
light,13,0,0,idle,0,0,3,0,0,0,0,0,0,0,0,39,13,11,1,3,3,3,2,manor-short:meta:timber,2354,45,0,0,96,30,0,0,94,15,0,0,489,15,0,0,,CDB12CCE26A09479BC08DCC1D98BC5934AA1065F839A5ADCDADE3D3018DC8A3B,F7B7067CB7656AF297DDA5E20EEF4BA6C72942D3E95052EA2E0757C11CABC42D
light,13,1,711301,run,4,0,3,27000,0,42,270,0,60,6944,3840,39,13,11,1,3,3,3,2,boss-not-defeated;manor-short:meta:timber,2458,104,0,0,112,16,0,0,110,16,0,0,509,20,0,0,3A900226B2FD7D10F9901E6DF1D06C05151DCF5AAD1550380752459A0C22CD74,AB1A348A1D856B9FEEE024F851AF5FEB6A31FEB1CE999F551EC9E3F26625C514,F7B7067CB7656AF297DDA5E20EEF4BA6C72942D3E95052EA2E0757C11CABC42D
light,13,2,711302,run,4,0,3,27000,0,38,270,0,60,6757,1905,39,13,11,1,4,3,3,2,boss-not-defeated;manor-short:meta:timber;manor-short:meta:iron;vassal-short:meta:timber;vassal-short:meta:iron,2422,104,140,0,12,15,115,0,50,15,75,0,494,20,35,0,C9AC650E07291EA26EC2EDDE86FEF0EC1015691045FADBD72E45F45B796634D2,F93F2F56FE5CA51D1B6A25BC3CFAE822727E771B90B48AC7161752E28A9F357A,F7B7067CB7656AF297DDA5E20EEF4BA6C72942D3E95052EA2E0757C11CABC42D
light,14,0,0,idle,0,0,3,0,0,0,0,0,0,0,0,39,13,11,1,4,3,3,2,manor-short:meta:timber;manor-short:meta:iron;vassal-short:meta:timber;vassal-short:meta:iron,2467,45,0,0,42,30,0,0,65,15,0,0,509,15,0,0,,FB1909D8A2F0911E4370D7CD376026E1FEF977375F7A476B5CBFB641BC3D67A6,F7B7067CB7656AF297DDA5E20EEF4BA6C72942D3E95052EA2E0757C11CABC42D
light,14,1,711401,run,4,1,4,27000,1,41,104,0,60,7311,3407,39,13,12,1,4,3,3,2,manor-short:meta:timber;manor-short:meta:iron;vassal-short:meta:timber;vassal-short:meta:iron,2615,260,112,0,5,51,88,0,50,51,66,0,529,52,32,0,77BB40F49042B8E36112ED8C5C1B7FE41C59D570336D5B3F53D84C44320108EC,A6545C67EAE0AA0589310725F6B23379A97FEE0C26E99FA7F6A05FD4E881ECAD,F7B7067CB7656AF297DDA5E20EEF4BA6C72942D3E95052EA2E0757C11CABC42D
light,14,2,711402,run,5,0,4,27000,0,44,280,0,60,9954,4254,39,13,12,1,4,3,3,2,boss-not-defeated;manor-short:meta:timber;manor-short:meta:iron;vassal-short:meta:timber;vassal-short:meta:iron,2731,116,0,0,22,17,0,0,67,17,0,0,553,24,0,0,9CC0FCBB1DB5A3D14536FC5D3504099EC3DE2D7B39E3CC64AE2031DA1BE290D3,9F9032D20CE367DD39F4165597E23E9868C3C4935E933B1A2C4F8714DB820DA6,F7B7067CB7656AF297DDA5E20EEF4BA6C72942D3E95052EA2E0757C11CABC42D
light,15,0,0,idle,0,0,4,0,0,0,0,0,0,0,0,39,13,12,1,4,3,3,2,manor-short:meta:timber;manor-short:meta:iron;vassal-short:meta:timber,2776,45,0,0,52,30,0,0,82,15,0,0,568,15,0,0,,0697231447805FB669A803D831A0724334A84B14E90ED3D087C2C09CBD4D4316,F7B7067CB7656AF297DDA5E20EEF4BA6C72942D3E95052EA2E0757C11CABC42D
light,15,1,711501,run,5,0,4,27000,0,44,280,0,60,9155,4636,39,13,12,1,4,3,3,2,boss-not-defeated;manor-short:meta:timber;vassal-short:meta:timber,2892,116,0,0,69,17,0,0,99,17,0,0,592,24,0,0,9BC71AFC4FAA5992BCB4E0DAB43F81CC60DF0F3353236E77DD459392271C3DAE,4E0D06CDCC14406713AB63528C44D28207985F965D31E3BE5C7999F9512DCC6B,F7B7067CB7656AF297DDA5E20EEF4BA6C72942D3E95052EA2E0757C11CABC42D
light,15,2,711502,run,5,0,4,27000,0,35,178,0,60,6159,1342,39,13,12,1,4,3,3,2,boss-not-defeated;manor-short:meta:timber;vassal-short:meta:timber,3008,116,0,0,83,14,0,0,113,14,0,0,616,24,0,0,B729E810F54E04D9AD9A5F3366CE386D117C594516D9E1498414E12B63826263,BB446987B25427852B64A8B85A369E66287A51927726BA4E462BAEC0D68B0CE9,F7B7067CB7656AF297DDA5E20EEF4BA6C72942D3E95052EA2E0757C11CABC42D
light,16,0,0,idle,0,0,4,0,0,0,0,0,0,0,0,39,13,13,1,4,3,3,2,manor-short:meta:timber;manor-short:meta:iron;vassal-short:meta:timber;vassal-short:meta:iron,2931,45,122,0,17,30,96,0,56,15,72,0,596,15,35,0,,9A11603EADB4AF8A0AFFE30055859C2C62455C887312C4223F2F4A45556532B9,F7B7067CB7656AF297DDA5E20EEF4BA6C72942D3E95052EA2E0757C11CABC42D
light,16,1,711601,run,5,0,4,27000,0,36,103,0,52,6738,1426,39,13,13,1,4,3,3,2,boss-not-defeated;manor-short:meta:timber;manor-short:meta:iron;vassal-short:meta:timber;vassal-short:meta:iron,3047,116,0,0,31,14,0,0,70,14,0,0,616,20,0,0,B5AE9346B89A3324598F320EF4125A3D0FE7AC7E6E5D417994CE8AC081DABA9D,A22FC8A1969CE10CACD8DA65B3F78CA04414AB6F4C1689523616AFCE984DD5F2,F7B7067CB7656AF297DDA5E20EEF4BA6C72942D3E95052EA2E0757C11CABC42D
light,16,2,711602,run,5,0,4,27000,0,31,68,0,32,5225,490,39,13,13,1,4,3,3,2,boss-not-defeated;manor-short:meta:timber;manor-short:meta:iron;vassal-short:meta:timber,3163,116,0,0,43,12,0,0,82,12,0,0,628,12,0,0,846AF53329D72020B1B823A5608481547C9BF59A9AF57872305BB180D66A0E4E,2FFBA259000D4751C459448B2D1A87FD5DADA636768EA9526A5272C5C5C07650,F7B7067CB7656AF297DDA5E20EEF4BA6C72942D3E95052EA2E0757C11CABC42D
light,17,0,0,idle,0,0,4,0,0,0,0,0,0,0,0,39,13,13,1,4,3,3,2,manor-short:meta:timber;vassal-short:meta:timber,3208,45,0,0,73,30,0,0,97,15,0,0,643,15,0,0,,E79F2B746D988FA175EA42F13E78F73DAF70F3C4F29A78517817B3B2FE5D8C46,F7B7067CB7656AF297DDA5E20EEF4BA6C72942D3E95052EA2E0757C11CABC42D
light,17,1,711701,run,5,0,4,27000,0,30,96,0,1,4808,255,39,13,13,1,4,3,3,2,boss-not-defeated;manor-short:meta:timber;vassal-short:meta:timber,3324,116,0,0,85,12,0,0,109,12,0,0,643,0,0,0,FD887E6CC14BC72F33AB53EC5E616FE36E9F017D798A08518906AB2068718426,3E7456AFCA96A983F1070CAB89E9D5D9AC1AC692CFE4D1243FD0E366971FBEAC,F7B7067CB7656AF297DDA5E20EEF4BA6C72942D3E95052EA2E0757C11CABC42D
light,17,2,711702,run,5,1,5,27000,1,34,113,0,50,6122,1018,39,13,13,1,4,3,3,3,manor-short:meta:timber;manor-short:meta:iron;vassal-short:meta:timber;vassal-short:meta:iron,3479,290,135,0,14,44,115,0,68,44,85,0,673,55,25,0,D0DBFDF7B2249940A265562DDE4016F70D89DC70C15EF8A81D8F28516F0F024B,794CA0F5CF8D88056792216A9B52EE8721DDC39AD21B172EAA8F62FD97D717D4,F7B7067CB7656AF297DDA5E20EEF4BA6C72942D3E95052EA2E0757C11CABC42D
light,18,0,0,idle,0,0,5,0,0,0,0,0,0,0,0,39,13,13,1,4,3,3,3,manor-short:meta:timber;manor-short:meta:iron;vassal-short:meta:timber,3524,45,0,0,44,30,0,0,83,15,0,0,688,15,0,0,,618878F2E43DC29971A663E5CF33DD26379232F1F4CE72D92477632E646515D9,F7B7067CB7656AF297DDA5E20EEF4BA6C72942D3E95052EA2E0757C11CABC42D
light,18,1,711801,run,6,0,5,27000,0,33,68,0,22,5897,753,39,13,13,1,4,3,3,3,boss-not-defeated;manor-short:meta:timber;vassal-short:meta:timber,3652,128,0,0,57,13,0,0,96,13,0,0,696,8,0,0,010E15725FE74C62DF18AFD9CBB5220EF491319A067F73EC31048974ACC7793D,4782F20909F96843D4C79342C70CC1E710E8EEA84AF38A34267B51025B66F964,F7B7067CB7656AF297DDA5E20EEF4BA6C72942D3E95052EA2E0757C11CABC42D
light,18,2,711802,run,6,0,5,27000,0,31,103,0,1,5647,188,39,13,13,1,4,3,3,3,boss-not-defeated;manor-short:meta:timber;vassal-short:meta:timber,3780,128,0,0,69,12,0,0,108,12,0,0,696,0,0,0,883B04108E42A92468193FB0A9545D972C4A75B6BB215AAEBE81EA50DEC572C4,B8C9D75BD3532B018A80E604825BC129450F4E259A1F9C96D2034715123F88B6,F7B7067CB7656AF297DDA5E20EEF4BA6C72942D3E95052EA2E0757C11CABC42D
light,19,0,0,idle,0,0,5,0,0,0,0,0,0,0,0,39,13,13,1,4,3,3,3,manor-short:meta:timber;vassal-short:meta:timber,3825,45,0,0,99,30,0,0,123,15,0,0,711,15,0,0,,016F4F3232E910B2F6F5CB25494FB28834DFF4D5D217F251E183B6D940F4D1D4,F7B7067CB7656AF297DDA5E20EEF4BA6C72942D3E95052EA2E0757C11CABC42D
light,19,1,711901,run,6,0,5,27000,0,36,290,0,59,6509,2096,39,13,13,1,4,3,3,3,boss-not-defeated;manor-short:meta:timber,3953,128,0,0,113,14,0,0,137,14,0,0,734,23,0,0,CBD45E7D576F3807179158CA78EF4D61DD6F1A099041ED4A3D40DB8923F693FE,38111F7563C3826DDA4C058A2B8B319A7C39A996B42FB368F8A0E2D830E6A519,F7B7067CB7656AF297DDA5E20EEF4BA6C72942D3E95052EA2E0757C11CABC42D
light,19,2,711902,run,6,0,5,1241,0,6,42,0,12,54,12,39,13,13,1,4,3,3,3,survival;manor-short:meta:timber,3953,0,0,0,113,0,0,0,137,0,0,0,734,0,0,0,559B212782FFD0C041427A937E00033474D8DE30D11CDB8469FDF4622C9BE90F,E954614B216E66C17B18281C1DDC5C2C90D0BE015FF4F33083D1B5E024EE3D47,F7B7067CB7656AF297DDA5E20EEF4BA6C72942D3E95052EA2E0757C11CABC42D
light,20,0,0,idle,0,0,5,0,0,0,0,0,0,0,0,40,14,13,1,4,4,3,3,manor-short:meta:timber;manor-short:meta:iron;vassal-short:meta:timber,3914,116,155,0,62,79,130,0,89,42,90,0,734,35,35,0,,8C6B9A21929F714DAAF37E68E6705E5C628B46050C0E918FE322EEB1F17E067E,F7B7067CB7656AF297DDA5E20EEF4BA6C72942D3E95052EA2E0757C11CABC42D
light,20,1,712001,run,6,0,5,27000,0,33,92,0,20,5919,732,40,14,13,1,4,4,3,3,boss-not-defeated;manor-short:meta:timber;vassal-short:meta:timber,4042,128,0,0,75,13,0,0,102,13,0,0,742,8,0,0,5C93B0DA2FCD55A3ED1CA7BB3ED6B8A6AF6CDC4172586E061A2C39F80AD100D1,D4DBEF40C8E18D2B5D14607622AE31250D17A4BCA6BF6FC6385CC0AED33871D7,F7B7067CB7656AF297DDA5E20EEF4BA6C72942D3E95052EA2E0757C11CABC42D
light,20,2,712002,run,6,0,5,27000,0,45,290,0,60,10675,4302,40,14,13,1,4,4,3,3,boss-not-defeated;manor-short:meta:timber;vassal-short:meta:timber,4170,128,0,0,93,18,0,0,120,18,0,0,766,24,0,0,513BFE26321ED7E49B80A78853CB6E4AE5938736D73F566E8A25914CBC62C150,79155743764823830C83B84F01DC2B8CBBFE0B78CFC8394D12F41B9E31FD289B,F7B7067CB7656AF297DDA5E20EEF4BA6C72942D3E95052EA2E0757C11CABC42D
light,21,0,0,idle,0,0,5,0,0,0,0,0,0,0,0,40,14,13,1,4,4,3,3,manor-short:meta:timber,4215,45,0,0,123,30,0,0,135,15,0,0,781,15,0,0,,35B203136D37EE833556FCDA087D1B9A532BC4F5DC540A66681C5422795DB3ED,F7B7067CB7656AF297DDA5E20EEF4BA6C72942D3E95052EA2E0757C11CABC42D
light,21,1,712101,run,6,1,6,27000,1,52,290,0,59,11316,9663,40,14,13,1,5,4,3,3,manor-short:meta:timber;manor-short:meta:iron;vassal-short:meta:timber,4360,320,175,0,40,62,145,0,102,62,95,0,800,64,45,0,7FCCFBD5C233E8ED9C33DC13698E0BE7E2EECB73BA2BD33E351A2056F4CDAE94,EC8497F4D88491FB211C34EEE8A6C760B860E2879016E6466309B9090011E325,F7B7067CB7656AF297DDA5E20EEF4BA6C72942D3E95052EA2E0757C11CABC42D
light,21,2,712102,run,7,0,6,27000,0,43,211,0,60,9793,2980,40,14,13,1,5,4,3,3,boss-not-defeated;manor-short:meta:timber;vassal-short:meta:timber,4500,140,0,0,57,17,0,0,119,17,0,0,824,24,0,0,D4D990377B03834D7B1FDD91B6C731FBEA107200368A8B8281E73A320EDF09E7,65DDDFD6C7EC6E143B07FA1AF5FA54074DBFD089F154F8C151DF13E88846E6A8,F7B7067CB7656AF297DDA5E20EEF4BA6C72942D3E95052EA2E0757C11CABC42D
normal,1,0,0,idle,0,0,0,0,0,0,0,0,0,0,0,14,0,1,0,0,0,0,0,manor-short:meta:grain;manor-short:meta:timber;manor-short:meta:iron;manor-short:meta:charter;vassal-short:meta:grain;vassal-short:meta:timber;vassal-short:meta:iron;vassal-short:meta:charter,0,0,0,0,0,0,0,0,0,0,0,0,0,0,0,0,,CD2D490778F86ACC180D1E9B15F9CF2EE1673A233FB6B25605398802175E790C,F7B7067CB7656AF297DDA5E20EEF4BA6C72942D3E95052EA2E0757C11CABC42D
normal,1,1,810101,run,1,0,0,27000,0,37,240,0,60,4268,3134,20,3,2,0,1,0,0,1,boss-not-defeated;manor-short:meta:grain;manor-short:meta:timber;manor-short:meta:iron;manor-short:meta:charter;vassal-short:meta:timber;vassal-short:meta:iron,55,137,82,0,7,65,58,0,11,47,36,0,11,23,12,0,1466D981D7E582C6797A9BF7D936982A4821D013E8DA8F0CDFAA38C3DA17C27B,0D9480402C96BE1A574310BC745E63B70F4A234F1C220ABA3B59181ED14DA016,F7B7067CB7656AF297DDA5E20EEF4BA6C72942D3E95052EA2E0757C11CABC42D
normal,1,2,810102,run,1,0,0,27000,0,34,240,0,60,4204,1724,20,3,3,0,1,0,0,1,boss-not-defeated;manor-short:meta:timber;manor-short:meta:iron;vassal-short:meta:timber;vassal-short:meta:iron,101,68,22,0,4,13,16,0,12,13,12,0,17,11,5,0,2A11BD389F22F7A223B75FB7EE499D081EC6B03C37D75EC301EF2C95F90434B3,E0C83BE2F2F11DBEEF091C0FDE8FC21368A7CA951AD546E273C4E0C43920A66F,F7B7067CB7656AF297DDA5E20EEF4BA6C72942D3E95052EA2E0757C11CABC42D
normal,1,3,810103,run,1,0,0,27000,0,44,240,0,60,5612,6098,20,3,3,0,1,0,0,1,boss-not-defeated;manor-short:meta:timber;manor-short:meta:iron;vassal-short:meta:timber,169,68,0,0,21,17,0,0,29,17,0,0,28,11,0,0,7A1370BDE6ACE388CC25D97F707C39D66DEE5F7B730CDE5673E268109E1F6135,61B6799FA5B2545ED84F138C340D3BE01BF1291A61ABF00AEDB45F1CC0101EE0,F7B7067CB7656AF297DDA5E20EEF4BA6C72942D3E95052EA2E0757C11CABC42D
normal,1,4,810104,run,1,0,0,27000,0,35,240,0,60,4280,2416,20,3,3,0,1,0,1,1,boss-not-defeated;manor-short:meta:timber;manor-short:meta:iron;vassal-short:meta:timber,202,68,35,0,10,14,25,0,28,14,15,0,34,11,5,0,B751DA9A64BACFCC2F84D1BB936C46ECC4409A75DE0D1925F99D3BB760C9CB33,2A5829E7150E0E5EF8595C6762CB272C391CADBE57952EBD5C70A63B8EB9CA66,F7B7067CB7656AF297DDA5E20EEF4BA6C72942D3E95052EA2E0757C11CABC42D
normal,1,5,810105,run,1,1,1,27000,1,34,103,0,60,4527,1738,24,5,4,0,2,1,1,1,manor-short:meta:timber;manor-short:meta:iron;vassal-short:meta:timber,308,243,137,0,2,96,104,0,35,75,68,0,51,45,28,0,62444ACBAE1BD7E3C285EFE993517098590BF92BB35F688DEAEF8E7BF19853C2,0879107163E9AB3A02318F7353116616162D83D123A3044A9885EEAFB14767EA,F7B7067CB7656AF297DDA5E20EEF4BA6C72942D3E95052EA2E0757C11CABC42D
normal,1,6,810106,run,2,1,2,27000,1,33,104,0,60,4692,1629,26,6,4,0,2,1,1,2,manor-short:meta:timber;manor-short:meta:iron;vassal-short:meta:timber,458,235,85,0,0,68,70,0,43,58,50,0,80,44,15,0,8B2B2CB44B5DCBF1C3D65B6D15563DE1FB9E1A18506E05AF570988CFEED00DA1,ED90C8A2D283BC110728F8026564F04A7F18C5707BCFA7898900ADAF66DC7080,F7B7067CB7656AF297DDA5E20EEF4BA6C72942D3E95052EA2E0757C11CABC42D
normal,2,0,0,idle,0,0,2,0,0,0,0,0,0,0,0,26,6,4,0,2,1,1,2,manor-short:meta:timber;vassal-short:meta:timber,497,39,0,0,26,26,0,0,56,13,0,0,93,13,0,0,,60CF40B6E6CF353469FD88282E41E189D9DB6EEBA33C06F09C9E2FF07A28B071,F7B7067CB7656AF297DDA5E20EEF4BA6C72942D3E95052EA2E0757C11CABC42D
normal,2,1,810201,run,3,0,2,27000,0,47,260,0,60,7573,7836,26,6,5,0,2,1,1,2,boss-not-defeated;manor-short:meta:timber;manor-short:meta:iron;vassal-short:meta:timber,547,92,42,0,12,18,32,0,50,18,24,0,99,17,11,0,2B053C16E4B7BD55E6509CB052B04D1CAA5A7426E380BBEDE2CA258458B06C9D,1A4FDCF61A7B344331D321451BABE7958D5129D6F2E173240975CEE2D44C42AA,F7B7067CB7656AF297DDA5E20EEF4BA6C72942D3E95052EA2E0757C11CABC42D
normal,2,2,810202,run,3,1,3,27000,1,31,103,0,59,4473,1072,28,7,5,1,2,1,2,2,manor-short:meta:timber;vassal-short:meta:timber,735,268,80,0,15,68,65,0,62,57,45,0,137,53,15,0,A0C9AD4E1CD4A74F9464C37CD03A7F068013DEAEE0BBE06F027876FBC60CBFAB,BC7F7551D1E3EC73A134E96D46A56139FA9C26552C3B2BA23146723BA86309E2,F7B7067CB7656AF297DDA5E20EEF4BA6C72942D3E95052EA2E0757C11CABC42D
normal,2,3,810203,run,4,1,4,27000,1,53,270,0,60,8982,11385,36,11,6,1,3,2,2,2,manor-short:meta:timber;vassal-short:meta:timber,957,454,232,0,29,199,185,0,78,141,125,0,185,102,54,0,D3B85CB344456BFC5A98650BCA2D5025BBB22A917A0FAA2F69AAEE70472043E9,DD8D96A88D7BD48AB2773E577940190EA07ABE32A9C05130D350B78FB4EA36B1,F7B7067CB7656AF297DDA5E20EEF4BA6C72942D3E95052EA2E0757C11CABC42D
normal,2,4,810204,run,5,0,4,27000,0,34,280,0,60,5891,1205,36,11,6,1,3,2,2,2,boss-not-defeated;manor-short:meta:timber;vassal-short:meta:timber,1073,116,0,0,42,13,0,0,91,13,0,0,209,24,0,0,4DBA65F97755B8E97634026C1909F9DDA11BEB7CBA6D0C5E8673DE2023B34C61,8E7A9D93397894A5185413CDB8719A17F6C68F28A1A1EB6C182C301250CB76E8,F7B7067CB7656AF297DDA5E20EEF4BA6C72942D3E95052EA2E0757C11CABC42D
normal,2,5,810205,run,5,0,4,27000,0,31,104,0,50,5135,601,36,11,7,1,3,2,2,2,boss-not-defeated;manor-short:meta:timber;manor-short:meta:iron;vassal-short:meta:timber,1127,116,62,0,6,12,48,0,67,12,36,0,212,20,17,0,2E376AFC35AA044999C87EEAC01402FE02B1B0FF8D16102D8D2515029B70F373,C6B6591B7C3745A512D6BBCC58EE0844DECCDD69E1EE3DED2ADCA5CAC5341E4B,F7B7067CB7656AF297DDA5E20EEF4BA6C72942D3E95052EA2E0757C11CABC42D
normal,2,6,810206,run,5,0,4,27000,0,48,280,0,60,10173,6449,36,11,7,1,3,2,2,2,boss-not-defeated;manor-short:meta:timber;vassal-short:meta:timber,1243,116,0,0,25,19,0,0,86,19,0,0,236,24,0,0,D54D851206EFF02EA6AC71059E6D4A30C366E7617AAB1FF0BF63435879A342C9,22A687EEF6F21DEBAB4A2A3CC89E68939269FA055D99D42DFAA248AD2ECC0799,F7B7067CB7656AF297DDA5E20EEF4BA6C72942D3E95052EA2E0757C11CABC42D
normal,3,0,0,idle,0,0,4,0,0,0,0,0,0,0,0,36,11,7,1,3,2,2,2,manor-short:meta:timber;vassal-short:meta:timber,1285,42,0,0,53,28,0,0,100,14,0,0,250,14,0,0,,E081AE00110315AF79EA5C4FCE6F233E53C8EC34E8713BCE34DF06F038665B16,F7B7067CB7656AF297DDA5E20EEF4BA6C72942D3E95052EA2E0757C11CABC42D
normal,3,1,810301,run,5,0,4,27000,0,32,241,0,21,5579,612,36,11,8,1,3,2,2,2,boss-not-defeated;manor-short:meta:timber;manor-short:meta:iron;vassal-short:meta:timber,1329,116,72,0,9,12,56,0,70,12,42,0,238,8,20,0,B864AFA8ADF85336F4CBD66E1960EC45E48055A6B99864B595CBBB346A0352DB,ED3EE188FA9871EA245CA86171CE0BAA4EBFB27CD58955707FF2D348E76CD1D9,F7B7067CB7656AF297DDA5E20EEF4BA6C72942D3E95052EA2E0757C11CABC42D
normal,3,2,810302,run,5,1,5,27000,1,32,103,0,53,5515,492,36,11,8,1,3,2,2,2,manor-short:meta:timber;vassal-short:meta:timber,1619,290,0,0,51,42,0,0,112,42,0,0,296,58,0,0,4DB7067A074914B0921E6DDEB2F1D768CF6C970C02075341DD9308345E2938C7,396C59ECE0FFCC4C4CC72395A51D9080024B7675F64FE00C8BEF4CC0FD902001,F7B7067CB7656AF297DDA5E20EEF4BA6C72942D3E95052EA2E0757C11CABC42D
normal,3,3,810303,run,6,0,5,27000,0,31,103,0,4,5953,287,36,11,8,1,3,2,2,2,boss-not-defeated;manor-short:meta:timber;vassal-short:meta:timber,1747,128,0,0,63,12,0,0,124,12,0,0,297,1,0,0,ACCF5D6D7E2542B381CE074F341577F97AD5E33655B003DE555D63E26B68A461,0E12B85283639322345BCEE29E5F631125D5E09EBB92F3F2388CE6CF027EB914,F7B7067CB7656AF297DDA5E20EEF4BA6C72942D3E95052EA2E0757C11CABC42D
normal,3,4,810304,run,6,0,5,27000,0,49,290,0,60,10483,8014,36,11,9,1,3,2,2,2,boss-not-defeated;manor-short:meta:timber;vassal-short:meta:timber,1793,128,82,0,18,19,64,0,95,19,48,0,298,24,23,0,DCA00AFE16F004F8D7F0C0E584777D23CF20ED26F86C6FCB93FEF32A218D86E5,BA3A42D1CF93C71DF8438EDADD235889079D0C068F6B7F1C77DFE221EBA964F9,F7B7067CB7656AF297DDA5E20EEF4BA6C72942D3E95052EA2E0757C11CABC42D
normal,3,5,810305,run,6,1,6,27000,1,50,290,0,58,10658,8308,36,11,10,1,3,2,2,2,manor-short:meta:timber;vassal-short:meta:timber,2021,320,92,0,6,60,72,0,101,60,54,0,335,63,26,0,3F7CA914D08C2A2B6386F4727213B05E9AE1962453CAF5938D23865F35A784AF,80226AE1C81192813665A8E430D5C6E2BB82EE7A8D686B48DC50FC8AF0411697,F7B7067CB7656AF297DDA5E20EEF4BA6C72942D3E95052EA2E0757C11CABC42D
normal,3,6,810306,run,7,0,6,594,0,3,20,0,9,16,2,36,11,10,1,3,2,2,2,survival;manor-short:meta:timber;vassal-short:meta:timber,2021,0,0,0,6,0,0,0,101,0,0,0,335,0,0,0,6AEF5CF5AD258F9238799DA8A48A8E2396CCC658A3BE02884303327D7DB512DB,68A1F9267A503CFED8D5D6B016972726E7B6361BA135344438BCC66800196718,F7B7067CB7656AF297DDA5E20EEF4BA6C72942D3E95052EA2E0757C11CABC42D
normal,4,0,0,idle,0,0,6,0,0,0,0,0,0,0,0,36,11,10,1,3,2,2,2,manor-short:meta:timber;vassal-short:meta:timber,2063,42,0,0,34,28,0,0,115,14,0,0,349,14,0,0,,63E983E7C8EB7E05AEB5526FFA83C8944E2F50284382A1ECFEDB23C817040DFA,F7B7067CB7656AF297DDA5E20EEF4BA6C72942D3E95052EA2E0757C11CABC42D
normal,4,1,810401,run,7,0,6,638,0,4,22,0,9,23,2,36,11,10,1,3,2,2,2,survival;manor-short:meta:timber;vassal-short:meta:timber,2063,0,0,0,34,0,0,0,115,0,0,0,349,0,0,0,9B30437689F5C62CA2D0FE59D53BF4243228F6CF964883FC82D855B0CAEB7862,A15A0682BEBC7BCEAFF5792A8F2F62BA7FCA73FC78632660688649625457EA9E,F7B7067CB7656AF297DDA5E20EEF4BA6C72942D3E95052EA2E0757C11CABC42D
normal,4,2,810402,run,7,1,7,27000,1,39,103,0,60,7507,2262,36,11,11,1,3,2,2,2,manor-short:meta:timber;vassal-short:meta:timber,2311,350,102,0,3,49,80,0,104,49,60,0,385,65,29,0,C2666F941DE6A2D1E9EE35D7BF5F7CBAC09C2E3A2AFDAB115C1EB49028667384,10932AB160580B71FC5F4EC98E6BBBBA83AEDBA7A5BB48F0FAEA6A70239675C2,F7B7067CB7656AF297DDA5E20EEF4BA6C72942D3E95052EA2E0757C11CABC42D
normal,4,3,810403,run,8,1,8,27000,1,33,103,0,1,6902,184,36,11,11,2,3,2,2,2,manor-short:meta:timber;vassal-short:meta:timber,2641,330,0,0,46,43,0,0,147,43,0,0,391,6,0,0,23D4FB9195CAA8E09DCDD00703A114352B92BB300F60EBC3E18F12FF082C3051,E4316EC94CE031D60A27C787D3CD6ED667F8B5F08FB387432BC56464D24C551A,F7B7067CB7656AF297DDA5E20EEF4BA6C72942D3E95052EA2E0757C11CABC42D
normal,4,4,810404,run,9,0,8,4494,0,12,103,0,27,315,46,36,11,11,2,3,2,2,2,survival;manor-short:meta:timber;vassal-short:meta:timber,2705,64,0,0,50,4,0,0,151,4,0,0,401,10,0,0,53DDE39035EDCA1B91A931A1CFC42411B37C8709666D683EA39D68B0386CC8AF,912E10F1750C5A66EF9E6F8336DED7ACC4C914283EC31F8B8E9505760403F757,F7B7067CB7656AF297DDA5E20EEF4BA6C72942D3E95052EA2E0757C11CABC42D
normal,4,5,810405,run,9,0,8,595,0,3,20,0,9,15,2,36,11,11,2,3,2,2,2,survival;manor-short:meta:timber;vassal-short:meta:timber,2705,0,0,0,50,0,0,0,151,0,0,0,401,0,0,0,81ED6F8DBB8EBF770BF717E4B343B2E2D0551E804FE6F8AB5A3CA51FE93302E2,FBCC378C56FFE9E710DA0A47FAD64FBA0D0AED2A91471410BC860DF79031A902,F7B7067CB7656AF297DDA5E20EEF4BA6C72942D3E95052EA2E0757C11CABC42D
normal,4,6,810406,run,9,0,8,541,0,3,19,0,9,8,2,36,11,11,2,3,2,2,2,survival;manor-short:meta:timber;vassal-short:meta:timber,2705,0,0,0,50,0,0,0,151,0,0,0,401,0,0,0,336A443BB519C99784D3F52C58BC1DCDD382C7A771D4723F5DE55866CF7AA20B,E83AF537B6F0B46743EDB181646ADF77DCB0FC55E43999FB9FB50826211D53C0,F7B7067CB7656AF297DDA5E20EEF4BA6C72942D3E95052EA2E0757C11CABC42D
normal,5,0,0,idle,0,0,8,0,0,0,0,0,0,0,0,36,11,11,2,3,2,2,2,manor-short:meta:timber;vassal-short:meta:timber,2747,42,0,0,78,28,0,0,165,14,0,0,415,14,0,0,,4A93D22C290D2036DE474D7D7892A60ACD1B5F9F6F18B19C1399FC2D6B4F4118,F7B7067CB7656AF297DDA5E20EEF4BA6C72942D3E95052EA2E0757C11CABC42D
normal,5,1,810501,run,9,0,8,1081,0,6,37,0,21,51,4,36,11,11,2,3,2,2,2,survival;manor-short:meta:timber;vassal-short:meta:timber,2747,0,0,0,78,0,0,0,165,0,0,0,415,0,0,0,1C4D28033C9C1B6C2AC7D1797EAEF7EBC36A21B21494ABB82662A56368DFCE19,E31195868F3EF77234BB392DFBDAB7D8DAA02F594ADDFF659EE0A7781C288F11,F7B7067CB7656AF297DDA5E20EEF4BA6C72942D3E95052EA2E0757C11CABC42D
normal,5,2,810502,run,9,0,8,27000,0,33,104,0,1,7248,174,36,11,11,2,3,2,2,2,boss-not-defeated;manor-short:meta:timber,2871,124,0,0,91,13,0,0,178,13,0,0,415,0,0,0,44668E53AC9F58EB42D59475FD4044448F3CCAC60FCB150EF518A93D1745AD66,DC11EEBDC161B8DD02ACE2A8BDA318168EBEAC3B961CD318FDCF8D332F2AF621,F7B7067CB7656AF297DDA5E20EEF4BA6C72942D3E95052EA2E0757C11CABC42D
normal,5,3,810503,run,9,0,8,566,0,3,19,0,9,15,2,36,11,11,2,3,2,2,2,survival;manor-short:meta:timber,2871,0,0,0,91,0,0,0,178,0,0,0,415,0,0,0,F587EEAD1B6F870466CD5F63A9A9CE911E4FF63487BCEBAC35B11E58FDBD79B4,3A52C3FD8598D2093CA254F106280A33BCFCD241C4A4B4C7941F5BA28CC1B2EF,F7B7067CB7656AF297DDA5E20EEF4BA6C72942D3E95052EA2E0757C11CABC42D
normal,5,4,810504,run,9,0,8,564,0,3,19,0,9,15,2,36,11,11,2,3,2,2,2,survival;manor-short:meta:timber,2871,0,0,0,91,0,0,0,178,0,0,0,415,0,0,0,0BB33FDA9FE00AA0E449831D456C69B8C03683FA0E8D4E21C8CF3D7DB7F5A4A0,FA8CDA6FC390866F1A52F0132D64A51437EF9104C7540A92CAE6A0F83AE64AEE,F7B7067CB7656AF297DDA5E20EEF4BA6C72942D3E95052EA2E0757C11CABC42D
normal,5,5,810505,run,9,0,8,699,0,5,24,0,9,32,2,36,11,11,2,3,2,2,2,survival;manor-short:meta:timber,2871,0,0,0,91,0,0,0,178,0,0,0,415,0,0,0,3FB40728D0C0EFF3046CBE2F87BC2F2ED81C1447664DE8BC9A9BE5D4093DD8DC,9F84A6C1A3792A2DCBE06122752784C3A9D345D56F7B32EA5CCDDA3221DCD527,F7B7067CB7656AF297DDA5E20EEF4BA6C72942D3E95052EA2E0757C11CABC42D
normal,5,6,810506,run,9,0,8,659,0,4,22,0,9,24,2,36,11,11,2,3,2,2,2,survival;manor-short:meta:timber,2871,0,0,0,91,0,0,0,178,0,0,0,415,0,0,0,50B905FCC652444EB75779BB4B570358042DC07AD105977855F3A91A5FB0710B,691AF620973F03154664645536597EFEE893DFE0271F2653AA04C9AAD05FC464,F7B7067CB7656AF297DDA5E20EEF4BA6C72942D3E95052EA2E0757C11CABC42D
normal,6,0,0,idle,0,0,8,0,0,0,0,0,0,0,0,36,11,11,2,4,2,2,2,manor-short:meta:timber;vassal-short:meta:timber,2773,42,140,0,4,28,115,0,117,14,75,0,394,14,35,0,,00A9773262FD2C6C2959CB420EA3B0DAD9CC93B0E0DCAD99C209ED26B31BA794,F7B7067CB7656AF297DDA5E20EEF4BA6C72942D3E95052EA2E0757C11CABC42D
normal,6,1,810601,run,9,0,8,627,0,4,21,0,12,25,2,36,11,11,2,4,2,2,2,survival;manor-short:meta:timber;vassal-short:meta:timber,2773,0,0,0,4,0,0,0,117,0,0,0,394,0,0,0,032F13CC42CE955A8C4A928609107F4A8F8283B910C48D9033329B9D872B7844,8B5881B0DEB86411062A24822F9E0DC45B161695CE614EEFE7AF3B08484C5AF9,F7B7067CB7656AF297DDA5E20EEF4BA6C72942D3E95052EA2E0757C11CABC42D
normal,6,2,810602,run,9,0,8,27000,0,56,320,0,60,15044,11999,36,11,11,2,4,2,2,2,boss-not-defeated;manor-short:meta:timber;vassal-short:meta:timber,2937,164,0,0,26,22,0,0,139,22,0,0,418,24,0,0,7C317E1F2EEE5F9643EF22C22FDB3892EA05F29B3B0E759273D1C4A7DE813E97,E013B8494CCBCA2D8B0D02055BB778ABB87E651DB913060FD57B0A20899B9728,F7B7067CB7656AF297DDA5E20EEF4BA6C72942D3E95052EA2E0757C11CABC42D
normal,6,3,810603,run,9,0,8,646,0,4,22,0,9,24,2,36,11,11,2,4,2,2,2,survival;manor-short:meta:timber;vassal-short:meta:timber,2937,0,0,0,26,0,0,0,139,0,0,0,418,0,0,0,2EC847FF333AADBBAE14A8674A417C57ABD106BE79101CA559967C391C1A07A4,191074101848161FB239949D20CF447D1B25885A597A9FAD327F8B5DB844ACC5,F7B7067CB7656AF297DDA5E20EEF4BA6C72942D3E95052EA2E0757C11CABC42D
normal,6,4,810604,run,9,0,8,634,0,4,22,0,9,29,2,36,11,11,2,4,2,2,2,survival;manor-short:meta:timber;vassal-short:meta:timber,2937,0,0,0,26,0,0,0,139,0,0,0,418,0,0,0,0B71DCB285F3332B8B659A9E1B40ADEF5CA7DAE2F7F32C771039209D41017737,F3912DF67FC46B6CED8C0B1AA30F1150C47FCF75E2177758F870AB520B6A3724,F7B7067CB7656AF297DDA5E20EEF4BA6C72942D3E95052EA2E0757C11CABC42D
normal,6,5,810605,run,9,0,8,27000,0,33,104,0,8,7186,246,36,11,11,2,4,2,2,2,boss-not-defeated;manor-short:meta:timber;vassal-short:meta:timber,3090,153,0,0,39,13,0,0,152,13,0,0,421,3,0,0,2254AF0AE6785EB5C845792C1D81ADAF4DDBFE90C87E8C341AFA0E4A00FC4850,7D0AD632CFD7084AA6BE9A91554F880693FC68727C0AC6E7C25D8EE0BFE64775,F7B7067CB7656AF297DDA5E20EEF4BA6C72942D3E95052EA2E0757C11CABC42D
normal,6,6,810606,run,9,0,8,557,0,3,19,0,9,12,2,36,11,11,2,4,2,2,2,survival;manor-short:meta:timber;vassal-short:meta:timber,3090,0,0,0,39,0,0,0,152,0,0,0,421,0,0,0,07CDE8C6204C5C030BE36F23613C627DA7F1ECD27CA00788189C0B8A8348F144,FCA9C6EFE3715483E964892E8A9ECF2DC169884F6AFDDED56624586B58AA8909,F7B7067CB7656AF297DDA5E20EEF4BA6C72942D3E95052EA2E0757C11CABC42D
normal,7,0,0,idle,0,0,8,0,0,0,0,0,0,0,0,36,11,11,2,4,2,2,2,manor-short:meta:timber;vassal-short:meta:timber,3132,42,0,0,67,28,0,0,166,14,0,0,435,14,0,0,,921A252479F7E3E75837E79BF669A788F0BA1306EB42C28F8EE84C56988F7CA1,F7B7067CB7656AF297DDA5E20EEF4BA6C72942D3E95052EA2E0757C11CABC42D
normal,7,1,810701,run,9,0,8,701,0,4,24,0,9,31,2,36,11,11,2,4,2,2,2,survival;manor-short:meta:timber;vassal-short:meta:timber,3132,0,0,0,67,0,0,0,166,0,0,0,435,0,0,0,AE7A90216ECEFDAE95EA31FED6F0C37A60E1D3B65248C7AE16DC9756341B7B95,9D52D2F5093AD2CF83136DBDA0948C135EA646B52FCBE1C2EEA9C959F594905D,F7B7067CB7656AF297DDA5E20EEF4BA6C72942D3E95052EA2E0757C11CABC42D
normal,7,2,810702,run,9,0,8,768,0,5,26,0,10,38,2,36,11,11,2,4,2,2,2,survival;manor-short:meta:timber;vassal-short:meta:timber,3132,0,0,0,67,0,0,0,166,0,0,0,435,0,0,0,D81FADD50A21042A27C00127B520F565FA209295062FB3E9DE3CE5B977C35438,325913FD3B11F700DBAB5C374DFDB757856EF193936703AA5AC77A511A0CA82C,F7B7067CB7656AF297DDA5E20EEF4BA6C72942D3E95052EA2E0757C11CABC42D
normal,7,3,810703,run,9,0,8,27000,0,34,134,0,30,7396,456,36,11,11,2,4,2,2,2,boss-not-defeated;manor-short:meta:timber;vassal-short:meta:timber,3296,164,0,0,80,13,0,0,179,13,0,0,447,12,0,0,5D158824AC7B8E7CDDBFE09A8E040F88BB87A0E47F28148DDBAEEE2CD0E2FF9C,E6FDC7366D5B83C2B526852D7E7226AD51CA3A17B6C67546C98EADC5ED073A2A,F7B7067CB7656AF297DDA5E20EEF4BA6C72942D3E95052EA2E0757C11CABC42D
normal,7,4,810704,run,9,0,8,564,0,3,19,0,9,11,2,36,11,11,2,4,2,2,2,survival;manor-short:meta:timber;vassal-short:meta:timber,3296,0,0,0,80,0,0,0,179,0,0,0,447,0,0,0,53CE314C3720193EFC58C6AAD90AE1218B3572E8414C3B3130280A247FCB0517,2BD3830806D91E94C099499D15CE3D9DD8769B8A7456EE898BF124C15A13A33B,F7B7067CB7656AF297DDA5E20EEF4BA6C72942D3E95052EA2E0757C11CABC42D
normal,7,5,810705,run,9,0,8,570,0,3,19,0,9,11,2,36,11,11,2,4,2,2,2,survival;manor-short:meta:timber;vassal-short:meta:timber,3296,0,0,0,80,0,0,0,179,0,0,0,447,0,0,0,56C38DDEB37CB9C3C4A465AFAE9FEBD137BE72CF378A264107488B747DEEB6B6,1794BBA7AE8F3B2B483336A63E4EE09A7DB672CD52154DB81AD6F64553141504,F7B7067CB7656AF297DDA5E20EEF4BA6C72942D3E95052EA2E0757C11CABC42D
normal,7,6,810706,run,9,0,8,559,0,3,19,0,9,16,2,36,11,11,2,4,2,2,2,survival;manor-short:meta:timber;vassal-short:meta:timber,3296,0,0,0,80,0,0,0,179,0,0,0,447,0,0,0,3EE6FAD520919A17D053644D0219863DA5E8C1E0C370B38BFC35FEE6748C7D46,1814E313472DBC9E2944A4CD63391616DE3332FBC808FF8958BC0299A4F991CB,F7B7067CB7656AF297DDA5E20EEF4BA6C72942D3E95052EA2E0757C11CABC42D
normal,8,0,0,idle,0,0,8,0,0,0,0,0,0,0,0,36,11,11,2,4,2,3,2,manor-short:meta:timber;vassal-short:meta:timber,3213,42,125,0,3,28,105,0,118,14,75,0,436,14,25,0,,79AC56A2BD728A63D81B543AFBB0D7FEE83F67164392F0599F0C1F638832529A,F7B7067CB7656AF297DDA5E20EEF4BA6C72942D3E95052EA2E0757C11CABC42D
normal,8,1,810801,run,9,0,8,520,0,3,18,0,8,11,2,36,11,11,2,4,2,3,2,survival;manor-short:meta:timber;vassal-short:meta:timber,3213,0,0,0,3,0,0,0,118,0,0,0,436,0,0,0,FDA2116026E08825069651A59AB255D5358625443A691F861F30B1D12B2E9C6F,AA765A769D8723CA09FA36004A66C7571D87DF4977548A6C2ED4CD4584B3782E,F7B7067CB7656AF297DDA5E20EEF4BA6C72942D3E95052EA2E0757C11CABC42D
normal,8,2,810802,run,9,0,8,586,0,3,20,0,9,14,2,36,11,11,2,4,2,3,2,survival;manor-short:meta:timber;vassal-short:meta:timber,3213,0,0,0,3,0,0,0,118,0,0,0,436,0,0,0,22E7111BF4A8416612D6DE859AB620E0E0F8FC9A68BD73EB6D6030F69D832EA9,4FBD2D1B7DEEBCEB588FD0B8812E4BB739B6D3DB743E1A19CAEE7FF4A937797F,F7B7067CB7656AF297DDA5E20EEF4BA6C72942D3E95052EA2E0757C11CABC42D
normal,8,3,810803,run,9,0,8,27000,0,35,320,0,28,6311,1620,36,11,11,2,4,2,3,2,boss-not-defeated;manor-short:meta:timber;vassal-short:meta:timber,3377,164,0,0,17,14,0,0,132,14,0,0,447,11,0,0,AB98BC582D25BB1D6DE1AE9561B7EEBE5AE001B250CCC82B68A26549929F3111,9EB5FE1D3F027F9D079BAC687F44CD2E20672DA506F3CE12CD569DBEEAED5695,F7B7067CB7656AF297DDA5E20EEF4BA6C72942D3E95052EA2E0757C11CABC42D
normal,8,4,810804,run,9,0,8,557,0,3,19,0,9,12,2,36,11,11,2,4,2,3,2,survival;manor-short:meta:timber;vassal-short:meta:timber,3377,0,0,0,17,0,0,0,132,0,0,0,447,0,0,0,AB95BFABE4A18D86DBB83BA75973DF3AC950871BE1C7562DE64A7C44EDB4FB48,BA9B8EBAFA7D2EFD99A1172264F66819BF474E66CCECA0305136303B13DCEBC2,F7B7067CB7656AF297DDA5E20EEF4BA6C72942D3E95052EA2E0757C11CABC42D
normal,8,5,810805,run,9,0,8,27000,0,36,320,0,60,7789,910,36,11,11,2,4,2,3,2,boss-not-defeated;manor-short:meta:timber;vassal-short:meta:timber,3541,164,0,0,31,14,0,0,146,14,0,0,471,24,0,0,3B1F38CC65058FAFCD1FC338241C271E1057CC3849A2B5F4DB99239DC625F450,C6BD3694961B7D9E539BC5DD90ECF809639FE2CC6B06F7A303FD36FBC358511F,F7B7067CB7656AF297DDA5E20EEF4BA6C72942D3E95052EA2E0757C11CABC42D
normal,8,6,810806,run,9,0,8,552,0,3,19,0,9,11,2,36,11,11,2,4,2,3,2,survival;manor-short:meta:timber;vassal-short:meta:timber,3541,0,0,0,31,0,0,0,146,0,0,0,471,0,0,0,A0108D33AFA09FC568DDCF520914D3E10F8A4C31EADB1922554A1C8FE9E5FED8,36C5D87AA9CC42938D594BDDFEDFC5EC8A0A0954EF4EA62EF906FC700CC0D1A5,F7B7067CB7656AF297DDA5E20EEF4BA6C72942D3E95052EA2E0757C11CABC42D
normal,9,0,0,idle,0,0,8,0,0,0,0,0,0,0,0,36,11,11,2,4,2,3,2,manor-short:meta:timber;vassal-short:meta:timber,3586,45,0,0,61,30,0,0,161,15,0,0,486,15,0,0,,8D48E2DCF4AEF0CBCF139E284A317865D5779937AD5D92649DF2123A3C0A766E,F7B7067CB7656AF297DDA5E20EEF4BA6C72942D3E95052EA2E0757C11CABC42D
normal,9,1,810901,run,9,0,8,27000,0,42,320,0,1,9773,2766,36,11,11,2,4,2,3,2,boss-not-defeated;manor-short:meta:timber;vassal-short:meta:timber,3750,164,0,0,77,16,0,0,177,16,0,0,486,0,0,0,AF7B9A0ACA940C5F43D5BB77315DBB4A96D92BAB120E1E8E5A105C7ADF7C2CBE,B54CDB7796320116C1546599F98B7384D74B40609B78043D1EE7ECEF04A54B61,F7B7067CB7656AF297DDA5E20EEF4BA6C72942D3E95052EA2E0757C11CABC42D
normal,9,2,810902,run,9,0,8,551,0,3,19,0,9,13,2,36,11,11,2,4,2,3,2,survival;manor-short:meta:timber;vassal-short:meta:timber,3750,0,0,0,77,0,0,0,177,0,0,0,486,0,0,0,97D9E203C2C82482F225A6585DBF7BAF8FD13A9ACC8CC64F1EB7C09C6EE1F21F,F84CADF4C2615E90DE6E039729E59CC82FBF8FFE724AE43766E82CE868167CDC,F7B7067CB7656AF297DDA5E20EEF4BA6C72942D3E95052EA2E0757C11CABC42D
normal,9,3,810903,run,9,0,8,27000,0,33,103,0,27,7247,276,36,11,12,2,4,2,3,2,boss-not-defeated;manor-short:meta:timber;vassal-short:meta:timber,3802,164,112,0,2,13,88,0,124,13,66,0,464,10,32,0,5EF8A891B8AA907FF06E9FC247953AFC090A2FE937F1589F0DA45EC2E8385683,EB3BD77F3BD659D05BE46AD4B691CDF48617F2CF015806B1A4AD263E21037B00,F7B7067CB7656AF297DDA5E20EEF4BA6C72942D3E95052EA2E0757C11CABC42D
normal,9,4,810904,run,9,0,8,567,0,3,19,0,9,14,2,36,11,12,2,4,2,3,2,survival;manor-short:meta:timber;vassal-short:meta:timber,3802,0,0,0,2,0,0,0,124,0,0,0,464,0,0,0,5B3CB55C4C2BD239957EDAFBB9C5A85AFC54D03ECF0B32E56FBDE24382C00E60,82DCB8146FF08C29A4959A21AC797809B5F378B2539D586D9003C0056EE3E336,F7B7067CB7656AF297DDA5E20EEF4BA6C72942D3E95052EA2E0757C11CABC42D
normal,9,5,810905,run,9,0,8,27000,0,35,103,0,14,7581,553,36,11,12,2,4,2,3,2,boss-not-defeated;manor-short:meta:timber;vassal-short:meta:timber,3966,164,0,0,16,14,0,0,138,14,0,0,469,5,0,0,C5DB290802B298860DA1F887927292F4D042CAE9444559C82A8C627030D18D1A,84BF33D36F2E3BF143A7BC38A8B3DF83D47AA32CBDD4689044D149345B4F9D18,F7B7067CB7656AF297DDA5E20EEF4BA6C72942D3E95052EA2E0757C11CABC42D
normal,9,6,810906,run,9,0,8,573,0,3,20,0,9,12,2,36,11,12,2,4,2,3,2,survival;manor-short:meta:timber;vassal-short:meta:timber,3966,0,0,0,16,0,0,0,138,0,0,0,469,0,0,0,DB75B37CF7A31451435B2FF85BF8D474F71AD038B5676F7BEF444D1AD8413C25,8248F4BD683CE02F87307EC31555FEFD5845EEA1CDE146389FC9FA676A9212C6,F7B7067CB7656AF297DDA5E20EEF4BA6C72942D3E95052EA2E0757C11CABC42D
normal,10,0,0,idle,0,0,8,0,0,0,0,0,0,0,0,36,11,12,2,4,2,3,2,manor-short:meta:timber;vassal-short:meta:timber,4011,45,0,0,46,30,0,0,153,15,0,0,484,15,0,0,,6612FD2475DFF956563B486903412619776D3C413F0AC7E802B30C8934938ED8,F7B7067CB7656AF297DDA5E20EEF4BA6C72942D3E95052EA2E0757C11CABC42D
normal,10,1,811001,run,9,0,8,561,0,3,19,0,9,14,2,36,11,12,2,4,2,3,2,survival;manor-short:meta:timber;vassal-short:meta:timber,4011,0,0,0,46,0,0,0,153,0,0,0,484,0,0,0,4F9B4ACCB1E72B49C26FA4C3FA014FC3C8F4BFE9D0FF99B1534C64BA8991CB14,03D87254CC5C93C282A1D73E854C750DDDD185CBFED93F5ABA59D3BBD47A4008,F7B7067CB7656AF297DDA5E20EEF4BA6C72942D3E95052EA2E0757C11CABC42D
normal,10,2,811002,run,9,0,8,553,0,3,19,0,9,8,2,36,11,12,2,4,2,3,2,survival;manor-short:meta:timber;vassal-short:meta:timber,4011,0,0,0,46,0,0,0,153,0,0,0,484,0,0,0,0A50A593C95BB31BAC60DB80342F6091EAAE6D9C41C3671BD960DF63E8DC89F3,C8FD030C0F3734684CCFCC92451616DDF59C3F9BCA8CB36406E9C881F519A986,F7B7067CB7656AF297DDA5E20EEF4BA6C72942D3E95052EA2E0757C11CABC42D
normal,10,3,811003,run,9,0,8,546,0,3,19,0,9,14,2,36,11,12,2,4,2,3,2,survival;manor-short:meta:timber;vassal-short:meta:timber,4011,0,0,0,46,0,0,0,153,0,0,0,484,0,0,0,4F01C828C21DB2DF678ED96839B85918A8E7F8C21E69832B1F51067179829EDD,F847365DFFD6818F74BDA1CC3A87897F50118A265A241399DB917641968C09DC,F7B7067CB7656AF297DDA5E20EEF4BA6C72942D3E95052EA2E0757C11CABC42D
normal,10,4,811004,run,9,0,8,27000,0,45,320,0,60,9318,5315,36,11,12,2,4,2,3,2,boss-not-defeated;manor-short:meta:timber;vassal-short:meta:timber,4175,164,0,0,64,18,0,0,171,18,0,0,508,24,0,0,2A5CB9C106D61D987E3AD8204E752C6EE15F4D4BEA5D1D2FA1B3727A5F0F6DED,4B04F19D551878217A13110EE9749EFF0BEB6F896AAC0011C618E364519BA3C7,F7B7067CB7656AF297DDA5E20EEF4BA6C72942D3E95052EA2E0757C11CABC42D
normal,10,5,811005,run,9,0,8,559,0,3,19,0,9,12,2,36,11,12,2,4,2,3,2,survival;manor-short:meta:timber;vassal-short:meta:timber,4175,0,0,0,64,0,0,0,171,0,0,0,508,0,0,0,007E06F95374DF8451E45E4FB92C2F8A385DA067BB3800761E1A24CDFE291CF4,79EF3F3CC9B638BA9B8645F981879EF1A5E0AAD89BF562B5210825F0679DCFBD,F7B7067CB7656AF297DDA5E20EEF4BA6C72942D3E95052EA2E0757C11CABC42D
normal,10,6,811006,run,9,0,8,1940,0,8,65,0,16,101,28,36,11,12,2,4,2,3,2,survival;manor-short:meta:timber;vassal-short:meta:timber,4215,40,0,0,67,3,0,0,174,3,0,0,514,6,0,0,051AFD6F109CE598944BC18FEBDCF555B21139392C6842E6040E94C813B8217F,93A4AFA58ACC237B63CF80D2B8D34700EA048EF68969C7DD5B50688EF54A316F,F7B7067CB7656AF297DDA5E20EEF4BA6C72942D3E95052EA2E0757C11CABC42D
normal,11,0,0,idle,0,0,8,0,0,0,0,0,0,0,0,40,14,12,2,4,3,3,3,manor-short:meta:timber;vassal-short:meta:timber,4193,228,250,0,14,157,210,0,110,86,150,0,529,65,50,0,,42B031A2380B4D59F6D3E039ACC32042AA7A4E7D19EFE896DD83A93894F062BB,F7B7067CB7656AF297DDA5E20EEF4BA6C72942D3E95052EA2E0757C11CABC42D
normal,11,1,811101,run,9,0,8,560,0,3,19,0,9,11,2,40,14,12,2,4,3,3,3,survival;manor-short:meta:timber;vassal-short:meta:timber,4193,0,0,0,14,0,0,0,110,0,0,0,529,0,0,0,11B8E64DCC457A6F57F04CA3E32C8AA95214422F8CCB0C7CB6D1BE4390FB39C9,357368810D1638A53228CED7CE6D5F5BD2B19CF716B2D371D597A4885B9A0079,F7B7067CB7656AF297DDA5E20EEF4BA6C72942D3E95052EA2E0757C11CABC42D
normal,11,2,811102,run,9,0,8,27000,0,41,320,0,16,10223,2175,40,14,12,2,4,3,3,3,boss-not-defeated;manor-short:meta:timber;vassal-short:meta:timber,4357,164,0,0,30,16,0,0,126,16,0,0,535,6,0,0,3094E30C6ABEB06B5F7DF06E83A18A8DAB710388CFF3D6EDA389A293EE68C4F2,E39786673EC951A457CCE906FC6A3E59A2B81BF878EAE699C830E950D8FD60D7,F7B7067CB7656AF297DDA5E20EEF4BA6C72942D3E95052EA2E0757C11CABC42D
normal,11,3,811103,run,9,0,8,582,0,4,20,0,11,18,2,40,14,12,2,4,3,3,3,survival;manor-short:meta:timber;vassal-short:meta:timber,4357,0,0,0,30,0,0,0,126,0,0,0,535,0,0,0,E1D601231F11C330BF6EE69E01C9E98D9F9D326FFB43C411F3B6AD85C4C5250E,CCB7D1D79711C2EB11CAA3953F1F61604466129C6F76E7AEB5F08CF5C678CBF5,F7B7067CB7656AF297DDA5E20EEF4BA6C72942D3E95052EA2E0757C11CABC42D
normal,11,4,811104,run,9,0,8,27000,0,53,320,0,60,15195,8661,40,14,12,2,4,3,3,3,boss-not-defeated;manor-short:meta:timber;vassal-short:meta:timber,4521,164,0,0,51,21,0,0,147,21,0,0,559,24,0,0,D7F37A696A004E8D5B4CC55324BA738029727B9782F8706CE594DEBEF1F5AB86,67A0AC6AA5A6BA4B31B7C11AEEBB9CFFEB68DCE78A5B85F991BBA67C95290893,F7B7067CB7656AF297DDA5E20EEF4BA6C72942D3E95052EA2E0757C11CABC42D
normal,11,5,811105,run,9,0,8,27000,0,34,158,0,3,7394,420,40,14,12,2,4,3,3,3,boss-not-defeated;manor-short:meta:timber;vassal-short:meta:timber,4685,164,0,0,64,13,0,0,160,13,0,0,560,1,0,0,B047310E920F6FAEC4A8201D77061699F20778CF636D9CBC6E4577D332FBEC41,039717C534D2A2E16131544A6F302307195BB4B3E6B04EB160F056102BFC4DFC,F7B7067CB7656AF297DDA5E20EEF4BA6C72942D3E95052EA2E0757C11CABC42D
normal,11,6,811106,run,9,1,9,27000,1,41,320,0,60,10851,2210,40,14,13,2,4,3,3,3,manor-short:meta:timber;vassal-short:meta:timber,4973,410,122,0,19,51,96,0,139,51,72,0,590,65,35,0,F42DAD3EB432FABAA0AA5E2C876A015FBFB62C69DE07B95E62D9F6519B35C82D,E813023054EF1F4CBEB445DAD55A4FA315A8EF0772F15D99A7DA07B09EE4BBA5,F7B7067CB7656AF297DDA5E20EEF4BA6C72942D3E95052EA2E0757C11CABC42D
normal,12,0,0,idle,0,0,9,0,0,0,0,0,0,0,0,40,14,13,2,4,3,3,3,manor-short:meta:timber;vassal-short:meta:timber,5018,45,0,0,49,30,0,0,154,15,0,0,605,15,0,0,,3943C920F9B3D20D63E1DD7C584E455A3E2DD7CDBB6A449E4D3CAA948A44DD79,F7B7067CB7656AF297DDA5E20EEF4BA6C72942D3E95052EA2E0757C11CABC42D
normal,12,1,811201,run,10,0,9,27000,0,48,330,0,60,13626,4250,40,14,13,2,4,3,3,3,boss-not-defeated;manor-short:meta:timber;vassal-short:meta:timber,5194,176,0,0,68,19,0,0,173,19,0,0,629,24,0,0,708FE20806C095D81D9814C0BE83C6C5D0951FDE5B8B344FB41DF2D1DC813EAF,5B18F5F312AD49FC33C6422EBA3771F918FB9D15A7CA34537EF54DF1DC977FD3,F7B7067CB7656AF297DDA5E20EEF4BA6C72942D3E95052EA2E0757C11CABC42D
normal,12,2,811202,run,10,0,9,513,0,3,18,0,8,10,2,40,14,13,2,4,3,3,3,survival;manor-short:meta:timber;vassal-short:meta:timber,5194,0,0,0,68,0,0,0,173,0,0,0,629,0,0,0,11628BB4443EE31DF2549136CEA4D454D65FD274D85969C80AA89BB31A60330D,E77F18015D177F9232945EB40E70B1288304F51B3BB76E1D5217034FB11F921F,F7B7067CB7656AF297DDA5E20EEF4BA6C72942D3E95052EA2E0757C11CABC42D
normal,12,3,811203,run,10,0,9,450,0,2,15,0,8,7,1,40,14,13,2,4,3,3,3,survival;manor-short:meta:timber;vassal-short:meta:timber,5194,0,0,0,68,0,0,0,173,0,0,0,629,0,0,0,DB25D2E880679B130D8AC2A955FF3E7890D83B677F4E018EFE3B7180B0150E78,91D979FA0B145A55137A4C1ECF82FE615F7B3A497A5D44A2E37495C7B14BB458,F7B7067CB7656AF297DDA5E20EEF4BA6C72942D3E95052EA2E0757C11CABC42D
normal,12,4,811204,run,10,0,9,488,0,3,17,0,8,14,2,40,14,13,2,4,3,3,3,survival;manor-short:meta:timber;vassal-short:meta:timber,5194,0,0,0,68,0,0,0,173,0,0,0,629,0,0,0,86586FC7FB321CF5FA8ADB16CAD989F9B5BC08DBB85E88954E8A8238913AFF78,7DE9B72AFA1B3E70F7F5DC965C5E45E202B8E8BCF3881AA398FD116B9692FB0C,F7B7067CB7656AF297DDA5E20EEF4BA6C72942D3E95052EA2E0757C11CABC42D
normal,12,5,811205,run,10,0,9,464,0,3,16,0,8,9,2,40,14,13,2,4,3,3,3,survival;manor-short:meta:timber;vassal-short:meta:timber,5194,0,0,0,68,0,0,0,173,0,0,0,629,0,0,0,F28FD8D4C254C8AB83F4FBEAFA80B253C88BD8981AA3A89866E8E6EDE6869D7E,5A4F556BA45F07845037485C0E2379571913350C66F4C0C01FEBA3090DBADABA,F7B7067CB7656AF297DDA5E20EEF4BA6C72942D3E95052EA2E0757C11CABC42D
normal,12,6,811206,run,10,0,9,527,0,4,18,0,8,17,2,40,14,13,2,4,3,3,3,survival;manor-short:meta:timber;vassal-short:meta:timber,5194,0,0,0,68,0,0,0,173,0,0,0,629,0,0,0,AE08D88A1477F223C0584B79A31E806774CBE380A2CC19CCA30B9CD8A0205CF3,73A2B21460756A83098EEAB6C18A7E267C130CA61C230DBF0F0BA1F0EFFAED59,F7B7067CB7656AF297DDA5E20EEF4BA6C72942D3E95052EA2E0757C11CABC42D
normal,13,0,0,idle,0,0,9,0,0,0,0,0,0,0,0,40,14,13,2,4,3,3,3,manor-short:meta:timber;vassal-short:meta:timber,5239,45,0,0,98,30,0,0,188,15,0,0,644,15,0,0,,1B2029ED677F5C8FF2AD32F0C5D1A05104F13F7113F080E9D054B88CBB65C409,F7B7067CB7656AF297DDA5E20EEF4BA6C72942D3E95052EA2E0757C11CABC42D
normal,13,1,811301,run,10,0,9,550,0,4,19,0,9,20,2,40,14,13,2,4,3,3,3,survival;manor-short:meta:timber;vassal-short:meta:timber,5239,0,0,0,98,0,0,0,188,0,0,0,644,0,0,0,2DE54A80789DA2DA7D4C832D5A585AEBF64799DA6DF194418AFD2C880AB8FEC1,5F277BA79CA7A6981DB769EB69E73F4390AFB5B5DFEDCFD2C75EDA004D9FB0E1,F7B7067CB7656AF297DDA5E20EEF4BA6C72942D3E95052EA2E0757C11CABC42D
normal,13,2,811302,run,10,0,9,505,0,3,17,0,11,14,0,40,14,13,2,4,3,3,3,survival;manor-short:meta:timber;vassal-short:meta:timber,5239,0,0,0,98,0,0,0,188,0,0,0,644,0,0,0,C2618C0877B3779BAAE85DCD990DEED2691C98061D60A84F286F49035724AFCE,E34ADF2630E892404C1A5BE3E5756EFB4C8F2D5276FA88425D1B40A45230A714,F7B7067CB7656AF297DDA5E20EEF4BA6C72942D3E95052EA2E0757C11CABC42D
normal,13,3,811303,run,10,0,9,509,0,3,17,0,8,15,2,40,14,13,2,4,3,3,3,survival;manor-short:meta:timber;vassal-short:meta:timber,5239,0,0,0,98,0,0,0,188,0,0,0,644,0,0,0,0881F89C2BF548AFCB58DC0DA3A6C73620690B24EB612E58069A1502631D482A,08CE6C556EA199C0C14E1A867CADCB258DCFA4E9541E13235E3C8A5758A29BB6,F7B7067CB7656AF297DDA5E20EEF4BA6C72942D3E95052EA2E0757C11CABC42D
normal,13,4,811304,run,10,0,9,527,0,3,18,0,8,12,2,40,14,13,2,4,3,3,3,survival;manor-short:meta:timber;vassal-short:meta:timber,5239,0,0,0,98,0,0,0,188,0,0,0,644,0,0,0,2079D7F00B0F4951CE4D3AD8C73E326B7F7FD6A031BD304796352F7CD0945A43,2587C4587E6CF36F7441B1AC7F168E9E90DF2E6A0E555CF3CC973A74495F5742,F7B7067CB7656AF297DDA5E20EEF4BA6C72942D3E95052EA2E0757C11CABC42D
normal,13,5,811305,run,10,0,9,2564,0,11,85,0,19,204,60,40,14,13,2,4,3,3,3,survival;manor-short:meta:timber;vassal-short:meta:timber,5301,62,0,0,102,4,0,0,192,4,0,0,651,7,0,0,0BDE8B403140D0E2CCDE24F0D697DBA72F6DACDE8AFD1FFB7020ECD5E64D6044,2D8823C5EF8CF0A2278AC13456C89FE318D32C874C2AACAD1B5AD1151FF61F68,F7B7067CB7656AF297DDA5E20EEF4BA6C72942D3E95052EA2E0757C11CABC42D
normal,13,6,811306,run,10,0,9,1157,0,6,39,0,21,60,6,40,14,13,2,4,3,3,3,survival;manor-short:meta:timber;vassal-short:meta:timber,5301,0,0,0,102,0,0,0,192,0,0,0,651,0,0,0,50ADA2DFBC86F84A183EA13E56EA4A7809A615ED62E68BA71372827AD3ABF842,6B4A43852FB491F99B0E8397B0881489BBC9EB77F2DF5859465BB786F80C0F76,F7B7067CB7656AF297DDA5E20EEF4BA6C72942D3E95052EA2E0757C11CABC42D
normal,14,0,0,idle,0,0,9,0,0,0,0,0,0,0,0,42,16,13,2,4,4,3,3,manor-short:meta:timber;vassal-short:meta:timber,5330,184,155,0,98,126,130,0,170,68,90,0,670,54,35,0,,E7F5F2C769F7AEE590BE54141F90B55C5CA1E5C60C15ABA5134064655554C38F,F7B7067CB7656AF297DDA5E20EEF4BA6C72942D3E95052EA2E0757C11CABC42D
normal,14,1,811401,run,10,0,9,1948,0,9,65,0,25,124,29,42,16,13,2,4,4,3,3,survival;manor-short:meta:timber;vassal-short:meta:timber,5371,41,0,0,101,3,0,0,173,3,0,0,680,10,0,0,C741AC65DB9C0FEAFB3474B15B4FABB54FDC1EC4E11405204447F65E55A17B1E,A5254A803DC039E003233FFFCBBEE9AF5918E15BAF288AB900D044C0100A009C,F7B7067CB7656AF297DDA5E20EEF4BA6C72942D3E95052EA2E0757C11CABC42D
normal,14,2,811402,run,10,0,9,529,0,3,18,0,8,7,2,42,16,13,2,4,4,3,3,survival;manor-short:meta:timber;vassal-short:meta:timber,5371,0,0,0,101,0,0,0,173,0,0,0,680,0,0,0,353BE0022BC4184A43A5CDA07DD09589B128088DB5B5C503D677D9A306AB27FE,71197E81E83A0E708F3C575C6E1297EED30AB9A7866784A086D61FDB173BBA3E,F7B7067CB7656AF297DDA5E20EEF4BA6C72942D3E95052EA2E0757C11CABC42D
normal,14,3,811403,run,10,0,9,608,0,4,21,0,9,29,2,42,16,13,2,4,4,3,3,survival;manor-short:meta:timber;vassal-short:meta:timber,5371,0,0,0,101,0,0,0,173,0,0,0,680,0,0,0,1B00E1E9980E04FD66C84795F447DE7762E7972D7A629DDE173AE301EF96E5E5,85332B918475D77F35B724EC161E8F9095F5CCF533F000F8FE838FFC26F1CF9D,F7B7067CB7656AF297DDA5E20EEF4BA6C72942D3E95052EA2E0757C11CABC42D
normal,14,4,811404,run,10,0,9,518,0,3,18,0,8,11,2,42,16,13,2,4,4,3,3,survival;manor-short:meta:timber;vassal-short:meta:timber,5371,0,0,0,101,0,0,0,173,0,0,0,680,0,0,0,148734709AA967F71BBA40E04F15694A4D8DB5317BBE2DA78C5C77E4EAF1B9C4,7106859D2947B6B8F0E901424B5C5BFF35C0DD3E0FE7175515CE3393F5DE8390,F7B7067CB7656AF297DDA5E20EEF4BA6C72942D3E95052EA2E0757C11CABC42D
normal,14,5,811405,run,10,0,9,521,0,3,18,0,8,13,2,42,16,13,2,4,4,3,3,survival;manor-short:meta:timber;vassal-short:meta:timber,5371,0,0,0,101,0,0,0,173,0,0,0,680,0,0,0,6B66D7D981105DDC3F844CD6570CAF6E32C2434CAF739911EBBCFDBF071E02D2,D0895F5D02693DBF04C22A5099ECCCE91A16826B5A715720D3B43875F6A03E00,F7B7067CB7656AF297DDA5E20EEF4BA6C72942D3E95052EA2E0757C11CABC42D
normal,14,6,811406,run,10,0,9,537,0,3,18,0,8,12,2,42,16,13,2,4,4,3,3,survival;manor-short:meta:timber;vassal-short:meta:timber,5371,0,0,0,101,0,0,0,173,0,0,0,680,0,0,0,39B3D0121E2477A87D98622DB0CF9FD3DE3B2BF258C59EF3369D3F0D15D0077B,A0D6A826FAC4DDABAED71D0A83599777D56F4B305A63B3BC16DC8D015D71C2BD,F7B7067CB7656AF297DDA5E20EEF4BA6C72942D3E95052EA2E0757C11CABC42D
normal,15,0,0,idle,0,0,9,0,0,0,0,0,0,0,0,42,16,13,2,4,4,3,3,manor-short:meta:timber,5416,45,0,0,131,30,0,0,188,15,0,0,695,15,0,0,,E0BFE4CADA93E12D5218A4E95E7FDC4B4168C6EFA4F86650301348CC9CE920C8,F7B7067CB7656AF297DDA5E20EEF4BA6C72942D3E95052EA2E0757C11CABC42D
normal,15,1,811501,run,10,0,9,503,0,3,17,0,8,9,2,42,16,13,2,4,4,3,3,survival;manor-short:meta:timber,5416,0,0,0,131,0,0,0,188,0,0,0,695,0,0,0,254CAC772EF747DEEB0CE651AC9E38CA91ED1F9A586E01AED491334C087638E8,F6CEEB2573A1519D4784714A09CF28D84AF6A8703C1C54CCC70A2D5FB5D55CB5,F7B7067CB7656AF297DDA5E20EEF4BA6C72942D3E95052EA2E0757C11CABC42D
normal,15,2,811502,run,10,0,9,474,0,3,16,0,8,8,2,42,16,13,2,4,4,3,3,survival;manor-short:meta:timber,5416,0,0,0,131,0,0,0,188,0,0,0,695,0,0,0,67FBA1E39406CDA4F54EC0896727A26F95A0253F9E192DF59A0EB5BD2A8A77DD,D325FE8A525F7BCB0B1DE020C788930BD557C68604B1CF6D37033BAC8675D0A7,F7B7067CB7656AF297DDA5E20EEF4BA6C72942D3E95052EA2E0757C11CABC42D
normal,15,3,811503,run,10,0,9,525,0,3,18,0,8,10,2,42,16,13,2,4,4,3,3,survival;manor-short:meta:timber,5416,0,0,0,131,0,0,0,188,0,0,0,695,0,0,0,2E715DD456C63A0A5EFABAA9230885E5A03914134052A756137C7DB4128C6300,0B11445B2343BDC7CA3A99EC965680600078A80AE1EAF287AA832D73BA28E313,F7B7067CB7656AF297DDA5E20EEF4BA6C72942D3E95052EA2E0757C11CABC42D
normal,15,4,811504,run,10,0,9,514,0,3,18,0,8,13,2,42,16,13,2,4,4,3,3,survival;manor-short:meta:timber,5416,0,0,0,131,0,0,0,188,0,0,0,695,0,0,0,5D6629AB55ED17378F60B7B363701AB42C283B63DCBDDCDEC616F478A1B93111,3C4C2573FA191C1971B34EE6D5D77582DB8E73F166F645063D159D8BB1B8190E,F7B7067CB7656AF297DDA5E20EEF4BA6C72942D3E95052EA2E0757C11CABC42D
normal,15,5,811505,run,10,0,9,27000,0,49,330,0,60,14428,4464,42,16,13,2,5,4,3,3,boss-not-defeated;manor-short:meta:timber;manor-short:meta:iron;vassal-short:meta:timber,5417,176,175,0,5,19,145,0,112,19,95,0,674,24,45,0,209E0E8E6F6C83F010056224E023907F297D8B55BC43F086641CE16F654683FA,16BD0DCF3BC2DD00AE234A919A32B1A9C56D8D73E74F4C7A42B4F64EFEF11F68,F7B7067CB7656AF297DDA5E20EEF4BA6C72942D3E95052EA2E0757C11CABC42D
normal,15,6,811506,run,10,1,10,27000,1,43,330,0,60,11179,2226,43,17,14,2,5,4,3,3,manor-short:meta:timber;vassal-short:meta:timber,5802,517,132,0,7,106,104,0,116,82,78,0,723,87,38,0,71EBDEEA2FEF1EEF20AADEF267E914693D8741A1EBB1004B5899083D768C6305,3DEF2073D73B4F4A85CEDA1438E629AC8FF3CDB98559E6AFE895F365A6F44B84,F7B7067CB7656AF297DDA5E20EEF4BA6C72942D3E95052EA2E0757C11CABC42D
normal,16,0,0,idle,0,0,10,0,0,0,0,0,0,0,0,43,17,14,2,5,4,3,3,manor-short:meta:timber;vassal-short:meta:timber,5847,45,0,0,37,30,0,0,131,15,0,0,738,15,0,0,,1619F64981A1CD4ED784C41DD3540347122524E8251A354CA7413CAF0A42FE7B,F7B7067CB7656AF297DDA5E20EEF4BA6C72942D3E95052EA2E0757C11CABC42D
normal,16,1,811601,run,10,0,10,570,0,4,19,0,9,25,2,43,17,14,2,5,4,3,3,survival;manor-short:meta:timber;vassal-short:meta:timber,5847,0,0,0,37,0,0,0,131,0,0,0,738,0,0,0,D9AA7C9A8E5A6BC47AB328B4A965C58B4EE30A799E988308881D95DF33075B75,D1F69455D9818DE935D56265B72B306915DF905304D86B32D884366A83D4FF42,F7B7067CB7656AF297DDA5E20EEF4BA6C72942D3E95052EA2E0757C11CABC42D
normal,16,2,811602,run,10,0,10,2028,0,9,37,0,17,131,36,43,17,14,2,5,4,3,3,survival;manor-short:meta:timber;vassal-short:meta:timber,5879,32,0,0,40,3,0,0,134,3,0,0,744,6,0,0,39CE209C2128BD84D9A0212BC0C4006EBD783D8FB9A0F75575BCABB188302DC6,5B86D343CB6CFD9916E58452BAFCE1EA2624563813278B8415FA0FBB55239A71,F7B7067CB7656AF297DDA5E20EEF4BA6C72942D3E95052EA2E0757C11CABC42D
normal,16,3,811603,run,10,0,10,1464,0,7,49,0,14,93,18,43,17,14,2,5,4,3,3,survival;manor-short:meta:timber;vassal-short:meta:timber,5879,0,0,0,40,0,0,0,134,0,0,0,744,0,0,0,E3B77167ACC9F3BAB2BAAA2D77B059DC8C09C1CA384245E5CAC0DBD3EA09A96D,AACBD069CC991D8D1992FBC06639BB41AF360FD6F00515CA2F06663B6D5C7733,F7B7067CB7656AF297DDA5E20EEF4BA6C72942D3E95052EA2E0757C11CABC42D
normal,16,4,811604,run,10,0,10,536,0,3,18,0,8,11,2,43,17,14,2,5,4,3,3,survival;manor-short:meta:timber;vassal-short:meta:timber,5879,0,0,0,40,0,0,0,134,0,0,0,744,0,0,0,9E898DE28EEEB75B211192CADE885EA6085D053FB6E1FDACEC5C150D6FE0A482,77464093F9F9A19E0DE9D392264780B9F12A16D1D97AF6305BD1272F555338ED,F7B7067CB7656AF297DDA5E20EEF4BA6C72942D3E95052EA2E0757C11CABC42D
normal,16,5,811605,run,10,0,10,509,0,3,17,0,8,9,2,43,17,14,2,5,4,3,3,survival;manor-short:meta:timber;vassal-short:meta:timber,5879,0,0,0,40,0,0,0,134,0,0,0,744,0,0,0,F80F22826A9AF6AE785528145CE7890346BDEDA0E9B63304F802A0888784D5F3,BE79843899E06C0ED7EA18458F230E22DCFE67A0EE93025EC4D9E1D380962276,F7B7067CB7656AF297DDA5E20EEF4BA6C72942D3E95052EA2E0757C11CABC42D
normal,16,6,811606,run,10,0,10,563,0,4,19,0,9,21,2,43,17,14,2,5,4,3,3,survival;manor-short:meta:timber;vassal-short:meta:timber,5879,0,0,0,40,0,0,0,134,0,0,0,744,0,0,0,4E2F14D15957FBFEE68F7BCF59FDB977C8E68660FD0EEC4E15877E98258892C1,D7157FDFA5F7C9FA62E9A9207F387BA30792978B2924D61204A7BB54B1869C39,F7B7067CB7656AF297DDA5E20EEF4BA6C72942D3E95052EA2E0757C11CABC42D
normal,17,0,0,idle,0,0,10,0,0,0,0,0,0,0,0,43,17,14,2,5,4,3,3,manor-short:meta:timber;vassal-short:meta:timber,5924,45,0,0,70,30,0,0,149,15,0,0,759,15,0,0,,70D1CD89D13861DBB7BB8B1B22A408F147DF103F5EE312924D4EF0A0E9A86DD4,F7B7067CB7656AF297DDA5E20EEF4BA6C72942D3E95052EA2E0757C11CABC42D
normal,17,1,811701,run,10,0,10,27000,0,53,330,0,60,14819,7537,43,17,14,2,5,4,3,3,boss-not-defeated;manor-short:meta:timber;vassal-short:meta:timber,6100,176,0,0,91,21,0,0,170,21,0,0,783,24,0,0,1668B9313094F8BD53F872992838CB72F5760554F98DA59FAF8C0E5CAABB6AE0,62A8A542DFF7FBABECFE9080C7CA8E1F66F0B8BF5209D0C7EA49E74AAFA30135,F7B7067CB7656AF297DDA5E20EEF4BA6C72942D3E95052EA2E0757C11CABC42D
normal,17,2,811702,run,10,0,10,521,0,3,18,0,8,8,2,43,17,14,2,5,4,3,3,survival;manor-short:meta:timber;vassal-short:meta:timber,6100,0,0,0,91,0,0,0,170,0,0,0,783,0,0,0,7E1DBAC8CF6A065CB9E277960B737947E552327A1E8EBD8DA004746E1AB60EDB,0A66DB8B368C7676EAD2EB0578312032A9A02C945DA0F150281230D665825B99,F7B7067CB7656AF297DDA5E20EEF4BA6C72942D3E95052EA2E0757C11CABC42D
normal,17,3,811703,run,10,0,10,27000,0,42,330,0,60,10602,1921,43,17,14,2,5,4,3,3,boss-not-defeated;manor-short:meta:timber;vassal-short:meta:timber,6276,176,0,0,107,16,0,0,186,16,0,0,807,24,0,0,D03FB8688390F332C771522F90A791CCE8C74F289DA66DF3479EB8BA8B3ED295,9AF14ACCFA14AB7911D19A55B47AE29246FEF4EC9AC6B575AB0CF5E01443786C,F7B7067CB7656AF297DDA5E20EEF4BA6C72942D3E95052EA2E0757C11CABC42D
normal,17,4,811704,run,10,0,10,559,0,4,19,0,11,19,1,43,17,14,2,5,4,3,3,survival;manor-short:meta:timber;vassal-short:meta:timber,6276,0,0,0,107,0,0,0,186,0,0,0,807,0,0,0,ACF11E549E353E961B6B3CD882894EB6E11238D9BF487B443E5B4628FDB956CB,B2AC3D41D8FBADCAAC776C1003EAC65DB2DF3604BDBFC373D8C326CA0ABA1341,F7B7067CB7656AF297DDA5E20EEF4BA6C72942D3E95052EA2E0757C11CABC42D
normal,17,5,811705,run,10,0,10,506,0,3,17,0,8,13,2,43,17,14,2,5,4,3,3,survival;manor-short:meta:timber;vassal-short:meta:timber,6276,0,0,0,107,0,0,0,186,0,0,0,807,0,0,0,019F2D2172A50F8B4B3AB79D677A6135D0103B9DF2D08842DD65B16E6273AAC0,DA8579AF858D1E5D6C7CE702EE91BFD23BC112924003539100084824AC38AE0B,F7B7067CB7656AF297DDA5E20EEF4BA6C72942D3E95052EA2E0757C11CABC42D
normal,17,6,811706,run,10,0,10,555,0,3,19,0,9,15,2,43,17,14,2,5,4,3,3,survival;manor-short:meta:timber;vassal-short:meta:timber,6276,0,0,0,107,0,0,0,186,0,0,0,807,0,0,0,84E7F2A39E955C166DCC10C411F26721F969331A1F48940F049036268B7C39F3,E434D3C3495E828EEF5388B952B4DC3C26C8456267D643AEB1E449B62EE38401,F7B7067CB7656AF297DDA5E20EEF4BA6C72942D3E95052EA2E0757C11CABC42D
normal,18,0,0,idle,0,0,10,0,0,0,0,0,0,0,0,44,18,15,2,5,4,3,3,manor-short:meta:timber;vassal-short:meta:timber,6253,119,142,0,76,81,112,0,145,43,84,0,802,36,41,0,,5355FEADB5BE37FD737C1395CF28648EBFB06F2F10B066B59AC93B1BFD859660,F7B7067CB7656AF297DDA5E20EEF4BA6C72942D3E95052EA2E0757C11CABC42D
normal,18,1,811801,run,10,0,10,27000,0,51,330,0,60,14829,5109,44,18,15,2,5,4,3,3,boss-not-defeated;manor-short:meta:timber;vassal-short:meta:timber,6429,176,0,0,96,20,0,0,165,20,0,0,826,24,0,0,9846FE4956E1DDC888E8C43C520B8CE447B2C917D8E9A5366B993DC507E02465,C5D40F40311C28F64969F2CED649567BF6B2C091FD4E2787AB85B3AA04F23A9F,F7B7067CB7656AF297DDA5E20EEF4BA6C72942D3E95052EA2E0757C11CABC42D
normal,18,2,811802,run,10,0,10,568,0,5,19,0,9,33,2,44,18,15,2,5,4,3,3,survival;manor-short:meta:timber;vassal-short:meta:timber,6429,0,0,0,96,0,0,0,165,0,0,0,826,0,0,0,F3A0E179B6489E84AEAC01E20E7B151F0B34B21C94A96E4F7A8566A013E6155C,CCDB4F1517C9CFBB09016476CE5E44E19C33156033A6FE89186DF5A2A41A410E,F7B7067CB7656AF297DDA5E20EEF4BA6C72942D3E95052EA2E0757C11CABC42D
normal,18,3,811803,run,10,0,10,560,0,3,19,0,9,14,2,44,18,15,2,5,4,3,3,survival;manor-short:meta:timber;vassal-short:meta:timber,6429,0,0,0,96,0,0,0,165,0,0,0,826,0,0,0,4EA4EC5EC62594247F515CA33ABBD284174B516A27C9EFF454AE5FE1803E0804,0DAC33785B9BDDAB4FA0276C5A01409D8FA10001CA7FB88FDB745A081197E87C,F7B7067CB7656AF297DDA5E20EEF4BA6C72942D3E95052EA2E0757C11CABC42D
normal,18,4,811804,run,10,0,10,27000,0,51,330,0,59,15393,5223,44,18,15,2,5,4,3,3,boss-not-defeated;manor-short:meta:timber;vassal-short:meta:timber,6605,176,0,0,116,20,0,0,185,20,0,0,849,23,0,0,8DF691126EA3D6744DA58C5E7FCCC7F323EED100C575697683ED5CAD2BD9E5ED,172CAF34963337B5235B0A72799F8C838AE86CF2279DB3171407FF3CF4FE1C57,F7B7067CB7656AF297DDA5E20EEF4BA6C72942D3E95052EA2E0757C11CABC42D
normal,18,5,811805,run,10,0,10,5248,0,15,104,0,39,447,148,44,18,15,2,5,4,3,3,survival;manor-short:meta:timber,6711,106,0,0,122,6,0,0,191,6,0,0,864,15,0,0,53AAA26EA113509E265E4E020B0CCF8C81D3CC84E87BDA00F45C10186F3BECD7,EF95CE0D40B35B4B6865EEF45CD6129BBE24D642436B4D46768AB8D5C6D95F11,F7B7067CB7656AF297DDA5E20EEF4BA6C72942D3E95052EA2E0757C11CABC42D
normal,18,6,811806,run,10,0,10,520,0,3,18,0,8,10,2,44,18,15,2,5,4,3,3,survival;manor-short:meta:timber,6711,0,0,0,122,0,0,0,191,0,0,0,864,0,0,0,52DD9A1063F2720DB510E9CABB59F2B2D1F18135CAAC65DC2EADB9C0EFB74A22,1F56A463DF98254DFC044FEAADAC26C701438F13163B3FF5639BC70DD022A960,F7B7067CB7656AF297DDA5E20EEF4BA6C72942D3E95052EA2E0757C11CABC42D
normal,19,0,0,idle,0,0,10,0,0,0,0,0,0,0,0,44,18,15,2,5,4,4,3,manor-short:meta:timber;manor-short:meta:iron;vassal-short:meta:timber,6586,45,170,0,7,30,145,0,101,15,105,0,844,15,35,0,,B929C1B2CA43AF221C1FDD99DF0D3CC107DDCB3D91DF96B49558CA71EF240127,F7B7067CB7656AF297DDA5E20EEF4BA6C72942D3E95052EA2E0757C11CABC42D
normal,19,1,811901,run,10,1,10,27000,1,42,171,0,58,10750,1302,44,18,15,2,5,4,4,3,manor-short:meta:timber;vassal-short:meta:timber,6850,264,0,0,38,31,0,0,132,31,0,0,881,37,0,0,579BEAE656EDCD3EBD731390D863FC8FCFA9920DB122BA998B3BE4E83BD5CA9E,8D3ED1FBBB2E317D182F7A38060373F4EF8B2B3280A73510D68C461CED9CC0EC,F7B7067CB7656AF297DDA5E20EEF4BA6C72942D3E95052EA2E0757C11CABC42D
normal,19,2,811902,run,10,1,10,27000,1,47,330,0,59,13290,3492,44,18,15,2,5,4,4,3,manor-short:meta:timber;vassal-short:meta:timber,7114,264,0,0,72,34,0,0,166,34,0,0,919,38,0,0,9D10401A873D40A89BF6C891F8D1FEC07CC4BA587D7DA4D0154320A5CD8AB756,AFC99021F03F34D905199D98CC10728BCBA0CDC1406A497AE9AA83D576314CDD,F7B7067CB7656AF297DDA5E20EEF4BA6C72942D3E95052EA2E0757C11CABC42D
normal,19,3,811903,run,10,0,10,27000,0,55,330,0,60,15855,8893,44,18,15,2,5,4,4,3,boss-not-defeated;manor-short:meta:timber;vassal-short:meta:timber,7290,176,0,0,94,22,0,0,188,22,0,0,943,24,0,0,DD808FF21EAD357594E6BA7F175FB4913D4FBC9FC400C06B1205D805DA8CCEB3,FA4D2B3DF503CF81A0A64ADD1F7D87073F36FE318CCC97F08E3BA714CD428008,F7B7067CB7656AF297DDA5E20EEF4BA6C72942D3E95052EA2E0757C11CABC42D
normal,19,4,811904,run,10,0,10,501,0,3,17,0,8,9,2,44,18,15,2,5,4,4,3,survival;manor-short:meta:timber;vassal-short:meta:timber,7290,0,0,0,94,0,0,0,188,0,0,0,943,0,0,0,08115BA15A0B3828726BC7CF0931CD49966EC70726224A9238DC0CC38597522A,6B6DFAE352812CFA324DBD8B4FD7200C8B05617E3AECEB1B29A4A97964C292A1,F7B7067CB7656AF297DDA5E20EEF4BA6C72942D3E95052EA2E0757C11CABC42D
normal,19,5,811905,run,10,0,10,640,0,5,22,0,9,32,2,44,18,15,2,5,4,4,3,survival;manor-short:meta:timber;vassal-short:meta:timber,7290,0,0,0,94,0,0,0,188,0,0,0,943,0,0,0,268A3AF45D625689A89C4C41F0A3861B807FBE681762F5EFABFE2F35B61AB547,20F1F32A38C97A0B888CBE6B838F1379B73BABE80066E7A609BB41D18C22E72E,F7B7067CB7656AF297DDA5E20EEF4BA6C72942D3E95052EA2E0757C11CABC42D
normal,19,6,811906,run,10,0,10,2499,0,9,83,0,28,180,22,44,18,15,2,5,4,4,3,survival;manor-short:meta:timber;vassal-short:meta:timber,7335,45,0,0,97,3,0,0,191,3,0,0,954,11,0,0,2F489BB2B92312F49C8B75C62EA02E4E17C90B6BC1E27A50D293FD3536198FDA,179928FF06617A8BBF4BFC94B42369DC64C84C677197481BB678E1936E8B6615,F7B7067CB7656AF297DDA5E20EEF4BA6C72942D3E95052EA2E0757C11CABC42D
normal,20,0,0,idle,0,0,10,0,0,0,0,0,0,0,0,44,18,15,2,5,4,4,3,manor-short:meta:timber,7383,48,0,0,129,32,0,0,207,16,0,0,970,16,0,0,,9FFE5DD9E61A4855B55B33AC7C77E2133915AAF9E3F883993BEC75350EC1C660,F7B7067CB7656AF297DDA5E20EEF4BA6C72942D3E95052EA2E0757C11CABC42D
normal,20,1,812001,run,10,0,10,666,0,4,23,0,9,30,2,44,18,15,2,5,4,4,3,survival;manor-short:meta:timber,7383,0,0,0,129,0,0,0,207,0,0,0,970,0,0,0,754FE35CFA878ACE673C2CFDCF6B434365579A156B4260DFC282E7AA3E91819E,1D7AC3C028DDEDB81B072F5737696480CD01374BDB921B618135D7A97BD8F17F,F7B7067CB7656AF297DDA5E20EEF4BA6C72942D3E95052EA2E0757C11CABC42D
normal,20,2,812002,run,10,0,10,437,0,2,15,0,8,7,1,44,18,15,2,5,4,4,3,survival;manor-short:meta:timber,7383,0,0,0,129,0,0,0,207,0,0,0,970,0,0,0,61D9F993890E2053C92F97D9703CB698F27F6C278FE1D21CD855B8F95A770E41,800E92E7C16FD090058E0592DE9627332E80844F55C0BB611CDBD0F53F98B24F,F7B7067CB7656AF297DDA5E20EEF4BA6C72942D3E95052EA2E0757C11CABC42D
normal,20,3,812003,run,10,0,10,538,0,4,18,0,8,19,2,44,18,15,2,5,4,4,3,survival;manor-short:meta:timber,7383,0,0,0,129,0,0,0,207,0,0,0,970,0,0,0,4962F4AD80FC1CBE0FA2719FA650DB7CEB08A7094B99EB96D7391F293A9DF15F,C547EAA2B73247B59D0BFAA4BBC57E866903EF09140E9ED5E64D7A52322E45FA,F7B7067CB7656AF297DDA5E20EEF4BA6C72942D3E95052EA2E0757C11CABC42D
normal,20,4,812004,run,10,0,10,750,0,5,25,0,10,41,2,44,18,15,2,5,4,4,3,survival;manor-short:meta:timber,7383,0,0,0,129,0,0,0,207,0,0,0,970,0,0,0,C3ABC05292186292B492A0C46498CBBEFECD6E9B4553FD67325EC7265CED080A,45B77E7771F2BEB2BB00776FC21CA5382CC1ED560A364A1A3EC76C123360BCEE,F7B7067CB7656AF297DDA5E20EEF4BA6C72942D3E95052EA2E0757C11CABC42D
normal,20,5,812005,run,10,0,10,507,0,3,19,0,8,10,2,44,18,15,2,5,4,4,3,survival;manor-short:meta:timber,7383,0,0,0,129,0,0,0,207,0,0,0,970,0,0,0,E840BFB8BFD015A6D6521D9698E4B01E3929CB300B70E78317C24D72CCE7CE1C,BECD6054A0DBB856AAFC626E4F752995A8DF6149C5C4B2052D9FB3586E66B47F,F7B7067CB7656AF297DDA5E20EEF4BA6C72942D3E95052EA2E0757C11CABC42D
normal,20,6,812006,run,10,0,10,527,0,3,18,0,8,9,2,44,18,15,2,5,4,4,3,survival;manor-short:meta:timber,7383,0,0,0,129,0,0,0,207,0,0,0,970,0,0,0,0A630F9061C048EB795C8E03EE75416E66C16213F2765DD4473B3CA689CBFF8E,152DB51AFF35418C09A4DA0E2C89572F21796A0EDE5ADF515E162401955971D2,F7B7067CB7656AF297DDA5E20EEF4BA6C72942D3E95052EA2E0757C11CABC42D
normal,21,0,0,idle,0,0,10,0,0,0,0,0,0,0,0,44,18,15,2,5,4,4,4,manor-short:meta:timber;manor-short:meta:iron;vassal-short:meta:timber,7246,48,185,0,1,32,160,0,103,16,120,0,951,16,35,0,,15CD16023FD81CCB19D7C166E116EE154E52E3649B8A3D8FBDCAE317B50D4C00,F7B7067CB7656AF297DDA5E20EEF4BA6C72942D3E95052EA2E0757C11CABC42D
normal,21,1,812101,run,10,0,10,542,0,3,19,0,9,10,2,44,18,15,2,5,4,4,4,survival;manor-short:meta:timber;manor-short:meta:iron;vassal-short:meta:timber,7246,0,0,0,1,0,0,0,103,0,0,0,951,0,0,0,4586242E4E8DCF868EF039944F80EC9CAB41FC77B12D2874CF4F3A543E4272BA,5E0CEDB038D14E96F034CB0C916882BA6AD98772D4310EE91E7BB18FCDD873B2,F7B7067CB7656AF297DDA5E20EEF4BA6C72942D3E95052EA2E0757C11CABC42D
normal,21,2,812102,run,10,0,10,27000,0,36,45,0,5,7734,404,44,18,15,2,5,4,4,4,boss-not-defeated;manor-short:meta:timber;manor-short:meta:iron;vassal-short:meta:timber,7410,176,12,0,7,14,8,0,111,14,6,0,951,2,2,0,6CD13FAFD15ED84AF93F6682C40A2E7DE818AFD93B0936813681958058C9EED4,9133E2A878B45E6E4FAB0574D5399B9A9A84FD2D43DF5DEA5ECDC049C8ABBD5C,F7B7067CB7656AF297DDA5E20EEF4BA6C72942D3E95052EA2E0757C11CABC42D
normal,21,3,812103,run,10,0,10,999,0,6,34,0,11,58,4,44,18,15,2,5,4,4,4,survival;manor-short:meta:timber;manor-short:meta:iron;vassal-short:meta:timber,7410,0,0,0,7,0,0,0,111,0,0,0,951,0,0,0,6BFA263CF72C299DB7801388BB0A97E59BD3A3C90CBEAFD7510BA89BE404FF34,943E693F65BBA68153A21FFCFDC623F0A5CFEDB2D765DE89F9B518BCFF02B595,F7B7067CB7656AF297DDA5E20EEF4BA6C72942D3E95052EA2E0757C11CABC42D
normal,21,4,812104,run,10,0,10,475,0,3,16,0,8,13,2,44,18,15,2,5,4,4,4,survival;manor-short:meta:timber;manor-short:meta:iron;vassal-short:meta:timber,7410,0,0,0,7,0,0,0,111,0,0,0,951,0,0,0,1C8F1ECB227ACBB17542BB0DE3DD401B2160379FDD252CCF7B2B12F2F1998EE3,DF07BD95FC4B0F65EF9A72B75ADBF9E8DE66B84DE64FEF516F7E85D303ADA98D,F7B7067CB7656AF297DDA5E20EEF4BA6C72942D3E95052EA2E0757C11CABC42D
normal,21,5,812105,run,10,0,10,487,0,4,17,0,8,17,2,44,18,15,2,5,4,4,4,survival;manor-short:meta:timber;manor-short:meta:iron;vassal-short:meta:timber,7410,0,0,0,7,0,0,0,111,0,0,0,951,0,0,0,8FCBB232B6AD91AF5F91418A25D17D75C8272EB33294668D83E17F4EA58EB5AA,8EB8A38C9DDAA64ACE23E2E687F158732C7ECA6A9E27BB938E39BCA07CFDDEE9,F7B7067CB7656AF297DDA5E20EEF4BA6C72942D3E95052EA2E0757C11CABC42D
normal,21,6,812106,run,10,0,10,27000,0,50,330,0,59,14580,4909,44,18,15,2,5,4,4,4,boss-not-defeated;manor-short:meta:timber;vassal-short:meta:timber,7564,176,22,0,11,20,16,0,119,20,12,0,969,23,5,0,98674F6582C68ABAF472ECCFD3DDACB8A039ED5B3CF19F42C06A3B175B4C2C0E,39EA0302ECAC4057F96288EE56A5F944AECA7DCA8CD0CD2B34D402DE3EF616D0,F7B7067CB7656AF297DDA5E20EEF4BA6C72942D3E95052EA2E0757C11CABC42D
heavy,1,0,0,idle,0,0,0,0,0,0,0,0,0,0,0,14,0,1,0,0,0,0,0,manor-short:meta:grain;manor-short:meta:timber;manor-short:meta:iron;manor-short:meta:charter;vassal-short:meta:grain;vassal-short:meta:timber;vassal-short:meta:iron;vassal-short:meta:charter,0,0,0,0,0,0,0,0,0,0,0,0,0,0,0,0,,CD2D490778F86ACC180D1E9B15F9CF2EE1673A233FB6B25605398802175E790C,F7B7067CB7656AF297DDA5E20EEF4BA6C72942D3E95052EA2E0757C11CABC42D
heavy,1,1,910101,run,1,0,0,27000,0,42,240,0,60,5521,5230,20,3,2,0,1,0,0,1,boss-not-defeated;manor-short:meta:grain;manor-short:meta:timber;manor-short:meta:iron;manor-short:meta:charter;vassal-short:meta:timber,55,137,82,0,9,67,58,0,13,49,36,0,11,23,12,0,C033D99DAEA1DCFEECB6CD54FF3C59B99E8FEA8840A0FE3FF30467A4AA439462,CDD9BEB314A2ACB4991AE4BC2A42566F7477965020629B0347510AF66328497C,F7B7067CB7656AF297DDA5E20EEF4BA6C72942D3E95052EA2E0757C11CABC42D
heavy,1,2,910102,run,1,0,0,27000,0,33,240,0,60,3900,1583,20,3,3,0,1,0,0,1,boss-not-defeated;manor-short:meta:timber;manor-short:meta:iron;vassal-short:meta:timber;vassal-short:meta:iron,101,68,22,0,6,13,16,0,14,13,12,0,17,11,5,0,F92C08390E3E3C0F70E2095B34791EB7DC14DCF4C1D7BBB2482577DEB96ABFAF,953EEDEC572D2FDD0F623583B680D8A607836CC121696D3EBE4113359DF1CB0E,F7B7067CB7656AF297DDA5E20EEF4BA6C72942D3E95052EA2E0757C11CABC42D
heavy,1,3,910103,run,1,1,1,27000,1,45,240,0,60,5713,6743,20,3,3,0,2,0,0,1,manor-short:meta:timber;manor-short:meta:iron;vassal-short:meta:timber,201,170,70,0,6,55,55,0,34,55,35,0,30,28,15,0,AFFA7EB78B28C8B8F98B01815E81AC1FCEBA4E84E927C441CF2C913AE4253297,60DBA08E6998142994E245CC22B2E2BF633F2D19CB096683C50C5626806500D3,F7B7067CB7656AF297DDA5E20EEF4BA6C72942D3E95052EA2E0757C11CABC42D
heavy,1,4,910104,run,2,0,1,27000,0,28,104,0,48,3605,422,20,3,3,0,2,0,0,1,boss-not-defeated;manor-short:meta:timber;manor-short:meta:iron;vassal-short:meta:timber,281,80,0,0,17,11,0,0,45,11,0,0,44,14,0,0,0A9E2C2CB2FBF6885095E77766A6C4D91B4246EE1BFA3CD293B9AF5AC3D53ECF,979FA81F609EAD3663D1AE46B6ACCEA2C282A9CFDB51D35B77825D085AB28969,F7B7067CB7656AF297DDA5E20EEF4BA6C72942D3E95052EA2E0757C11CABC42D
heavy,1,5,910105,run,2,1,2,27000,1,32,103,0,59,4335,1314,26,6,3,0,3,1,1,1,manor-short:meta:timber;manor-short:meta:iron;vassal-short:meta:timber,414,308,175,0,1,119,135,0,48,88,85,0,70,61,35,0,2DFB5E1F37EBAE94A78A75D44DBB0503646B3652E258B963DA956BB6F7E6A5F4,10F6BDCCED2850BBA62695FF3D26906164984B211AD9CAE3C1D5ABA28C2A9CF5,F7B7067CB7656AF297DDA5E20EEF4BA6C72942D3E95052EA2E0757C11CABC42D
heavy,1,6,910106,run,3,1,3,27000,1,36,103,0,60,6334,1878,28,7,3,1,3,1,1,2,manor-short:meta:timber;manor-short:meta:iron;vassal-short:meta:timber,597,268,85,0,4,73,70,0,60,62,50,0,108,53,15,0,64C1008CBA9AE3ADD102E1325F2201855DCA95DDEE42BF00CC70CA97E01F478D,05DBBB38936EC5E62D3C545F37E0729D9F72C5451512F93182CF7188BE7428CA,F7B7067CB7656AF297DDA5E20EEF4BA6C72942D3E95052EA2E0757C11CABC42D
heavy,1,7,910107,run,4,0,3,27000,0,44,270,0,60,7836,4809,28,7,3,1,3,1,1,2,boss-not-defeated;manor-short:meta:timber;vassal-short:meta:timber,701,104,0,0,21,17,0,0,77,17,0,0,128,20,0,0,CE08BD1918851E228985A500212B084A639DFDA5639B31C014050E4565DE048B,05F6ABEC1EB0921C0FDA27B514166E2652F2C92326787285BC174F6C3A1E42A6,F7B7067CB7656AF297DDA5E20EEF4BA6C72942D3E95052EA2E0757C11CABC42D
heavy,1,8,910108,run,4,0,3,27000,0,43,270,0,60,8232,3701,28,7,4,1,3,1,1,2,boss-not-defeated;manor-short:meta:timber;vassal-short:meta:timber,773,104,32,0,14,17,24,0,76,17,18,0,140,20,8,0,F5F4110C57A2E0247A666063E3FEB1B965A28BC48C1F064E08803D7AF79FE3A8,EC173CC45D0FE38D65ADB061D4C6494E4D1A281819E90EF64EE5C39D13F92530,F7B7067CB7656AF297DDA5E20EEF4BA6C72942D3E95052EA2E0757C11CABC42D
heavy,1,9,910109,run,4,0,3,27000,0,40,105,0,60,7919,2312,28,7,4,1,3,1,1,2,boss-not-defeated;manor-short:meta:timber;vassal-short:meta:timber,877,104,0,0,30,16,0,0,92,16,0,0,160,20,0,0,49BB4AF9DF096C186292F433CDBFA06594D0C83F532AD79B0B48145668D33C35,B16ED4E354992682A09E54A7318B8B565A03AA401280B55F82E23A5834A4FA09,F7B7067CB7656AF297DDA5E20EEF4BA6C72942D3E95052EA2E0757C11CABC42D
heavy,1,10,910110,run,4,1,4,27000,1,33,103,0,60,4972,1181,28,7,4,1,3,1,2,2,manor-short:meta:timber;vassal-short:meta:timber,1057,260,80,0,8,43,65,0,90,43,45,0,197,52,15,0,51B54321FC24A2244BD328873918D7EDEEF0183335F8F95C54F2040F6CC506E9,DB3B0342FEC4096311F7BF658A71C342619FEDDCDF3BC64688559C0E8C6164C3,F7B7067CB7656AF297DDA5E20EEF4BA6C72942D3E95052EA2E0757C11CABC42D
heavy,1,11,910111,run,5,0,4,27000,0,32,280,0,60,5689,632,28,7,4,1,3,1,2,2,boss-not-defeated;manor-short:meta:timber;vassal-short:meta:timber,1173,116,0,0,20,12,0,0,102,12,0,0,221,24,0,0,31C786798463299FA60CC1ADE626B649CA6D48EBF20CD82F7AE53669F3BBA064,8092FB01466B455D246B0B9DB4BAF112475A213449A7C6733776E9DCBCB1B1AD,F7B7067CB7656AF297DDA5E20EEF4BA6C72942D3E95052EA2E0757C11CABC42D
heavy,1,12,910112,run,5,0,4,27000,0,50,280,0,60,10232,8616,28,7,5,1,3,1,2,2,boss-not-defeated;manor-short:meta:timber;vassal-short:meta:timber,1247,116,42,0,8,20,32,0,98,20,24,0,234,24,11,0,30B98B42CC64DCFE7C968350DE59792E28C916A9C2948CAB9135576D9CD6EFA9,02C40E3E5C9DE2076D5D5DD3E7BBD07D4774A719BEC26DC192AFE0E06ECB6CA5,F7B7067CB7656AF297DDA5E20EEF4BA6C72942D3E95052EA2E0757C11CABC42D
heavy,2,0,0,idle,0,0,4,0,0,0,0,0,0,0,0,28,7,5,1,3,1,2,2,manor-short:meta:timber;vassal-short:meta:timber,1289,42,0,0,36,28,0,0,112,14,0,0,248,14,0,0,,AC6E52BD2FA699C365064736AAC09A9AE99329DF13A6818D66262C9BDB4827E2,F7B7067CB7656AF297DDA5E20EEF4BA6C72942D3E95052EA2E0757C11CABC42D
heavy,2,1,910201,run,5,0,4,12023,0,22,103,0,60,1030,621,28,7,6,1,3,1,2,2,survival;manor-short:meta:timber;vassal-short:meta:timber,1353,116,52,0,4,8,40,0,90,8,30,0,258,24,14,0,1527293E82650B2FB1A7344326F16144B10449758EE21DDBFFA011D9660E7FA0,B222ACF68265CAEF8D818634DA6ECE08B25978F2C34F3941B195EE4E86347035,F7B7067CB7656AF297DDA5E20EEF4BA6C72942D3E95052EA2E0757C11CABC42D
heavy,2,2,910202,run,5,0,4,27000,0,33,280,0,60,5822,917,28,7,6,1,3,1,2,2,boss-not-defeated;manor-short:meta:timber;vassal-short:meta:timber,1469,116,0,0,17,13,0,0,103,13,0,0,282,24,0,0,14D65BEA5684DC6998D5F73BFB94AE8C6CC18BA4C190A6E22ABECE20860D8E14,F46CFABFD5EA56BD5AAE1E4DAE1929DFAAFD8272C8B1D160AEF7105018A49295,F7B7067CB7656AF297DDA5E20EEF4BA6C72942D3E95052EA2E0757C11CABC42D
heavy,2,3,910203,run,5,0,4,27000,0,35,280,0,60,5751,1537,28,7,6,1,3,1,2,2,boss-not-defeated;manor-short:meta:timber;vassal-short:meta:timber,1585,116,0,0,31,14,0,0,117,14,0,0,306,24,0,0,AAA4676CACC19EA4ECBF1FDFDF249AD9AD5B24DA196678E3F677E8B9729ADF7A,CC1167F1BACD6A07B35AE25A0469E1649700B065193AE26B2811BEAF3C0B2D52,F7B7067CB7656AF297DDA5E20EEF4BA6C72942D3E95052EA2E0757C11CABC42D
heavy,2,4,910204,run,5,1,5,27000,1,33,103,0,46,5564,863,36,11,6,1,4,2,2,2,manor-short:meta:timber;vassal-short:meta:timber,1854,484,215,0,35,179,175,0,123,121,115,0,357,101,50,0,529AB868F5F1B0D1BC4ACABA0F641F530DDD140ED37BFC65192B17DF75DB1811,B39EC0C2C04362A2644E65EE6C32AA1BB5C3C20D2CA76D877834E000B287ED39,F7B7067CB7656AF297DDA5E20EEF4BA6C72942D3E95052EA2E0757C11CABC42D
heavy,2,5,910205,run,6,0,5,27000,0,31,148,0,49,5778,440,36,11,6,1,4,2,2,2,boss-not-defeated;manor-short:meta:timber;vassal-short:meta:timber,1982,128,0,0,47,12,0,0,135,12,0,0,376,19,0,0,677D15BE434D9F948A11969F610FFBFD0B4366B83C44DF6CC3CD53855678385C,172A825D27E61420CF52D90EBB56F228C145E456B4DE65B9D1246090CE10520C,F7B7067CB7656AF297DDA5E20EEF4BA6C72942D3E95052EA2E0757C11CABC42D
heavy,2,6,910206,run,6,0,5,27000,0,47,290,0,52,9045,7061,36,11,7,1,4,2,2,2,boss-not-defeated;manor-short:meta:timber;vassal-short:meta:timber,2048,128,62,0,17,18,48,0,117,18,36,0,379,20,17,0,501F8204C11E22C5D2327195B9188A18E2B7AEEB34ED4C1B937D6D3E0283021E,FD987FEAC5ACE471F3F3F32FE1C9C2B980FAEDB62F1E1F14928491FD4AED4F1B,F7B7067CB7656AF297DDA5E20EEF4BA6C72942D3E95052EA2E0757C11CABC42D
heavy,2,7,910207,run,6,0,5,27000,0,48,290,0,60,11069,6700,36,11,7,1,4,2,2,2,boss-not-defeated;manor-short:meta:timber;vassal-short:meta:timber,2176,128,0,0,36,19,0,0,136,19,0,0,403,24,0,0,0B48385B51287B58B0B7B7E582298E781E138444D685A682D54656F7D9E05D63,8AB1270725A545105BC258D149CC6532235AC0F4369184F5CC3911DF57BF1031,F7B7067CB7656AF297DDA5E20EEF4BA6C72942D3E95052EA2E0757C11CABC42D
heavy,2,8,910208,run,6,0,5,27000,0,50,290,0,60,9132,9332,36,11,8,1,4,2,2,2,boss-not-defeated;manor-short:meta:timber;vassal-short:meta:timber,2232,128,72,0,0,20,56,0,114,20,42,0,407,24,20,0,61B0C623897F661A01EA3C2C62C2FE5D459FF17D07396DF444B4538A6C51B83E,1ECEFF882B0F2AF32E0C746667E9B2EFD2C006B78564DCEF50385B92DDB3D5DD,F7B7067CB7656AF297DDA5E20EEF4BA6C72942D3E95052EA2E0757C11CABC42D
heavy,2,9,910209,run,6,0,5,27000,0,35,290,0,30,6847,1217,36,11,8,1,4,2,2,2,boss-not-defeated;manor-short:meta:timber;vassal-short:meta:timber,2360,128,0,0,14,14,0,0,128,14,0,0,419,12,0,0,C39A56B80F4B41FA72AB14A7A4CA1F0BB7A26300CA78EE7DDFC2E032F3933D28,6F5F9892E0B58D95880763BCC7BD3FE5F85B315A32075715341743E8C10167FB,F7B7067CB7656AF297DDA5E20EEF4BA6C72942D3E95052EA2E0757C11CABC42D
heavy,2,10,910210,run,6,0,5,27000,0,30,184,0,41,5229,411,36,11,8,1,4,2,2,2,boss-not-defeated;manor-short:meta:timber;vassal-short:meta:timber,2488,128,0,0,26,12,0,0,140,12,0,0,435,16,0,0,83B9E1EC7EE53C716665F29EDFADA4FA1B2872D92B1EE4362933D52332FF8764,D3C6FAA9A3AEFAC4796948443747713FF9E946C351718A0D6A1F9E46A92BE638,F7B7067CB7656AF297DDA5E20EEF4BA6C72942D3E95052EA2E0757C11CABC42D
heavy,2,11,910211,run,6,0,5,27000,0,47,290,0,60,10026,6202,36,11,8,1,4,2,2,2,boss-not-defeated;manor-short:meta:timber;vassal-short:meta:timber,2616,128,0,0,44,18,0,0,158,18,0,0,459,24,0,0,D954A0701DF2F5B41B4A128D58BA29BFA35D754047611494A9E92D10FA2485B4,253466BA18C0B6AF88B395D6325D9E8859F4842CA3191E0C60948599D96BCB36,F7B7067CB7656AF297DDA5E20EEF4BA6C72942D3E95052EA2E0757C11CABC42D
heavy,2,12,910212,run,6,0,5,27000,0,32,103,0,60,5872,448,36,11,8,1,4,2,2,2,boss-not-defeated;manor-short:meta:timber;vassal-short:meta:timber,2744,128,0,0,56,12,0,0,170,12,0,0,483,24,0,0,35F0CADAF6DAC34E6AEE4F26034F5C6D575BE4B2A4E6394865A5C3BF2CE73E47,0F4C0944DA3869A3606641739D6BE1C21B1EE45366AA69DE430ED9983DC606BC,F7B7067CB7656AF297DDA5E20EEF4BA6C72942D3E95052EA2E0757C11CABC42D
heavy,3,0,0,idle,0,0,5,0,0,0,0,0,0,0,0,36,11,9,1,4,2,2,2,manor-short:meta:timber;vassal-short:meta:timber,2704,42,82,0,20,28,64,0,136,14,48,0,474,14,23,0,,A0124486002E8E5F0CBBC4B0B1DD82B8691B4F9C3DC398B95904B9E7C45742E4,F7B7067CB7656AF297DDA5E20EEF4BA6C72942D3E95052EA2E0757C11CABC42D
heavy,3,1,910301,run,6,1,6,27000,1,33,156,0,30,5924,959,36,11,9,1,4,2,2,2,manor-short:meta:timber;vassal-short:meta:timber,3024,320,0,0,63,43,0,0,179,43,0,0,509,35,0,0,2A4C51C58204C17CAB3CC9150C1F417A953D7DC5C9A36C2497D022F86A35D79D,FC1BB58BC2A6D88F74A725DD4CDCCFDCDFC1715187EC6447A2C780F657F0BECA,F7B7067CB7656AF297DDA5E20EEF4BA6C72942D3E95052EA2E0757C11CABC42D
heavy,3,2,910302,run,7,0,6,27000,0,39,300,0,60,8191,1478,36,11,10,1,4,2,2,2,boss-not-defeated;manor-short:meta:timber;vassal-short:meta:timber,3072,140,92,0,6,15,72,0,140,15,54,0,507,24,26,0,260BBB7D821E0E7C355E951B1367B99A3C68E9DBD35D776DE9BEF0F457401D7F,1BF4701C4EE335BE9DC5938D1FF77416B17F1BC10432531FD9272B740C3CB913,F7B7067CB7656AF297DDA5E20EEF4BA6C72942D3E95052EA2E0757C11CABC42D
heavy,3,3,910303,run,7,0,6,27000,0,49,300,0,60,11514,6130,36,11,10,1,4,2,2,2,boss-not-defeated;manor-short:meta:timber;vassal-short:meta:timber,3212,140,0,0,25,19,0,0,159,19,0,0,531,24,0,0,0B85EBD75A97BB59BEE06EAAA1BE0FE2066390139900D360D5D7F7A8F2E2E910,836625444C3172B5FA1144F107D33B9EB3CBCB0AE66E1CCBC1743BF277309478,F7B7067CB7656AF297DDA5E20EEF4BA6C72942D3E95052EA2E0757C11CABC42D
heavy,3,4,910304,run,7,0,6,27000,0,50,300,0,60,8450,8976,36,11,10,1,4,2,2,2,boss-not-defeated;manor-short:meta:timber;vassal-short:meta:timber,3352,140,0,0,45,20,0,0,179,20,0,0,555,24,0,0,3C94FDB3D3C213A72A1E7965AE32D3252E2A2295A1B8C162082838611263D5B6,E8A492F928A038B12AC39DB58B9A8D2AA38D8B4BE6BEA4DA93CAF2CF08DEBE2C,F7B7067CB7656AF297DDA5E20EEF4BA6C72942D3E95052EA2E0757C11CABC42D
heavy,3,5,910305,run,7,0,6,27000,0,52,300,0,60,11836,8123,36,11,10,1,4,2,2,2,boss-not-defeated;manor-short:meta:timber;vassal-short:meta:timber,3492,140,0,0,65,20,0,0,199,20,0,0,579,24,0,0,CD138A913DC45CE2F82CC83A0E5507F48E8A18D4D39C109C6D953B71E975A86B,B8705D830D557D8CEA6272C8732D999BEEB214D81B95C041310C73D93DB0E833,F7B7067CB7656AF297DDA5E20EEF4BA6C72942D3E95052EA2E0757C11CABC42D
heavy,3,6,910306,run,7,0,6,27000,0,34,146,0,48,5920,730,36,11,10,1,4,2,2,2,boss-not-defeated;manor-short:meta:timber;vassal-short:meta:timber,3632,140,0,0,78,13,0,0,212,13,0,0,598,19,0,0,9183D1D50608AE6CFD158344E5B8DD8937C174B6835795398AE5F2AEDD0E3DDD,6DB18E4BCE8337831A06B11E5D8378CE985835F78267E6C3F27395A6ABF97DE3,F7B7067CB7656AF297DDA5E20EEF4BA6C72942D3E95052EA2E0757C11CABC42D
heavy,3,7,910307,run,7,0,6,692,0,4,24,0,9,25,2,36,11,10,1,4,2,2,2,survival;manor-short:meta:timber;vassal-short:meta:timber,3632,0,0,0,78,0,0,0,212,0,0,0,598,0,0,0,F2D455481811CF743BEC43D680E7AABEA5F3CBE96A9671341C695086CC42D39F,8041D18AB5BE954A329D4CC8A696F3C4CCA064057F9F8ABB3893A63CF709B911,F7B7067CB7656AF297DDA5E20EEF4BA6C72942D3E95052EA2E0757C11CABC42D
heavy,3,8,910308,run,7,0,6,753,0,4,26,0,10,31,2,36,11,10,1,4,2,2,2,survival;manor-short:meta:timber;vassal-short:meta:timber,3632,0,0,0,78,0,0,0,212,0,0,0,598,0,0,0,76B3D3D341B515CA97EDD12FAC193153F7F0CE82821FF0F6130143ECAA859C6D,DE6B1D4E6F911BA745CD42232E8A6464342904850720311CF9A1720BD66C8EA5,F7B7067CB7656AF297DDA5E20EEF4BA6C72942D3E95052EA2E0757C11CABC42D
heavy,3,9,910309,run,7,0,6,27000,0,38,103,0,55,7688,1361,36,11,11,1,4,2,2,2,boss-not-defeated;manor-short:meta:timber;vassal-short:meta:timber,3670,140,102,0,13,15,80,0,167,15,60,0,591,22,29,0,90910F6AAF33496B6797EE24AD39AC5E5860D3B64970457D94779AD4545901B1,E0F9B92E826A28FAA36323A06BDF2A26C6702D7B21123789AF7E6F6C770FDDD7,F7B7067CB7656AF297DDA5E20EEF4BA6C72942D3E95052EA2E0757C11CABC42D
heavy,3,10,910310,run,7,0,6,27000,0,56,300,0,59,12676,11370,36,11,11,1,4,2,2,2,boss-not-defeated;manor-short:meta:timber;vassal-short:meta:timber,3810,140,0,0,35,22,0,0,189,22,0,0,614,23,0,0,286207B8467BA8238341076AEFE2FFFFC1583FA97D2C9A4408BD1E10B17247FD,6CC383DF183DF92261A584BC504FC3A11AD5D2F0DADE1F75FB86D79427D62A9C,F7B7067CB7656AF297DDA5E20EEF4BA6C72942D3E95052EA2E0757C11CABC42D
heavy,3,11,910311,run,7,0,6,1647,0,7,55,0,22,73,24,36,11,11,1,4,2,2,2,survival;manor-short:meta:timber;vassal-short:meta:timber,3810,0,0,0,35,0,0,0,189,0,0,0,614,0,0,0,5A1C99D5FF8859CB69C570FF988086B2EC1344D7380D0935CBA2F3143376B48F,223FBE19C43B190B725D701BC67F7B4AE33E9D2513E0521DD1F112A9A09ABD41,F7B7067CB7656AF297DDA5E20EEF4BA6C72942D3E95052EA2E0757C11CABC42D
heavy,3,12,910312,run,7,0,6,27000,0,54,300,0,60,12795,10091,36,11,11,1,4,2,2,2,boss-not-defeated;manor-short:meta:timber;vassal-short:meta:timber,3950,140,0,0,56,21,0,0,210,21,0,0,638,24,0,0,7314F5A470377B7A3A9126D50CEF29A29CCB2F4E1B3FF2C1737287E8976E4A49,4FEA41443F74F0F74E8A8C0D469B2C70B609DCA8BBE872BD726C2029D0E68388,F7B7067CB7656AF297DDA5E20EEF4BA6C72942D3E95052EA2E0757C11CABC42D
heavy,4,0,0,idle,0,0,6,0,0,0,0,0,0,0,0,36,11,11,1,4,2,2,2,manor-short:meta:timber;vassal-short:meta:timber,3992,42,0,0,84,28,0,0,224,14,0,0,652,14,0,0,,EFC14545D4E1892DDCF67D8DB732EC8137D92CCE0E0E6471F5606DEA2E7B4EE1,F7B7067CB7656AF297DDA5E20EEF4BA6C72942D3E95052EA2E0757C11CABC42D
heavy,4,1,910401,run,7,1,7,27000,1,38,103,0,52,7923,1454,36,11,11,1,4,2,2,3,manor-short:meta:timber;vassal-short:meta:timber,4207,350,135,0,17,48,115,0,187,48,85,0,684,57,25,0,8700D4532746F63CED45E1B20B99C66254AAF3FFD01F52FFB7DD4C8ABA5439E2,96C25CDB41E8A19034477D4D25B4A11601D3BA980159A77674FEAEF8060EFA17,F7B7067CB7656AF297DDA5E20EEF4BA6C72942D3E95052EA2E0757C11CABC42D
heavy,4,2,910402,run,8,0,7,27000,0,48,310,0,56,12022,5541,36,11,11,1,4,2,2,3,boss-not-defeated;manor-short:meta:timber;vassal-short:meta:timber,4359,152,0,0,36,19,0,0,206,19,0,0,706,22,0,0,4949EFD6EC5B9E5562E98A83EDB04E50C1C5A15ABE5FFEF95DF088B8CBCB5448,26F94B02DAD7E654A1B3BA14C85C3835EF491040AF94BC2CE47013749C8DA68F,F7B7067CB7656AF297DDA5E20EEF4BA6C72942D3E95052EA2E0757C11CABC42D
heavy,4,3,910403,run,8,0,7,556,0,3,19,0,9,13,2,36,11,11,1,4,2,2,3,survival;manor-short:meta:timber;vassal-short:meta:timber,4359,0,0,0,36,0,0,0,206,0,0,0,706,0,0,0,407421AB02840B9B5D05986F3596D57777CA70908D49984088FD5384675907CC,8DD71251B2E3DAD4748929328EC208787FD3CA90279FE1445A0DBE7A71D8C73F,F7B7067CB7656AF297DDA5E20EEF4BA6C72942D3E95052EA2E0757C11CABC42D
heavy,4,4,910404,run,8,0,7,5173,0,12,103,0,29,333,61,36,11,11,1,4,2,2,3,survival;manor-short:meta:timber;vassal-short:meta:timber,4429,70,0,0,40,4,0,0,210,4,0,0,717,11,0,0,DF1A62748CCB60D6C21573FAD65E5B05287D5CB7E4546D7E830CECF1E9DF6698,AC268C6B3509618AAEEB00BB31CFA14246ACBE3478D69332F1020D1CE7E3DEA1,F7B7067CB7656AF297DDA5E20EEF4BA6C72942D3E95052EA2E0757C11CABC42D
heavy,4,5,910405,run,8,0,7,27000,0,41,310,0,60,9526,2427,36,11,11,1,4,2,2,3,boss-not-defeated;manor-short:meta:timber;vassal-short:meta:timber,4581,152,0,0,56,16,0,0,226,16,0,0,741,24,0,0,EF4E2A78730BCC3A74CFFC1BE6CB2262B880E7900E96552896D4E81416EF30BB,20C3F39F8D01EFB527B3AB200580669DCAA56A8AFE05D031B74DA4CE8E7113DD,F7B7067CB7656AF297DDA5E20EEF4BA6C72942D3E95052EA2E0757C11CABC42D
heavy,4,6,910406,run,8,0,7,2029,0,9,68,0,16,122,41,36,11,11,1,4,2,2,3,survival;manor-short:meta:timber;vassal-short:meta:timber,4628,47,0,0,59,3,0,0,229,3,0,0,747,6,0,0,FAA4DE89DF5DA570C866484C2FE6B182D95832E524374B75D6F19FCAE73343CB,2C389E52E0ACB0AE13102593339B4DC8E0FD641B9910FB77F0430341123678AD,F7B7067CB7656AF297DDA5E20EEF4BA6C72942D3E95052EA2E0757C11CABC42D
heavy,4,7,910407,run,8,1,8,27000,1,35,103,0,17,6835,805,40,14,11,2,4,3,3,3,manor-short:meta:timber;vassal-short:meta:timber,4951,563,240,0,31,172,200,0,205,116,140,0,769,72,50,0,0D5813688677E22F5E60C1E0E0AE4E02892B5165B51A09636B51B4DFD8E57E43,106E047AE70C41F18A196BE12A5181253E0417DEE4D4CC8C0AB654312B274191,F7B7067CB7656AF297DDA5E20EEF4BA6C72942D3E95052EA2E0757C11CABC42D
heavy,4,8,910408,run,9,0,8,551,0,3,19,0,9,8,2,40,14,11,2,4,3,3,3,survival;manor-short:meta:timber;vassal-short:meta:timber,4951,0,0,0,31,0,0,0,205,0,0,0,769,0,0,0,5EBCFB3BCFDCC448645573F93ED37EBFE0150584D14E66BF7813D6677448AB9A,5446613BFD272D7F8E19C56BC9893DB165C25FDAC33367FBA38C55C044296064,F7B7067CB7656AF297DDA5E20EEF4BA6C72942D3E95052EA2E0757C11CABC42D
heavy,4,9,910409,run,9,0,8,529,0,3,18,0,8,9,2,40,14,11,2,4,3,3,3,survival;manor-short:meta:timber;vassal-short:meta:timber,4951,0,0,0,31,0,0,0,205,0,0,0,769,0,0,0,9BCBCB7EBB51BB4503DE157F0E80230D9E25F7F706301E193B0FE734C8A1F939,6FB5426B076FB1A6D150079E9FF4911933E1BA0C815A21A02A0367C0136B211C,F7B7067CB7656AF297DDA5E20EEF4BA6C72942D3E95052EA2E0757C11CABC42D
heavy,4,10,910410,run,9,0,8,688,0,4,23,0,17,29,2,40,14,11,2,4,3,3,3,survival;manor-short:meta:timber;vassal-short:meta:timber,4951,0,0,0,31,0,0,0,205,0,0,0,769,0,0,0,42EEEAC7151AA86DB065C5E558D703A01C228F44876EC87338896BEAE157431D,92648FCD72C379D6C757A6C76E82AB6ECF9AA2DA9CED43197033D231D7E6D53E,F7B7067CB7656AF297DDA5E20EEF4BA6C72942D3E95052EA2E0757C11CABC42D
heavy,4,11,910411,run,9,0,8,597,0,3,20,0,9,14,2,40,14,11,2,4,3,3,3,survival;manor-short:meta:timber;vassal-short:meta:timber,4951,0,0,0,31,0,0,0,205,0,0,0,769,0,0,0,699028E08850F71DA09AB029E6071A28AEE99D04DC980136CB6BEF4CA150A04F,775C6CDCA2A2EEA44DB7EFD1780F92D1E4B0418A4EA8B32E3D01F37876BE8765,F7B7067CB7656AF297DDA5E20EEF4BA6C72942D3E95052EA2E0757C11CABC42D
heavy,4,12,910412,run,9,0,8,552,0,3,19,0,9,11,2,40,14,11,2,4,3,3,3,survival;manor-short:meta:timber;vassal-short:meta:timber,4951,0,0,0,31,0,0,0,205,0,0,0,769,0,0,0,B335FB4C1D5A745F9319079C535953357430B464FCF6B46B31E14EEA2E020660,E95B347BAD939672A57ABF8D03B6669C01B1DBAE118A6CE826F67A2477DCBD64,F7B7067CB7656AF297DDA5E20EEF4BA6C72942D3E95052EA2E0757C11CABC42D
heavy,5,0,0,idle,0,0,8,0,0,0,0,0,0,0,0,40,14,11,2,4,3,3,3,manor-short:meta:timber;vassal-short:meta:timber,4996,45,0,0,61,30,0,0,220,15,0,0,784,15,0,0,,E43157E35B251A97FB615299055883A495E00435B254DFA140F9465D628A9C12,F7B7067CB7656AF297DDA5E20EEF4BA6C72942D3E95052EA2E0757C11CABC42D
heavy,5,1,910501,run,9,0,8,563,0,4,19,0,9,17,2,40,14,11,2,4,3,3,3,survival;manor-short:meta:timber;vassal-short:meta:timber,4996,0,0,0,61,0,0,0,220,0,0,0,784,0,0,0,2F619515AEAD06811369442D961418E124FB653D84DB70156CF078604A061D6C,A2AFDBD140375895628A98BEF9E9539528E51A654D2D5E0C3357AE989CAE2708,F7B7067CB7656AF297DDA5E20EEF4BA6C72942D3E95052EA2E0757C11CABC42D
heavy,5,2,910502,run,9,0,8,27000,0,32,170,0,1,5998,575,40,14,11,2,4,3,3,3,boss-not-defeated;manor-short:meta:timber;vassal-short:meta:timber,5160,164,0,0,73,12,0,0,232,12,0,0,784,0,0,0,68B63E34DF97F0658BAF882DB999B938EF57DA692AF047750D9DD4D299CFB148,AB6D7BDD5881503BA707CA5F370B2B7CBE7A47B1F5284936F9E13A2D1D18607D,F7B7067CB7656AF297DDA5E20EEF4BA6C72942D3E95052EA2E0757C11CABC42D
heavy,5,3,910503,run,9,0,8,561,0,3,19,0,9,16,2,40,14,11,2,4,3,3,3,survival;manor-short:meta:timber;vassal-short:meta:timber,5160,0,0,0,73,0,0,0,232,0,0,0,784,0,0,0,A09B1229D98BCB1513FB666A1290B865F197230344153C141EAA2E415AB595FD,8EB9B168EEE2102A5E4A218B3977E3A25810C6BD50B98E7BB56A8096163FBE95,F7B7067CB7656AF297DDA5E20EEF4BA6C72942D3E95052EA2E0757C11CABC42D
heavy,5,4,910504,run,9,0,8,556,0,3,19,0,9,14,2,40,14,11,2,4,3,3,3,survival;manor-short:meta:timber;vassal-short:meta:timber,5160,0,0,0,73,0,0,0,232,0,0,0,784,0,0,0,89068D8AD1A82275BE67BDC181D6C3CE36ADE8263B29CAADC7739ACBD2280CB1,C9EF1CAB9CF99B493DA6DDE37B5EF0B63684898D7B98877D7790A0C836EE7961,F7B7067CB7656AF297DDA5E20EEF4BA6C72942D3E95052EA2E0757C11CABC42D
heavy,5,5,910505,run,9,0,8,1906,0,8,64,0,23,99,23,40,14,11,2,4,3,3,3,survival;manor-short:meta:timber;vassal-short:meta:timber,5198,38,0,0,76,3,0,0,235,3,0,0,793,9,0,0,92BE50D3903A838B3B40AC6C83A705444F725908182CA5BC26E514738D08600F,92A8F481D6D973E661B74CAF384BF255A7E96DC2205280DFD221A61FD49CA37F,F7B7067CB7656AF297DDA5E20EEF4BA6C72942D3E95052EA2E0757C11CABC42D
heavy,5,6,910506,run,9,0,8,27000,0,33,115,0,1,7323,210,40,14,12,2,4,3,3,3,boss-not-defeated;manor-short:meta:timber;vassal-short:meta:timber,5229,143,112,0,1,13,88,0,182,13,66,0,761,0,32,0,E4C6D14BC5A3382CA30B29CF9EAF06FC634E156263B530886562727A51B31808,1DBC5EF67A418DF218825EA43EB6CDE9CFF1C11A7B6E799F992C90F322785061,F7B7067CB7656AF297DDA5E20EEF4BA6C72942D3E95052EA2E0757C11CABC42D
heavy,5,7,910507,run,9,0,8,27000,0,54,320,0,42,14575,9632,40,14,12,2,4,3,3,3,boss-not-defeated;manor-short:meta:timber;vassal-short:meta:timber,5393,164,0,0,22,21,0,0,203,21,0,0,777,16,0,0,E117D456E5E0DA43281166A86DC448457699F33853AAC9EA3437205FA6B9048C,2818ED0B6659B48493FAB7E074F752D9F6D26A18B5862A439B58A2BBE402BD66,F7B7067CB7656AF297DDA5E20EEF4BA6C72942D3E95052EA2E0757C11CABC42D
heavy,5,8,910508,run,9,0,8,27000,0,34,251,0,1,7375,278,40,14,12,2,4,3,3,3,boss-not-defeated;manor-short:meta:timber;vassal-short:meta:timber,5557,164,0,0,35,13,0,0,216,13,0,0,777,0,0,0,D95DE3CC6C444D3DE371775F7FF2024DF8353C4BA0EFC8882C6D0557862B837D,822EE4F32CC74CDCC114161BFD5E933B178A7750B518080B5B454A4D47757E9E,F7B7067CB7656AF297DDA5E20EEF4BA6C72942D3E95052EA2E0757C11CABC42D
heavy,5,9,910509,run,9,0,8,619,0,4,21,0,9,22,2,40,14,12,2,4,3,3,3,survival;manor-short:meta:timber;vassal-short:meta:timber,5557,0,0,0,35,0,0,0,216,0,0,0,777,0,0,0,C7A20233BAEE27752F9587AA5D141C30D2A18F4889B125B2F3A55D76EAB9DB6B,22789F51806771992EF4FC38E80E4E03B2F8865C24D0D8257F85B769A89CED20,F7B7067CB7656AF297DDA5E20EEF4BA6C72942D3E95052EA2E0757C11CABC42D
heavy,5,10,910510,run,9,0,8,558,0,3,19,0,9,12,2,40,14,12,2,4,3,3,3,survival;manor-short:meta:timber;vassal-short:meta:timber,5557,0,0,0,35,0,0,0,216,0,0,0,777,0,0,0,B501295E08938385855EE2C2157D4B3F305692589DF441103EC5CA26534747A1,D209E4F162DC06FFAD6510F5E7D3384DA4F376B299796883AAA31311650B57D0,F7B7067CB7656AF297DDA5E20EEF4BA6C72942D3E95052EA2E0757C11CABC42D
heavy,5,11,910511,run,9,0,8,27000,0,36,320,0,11,7952,1198,40,14,12,2,4,3,3,3,boss-not-defeated;manor-short:meta:timber;vassal-short:meta:timber,5721,164,0,0,49,14,0,0,230,14,0,0,781,4,0,0,1816EA2C2F6F61F7EFC21EA399F1999BEEA1D19E1E6194A0091D4DA7BFD57DFB,B6BF4913B2E9B15EC4F1EF6776AA7C368F04B8715D5E58632E82A5FBB1C58C85,F7B7067CB7656AF297DDA5E20EEF4BA6C72942D3E95052EA2E0757C11CABC42D
heavy,5,12,910512,run,9,0,8,573,0,4,20,0,9,19,2,40,14,12,2,4,3,3,3,survival;manor-short:meta:timber;vassal-short:meta:timber,5721,0,0,0,49,0,0,0,230,0,0,0,781,0,0,0,6F61ADA0803F9F11C43E03255A59B1EC2CB0DC37B0ED6EFB20F360897225621D,2E90A897726047749AE7C51695A0F1ED57DE4156CDD6AAE921CA16F1ABFFFFF9,F7B7067CB7656AF297DDA5E20EEF4BA6C72942D3E95052EA2E0757C11CABC42D
heavy,6,0,0,idle,0,0,8,0,0,0,0,0,0,0,0,40,14,12,2,4,3,3,3,manor-short:meta:timber;vassal-short:meta:timber,5766,45,0,0,79,30,0,0,245,15,0,0,796,15,0,0,,03709C0012BA84B5AC4E42A441834C6B80763F2BF40256FDA4B5479F4AD1A67D,F7B7067CB7656AF297DDA5E20EEF4BA6C72942D3E95052EA2E0757C11CABC42D
heavy,6,1,910601,run,9,1,9,27000,1,34,260,0,14,7572,455,40,14,13,2,4,3,3,3,manor-short:meta:timber;vassal-short:meta:timber,6054,410,122,0,27,44,96,0,217,44,72,0,780,19,35,0,3437CF40D55B77EA4853F15C765F2CF8E3420591184B23144028707852895726,C5A5A296F5AF80AE200F994CF7E57038D3FF784AF4693FBE590919FB92026439,F7B7067CB7656AF297DDA5E20EEF4BA6C72942D3E95052EA2E0757C11CABC42D
heavy,6,2,910602,run,10,0,9,818,0,5,28,0,10,50,2,40,14,13,2,4,3,3,3,survival;manor-short:meta:timber;vassal-short:meta:timber,6054,0,0,0,27,0,0,0,217,0,0,0,780,0,0,0,D08C3C5C67A41AD3DE19578934FE58073A0E1FAB5D016041851E33F1B7EC9135,0379B520A93A13417A691982FE3C2C4F0DC535CB64A8F083E5C2CCC527E6BBC6,F7B7067CB7656AF297DDA5E20EEF4BA6C72942D3E95052EA2E0757C11CABC42D
heavy,6,3,910603,run,10,0,9,27000,0,45,330,0,54,8404,5028,40,14,13,2,4,3,3,3,boss-not-defeated;manor-short:meta:timber;vassal-short:meta:timber,6230,176,0,0,45,18,0,0,235,18,0,0,801,21,0,0,72FD8B5536DB4208DE18E9CB7125312E1E40445A4B77675E3A3D220728C01B84,B0A854DDEF2A64C9A5F4A8B1F3CC6AB6223CBB1A05B3EAB2C75A2079ED35937B,F7B7067CB7656AF297DDA5E20EEF4BA6C72942D3E95052EA2E0757C11CABC42D
heavy,6,4,910604,run,10,0,9,540,0,3,18,0,8,11,2,40,14,13,2,4,3,3,3,survival;manor-short:meta:timber;vassal-short:meta:timber,6230,0,0,0,45,0,0,0,235,0,0,0,801,0,0,0,86C6DDC23F5F6D46F1F9F731A6CEC7C45D5F11E0DFA96FF6FDCA8327F24828EA,C95355CD1A57501DD7FA5968B97CD122A38A67C7F0E6FDF85F949E5B3DE5DD74,F7B7067CB7656AF297DDA5E20EEF4BA6C72942D3E95052EA2E0757C11CABC42D
heavy,6,5,910605,run,10,0,9,528,0,3,18,0,8,16,2,40,14,13,2,4,3,3,3,survival;manor-short:meta:timber;vassal-short:meta:timber,6230,0,0,0,45,0,0,0,235,0,0,0,801,0,0,0,ACF59E059A4FEDDB86536E603A30FEB86DCBB3389FE5418D88DCC81DD1EA848F,D6AC1EF6C272954FE70D650F1E10EA0679F17A980F24EB8BF36B951D35500DB5,F7B7067CB7656AF297DDA5E20EEF4BA6C72942D3E95052EA2E0757C11CABC42D
heavy,6,6,910606,run,10,0,9,487,0,3,17,0,8,15,2,40,14,13,2,4,3,3,3,survival;manor-short:meta:timber;vassal-short:meta:timber,6230,0,0,0,45,0,0,0,235,0,0,0,801,0,0,0,5639C83297755F5F6DD213D4F3660E20730AC4314E530410A400AA241FBC1B13,68A32F24DED9AD08C7BC084F408905E0446654E407F9C3099940F1707E71ECCF,F7B7067CB7656AF297DDA5E20EEF4BA6C72942D3E95052EA2E0757C11CABC42D
heavy,6,7,910607,run,10,0,9,475,0,3,16,0,8,13,2,40,14,13,2,4,3,3,3,survival;manor-short:meta:timber;vassal-short:meta:timber,6230,0,0,0,45,0,0,0,235,0,0,0,801,0,0,0,0FF319F4D1D3B963927C671CB691F6F50E7423FEE309F8DC6AD541E247CF1E6A,BDB0D56F5C315CB5FACAA52F07B36247CDCE93FE974018C28C7B4CB4E9C4C910,F7B7067CB7656AF297DDA5E20EEF4BA6C72942D3E95052EA2E0757C11CABC42D
heavy,6,8,910608,run,10,0,9,446,0,3,15,0,8,9,1,40,14,13,2,4,3,3,3,survival;manor-short:meta:timber;vassal-short:meta:timber,6230,0,0,0,45,0,0,0,235,0,0,0,801,0,0,0,B49A1BA64826A476FFDC811AAFDC486D2405E3A27B12F035A68243B5AB56411E,4C9CC99FE4349285102973B587F54379B0435FBAB3D2A29864F5A299B1B94BBD,F7B7067CB7656AF297DDA5E20EEF4BA6C72942D3E95052EA2E0757C11CABC42D
heavy,6,9,910609,run,10,0,9,527,0,3,18,0,9,15,2,40,14,13,2,4,3,3,3,survival;manor-short:meta:timber;vassal-short:meta:timber,6230,0,0,0,45,0,0,0,235,0,0,0,801,0,0,0,D189C3BD37C3B9F595B41CD8CF8B0B1AA936CE9F271BA60F5BDF1CFAFB571613,B101CBD66DBBF63C68D769C5DB086119C082D4C580912EEEE956EB60174D985F,F7B7067CB7656AF297DDA5E20EEF4BA6C72942D3E95052EA2E0757C11CABC42D
heavy,6,10,910610,run,10,0,9,1576,0,7,73,0,14,83,21,40,14,13,2,4,3,3,3,survival;manor-short:meta:timber;vassal-short:meta:timber,6230,0,0,0,45,0,0,0,235,0,0,0,801,0,0,0,2B1ED18FD0EF1343B2B69A039C1D531AD1B035480B62C456464F798F709A5AC2,43BE50DB811866A8CEDE2C6C4DF14CB9333D0FC3ED082C4A8344E39CA911D7FB,F7B7067CB7656AF297DDA5E20EEF4BA6C72942D3E95052EA2E0757C11CABC42D
heavy,6,11,910611,run,10,0,9,520,0,3,18,0,8,11,2,40,14,13,2,4,3,3,3,survival;manor-short:meta:timber;vassal-short:meta:timber,6230,0,0,0,45,0,0,0,235,0,0,0,801,0,0,0,E00C58E0C4C21F479E1F2B41484655DE1163DA41EDA52AB31BEB0F9E2D2D49EC,69C5F59E594F68906A287805AF5DAAD9879E3527192882E39B8E851E5D953886,F7B7067CB7656AF297DDA5E20EEF4BA6C72942D3E95052EA2E0757C11CABC42D
heavy,6,12,910612,run,10,0,9,501,0,3,17,0,8,10,2,40,14,13,2,4,3,3,3,survival;manor-short:meta:timber;vassal-short:meta:timber,6230,0,0,0,45,0,0,0,235,0,0,0,801,0,0,0,3062CDD011FA5EDDFB5CD55206CE443DDC3342F1FFCD5083313FFB392F3D44AA,71681F68596E192E50808AAE54B94632ECF10524E4CC9641DA69DBCC1E143C11,F7B7067CB7656AF297DDA5E20EEF4BA6C72942D3E95052EA2E0757C11CABC42D
heavy,7,0,0,idle,0,0,9,0,0,0,0,0,0,0,0,40,14,13,2,4,3,3,3,manor-short:meta:timber;vassal-short:meta:timber,6275,45,0,0,75,30,0,0,250,15,0,0,816,15,0,0,,29138B94E51A845E7A57BA7A78E9514071973FD761CD315D89B4A9587FDFA1F5,F7B7067CB7656AF297DDA5E20EEF4BA6C72942D3E95052EA2E0757C11CABC42D
heavy,7,1,910701,run,10,0,9,799,0,5,27,0,17,41,2,40,14,13,2,4,3,3,3,survival;manor-short:meta:timber;vassal-short:meta:timber,6275,0,0,0,75,0,0,0,250,0,0,0,816,0,0,0,439977CB1EAA3013DA1FA0141BB258D1AF2770656517F60E275DF8237553E59D,B7B86581F8438805C06812A2C26029E6B7585AB954012CFF1D6272D9509B9E81,F7B7067CB7656AF297DDA5E20EEF4BA6C72942D3E95052EA2E0757C11CABC42D
heavy,7,2,910702,run,10,0,9,481,0,3,17,0,8,15,2,40,14,13,2,4,3,3,3,survival;manor-short:meta:timber;vassal-short:meta:timber,6275,0,0,0,75,0,0,0,250,0,0,0,816,0,0,0,4AEDDE4136B7D10E8DEC446961784BF3B299E3CD77ADE46B7651595B68669629,9907E3884333AB8F5EFC7D4CE208F2273096508026F63432F705CCA1C9AD8416,F7B7067CB7656AF297DDA5E20EEF4BA6C72942D3E95052EA2E0757C11CABC42D
heavy,7,3,910703,run,10,0,9,603,0,5,21,0,9,36,3,40,14,13,2,4,3,3,3,survival;manor-short:meta:timber;vassal-short:meta:timber,6275,0,0,0,75,0,0,0,250,0,0,0,816,0,0,0,44A3E45E9CA3F6F6FBEB3C05EE36F4DE744B7B9D88EB606388ED0D55BC275107,325F90C198FA539911084B9431C2C908CDE96DF225F0BA1443CB34423AB2E7BF,F7B7067CB7656AF297DDA5E20EEF4BA6C72942D3E95052EA2E0757C11CABC42D
heavy,7,4,910704,run,10,0,9,517,0,3,18,0,9,15,2,40,14,13,2,4,3,3,3,survival;manor-short:meta:timber;vassal-short:meta:timber,6275,0,0,0,75,0,0,0,250,0,0,0,816,0,0,0,6C49D41B8FE1462FAD42572B5B8CC4A39AA01A028ED5C03C4667121F846DF85D,211FC49881FABC8883C7245CB6A68137845CE7E589A0F0FE0D818876969527FC,F7B7067CB7656AF297DDA5E20EEF4BA6C72942D3E95052EA2E0757C11CABC42D
heavy,7,5,910705,run,10,0,9,979,0,6,33,0,19,59,1,40,14,13,2,4,3,3,3,survival;manor-short:meta:timber;vassal-short:meta:timber,6275,0,0,0,75,0,0,0,250,0,0,0,816,0,0,0,A6BF15F7C788F9B087A8FB92921E48B9186AB3984B6378E90DCEA4C1B36A06AE,9B5499AEF5DD507CE17EE83747F56E81CD12ED5A605C6DE92F27D153602BF2AB,F7B7067CB7656AF297DDA5E20EEF4BA6C72942D3E95052EA2E0757C11CABC42D
heavy,7,6,910706,run,10,0,9,507,0,3,17,0,8,12,2,40,14,13,2,4,3,3,3,survival;manor-short:meta:timber;vassal-short:meta:timber,6275,0,0,0,75,0,0,0,250,0,0,0,816,0,0,0,D41A6F154DB94456D36984BDCC10E40B925CCB83FD83FC684030B78ADCE8760B,A9CA2DA1DFD56B3C57A1AC67B1B9247F3378B4612193F7CEE6532D5949336FE4,F7B7067CB7656AF297DDA5E20EEF4BA6C72942D3E95052EA2E0757C11CABC42D
heavy,7,7,910707,run,10,0,9,522,0,3,18,0,8,13,2,40,14,13,2,4,3,3,3,survival;manor-short:meta:timber;vassal-short:meta:timber,6275,0,0,0,75,0,0,0,250,0,0,0,816,0,0,0,14E90947C6B2D5167711A497D9289D690794B9244E257102F75CE1C72558C1F8,5CC0863424CFFD4F861FB1B76BBB31CCD4E4575E31AA31E69B771AC07A5B1256,F7B7067CB7656AF297DDA5E20EEF4BA6C72942D3E95052EA2E0757C11CABC42D
heavy,7,8,910708,run,10,1,10,27000,1,47,330,0,58,13485,2894,43,17,13,2,5,4,3,3,manor-short:meta:timber;vassal-short:meta:timber,6601,656,330,0,6,206,275,0,204,139,185,0,860,124,80,0,D2BCC41C89301709146B340FBE127FEA4439866C5EF504E8477D9845EA7C715F,3271C0397A7E302DEA18162A204040DCD037C8ECCC30DD62F01FBC1EA32372C5,F7B7067CB7656AF297DDA5E20EEF4BA6C72942D3E95052EA2E0757C11CABC42D
heavy,7,9,910709,run,10,0,10,506,0,3,17,0,8,11,2,43,17,13,2,5,4,3,3,survival;manor-short:meta:timber;vassal-short:meta:timber,6601,0,0,0,6,0,0,0,204,0,0,0,860,0,0,0,2B350830F2E99915B609B7EA40C0FED070509E3E981574E8A2A4069F7920E96D,FA97076A17421ED8C737545C5BA59D014C78796DEA16CADAE55E06AFCED8F5DF,F7B7067CB7656AF297DDA5E20EEF4BA6C72942D3E95052EA2E0757C11CABC42D
heavy,7,10,910710,run,10,0,10,480,0,3,16,0,8,9,2,43,17,13,2,5,4,3,3,survival;manor-short:meta:timber;vassal-short:meta:timber,6601,0,0,0,6,0,0,0,204,0,0,0,860,0,0,0,C378E050A345B79B20768AE2238BD9DD521A34B1A8FF5953C472B0315A71308E,322056D12C26C643557508C13A94A2A6D1A132835F6342B2CBFC862BA4491BC9,F7B7067CB7656AF297DDA5E20EEF4BA6C72942D3E95052EA2E0757C11CABC42D
heavy,7,11,910711,run,10,0,10,507,0,3,17,0,8,10,2,43,17,13,2,5,4,3,3,survival;manor-short:meta:timber;vassal-short:meta:timber,6601,0,0,0,6,0,0,0,204,0,0,0,860,0,0,0,1119FC1638A319AA8AB73DA51D6678FAA81AEB89EFBC39D80D2E82CCD29A4DD3,E6C12C31F2EFCD5A33D5B334881D6E515C5CB31B5180A848566F461CFEF8914D,F7B7067CB7656AF297DDA5E20EEF4BA6C72942D3E95052EA2E0757C11CABC42D
heavy,7,12,910712,run,10,0,10,494,0,3,17,0,8,13,2,43,17,13,2,5,4,3,3,survival;manor-short:meta:timber;vassal-short:meta:timber,6601,0,0,0,6,0,0,0,204,0,0,0,860,0,0,0,8DE053FA2850759456F267BFDE12084897B0D0CADD900718F92CADCFBAA8C8C7,B26176F0965A07E2276680F1D1EB6EFE95E15948DAF401CFF43C6FAE2D8C8AB7,F7B7067CB7656AF297DDA5E20EEF4BA6C72942D3E95052EA2E0757C11CABC42D
heavy,8,0,0,idle,0,0,10,0,0,0,0,0,0,0,0,43,17,13,2,5,4,3,3,manor-short:meta:timber;vassal-short:meta:timber,6646,45,0,0,36,30,0,0,219,15,0,0,875,15,0,0,,B777E1B21983A83752F6C24D874ACC97C52A0EE45C0958C251D14E96513C63CA,F7B7067CB7656AF297DDA5E20EEF4BA6C72942D3E95052EA2E0757C11CABC42D
heavy,8,1,910801,run,10,0,10,517,0,3,18,0,8,12,2,43,17,13,2,5,4,3,3,survival;manor-short:meta:timber;vassal-short:meta:timber,6646,0,0,0,36,0,0,0,219,0,0,0,875,0,0,0,46C2D0D7F0D86B51866CC511245CD7A962B5A96FF5F7C706D42A5052A695EB8A,E0545C46E59CB8AD21162D6E89D5D371F8FE640BDCF9DAEDA372F9447E57C706,F7B7067CB7656AF297DDA5E20EEF4BA6C72942D3E95052EA2E0757C11CABC42D
heavy,8,2,910802,run,10,0,10,3762,0,15,183,0,25,407,187,43,17,13,2,5,4,3,3,survival;manor-short:meta:timber;vassal-short:meta:timber,6800,154,0,0,42,6,0,0,225,6,0,0,885,10,0,0,59F9C67DE6B136FF7420003BC6847FE2269CFCCFFED0CEF84A04ABE35285934B,6740D967160BC175568EF81FB828F03A5024AFF440C6445552333F6402E878E7,F7B7067CB7656AF297DDA5E20EEF4BA6C72942D3E95052EA2E0757C11CABC42D
heavy,8,3,910803,run,10,0,10,493,0,3,17,0,8,11,2,43,17,13,2,5,4,3,3,survival;manor-short:meta:timber;vassal-short:meta:timber,6800,0,0,0,42,0,0,0,225,0,0,0,885,0,0,0,899C00BFACFA6FC212BC160D5ED9E6E0702AAA9AC435880AAE00087C21F025C2,5DFD226BB7BC7E15BD89816FC4B42F828D7FDCB4D24B4DE33515D6E43F6A083E,F7B7067CB7656AF297DDA5E20EEF4BA6C72942D3E95052EA2E0757C11CABC42D
heavy,8,4,910804,run,10,0,10,558,0,4,23,0,9,17,2,43,17,13,2,5,4,3,3,survival;manor-short:meta:timber;vassal-short:meta:timber,6800,0,0,0,42,0,0,0,225,0,0,0,885,0,0,0,AA05167B71417F8DF5FAA42FE894564F8BA96ED114D0F2B07159D9C33C804C31,510A5A4D2EB295E0816A355AC75D32CCFB7609B3AD68A5E9E5FB3EB536CA8A8C,F7B7067CB7656AF297DDA5E20EEF4BA6C72942D3E95052EA2E0757C11CABC42D
heavy,8,5,910805,run,10,0,10,27000,0,43,330,0,60,10542,2227,43,17,13,2,5,4,3,3,boss-not-defeated;manor-short:meta:timber;vassal-short:meta:timber,6976,176,0,0,59,17,0,0,242,17,0,0,909,24,0,0,6903644EB33EB04CE6DE4E5D477A607120874A23E4AF9B5AC2C41CE1B383F141,8D3B66572EA9043299548A66EFAF22CEB4245A9628FFCD1E98D0A8BC3CBAD498,F7B7067CB7656AF297DDA5E20EEF4BA6C72942D3E95052EA2E0757C11CABC42D
heavy,8,6,910806,run,10,0,10,524,0,3,18,0,9,11,2,43,17,13,2,5,4,3,3,survival;manor-short:meta:timber;vassal-short:meta:timber,6976,0,0,0,59,0,0,0,242,0,0,0,909,0,0,0,19E002411B2A664FDAD69FE3059BF8811E066EC1C360FD7946FB2028D93A35B6,A74B927BB8AD1267E2C72DD08C523F44849F10468E96F9620255223ECF1CCA21,F7B7067CB7656AF297DDA5E20EEF4BA6C72942D3E95052EA2E0757C11CABC42D
heavy,8,7,910807,run,10,0,10,27000,0,39,291,0,41,9162,828,43,17,13,2,5,4,3,3,boss-not-defeated;manor-short:meta:timber;vassal-short:meta:timber,7152,176,0,0,74,15,0,0,257,15,0,0,925,16,0,0,A7968EF46A5CA4A241F2B88EA7BAB91057EDE5443B07B18C1524A3D6359A3285,4B2C46BCC5B8B877C18EAC0AFDF5EC52A4D2B62CBB40AE9F522F1439252059EB,F7B7067CB7656AF297DDA5E20EEF4BA6C72942D3E95052EA2E0757C11CABC42D
heavy,8,8,910808,run,10,0,10,521,0,3,18,0,8,14,2,43,17,13,2,5,4,3,3,survival;manor-short:meta:timber;vassal-short:meta:timber,7152,0,0,0,74,0,0,0,257,0,0,0,925,0,0,0,E69077BEB0112B328EF3B1674996D7C0E9E9929429510A8C82603C9253EF305F,4F7DA8879AC78AA361545B69A6FAD7CA2E4820FF7934CB4424C8C1AAA7A27419,F7B7067CB7656AF297DDA5E20EEF4BA6C72942D3E95052EA2E0757C11CABC42D
heavy,8,9,910809,run,10,0,10,499,0,3,17,0,8,7,2,43,17,13,2,5,4,3,3,survival;manor-short:meta:timber;vassal-short:meta:timber,7152,0,0,0,74,0,0,0,257,0,0,0,925,0,0,0,7B302EB250E67A69216598BBEF535D94F5F71F19AF1F9A72790D17A6B57D42C8,FE4961B082C9E3E54E48DDCDF6D5D97A446F7FF83B0AC570C450F6040F04A440,F7B7067CB7656AF297DDA5E20EEF4BA6C72942D3E95052EA2E0757C11CABC42D
heavy,8,10,910810,run,10,0,10,501,0,3,17,0,8,14,2,43,17,13,2,5,4,3,3,survival;manor-short:meta:timber;vassal-short:meta:timber,7152,0,0,0,74,0,0,0,257,0,0,0,925,0,0,0,F43E55E478CEB6128980B45838AEE278FC8590AD1449132B538AEAA0150B8BA8,B644383AF6833336463EAEC2EB35F73939CBC15980EA907C3A32E683E271A720,F7B7067CB7656AF297DDA5E20EEF4BA6C72942D3E95052EA2E0757C11CABC42D
heavy,8,11,910811,run,10,0,10,776,0,5,26,0,10,38,2,43,17,13,2,5,4,3,3,survival;manor-short:meta:timber;vassal-short:meta:timber,7152,0,0,0,74,0,0,0,257,0,0,0,925,0,0,0,6730D4E3F40FF880AAEFC44E0C26355B053A92711713814CEF2AB2267B6756CA,FA0DE00F42953C64EDD9197EDEBA520A08E6056096FBB4BFB3B9F8E20083BF6A,F7B7067CB7656AF297DDA5E20EEF4BA6C72942D3E95052EA2E0757C11CABC42D
heavy,8,12,910812,run,10,0,10,654,0,4,22,0,9,30,2,43,17,13,2,5,4,3,3,survival;manor-short:meta:timber;vassal-short:meta:timber,7152,0,0,0,74,0,0,0,257,0,0,0,925,0,0,0,4C6DA8B3207345ADA3E589D5B8F2DC4981BB50D2F601725275744B8C38D9DC42,026289D235FFC4DB5F81E36A626A8C6B3D94F7FDE7883AC52D8FF7790DB6B01F,F7B7067CB7656AF297DDA5E20EEF4BA6C72942D3E95052EA2E0757C11CABC42D
heavy,9,0,0,idle,0,0,10,0,0,0,0,0,0,0,0,43,17,14,2,5,4,3,3,manor-short:meta:timber;vassal-short:meta:timber,7065,45,132,0,0,30,104,0,194,15,78,0,902,15,38,0,,8C927F350BC1A9A12000D052E216AADB7299C4AB3B3CC883DF381AD85AF113A0,F7B7067CB7656AF297DDA5E20EEF4BA6C72942D3E95052EA2E0757C11CABC42D
heavy,9,1,910901,run,10,0,10,508,0,3,17,0,8,10,2,43,17,14,2,5,4,3,3,survival;manor-short:meta:timber;vassal-short:meta:timber,7065,0,0,0,0,0,0,0,194,0,0,0,902,0,0,0,BDF1178F5C7D62AA5D26564937A2948B1770898E9DB9F283511EC7C1D70479EE,C29F6D2C4E00CF3282E40C3B19AE3A3CB234B3262A0748AD65BE9FB8E9BE2EA8,F7B7067CB7656AF297DDA5E20EEF4BA6C72942D3E95052EA2E0757C11CABC42D
heavy,9,2,910902,run,10,0,10,528,0,3,18,0,8,9,2,43,17,14,2,5,4,3,3,survival;manor-short:meta:timber;vassal-short:meta:timber,7065,0,0,0,0,0,0,0,194,0,0,0,902,0,0,0,2E92840231B9D42561B20E0CD74FAD1D18FD236D27BA3E2E54FB5FA5BE487638,2453E5BCE142562D3888AFB047864D07B8EA5A923D80E16C2131C27D591469C2,F7B7067CB7656AF297DDA5E20EEF4BA6C72942D3E95052EA2E0757C11CABC42D
heavy,9,3,910903,run,10,0,10,457,0,3,16,0,8,10,1,43,17,14,2,5,4,3,3,survival;manor-short:meta:timber;vassal-short:meta:timber,7065,0,0,0,0,0,0,0,194,0,0,0,902,0,0,0,24F333F67E8B2F29008CDCE1F18BA8B139E7FD4BF0574AE9078723994FF7309D,995CC62603B889B298F4C5F47684F010213257B981F3233AD73CDB18B8779421,F7B7067CB7656AF297DDA5E20EEF4BA6C72942D3E95052EA2E0757C11CABC42D
heavy,9,4,910904,run,10,0,10,518,0,3,18,0,8,11,2,43,17,14,2,5,4,3,3,survival;manor-short:meta:timber;vassal-short:meta:timber,7065,0,0,0,0,0,0,0,194,0,0,0,902,0,0,0,F6BD25051023A12C06EE536F5B19DE480A3B81998744627B091B250568BF862F,5CF1EDB8AD0402112108CDD0253194ADAD1F146B42FF9F18749E2B74C61416A6,F7B7067CB7656AF297DDA5E20EEF4BA6C72942D3E95052EA2E0757C11CABC42D
heavy,9,5,910905,run,10,0,10,507,0,3,17,0,8,12,2,43,17,14,2,5,4,3,3,survival;manor-short:meta:timber;vassal-short:meta:timber,7065,0,0,0,0,0,0,0,194,0,0,0,902,0,0,0,6E9408B4772002F84C9CCC2761392C837D0494ED063AED5E3906B0DFA1A5ADB1,07A62F1D0E15A47D8A3F1454E9DF096435DAFC177E119289FFE4B3068DF1D45E,F7B7067CB7656AF297DDA5E20EEF4BA6C72942D3E95052EA2E0757C11CABC42D
heavy,9,6,910906,run,10,0,10,526,0,3,18,0,8,11,2,43,17,14,2,5,4,3,3,survival;manor-short:meta:timber;vassal-short:meta:timber,7065,0,0,0,0,0,0,0,194,0,0,0,902,0,0,0,4B5B590FDAE714AB64C49B1ECCABF1F3F2D86A2C4874A991B443A478324DD900,50E2E33D2FE8624A4D4FAD5F0AF5342CF010A0F9737D89E2621BF9B4C74EB26B,F7B7067CB7656AF297DDA5E20EEF4BA6C72942D3E95052EA2E0757C11CABC42D
heavy,9,7,910907,run,10,0,10,517,0,3,18,0,8,8,2,43,17,14,2,5,4,3,3,survival;manor-short:meta:timber;vassal-short:meta:timber,7065,0,0,0,0,0,0,0,194,0,0,0,902,0,0,0,63F25C55A5B96F0EC6157D9A0F2DFD5EFFF324945F34961F223B8581E5B13D2F,B86181E3E35F172BB20720CC4FD195A0F6F182185108D7DECD04E43376CCCCFD,F7B7067CB7656AF297DDA5E20EEF4BA6C72942D3E95052EA2E0757C11CABC42D
heavy,9,8,910908,run,10,0,10,520,0,3,18,0,8,13,2,43,17,14,2,5,4,3,3,survival;manor-short:meta:timber;vassal-short:meta:timber,7065,0,0,0,0,0,0,0,194,0,0,0,902,0,0,0,BF233BAC8C516F64DCA6DBC7D6DFC33F04029E1C9D321EC65009AA8F56FBC289,09552A8DB7D67E9508AACEA9DD33C1687AF2DBF348377255758CB72EC025BDB1,F7B7067CB7656AF297DDA5E20EEF4BA6C72942D3E95052EA2E0757C11CABC42D
heavy,9,9,910909,run,10,0,10,526,0,4,18,0,8,22,2,43,17,14,2,5,4,3,3,survival;manor-short:meta:timber;vassal-short:meta:timber,7065,0,0,0,0,0,0,0,194,0,0,0,902,0,0,0,7D4C700A46098550F5CBD9C1BC6A756D1469D16E8E1E66C6A8DD2BDF59BC313F,712DD29FD127112DB2189897FD53B9434EC3D323056F4E70CBE4D738EE99A1E6,F7B7067CB7656AF297DDA5E20EEF4BA6C72942D3E95052EA2E0757C11CABC42D
heavy,9,10,910910,run,10,0,10,520,0,3,18,0,8,16,2,43,17,14,2,5,4,3,3,survival;manor-short:meta:timber;vassal-short:meta:timber,7065,0,0,0,0,0,0,0,194,0,0,0,902,0,0,0,6548958DAEF06FC27DF96C5A77663D738D083B412DDC14166B6191CC46FBF980,4CAFF06AF7D2A788694FDFDAB45EC1D1A879CD2D6624C59A1F359DC6DDCF0111,F7B7067CB7656AF297DDA5E20EEF4BA6C72942D3E95052EA2E0757C11CABC42D
heavy,9,11,910911,run,10,0,10,27000,0,44,330,0,60,11404,2300,43,17,14,2,5,4,3,3,boss-not-defeated;manor-short:meta:timber;vassal-short:meta:timber,7241,176,0,0,17,17,0,0,211,17,0,0,926,24,0,0,E216B33BDBCA10273CED3EFBD9E2CF78C8D966222902E09419BCF4C6B05672B4,CBEF67D6CFCA15EA48A8EF5537C46EC550019EC75F52193C364568123CD7A5BB,F7B7067CB7656AF297DDA5E20EEF4BA6C72942D3E95052EA2E0757C11CABC42D
heavy,9,12,910912,run,10,0,10,1680,0,9,76,0,15,99,40,43,17,14,2,5,4,3,3,survival;manor-short:meta:timber;vassal-short:meta:timber,7241,0,0,0,17,0,0,0,211,0,0,0,926,0,0,0,953C622FF41CDB6FE2AF62BBF0AAD7FFD109184917FA8AB5909F69B1C99BD029,60C71AA080A5C3863989A48FCAF71452E19668C8056D60E00C90A21EBC860AC6,F7B7067CB7656AF297DDA5E20EEF4BA6C72942D3E95052EA2E0757C11CABC42D
heavy,10,0,0,idle,0,0,10,0,0,0,0,0,0,0,0,43,17,14,2,5,4,3,3,manor-short:meta:timber;vassal-short:meta:timber,7286,45,0,0,47,30,0,0,226,15,0,0,941,15,0,0,,CE0F3606583C83BD623B2145C9CEF2F5FB80F7AEE7A1EA15CECE0F34DFC9A034,F7B7067CB7656AF297DDA5E20EEF4BA6C72942D3E95052EA2E0757C11CABC42D
heavy,10,1,911001,run,10,0,10,550,0,3,19,0,9,12,2,43,17,14,2,5,4,3,3,survival;manor-short:meta:timber;vassal-short:meta:timber,7286,0,0,0,47,0,0,0,226,0,0,0,941,0,0,0,71000ED023A1AA52345CFF4E5AA8EB42A8274F149BD99F158B13A4ADD32EFFBB,E3B2EF3FA1B120BEE0B846510347BCF3ADFC77E621B3690AC9DF4AE48D75B584,F7B7067CB7656AF297DDA5E20EEF4BA6C72942D3E95052EA2E0757C11CABC42D
heavy,10,2,911002,run,10,0,10,573,0,4,20,0,9,17,2,43,17,14,2,5,4,3,3,survival;manor-short:meta:timber;vassal-short:meta:timber,7286,0,0,0,47,0,0,0,226,0,0,0,941,0,0,0,0BE194A141AA110DF92D509F79EE5AB0638F8169E660BB63509D7FD08988BFD8,F39AEDE293612901A621C589AA9DEFE9D246B536B82B5772863C5CC3991DFD07,F7B7067CB7656AF297DDA5E20EEF4BA6C72942D3E95052EA2E0757C11CABC42D
heavy,10,3,911003,run,10,0,10,499,0,3,17,0,8,16,2,43,17,14,2,5,4,3,3,survival;manor-short:meta:timber;vassal-short:meta:timber,7286,0,0,0,47,0,0,0,226,0,0,0,941,0,0,0,86D46DAF38D0177D73062523274063D8F3D2904D6F41D202CC5D997B2691F1E7,258A7BBB1A970181BB3EC3D422C5EDD98728BC80AE49B50BECDB4572A25ACB99,F7B7067CB7656AF297DDA5E20EEF4BA6C72942D3E95052EA2E0757C11CABC42D
heavy,10,4,911004,run,10,0,10,447,0,3,15,0,8,9,1,43,17,14,2,5,4,3,3,survival;manor-short:meta:timber;vassal-short:meta:timber,7286,0,0,0,47,0,0,0,226,0,0,0,941,0,0,0,7C9B8C56457031D18FC9DC3D017932FAE5F029B898FE316D1216EF2AD9674ACC,3D28A83C0E538D700B775C406507A406FE43C41DF53BF2EDEBC90EB78E4C0010,F7B7067CB7656AF297DDA5E20EEF4BA6C72942D3E95052EA2E0757C11CABC42D
heavy,10,5,911005,run,10,0,10,13513,0,27,330,0,60,2368,825,43,17,14,2,5,4,3,3,survival;manor-short:meta:timber;vassal-short:meta:timber,7462,176,0,0,57,10,0,0,236,10,0,0,965,24,0,0,565511D054CDC4180B3A660B0A3D473F752DCFE40EFFD56D9341B848F34E5F74,A096DF11DAC79CF5E40DB2634E99698CCDD613557B52D60800B617A6038778A0,F7B7067CB7656AF297DDA5E20EEF4BA6C72942D3E95052EA2E0757C11CABC42D
heavy,10,6,911006,run,10,0,10,533,0,4,18,0,8,20,2,43,17,14,2,5,4,3,3,survival;manor-short:meta:timber;vassal-short:meta:timber,7462,0,0,0,57,0,0,0,236,0,0,0,965,0,0,0,0A7AA539A0E55034DCFF9B23B983E8073F6DB33DB292C7DB4D4E8E4FEC4B21D6,CFAACA953FD70F93E5DBCC1771B598BF0118B056835A9B9B8F8AE0AF41EC7BA6,F7B7067CB7656AF297DDA5E20EEF4BA6C72942D3E95052EA2E0757C11CABC42D
heavy,10,7,911007,run,10,0,10,823,0,5,28,0,10,40,2,43,17,14,2,5,4,3,3,survival;manor-short:meta:timber;vassal-short:meta:timber,7462,0,0,0,57,0,0,0,236,0,0,0,965,0,0,0,75FDFA94ABDA9CB81E8B50E9A2DE723AB9123FB3EC241DFCE209F2BAB344E957,B99FBD54CF6D63BB86F27EB0D89C294A8F575B32B653A18440EAF8781EB48E13,F7B7067CB7656AF297DDA5E20EEF4BA6C72942D3E95052EA2E0757C11CABC42D
heavy,10,8,911008,run,10,0,10,495,0,3,17,0,8,14,2,43,17,14,2,5,4,3,3,survival;manor-short:meta:timber;vassal-short:meta:timber,7462,0,0,0,57,0,0,0,236,0,0,0,965,0,0,0,F250B3BD612F2E63E9399E91065157B7D7C53B13325ACA7931C6E94DD48A1D43,906329EA086978B02D50B25B69988BC5D896ED75FB3E70260E7162E92D77264B,F7B7067CB7656AF297DDA5E20EEF4BA6C72942D3E95052EA2E0757C11CABC42D
heavy,10,9,911009,run,10,0,10,27000,0,41,330,0,60,9804,1533,43,17,14,2,5,4,3,3,boss-not-defeated;manor-short:meta:timber;vassal-short:meta:timber,7638,176,0,0,73,16,0,0,252,16,0,0,989,24,0,0,87A885D2288254F2AAC9B433F12D7332093C1DD0F3D9928D311C3802DB352F86,DD9ECCE0A117AF1481000287541DBE5AE082F40462D69EA17A6F58C2FE480B6F,F7B7067CB7656AF297DDA5E20EEF4BA6C72942D3E95052EA2E0757C11CABC42D
heavy,10,10,911010,run,10,1,10,27000,1,46,330,0,60,12575,3025,43,17,14,2,5,4,3,3,manor-short:meta:timber;vassal-short:meta:timber,7902,264,0,0,106,33,0,0,285,33,0,0,1028,39,0,0,0699EBF694988FBF734AE7E1CCDD1C494B9D6C181C0EC39ADD9D1CCA2C98DB5B,81BD7C2F7C85C5A266F3E2FDE3ED38516DD7C14C215F276331C4D5730632011E,F7B7067CB7656AF297DDA5E20EEF4BA6C72942D3E95052EA2E0757C11CABC42D
heavy,10,11,911011,run,10,0,10,517,0,3,18,0,8,11,2,43,17,14,2,5,4,3,3,survival;manor-short:meta:timber;vassal-short:meta:timber,7902,0,0,0,106,0,0,0,285,0,0,0,1028,0,0,0,72B2C9BEC757AD50B530CAA54EE6F85C6BCAD47A10D5D0033B60839258F8CB4D,84879AF81F03AFAE18A14ABACD73FDF9A00CAC988E66B5ED0281C11BFF645964,F7B7067CB7656AF297DDA5E20EEF4BA6C72942D3E95052EA2E0757C11CABC42D
heavy,10,12,911012,run,10,0,10,540,0,4,18,0,8,20,2,43,17,14,2,5,4,3,3,survival;manor-short:meta:timber;vassal-short:meta:timber,7902,0,0,0,106,0,0,0,285,0,0,0,1028,0,0,0,B394F462FED8871945CF88A6B5D32D38BA46A821AE67D11AFC8C36E51E1C5C69,286D3C36AFF88FDB1D821A922C9B9D2D40CC05580C4356AA626D7D7A143FE9FF,F7B7067CB7656AF297DDA5E20EEF4BA6C72942D3E95052EA2E0757C11CABC42D
heavy,11,0,0,idle,0,0,10,0,0,0,0,0,0,0,0,44,18,15,2,5,4,3,3,manor-short:meta:timber;vassal-short:meta:timber,7879,119,142,0,75,81,112,0,244,43,84,0,1023,36,41,0,,2E075F70855799228FD0DD3718C4D75B61469B69D497851F67ABDCBCF3E6A226,F7B7067CB7656AF297DDA5E20EEF4BA6C72942D3E95052EA2E0757C11CABC42D
heavy,11,1,911101,run,10,0,10,669,0,5,23,0,9,35,2,44,18,15,2,5,4,3,3,survival;manor-short:meta:timber;vassal-short:meta:timber,7879,0,0,0,75,0,0,0,244,0,0,0,1023,0,0,0,12A85D96771E373AAF1C88F653C788FE72674BD2FF5441C0A3922059D2C5F1A3,81BFDD24FC5CF7ECCA912FAC291F95DF5FF1FB16EEA4809F1C8F2597E5973130,F7B7067CB7656AF297DDA5E20EEF4BA6C72942D3E95052EA2E0757C11CABC42D
heavy,11,2,911102,run,10,0,10,514,0,3,18,0,8,10,2,44,18,15,2,5,4,3,3,survival;manor-short:meta:timber;vassal-short:meta:timber,7879,0,0,0,75,0,0,0,244,0,0,0,1023,0,0,0,31C60F1F8CC742F5AD655AD62C35C783117C96F0F598D4D3D5913466897D60F2,C1747414EC6B11231827D0F0CF11004D9CCC3FD664E4CBE6130BB61A916A4CC5,F7B7067CB7656AF297DDA5E20EEF4BA6C72942D3E95052EA2E0757C11CABC42D
heavy,11,3,911103,run,10,0,10,687,0,5,23,0,9,35,2,44,18,15,2,5,4,3,3,survival;manor-short:meta:timber;vassal-short:meta:timber,7879,0,0,0,75,0,0,0,244,0,0,0,1023,0,0,0,27A3DDDB9D03847617AE42252ADFA2D661482158D3180D2D59B2BA7CC8319FE7,C9D4BF55EB466B1E3B71DDC504DF17385461C9B63B8C977CA786F9B7D8F6AF17,F7B7067CB7656AF297DDA5E20EEF4BA6C72942D3E95052EA2E0757C11CABC42D
heavy,11,4,911104,run,10,0,10,1828,0,9,61,0,16,124,31,44,18,15,2,5,4,3,3,survival;manor-short:meta:timber;vassal-short:meta:timber,7919,40,0,0,78,3,0,0,247,3,0,0,1029,6,0,0,393BCDCD2A01EDD82EF30C2B366DC2591E4E4193AFEDA5A921B4EB2DAE5908EF,461B5C342E06C89EFD85D1FF5760B8588ACC27B03D902A5C8AF88E88AA73AD45,F7B7067CB7656AF297DDA5E20EEF4BA6C72942D3E95052EA2E0757C11CABC42D
heavy,11,5,911105,run,10,0,10,527,0,3,18,0,8,13,2,44,18,15,2,5,4,3,3,survival;manor-short:meta:timber;vassal-short:meta:timber,7919,0,0,0,78,0,0,0,247,0,0,0,1029,0,0,0,F0AE96ED7FB93BC4CD690B2E39B423C7AA0082CC0936519A5178F873B7BE9EA8,262058511FFB2D48AF0F3DE531815719ED55D5FBD8B9A44F5A548993DF5885A0,F7B7067CB7656AF297DDA5E20EEF4BA6C72942D3E95052EA2E0757C11CABC42D
heavy,11,6,911106,run,10,0,10,27000,0,56,330,0,57,16164,9707,44,18,15,2,5,4,3,3,boss-not-defeated;manor-short:meta:timber;vassal-short:meta:timber,8095,176,0,0,100,22,0,0,269,22,0,0,1051,22,0,0,CAA29BD734FCC3695C6A6E613B89CE0A1D0EF1996D7F9D40875FBCE1DCF31BA8,B4AD38F87A493BC6BC2F206EF386B47D6210D88CB0B0C0E3945669A42ABE4A09,F7B7067CB7656AF297DDA5E20EEF4BA6C72942D3E95052EA2E0757C11CABC42D
heavy,11,7,911107,run,10,0,10,3048,0,11,102,0,28,258,45,44,18,15,2,5,4,3,3,survival;manor-short:meta:timber;vassal-short:meta:timber,8158,63,0,0,104,4,0,0,273,4,0,0,1062,11,0,0,39D4422B053FA211AEEF4F760053C4502AC303303746627D4DC5F2B5A4E2D9A7,A7DA9D3A035B8ABBE480DB447AC5E5668B436D73C3B051A1F1BCAE36F5A009B6,F7B7067CB7656AF297DDA5E20EEF4BA6C72942D3E95052EA2E0757C11CABC42D
heavy,11,8,911108,run,10,0,10,498,0,3,17,0,8,12,2,44,18,15,2,5,4,3,3,survival;manor-short:meta:timber;vassal-short:meta:timber,8158,0,0,0,104,0,0,0,273,0,0,0,1062,0,0,0,B09FAF354D196796962DDFACE8993D2598C1CD18D6C66F496321C235C83DBD22,8A031B276AA5D3CBE9CA0780CF39DF33A9679FD7925CD94E3CEB77367CDF1247,F7B7067CB7656AF297DDA5E20EEF4BA6C72942D3E95052EA2E0757C11CABC42D
heavy,11,9,911109,run,10,0,10,27000,0,51,330,0,60,15176,5600,44,18,15,2,5,4,3,3,boss-not-defeated;manor-short:meta:timber,8334,176,0,0,124,20,0,0,293,20,0,0,1086,24,0,0,D6E38334C456B194C218613188D75CDC97434A67E48C4A8E9AEA04BA06689FF2,36D168A10E2B1E92E745BFD12B685982BC630826B9E981FAE1B6C381299BB310,F7B7067CB7656AF297DDA5E20EEF4BA6C72942D3E95052EA2E0757C11CABC42D
heavy,11,10,911110,run,10,0,10,27000,0,52,330,0,60,15878,6106,44,18,15,2,5,4,3,3,boss-not-defeated;manor-short:meta:timber,8510,176,0,0,144,20,0,0,313,20,0,0,1110,24,0,0,F183FC105720875624935FDDA1B0BA4A98A7F0B1E0BB9A69FC1FD0C20BC8949C,4DA9F78AE2747C67C5B63CFFF6D23CB8947EB97619D3A68DF295C770D93A3690,F7B7067CB7656AF297DDA5E20EEF4BA6C72942D3E95052EA2E0757C11CABC42D
heavy,11,11,911111,run,10,0,10,1254,0,7,42,0,12,74,12,44,18,15,2,5,4,3,3,survival;manor-short:meta:timber,8510,0,0,0,144,0,0,0,313,0,0,0,1110,0,0,0,A6014EA767BE1063867E875C4A0E1B96C209CF926C8C02CF7DD6C8C2AC7C4BE4,E68DCCB2DFC2576632CE25DB10125AF3F270B65A5D8EACAA278DF2A025790A10,F7B7067CB7656AF297DDA5E20EEF4BA6C72942D3E95052EA2E0757C11CABC42D
heavy,11,12,911112,run,10,0,10,528,0,4,18,0,9,17,2,44,18,15,2,5,4,3,3,survival;manor-short:meta:timber,8510,0,0,0,144,0,0,0,313,0,0,0,1110,0,0,0,C68E9783EA537FADC1E64404B053BE614A20AEAFB52C71C73E1A41339055AD6D,75C44FC0BA3F60B819D90D6D222CBBF1AA72C7E0DC8405080BEF12BFA25465ED,F7B7067CB7656AF297DDA5E20EEF4BA6C72942D3E95052EA2E0757C11CABC42D
heavy,12,0,0,idle,0,0,10,0,0,0,0,0,0,0,0,44,18,15,2,5,4,3,4,manor-short:meta:timber;vassal-short:meta:timber,8358,45,197,0,6,30,168,0,202,15,126,0,1088,15,37,0,,1B6F929893D4677E459EE51EFB6DA0935E38745AE5948C82F8B1D1008A6DE1CD,F7B7067CB7656AF297DDA5E20EEF4BA6C72942D3E95052EA2E0757C11CABC42D
heavy,12,1,911201,run,10,0,10,27000,0,58,330,0,60,16344,11459,44,18,15,2,5,4,3,4,boss-not-defeated;manor-short:meta:timber;vassal-short:meta:timber,8512,176,22,0,13,23,16,0,213,23,12,0,1107,24,5,0,19F22BD0E704E01BA28AECB249CD8C599A1DB918214C702E1D8EA4A96D7530D9,AC6C3637015D33321DACDD58BA2C71D383215B8C5238C362CBB9F6CE7882032A,F7B7067CB7656AF297DDA5E20EEF4BA6C72942D3E95052EA2E0757C11CABC42D
heavy,12,2,911202,run,10,0,10,581,0,4,20,0,9,25,2,44,18,15,2,5,4,3,4,survival;manor-short:meta:timber;vassal-short:meta:timber,8512,0,0,0,13,0,0,0,213,0,0,0,1107,0,0,0,B9286CC5F3B71863EA3D5AED45A4864FBB7BC5B2B690883C7C4F47F57717122D,1F7A408DCE5B27494636ABA55F95CABAEA9994475D4C44D7B1CA3E09F911BC5A,F7B7067CB7656AF297DDA5E20EEF4BA6C72942D3E95052EA2E0757C11CABC42D
heavy,12,3,911203,run,10,0,10,520,0,4,18,0,8,18,2,44,18,15,2,5,4,3,4,survival;manor-short:meta:timber;vassal-short:meta:timber,8512,0,0,0,13,0,0,0,213,0,0,0,1107,0,0,0,DF54F3987F7B767158294AD12B9D87F2C00E1E004B604327C5FBEDED98F941BE,3BC33F90E9447F4BDA6F204EC461617889DD3CA54FA7ACD656B888D895F8BF26,F7B7067CB7656AF297DDA5E20EEF4BA6C72942D3E95052EA2E0757C11CABC42D
heavy,12,4,911204,run,10,0,10,27000,0,52,330,0,47,15617,5735,44,18,15,2,5,4,3,4,boss-not-defeated;manor-short:meta:timber;vassal-short:meta:timber,8656,176,32,0,9,20,24,0,215,20,18,0,1117,18,8,0,7A46B6B62FD0EE5A4F9F545012C2C227C866F2F83DBE97846D92171F99D03923,56AA063FD8A0F3FEF0108C88A8CCC91D314A63672DADD5B35E292181BC784D5C,F7B7067CB7656AF297DDA5E20EEF4BA6C72942D3E95052EA2E0757C11CABC42D
heavy,12,5,911205,run,10,0,10,505,0,3,17,0,8,9,2,44,18,15,2,5,4,3,4,survival;manor-short:meta:timber;vassal-short:meta:timber,8656,0,0,0,9,0,0,0,215,0,0,0,1117,0,0,0,24ABCE8C017CA3D6EE7E6F8E1D39B0D50995344D1C14715A22B65B13FAE72E00,37443A998E5FAC3A087501E825D3003E35AB578B4ADBB83BF896287EF8A27D4F,F7B7067CB7656AF297DDA5E20EEF4BA6C72942D3E95052EA2E0757C11CABC42D
heavy,12,6,911206,run,10,0,10,3899,0,11,103,0,26,255,46,44,18,15,2,5,4,3,4,survival;manor-short:meta:timber;vassal-short:meta:timber,8720,64,0,0,13,4,0,0,219,4,0,0,1127,10,0,0,9C930A93C209BFDD83020133E5E401F708DE44E02FF79F612C343BA9E88E1C52,3353120FC43A7CA11E8BA90DA1C56F56A7F8F431964C5E2D9672981FA5CE22F0,F7B7067CB7656AF297DDA5E20EEF4BA6C72942D3E95052EA2E0757C11CABC42D
heavy,12,7,911207,run,10,0,10,496,0,2,17,0,8,5,2,44,18,15,2,5,4,3,4,survival;manor-short:meta:timber;vassal-short:meta:timber,8720,0,0,0,13,0,0,0,219,0,0,0,1127,0,0,0,8FB652774A60696B36E8C395827CBE26BB698F5CDF13DFD9BDFF74699D2B0F8B,BF3C2033ED9F365A782C671AEF99A7D7F679FC8DE881F42311A10AE2C9777F62,F7B7067CB7656AF297DDA5E20EEF4BA6C72942D3E95052EA2E0757C11CABC42D
heavy,12,8,911208,run,10,0,10,549,0,3,19,0,9,14,2,44,18,15,2,5,4,3,4,survival;manor-short:meta:timber;vassal-short:meta:timber,8720,0,0,0,13,0,0,0,219,0,0,0,1127,0,0,0,E3C3D69CE7C167D5B581A6BE594A87FD40C784DEF162F0BBC187D165F57D6B3E,887556FC321031E3AAD12E149976176AE9D3F58E6D8D0772D0092884D34FB28C,F7B7067CB7656AF297DDA5E20EEF4BA6C72942D3E95052EA2E0757C11CABC42D
heavy,12,9,911209,run,10,0,10,1142,0,6,39,0,12,60,8,44,18,15,2,5,4,3,4,survival;manor-short:meta:timber;vassal-short:meta:timber,8720,0,0,0,13,0,0,0,219,0,0,0,1127,0,0,0,4938D7300A20CE82824B237B082A3A87CCC23D14DACA54FD363E16B30EB1E70B,CDC077A7D205D85C2261EA763ADF3E619FCD58EFE7800B4A24ED8C57A9835264,F7B7067CB7656AF297DDA5E20EEF4BA6C72942D3E95052EA2E0757C11CABC42D
heavy,12,10,911210,run,10,0,10,517,0,4,18,0,8,19,2,44,18,15,2,5,4,3,4,survival;manor-short:meta:timber;vassal-short:meta:timber,8720,0,0,0,13,0,0,0,219,0,0,0,1127,0,0,0,F22D83855E4B5BA83A906F1EE91963DD2E90CCCCBBF753A2F9EE1F5D99E986AB,E1A9EB240F3F4222FCE801446672A36D29C70557CC06C8B4D8FF6BBD4B964ECC,F7B7067CB7656AF297DDA5E20EEF4BA6C72942D3E95052EA2E0757C11CABC42D
heavy,12,11,911211,run,10,0,10,522,0,3,18,0,8,12,2,44,18,15,2,5,4,3,4,survival;manor-short:meta:timber;vassal-short:meta:timber,8720,0,0,0,13,0,0,0,219,0,0,0,1127,0,0,0,0C6950B186D32FAEBC13FFA41DBC51C5630A0D75372756250416F147A274DB18,1F0B639053F48BFE2BEA76ECDE5B05465A43E6C2319D981E803B6C0B00E18ED3,F7B7067CB7656AF297DDA5E20EEF4BA6C72942D3E95052EA2E0757C11CABC42D
heavy,12,12,911212,run,10,0,10,505,0,3,17,0,8,9,2,44,18,15,2,5,4,3,4,survival;manor-short:meta:timber;vassal-short:meta:timber,8720,0,0,0,13,0,0,0,219,0,0,0,1127,0,0,0,BB88BB901D7A4DFFEABE120472969E2D86B01DFB78D73855F8E95BC1D6300A22,62856B7634EBBBF9082991BA0079045E79929A726F925C3809A129D2E0B2D12B,F7B7067CB7656AF297DDA5E20EEF4BA6C72942D3E95052EA2E0757C11CABC42D
heavy,13,0,0,idle,0,0,10,0,0,0,0,0,0,0,0,44,18,15,2,5,4,3,4,manor-short:meta:timber;vassal-short:meta:timber,8723,45,42,0,11,30,32,0,210,15,24,0,1131,15,11,0,,F7B62936C9FFCEA5CB214D0A58B8AA57C9E246142E65400AC075766F32857AEC,F7B7067CB7656AF297DDA5E20EEF4BA6C72942D3E95052EA2E0757C11CABC42D
heavy,13,1,911301,run,10,0,10,526,0,3,18,0,8,13,2,44,18,15,2,5,4,3,4,survival;manor-short:meta:timber;vassal-short:meta:timber,8723,0,0,0,11,0,0,0,210,0,0,0,1131,0,0,0,ED158A08F2CED0D3A39C09020896D02972E9F72C51F0DC54C2D10AAC22CEBDAB,68A0CA7C0DED3A13EC3A94BD96045776448CE73A5980F3D1BBB1871D8A01A6D8,F7B7067CB7656AF297DDA5E20EEF4BA6C72942D3E95052EA2E0757C11CABC42D
heavy,13,2,911302,run,10,0,10,1947,0,8,65,0,16,119,27,44,18,15,2,5,4,3,4,survival;manor-short:meta:timber;vassal-short:meta:timber,8763,40,0,0,14,3,0,0,213,3,0,0,1137,6,0,0,27480B485C7D00FEB701042CF1D90F06767390B85EE038FEFAB846AD5FB2D538,FE1AE48AD1F2B63924A4C3E85D895CED69B1A19EA73F06DFF48A175F6E9ABCA7,F7B7067CB7656AF297DDA5E20EEF4BA6C72942D3E95052EA2E0757C11CABC42D
heavy,13,3,911303,run,10,0,10,27000,0,56,330,0,60,15858,9636,44,18,15,2,5,4,3,4,boss-not-defeated;manor-short:meta:timber;vassal-short:meta:timber,8939,176,0,0,36,22,0,0,235,22,0,0,1161,24,0,0,EF653DB0AD7C3CEE789160F8F89C81EB0BF4890BF8E848D15CBC99679613A06A,EC18EDE8240123FE36EA4BBE113807D1160AC970C912CEACFC92EE2A6F0B4FFA,F7B7067CB7656AF297DDA5E20EEF4BA6C72942D3E95052EA2E0757C11CABC42D
heavy,13,4,911304,run,10,0,10,947,0,6,32,0,20,58,1,44,18,15,2,5,4,3,4,survival;manor-short:meta:timber;vassal-short:meta:timber,8939,0,0,0,36,0,0,0,235,0,0,0,1161,0,0,0,2C9463710D33C142FE7C661CE38DE8939828D0EC2C79766BE6D16179046CA082,E6CF05AE7751A475FF68639AF4FA7F9123BA72284ACC3AB2DF89D6BF0BA9A722,F7B7067CB7656AF297DDA5E20EEF4BA6C72942D3E95052EA2E0757C11CABC42D
heavy,13,5,911305,run,10,0,10,488,0,3,17,0,8,10,2,44,18,15,2,5,4,3,4,survival;manor-short:meta:timber;vassal-short:meta:timber,8939,0,0,0,36,0,0,0,235,0,0,0,1161,0,0,0,0912D2D096567126684557EF18C0AF27826525B05BB0F037F275A7C41B5F9DA6,4A1E8FB03579667920E7EE268575A096DC2F9368CD1F598E23C6E61D0C3C5D5B,F7B7067CB7656AF297DDA5E20EEF4BA6C72942D3E95052EA2E0757C11CABC42D
heavy,13,6,911306,run,10,0,10,1430,0,7,37,0,13,84,17,44,18,15,2,5,4,3,4,survival;manor-short:meta:timber;vassal-short:meta:timber,8939,0,0,0,36,0,0,0,235,0,0,0,1161,0,0,0,CBBBE3E6B4D71DC0041FAF63A2D69A6CAD052CAACC8453EC58568950E58F2DDA,82EBBA2F1683DD8879637D9E6F42C62B5CE9CF97073D485DF1D4AD9CDACAED92,F7B7067CB7656AF297DDA5E20EEF4BA6C72942D3E95052EA2E0757C11CABC42D
heavy,13,7,911307,run,10,0,10,6926,0,18,89,0,58,691,253,44,18,15,2,5,4,3,4,survival;manor-short:meta:timber;vassal-short:meta:timber,9031,144,52,0,3,7,40,0,212,7,30,0,1170,23,14,0,3FC473010A463A189F5EC0D24528D8EFC7CFC851DA3BAA99363D9596091C4C0C,621526927B4DBCC2779D48D0E0595EAF8AC859A1AA64CBDFDD9C1E1ED0CFFB66,F7B7067CB7656AF297DDA5E20EEF4BA6C72942D3E95052EA2E0757C11CABC42D
heavy,13,8,911308,run,10,0,10,573,0,4,20,0,9,19,2,44,18,15,2,5,4,3,4,survival;manor-short:meta:timber;vassal-short:meta:timber,9031,0,0,0,3,0,0,0,212,0,0,0,1170,0,0,0,CAB4B8C2EC24ABACF3122C23A76A56F8E9FD9567B2A3B0B392B07954ECCF051A,D4A7ABB925F2B8C525FC811B14173500BF009812E9F6061D1435962668E13E09,F7B7067CB7656AF297DDA5E20EEF4BA6C72942D3E95052EA2E0757C11CABC42D
heavy,13,9,911309,run,10,0,10,3047,0,11,101,0,28,229,35,44,18,15,2,5,4,3,4,survival;manor-short:meta:timber;vassal-short:meta:timber,9089,58,0,0,7,4,0,0,216,4,0,0,1181,11,0,0,BC507B9EA9FBE3972A029242D866DB4881386B0FC9E47DE13EDC27EAB1814E9D,655799E931BDD342C7F133EDC658D7E81D71A2FED421C3F63B511D98233C2A80,F7B7067CB7656AF297DDA5E20EEF4BA6C72942D3E95052EA2E0757C11CABC42D
heavy,13,10,911310,run,10,0,10,542,0,3,19,0,9,12,2,44,18,15,2,5,4,3,4,survival;manor-short:meta:timber;vassal-short:meta:timber,9089,0,0,0,7,0,0,0,216,0,0,0,1181,0,0,0,82FC9109A076053ECC92DC49A8410D3C960808DBC7DC251B61E6C00FB21D8A0E,0764C84952374E82959AD29690302271BB2015D611559D774DF54DCCC8FA605A,F7B7067CB7656AF297DDA5E20EEF4BA6C72942D3E95052EA2E0757C11CABC42D
heavy,13,11,911311,run,10,0,10,3925,0,12,92,0,36,277,75,44,18,15,2,5,4,3,4,survival;manor-short:meta:timber;vassal-short:meta:timber,9160,71,0,0,11,4,0,0,220,4,0,0,1195,14,0,0,D2E11E5F4231AD55EE44293B4577B66BE40598979F7B8B26F0FA92C692D65632,EB8D23D904C98CAF5B2442D570D49D489AE1F17D9CAE9B2218C28B60E998D667,F7B7067CB7656AF297DDA5E20EEF4BA6C72942D3E95052EA2E0757C11CABC42D
heavy,13,12,911312,run,10,0,10,519,0,3,18,0,8,14,2,44,18,15,2,5,4,3,4,survival;manor-short:meta:timber;vassal-short:meta:timber,9160,0,0,0,11,0,0,0,220,0,0,0,1195,0,0,0,94727C4E05A1E96D38A7021ECE8E2DA25939E08F54C956FD21BDEC01A5050CC6,2ADB9CB103611D41FABE374AD2DC32C829F76F94D915F33037930DE78D9A340B,F7B7067CB7656AF297DDA5E20EEF4BA6C72942D3E95052EA2E0757C11CABC42D
heavy,14,0,0,idle,0,0,10,0,0,0,0,0,0,0,0,44,18,15,2,5,4,3,4,manor-short:meta:timber;vassal-short:meta:timber,9205,45,0,0,41,30,0,0,235,15,0,0,1210,15,0,0,,5D54C714E32611FA6868359FFB87A88E6E4F26AB98A0AE8D0A1CE9F3F625081D,F7B7067CB7656AF297DDA5E20EEF4BA6C72942D3E95052EA2E0757C11CABC42D
heavy,14,1,911401,run,10,0,10,500,0,3,17,0,8,13,2,44,18,15,2,5,4,3,4,survival;manor-short:meta:timber;vassal-short:meta:timber,9205,0,0,0,41,0,0,0,235,0,0,0,1210,0,0,0,57B5F0F428B343E6916A37123B8EE9C7BD7FF3C315B59584C81D7A86FB93C9AC,2E95351DAF3D5950FA1574F5E4003DF7188CD6BD677FAB15AB4D9E3843F5AD67,F7B7067CB7656AF297DDA5E20EEF4BA6C72942D3E95052EA2E0757C11CABC42D
heavy,14,2,911402,run,10,0,10,27000,0,48,330,0,60,12932,4286,44,18,15,2,5,4,3,4,boss-not-defeated;manor-short:meta:timber;vassal-short:meta:timber,9319,176,62,0,12,19,48,0,218,19,36,0,1217,24,17,0,6D4A50C44A952528B5E596419FC0BB478B8ABE101C059670AAD316697DAF60B2,335C072F29A46402D210144EC2D21A890931351EE3BB61100E782BE3C28469AA,F7B7067CB7656AF297DDA5E20EEF4BA6C72942D3E95052EA2E0757C11CABC42D
heavy,14,3,911403,run,10,0,10,702,0,5,24,0,9,36,2,44,18,15,2,5,4,3,4,survival;manor-short:meta:timber;vassal-short:meta:timber,9319,0,0,0,12,0,0,0,218,0,0,0,1217,0,0,0,A3E74384C3AD089622E74D30E56297154E1617D5014ABF8B239F12578BB34DE0,5AEEAD2CD0D339074240D21FE40789D85D2F08864D850CBDC60222F22E50533A,F7B7067CB7656AF297DDA5E20EEF4BA6C72942D3E95052EA2E0757C11CABC42D
heavy,14,4,911404,run,10,0,10,27000,0,39,330,0,60,8665,1142,44,18,15,2,5,4,3,4,boss-not-defeated;manor-short:meta:timber;vassal-short:meta:timber,9495,176,0,0,27,15,0,0,233,15,0,0,1241,24,0,0,38E5941D0D5713F8AE0BED5108DA468EF98DF0FE273BE4A3526E7330C8DBD9FC,499E1D69B96A8A41F68BBB27D26E99153608E04CA1551E594F0A5BB4D7781272,F7B7067CB7656AF297DDA5E20EEF4BA6C72942D3E95052EA2E0757C11CABC42D
heavy,14,5,911405,run,10,0,10,584,0,4,20,0,9,24,2,44,18,15,2,5,4,3,4,survival;manor-short:meta:timber;vassal-short:meta:timber,9495,0,0,0,27,0,0,0,233,0,0,0,1241,0,0,0,3E7D824CC85A128F9CFF64A679A12871BB87E4BD6131FA23F3CCFE76551A7D63,BCA4B58A233505B220D721A9C3B585BAA1782FDCE2323AF8EC68C67EB2E3FBAD,F7B7067CB7656AF297DDA5E20EEF4BA6C72942D3E95052EA2E0757C11CABC42D
heavy,14,6,911406,run,10,0,10,2620,0,10,88,0,26,208,46,44,18,15,2,5,4,3,4,survival;manor-short:meta:timber;vassal-short:meta:timber,9552,57,0,0,31,4,0,0,237,4,0,0,1251,10,0,0,AB48A363C828E3454454A8B84BEE3EF0B6B3C6B8F905A373BF0DADDA0D6EE53E,C997B90D5030F53A95954349E620C668EA35A2664C6935E69C35FADA27024893,F7B7067CB7656AF297DDA5E20EEF4BA6C72942D3E95052EA2E0757C11CABC42D
heavy,14,7,911407,run,10,0,10,542,0,3,19,0,9,13,2,44,18,15,2,5,4,3,4,survival;manor-short:meta:timber;vassal-short:meta:timber,9552,0,0,0,31,0,0,0,237,0,0,0,1251,0,0,0,864830F7187D0D58FED3244DA4C02AC28998C6356E111EBC53AA04D3838F888C,2C3B11D33AA9563B2621FDC99A3A8C25620E6E6224175B9BB865C62E92FEDCFC,F7B7067CB7656AF297DDA5E20EEF4BA6C72942D3E95052EA2E0757C11CABC42D
heavy,14,8,911408,run,10,0,10,27000,0,54,330,0,60,15908,7315,44,18,15,2,5,4,3,4,boss-not-defeated;manor-short:meta:timber;vassal-short:meta:timber,9728,176,0,0,52,21,0,0,258,21,0,0,1275,24,0,0,5620B49E720B9016D06A6BD44A7647D3EAFDF06D5BABFEE61FE875F1E763722E,476BC8F580C5D5939472454A9F923FF9553E533E71225E0DB70A456C10820F67,F7B7067CB7656AF297DDA5E20EEF4BA6C72942D3E95052EA2E0757C11CABC42D
heavy,14,9,911409,run,10,0,10,748,0,5,25,0,10,38,2,44,18,15,2,5,4,3,4,survival;manor-short:meta:timber;vassal-short:meta:timber,9728,0,0,0,52,0,0,0,258,0,0,0,1275,0,0,0,3668D4D7D38A85F2688A8645543FA17CB107AE76644E1FDFD9D37930AEF51728,2959D42ADB41BF700ADFD7B79B44AD1BC9B0C082F5EBB1ABE546700E1EDF93F4,F7B7067CB7656AF297DDA5E20EEF4BA6C72942D3E95052EA2E0757C11CABC42D
heavy,14,10,911410,run,10,0,10,548,0,4,19,0,9,17,2,44,18,15,2,5,4,3,4,survival;manor-short:meta:timber;vassal-short:meta:timber,9728,0,0,0,52,0,0,0,258,0,0,0,1275,0,0,0,0393E5CBAF2823C0985CF3C10DF00902F202AF45B893577BBA5E1F11BA87B35D,2F0A74B75DA2FAC2DF13BD7442FBCB850489E8E67DEE636B1E24EA3F08AE5793,F7B7067CB7656AF297DDA5E20EEF4BA6C72942D3E95052EA2E0757C11CABC42D
heavy,14,11,911411,run,10,0,10,27000,0,53,330,0,60,15697,6532,44,18,15,2,5,4,3,4,boss-not-defeated;manor-short:meta:timber;vassal-short:meta:timber,9832,176,72,0,17,21,56,0,237,21,42,0,1279,24,20,0,769CB1B8625DBC7142CAE1CF3AC1FA634BE45876A29F74B3B2A03BEE6D99CCC8,DC3B6AC3C4EA627E0FA120E4B14898C8E140198135262CF43E06576AEBB987EB,F7B7067CB7656AF297DDA5E20EEF4BA6C72942D3E95052EA2E0757C11CABC42D
heavy,14,12,911412,run,10,0,10,1307,0,7,44,0,13,81,14,44,18,15,2,5,4,3,4,survival;manor-short:meta:timber;vassal-short:meta:timber,9832,0,0,0,17,0,0,0,237,0,0,0,1279,0,0,0,1D09694017FB3AD2D726468BC253B26F007ED1292975D0635F8F7D0FD352489F,935DEC047640646D76439FF3CC9770801D14B5630C017FEB6182657FA20FA35C,F7B7067CB7656AF297DDA5E20EEF4BA6C72942D3E95052EA2E0757C11CABC42D
heavy,15,0,0,idle,0,0,10,0,0,0,0,0,0,0,0,44,18,15,2,5,4,3,4,manor-short:meta:timber;vassal-short:meta:timber,9877,45,0,0,47,30,0,0,252,15,0,0,1294,15,0,0,,5925E7D0E5BA8A445C3A72582EF77C79ACF20942027FA68F48C4E3E58EA4A262,F7B7067CB7656AF297DDA5E20EEF4BA6C72942D3E95052EA2E0757C11CABC42D
heavy,15,1,911501,run,10,0,10,539,0,3,18,0,8,12,2,44,18,15,2,5,4,3,4,survival;manor-short:meta:timber;vassal-short:meta:timber,9877,0,0,0,47,0,0,0,252,0,0,0,1294,0,0,0,05075807F50C9BEC6679F5FF6DD304ABB43F39C5EB011809CEAB1CB97B878046,AA3FA3B51FBDF8EDF965A432269E76FB974EEECE1AB41C13B65017AEB4987D9B,F7B7067CB7656AF297DDA5E20EEF4BA6C72942D3E95052EA2E0757C11CABC42D
heavy,15,2,911502,run,10,0,10,520,0,3,18,0,8,8,2,44,18,15,2,5,4,3,4,survival;manor-short:meta:timber;vassal-short:meta:timber,9877,0,0,0,47,0,0,0,252,0,0,0,1294,0,0,0,2E23D80DE6F8188AF0BADFFE90A1F1E492DB11DA5090A527580A2393A86C9350,954E6FF80644F2AA7CE9939A27E7CE70AE6A46CC2E4042AEE7A1D7B34A7D5787,F7B7067CB7656AF297DDA5E20EEF4BA6C72942D3E95052EA2E0757C11CABC42D
heavy,15,3,911503,run,10,0,10,27000,0,41,330,0,60,10138,1655,44,18,15,2,5,4,3,4,boss-not-defeated;manor-short:meta:timber;vassal-short:meta:timber,10053,176,0,0,63,16,0,0,268,16,0,0,1318,24,0,0,D468DFB2BC050974D8C6330A2239B332E7699DFC3E6A3E903EB29E237FD7C483,2DC0DE79312AB43319CCB8ABDC09D1C63E1CFA48FEC465E4B053D38EE55E011D,F7B7067CB7656AF297DDA5E20EEF4BA6C72942D3E95052EA2E0757C11CABC42D
heavy,15,4,911504,run,10,0,10,559,0,4,19,0,9,24,2,44,18,15,2,5,4,3,4,survival;manor-short:meta:timber;vassal-short:meta:timber,10053,0,0,0,63,0,0,0,268,0,0,0,1318,0,0,0,48270CDB3BA9B50FDAE099B4765783436DACEDE09E624F0FFEFC308401E02BFA,C0FECB40F1D5B3EAA5BA4001B395B9FFEF78D275E96E13B9CE4677D884C2AF05,F7B7067CB7656AF297DDA5E20EEF4BA6C72942D3E95052EA2E0757C11CABC42D
heavy,15,5,911505,run,10,0,10,27000,0,36,74,0,17,7966,512,44,18,15,2,5,4,3,4,boss-not-defeated;manor-short:meta:timber;vassal-short:meta:timber,10147,176,82,0,13,14,64,0,234,14,48,0,1301,6,23,0,C5BD472B818844D20331DA483C5BAB4E3A6F9E62FCD1E4E18BB242184C450FF1,C204C2C8F7DC3DEE1880E6B6C85C745A97BE917FD0A94F9FF84D557A23EB0924,F7B7067CB7656AF297DDA5E20EEF4BA6C72942D3E95052EA2E0757C11CABC42D
heavy,15,6,911506,run,10,0,10,513,0,3,18,0,8,16,2,44,18,15,2,5,4,3,4,survival;manor-short:meta:timber;vassal-short:meta:timber,10147,0,0,0,13,0,0,0,234,0,0,0,1301,0,0,0,4AE7FBC97C96C2BB4F1C821B5E60329131A923FF849888E08546B2E8CBB1D60F,E64927B7448C42E8E735D37BF13D7D39F48C0A7CB3CFA73F49AA592ADA8A8815,F7B7067CB7656AF297DDA5E20EEF4BA6C72942D3E95052EA2E0757C11CABC42D
heavy,15,7,911507,run,10,0,10,27000,0,51,330,0,60,9917,8526,44,18,15,2,5,4,3,4,boss-not-defeated;manor-short:meta:timber;vassal-short:meta:timber,10323,176,0,0,33,20,0,0,254,20,0,0,1325,24,0,0,777DEF7A24FE2C4E36FC32A21EC6438C90774BCEA8EA49292450EB54C9625B29,A4E16CA1F861DB1A3CF9436F2B89CFF3CEF4A644C68AEA1224663415E6D520BC,F7B7067CB7656AF297DDA5E20EEF4BA6C72942D3E95052EA2E0757C11CABC42D
heavy,15,8,911508,run,10,0,10,27000,0,37,109,0,57,7920,796,44,18,15,2,5,4,3,4,boss-not-defeated;manor-short:meta:timber;vassal-short:meta:timber,10499,176,0,0,47,14,0,0,268,14,0,0,1347,22,0,0,5FEA8781FF085F31FA743CB82D93FD24A1496180D2FB39C5188ADAC22A16A45E,74B5D8C21AB2CE381960626C1B0BE4D13FF748FA7A11B17640B3953184B0E0EA,F7B7067CB7656AF297DDA5E20EEF4BA6C72942D3E95052EA2E0757C11CABC42D
heavy,15,9,911509,run,10,0,10,510,0,3,17,0,11,14,0,44,18,15,2,5,4,3,4,survival;manor-short:meta:timber;vassal-short:meta:timber,10499,0,0,0,47,0,0,0,268,0,0,0,1347,0,0,0,D867895C659813833C753E5820CB909ABEE34CC8797539C481B9377CA0BB2F4B,291DA62102F3531E6FA64D44730008FC59B510816C5CFA0281BE43BDA4680A66,F7B7067CB7656AF297DDA5E20EEF4BA6C72942D3E95052EA2E0757C11CABC42D
heavy,15,10,911510,run,10,0,10,528,0,3,18,0,8,9,2,44,18,15,2,5,4,3,4,survival;manor-short:meta:timber;vassal-short:meta:timber,10499,0,0,0,47,0,0,0,268,0,0,0,1347,0,0,0,AF0C6CD260611C6A9E0FB65EED0E40A4F0CD7114DCEA221C990EB3CA32B7DC7C,3FECB7AF8D83BF369F01002862C23BE013D35A65FAA43846AAE86B5672C70E71,F7B7067CB7656AF297DDA5E20EEF4BA6C72942D3E95052EA2E0757C11CABC42D
heavy,15,11,911511,run,10,0,10,553,0,3,19,0,9,11,2,44,18,15,2,5,4,3,4,survival;manor-short:meta:timber;vassal-short:meta:timber,10499,0,0,0,47,0,0,0,268,0,0,0,1347,0,0,0,58C35CC7AA3CAB8F6F1160FB51B14209C62BC35EECB1114F16F7C19C2CD766DD,782C32E5E779E41C3E5E6E534A38C99C58628BE55F61BB78FA791E15F6BDE1E4,F7B7067CB7656AF297DDA5E20EEF4BA6C72942D3E95052EA2E0757C11CABC42D
heavy,15,12,911512,run,10,0,10,497,0,3,17,0,8,10,2,44,18,15,2,5,4,3,4,survival;manor-short:meta:timber;vassal-short:meta:timber,10499,0,0,0,47,0,0,0,268,0,0,0,1347,0,0,0,C618170CE63A68537D0C8F39071D280F9FC79D61D9E2774C255A594654E28133,E0E0B9BC6906EFF911F3AEDAFD08AC93D59006FD8EF93D9203CF28EC20FCAC74,F7B7067CB7656AF297DDA5E20EEF4BA6C72942D3E95052EA2E0757C11CABC42D
heavy,16,0,0,idle,0,0,10,0,0,0,0,0,0,0,0,44,18,15,2,5,4,3,4,manor-short:meta:timber;vassal-short:meta:timber,10452,45,92,0,5,30,72,0,229,15,54,0,1336,15,26,0,,46955CCF868327ABFE270E0540E8377EA4191C8CE2A1B564E9B288E7F4089645,F7B7067CB7656AF297DDA5E20EEF4BA6C72942D3E95052EA2E0757C11CABC42D
heavy,16,1,911601,run,10,0,10,27000,0,53,330,0,59,15073,7579,44,18,15,2,5,4,3,4,boss-not-defeated;manor-short:meta:timber;vassal-short:meta:timber,10628,176,0,0,26,21,0,0,250,21,0,0,1359,23,0,0,69AB025D6177BFADFF18A368CDB632418C8A8F0FEF3347DDA659455C8E3A06E5,E43761C3119B3960A6551604A279C0B50F9C2EA37698A01CC31475FF7459EED1,F7B7067CB7656AF297DDA5E20EEF4BA6C72942D3E95052EA2E0757C11CABC42D
heavy,16,2,911602,run,10,0,10,528,0,3,18,0,8,9,2,44,18,15,2,5,4,3,4,survival;manor-short:meta:timber;vassal-short:meta:timber,10628,0,0,0,26,0,0,0,250,0,0,0,1359,0,0,0,480439EEFCB498875120B35C157A574652D0FE9FA4596190FD8A45D149601342,A35C55FE5C8E94507C858EA940A39906CDE1719883F6971B8C7AD33978037668,F7B7067CB7656AF297DDA5E20EEF4BA6C72942D3E95052EA2E0757C11CABC42D
heavy,16,3,911603,run,10,1,10,27000,1,37,158,0,60,8153,814,44,18,15,2,5,4,3,4,manor-short:meta:timber;vassal-short:meta:timber,10892,264,0,0,54,28,0,0,278,28,0,0,1398,39,0,0,9F5395D4FA30653CA3598C2A0FD379A838BAE9E4F9D33FE5072026B736A1E0C6,CDA82464246A33F72102CA7290111B9CD34667793DE264B8D1A178A43EC309E7,F7B7067CB7656AF297DDA5E20EEF4BA6C72942D3E95052EA2E0757C11CABC42D
heavy,16,4,911604,run,10,0,10,979,0,6,33,0,11,52,4,44,18,15,2,5,4,3,4,survival;manor-short:meta:timber;vassal-short:meta:timber,10892,0,0,0,54,0,0,0,278,0,0,0,1398,0,0,0,C18A3FAD9D7FE77A5A1F7F382E8F0851F574D2EFCD649FB4D81EF3CDABF27A35,CB0C86C661F6BCCAC30B4BA547407E000BD0577E65B5F2E0728694965072B190,F7B7067CB7656AF297DDA5E20EEF4BA6C72942D3E95052EA2E0757C11CABC42D
heavy,16,5,911605,run,10,0,10,27000,0,49,330,0,60,13315,5174,44,18,15,2,5,4,3,4,boss-not-defeated;manor-short:meta:timber;vassal-short:meta:timber,11068,176,0,0,73,19,0,0,297,19,0,0,1422,24,0,0,0D5ED78E97A2713B5705AD2FA31E70BACCD5B64253A52A289943BE0DC067F3E5,5741D208AF91FAD45E5F1D61156BE00360A74794DA79D7E3B40A63DA70CC27E6,F7B7067CB7656AF297DDA5E20EEF4BA6C72942D3E95052EA2E0757C11CABC42D
heavy,16,6,911606,run,10,0,10,503,0,3,17,0,8,11,2,44,18,15,2,5,4,3,4,survival;manor-short:meta:timber;vassal-short:meta:timber,11068,0,0,0,73,0,0,0,297,0,0,0,1422,0,0,0,93E018AFAE1AED9953FC017C85EDCA7EC3237E7EA9AACE6444E4FB8A2DBE8FF7,59BF36A41445973EF83C6496B524155BF2F541E2544392396080AB6CB652E9BB,F7B7067CB7656AF297DDA5E20EEF4BA6C72942D3E95052EA2E0757C11CABC42D
heavy,16,7,911607,run,10,0,10,6117,0,21,330,0,60,857,529,44,18,15,2,5,4,3,4,survival;manor-short:meta:timber;vassal-short:meta:timber,11142,176,102,0,1,8,80,0,245,8,60,0,1417,24,29,0,577B344B039C58B8829D0B99813B85D4A54E019DE694BAF64231F35CCC91A525,7627257BB4D513BD0B3AC740B874C97737C741F310ADD8C1B8AC3760C914F70E,F7B7067CB7656AF297DDA5E20EEF4BA6C72942D3E95052EA2E0757C11CABC42D
heavy,16,8,911608,run,10,0,10,547,0,4,19,0,10,20,2,44,18,15,2,5,4,3,4,survival;manor-short:meta:timber;vassal-short:meta:timber,11142,0,0,0,1,0,0,0,245,0,0,0,1417,0,0,0,FD60E7443BF138188128BBD30B22613B27D0B36B9E2EB65887386EFBAF6FE948,A423067D70F3AF32B11EEE8DC70229FF8D7F30C34C9676FE3A63B18BDB919977,F7B7067CB7656AF297DDA5E20EEF4BA6C72942D3E95052EA2E0757C11CABC42D
heavy,16,9,911609,run,10,0,10,573,0,4,20,0,9,20,2,44,18,15,2,5,4,3,4,survival;manor-short:meta:timber;vassal-short:meta:timber,11142,0,0,0,1,0,0,0,245,0,0,0,1417,0,0,0,ABFC2E66AFB7C91F13D44E91E014EE22FCB44862C1F63C99B3D1291D6F763C62,4E805A21516F4C4B364D15227C41BEA6B544238851970432E070EF9BB541EF55,F7B7067CB7656AF297DDA5E20EEF4BA6C72942D3E95052EA2E0757C11CABC42D
heavy,16,10,911610,run,10,0,10,27000,0,50,330,0,59,14794,5142,44,18,15,2,5,4,3,4,boss-not-defeated;manor-short:meta:timber;vassal-short:meta:timber,11318,176,0,0,21,20,0,0,265,20,0,0,1440,23,0,0,A42A459FD975FA6FD53B1D08930F910F57EBB9F94090971DAE2EEF890BDD7C0A,C1DFF6964306AF398F0F5CB7122F820347A47DF886748B92FF9E333DBA3C803D,F7B7067CB7656AF297DDA5E20EEF4BA6C72942D3E95052EA2E0757C11CABC42D
heavy,16,11,911611,run,10,0,10,3616,0,14,170,0,35,377,160,44,18,15,2,5,4,3,4,survival;manor-short:meta:timber;vassal-short:meta:timber,11455,137,0,0,26,5,0,0,270,5,0,0,1454,14,0,0,1E935B08903D7F94999DDAF6059FBCF54C883DB260CED90264763B61CCB1066C,C30EA056FBC75A96714B9B81D11B4A09EEFD80DC2D00EE6BDB8C70CB37F0DC1C,F7B7067CB7656AF297DDA5E20EEF4BA6C72942D3E95052EA2E0757C11CABC42D
heavy,16,12,911612,run,10,0,10,2604,0,11,87,0,28,213,46,44,18,15,2,5,4,3,4,survival;manor-short:meta:timber;vassal-short:meta:timber,11512,57,0,0,30,4,0,0,274,4,0,0,1465,11,0,0,3C99917633740C184F7EFE43BCEDECD198C2D87F8C0213A138FC1D2878462968,23E183C9B459C6A4FC0F09C4368540C18AEEAF42F8858A5048B1E01BF0A182A3,F7B7067CB7656AF297DDA5E20EEF4BA6C72942D3E95052EA2E0757C11CABC42D
heavy,17,0,0,idle,0,0,10,0,0,0,0,0,0,0,0,44,18,15,2,5,4,3,4,manor-short:meta:timber;vassal-short:meta:timber,11557,45,0,0,60,30,0,0,289,15,0,0,1480,15,0,0,,4B8122010EF2891EE7D6BB1C915D56B6B5A945A707B24D4DA9274908E67A2660,F7B7067CB7656AF297DDA5E20EEF4BA6C72942D3E95052EA2E0757C11CABC42D
heavy,17,1,911701,run,10,0,10,564,0,3,19,0,9,13,2,44,18,15,2,5,4,3,4,survival;manor-short:meta:timber;vassal-short:meta:timber,11557,0,0,0,60,0,0,0,289,0,0,0,1480,0,0,0,6AF6F5F2B99C86F9B62DABF50B189A2206AD58BBCFDAEFD0ECB0C965D0BBAD14,5939C703C8E82E6C3573BF1DF6316389EE8A69BE746D79F42D772175DC71F0F4,F7B7067CB7656AF297DDA5E20EEF4BA6C72942D3E95052EA2E0757C11CABC42D
heavy,17,2,911702,run,10,0,10,557,0,3,19,0,9,9,2,44,18,15,2,5,4,3,4,survival;manor-short:meta:timber;vassal-short:meta:timber,11557,0,0,0,60,0,0,0,289,0,0,0,1480,0,0,0,2397551779FFEE07FFACC32E963CDE336F4264E734214382B414CEEAC969C483,E595DA40E04A4333A18E1D2DC186FEFDA841E1BA3220DB56FA21AC05B28B475B,F7B7067CB7656AF297DDA5E20EEF4BA6C72942D3E95052EA2E0757C11CABC42D
heavy,17,3,911703,run,10,0,10,658,0,4,22,0,9,29,2,44,18,15,2,5,4,3,4,survival;manor-short:meta:timber;vassal-short:meta:timber,11557,0,0,0,60,0,0,0,289,0,0,0,1480,0,0,0,E8E3401C5B44B6C90501991C8C8089A0F3C3F77C8A278360594E4C5B558A8A67,C5A017A61DB1F13273FB4C0AD0A1B86167FF04AB409A3B89F3FF59C8D5D098DE,F7B7067CB7656AF297DDA5E20EEF4BA6C72942D3E95052EA2E0757C11CABC42D
heavy,17,4,911704,run,10,0,10,27000,0,52,330,0,60,14578,6303,44,18,15,2,5,4,3,4,boss-not-defeated;manor-short:meta:timber;vassal-short:meta:timber,11733,176,0,0,80,20,0,0,309,20,0,0,1504,24,0,0,40F36C1A3BF3A1AF97F4EAD602FCF9594C5F746CE05A772416A2D0EC4AC6B1AB,A15EFFC9C3CB766AE836B0AF1C4F4DA08B73FCB776B1B2A194D96F6CC11601F4,F7B7067CB7656AF297DDA5E20EEF4BA6C72942D3E95052EA2E0757C11CABC42D
heavy,17,5,911705,run,10,0,10,535,0,3,18,0,8,15,2,44,18,15,2,5,4,3,4,survival;manor-short:meta:timber;vassal-short:meta:timber,11733,0,0,0,80,0,0,0,309,0,0,0,1504,0,0,0,9600095A3EBE2C97915C22553D526CCE736E82D27B06D76E34CD927E21810559,C22D4AFE5FEE1FD479A06C8A125312C146A8083CEE77C6676A0C8FF19D0C875D,F7B7067CB7656AF297DDA5E20EEF4BA6C72942D3E95052EA2E0757C11CABC42D
heavy,17,6,911706,run,10,0,10,526,0,3,18,0,8,13,2,44,18,15,2,5,4,3,4,survival;manor-short:meta:timber;vassal-short:meta:timber,11733,0,0,0,80,0,0,0,309,0,0,0,1504,0,0,0,7102C809E1A759DE77C6BD372BE2A7138DEC6DC3519F3D67C842192CC526F510,6F68D8170B67FA9FB382BEE0A94F97BC19E6075656F8A9857F9CB9F75CC21B3B,F7B7067CB7656AF297DDA5E20EEF4BA6C72942D3E95052EA2E0757C11CABC42D
heavy,17,7,911707,run,10,0,10,480,0,3,16,0,8,10,2,44,18,15,2,5,4,3,4,survival;manor-short:meta:timber;vassal-short:meta:timber,11733,0,0,0,80,0,0,0,309,0,0,0,1504,0,0,0,58FBAA6DCC38D59D666252397CF7A60D543EE44C312A7BAE735BBC61BFBAB91B,3758E67194970D1881EF373F584AF89CADFA54ED7BE6F03C019EB686F988FDB9,F7B7067CB7656AF297DDA5E20EEF4BA6C72942D3E95052EA2E0757C11CABC42D
heavy,17,8,911708,run,10,0,10,548,0,4,19,0,9,19,2,44,18,15,2,5,4,3,4,survival;manor-short:meta:timber;vassal-short:meta:timber,11733,0,0,0,80,0,0,0,309,0,0,0,1504,0,0,0,2079449CEC2607D50B085F9B1977B79C7A9046E962D332E94CB8200612A5903D,20F14837C30EB72063E32165374F665D048E3968419DC4A23DC2032F70ED1FB6,F7B7067CB7656AF297DDA5E20EEF4BA6C72942D3E95052EA2E0757C11CABC42D
heavy,17,9,911709,run,10,0,10,1410,0,7,47,0,22,75,15,44,18,15,2,5,4,3,4,survival;manor-short:meta:timber;vassal-short:meta:timber,11733,0,0,0,80,0,0,0,309,0,0,0,1504,0,0,0,5BFAF680EDE5DED09DB5C88044C7822149268610B7DB085CC708E45CEFD2B58A,240A11F8D594BF5D53B15C47321B27EC0FBFF46DEC7E96A8FE7D139E248AC611,F7B7067CB7656AF297DDA5E20EEF4BA6C72942D3E95052EA2E0757C11CABC42D
heavy,17,10,911710,run,10,0,10,2461,0,11,82,0,19,211,79,44,18,15,2,5,4,3,4,survival;manor-short:meta:timber;vassal-short:meta:timber,11801,68,0,0,84,4,0,0,313,4,0,0,1511,7,0,0,E090D2C8EC4A7D407BF5FA30A850F8CFFFD9386334A287EEC0F020A1B2C3804F,6BA3CE286C4091C5FC320DBBEA97C96A0A084692AF32BDFFC668A94E9A542737,F7B7067CB7656AF297DDA5E20EEF4BA6C72942D3E95052EA2E0757C11CABC42D
heavy,17,11,911711,run,10,0,10,550,0,3,19,0,9,16,2,44,18,15,2,5,4,3,4,survival;manor-short:meta:timber;vassal-short:meta:timber,11801,0,0,0,84,0,0,0,313,0,0,0,1511,0,0,0,7006730DDF08992AF5473878E9447C668AB2207AD972B455898DD5B45249B220,3799FE97EAB23B322C6D75866A981FD23EE9025D5FC2CF23B6577A4778097E49,F7B7067CB7656AF297DDA5E20EEF4BA6C72942D3E95052EA2E0757C11CABC42D
heavy,17,12,911712,run,10,0,10,6030,0,17,103,0,53,614,223,44,18,15,2,5,4,3,4,survival;manor-short:meta:timber;vassal-short:meta:timber,11826,137,112,0,2,6,88,0,253,6,66,0,1500,21,32,0,4965169D23D4C76E72B20B2312BBB989E54E6DC3C4546BE94BB6FE9D77C92322,A3658E4B3895CE8D0C1856190BDDE61E43B174B45D5EF88105FB4403CC2DF239,F7B7067CB7656AF297DDA5E20EEF4BA6C72942D3E95052EA2E0757C11CABC42D
heavy,18,0,0,idle,0,0,10,0,0,0,0,0,0,0,0,44,18,15,2,5,4,3,4,manor-short:meta:timber;vassal-short:meta:timber,11871,45,0,0,32,30,0,0,268,15,0,0,1515,15,0,0,,B841C115D56EAC7EA970F711A9193586E7781BD55ED07611A0899430832FE51F,F7B7067CB7656AF297DDA5E20EEF4BA6C72942D3E95052EA2E0757C11CABC42D
heavy,18,1,911801,run,10,0,10,1214,0,7,41,0,12,75,11,44,18,15,2,5,4,3,4,survival;manor-short:meta:timber;vassal-short:meta:timber,11871,0,0,0,32,0,0,0,268,0,0,0,1515,0,0,0,1F1A1CB95A36E5A6B479D6E2744DC9F13802956E96CB97513EC1A288349B6EE9,3C22931499122C012DB647370F00C001C07E5A137B6417AAC2C150E75F95B628,F7B7067CB7656AF297DDA5E20EEF4BA6C72942D3E95052EA2E0757C11CABC42D
heavy,18,2,911802,run,10,0,10,530,0,3,18,0,8,11,2,44,18,15,2,5,4,3,4,survival;manor-short:meta:timber;vassal-short:meta:timber,11871,0,0,0,32,0,0,0,268,0,0,0,1515,0,0,0,3F0C6C46CBFC5C9B0507B0D32EB9D626C6C810DD3049A28330AD6C604EB0574E,8DA0A3A4F15488B96B81DA6AD4167E524B33C59879183C3033CC87D02211DD35,F7B7067CB7656AF297DDA5E20EEF4BA6C72942D3E95052EA2E0757C11CABC42D
heavy,18,3,911803,run,10,0,10,563,0,4,19,0,9,19,2,44,18,15,2,5,4,3,4,survival;manor-short:meta:timber;vassal-short:meta:timber,11871,0,0,0,32,0,0,0,268,0,0,0,1515,0,0,0,45E5198FF1E4770AD0989E034B68E7F247966FFFD6DBA1C2C49A6D48EE619B7D,A0CCBB64C2AB57BE71D5AB28F8096573DB92DDD88E7A8D1799A46D962D1276BD,F7B7067CB7656AF297DDA5E20EEF4BA6C72942D3E95052EA2E0757C11CABC42D
heavy,18,4,911804,run,10,1,10,27000,1,51,330,0,60,15053,5088,44,18,15,2,5,4,3,4,manor-short:meta:timber;vassal-short:meta:timber,12135,264,0,0,68,36,0,0,304,36,0,0,1554,39,0,0,CDC85608865653B5AE42AD8DA64E79337B0ABCE3EF37EB99ACF96743E7D80C68,0E9B22EE45A92FEFBE355C408E5DCC0D8D5F152CE5A80D1C175417FF128F5D54,F7B7067CB7656AF297DDA5E20EEF4BA6C72942D3E95052EA2E0757C11CABC42D
heavy,18,5,911805,run,10,0,10,532,0,3,18,0,8,12,2,44,18,15,2,5,4,3,4,survival;manor-short:meta:timber;vassal-short:meta:timber,12135,0,0,0,68,0,0,0,304,0,0,0,1554,0,0,0,482ACC6ACE0FEB4BB18796262AF4950B837CF87EE050B5E547FA200501D42F7C,8F4F7D1BC2A872DBC61B41A35B54D1F7C3AE60D3F3444B339453DA438F68665B,F7B7067CB7656AF297DDA5E20EEF4BA6C72942D3E95052EA2E0757C11CABC42D
heavy,18,6,911806,run,10,0,10,519,0,3,18,0,8,13,2,44,18,15,2,5,4,3,4,survival;manor-short:meta:timber;vassal-short:meta:timber,12135,0,0,0,68,0,0,0,304,0,0,0,1554,0,0,0,042D54DA7C5564FECEC46BA5AE4DD8E7EE33E76DEC0D077D40BAD323055D1442,3A24F65FDA383DFA360F329B3828627D482F655C182B3C3BD7F6674C05CFD17E,F7B7067CB7656AF297DDA5E20EEF4BA6C72942D3E95052EA2E0757C11CABC42D
heavy,18,7,911807,run,10,0,10,1122,0,6,60,0,12,66,7,44,18,15,2,5,4,3,4,survival;manor-short:meta:timber;vassal-short:meta:timber,12135,0,0,0,68,0,0,0,304,0,0,0,1554,0,0,0,32277A3BAC4B826FF41C8262256C3ED98DE08C5AA6ED76719B208E13E8E825BA,58BBD2812735C7A28ADA9399638D4E338945797E9D4B4840781C07513978E7C2,F7B7067CB7656AF297DDA5E20EEF4BA6C72942D3E95052EA2E0757C11CABC42D
heavy,18,8,911808,run,10,0,10,548,0,3,19,0,9,13,2,44,18,15,2,5,4,3,4,survival;manor-short:meta:timber;vassal-short:meta:timber,12135,0,0,0,68,0,0,0,304,0,0,0,1554,0,0,0,1ACE8DB29E9EF703AB5E5E65BC146E9438F89CE6937AABFCBE7FF4363014C9D4,7BC1173666EA7E8F1A68923B0315429F9AEADE610B79030FA4401F8E1A752881,F7B7067CB7656AF297DDA5E20EEF4BA6C72942D3E95052EA2E0757C11CABC42D
heavy,18,9,911809,run,10,0,10,533,0,3,18,0,9,12,2,44,18,15,2,5,4,3,4,survival;manor-short:meta:timber;vassal-short:meta:timber,12135,0,0,0,68,0,0,0,304,0,0,0,1554,0,0,0,A9FA29626070F691E922338CE9C92EA1B4EF630E54358F1CA3792E494E803A96,E109FD40510D5B906258D159538A0861DB7C04CB6ADEAA940EC317E38D829070,F7B7067CB7656AF297DDA5E20EEF4BA6C72942D3E95052EA2E0757C11CABC42D
heavy,18,10,911810,run,10,0,10,580,0,3,20,0,9,13,2,44,18,15,2,5,4,3,4,survival;manor-short:meta:timber;vassal-short:meta:timber,12135,0,0,0,68,0,0,0,304,0,0,0,1554,0,0,0,6B09A2AEBF8AD03733C5416AB77A8AAA49C43C919A6527FDAB7463DA14146731,B0DF355B2129142D60C33F0B10DA1A3CEDF10E1C1740A37793B5C986E83488E6,F7B7067CB7656AF297DDA5E20EEF4BA6C72942D3E95052EA2E0757C11CABC42D
heavy,18,11,911811,run,10,0,10,567,0,3,19,0,8,12,2,44,18,15,2,5,4,3,4,survival;manor-short:meta:timber;vassal-short:meta:timber,12135,0,0,0,68,0,0,0,304,0,0,0,1554,0,0,0,B09947532D69ECC8C8D4D29BF7D1D44A4DC6ACC2AA26E6D3F654DE3CB517400A,E80D097F043CC0E9C14CEF5921F2BE0A0E69422577B4AA859A6E1E7433D2B1AC,F7B7067CB7656AF297DDA5E20EEF4BA6C72942D3E95052EA2E0757C11CABC42D
heavy,18,12,911812,run,10,0,10,810,0,5,27,0,10,44,2,44,18,15,2,5,4,3,4,survival;manor-short:meta:timber;vassal-short:meta:timber,12135,0,0,0,68,0,0,0,304,0,0,0,1554,0,0,0,4E8935DDA27667F6FE19B9FFC9464599E42AABFB373640CAEB490687C1A91D9F,9802124977FF2832BF2125068C9540A071CC5769EAF2A2A896A9BA5BBA9CE75E,F7B7067CB7656AF297DDA5E20EEF4BA6C72942D3E95052EA2E0757C11CABC42D
heavy,19,0,0,idle,0,0,10,0,0,0,0,0,0,0,0,44,18,15,2,5,4,3,4,manor-short:meta:timber;vassal-short:meta:timber,12058,45,122,0,2,30,96,0,247,15,72,0,1534,15,35,0,,E6A48A05D100C2BF41BD44804F3EA4AA05E0C3EF221372F92B55B7E62AE29870,F7B7067CB7656AF297DDA5E20EEF4BA6C72942D3E95052EA2E0757C11CABC42D
heavy,19,1,911901,run,10,0,10,564,0,4,19,0,9,18,2,44,18,15,2,5,4,3,4,survival;manor-short:meta:timber;vassal-short:meta:timber,12058,0,0,0,2,0,0,0,247,0,0,0,1534,0,0,0,8362C1E146FC7266800D939FEB991598EC16E85989DF53EB1AE616A9DE87493D,11373DF370B0C3FA781792BCBE030732960EC788A541A8EE81746718DF9F8D6F,F7B7067CB7656AF297DDA5E20EEF4BA6C72942D3E95052EA2E0757C11CABC42D
heavy,19,2,911902,run,10,0,10,27000,0,53,330,0,60,15064,7123,44,18,15,2,5,4,3,4,boss-not-defeated;manor-short:meta:timber;vassal-short:meta:timber,12234,176,0,0,23,21,0,0,268,21,0,0,1558,24,0,0,14E335C4566B1F73F1D7DD62A900EB94B55B8043D750949772E226D6669D9937,295882D83C26A36F489FE9A81C1AB7CE7FC9561485D0898A5E6E4C3C19D54C5D,F7B7067CB7656AF297DDA5E20EEF4BA6C72942D3E95052EA2E0757C11CABC42D
heavy,19,3,911903,run,10,0,10,27000,0,56,330,0,60,16745,9314,44,18,15,2,5,4,3,4,boss-not-defeated;manor-short:meta:timber;vassal-short:meta:timber,12410,176,0,0,45,22,0,0,290,22,0,0,1582,24,0,0,B1C5E1F056BF3EE32EFDE184B0D36E2F87453F891BF7F8642D9786F4B0B822AB,F795BDE2773D9668515D3ACFC2477F82EF59E4EC0DC45D4C1315C6728E459E52,F7B7067CB7656AF297DDA5E20EEF4BA6C72942D3E95052EA2E0757C11CABC42D
heavy,19,4,911904,run,10,0,10,2706,0,10,90,0,27,201,28,44,18,15,2,5,4,3,4,survival;manor-short:meta:timber;vassal-short:meta:timber,12461,51,0,0,49,4,0,0,294,4,0,0,1592,10,0,0,79D6D9312C7DF6E74752751ACC64271B71F7996AD8F66561207AC8197628B223,2E9847D901F2776344FA9FAE4472B8A56CB50F76ED4A170335E3F9E76941A333,F7B7067CB7656AF297DDA5E20EEF4BA6C72942D3E95052EA2E0757C11CABC42D
heavy,19,5,911905,run,10,0,10,554,0,3,19,0,9,10,2,44,18,15,2,5,4,3,4,survival;manor-short:meta:timber;vassal-short:meta:timber,12461,0,0,0,49,0,0,0,294,0,0,0,1592,0,0,0,F4DEECDE0B3388330D0E61F74A8E01DDF1D18F43215190A176F0707107A29724,2019C947E4FDCF109A0B30335243DD341648E60B83A711EE443ACDE94B5992BF,F7B7067CB7656AF297DDA5E20EEF4BA6C72942D3E95052EA2E0757C11CABC42D
heavy,19,6,911906,run,10,0,10,27000,0,41,330,0,60,9551,1787,44,18,15,2,5,4,3,4,boss-not-defeated;manor-short:meta:timber;vassal-short:meta:timber,12637,176,0,0,65,16,0,0,310,16,0,0,1616,24,0,0,4493FAEC698477D4D71A281E63AB74C6CA880F05DD41D5753653E5B9CFF3614B,E5089575DAB3CCF30A00ABC9989226CABD59D1B2F851F661346821C1ECDA9A7B,F7B7067CB7656AF297DDA5E20EEF4BA6C72942D3E95052EA2E0757C11CABC42D
heavy,19,7,911907,run,10,0,10,6439,0,18,218,0,48,674,315,44,18,15,2,5,4,3,4,survival;manor-short:meta:timber;vassal-short:meta:timber,12813,176,0,0,72,7,0,0,317,7,0,0,1635,19,0,0,73FC8BB8EE2CDF0185942C0801C57BE56A7397D6A0648775A34A71AEF6CABBEC,F72B07E675E8A381FD2225013F2C27386D8D9A8EAB77112837C1A1305038BF4B,F7B7067CB7656AF297DDA5E20EEF4BA6C72942D3E95052EA2E0757C11CABC42D
heavy,19,8,911908,run,10,0,10,520,0,3,18,0,8,12,2,44,18,15,2,5,4,3,4,survival;manor-short:meta:timber;vassal-short:meta:timber,12813,0,0,0,72,0,0,0,317,0,0,0,1635,0,0,0,8CF1460508741D57C9A00BC06AC883AFDB97ECC463305CAC721207EEA392ED95,0EDC69FD0534EAA689392DD095293BCC22D78627D37052D7C471D2141AAE3F9A,F7B7067CB7656AF297DDA5E20EEF4BA6C72942D3E95052EA2E0757C11CABC42D
heavy,19,9,911909,run,10,0,10,584,0,4,20,0,9,25,2,44,18,15,2,5,4,3,4,survival;manor-short:meta:timber;vassal-short:meta:timber,12813,0,0,0,72,0,0,0,317,0,0,0,1635,0,0,0,D9451A96C85E462065C23EE2D2F0F69AF1DBFD64197AF2703852AF72247B5377,E58DC37F014D912B069D152BA47D1244553743100DAB122A4DC1499B06383F79,F7B7067CB7656AF297DDA5E20EEF4BA6C72942D3E95052EA2E0757C11CABC42D
heavy,19,10,911910,run,10,0,10,630,0,4,21,0,9,25,2,44,18,15,2,5,4,3,4,survival;manor-short:meta:timber;vassal-short:meta:timber,12813,0,0,0,72,0,0,0,317,0,0,0,1635,0,0,0,22D04F5295E6AF362D385ADA66BA0CB91BEAAF8970E9528C20B3CF3C1D8502D5,6F599F8C5F997E0002A4A84E0CD504122D0E9EB6FADC990B30C261FCED3A7220,F7B7067CB7656AF297DDA5E20EEF4BA6C72942D3E95052EA2E0757C11CABC42D
heavy,19,11,911911,run,10,0,10,1704,0,8,57,0,24,101,21,44,18,15,2,5,4,3,4,survival;manor-short:meta:timber;vassal-short:meta:timber,12813,0,0,0,72,0,0,0,317,0,0,0,1635,0,0,0,90F816158C98FC531003EC563DE28BC0E5668B8CE3FE18EDECE3182C31D4C1EF,415D7F862417AE20333D4BD336BE9544084F19AC49FBF2632CEEAC11DEFB2446,F7B7067CB7656AF297DDA5E20EEF4BA6C72942D3E95052EA2E0757C11CABC42D
heavy,19,12,911912,run,10,0,10,2417,0,10,80,0,19,170,35,44,18,15,2,5,4,3,4,survival;manor-short:meta:timber;vassal-short:meta:timber,12863,50,0,0,76,4,0,0,321,4,0,0,1642,7,0,0,85952EB1045397CB804C141E87E65A1D256649EB20D45F0398B530579C914F90,06E55A921330A19977B00994A06043F4AE87A19663B505BD81C04E075D90992F,F7B7067CB7656AF297DDA5E20EEF4BA6C72942D3E95052EA2E0757C11CABC42D
heavy,20,0,0,idle,0,0,10,0,0,0,0,0,0,0,0,44,18,15,2,5,4,3,4,manor-short:meta:timber;vassal-short:meta:timber,12776,45,132,0,2,30,104,0,258,15,78,0,1619,15,38,0,,1EDB19B247DF9F0043BD8E04E76AD1E817E13EA4808D074D411437E8FFF51EFE,F7B7067CB7656AF297DDA5E20EEF4BA6C72942D3E95052EA2E0757C11CABC42D
heavy,20,1,912001,run,10,0,10,3233,0,13,104,0,22,318,128,44,18,15,2,5,4,3,4,survival;manor-short:meta:timber;vassal-short:meta:timber,12874,98,0,0,7,5,0,0,263,5,0,0,1627,8,0,0,4AD4EBF46E3E6559BD09D18C8F1E3FC9050246E85987DAC463F39B60D2EDE18E,1608E9D8BBA7BA7B3A09EE32B25AC0781EE1D5C6A173347D055E6F3A5E9DE2F9,F7B7067CB7656AF297DDA5E20EEF4BA6C72942D3E95052EA2E0757C11CABC42D
heavy,20,2,912002,run,10,0,10,27000,0,48,330,0,60,13129,3902,44,18,15,2,5,4,3,4,boss-not-defeated;manor-short:meta:timber;vassal-short:meta:timber,13050,176,0,0,26,19,0,0,282,19,0,0,1651,24,0,0,20D5B8F982E8B7BDC5B7F926B77FF4715B3C8456720B65E75E5BE75D73259B4E,F936D1344714CFB4BCB025FD98EEFA8FD62FBFF89DC228E3710FE96501BA26F8,F7B7067CB7656AF297DDA5E20EEF4BA6C72942D3E95052EA2E0757C11CABC42D
heavy,20,3,912003,run,10,0,10,3089,0,14,165,0,22,337,188,44,18,15,2,5,4,3,4,survival;manor-short:meta:timber;vassal-short:meta:timber,13196,146,0,0,31,5,0,0,287,5,0,0,1659,8,0,0,79993FFF597028BCB94AAF22C00485C0E1A544C3D5BBBB95234AE7700FCEACD6,80714709CF08B5EC4BDC3276F2CC97F4BE4387B00F25A199AE115AF71703B7E9,F7B7067CB7656AF297DDA5E20EEF4BA6C72942D3E95052EA2E0757C11CABC42D
heavy,20,4,912004,run,10,0,10,710,0,4,24,0,9,31,2,44,18,15,2,5,4,3,4,survival;manor-short:meta:timber;vassal-short:meta:timber,13196,0,0,0,31,0,0,0,287,0,0,0,1659,0,0,0,43F38BA92666835AB39F23D52BE433F669BA8C3EF68D2F530003BC4DE4F157EF,1C84ABA96F1E99D2D903B919655C9787E943D980313DA35B5C18B57E435D0079,F7B7067CB7656AF297DDA5E20EEF4BA6C72942D3E95052EA2E0757C11CABC42D
heavy,20,5,912005,run,10,0,10,512,0,3,18,0,8,10,2,44,18,15,2,5,4,3,4,survival;manor-short:meta:timber;vassal-short:meta:timber,13196,0,0,0,31,0,0,0,287,0,0,0,1659,0,0,0,D895FEFD875AD6B54FBA509CADD01FC4828AE43ED5D1CC786FE9953F2D8086C3,1C7FC620128625B25667AB18C34E89BBC4C746C15D35D89C5868B4BBAE9815CC,F7B7067CB7656AF297DDA5E20EEF4BA6C72942D3E95052EA2E0757C11CABC42D
heavy,20,6,912006,run,10,0,10,27000,0,45,330,0,60,12223,2243,44,18,15,2,5,4,3,4,boss-not-defeated;manor-short:meta:timber;vassal-short:meta:timber,13372,176,0,0,49,18,0,0,305,18,0,0,1683,24,0,0,547E64F6F564974021AF9917504467282FB8051B8DD96F62CD24C3DB27DF2357,418A3769B2C977CB2761518CE003090B673246CF2156EEBAD90C0D2249C80BB0,F7B7067CB7656AF297DDA5E20EEF4BA6C72942D3E95052EA2E0757C11CABC42D
heavy,20,7,912007,run,10,0,10,657,0,4,22,0,9,28,2,44,18,15,2,5,4,3,4,survival;manor-short:meta:timber;vassal-short:meta:timber,13372,0,0,0,49,0,0,0,305,0,0,0,1683,0,0,0,0077849BAB994D4172CD32794BCBCFC9374E700C489298144B69AD2E38574F4B,4018C5B90E221C7227F8399CEF0E4CA53FA92771EE0CCECE053442ABDFCB7E37,F7B7067CB7656AF297DDA5E20EEF4BA6C72942D3E95052EA2E0757C11CABC42D
heavy,20,8,912008,run,10,0,10,550,0,3,19,0,9,13,2,44,18,15,2,5,4,3,4,survival;manor-short:meta:timber;vassal-short:meta:timber,13372,0,0,0,49,0,0,0,305,0,0,0,1683,0,0,0,60D64239E419F26B0F3740C91DEFFA68B31E6BACF67EF7FF518D62A1A43327EE,B77A5240B35AEFAAB59FC91F3939DBADDDB57918F4C562A96134FDAE44F3A58C,F7B7067CB7656AF297DDA5E20EEF4BA6C72942D3E95052EA2E0757C11CABC42D
heavy,20,9,912009,run,10,0,10,2468,0,10,94,0,31,178,40,44,18,15,2,5,4,3,4,survival;manor-short:meta:timber;vassal-short:meta:timber,13429,57,0,0,53,4,0,0,309,4,0,0,1695,12,0,0,5E77098381D7959D05D391EB2F9A79CCB840354487ADEA20F34957C8E74BBF35,8658AA9A276FAC44FC39AAA2468D8032C5C4D115E0F45B0434A708CC8AA02B86,F7B7067CB7656AF297DDA5E20EEF4BA6C72942D3E95052EA2E0757C11CABC42D
heavy,20,10,912010,run,10,0,10,27000,0,42,330,0,60,10080,1808,44,18,15,2,5,4,3,4,boss-not-defeated;manor-short:meta:timber;vassal-short:meta:timber,13605,176,0,0,69,16,0,0,325,16,0,0,1719,24,0,0,501174F2C4EC92CFD049B26B2460EDA719FF2FA24E1DF80D27A657EF40CBC3F2,81CDCDE6DC4A8674EC157020237B9C9F06AFBBE5345B2521EC4F5F10AF6E5E32,F7B7067CB7656AF297DDA5E20EEF4BA6C72942D3E95052EA2E0757C11CABC42D
heavy,20,11,912011,run,10,0,10,583,0,4,20,0,9,19,2,44,18,15,2,5,4,3,4,survival;manor-short:meta:timber;vassal-short:meta:timber,13605,0,0,0,69,0,0,0,325,0,0,0,1719,0,0,0,E77E8F0AC4BD86C52F0FCB846BCB564DD81A4D678F854FA120D0C3D59C6DB593,CE29BD446EC3BDE31FA62370238F754E391095E0E9B8C9403AED48CC743FDE7B,F7B7067CB7656AF297DDA5E20EEF4BA6C72942D3E95052EA2E0757C11CABC42D
heavy,20,12,912012,run,10,0,10,3239,0,13,68,0,23,305,96,44,18,15,2,5,4,3,4,survival;manor-short:meta:timber;vassal-short:meta:timber,13675,70,0,0,74,5,0,0,330,5,0,0,1728,9,0,0,AADDE995D56D895B69549D0D9E78C484D589F949A23F15D84F0A05915CDE7EEA,4A62AF6E58C9B57F9169AA96FDC5CC593D38A08C8A7C35DE38561E93ED9B6D71,F7B7067CB7656AF297DDA5E20EEF4BA6C72942D3E95052EA2E0757C11CABC42D
heavy,21,0,0,idle,0,0,10,0,0,0,0,0,0,0,0,44,18,15,2,5,4,3,4,manor-short:meta:timber;vassal-short:meta:timber,13720,45,0,0,104,30,0,0,345,15,0,0,1743,15,0,0,,82317C764531CD43EC5E50EE5110EE9216F7817F39CDA1046EE9F0288F49D2C5,F7B7067CB7656AF297DDA5E20EEF4BA6C72942D3E95052EA2E0757C11CABC42D
heavy,21,1,912101,run,10,0,10,594,0,4,20,0,9,31,2,44,18,15,2,5,4,3,4,survival;manor-short:meta:timber;vassal-short:meta:timber,13720,0,0,0,104,0,0,0,345,0,0,0,1743,0,0,0,941687A8C1826CD25221C7D10742360CAE7E92ED55B024D95E4065E3B575315C,7E37E2F63C27E63BF812A7DD8009C3FA6FD1F3EA1167DBCA423201E48EC6381F,F7B7067CB7656AF297DDA5E20EEF4BA6C72942D3E95052EA2E0757C11CABC42D
heavy,21,2,912102,run,10,0,10,541,0,3,19,0,9,12,2,44,18,15,2,5,4,3,4,survival;manor-short:meta:timber;vassal-short:meta:timber,13720,0,0,0,104,0,0,0,345,0,0,0,1743,0,0,0,BE029386036049336A6A96D4581930BB71B290D206A989B472F9FABA5370BE3D,E762F03DA8487DA016E5FDD69502643F7B7736D4732AB6041071A25B4D9C3D7E,F7B7067CB7656AF297DDA5E20EEF4BA6C72942D3E95052EA2E0757C11CABC42D
heavy,21,3,912103,run,10,0,10,932,0,6,32,0,11,56,4,44,18,15,2,5,4,3,4,survival;manor-short:meta:timber;vassal-short:meta:timber,13720,0,0,0,104,0,0,0,345,0,0,0,1743,0,0,0,5959E654E5357C69A9327DAF55B493DD4411C0DC3193A265CCD9AA1F6F54783A,7BB1B78B3E1472D1C0F2D217ED98BEB45766ACD6FCFF7EA17E0704A64AF2AAA9,F7B7067CB7656AF297DDA5E20EEF4BA6C72942D3E95052EA2E0757C11CABC42D
heavy,21,4,912104,run,10,0,10,1079,0,6,36,0,11,68,5,44,18,15,2,5,4,3,4,survival;manor-short:meta:timber;vassal-short:meta:timber,13720,0,0,0,104,0,0,0,345,0,0,0,1743,0,0,0,F9C6B9CBB965D96BB859629A061C98DCB3B0707DCA29BC5992BC0D6118399894,4180270C7955E785E43EA07634237FF846CE11109C263103CE9612E2C025C9D1,F7B7067CB7656AF297DDA5E20EEF4BA6C72942D3E95052EA2E0757C11CABC42D
heavy,21,5,912105,run,10,0,10,566,0,3,19,0,9,12,2,44,18,15,2,5,4,3,4,survival;manor-short:meta:timber;vassal-short:meta:timber,13720,0,0,0,104,0,0,0,345,0,0,0,1743,0,0,0,8AD1891C2B23175125AE812507422E75C94852B3B070146BD7A493FA6F3898C3,7EAA64363A4FB1D6CC4D0CAE7F7810C47E60DEFA16B2DD4C594E997F475D4D7F,F7B7067CB7656AF297DDA5E20EEF4BA6C72942D3E95052EA2E0757C11CABC42D
heavy,21,6,912106,run,10,0,10,536,0,3,18,0,8,11,2,44,18,15,2,5,4,3,4,survival;manor-short:meta:timber;vassal-short:meta:timber,13720,0,0,0,104,0,0,0,345,0,0,0,1743,0,0,0,116ED8233B9DDCAF6FD2379F5A17143004918BC4E706667E0CAE779578F9CE39,29372127D83AF0B7A2384575B774379804A2FF5FC0647223CAC996F1E1C0DE55,F7B7067CB7656AF297DDA5E20EEF4BA6C72942D3E95052EA2E0757C11CABC42D
heavy,21,7,912107,run,10,0,10,526,0,3,18,0,8,12,2,44,18,15,2,5,4,3,4,survival;manor-short:meta:timber;vassal-short:meta:timber,13720,0,0,0,104,0,0,0,345,0,0,0,1743,0,0,0,E204E0EF01B0A77C7B52FA9F76BA73C9D018707E7E5AC5018996FA3F92B9AD8F,C7B9B61BFF1475AFD01B03830654DFCBA24867E30974B9026D27B6E6B3F62456,F7B7067CB7656AF297DDA5E20EEF4BA6C72942D3E95052EA2E0757C11CABC42D
heavy,21,8,912108,run,10,0,10,3021,0,11,100,0,28,217,39,44,18,15,2,5,4,3,4,survival;manor-short:meta:timber;vassal-short:meta:timber,13780,60,0,0,108,4,0,0,349,4,0,0,1754,11,0,0,CFC63DB6EC49FD77E51B9197039CAC39B2E51B0B7EE9F3FF40714F363C9C096B,79B6D80C200088B63556FD6D5A1EE2F9E20B21E6EDE421EAE7332C96BD82BD0A,F7B7067CB7656AF297DDA5E20EEF4BA6C72942D3E95052EA2E0757C11CABC42D
heavy,21,9,912109,run,10,0,10,27000,0,44,330,0,59,12120,2229,44,18,15,2,5,4,3,4,boss-not-defeated;manor-short:meta:timber;vassal-short:meta:timber,13814,176,142,0,13,17,112,0,282,17,84,0,1736,23,41,0,91F356357C63A3F7B016E93704BFB445F1C810BCC9B5014B8A7CF22EDBB5B035,BC0EE7A09F34B62CB9E4A639257DF047451DB6ED6C39F73972A3B9601463C763,F7B7067CB7656AF297DDA5E20EEF4BA6C72942D3E95052EA2E0757C11CABC42D
heavy,21,10,912110,run,10,0,10,544,0,4,19,0,9,17,2,44,18,15,2,5,4,3,4,survival;manor-short:meta:timber;vassal-short:meta:timber,13814,0,0,0,13,0,0,0,282,0,0,0,1736,0,0,0,1128B90D3F670D9F1C2EFA7A2B603304212F63D4478634976037D49C57CB7ED4,E528E97D7EE57CE51D58B290085F1245631F25B7B243EE17CFF02BC250F059C1,F7B7067CB7656AF297DDA5E20EEF4BA6C72942D3E95052EA2E0757C11CABC42D
heavy,21,11,912111,run,10,0,10,570,0,4,19,0,9,20,2,44,18,15,2,5,4,3,4,survival;manor-short:meta:timber;vassal-short:meta:timber,13814,0,0,0,13,0,0,0,282,0,0,0,1736,0,0,0,D723FBBFBBA14BEF7B6D1874C423EFA4C01AFFAC69430AABB023661C033021E6,91EF3CA3A1B7CDE37663B456A7D98BD6642FC09E693541CCFAADEBFE748A2B0A,F7B7067CB7656AF297DDA5E20EEF4BA6C72942D3E95052EA2E0757C11CABC42D
heavy,21,12,912112,run,10,0,10,505,0,3,17,0,8,8,2,44,18,15,2,5,4,3,4,survival;manor-short:meta:timber;vassal-short:meta:timber,13814,0,0,0,13,0,0,0,282,0,0,0,1736,0,0,0,C6DD324F1A248495388D7D49253045FBF9D0CE10D780FFE9B83F7EF61292C9E3,E342F3C1AADE8E4BB14CAA4724E3791C4F13611966B7702B623696CFEEB05A80,F7B7067CB7656AF297DDA5E20EEF4BA6C72942D3E95052EA2E0757C11CABC42D
