"policy","peopleRule","seed","arm","controlCaseId","treatmentCaseId","controlSurvived","treatmentSurvived","transition","survivalDifference","restrictedTicksDifference","commonAliveTicks","commonObservedTick","personDamageDifference","personDamagePerSecondDifference","interceptDifference","workerTicksDifference","admittedHpDifference"
"people","A","42","offense-off","r3__people__A__42__control","r3__people__A__42__offense-off","true","false","1->0","-1","-14462","7138","6900","-6444","-28.017391304347825","164","60803","26925"
"people","A","42","interception-off","r3__people__A__42__control","r3__people__A__42__interception-off","true","true","1->1","0","0","21600","21600","0","0","-16","0","0"
"people","A","42","both-off","r3__people__A__42__control","r3__people__A__42__both-off","true","false","1->0","-1","-5471","16129","15900","-23716","-44.74716981132075","-16","11652","28867"
"people","A","43","offense-off","r3__people__A__43__control","r3__people__A__43__offense-off","false","true","0->1","1","2911","18689","18600","-31165","-50.266129032258064","81","-10030","48790"
"people","A","43","interception-off","r3__people__A__43__control","r3__people__A__43__interception-off","false","false","0->0","0","-2083","16606","16500","-1372","-2.4945454545454546","-22","4737","-18446"
"people","A","43","both-off","r3__people__A__43__control","r3__people__A__43__both-off","false","true","0->1","1","2911","18689","18600","-31165","-50.266129032258064","-22","12130","5814"
"people","A","44","offense-off","r3__people__A__44__control","r3__people__A__44__offense-off","false","false","0->0","0","1220","18937","18900","-31803","-50.48095238095238","60","-2422","-25064"
"people","A","44","interception-off","r3__people__A__44__control","r3__people__A__44__interception-off","false","true","0->1","1","2663","18937","18900","-2055","-3.261904761904762","-20","3418","-23826"
"people","A","44","both-off","r3__people__A__44__control","r3__people__A__44__both-off","false","false","0->0","0","-6771","12166","12000","-14913","-37.2825","-20","12218","-13856"
"people","A","45","offense-off","r3__people__A__45__control","r3__people__A__45__offense-off","true","true","1->1","0","0","21600","21600","-35497","-49.30138888888889","112","8253","93564"
"people","A","45","interception-off","r3__people__A__45__control","r3__people__A__45__interception-off","true","false","1->0","-1","-413","21187","21000","15557","22.224285714285713","-24","7500","85585"
"people","A","45","both-off","r3__people__A__45__control","r3__people__A__45__both-off","true","false","1->0","-1","-12956","8644","8400","-6899","-24.639285714285716","-24","60090","31893"
"people","A","46","offense-off","r3__people__A__46__control","r3__people__A__46__offense-off","false","false","0->0","0","-8906","11627","11400","-14479","-38.10263157894737","232","199943","17552"
"people","A","46","interception-off","r3__people__A__46__control","r3__people__A__46__interception-off","false","false","0->0","0","-5385","15148","15000","3263","6.526","-14","36030","20367"
"people","A","46","both-off","r3__people__A__46__control","r3__people__A__46__both-off","false","true","0->1","1","1067","20533","20400","-40109","-58.983823529411765","-14","13120","15104"
"people","A","47","offense-off","r3__people__A__47__control","r3__people__A__47__offense-off","false","true","0->1","1","3151","18449","18300","-29585","-48.5","40","-56195","-6187"
"people","A","47","interception-off","r3__people__A__47__control","r3__people__A__47__interception-off","false","false","0->0","0","0","18449","18300","0","0","-20","0","0"
"people","A","47","both-off","r3__people__A__47__control","r3__people__A__47__both-off","false","true","0->1","1","3151","18449","18300","-29585","-48.5","-20","-56195","-6302"
"people","A","48","offense-off","r3__people__A__48__control","r3__people__A__48__offense-off","true","false","1->0","-1","-2568","19032","18900","-31219","-49.55396825396826","106","-25564","-5067"
"people","A","48","interception-off","r3__people__A__48__control","r3__people__A__48__interception-off","true","true","1->1","0","0","21600","21600","0","0","-18","0","0"
"people","A","48","both-off","r3__people__A__48__control","r3__people__A__48__both-off","true","false","1->0","-1","-5657","15943","15900","-21529","-40.62075471698113","-18","-25501","14280"
"people","A","49","offense-off","r3__people__A__49__control","r3__people__A__49__offense-off","true","true","1->1","0","0","21600","21600","-50240","-69.77777777777777","168","-25456","-43704"
"people","A","49","interception-off","r3__people__A__49__control","r3__people__A__49__interception-off","true","true","1->1","0","0","21600","21600","0","0","-36","0","0"
"people","A","49","both-off","r3__people__A__49__control","r3__people__A__49__both-off","true","true","1->1","0","0","21600","21600","-50240","-69.77777777777777","-36","-25482","-64747"
"people","A","50","offense-off","r3__people__A__50__control","r3__people__A__50__offense-off","false","false","0->0","0","-458","14627","14400","-20826","-43.3875","65","6282","60789"
"people","A","50","interception-off","r3__people__A__50__control","r3__people__A__50__interception-off","false","false","0->0","0","4027","15085","15000","-1951","-3.902","-24","-18","-14927"
"people","A","50","both-off","r3__people__A__50__control","r3__people__A__50__both-off","false","false","0->0","0","-944","14141","14100","-20093","-42.751063829787235","-24","16074","58653"
"people","A","51","offense-off","r3__people__A__51__control","r3__people__A__51__offense-off","true","true","1->1","0","0","21600","21600","-41332","-57.40555555555556","103","19860","1780"
"people","A","51","interception-off","r3__people__A__51__control","r3__people__A__51__interception-off","true","true","1->1","0","0","21600","21600","0","0","-8","0","0"
"people","A","51","both-off","r3__people__A__51__control","r3__people__A__51__both-off","true","false","1->0","-1","-6526","15074","15000","-21751","-43.502","-8","24960","26323"
"people","A","52","offense-off","r3__people__A__52__control","r3__people__A__52__offense-off","false","true","0->1","1","1327","20273","20100","-50993","-76.1089552238806","66","7018","-542"
"people","A","52","interception-off","r3__people__A__52__control","r3__people__A__52__interception-off","false","false","0->0","0","0","20273","20100","0","0","-6","0","0"
"people","A","52","both-off","r3__people__A__52__control","r3__people__A__52__both-off","false","true","0->1","1","1327","20273","20100","-50993","-76.1089552238806","-6","7018","1951"
"people","A","53","offense-off","r3__people__A__53__control","r3__people__A__53__offense-off","false","false","0->0","0","2460","18193","18000","-33534","-55.89","120","2099","17184"
"people","A","53","interception-off","r3__people__A__53__control","r3__people__A__53__interception-off","false","false","0->0","0","2957","18193","18000","-7374","-12.29","-18","-52","-19854"
"people","A","53","both-off","r3__people__A__53__control","r3__people__A__53__both-off","false","true","0->1","1","3407","18193","18000","-33534","-55.89","-18","-551","32621"
"people","A","54","offense-off","r3__people__A__54__control","r3__people__A__54__offense-off","true","false","1->0","-1","-1468","20132","20100","-29316","-43.755223880597015","73","12744","11336"
"people","A","54","interception-off","r3__people__A__54__control","r3__people__A__54__interception-off","true","true","1->1","0","0","21600","21600","0","0","-8","0","0"
"people","A","54","both-off","r3__people__A__54__control","r3__people__A__54__both-off","true","false","1->0","-1","-5567","16033","15900","-18146","-34.237735849056605","-8","9666","27625"
"people","A","55","offense-off","r3__people__A__55__control","r3__people__A__55__offense-off","false","true","0->1","1","2013","19587","19500","-31787","-48.903076923076924","54","-4582","18214"
"people","A","55","interception-off","r3__people__A__55__control","r3__people__A__55__interception-off","false","false","0->0","0","-3995","15592","15300","5497","10.77843137254902","-11","0","12172"
"people","A","55","both-off","r3__people__A__55__control","r3__people__A__55__both-off","false","true","0->1","1","2013","19587","19500","-31787","-48.903076923076924","-11","-4603","-6509"
"people","A","56","offense-off","r3__people__A__56__control","r3__people__A__56__offense-off","true","true","1->1","0","0","21600","21600","-40440","-56.166666666666664","99","3960","36343"
"people","A","56","interception-off","r3__people__A__56__control","r3__people__A__56__interception-off","true","true","1->1","0","0","21600","21600","10058","13.969444444444445","-11","0","11820"
"people","A","56","both-off","r3__people__A__56__control","r3__people__A__56__both-off","true","false","1->0","-1","-1030","20570","20400","-36108","-53.1","-11","9210","-73399"
"people","A","57","offense-off","r3__people__A__57__control","r3__people__A__57__offense-off","false","true","0->1","1","4572","17028","16800","-33848","-60.44285714285714","74","420","-5685"
"people","A","57","interception-off","r3__people__A__57__control","r3__people__A__57__interception-off","false","false","0->0","0","0","17028","16800","0","0","-9","0","0"
"people","A","57","both-off","r3__people__A__57__control","r3__people__A__57__both-off","false","false","0->0","0","2050","17028","16800","-33848","-60.44285714285714","-9","420","-62563"
"people","A","58","offense-off","r3__people__A__58__control","r3__people__A__58__offense-off","true","true","1->1","0","0","21600","21600","-66036","-91.71666666666667","35","-115169","-82454"
"people","A","58","interception-off","r3__people__A__58__control","r3__people__A__58__interception-off","true","true","1->1","0","0","21600","21600","-16353","-22.7125","-39","-48963","-22389"
"people","A","58","both-off","r3__people__A__58__control","r3__people__A__58__both-off","true","true","1->1","0","0","21600","21600","-66036","-91.71666666666667","-39","-115169","-82454"
"people","A","59","offense-off","r3__people__A__59__control","r3__people__A__59__offense-off","true","true","1->1","0","0","21600","21600","-52311","-72.65416666666667","54","-73314","-11616"
"people","A","59","interception-off","r3__people__A__59__control","r3__people__A__59__interception-off","true","true","1->1","0","0","21600","21600","0","0","-33","0","0"
"people","A","59","both-off","r3__people__A__59__control","r3__people__A__59__both-off","true","false","1->0","-1","-16366","5234","5100","-6601","-38.82941176470588","-23","13950","-12876"
"people","A","60","offense-off","r3__people__A__60__control","r3__people__A__60__offense-off","true","false","1->0","-1","-501","21099","21000","-39752","-56.78857142857143","102","-17002","26605"
"people","A","60","interception-off","r3__people__A__60__control","r3__people__A__60__interception-off","true","false","1->0","-1","-4999","16601","16500","12252","22.276363636363637","-22","-15815","52874"
"people","A","60","both-off","r3__people__A__60__control","r3__people__A__60__both-off","true","false","1->0","-1","-17248","4352","4200","-4828","-34.48571428571429","-22","37506","2227"
"people","A","61","offense-off","r3__people__A__61__control","r3__people__A__61__offense-off","false","false","0->0","0","5546","12119","12000","-24307","-60.7675","16","-86401","-23971"
"people","A","61","interception-off","r3__people__A__61__control","r3__people__A__61__interception-off","false","false","0->0","0","-545","11574","11400","1667","4.386842105263158","-43","0","3086"
"people","A","61","both-off","r3__people__A__61__control","r3__people__A__61__both-off","false","false","0->0","0","9475","12119","12000","-24307","-60.7675","-43","-55592","-26551"
"people","A","62","offense-off","r3__people__A__62__control","r3__people__A__62__offense-off","true","false","1->0","-1","-3886","17714","17700","-23631","-40.052542372881355","171","4478","1297"
"people","A","62","interception-off","r3__people__A__62__control","r3__people__A__62__interception-off","true","true","1->1","0","0","21600","21600","1195","1.6597222222222223","-22","67460","30068"
"people","A","62","both-off","r3__people__A__62__control","r3__people__A__62__both-off","true","true","1->1","0","0","21600","21600","-36617","-50.856944444444444","-22","35870","17673"
"people","A","63","offense-off","r3__people__A__63__control","r3__people__A__63__offense-off","false","true","0->1","1","502","21098","21000","-39360","-56.22857142857143","84","4036","765"
"people","A","63","interception-off","r3__people__A__63__control","r3__people__A__63__interception-off","false","false","0->0","0","0","21098","21000","0","0","-9","0","0"
"people","A","63","both-off","r3__people__A__63__control","r3__people__A__63__both-off","false","true","0->1","1","502","21098","21000","-39360","-56.22857142857143","-9","17035","-6131"
"people","A","64","offense-off","r3__people__A__64__control","r3__people__A__64__offense-off","false","true","0->1","1","6513","15087","15000","-28376","-56.752","70","-8146","-10485"
"people","A","64","interception-off","r3__people__A__64__control","r3__people__A__64__interception-off","false","false","0->0","0","0","15087","15000","0","0","-16","0","0"
"people","A","64","both-off","r3__people__A__64__control","r3__people__A__64__both-off","false","true","0->1","1","6513","15087","15000","-28376","-56.752","-16","-923","-19842"
"people","A","65","offense-off","r3__people__A__65__control","r3__people__A__65__offense-off","true","false","1->0","-1","-1493","20107","20100","-39296","-58.65074626865672","85","-16029","-25905"
"people","A","65","interception-off","r3__people__A__65__control","r3__people__A__65__interception-off","true","true","1->1","0","0","21600","21600","0","0","-16","0","0"
"people","A","65","both-off","r3__people__A__65__control","r3__people__A__65__both-off","true","false","1->0","-1","-7170","14430","14400","-22333","-46.52708333333333","-16","9428","-23312"
"people","A","66","offense-off","r3__people__A__66__control","r3__people__A__66__offense-off","false","false","0->0","0","-2996","13048","12900","-20482","-47.632558139534886","66","-18302","34668"
"people","A","66","interception-off","r3__people__A__66__control","r3__people__A__66__interception-off","false","false","0->0","0","1932","16044","15900","1927","3.6358490566037736","-54","-20674","6620"
"people","A","66","both-off","r3__people__A__66__control","r3__people__A__66__both-off","false","true","0->1","1","5556","16044","15900","-28221","-53.24716981132075","-54","-39538","46750"
"people","A","67","offense-off","r3__people__A__67__control","r3__people__A__67__offense-off","false","true","0->1","1","2052","19548","19500","-33859","-52.09076923076923","57","-2198","10677"
"people","A","67","interception-off","r3__people__A__67__control","r3__people__A__67__interception-off","false","false","0->0","0","0","19548","19500","0","0","-10","0","0"
"people","A","67","both-off","r3__people__A__67__control","r3__people__A__67__both-off","false","true","0->1","1","2052","19548","19500","-33859","-52.09076923076923","-10","-2205","75458"
"people","A","68","offense-off","r3__people__A__68__control","r3__people__A__68__offense-off","false","true","0->1","1","6489","15111","15000","-34708","-69.416","59","-84616","-46174"
"people","A","68","interception-off","r3__people__A__68__control","r3__people__A__68__interception-off","false","false","0->0","0","0","15111","15000","-8","-0.016","-39","0","0"
"people","A","68","both-off","r3__people__A__68__control","r3__people__A__68__both-off","false","false","0->0","0","-10885","4226","4200","-6035","-43.107142857142854","-20","0","-504"
"people","A","69","offense-off","r3__people__A__69__control","r3__people__A__69__offense-off","true","true","1->1","0","0","21600","21600","-36410","-50.56944444444444","99","17250","9625"
"people","A","69","interception-off","r3__people__A__69__control","r3__people__A__69__interception-off","true","true","1->1","0","0","21600","21600","0","0","-8","0","0"
"people","A","69","both-off","r3__people__A__69__control","r3__people__A__69__both-off","true","false","1->0","-1","-8973","12627","12600","-17046","-40.58571428571429","-8","40166","20420"
"people","A","70","offense-off","r3__people__A__70__control","r3__people__A__70__offense-off","false","false","0->0","0","-159","17502","17400","-30585","-52.73275862068966","217","45230","66521"
"people","A","70","interception-off","r3__people__A__70__control","r3__people__A__70__interception-off","false","false","0->0","0","0","17661","17400","0","0","-7","0","0"
"people","A","70","both-off","r3__people__A__70__control","r3__people__A__70__both-off","false","true","0->1","1","3939","17661","17400","-30585","-52.73275862068966","-7","18290","-5243"
"people","A","71","offense-off","r3__people__A__71__control","r3__people__A__71__offense-off","true","true","1->1","0","0","21600","21600","-35141","-48.80694444444445","85","53475","16364"
"people","A","71","interception-off","r3__people__A__71__control","r3__people__A__71__interception-off","true","true","1->1","0","0","21600","21600","0","0","-9","0","0"
"people","A","71","both-off","r3__people__A__71__control","r3__people__A__71__both-off","true","true","1->1","0","0","21600","21600","-35141","-48.80694444444445","-9","36871","6524"
"people","A","72","offense-off","r3__people__A__72__control","r3__people__A__72__offense-off","true","false","1->0","-1","-6619","14981","14700","-20277","-41.381632653061224","103","23793","20320"
"people","A","72","interception-off","r3__people__A__72__control","r3__people__A__72__interception-off","true","true","1->1","0","0","21600","21600","0","0","-20","0","0"
"people","A","72","both-off","r3__people__A__72__control","r3__people__A__72__both-off","true","false","1->0","-1","-7955","13645","13500","-17091","-37.98","-20","23793","21704"
"people","A","73","offense-off","r3__people__A__73__control","r3__people__A__73__offense-off","false","true","0->1","1","5657","15943","15900","-30056","-56.70943396226415","105","-32743","25744"
"people","A","73","interception-off","r3__people__A__73__control","r3__people__A__73__interception-off","false","true","0->1","1","5657","15943","15900","-10442","-19.70188679245283","-39","-45360","-14307"
"people","A","73","both-off","r3__people__A__73__control","r3__people__A__73__both-off","false","false","0->0","0","2644","15943","15900","-30056","-56.70943396226415","-39","-37674","-24084"
"people","B","42","offense-off","r3__people__B__42__control","r3__people__B__42__offense-off","true","true","1->1","0","0","21600","21600","-52119","-72.3875","819","-163872","41018"
"people","B","42","interception-off","r3__people__B__42__control","r3__people__B__42__interception-off","true","true","1->1","0","0","21600","21600","3282","4.558333333333334","-46","-9359","783"
"people","B","42","both-off","r3__people__B__42__control","r3__people__B__42__both-off","true","true","1->1","0","0","21600","21600","-52119","-72.3875","-46","-9359","55783"
"people","B","43","offense-off","r3__people__B__43__control","r3__people__B__43__offense-off","true","true","1->1","0","0","21600","21600","-58174","-80.79722222222222","508","-106378","-59627"
"people","B","43","interception-off","r3__people__B__43__control","r3__people__B__43__interception-off","true","true","1->1","0","0","21600","21600","5664","7.866666666666666","-34","-11699","-8544"
"people","B","43","both-off","r3__people__B__43__control","r3__people__B__43__both-off","true","true","1->1","0","0","21600","21600","-58174","-80.79722222222222","-34","25571","-23812"
"people","B","44","offense-off","r3__people__B__44__control","r3__people__B__44__offense-off","true","true","1->1","0","0","21600","21600","-53225","-73.92361111111111","1057","-67721","28736"
"people","B","44","interception-off","r3__people__B__44__control","r3__people__B__44__interception-off","true","true","1->1","0","0","21600","21600","-390","-0.5416666666666666","-32","-11699","-36301"
"people","B","44","both-off","r3__people__B__44__control","r3__people__B__44__both-off","true","false","1->0","-1","-7598","14002","13800","-26130","-56.80434782608695","-29","-3899","-11351"
"people","B","45","offense-off","r3__people__B__45__control","r3__people__B__45__offense-off","true","true","1->1","0","0","21600","21600","-68810","-95.56944444444444","229","-15884","95237"
"people","B","45","interception-off","r3__people__B__45__control","r3__people__B__45__interception-off","true","true","1->1","0","0","21600","21600","-13349","-18.540277777777778","-68","-10122","85364"
"people","B","45","both-off","r3__people__B__45__control","r3__people__B__45__both-off","true","true","1->1","0","0","21600","21600","-68810","-95.56944444444444","-68","-10122","96403"
"people","B","46","offense-off","r3__people__B__46__control","r3__people__B__46__offense-off","true","false","1->0","-1","-9546","12054","12000","-17716","-44.29","254","-73350","1409"
"people","B","46","interception-off","r3__people__B__46__control","r3__people__B__46__interception-off","true","true","1->1","0","0","21600","21600","6623","9.198611111111111","-36","-8999","40410"
"people","B","46","both-off","r3__people__B__46__control","r3__people__B__46__both-off","true","true","1->1","0","0","21600","21600","-45285","-62.895833333333336","-36","-8999","8503"
"people","B","47","offense-off","r3__people__B__47__control","r3__people__B__47__offense-off","false","true","0->1","1","422","21178","21000","-41484","-59.26285714285714","359","-27129","186927"
"people","B","47","interception-off","r3__people__B__47__control","r3__people__B__47__interception-off","false","true","0->1","1","422","21178","21000","1766","2.5228571428571427","-32","-6059","18288"
"people","B","47","both-off","r3__people__B__47__control","r3__people__B__47__both-off","false","false","0->0","0","-9900","11278","11100","-16198","-43.77837837837838","-17","0","11442"
"people","B","48","offense-off","r3__people__B__48__control","r3__people__B__48__offense-off","true","true","1->1","0","0","21600","21600","-41664","-57.86666666666667","87","3522","-119"
"people","B","48","interception-off","r3__people__B__48__control","r3__people__B__48__interception-off","true","false","1->0","-1","-966","20634","20400","454","0.6676470588235294","-30","-20337","-80056"
"people","B","48","both-off","r3__people__B__48__control","r3__people__B__48__both-off","true","true","1->1","0","0","21600","21600","-41664","-57.86666666666667","-31","-36536","-94856"
"people","B","49","offense-off","r3__people__B__49__control","r3__people__B__49__offense-off","false","true","0->1","1","8080","13520","13500","-32493","-72.20666666666666","662","-92436","350"
"people","B","49","interception-off","r3__people__B__49__control","r3__people__B__49__interception-off","false","true","0->1","1","8080","13520","13500","-1007","-2.2377777777777776","-44","-3599","-567"
"people","B","49","both-off","r3__people__B__49__control","r3__people__B__49__both-off","false","true","0->1","1","8080","13520","13500","-32493","-72.20666666666666","-44","-3599","-13199"
"people","B","50","offense-off","r3__people__B__50__control","r3__people__B__50__offense-off","true","true","1->1","0","0","21600","21600","-52659","-73.1375","1471","-8725","24273"
"people","B","50","interception-off","r3__people__B__50__control","r3__people__B__50__interception-off","true","true","1->1","0","0","21600","21600","3697","5.134722222222222","-50","-8459","-4327"
"people","B","50","both-off","r3__people__B__50__control","r3__people__B__50__both-off","true","true","1->1","0","0","21600","21600","-52659","-73.1375","-50","-8459","29487"
"people","B","51","offense-off","r3__people__B__51__control","r3__people__B__51__offense-off","true","true","1->1","0","0","21600","21600","-56564","-78.56111111111112","889","-60799","53211"
"people","B","51","interception-off","r3__people__B__51__control","r3__people__B__51__interception-off","true","true","1->1","0","0","21600","21600","1354","1.8805555555555555","-32","-10439","-6410"
"people","B","51","both-off","r3__people__B__51__control","r3__people__B__51__both-off","true","true","1->1","0","0","21600","21600","-56564","-78.56111111111112","-32","-27807","43796"
"people","B","52","offense-off","r3__people__B__52__control","r3__people__B__52__offense-off","true","true","1->1","0","0","21600","21600","-48855","-67.85416666666667","1095","-101813","46221"
"people","B","52","interception-off","r3__people__B__52__control","r3__people__B__52__interception-off","true","true","1->1","0","0","21600","21600","1468","2.0388888888888888","-32","-12059","-30925"
"people","B","52","both-off","r3__people__B__52__control","r3__people__B__52__both-off","true","true","1->1","0","0","21600","21600","-48855","-67.85416666666667","-32","-27765","25031"
"people","B","53","offense-off","r3__people__B__53__control","r3__people__B__53__offense-off","true","true","1->1","0","0","21600","21600","-46344","-64.36666666666666","250","-9097","-432"
"people","B","53","interception-off","r3__people__B__53__control","r3__people__B__53__interception-off","true","false","1->0","-1","-3956","17644","17400","9792","16.882758620689657","-40","-7499","-33801"
"people","B","53","both-off","r3__people__B__53__control","r3__people__B__53__both-off","true","false","1->0","-1","-9499","12101","12000","-18796","-46.99","-39","40645","25618"
"people","B","54","offense-off","r3__people__B__54__control","r3__people__B__54__offense-off","true","false","1->0","-1","-9451","12149","12000","-18490","-46.225","75","-68261","-46940"
"people","B","54","interception-off","r3__people__B__54__control","r3__people__B__54__interception-off","true","true","1->1","0","0","21600","21600","-3930","-5.458333333333333","-40","-11879","4507"
"people","B","54","both-off","r3__people__B__54__control","r3__people__B__54__both-off","true","false","1->0","-1","-6552","15048","15000","-27861","-55.722","-35","-26135","-45294"
"people","B","55","offense-off","r3__people__B__55__control","r3__people__B__55__offense-off","false","true","0->1","1","1899","19701","19500","-43178","-66.42769230769231","819","-122381","-12876"
"people","B","55","interception-off","r3__people__B__55__control","r3__people__B__55__interception-off","false","true","0->1","1","1899","19701","19500","2676","4.116923076923077","-36","-5999","12010"
"people","B","55","both-off","r3__people__B__55__control","r3__people__B__55__both-off","false","true","0->1","1","1899","19701","19500","-43178","-66.42769230769231","-36","-30569","-21010"
"people","B","56","offense-off","r3__people__B__56__control","r3__people__B__56__offense-off","true","true","1->1","0","0","21600","21600","-54792","-76.1","1163","-118789","17622"
"people","B","56","interception-off","r3__people__B__56__control","r3__people__B__56__interception-off","true","true","1->1","0","0","21600","21600","5696","7.911111111111111","-38","-9539","-1595"
"people","B","56","both-off","r3__people__B__56__control","r3__people__B__56__both-off","true","true","1->1","0","0","21600","21600","-54792","-76.1","-38","-9539","-3039"
"people","B","57","offense-off","r3__people__B__57__control","r3__people__B__57__offense-off","true","true","1->1","0","0","21600","21600","-54855","-76.1875","801","-110313","4762"
"people","B","57","interception-off","r3__people__B__57__control","r3__people__B__57__interception-off","true","true","1->1","0","0","21600","21600","5047","7.009722222222222","-34","-9899","17711"
"people","B","57","both-off","r3__people__B__57__control","r3__people__B__57__both-off","true","true","1->1","0","0","21600","21600","-54855","-76.1875","-34","-9899","12210"
"people","B","58","offense-off","r3__people__B__58__control","r3__people__B__58__offense-off","true","true","1->1","0","0","21600","21600","-65259","-90.6375","645","-117456","-11640"
"people","B","58","interception-off","r3__people__B__58__control","r3__people__B__58__interception-off","true","true","1->1","0","0","21600","21600","-6479","-8.998611111111112","-44","-11699","-15271"
"people","B","58","both-off","r3__people__B__58__control","r3__people__B__58__both-off","true","true","1->1","0","0","21600","21600","-65259","-90.6375","-44","-11699","-19010"
"people","B","59","offense-off","r3__people__B__59__control","r3__people__B__59__offense-off","true","true","1->1","0","0","21600","21600","-69078","-95.94166666666666","319","-53983","-21940"
"people","B","59","interception-off","r3__people__B__59__control","r3__people__B__59__interception-off","true","true","1->1","0","0","21600","21600","-3161","-4.3902777777777775","-54","-12239","-12357"
"people","B","59","both-off","r3__people__B__59__control","r3__people__B__59__both-off","true","false","1->0","-1","-16366","5234","5100","-6172","-36.305882352941175","-17","-480","-13431"
"people","B","60","offense-off","r3__people__B__60__control","r3__people__B__60__offense-off","true","true","1->1","0","0","21600","21600","-50705","-70.42361111111111","156","-54343","-37266"
"people","B","60","interception-off","r3__people__B__60__control","r3__people__B__60__interception-off","true","false","1->0","-1","-7891","13709","13500","7090","15.755555555555556","-28","27416","10291"
"people","B","60","both-off","r3__people__B__60__control","r3__people__B__60__both-off","true","false","1->0","-1","-17248","4352","4200","-3664","-26.17142857142857","-12","-5302","-350"
"people","B","61","offense-off","r3__people__B__61__control","r3__people__B__61__offense-off","false","true","0->1","1","1504","20096","19800","-60412","-91.53333333333333","154","-32182","-121349"
"people","B","61","interception-off","r3__people__B__61__control","r3__people__B__61__interception-off","false","false","0->0","0","-5998","14098","13800","206","0.44782608695652176","-37","-3899","-12050"
"people","B","61","both-off","r3__people__B__61__control","r3__people__B__61__both-off","false","true","0->1","1","1504","20096","19800","-60412","-91.53333333333333","-48","-9796","-10790"
"people","B","62","offense-off","r3__people__B__62__control","r3__people__B__62__offense-off","true","true","1->1","0","0","21600","21600","-31863","-44.25416666666667","263","-77758","96922"
"people","B","62","interception-off","r3__people__B__62__control","r3__people__B__62__interception-off","true","true","1->1","0","0","21600","21600","33615","46.6875","-34","-28419","126105"
"people","B","62","both-off","r3__people__B__62__control","r3__people__B__62__both-off","true","true","1->1","0","0","21600","21600","-31863","-44.25416666666667","-34","-28419","179586"
"people","B","63","offense-off","r3__people__B__63__control","r3__people__B__63__offense-off","true","true","1->1","0","0","21600","21600","-71237","-98.94027777777778","201","-11118","-43143"
"people","B","63","interception-off","r3__people__B__63__control","r3__people__B__63__interception-off","true","true","1->1","0","0","21600","21600","1361","1.8902777777777777","-48","-9539","1705"
"people","B","63","both-off","r3__people__B__63__control","r3__people__B__63__both-off","true","true","1->1","0","0","21600","21600","-71237","-98.94027777777778","-48","-178720","-219836"
"people","B","64","offense-off","r3__people__B__64__control","r3__people__B__64__offense-off","true","true","1->1","0","0","21600","21600","-56444","-78.39444444444445","991","-268113","-56658"
"people","B","64","interception-off","r3__people__B__64__control","r3__people__B__64__interception-off","true","true","1->1","0","0","21600","21600","-2334","-3.2416666666666667","-45","-10979","-4715"
"people","B","64","both-off","r3__people__B__64__control","r3__people__B__64__both-off","true","true","1->1","0","0","21600","21600","-56444","-78.39444444444445","-45","-10979","-19644"
"people","B","65","offense-off","r3__people__B__65__control","r3__people__B__65__offense-off","false","true","0->1","1","3306","18294","18000","-43417","-72.36166666666666","621","-147150","30999"
"people","B","65","interception-off","r3__people__B__65__control","r3__people__B__65__interception-off","false","false","0->0","0","-981","17313","17100","2804","4.919298245614035","-51","-7199","-16319"
"people","B","65","both-off","r3__people__B__65__control","r3__people__B__65__both-off","false","true","0->1","1","3306","18294","18000","-43417","-72.36166666666666","-52","-8099","32794"
"people","B","66","offense-off","r3__people__B__66__control","r3__people__B__66__offense-off","false","true","0->1","1","1963","19637","19500","-55311","-85.09384615384616","730","-264143","26308"
"people","B","66","interception-off","r3__people__B__66__control","r3__people__B__66__interception-off","false","false","0->0","0","-1339","18298","18000","1977","3.295","-39","-8099","-7594"
"people","B","66","both-off","r3__people__B__66__control","r3__people__B__66__both-off","false","true","0->1","1","1963","19637","19500","-55311","-85.09384615384616","-39","-9599","11696"
"people","B","67","offense-off","r3__people__B__67__control","r3__people__B__67__offense-off","true","true","1->1","0","0","21600","21600","-50739","-70.47083333333333","564","-93412","-19435"
"people","B","67","interception-off","r3__people__B__67__control","r3__people__B__67__interception-off","true","true","1->1","0","0","21600","21600","1489","2.0680555555555555","-36","-9359","10762"
"people","B","67","both-off","r3__people__B__67__control","r3__people__B__67__both-off","true","true","1->1","0","0","21600","21600","-50739","-70.47083333333333","-36","-9359","-109870"
"people","B","68","offense-off","r3__people__B__68__control","r3__people__B__68__offense-off","false","false","0->0","0","-5601","11618","11400","-21377","-56.25526315789474","87","8923","-9873"
"people","B","68","interception-off","r3__people__B__68__control","r3__people__B__68__interception-off","false","false","0->0","0","461","17219","17100","3537","6.205263157894737","-41","-7199","-5010"
"people","B","68","both-off","r3__people__B__68__control","r3__people__B__68__both-off","false","false","0->0","0","-12993","4226","4200","-6035","-43.107142857142854","-20","0","-504"
"people","B","69","offense-off","r3__people__B__69__control","r3__people__B__69__offense-off","true","true","1->1","0","0","21600","21600","-46792","-64.9888888888889","178","-15331","-22864"
"people","B","69","interception-off","r3__people__B__69__control","r3__people__B__69__interception-off","true","true","1->1","0","0","21600","21600","11314","15.713888888888889","-42","-8879","-2119"
"people","B","69","both-off","r3__people__B__69__control","r3__people__B__69__both-off","true","false","1->0","-1","-15656","5944","5700","-5380","-28.31578947368421","-13","-3664","3584"
"people","B","70","offense-off","r3__people__B__70__control","r3__people__B__70__offense-off","true","true","1->1","0","0","21600","21600","-37333","-51.85138888888889","469","83212","107849"
"people","B","70","interception-off","r3__people__B__70__control","r3__people__B__70__interception-off","true","true","1->1","0","0","21600","21600","-464","-0.6444444444444445","-36","27131","-64315"
"people","B","70","both-off","r3__people__B__70__control","r3__people__B__70__both-off","true","true","1->1","0","0","21600","21600","-37333","-51.85138888888889","-36","118209","-58193"
"people","B","71","offense-off","r3__people__B__71__control","r3__people__B__71__offense-off","true","true","1->1","0","0","21600","21600","-45117","-62.6625","206","45653","99822"
"people","B","71","interception-off","r3__people__B__71__control","r3__people__B__71__interception-off","true","true","1->1","0","0","21600","21600","867","1.2041666666666666","-31","-8099","-2149"
"people","B","71","both-off","r3__people__B__71__control","r3__people__B__71__both-off","true","true","1->1","0","0","21600","21600","-45117","-62.6625","-31","31141","-51118"
"people","B","72","offense-off","r3__people__B__72__control","r3__people__B__72__offense-off","true","true","1->1","0","0","21600","21600","-48071","-66.76527777777778","784","-313262","119114"
"people","B","72","interception-off","r3__people__B__72__control","r3__people__B__72__interception-off","true","true","1->1","0","0","21600","21600","-1667","-2.3152777777777778","-41","-8459","-19230"
"people","B","72","both-off","r3__people__B__72__control","r3__people__B__72__both-off","true","true","1->1","0","0","21600","21600","-48071","-66.76527777777778","-41","-27488","120178"
"people","B","73","offense-off","r3__people__B__73__control","r3__people__B__73__offense-off","true","true","1->1","0","0","21600","21600","-66244","-92.00555555555556","934","-219507","37769"
"people","B","73","interception-off","r3__people__B__73__control","r3__people__B__73__interception-off","true","true","1->1","0","0","21600","21600","-5944","-8.255555555555556","-39","4711","9064"
"people","B","73","both-off","r3__people__B__73__control","r3__people__B__73__both-off","true","false","1->0","-1","-7955","13645","13500","-30718","-68.26222222222222","-36","33886","-72313"
"people","C","42","offense-off","r3__people__C__42__control","r3__people__C__42__offense-off","true","false","1->0","-1","-15134","6466","6300","-11245","-53.54761904761905","276","9967","9301"
"people","C","42","interception-off","r3__people__C__42__control","r3__people__C__42__interception-off","true","true","1->1","0","0","21600","21600","-1462","-2.0305555555555554","-1145","-35854","4989"
"people","C","42","both-off","r3__people__C__42__control","r3__people__C__42__both-off","true","true","1->1","0","0","21600","21600","-96682","-134.28055555555557","-1145","-148351","33743"
"people","C","43","offense-off","r3__people__C__43__control","r3__people__C__43__offense-off","false","false","0->0","0","-2984","18118","18000","-73505","-122.50833333333334","1793","-231734","-46233"
"people","C","43","interception-off","r3__people__C__43__control","r3__people__C__43__interception-off","false","false","0->0","0","-3342","17760","17700","5636","9.552542372881357","-782","-92368","14542"
"people","C","43","both-off","r3__people__C__43__control","r3__people__C__43__both-off","false","false","0->0","0","-8007","13095","12900","-40282","-93.67906976744186","-366","-63510","8619"
"people","C","44","offense-off","r3__people__C__44__control","r3__people__C__44__offense-off","false","true","0->1","1","973","20627","20400","-90295","-132.78676470588235","2334","-145790","-44539"
"people","C","44","interception-off","r3__people__C__44__control","r3__people__C__44__interception-off","false","true","0->1","1","973","20627","20400","-24716","-36.34705882352941","-1248","3624","-182941"
"people","C","44","both-off","r3__people__C__44__control","r3__people__C__44__both-off","false","false","0->0","0","-8568","12059","12000","-33562","-83.905","-353","-44088","-39743"
"people","C","45","offense-off","r3__people__C__45__control","r3__people__C__45__offense-off","true","true","1->1","0","0","21600","21600","-69666","-96.75833333333334","2980","11914","148615"
"people","C","45","interception-off","r3__people__C__45__control","r3__people__C__45__interception-off","true","true","1->1","0","0","21600","21600","24263","33.69861111111111","-739","188592","157328"
"people","C","45","both-off","r3__people__C__45__control","r3__people__C__45__both-off","true","false","1->0","-1","-13970","7630","7500","-10802","-43.208","-73","82901","18707"
"people","C","46","offense-off","r3__people__C__46__control","r3__people__C__46__offense-off","true","false","1->0","-1","-9187","12413","12300","-32707","-79.77317073170731","310","97989","18037"
"people","C","46","interception-off","r3__people__C__46__control","r3__people__C__46__interception-off","true","false","1->0","-1","-849","20751","20700","-19328","-28.01159420289855","-1120","123631","58116"
"people","C","46","both-off","r3__people__C__46__control","r3__people__C__46__both-off","true","true","1->1","0","0","21600","21600","-105776","-146.9111111111111","-1257","59653","41595"
"people","C","47","offense-off","r3__people__C__47__control","r3__people__C__47__offense-off","true","true","1->1","0","0","21600","21600","-51392","-71.37777777777778","1017","-45668","84552"
"people","C","47","interception-off","r3__people__C__47__control","r3__people__C__47__interception-off","true","true","1->1","0","0","21600","21600","7277","10.106944444444444","-495","83477","23100"
"people","C","47","both-off","r3__people__C__47__control","r3__people__C__47__both-off","true","true","1->1","0","0","21600","21600","-51392","-71.37777777777778","-495","-3040","164205"
"people","C","48","offense-off","r3__people__C__48__control","r3__people__C__48__offense-off","true","true","1->1","0","0","21600","21600","-49457","-68.69027777777778","1211","-28359","-2957"
"people","C","48","interception-off","r3__people__C__48__control","r3__people__C__48__interception-off","true","true","1->1","0","0","21600","21600","5108","7.094444444444444","-515","14063","1165"
"people","C","48","both-off","r3__people__C__48__control","r3__people__C__48__both-off","true","true","1->1","0","0","21600","21600","-49457","-68.69027777777778","-515","143021","18619"
"people","C","49","offense-off","r3__people__C__49__control","r3__people__C__49__offense-off","true","true","1->1","0","0","21600","21600","-88906","-123.48055555555555","1004","50903","53706"
"people","C","49","interception-off","r3__people__C__49__control","r3__people__C__49__interception-off","true","true","1->1","0","0","21600","21600","7426","10.313888888888888","-1082","128955","82460"
"people","C","49","both-off","r3__people__C__49__control","r3__people__C__49__both-off","true","true","1->1","0","0","21600","21600","-88906","-123.48055555555555","-1082","-106532","-16332"
"people","C","50","offense-off","r3__people__C__50__control","r3__people__C__50__offense-off","true","false","1->0","-1","-6154","15446","15300","-45169","-88.56666666666666","1843","-151249","-21162"
"people","C","50","interception-off","r3__people__C__50__control","r3__people__C__50__interception-off","true","true","1->1","0","0","21600","21600","-1469","-2.040277777777778","-958","-20908","-9786"
"people","C","50","both-off","r3__people__C__50__control","r3__people__C__50__both-off","true","true","1->1","0","0","21600","21600","-86543","-120.1986111111111","-958","-159778","13502"
"people","C","51","offense-off","r3__people__C__51__control","r3__people__C__51__offense-off","true","true","1->1","0","0","21600","21600","-98117","-136.2736111111111","2632","32990","-26636"
"people","C","51","interception-off","r3__people__C__51__control","r3__people__C__51__interception-off","true","true","1->1","0","0","21600","21600","-6297","-8.745833333333334","-1619","20232","17966"
"people","C","51","both-off","r3__people__C__51__control","r3__people__C__51__both-off","true","true","1->1","0","0","21600","21600","-98117","-136.2736111111111","-1619","91676","12526"
"people","C","52","offense-off","r3__people__C__52__control","r3__people__C__52__offense-off","true","true","1->1","0","0","21600","21600","-93610","-130.01388888888889","1865","-224425","40671"
"people","C","52","interception-off","r3__people__C__52__control","r3__people__C__52__interception-off","true","true","1->1","0","0","21600","21600","-8881","-12.334722222222222","-1250","-12493","-45478"
"people","C","52","both-off","r3__people__C__52__control","r3__people__C__52__both-off","true","true","1->1","0","0","21600","21600","-93610","-130.01388888888889","-1250","-126907","48550"
"people","C","53","offense-off","r3__people__C__53__control","r3__people__C__53__offense-off","false","false","0->0","0","-7668","12093","12000","-29885","-74.7125","864","-48582","22016"
"people","C","53","interception-off","r3__people__C__53__control","r3__people__C__53__interception-off","false","false","0->0","0","-4200","15561","15300","-3720","-7.294117647058823","-418","34027","12602"
"people","C","53","both-off","r3__people__C__53__control","r3__people__C__53__both-off","false","true","0->1","1","1839","19761","19500","-73086","-112.44","-665","36086","132735"
"people","C","54","offense-off","r3__people__C__54__control","r3__people__C__54__offense-off","true","true","1->1","0","0","21600","21600","-94632","-131.43333333333334","-75","-311534","-185548"
"people","C","54","interception-off","r3__people__C__54__control","r3__people__C__54__interception-off","true","true","1->1","0","0","21600","21600","-11222","-15.58611111111111","-1166","-68744","-28089"
"people","C","54","both-off","r3__people__C__54__control","r3__people__C__54__both-off","true","false","1->0","-1","-6466","15134","15000","-43292","-86.584","-346","-189166","-73282"
"people","C","55","offense-off","r3__people__C__55__control","r3__people__C__55__offense-off","false","true","0->1","1","5850","15750","15600","-35730","-68.71153846153847","1238","-16139","79275"
"people","C","55","interception-off","r3__people__C__55__control","r3__people__C__55__interception-off","false","true","0->1","1","5850","15750","15600","122","0.23461538461538461","-245","-6065","-1495"
"people","C","55","both-off","r3__people__C__55__control","r3__people__C__55__both-off","false","true","0->1","1","5850","15750","15600","-35730","-68.71153846153847","-245","-41934","24096"
"people","C","56","offense-off","r3__people__C__56__control","r3__people__C__56__offense-off","true","true","1->1","0","0","21600","21600","-57893","-80.40694444444445","2055","104750","222889"
"people","C","56","interception-off","r3__people__C__56__control","r3__people__C__56__interception-off","true","false","1->0","-1","-2544","19056","18900","22107","35.09047619047619","-405","-12302","41816"
"people","C","56","both-off","r3__people__C__56__control","r3__people__C__56__both-off","true","false","1->0","-1","-2948","18652","18600","-45443","-73.29516129032258","-398","-90023","-3497"
"people","C","57","offense-off","r3__people__C__57__control","r3__people__C__57__offense-off","true","true","1->1","0","0","21600","21600","-85931","-119.34861111111111","2645","-7756","15476"
"people","C","57","interception-off","r3__people__C__57__control","r3__people__C__57__interception-off","true","false","1->0","-1","-4469","17131","17100","6373","11.180701754385964","-611","-40839","-14683"
"people","C","57","both-off","r3__people__C__57__control","r3__people__C__57__both-off","true","false","1->0","-1","-8453","13147","12900","-32060","-74.55813953488372","-264","81448","9327"
"people","C","58","offense-off","r3__people__C__58__control","r3__people__C__58__offense-off","true","true","1->1","0","0","21600","21600","-105111","-145.9875","82","43858","-2930"
"people","C","58","interception-off","r3__people__C__58__control","r3__people__C__58__interception-off","true","true","1->1","0","0","21600","21600","-2354","-3.2694444444444444","-2396","-34934","-51499"
"people","C","58","both-off","r3__people__C__58__control","r3__people__C__58__both-off","true","true","1->1","0","0","21600","21600","-105111","-145.9875","-2396","-52948","-56650"
"people","C","59","offense-off","r3__people__C__59__control","r3__people__C__59__offense-off","true","true","1->1","0","0","21600","21600","-101215","-140.57638888888889","207","-109161","-114656"
"people","C","59","interception-off","r3__people__C__59__control","r3__people__C__59__interception-off","true","true","1->1","0","0","21600","21600","6755","9.381944444444445","-1286","-7513","40987"
"people","C","59","both-off","r3__people__C__59__control","r3__people__C__59__both-off","true","false","1->0","-1","-16366","5234","5100","-6532","-38.423529411764704","-29","13950","-12876"
"people","C","60","offense-off","r3__people__C__60__control","r3__people__C__60__offense-off","true","true","1->1","0","0","21600","21600","-71715","-99.60416666666667","2878","-63382","23248"
"people","C","60","interception-off","r3__people__C__60__control","r3__people__C__60__interception-off","true","true","1->1","0","0","21600","21600","24459","33.97083333333333","-835","15920","119448"
"people","C","60","both-off","r3__people__C__60__control","r3__people__C__60__both-off","true","false","1->0","-1","-17248","4352","4200","-4898","-34.98571428571429","-45","35720","2160"
"people","C","61","offense-off","r3__people__C__61__control","r3__people__C__61__offense-off","false","true","0->1","1","7452","14148","14100","-45855","-97.56382978723404","490","59964","-33139"
"people","C","61","interception-off","r3__people__C__61__control","r3__people__C__61__interception-off","false","false","0->0","0","-12","14136","14100","3409","7.253191489361702","-328","34777","-3540"
"people","C","61","both-off","r3__people__C__61__control","r3__people__C__61__both-off","false","true","0->1","1","7452","14148","14100","-45855","-97.56382978723404","-328","-67284","-16889"
"people","C","62","offense-off","r3__people__C__62__control","r3__people__C__62__offense-off","true","false","1->0","-1","-5047","16553","16500","-40748","-74.08727272727273","1121","-147617","-95041"
"people","C","62","interception-off","r3__people__C__62__control","r3__people__C__62__interception-off","true","true","1->1","0","0","21600","21600","-112","-0.15555555555555556","-654","-167298","-116370"
"people","C","62","both-off","r3__people__C__62__control","r3__people__C__62__both-off","true","false","1->0","-1","-4636","16964","16800","-42476","-75.85","-297","-195563","8805"
"people","C","63","offense-off","r3__people__C__63__control","r3__people__C__63__offense-off","false","false","0->0","0","2741","13717","13500","-40509","-90.02","233","-116762","-80937"
"people","C","63","interception-off","r3__people__C__63__control","r3__people__C__63__interception-off","false","false","0->0","0","2934","13717","13500","-1611","-3.58","-325","45603","8745"
"people","C","63","both-off","r3__people__C__63__control","r3__people__C__63__both-off","false","true","0->1","1","7883","13717","13500","-40509","-90.02","-325","-15595","-79603"
"people","C","64","offense-off","r3__people__C__64__control","r3__people__C__64__offense-off","true","true","1->1","0","0","21600","21600","-87947","-122.14861111111111","330","-19212","-174023"
"people","C","64","interception-off","r3__people__C__64__control","r3__people__C__64__interception-off","true","true","1->1","0","0","21600","21600","4000","5.555555555555555","-1013","26465","-11463"
"people","C","64","both-off","r3__people__C__64__control","r3__people__C__64__both-off","true","true","1->1","0","0","21600","21600","-87947","-122.14861111111111","-1013","112641","58982"
"people","C","65","offense-off","r3__people__C__65__control","r3__people__C__65__offense-off","true","true","1->1","0","0","21600","21600","-82564","-114.67222222222222","2440","-51854","-65027"
"people","C","65","interception-off","r3__people__C__65__control","r3__people__C__65__interception-off","true","false","1->0","-1","-3953","17647","17400","-3676","-6.337931034482758","-560","-22123","-20629"
"people","C","65","both-off","r3__people__C__65__control","r3__people__C__65__both-off","true","true","1->1","0","0","21600","21600","-82564","-114.67222222222222","-1023","204986","71768"
"people","C","66","offense-off","r3__people__C__66__control","r3__people__C__66__offense-off","false","false","0->0","0","1911","12178","12000","-31819","-79.5475","844","-28502","20983"
"people","C","66","interception-off","r3__people__C__66__control","r3__people__C__66__interception-off","false","true","0->1","1","9422","12178","12000","-2556","-6.39","-292","-23207","-7291"
"people","C","66","both-off","r3__people__C__66__control","r3__people__C__66__both-off","false","true","0->1","1","9422","12178","12000","-31819","-79.5475","-292","-13127","30252"
"people","C","67","offense-off","r3__people__C__67__control","r3__people__C__67__offense-off","true","true","1->1","0","0","21600","21600","-88974","-123.575","3133","-244763","-41529"
"people","C","67","interception-off","r3__people__C__67__control","r3__people__C__67__interception-off","true","true","1->1","0","0","21600","21600","-3182","-4.419444444444444","-1123","-104269","-17367"
"people","C","67","both-off","r3__people__C__67__control","r3__people__C__67__both-off","true","true","1->1","0","0","21600","21600","-88974","-123.575","-1123","-228298","-181153"
"people","C","68","offense-off","r3__people__C__68__control","r3__people__C__68__offense-off","true","false","1->0","-1","-5521","16079","15900","-60301","-113.77547169811321","1128","-135535","-16156"
"people","C","68","interception-off","r3__people__C__68__control","r3__people__C__68__interception-off","true","true","1->1","0","0","21600","21600","-14970","-20.791666666666668","-1210","184845","18116"
"people","C","68","both-off","r3__people__C__68__control","r3__people__C__68__both-off","true","false","1->0","-1","-17374","4226","4200","-6035","-43.107142857142854","-20","0","-504"
"people","C","69","offense-off","r3__people__C__69__control","r3__people__C__69__offense-off","true","true","1->1","0","0","21600","21600","-92281","-128.16805555555555","3304","-152171","-36537"
"people","C","69","interception-off","r3__people__C__69__control","r3__people__C__69__interception-off","true","true","1->1","0","0","21600","21600","-1810","-2.513888888888889","-863","-97286","-1185"
"people","C","69","both-off","r3__people__C__69__control","r3__people__C__69__both-off","true","false","1->0","-1","-10161","11439","11400","-29814","-78.4578947368421","-179","43743","6884"
"people","C","70","offense-off","r3__people__C__70__control","r3__people__C__70__offense-off","true","false","1->0","-1","-4516","17084","16800","-33998","-60.71071428571429","2648","-44393","129514"
"people","C","70","interception-off","r3__people__C__70__control","r3__people__C__70__interception-off","true","true","1->1","0","0","21600","21600","21621","30.029166666666665","-544","71155","82042"
"people","C","70","both-off","r3__people__C__70__control","r3__people__C__70__both-off","true","true","1->1","0","0","21600","21600","-54858","-76.19166666666666","-544","18079","58736"
"people","C","71","offense-off","r3__people__C__71__control","r3__people__C__71__offense-off","true","true","1->1","0","0","21600","21600","-96321","-133.77916666666667","583","-21768","-122722"
"people","C","71","interception-off","r3__people__C__71__control","r3__people__C__71__interception-off","true","true","1->1","0","0","21600","21600","-161","-0.22361111111111112","-1287","53143","8909"
"people","C","71","both-off","r3__people__C__71__control","r3__people__C__71__both-off","true","true","1->1","0","0","21600","21600","-96321","-133.77916666666667","-1287","202135","39829"
"people","C","72","offense-off","r3__people__C__72__control","r3__people__C__72__offense-off","true","true","1->1","0","0","21600","21600","-92109","-127.92916666666666","2122","66266","-14648"
"people","C","72","interception-off","r3__people__C__72__control","r3__people__C__72__interception-off","true","false","1->0","-1","-4382","17218","17100","1307","2.2929824561403507","-702","-5694","-1154"
"people","C","72","both-off","r3__people__C__72__control","r3__people__C__72__both-off","true","true","1->1","0","0","21600","21600","-92109","-127.92916666666666","-1111","105446","41349"
"people","C","73","offense-off","r3__people__C__73__control","r3__people__C__73__offense-off","true","true","1->1","0","0","21600","21600","-83793","-116.37916666666666","3300","-243489","-45147"
"people","C","73","interception-off","r3__people__C__73__control","r3__people__C__73__interception-off","true","true","1->1","0","0","21600","21600","5785","8.034722222222221","-669","-237815","-104859"
"people","C","73","both-off","r3__people__C__73__control","r3__people__C__73__both-off","true","false","1->0","-1","-9183","12417","12300","-31370","-76.51219512195122","-182","-41524","-74289"
"weapon","A","42","offense-off","r3__weapon__A__42__control","r3__weapon__A__42__offense-off","true","false","1->0","-1","-932","20668","20400","-40580","-59.6764705882353","108","-30777","54938"
"weapon","A","42","interception-off","r3__weapon__A__42__control","r3__weapon__A__42__interception-off","true","true","1->1","0","0","21600","21600","0","0","-34","0","0"
"weapon","A","42","both-off","r3__weapon__A__42__control","r3__weapon__A__42__both-off","true","false","1->0","-1","-1579","20021","19800","-38171","-57.834848484848486","-34","-30777","65251"
"weapon","A","43","offense-off","r3__weapon__A__43__control","r3__weapon__A__43__offense-off","false","true","0->1","1","8136","13464","13200","-29896","-67.94545454545455","42","-509940","-76722"
"weapon","A","43","interception-off","r3__weapon__A__43__control","r3__weapon__A__43__interception-off","false","false","0->0","0","1176","13464","13200","354","0.8045454545454546","-45","-271494","-22228"
"weapon","A","43","both-off","r3__weapon__A__43__control","r3__weapon__A__43__both-off","false","true","0->1","1","8136","13464","13200","-29896","-67.94545454545455","-45","-501561","-47565"
"weapon","A","44","offense-off","r3__weapon__A__44__control","r3__weapon__A__44__offense-off","false","false","0->0","0","-8488","7682","7500","-10815","-43.26","75","-7973","-8305"
"weapon","A","44","interception-off","r3__weapon__A__44__control","r3__weapon__A__44__interception-off","false","false","0->0","0","-2696","13474","13200","-107","-0.2431818181818182","-41","17701","-14778"
"weapon","A","44","both-off","r3__weapon__A__44__control","r3__weapon__A__44__both-off","false","false","0->0","0","-2958","13212","13200","-32420","-73.68181818181819","-41","-449743","-75561"
"weapon","A","45","offense-off","r3__weapon__A__45__control","r3__weapon__A__45__offense-off","false","false","0->0","0","5476","13608","13500","-26952","-59.89333333333333","88","15360","-15696"
"weapon","A","45","interception-off","r3__weapon__A__45__control","r3__weapon__A__45__interception-off","false","false","0->0","0","992","13608","13500","1552","3.448888888888889","-26","67416","6564"
"weapon","A","45","both-off","r3__weapon__A__45__control","r3__weapon__A__45__both-off","false","false","0->0","0","4417","13608","13500","-26952","-59.89333333333333","-26","10761","-10012"
"weapon","A","46","offense-off","r3__weapon__A__46__control","r3__weapon__A__46__offense-off","false","false","0->0","0","6458","13564","13500","-27847","-61.882222222222225","84","-24139","-14517"
"weapon","A","46","interception-off","r3__weapon__A__46__control","r3__weapon__A__46__interception-off","false","false","0->0","0","1714","13564","13500","4167","9.26","-36","177991","27826"
"weapon","A","46","both-off","r3__weapon__A__46__control","r3__weapon__A__46__both-off","false","false","0->0","0","6006","13564","13500","-27847","-61.882222222222225","-36","31934","17250"
"weapon","A","47","offense-off","r3__weapon__A__47__control","r3__weapon__A__47__offense-off","false","false","0->0","0","-8986","11474","11400","-15794","-41.56315789473684","45","-57339","-44901"
"weapon","A","47","interception-off","r3__weapon__A__47__control","r3__weapon__A__47__interception-off","false","false","0->0","0","0","20460","20400","0","0","-26","0","0"
"weapon","A","47","both-off","r3__weapon__A__47__control","r3__weapon__A__47__both-off","false","false","0->0","0","-11804","8656","8400","-10901","-38.93214285714286","-26","152871","-4580"
"weapon","A","48","offense-off","r3__weapon__A__48__control","r3__weapon__A__48__offense-off","false","false","0->0","0","978","12619","12600","-25765","-61.345238095238095","103","-410948","-71751"
"weapon","A","48","interception-off","r3__weapon__A__48__control","r3__weapon__A__48__interception-off","false","false","0->0","0","4929","12619","12600","59","0.14047619047619048","-35","-305732","-27534"
"weapon","A","48","both-off","r3__weapon__A__48__control","r3__weapon__A__48__both-off","false","false","0->0","0","6500","12619","12600","-25765","-61.345238095238095","-35","-460734","-87485"
"weapon","A","49","offense-off","r3__weapon__A__49__control","r3__weapon__A__49__offense-off","false","false","0->0","0","-1770","11938","11700","-23926","-61.34871794871795","406","-172320","-1183"
"weapon","A","49","interception-off","r3__weapon__A__49__control","r3__weapon__A__49__interception-off","false","false","0->0","0","3410","13708","13500","788","1.751111111111111","-39","-3599","-4827"
"weapon","A","49","both-off","r3__weapon__A__49__control","r3__weapon__A__49__both-off","false","false","0->0","0","-3578","10130","9900","-18514","-56.1030303030303","-37","-85544","3214"
"weapon","A","50","offense-off","r3__weapon__A__50__control","r3__weapon__A__50__offense-off","false","true","0->1","1","5791","15809","15600","-42256","-81.26153846153846","682","453576","72025"
"weapon","A","50","interception-off","r3__weapon__A__50__control","r3__weapon__A__50__interception-off","false","false","0->0","0","0","15809","15600","0","0","-28","0","0"
"weapon","A","50","both-off","r3__weapon__A__50__control","r3__weapon__A__50__both-off","false","false","0->0","0","181","15809","15600","-42256","-81.26153846153846","-28","5789","-74606"
"weapon","A","51","offense-off","r3__weapon__A__51__control","r3__weapon__A__51__offense-off","false","true","0->1","1","6509","15091","15000","-26581","-53.162","289","179906","42799"
"weapon","A","51","interception-off","r3__weapon__A__51__control","r3__weapon__A__51__interception-off","false","false","0->0","0","0","15091","15000","0","0","-10","0","0"
"weapon","A","51","both-off","r3__weapon__A__51__control","r3__weapon__A__51__both-off","false","false","0->0","0","1515","15091","15000","-26581","-53.162","-10","90291","28557"
"weapon","A","52","offense-off","r3__weapon__A__52__control","r3__weapon__A__52__offense-off","true","false","1->0","-1","-6401","15199","15000","-19133","-38.266","55","6997","18968"
"weapon","A","52","interception-off","r3__weapon__A__52__control","r3__weapon__A__52__interception-off","true","true","1->1","0","0","21600","21600","0","0","-9","0","0"
"weapon","A","52","both-off","r3__weapon__A__52__control","r3__weapon__A__52__both-off","true","false","1->0","-1","-6401","15199","15000","-19133","-38.266","-9","6997","18968"
"weapon","A","53","offense-off","r3__weapon__A__53__control","r3__weapon__A__53__offense-off","true","false","1->0","-1","-8342","13258","13200","-20698","-47.04090909090909","116","70062","35551"
"weapon","A","53","interception-off","r3__weapon__A__53__control","r3__weapon__A__53__interception-off","true","true","1->1","0","0","21600","21600","0","0","-33","0","0"
"weapon","A","53","both-off","r3__weapon__A__53__control","r3__weapon__A__53__both-off","true","false","1->0","-1","-5054","16546","16500","-29467","-53.57636363636364","-33","36106","34793"
"weapon","A","54","offense-off","r3__weapon__A__54__control","r3__weapon__A__54__offense-off","true","false","1->0","-1","-16991","4609","4500","-2634","-17.56","38","59257","8527"
"weapon","A","54","interception-off","r3__weapon__A__54__control","r3__weapon__A__54__interception-off","true","true","1->1","0","0","21600","21600","0","0","-18","0","0"
"weapon","A","54","both-off","r3__weapon__A__54__control","r3__weapon__A__54__both-off","true","false","1->0","-1","-10976","10624","10500","-7686","-21.96","-4","25896","7207"
"weapon","A","55","offense-off","r3__weapon__A__55__control","r3__weapon__A__55__offense-off","false","false","0->0","0","823","16597","16500","-25956","-47.192727272727275","116","152690","8122"
"weapon","A","55","interception-off","r3__weapon__A__55__control","r3__weapon__A__55__interception-off","false","false","0->0","0","0","16597","16500","0","0","-29","0","0"
"weapon","A","55","both-off","r3__weapon__A__55__control","r3__weapon__A__55__both-off","false","false","0->0","0","-4501","12096","12000","-13373","-33.4325","-29","56000","12432"
"weapon","A","56","offense-off","r3__weapon__A__56__control","r3__weapon__A__56__offense-off","false","false","0->0","0","-8227","12437","12300","-25147","-61.334146341463416","214","-159877","-18815"
"weapon","A","56","interception-off","r3__weapon__A__56__control","r3__weapon__A__56__interception-off","false","false","0->0","0","-543","20121","20100","-5522","-8.24179104477612","-34","-682878","-121109"
"weapon","A","56","both-off","r3__weapon__A__56__control","r3__weapon__A__56__both-off","false","false","0->0","0","-3188","17476","17400","-53330","-91.94827586206897","-34","-394232","-101679"
"weapon","A","57","offense-off","r3__weapon__A__57__control","r3__weapon__A__57__offense-off","false","false","0->0","0","-4936","5513","5400","-7499","-41.66111111111111","112","7184","-9820"
"weapon","A","57","interception-off","r3__weapon__A__57__control","r3__weapon__A__57__interception-off","false","false","0->0","0","-5297","5152","5100","253","1.488235294117647","-24","6390","-2239"
"weapon","A","57","both-off","r3__weapon__A__57__control","r3__weapon__A__57__both-off","false","false","0->0","0","-2217","8232","8100","-14677","-54.35925925925926","-44","80807","-3638"
"weapon","A","58","offense-off","r3__weapon__A__58__control","r3__weapon__A__58__offense-off","false","false","0->0","0","641","16964","16800","-49403","-88.21964285714286","136","95","-26748"
"weapon","A","58","interception-off","r3__weapon__A__58__control","r3__weapon__A__58__interception-off","false","false","0->0","0","0","16964","16800","0","0","-50","0","0"
"weapon","A","58","both-off","r3__weapon__A__58__control","r3__weapon__A__58__both-off","false","false","0->0","0","-4445","12519","12300","-29850","-72.8048780487805","-50","316667","17622"
"weapon","A","59","offense-off","r3__weapon__A__59__control","r3__weapon__A__59__offense-off","false","false","0->0","0","7471","11530","11400","-24468","-64.38947368421053","81","-305861","-39805"
"weapon","A","59","interception-off","r3__weapon__A__59__control","r3__weapon__A__59__interception-off","false","false","0->0","0","181","11530","11400","-763","-2.0078947368421054","-39","-1499","-1337"
"weapon","A","59","both-off","r3__weapon__A__59__control","r3__weapon__A__59__both-off","false","false","0->0","0","2117","11530","11400","-24468","-64.38947368421053","-39","-380508","-63068"
"weapon","A","60","offense-off","r3__weapon__A__60__control","r3__weapon__A__60__offense-off","false","false","0->0","0","5270","12480","12300","-21836","-53.25853658536585","102","-450264","-27611"
"weapon","A","60","interception-off","r3__weapon__A__60__control","r3__weapon__A__60__interception-off","false","false","0->0","0","3291","12480","12300","7259","17.704878048780486","-21","-2399","22151"
"weapon","A","60","both-off","r3__weapon__A__60__control","r3__weapon__A__60__both-off","false","false","0->0","0","2666","12480","12300","-21836","-53.25853658536585","-21","-443960","-15504"
"weapon","A","61","offense-off","r3__weapon__A__61__control","r3__weapon__A__61__offense-off","false","false","0->0","0","-7603","8126","8100","-12508","-46.32592592592592","85","180669","7925"
"weapon","A","61","interception-off","r3__weapon__A__61__control","r3__weapon__A__61__interception-off","false","false","0->0","0","0","15729","15600","0","0","-19","0","0"
"weapon","A","61","both-off","r3__weapon__A__61__control","r3__weapon__A__61__both-off","false","false","0->0","0","1392","15729","15600","-34426","-66.20384615384616","-19","-11845","-16632"
"weapon","A","62","offense-off","r3__weapon__A__62__control","r3__weapon__A__62__offense-off","false","false","0->0","0","256","14743","14700","-33993","-69.37346938775511","376","-103377","-6371"
"weapon","A","62","interception-off","r3__weapon__A__62__control","r3__weapon__A__62__interception-off","false","false","0->0","0","143","14743","14700","2410","4.918367346938775","-36","-4799","21938"
"weapon","A","62","both-off","r3__weapon__A__62__control","r3__weapon__A__62__both-off","false","false","0->0","0","5768","14743","14700","-33993","-69.37346938775511","-36","-561810","-101657"
"weapon","A","63","offense-off","r3__weapon__A__63__control","r3__weapon__A__63__offense-off","false","false","0->0","0","-3239","14695","14400","-30797","-64.16041666666666","112","54840","22067"
"weapon","A","63","interception-off","r3__weapon__A__63__control","r3__weapon__A__63__interception-off","false","false","0->0","0","-5973","11961","11700","-851","-2.182051282051282","-25","184627","18299"
"weapon","A","63","both-off","r3__weapon__A__63__control","r3__weapon__A__63__both-off","false","false","0->0","0","-859","17075","16800","-38288","-68.37142857142857","-25","-184558","-17418"
"weapon","A","64","offense-off","r3__weapon__A__64__control","r3__weapon__A__64__offense-off","false","false","0->0","0","-2322","14645","14400","-25814","-53.77916666666667","558","418929","83942"
"weapon","A","64","interception-off","r3__weapon__A__64__control","r3__weapon__A__64__interception-off","false","false","0->0","0","0","16967","16800","0","0","-14","0","0"
"weapon","A","64","both-off","r3__weapon__A__64__control","r3__weapon__A__64__both-off","false","true","0->1","1","4633","16967","16800","-33271","-59.4125","-14","696316","130259"
"weapon","A","65","offense-off","r3__weapon__A__65__control","r3__weapon__A__65__offense-off","false","false","0->0","0","-807","11769","11700","-19194","-49.215384615384615","62","-55917","-28440"
"weapon","A","65","interception-off","r3__weapon__A__65__control","r3__weapon__A__65__interception-off","false","false","0->0","0","-3495","9081","9000","1803","6.01","-44","179688","13635"
"weapon","A","65","both-off","r3__weapon__A__65__control","r3__weapon__A__65__both-off","false","false","0->0","0","-4969","7607","7500","-11531","-46.124","-44","104216","2106"
"weapon","A","66","offense-off","r3__weapon__A__66__control","r3__weapon__A__66__offense-off","false","false","0->0","0","-891","13095","12900","-41005","-95.36046511627907","123","-343563","-59948"
"weapon","A","66","interception-off","r3__weapon__A__66__control","r3__weapon__A__66__interception-off","false","false","0->0","0","-2740","11246","11100","-2956","-7.989189189189189","-34","-1199","-9403"
"weapon","A","66","both-off","r3__weapon__A__66__control","r3__weapon__A__66__both-off","false","false","0->0","0","640","13986","13800","-45639","-99.21521739130435","-40","-315804","-63722"
"weapon","A","67","offense-off","r3__weapon__A__67__control","r3__weapon__A__67__offense-off","false","false","0->0","0","-1606","12746","12600","-28727","-68.39761904761905","58","-458400","-55646"
"weapon","A","67","interception-off","r3__weapon__A__67__control","r3__weapon__A__67__interception-off","false","false","0->0","0","4901","14352","14100","5838","12.421276595744681","-42","-4199","-2061"
"weapon","A","67","both-off","r3__weapon__A__67__control","r3__weapon__A__67__both-off","false","false","0->0","0","4084","14352","14100","-35740","-76.04255319148936","-42","-542635","-114979"
"weapon","A","68","offense-off","r3__weapon__A__68__control","r3__weapon__A__68__offense-off","false","false","0->0","0","2760","15473","15300","-44176","-86.61960784313726","88","-361095","-32768"
"weapon","A","68","interception-off","r3__weapon__A__68__control","r3__weapon__A__68__interception-off","false","false","0->0","0","-2321","13152","12900","-3956","-9.2","-44","118381","21402"
"weapon","A","68","both-off","r3__weapon__A__68__control","r3__weapon__A__68__both-off","false","true","0->1","1","6127","15473","15300","-44176","-86.61960784313726","-44","-365226","-26704"
"weapon","A","69","offense-off","r3__weapon__A__69__control","r3__weapon__A__69__offense-off","false","false","0->0","0","2620","13080","12900","-21530","-50.06976744186046","73","6820","-5115"
"weapon","A","69","interception-off","r3__weapon__A__69__control","r3__weapon__A__69__interception-off","false","false","0->0","0","0","13080","12900","0","0","-5","0","0"
"weapon","A","69","both-off","r3__weapon__A__69__control","r3__weapon__A__69__both-off","false","false","0->0","0","2625","13080","12900","-21530","-50.06976744186046","-5","44430","44598"
"weapon","A","70","offense-off","r3__weapon__A__70__control","r3__weapon__A__70__offense-off","false","true","0->1","1","4908","16692","16500","-27697","-50.35818181818182","76","7736","2086"
"weapon","A","70","interception-off","r3__weapon__A__70__control","r3__weapon__A__70__interception-off","false","false","0->0","0","0","16692","16500","0","0","-12","0","0"
"weapon","A","70","both-off","r3__weapon__A__70__control","r3__weapon__A__70__both-off","false","false","0->0","0","-1907","14785","14700","-20671","-42.18571428571428","-12","75996","33315"
"weapon","A","71","offense-off","r3__weapon__A__71__control","r3__weapon__A__71__offense-off","false","false","0->0","0","-3032","17587","17400","-36466","-62.87241379310345","59","-137272","-31533"
"weapon","A","71","interception-off","r3__weapon__A__71__control","r3__weapon__A__71__interception-off","false","false","0->0","0","0","20619","20400","0","0","-28","0","0"
"weapon","A","71","both-off","r3__weapon__A__71__control","r3__weapon__A__71__both-off","false","false","0->0","0","-2611","18008","18000","-38443","-64.07166666666667","-28","-137272","-28657"
"weapon","A","72","offense-off","r3__weapon__A__72__control","r3__weapon__A__72__offense-off","false","false","0->0","0","-2035","18069","18000","-29643","-49.405","56","-11185","3029"
"weapon","A","72","interception-off","r3__weapon__A__72__control","r3__weapon__A__72__interception-off","false","false","0->0","0","0","20104","20100","0","0","-34","0","0"
"weapon","A","72","both-off","r3__weapon__A__72__control","r3__weapon__A__72__both-off","false","false","0->0","0","-3591","16513","16500","-25632","-46.60363636363636","-34","-11185","5994"
"weapon","A","73","offense-off","r3__weapon__A__73__control","r3__weapon__A__73__offense-off","false","false","0->0","0","416","7761","7500","-11817","-47.268","74","-11509","-3567"
"weapon","A","73","interception-off","r3__weapon__A__73__control","r3__weapon__A__73__interception-off","false","false","0->0","0","10691","7761","7500","644","2.576","-32","-168074","-459"
"weapon","A","73","both-off","r3__weapon__A__73__control","r3__weapon__A__73__both-off","false","true","0->1","1","13839","7761","7500","-11817","-47.268","-32","0","4847"
"weapon","B","42","offense-off","r3__weapon__B__42__control","r3__weapon__B__42__offense-off","true","true","1->1","0","0","21600","21600","-60735","-84.35416666666667","1008","-363981","69250"
"weapon","B","42","interception-off","r3__weapon__B__42__control","r3__weapon__B__42__interception-off","true","true","1->1","0","0","21600","21600","6263","8.698611111111111","-57","-11699","17117"
"weapon","B","42","both-off","r3__weapon__B__42__control","r3__weapon__B__42__both-off","true","true","1->1","0","0","21600","21600","-60735","-84.35416666666667","-57","-11699","58532"
"weapon","B","43","offense-off","r3__weapon__B__43__control","r3__weapon__B__43__offense-off","false","true","0->1","1","8136","13464","13200","-29896","-67.94545454545455","344","-124307","8581"
"weapon","B","43","interception-off","r3__weapon__B__43__control","r3__weapon__B__43__interception-off","false","false","0->0","0","5185","13464","13200","-498","-1.1318181818181818","-45","-3299","8663"
"weapon","B","43","both-off","r3__weapon__B__43__control","r3__weapon__B__43__both-off","false","false","0->0","0","-1837","11627","11400","-23098","-60.78421052631579","-44","-1499","2346"
"weapon","B","44","offense-off","r3__weapon__B__44__control","r3__weapon__B__44__offense-off","false","false","0->0","0","-10610","7682","7500","-10815","-43.26","75","-7973","-8305"
"weapon","B","44","interception-off","r3__weapon__B__44__control","r3__weapon__B__44__interception-off","false","false","0->0","0","-4818","13474","13200","-201","-0.45681818181818185","-40","-3299","-14788"
"weapon","B","44","both-off","r3__weapon__B__44__control","r3__weapon__B__44__both-off","false","false","0->0","0","-2162","16130","15900","-46842","-88.3811320754717","-45","-5999","-34963"
"weapon","B","45","offense-off","r3__weapon__B__45__control","r3__weapon__B__45__offense-off","false","true","0->1","1","2359","19241","19200","-42655","-66.6484375","275","-24829","24947"
"weapon","B","45","interception-off","r3__weapon__B__45__control","r3__weapon__B__45__interception-off","false","true","0->1","1","2359","19241","19200","8011","12.5171875","-35","-9299","28376"
"weapon","B","45","both-off","r3__weapon__B__45__control","r3__weapon__B__45__both-off","false","false","0->0","0","-3586","15655","15600","-30193","-58.06346153846154","-32","-5699","-35095"
"weapon","B","46","offense-off","r3__weapon__B__46__control","r3__weapon__B__46__offense-off","false","true","0->1","1","3951","17649","17400","-40674","-70.12758620689655","207","-22179","-24263"
"weapon","B","46","interception-off","r3__weapon__B__46__control","r3__weapon__B__46__interception-off","false","false","0->0","0","-2859","14790","14700","-158","-0.3224489795918367","-29","-4799","3794"
"weapon","B","46","both-off","r3__weapon__B__46__control","r3__weapon__B__46__both-off","false","true","0->1","1","3951","17649","17400","-40674","-70.12758620689655","-30","-7499","6560"
"weapon","B","47","offense-off","r3__weapon__B__47__control","r3__weapon__B__47__offense-off","false","false","0->0","0","-6420","12532","12300","-20869","-50.9","59","-20837","-52891"
"weapon","B","47","interception-off","r3__weapon__B__47__control","r3__weapon__B__47__interception-off","false","true","0->1","1","2648","18952","18900","487","0.773015873015873","-33","-7739","14675"
"weapon","B","47","both-off","r3__weapon__B__47__control","r3__weapon__B__47__both-off","false","false","0->0","0","-10296","8656","8400","-12949","-46.246428571428574","-22","0","-16858"
"weapon","B","48","offense-off","r3__weapon__B__48__control","r3__weapon__B__48__offense-off","false","false","0->0","0","-446","12173","12000","-22696","-56.74","139","-29917","-24330"
"weapon","B","48","interception-off","r3__weapon__B__48__control","r3__weapon__B__48__interception-off","false","true","0->1","1","8981","12619","12600","-696","-1.6571428571428573","-35","-2699","1401"
"weapon","B","48","both-off","r3__weapon__B__48__control","r3__weapon__B__48__both-off","false","false","0->0","0","7004","12619","12600","-25765","-61.345238095238095","-35","-2699","-43727"
"weapon","B","49","offense-off","r3__weapon__B__49__control","r3__weapon__B__49__offense-off","false","false","0->0","0","-1656","12052","12000","-25516","-63.79","353","-132623","4918"
"weapon","B","49","interception-off","r3__weapon__B__49__control","r3__weapon__B__49__interception-off","false","false","0->0","0","3410","13708","13500","788","1.751111111111111","-39","-3599","-4827"
"weapon","B","49","both-off","r3__weapon__B__49__control","r3__weapon__B__49__both-off","false","false","0->0","0","-4298","9410","9300","-17799","-57.41612903225806","-37","0","5809"
"weapon","B","50","offense-off","r3__weapon__B__50__control","r3__weapon__B__50__offense-off","false","true","0->1","1","3956","17644","17400","-54945","-94.73275862068965","910","-241784","-2661"
"weapon","B","50","interception-off","r3__weapon__B__50__control","r3__weapon__B__50__interception-off","false","false","0->0","0","1059","17644","17400","3069","5.291379310344827","-38","-6239","-8242"
"weapon","B","50","both-off","r3__weapon__B__50__control","r3__weapon__B__50__both-off","false","false","0->0","0","1034","17644","17400","-54945","-94.73275862068965","-38","-6239","-18407"
"weapon","B","51","offense-off","r3__weapon__B__51__control","r3__weapon__B__51__offense-off","false","false","0->0","0","-3901","13430","13200","-24774","-56.304545454545455","378","-148763","17857"
"weapon","B","51","interception-off","r3__weapon__B__51__control","r3__weapon__B__51__interception-off","false","true","0->1","1","4269","17331","17100","4183","7.338596491228071","-41","-7199","13643"
"weapon","B","51","both-off","r3__weapon__B__51__control","r3__weapon__B__51__both-off","false","true","0->1","1","4269","17331","17100","-43091","-75.5982456140351","-41","-7199","-1225"
"weapon","B","52","offense-off","r3__weapon__B__52__control","r3__weapon__B__52__offense-off","true","true","1->1","0","0","21600","21600","-52023","-72.25416666666666","944","-302853","3147"
"weapon","B","52","interception-off","r3__weapon__B__52__control","r3__weapon__B__52__interception-off","true","true","1->1","0","0","21600","21600","7537","10.468055555555555","-36","-9899","7896"
"weapon","B","52","both-off","r3__weapon__B__52__control","r3__weapon__B__52__both-off","true","true","1->1","0","0","21600","21600","-52023","-72.25416666666666","-36","-9899","-5396"
"weapon","B","53","offense-off","r3__weapon__B__53__control","r3__weapon__B__53__offense-off","false","true","0->1","1","4123","17477","17400","-47468","-81.84137931034483","125","-13971","38155"
"weapon","B","53","interception-off","r3__weapon__B__53__control","r3__weapon__B__53__interception-off","false","true","0->1","1","4123","17477","17400","-1279","-2.2051724137931035","-29","-7499","10442"
"weapon","B","53","both-off","r3__weapon__B__53__control","r3__weapon__B__53__both-off","false","false","0->0","0","174","17477","17400","-47468","-81.84137931034483","-29","-7499","17666"
"weapon","B","54","offense-off","r3__weapon__B__54__control","r3__weapon__B__54__offense-off","true","false","1->0","-1","-16991","4609","4500","-3394","-22.626666666666665","35","-76","4094"
"weapon","B","54","interception-off","r3__weapon__B__54__control","r3__weapon__B__54__interception-off","true","true","1->1","0","0","21600","21600","693","0.9625","-32","-7739","-276"
"weapon","B","54","both-off","r3__weapon__B__54__control","r3__weapon__B__54__both-off","true","false","1->0","-1","-15886","5714","5700","-4679","-24.626315789473683","-9","4613","3908"
"weapon","B","55","offense-off","r3__weapon__B__55__control","r3__weapon__B__55__offense-off","false","false","0->0","0","-2034","12722","12600","-24607","-58.588095238095235","109","-153771","-57489"
"weapon","B","55","interception-off","r3__weapon__B__55__control","r3__weapon__B__55__interception-off","false","false","0->0","0","399","14756","14700","-486","-0.9918367346938776","-40","-4439","3855"
"weapon","B","55","both-off","r3__weapon__B__55__control","r3__weapon__B__55__both-off","false","false","0->0","0","-5614","9142","9000","-14973","-49.91","-32","0","-9243"
"weapon","B","56","offense-off","r3__weapon__B__56__control","r3__weapon__B__56__offense-off","false","false","0->0","0","-8583","12081","12000","-24881","-62.2025","159","-49868","-7272"
"weapon","B","56","interception-off","r3__weapon__B__56__control","r3__weapon__B__56__interception-off","false","true","0->1","1","936","20664","20400","1607","2.363235294117647","-34","-10499","21395"
"weapon","B","56","both-off","r3__weapon__B__56__control","r3__weapon__B__56__both-off","false","false","0->0","0","-5667","14997","14700","-36806","-75.11428571428571","-28","-4799","-14040"
"weapon","B","57","offense-off","r3__weapon__B__57__control","r3__weapon__B__57__offense-off","false","false","0->0","0","-8576","5513","5400","-8266","-45.922222222222224","121","-9266","-10445"
"weapon","B","57","interception-off","r3__weapon__B__57__control","r3__weapon__B__57__interception-off","false","false","0->0","0","-8937","5152","5100","201","1.1823529411764706","-24","0","-2369"
"weapon","B","57","both-off","r3__weapon__B__57__control","r3__weapon__B__57__both-off","false","false","0->0","0","-5452","8637","8400","-15790","-56.392857142857146","-33","0","-7675"
"weapon","B","58","offense-off","r3__weapon__B__58__control","r3__weapon__B__58__offense-off","false","true","0->1","1","453","21147","21000","-70624","-100.89142857142858","711","-327548","-36082"
"weapon","B","58","interception-off","r3__weapon__B__58__control","r3__weapon__B__58__interception-off","false","false","0->0","0","-1050","20097","19800","1202","1.8212121212121213","-51","-9899","-8458"
"weapon","B","58","both-off","r3__weapon__B__58__control","r3__weapon__B__58__both-off","false","false","0->0","0","-8628","12519","12300","-26064","-63.57073170731707","-43","-2399","-8539"
"weapon","B","59","offense-off","r3__weapon__B__59__control","r3__weapon__B__59__offense-off","false","false","0->0","0","5998","11530","11400","-24468","-64.38947368421053","239","-79098","-4193"
"weapon","B","59","interception-off","r3__weapon__B__59__control","r3__weapon__B__59__interception-off","false","false","0->0","0","181","11530","11400","-763","-2.0078947368421054","-39","-1499","-1337"
"weapon","B","59","both-off","r3__weapon__B__59__control","r3__weapon__B__59__both-off","false","false","0->0","0","2988","11530","11400","-24468","-64.38947368421053","-39","-1499","-16097"
"weapon","B","60","offense-off","r3__weapon__B__60__control","r3__weapon__B__60__offense-off","false","true","0->1","1","9120","12480","12300","-21836","-53.25853658536585","103","-11700","21303"
"weapon","B","60","interception-off","r3__weapon__B__60__control","r3__weapon__B__60__interception-off","false","false","0->0","0","3291","12480","12300","7259","17.704878048780486","-21","-2399","22151"
"weapon","B","60","both-off","r3__weapon__B__60__control","r3__weapon__B__60__both-off","false","true","0->1","1","9120","12480","12300","-21836","-53.25853658536585","-21","-2399","17014"
"weapon","B","61","offense-off","r3__weapon__B__61__control","r3__weapon__B__61__offense-off","false","false","0->0","0","-12239","8126","8100","-14637","-54.21111111111111","82","-14990","-3916"
"weapon","B","61","interception-off","r3__weapon__B__61__control","r3__weapon__B__61__interception-off","false","false","0->0","0","-1675","18690","18600","2022","3.261290322580645","-26","-8699","-8744"
"weapon","B","61","both-off","r3__weapon__B__61__control","r3__weapon__B__61__both-off","false","true","0->1","1","1235","20365","20100","-59808","-89.26567164179104","-26","-10199","-33488"
"weapon","B","62","offense-off","r3__weapon__B__62__control","r3__weapon__B__62__offense-off","false","false","0->0","0","256","14743","14700","-33993","-69.37346938775511","376","-103377","-6371"
"weapon","B","62","interception-off","r3__weapon__B__62__control","r3__weapon__B__62__interception-off","false","false","0->0","0","143","14743","14700","2410","4.918367346938775","-36","-4799","21938"
"weapon","B","62","both-off","r3__weapon__B__62__control","r3__weapon__B__62__both-off","false","true","0->1","1","6857","14743","14700","-33993","-69.37346938775511","-36","-4799","-150"
"weapon","B","63","offense-off","r3__weapon__B__63__control","r3__weapon__B__63__offense-off","false","false","0->0","0","1662","12966","12900","-19345","-44.98837209302326","91","-15376","27510"
"weapon","B","63","interception-off","r3__weapon__B__63__control","r3__weapon__B__63__interception-off","false","false","0->0","0","-1005","11961","11700","4222","10.825641025641026","-25","-1799","7286"
"weapon","B","63","both-off","r3__weapon__B__63__control","r3__weapon__B__63__both-off","false","false","0->0","0","7000","12966","12900","-19345","-44.98837209302326","-25","-2999","22316"
"weapon","B","64","offense-off","r3__weapon__B__64__control","r3__weapon__B__64__offense-off","true","false","1->0","-1","-6955","14645","14400","-31546","-65.72083333333333","531","-138666","9527"
"weapon","B","64","interception-off","r3__weapon__B__64__control","r3__weapon__B__64__interception-off","true","true","1->1","0","0","21600","21600","-659","-0.9152777777777777","-48","-10079","-34537"
"weapon","B","64","both-off","r3__weapon__B__64__control","r3__weapon__B__64__both-off","true","true","1->1","0","0","21600","21600","-68612","-95.29444444444445","-48","-10079","7195"
"weapon","B","65","offense-off","r3__weapon__B__65__control","r3__weapon__B__65__offense-off","false","false","0->0","0","-434","11734","11700","-20826","-53.4","318","-82470","-12983"
"weapon","B","65","interception-off","r3__weapon__B__65__control","r3__weapon__B__65__interception-off","false","false","0->0","0","-3087","9081","9000","1760","5.866666666666666","-37","0","-1153"
"weapon","B","65","both-off","r3__weapon__B__65__control","r3__weapon__B__65__both-off","false","false","0->0","0","-4561","7607","7500","-10525","-42.1","-36","0","-6564"
"weapon","B","66","offense-off","r3__weapon__B__66__control","r3__weapon__B__66__offense-off","false","false","0->0","0","1086","14561","14400","-42015","-87.53125","690","-165831","-13343"
"weapon","B","66","interception-off","r3__weapon__B__66__control","r3__weapon__B__66__interception-off","false","false","0->0","0","-3315","11246","11100","-2956","-7.989189189189189","-34","-1199","-9403"
"weapon","B","66","both-off","r3__weapon__B__66__control","r3__weapon__B__66__both-off","false","false","0->0","0","1151","14561","14400","-42015","-87.53125","-36","-4499","-9734"
"weapon","B","67","offense-off","r3__weapon__B__67__control","r3__weapon__B__67__offense-off","false","false","0->0","0","5857","14352","14100","-35740","-76.04255319148936","194","-81560","-5083"
"weapon","B","67","interception-off","r3__weapon__B__67__control","r3__weapon__B__67__interception-off","false","false","0->0","0","4901","14352","14100","5838","12.421276595744681","-42","-4199","-2061"
"weapon","B","67","both-off","r3__weapon__B__67__control","r3__weapon__B__67__both-off","false","true","0->1","1","7248","14352","14100","-35740","-76.04255319148936","-42","-4199","-12771"
"weapon","B","68","offense-off","r3__weapon__B__68__control","r3__weapon__B__68__offense-off","false","true","0->1","1","6843","14757","14700","-35930","-73.3265306122449","155","-29793","-18070"
"weapon","B","68","interception-off","r3__weapon__B__68__control","r3__weapon__B__68__interception-off","false","false","0->0","0","-1605","13152","12900","4166","9.688372093023256","-44","-2999","1349"
"weapon","B","68","both-off","r3__weapon__B__68__control","r3__weapon__B__68__both-off","false","false","0->0","0","6780","14757","14700","-35930","-73.3265306122449","-46","-4799","-13970"
"weapon","B","69","offense-off","r3__weapon__B__69__control","r3__weapon__B__69__offense-off","true","false","1->0","-1","-6368","15232","15000","-28765","-57.53","95","-16115","19471"
"weapon","B","69","interception-off","r3__weapon__B__69__control","r3__weapon__B__69__interception-off","true","true","1->1","0","0","21600","21600","7231","10.043055555555556","-35","21061","-8998"
"weapon","B","69","both-off","r3__weapon__B__69__control","r3__weapon__B__69__both-off","true","false","1->0","-1","-702","20898","20700","-51969","-75.31739130434782","-33","-17729","12116"
"weapon","B","70","offense-off","r3__weapon__B__70__control","r3__weapon__B__70__offense-off","true","false","1->0","-1","-3300","18300","18000","-43032","-71.72","233","-66432","-81949"
"weapon","B","70","interception-off","r3__weapon__B__70__control","r3__weapon__B__70__interception-off","true","false","1->0","-1","-955","20645","20400","6066","8.920588235294117","-27","-9419","23003"
"weapon","B","70","both-off","r3__weapon__B__70__control","r3__weapon__B__70__both-off","true","false","1->0","-1","-8099","13501","13500","-27659","-61.464444444444446","-24","-2519","14910"
"weapon","B","71","offense-off","r3__weapon__B__71__control","r3__weapon__B__71__offense-off","true","true","1->1","0","0","21600","21600","-80294","-111.51944444444445","232","-17881","-35364"
"weapon","B","71","interception-off","r3__weapon__B__71__control","r3__weapon__B__71__interception-off","true","true","1->1","0","0","21600","21600","2013","2.7958333333333334","-57","-11339","-30785"
"weapon","B","71","both-off","r3__weapon__B__71__control","r3__weapon__B__71__both-off","true","false","1->0","-1","-2935","18665","18600","-63480","-102.38709677419355","-52","-8339","-33170"
"weapon","B","72","offense-off","r3__weapon__B__72__control","r3__weapon__B__72__offense-off","true","false","1->0","-1","-2574","19026","18900","-56943","-90.38571428571429","477","-104403","-42996"
"weapon","B","72","interception-off","r3__weapon__B__72__control","r3__weapon__B__72__interception-off","true","true","1->1","0","0","21600","21600","-743","-1.0319444444444446","-40","-11699","-3713"
"weapon","B","72","both-off","r3__weapon__B__72__control","r3__weapon__B__72__both-off","true","false","1->0","-1","-5446","16154","15900","-40468","-76.35471698113207","-32","-5999","-49097"
"weapon","B","73","offense-off","r3__weapon__B__73__control","r3__weapon__B__73__offense-off","false","false","0->0","0","416","7761","7500","-11817","-47.268","74","-11509","-3567"
"weapon","B","73","interception-off","r3__weapon__B__73__control","r3__weapon__B__73__interception-off","false","true","0->1","1","13839","7761","7500","225","0.9","-32","0","12789"
"weapon","B","73","both-off","r3__weapon__B__73__control","r3__weapon__B__73__both-off","false","true","0->1","1","13839","7761","7500","-11817","-47.268","-32","0","4847"
"weapon","C","42","offense-off","r3__weapon__C__42__control","r3__weapon__C__42__offense-off","false","false","0->0","0","3541","17077","16800","-69062","-123.325","1098","-62888","66857"
"weapon","C","42","interception-off","r3__weapon__C__42__control","r3__weapon__C__42__interception-off","false","false","0->0","0","552","17077","16800","-9294","-16.59642857142857","-712","17237","-34418"
"weapon","C","42","both-off","r3__weapon__C__42__control","r3__weapon__C__42__both-off","false","false","0->0","0","556","17077","16800","-69062","-123.325","-712","-122210","42056"
"weapon","C","43","offense-off","r3__weapon__C__43__control","r3__weapon__C__43__offense-off","false","true","0->1","1","8136","13464","13200","-29896","-67.94545454545455","494","-465673","-70191"
"weapon","C","43","interception-off","r3__weapon__C__43__control","r3__weapon__C__43__interception-off","false","false","0->0","0","1252","13464","13200","8794","19.986363636363638","-45","-243896","570"
"weapon","C","43","both-off","r3__weapon__C__43__control","r3__weapon__C__43__both-off","false","false","0->0","0","2754","13464","13200","-29896","-67.94545454545455","-45","-422824","11873"
"weapon","C","44","offense-off","r3__weapon__C__44__control","r3__weapon__C__44__offense-off","false","false","0->0","0","-7947","7682","7500","-10815","-43.26","75","-7973","-8305"
"weapon","C","44","interception-off","r3__weapon__C__44__control","r3__weapon__C__44__interception-off","false","false","0->0","0","-2155","13474","13200","-239","-0.5431818181818182","-59","16581","-14148"
"weapon","C","44","both-off","r3__weapon__C__44__control","r3__weapon__C__44__both-off","false","false","0->0","0","-2957","12672","12600","-29305","-69.77380952380952","-38","-413631","-26287"
"weapon","C","45","offense-off","r3__weapon__C__45__control","r3__weapon__C__45__offense-off","false","false","0->0","0","-474","13664","13500","-41030","-91.17777777777778","1587","-43517","-15506"
"weapon","C","45","interception-off","r3__weapon__C__45__control","r3__weapon__C__45__interception-off","false","false","0->0","0","-1881","12257","12000","5298","13.245","-201","23235","-1311"
"weapon","C","45","both-off","r3__weapon__C__45__control","r3__weapon__C__45__both-off","false","false","0->0","0","1006","14138","14100","-43960","-93.53191489361703","-323","-20313","-16718"
"weapon","C","46","offense-off","r3__weapon__C__46__control","r3__weapon__C__46__offense-off","false","false","0->0","0","4523","12626","12600","-36051","-85.83571428571429","1078","-2217","2559"
"weapon","C","46","interception-off","r3__weapon__C__46__control","r3__weapon__C__46__interception-off","false","false","0->0","0","509","12626","12600","-5302","-12.623809523809523","-314","217911","23525"
"weapon","C","46","both-off","r3__weapon__C__46__control","r3__weapon__C__46__both-off","false","true","0->1","1","8974","12626","12600","-36051","-85.83571428571429","-314","49712","7976"
"weapon","C","47","offense-off","r3__weapon__C__47__control","r3__weapon__C__47__offense-off","true","false","1->0","-1","-9962","11638","11400","-26668","-70.17894736842105","513","-58785","-42453"
"weapon","C","47","interception-off","r3__weapon__C__47__control","r3__weapon__C__47__interception-off","true","true","1->1","0","0","21600","21600","-6788","-9.427777777777777","-1154","-9517","-23851"
"weapon","C","47","both-off","r3__weapon__C__47__control","r3__weapon__C__47__both-off","true","false","1->0","-1","-12944","8656","8400","-16604","-59.3","-110","143448","-11550"
"weapon","C","48","offense-off","r3__weapon__C__48__control","r3__weapon__C__48__offense-off","false","false","0->0","0","415","12619","12600","-25765","-61.345238095238095","930","-341216","-60417"
"weapon","C","48","interception-off","r3__weapon__C__48__control","r3__weapon__C__48__interception-off","false","false","0->0","0","1115","12619","12600","6155","14.654761904761905","-35","-259429","-6830"
"weapon","C","48","both-off","r3__weapon__C__48__control","r3__weapon__C__48__both-off","false","false","0->0","0","7796","12619","12600","-25765","-61.345238095238095","-35","-402153","-81326"
"weapon","C","49","offense-off","r3__weapon__C__49__control","r3__weapon__C__49__offense-off","false","false","0->0","0","-2077","11631","11400","-23118","-60.83684210526316","417","-149244","4059"
"weapon","C","49","interception-off","r3__weapon__C__49__control","r3__weapon__C__49__interception-off","false","false","0->0","0","3410","13708","13500","788","1.751111111111111","-39","-3599","-4827"
"weapon","C","49","both-off","r3__weapon__C__49__control","r3__weapon__C__49__both-off","false","false","0->0","0","-3075","10633","10500","-20257","-57.87714285714286","-38","-110848","5836"
"weapon","C","50","offense-off","r3__weapon__C__50__control","r3__weapon__C__50__offense-off","false","true","0->1","1","4891","16709","16500","-69807","-126.92181818181818","-80","350414","17562"
"weapon","C","50","interception-off","r3__weapon__C__50__control","r3__weapon__C__50__interception-off","false","false","0->0","0","-1064","15645","15600","6148","11.823076923076924","-813","38021","5920"
"weapon","C","50","both-off","r3__weapon__C__50__control","r3__weapon__C__50__both-off","false","false","0->0","0","-1512","15197","15000","-58257","-116.514","-715","45579","-30347"
"weapon","C","51","offense-off","r3__weapon__C__51__control","r3__weapon__C__51__offense-off","false","false","0->0","0","-6591","14045","13800","-44446","-96.62173913043478","613","35250","25146"
"weapon","C","51","interception-off","r3__weapon__C__51__control","r3__weapon__C__51__interception-off","false","false","0->0","0","-4046","16590","16500","-6345","-11.536363636363637","-840","-102385","-12297"
"weapon","C","51","both-off","r3__weapon__C__51__control","r3__weapon__C__51__both-off","false","false","0->0","0","170","20636","20400","-102518","-150.76176470588234","-1673","-34885","36457"
"weapon","C","52","offense-off","r3__weapon__C__52__control","r3__weapon__C__52__offense-off","false","false","0->0","0","-1670","16175","15900","-52545","-99.14150943396227","1828","-76113","13325"
"weapon","C","52","interception-off","r3__weapon__C__52__control","r3__weapon__C__52__interception-off","false","false","0->0","0","2449","17845","17700","1811","3.0694915254237287","-656","-23782","-3497"
"weapon","C","52","both-off","r3__weapon__C__52__control","r3__weapon__C__52__both-off","false","true","0->1","1","3755","17845","17700","-66051","-111.95084745762712","-656","-155744","24455"
"weapon","C","53","offense-off","r3__weapon__C__53__control","r3__weapon__C__53__offense-off","true","false","1->0","-1","-6946","14654","14400","-47982","-99.9625","445","-16518","10164"
"weapon","C","53","interception-off","r3__weapon__C__53__control","r3__weapon__C__53__interception-off","true","true","1->1","0","0","21600","21600","-1317","-1.8291666666666666","-1176","-91443","-63597"
"weapon","C","53","both-off","r3__weapon__C__53__control","r3__weapon__C__53__both-off","true","false","1->0","-1","-4950","16650","16500","-62206","-113.10181818181819","-592","-96434","27137"
"weapon","C","54","offense-off","r3__weapon__C__54__control","r3__weapon__C__54__offense-off","true","false","1->0","-1","-16991","4609","4500","-3560","-23.733333333333334","22","44634","6800"
"weapon","C","54","interception-off","r3__weapon__C__54__control","r3__weapon__C__54__interception-off","true","false","1->0","-1","-767","20833","20700","20282","29.394202898550724","-387","121821","29143"
"weapon","C","54","both-off","r3__weapon__C__54__control","r3__weapon__C__54__both-off","true","false","1->0","-1","-14438","7162","6900","-5425","-23.58695652173913","-29","2137","7046"
"weapon","C","55","offense-off","r3__weapon__C__55__control","r3__weapon__C__55__offense-off","false","false","0->0","0","-8468","12163","12000","-20439","-51.0975","113","106919","-5328"
"weapon","C","55","interception-off","r3__weapon__C__55__control","r3__weapon__C__55__interception-off","false","true","0->1","1","969","20631","20400","12085","17.772058823529413","-781","97775","8476"
"weapon","C","55","both-off","r3__weapon__C__55__control","r3__weapon__C__55__both-off","false","false","0->0","0","-9328","11303","11100","-16372","-44.24864864864865","-99","29046","5527"
"weapon","C","56","offense-off","r3__weapon__C__56__control","r3__weapon__C__56__offense-off","false","false","0->0","0","-9386","11278","11100","-22069","-59.64594594594595","225","-85129","-8778"
"weapon","C","56","interception-off","r3__weapon__C__56__control","r3__weapon__C__56__interception-off","false","true","0->1","1","936","20664","20400","18846","27.71470588235294","-34","-508934","18234"
"weapon","C","56","both-off","r3__weapon__C__56__control","r3__weapon__C__56__both-off","false","false","0->0","0","-3024","17640","17400","-53330","-91.94827586206897","-34","-377006","-66480"
"weapon","C","57","offense-off","r3__weapon__C__57__control","r3__weapon__C__57__offense-off","false","false","0->0","0","-8307","5513","5400","-7823","-43.46111111111111","109","6367","-9854"
"weapon","C","57","interception-off","r3__weapon__C__57__control","r3__weapon__C__57__interception-off","false","false","0->0","0","-8668","5152","5100","253","1.488235294117647","-24","6390","-2239"
"weapon","C","57","both-off","r3__weapon__C__57__control","r3__weapon__C__57__both-off","false","false","0->0","0","-3940","9880","9600","-24851","-77.659375","-226","95431","-6662"
"weapon","C","58","offense-off","r3__weapon__C__58__control","r3__weapon__C__58__offense-off","false","false","0->0","0","-1674","15138","15000","-56888","-113.776","506","22539","-6592"
"weapon","C","58","interception-off","r3__weapon__C__58__control","r3__weapon__C__58__interception-off","false","false","0->0","0","-175","16637","16500","4041","7.347272727272728","-787","51589","22582"
"weapon","C","58","both-off","r3__weapon__C__58__control","r3__weapon__C__58__both-off","false","false","0->0","0","-4293","12519","12300","-38159","-93.07073170731708","-301","301926","3933"
"weapon","C","59","offense-off","r3__weapon__C__59__control","r3__weapon__C__59__offense-off","false","false","0->0","0","6138","11530","11400","-24468","-64.38947368421053","493","-268379","-12547"
"weapon","C","59","interception-off","r3__weapon__C__59__control","r3__weapon__C__59__interception-off","false","false","0->0","0","181","11530","11400","-763","-2.0078947368421054","-39","-1499","-1337"
"weapon","C","59","both-off","r3__weapon__C__59__control","r3__weapon__C__59__both-off","false","false","0->0","0","3072","11530","11400","-24468","-64.38947368421053","-39","-309445","-55424"
"weapon","C","60","offense-off","r3__weapon__C__60__control","r3__weapon__C__60__offense-off","false","false","0->0","0","7962","12480","12300","-21836","-53.25853658536585","702","-417049","3960"
"weapon","C","60","interception-off","r3__weapon__C__60__control","r3__weapon__C__60__interception-off","false","false","0->0","0","3291","12480","12300","7259","17.704878048780486","-21","-2399","22151"
"weapon","C","60","both-off","r3__weapon__C__60__control","r3__weapon__C__60__both-off","false","true","0->1","1","9120","12480","12300","-21836","-53.25853658536585","-21","-381659","-2302"
"weapon","C","61","offense-off","r3__weapon__C__61__control","r3__weapon__C__61__offense-off","true","false","1->0","-1","-13474","8126","8100","-19777","-73.24814814814815","-34","164381","5191"
"weapon","C","61","interception-off","r3__weapon__C__61__control","r3__weapon__C__61__interception-off","true","false","1->0","-1","-3524","18076","18000","6216","10.36","-1000","28337","39828"
"weapon","C","61","both-off","r3__weapon__C__61__control","r3__weapon__C__61__both-off","true","true","1->1","0","0","21600","21600","-107086","-148.73055555555555","-1692","-49484","-144388"
"weapon","C","62","offense-off","r3__weapon__C__62__control","r3__weapon__C__62__offense-off","false","false","0->0","0","256","14743","14700","-33993","-69.37346938775511","376","-103377","-6371"
"weapon","C","62","interception-off","r3__weapon__C__62__control","r3__weapon__C__62__interception-off","false","false","0->0","0","143","14743","14700","2410","4.918367346938775","-36","-4799","21938"
"weapon","C","62","both-off","r3__weapon__C__62__control","r3__weapon__C__62__both-off","false","true","0->1","1","6857","14743","14700","-33993","-69.37346938775511","-36","-501544","-93583"
"weapon","C","63","offense-off","r3__weapon__C__63__control","r3__weapon__C__63__offense-off","false","false","0->0","0","-813","13616","13500","-28998","-64.44","417","46542","41577"
"weapon","C","63","interception-off","r3__weapon__C__63__control","r3__weapon__C__63__interception-off","false","false","0->0","0","-2468","11961","11700","467","1.1974358974358974","-56","169200","16776"
"weapon","C","63","both-off","r3__weapon__C__63__control","r3__weapon__C__63__both-off","false","true","0->1","1","7171","14429","14400","-33730","-70.27083333333333","-160","-113084","-14796"
"weapon","C","64","offense-off","r3__weapon__C__64__control","r3__weapon__C__64__offense-off","false","false","0->0","0","-3065","14645","14400","-50155","-104.48958333333333","218","318273","34487"
"weapon","C","64","interception-off","r3__weapon__C__64__control","r3__weapon__C__64__interception-off","false","true","0->1","1","3890","17710","17700","9606","16.28135593220339","-549","11320","38275"
"weapon","C","64","both-off","r3__weapon__C__64__control","r3__weapon__C__64__both-off","false","true","0->1","1","3890","17710","17700","-71089","-120.48983050847458","-549","607131","81527"
"weapon","C","65","offense-off","r3__weapon__C__65__control","r3__weapon__C__65__offense-off","false","false","0->0","0","4819","9748","9600","-19724","-61.6375","597","-68755","-18523"
"weapon","C","65","interception-off","r3__weapon__C__65__control","r3__weapon__C__65__interception-off","false","false","0->0","0","-667","9081","9000","-1455","-4.85","-113","152652","5763"
"weapon","C","65","both-off","r3__weapon__C__65__control","r3__weapon__C__65__both-off","false","false","0->0","0","-2141","7607","7500","-13110","-52.44","-92","95052","-1992"
"weapon","C","66","offense-off","r3__weapon__C__66__control","r3__weapon__C__66__offense-off","false","false","0->0","0","-3246","12009","12000","-30621","-76.5525","785","-333892","-29776"
"weapon","C","66","interception-off","r3__weapon__C__66__control","r3__weapon__C__66__interception-off","false","false","0->0","0","-4009","11246","11100","-2956","-7.989189189189189","-34","-1199","-9403"
"weapon","C","66","both-off","r3__weapon__C__66__control","r3__weapon__C__66__both-off","false","false","0->0","0","-2149","13106","12900","-36896","-85.80465116279069","-128","-271245","-37193"
"weapon","C","67","offense-off","r3__weapon__C__67__control","r3__weapon__C__67__offense-off","false","false","0->0","0","3244","14352","14100","-35740","-76.04255319148936","1785","-522837","-35330"
"weapon","C","67","interception-off","r3__weapon__C__67__control","r3__weapon__C__67__interception-off","false","false","0->0","0","4901","14352","14100","5838","12.421276595744681","-42","-4199","-2061"
"weapon","C","67","both-off","r3__weapon__C__67__control","r3__weapon__C__67__both-off","false","false","0->0","0","-173","14179","14100","-35740","-76.04255319148936","-42","-457807","-47120"
"weapon","C","68","offense-off","r3__weapon__C__68__control","r3__weapon__C__68__offense-off","false","true","0->1","1","7510","14090","13800","-38997","-84.77608695652174","967","-267945","-17068"
"weapon","C","68","interception-off","r3__weapon__C__68__control","r3__weapon__C__68__interception-off","false","false","0->0","0","-938","13152","12900","-1568","-3.646511627906977","-165","107415","6346"
"weapon","C","68","both-off","r3__weapon__C__68__control","r3__weapon__C__68__both-off","false","false","0->0","0","1047","14090","13800","-38997","-84.77608695652174","-221","-216892","-8749"
"weapon","C","69","offense-off","r3__weapon__C__69__control","r3__weapon__C__69__offense-off","false","false","0->0","0","-5452","13195","12900","-40613","-94.44883720930233","1290","-61509","-10967"
"weapon","C","69","interception-off","r3__weapon__C__69__control","r3__weapon__C__69__interception-off","false","true","0->1","1","2953","18647","18600","-4543","-7.327419354838709","-1045","17155","17869"
"weapon","C","69","both-off","r3__weapon__C__69__control","r3__weapon__C__69__both-off","false","true","0->1","1","2953","18647","18600","-83896","-135.31612903225806","-1045","78634","25945"
"weapon","C","70","offense-off","r3__weapon__C__70__control","r3__weapon__C__70__offense-off","false","false","0->0","0","-1315","17810","17700","-52469","-88.93050847457627","1269","71554","50093"
"weapon","C","70","interception-off","r3__weapon__C__70__control","r3__weapon__C__70__interception-off","false","false","0->0","0","-1952","17173","17100","12425","21.79824561403509","-380","-2182","64682"
"weapon","C","70","both-off","r3__weapon__C__70__control","r3__weapon__C__70__both-off","false","false","0->0","0","-976","18149","18000","-55023","-91.705","-495","19114","44515"
"weapon","C","71","offense-off","r3__weapon__C__71__control","r3__weapon__C__71__offense-off","true","false","1->0","-1","-6970","14630","14400","-44622","-92.9625","104","-260325","-88162"
"weapon","C","71","interception-off","r3__weapon__C__71__control","r3__weapon__C__71__interception-off","true","false","1->0","-1","-98","21502","21300","-10092","-14.214084507042253","-1035","-34789","-73921"
"weapon","C","71","both-off","r3__weapon__C__71__control","r3__weapon__C__71__both-off","true","false","1->0","-1","-4895","16705","16500","-57165","-103.93636363636364","-459","-246022","-91206"
"weapon","C","72","offense-off","r3__weapon__C__72__control","r3__weapon__C__72__offense-off","false","false","0->0","0","-2405","15712","15600","-56642","-108.92692307692307","1687","-10599","-40018"
"weapon","C","72","interception-off","r3__weapon__C__72__control","r3__weapon__C__72__interception-off","false","false","0->0","0","-1657","16460","16200","14861","27.52037037037037","-678","41505","9054"
"weapon","C","72","both-off","r3__weapon__C__72__control","r3__weapon__C__72__both-off","false","false","0->0","0","1518","18117","18000","-72894","-121.49","-874","159237","9025"
"weapon","C","73","offense-off","r3__weapon__C__73__control","r3__weapon__C__73__offense-off","false","false","0->0","0","416","7761","7500","-11817","-47.268","74","-11509","-3567"
"weapon","C","73","interception-off","r3__weapon__C__73__control","r3__weapon__C__73__interception-off","false","false","0->0","0","8464","7761","7500","3789","15.156","-32","-149973","5304"
"weapon","C","73","both-off","r3__weapon__C__73__control","r3__weapon__C__73__both-off","false","true","0->1","1","13839","7761","7500","-11817","-47.268","-32","0","4847"
