"cohort","policy","peopleRule","arm","tick","requestedEndTick","nCases","nAlive","nDead","nAtRisk","nObserved","sum_allyDamage","sum_buildingAppliedDamage","sum_charterSlots","sum_food","sum_growth_boostedWorkerTicks","sum_growth_charterChoices","sum_growth_charterSlotExcluded","sum_growth_draftEvents","sum_growth_laborGrowthBonus","sum_growth_rankIncrements","sum_growth_returnEvents","sum_growth_toolChoices","sum_growth_toolSlotExcluded","sum_growth_weaponChoices","sum_growth_weaponSlotExcluded","sum_growth_workerTicks","sum_harvestExperience","sum_harvests","sum_interception_actualPersonHpDamage","sum_interception_candidatePersonCount","sum_interception_eligibleEnemyAttackCount","sum_interception_guardZeroDamageCount","sum_interception_interceptCount","sum_interception_originalTargetInRangeCount","sum_interception_preventedByModifierAmount","sum_interception_reroutedAttackCount","sum_interception_targetRefreshDueCount","sum_interception_unknownOriginalTargetCount","sum_killExperience","sum_level","sum_lordHealth","sum_lordX","sum_lordY","sum_peopleEntities","sum_peopleMemberTicks","sum_peopleMembers","sum_personAppliedDamage","sum_taxExperience","sum_threat_admittedHp","sum_threat_baseSpawnCount","sum_threat_capRejected","sum_threat_enemyCap","sum_threat_killedCount","sum_threat_liveEnemyCount","sum_threat_liveHp","sum_threat_nearLordCount","sum_threat_nearLordRadius","sum_threat_prosperity","sum_threat_prosperityContribution","sum_threat_removedHp","sum_threat_seasonMultiplier","sum_threat_spawnAdmitted","sum_threat_spawnRequested","sum_threat_timeRamp","sum_toolActivationDamage","sum_toolGrowthDamage","sum_toolSlots","sum_weaponCount","sum_weaponDamage","sum_weaponRankSum","sum_weaponSlots"
"r2","weapon","A","control","0","21600","32","32","0","32","32","0","0","128","2880","0","0","0","0","0","0","0","0","0","0","0","0","0","0","0","0","0","0","0","0","0","0","0","0","0","32","57600","192000","192000","192","0","192","0","0","0","96","0","32000","0","0","0","0","4480","2880","64","0","32","0","0","0","0","0","128","32","0","32","160"
"r2","weapon","A","control","300","21600","32","32","0","32","32","1236","0","128","2866","0","1","0","0","202295","5","0","0","0","2","0","51808","0","0","154","11","97395","0","11","86","0","0","0","1740","556","35","56680","230400","96000","224","61440","224","1236","0","43442","96","0","32000","61","579","38608","20","4480","3094","64","3473","32","640","640","0","1899","0","128","33","1699","36","160"
"r2","weapon","A","control","600","21600","32","32","0","32","32","5863","0","128","2830","765","19","0","11","623427","85","0","10","0","34","0","116979","960","64","452","33","294813","0","33","547","0","0","0","15900","2528","95","53862","288000","268800","278","138410","292","5949","0","76018","96","0","32000","272","848","56487","24","4480","3364","64","15812","32","1120","1120","0","6483","86","128","55","7099","80","160"
"r2","weapon","A","control","900","21600","32","32","0","32","32","10986","0","128","2653","2358","23","0","41","1229209","127","0","12","0","64","0","191806","1605","107","1056","65","529251","0","65","1342","0","0","0","24702","5810","131","51244","96000","268800","334","235557","350","11669","0","108976","96","0","32000","602","998","65682","18","4480","3486","65","36352","32","1600","1600","0","11887","683","128","68","19738","116","160"
"r2","weapon","A","control","1200","21600","32","32","0","32","32","17488","0","128","2685","6348","36","0","78","2108791","191","0","18","0","89","0","280246","3645","243","1530","92","789289","0","92","2565","0","0","0","39234","10812","175","50052","153600","96000","418","357721","442","19363","0","152707","96","0","32000","1078","1172","75711","7","4480","3828","84","67594","32","2250","2250","0","17962","1875","128","80","39671","153","160"
"r2","weapon","A","control","1500","21600","32","32","0","32","32","24349","0","128","3232","13860","45","0","108","3083086","242","0","19","0","121","0","380999","8640","576","2240","123","1065566","0","123","3647","0","0","0","53926","15814","217","48810","288000","192000","504","503172","528","27444","0","189604","96","0","32000","1579","1219","81792","16","4480","4647","101","97641","32","2798","2798","0","24040","3095","128","91","56328","191","160"
"r2","weapon","A","control","1800","21600","32","32","0","32","32","29021","0","128","3790","23751","53","0","121","4148228","283","0","24","0","142","0","494757","14205","947","2780","146","1369944","0","146","4797","0","0","0","71392","22172","251","47244","153600","288000","530","668244","566","33099","0","230337","96","0","32000","2204","1188","80279","4","4480","5518","121","136280","32","3392","3392","32","31335","4078","128","101","85624","215","160"
"r2","weapon","A","control","2100","21600","32","32","0","32","32","40986","0","128","4734","36729","61","0","145","5230100","334","0","30","0","163","0","614118","21585","1439","3472","178","1729077","0","178","5926","0","0","0","94809","28796","286","46398","96000","115200","577","851869","637","46020","0","299742","96","0","32000","2807","1611","109597","12","4480","6593","147","177504","32","4418","4418","32","36855","5034","128","104","107270","244","160"
"r2","weapon","A","control","2400","21600","32","32","0","32","32","53717","0","128","5879","49304","71","0","193","6369273","380","0","37","0","182","0","737636","30210","2014","4762","234","2123333","0","234","7036","0","0","0","118781","37840","322","45884","288000","115200","647","1055889","728","61101","0","360028","96","0","32000","3654","1624","113553","5","4480","7932","183","232273","32","5278","5278","32","45315","7384","128","108","140059","270","160"
"r2","weapon","A","control","2700","21600","32","32","0","32","32","59290","0","128","6953","61821","76","0","269","7548708","415","0","40","0","201","0","861479","39735","2649","5826","276","2576171","0","276","8427","0","0","0","149726","46630","349","43984","230400","288000","719","1287852","820","71086","0","422936","96","0","32000","4460","1764","118423","7","4480","9113","212","286941","32","6224","6224","32","54589","11796","128","111","178838","296","160"
"r2","weapon","A","control","3000","21600","32","32","0","32","32","69761","0","128","7332","76361","81","0","343","8644514","447","0","45","0","218","0","992666","48450","3230","6882","320","3072781","0","320","9675","0","0","0","187973","56650","376","43264","96000","192000","814","1552340","931","86836","0","515055","96","0","32000","5409","2182","149217","6","4480","9678","229","348970","32","7591","7591","32","63943","17075","128","114","215059","315","160"
"r2","weapon","A","control","3300","21600","32","32","0","32","32","76942","0","128","7514","92022","91","0","414","10007104","478","0","48","0","230","0","1130636","58875","3925","8408","391","3607751","0","391","11376","0","0","0","230688","68372","401","42186","230400","96000","910","1847760","1039","99184","0","587614","96","0","32000","6518","2131","145942","4","4480","9978","233","419906","32","8649","8649","32","75391","22242","128","115","267097","331","160"
"r2","weapon","A","control","3600","21600","32","32","0","32","32","86646","0","128","7560","109652","96","0","478","11321718","505","0","51","0","243","0","1267333","70695","4713","9700","443","4169789","0","443","13058","0","0","0","272468","77982","422","41114","288000","268800","962","2170940","1116","113764","0","657999","96","0","32000","7430","2276","156410","13","4480","10077","239","479190","32","9706","9706","64","86048","27118","128","115","301777","347","160"
"r2","weapon","A","control","3900","21600","32","32","0","32","32","93886","0","128","7431","127208","100","0","516","12531695","534","0","52","0","261","0","1412217","80070","5338","11338","507","4777669","0","507","14697","0","0","0","317673","91670","445","40202","96000","268800","1037","2520108","1191","127507","0","766674","96","0","32000","8717","2560","183576","2","4480","10041","236","562036","32","11277","11277","64","99762","33621","128","116","355829","369","160"
"r2","weapon","A","control","4200","21600","32","32","0","32","32","107274","0","128","7448","143249","106","0","547","13906074","560","0","57","0","271","0","1566200","92040","6136","12426","557","5429806","0","557","16450","0","0","0","369256","104526","466","38982","153600","96000","1105","2887489","1259","146042","0","845865","96","0","32000","9878","2571","179744","16","4480","10150","239","642097","32","12449","12449","64","111896","38768","128","116","408183","381","160"
"r2","weapon","A","control","4500","21600","32","32","0","32","32","123027","0","128","7492","159932","109","0","577","15241436","585","0","59","0","286","0","1729264","104775","6985","13518","603","6088213","0","603","18148","0","0","0","422024","116644","486","38202","288000","192000","1154","3272429","1308","167403","0","923714","96","0","32000","10978","2635","182158","9","4480","10231","240","717154","32","13613","13613","64","124230","44376","128","118","449923","400","160"
"r2","weapon","A","control","4800","21600","32","32","0","32","32","126900","0","128","7239","177722","114","0","598","16718724","609","0","62","0","298","0","1892602","115455","7697","14100","628","6792376","0","628","20182","0","0","0","476112","131280","506","36940","153600","288000","1134","3673178","1348","176178","0","1027909","96","0","32000","12396","2794","192164","4","4480","10037","234","805599","32","15190","15190","64","142375","49278","128","119","517192","414","160"
"r2","weapon","A","control","5100","21600","32","32","0","32","32","137979","0","128","7195","195573","117","0","638","17914279","630","0","64","0","308","0","2040648","127110","8474","14570","653","7494127","0","653","21930","0","0","0","525762","143886","521","36546","96000","115200","1157","4086350","1409","195038","0","1106356","96","0","32000","13588","2759","193797","7","4480","9970","234","883083","32","16347","16347","64","155643","57059","128","119","561878","427","160"
"r2","weapon","A","control","5400","21600","32","32","0","32","32","152092","0","128","7100","214297","126","0","678","18988886","653","0","65","0","316","0","2191889","137670","9178","15740","692","8176560","0","692","23629","0","0","0","572457","158384","539","36036","288000","115200","1212","4517810","1464","216285","0","1182851","96","0","32000","14908","2571","181342","1","4480","9937","233","971952","32","17479","17479","96","170961","64193","128","119","614263","437","160"
"r2","weapon","A","control","5700","21600","32","32","0","32","32","157720","0","128","7204","234017","129","0","712","20271845","668","0","65","0","326","0","2351271","151410","10094","16798","737","8915579","0","737","25545","0","0","0","625852","171600","552","34856","230400","288000","1275","4969144","1527","231501","0","1297426","96","0","32000","16151","3013","211207","4","4480","10159","235","1053364","32","19164","19164","96","185640","73781","128","120","669078","448","160"
"r2","weapon","A","control","6000","21600","32","32","0","32","32","167754","0","128","7145","254066","135","0","719","21427081","693","0","66","0","335","0","2517760","162975","10865","17346","761","9668089","0","761","27316","0","0","0","671828","184522","568","34398","96000","192000","1311","5433320","1563","248525","0","1381283","96","0","32000","17382","3033","217278","4","4480","10263","238","1132259","32","20415","20415","96","200294","80771","128","122","715186","462","160"
"r2","weapon","A","control","6300","21600","32","32","0","32","32","180448","0","128","7098","275055","139","0","720","22732248","713","0","67","0","346","0","2691305","175755","11717","17572","775","10444060","0","775","29272","0","0","0","725072","201074","584","33564","230400","96000","1321","5904811","1577","267736","0","1464035","96","0","32000","18881","2783","196095","4","4480","10248","240","1233451","32","21664","21664","96","216138","87288","128","122","784066","477","160"
"r2","weapon","A","control","6600","21600","32","32","0","32","32","191551","0","128","7255","293291","145","0","738","23997348","733","0","68","0","353","0","2858887","191730","12782","18170","799","11239311","0","799","31157","0","0","0","776157","214010","598","32894","288000","268800","1292","6384015","1608","286479","0","1577112","96","0","32000","20114","3251","229000","4","4480","10326","243","1312779","32","23365","23365","96","230860","94928","128","123","830773","489","160"
"r2","weapon","A","control","6900","21600","32","32","0","32","32","197520","0","128","6922","313425","149","0","758","25008412","755","0","69","0","363","0","3022667","202620","13508","18958","827","12039948","0","827","33106","0","0","0","822260","228786","613","32138","96000","268800","1337","6873285","1653","302176","0","1660651","96","0","32000","21493","3120","223470","2","4480","10022","233","1402876","32","24613","24613","96","247961","104656","128","123","887044","504","160"
"r2","weapon","A","control","7200","21600","32","32","0","32","32","207581","0","128","6871","333990","152","0","773","26170634","771","0","69","0","371","0","3192696","215895","14393","19390","844","12859829","0","844","35252","0","0","0","877834","243092","624","31566","153600","96000","1364","7374360","1680","320789","0","1744534","96","0","32000","22796","3052","215329","5","4480","10064","238","1491049","32","25848","25848","128","262092","113208","128","123","946324","515","160"
"r2","weapon","A","control","7500","21600","32","32","0","32","32","224357","0","128","7012","355239","154","0","773","27283395","792","0","70","0","382","0","3369730","230280","15352","19912","864","13707758","0","864","37197","0","0","0","928899","258058","638","30940","288000","192000","1390","7883820","1706","345764","0","1868225","96","0","32000","24164","3493","249450","1","4480","10252","240","1583198","32","27657","27657","128","279140","121407","128","124","993871","533","160"
"r2","weapon","A","control","7800","21600","32","31","1","31","31","216356","0","124","6617","374098","159","0","773","27301186","789","0","70","0","375","0","3348927","237315","15821","19266","836","14088005","0","836","38216","0","0","0","934130","264928","635","30490","148800","279000","1367","8189422","1683","345612","0","1895060","93","0","31000","24813","3228","231878","5","4340","9828","230","1624614","31","28041","28041","124","295271","129256","124","121","1022299","520","155"
"r2","weapon","A","control","8100","21600","32","31","1","31","31","226970","0","124","6633","397189","161","0","773","28407567","798","0","71","0","380","0","3523875","251340","16756","19504","848","14968256","0","848","40156","0","0","0","981360","278586","643","30052","93000","111600","1379","8696482","1695","364448","0","1985348","93","0","31000","26121","3211","238624","1","4340","9917","233","1708599","31","29332","29332","124","309419","137478","124","121","1072857","526","155"
"r2","weapon","A","control","8400","21600","32","31","1","31","31","239042","0","124","6450","420451","166","0","773","29468757","810","0","72","0","384","0","3705291","263850","17590","19842","862","15874005","0","862","41949","0","0","0","1028974","294888","653","29668","279000","111600","1403","9210022","1719","385391","0","2103996","93","0","31000","27587","3513","257544","1","4340","9876","234","1808505","31","31100","31100","124","329033","146349","124","121","1132028","530","155"
"r2","weapon","A","control","8700","21600","32","31","1","31","31","244017","0","124","6719","445258","171","0","777","30673969","833","0","73","0","394","0","3892493","281085","18739","19934","867","16803617","0","867","43955","0","0","0","1083944","309524","669","29010","223200","279000","1431","9729541","1747","397589","0","2192168","93","0","31000","28944","3480","253239","3","4340","10138","237","1898819","31","32424","32424","124","345136","153572","124","121","1196204","544","155"
"r2","weapon","A","control","9000","21600","32","31","1","31","31","255690","0","124","6684","471139","174","0","778","31807806","844","0","74","0","398","0","4085441","295095","19673","20040","874","17733728","0","874","45863","0","0","0","1137121","323624","677","28812","93000","186000","1444","10255834","1760","417961","0","2280621","93","0","31000","30253","3474","255026","1","4340","10302","240","1985750","31","33727","33727","155","362422","162271","124","121","1245212","550","155"
"r2","weapon","A","control","9300","21600","32","31","1","31","31","264718","0","124","6729","498034","177","0","778","33051885","864","0","74","0","409","0","4284857","311175","20745","20196","881","18715898","0","881","47999","0","0","0","1195033","341160","691","28342","223200","93000","1468","10788874","1784","434753","0","2411148","93","0","31000","31881","3780","274484","2","4340","10242","241","2092461","31","35661","35661","155","381698","170035","124","122","1320213","566","155"
"r2","weapon","A","control","9600","21600","32","31","1","31","31","276606","0","124","7132","524717","181","0","778","34303979","877","0","74","0","417","0","4489769","329925","21995","20618","897","19729177","0","897","50068","0","0","0","1253747","355796","703","27950","279000","260400","1491","11327409","1807","455808","0","2507330","93","0","31000","33248","3854","279843","1","4340","10549","251","2183823","31","37102","37102","155","396895","179202","124","122","1374784","575","155"
"r2","weapon","A","control","9900","21600","32","31","1","31","31","283206","0","124","6884","551447","182","0","778","35412710","884","0","74","0","422","0","4700417","342105","22807","20728","904","20756165","0","904","52239","0","0","0","1301845","371702","709","27306","93000","260400","1502","11871379","1818","469469","0","2602862","93","0","31000","34757","3770","278621","0","4340","10540","251","2280105","31","38527","38527","155","418373","186263","124","122","1436399","581","155"
"r2","weapon","A","control","10200","21600","32","31","1","31","31","291992","0","124","7098","579652","188","0","780","36825589","905","0","76","0","429","0","4916224","359175","23945","20780","906","21840063","0","906","54775","0","0","0","1362968","388404","724","26814","148800","93000","1517","12420535","1833","487238","0","2735883","93","0","31000","36290","4214","305157","1","4340","10700","253","2383806","31","40504","40504","155","435679","195246","124","122","1507809","589","155"
"r2","weapon","A","control","10500","21600","32","30","2","30","30","303291","0","120","6906","604401","181","0","746","37284981","890","0","75","0","424","0","5043346","363915","24261","19900","872","22046688","0","872","54638","0","0","0","1390685","389552","710","26524","270000","180000","1483","12556688","1774","494373","0","2730362","90","0","30000","36390","4061","296963","5","4200","10461","248","2390252","30","40451","40451","150","434562","191082","120","118","1504464","584","150"
"r2","weapon","A","control","10800","21600","32","30","2","30","30","306375","0","120","6696","630721","184","0","755","38590048","905","0","77","0","429","0","5253766","377850","25190","19926","874","23112808","0","874","56945","0","0","0","1442994","407774","720","25838","144000","270000","1447","13088888","1774","506299","0","2826925","90","0","30000","38060","3802","277696","2","4200","10314","244","2501521","30","41862","41862","180","456954","199924","120","118","1585976","592","150"
"r2","weapon","A","control","11100","21600","32","30","2","30","30","317806","0","120","6908","654853","188","0","767","39820297","920","0","81","0","432","0","5449386","395385","26359","19962","877","24528344","0","877","59356","0","0","0","1526920","425516","731","25484","90000","108000","1409","13621184","1776","528132","0","3100420","90","0","30000","39811","6073","440922","5","4200","9910","236","2611506","60","45884","45884","180","475601","210326","120","118","1655765","596","150"
"r2","weapon","A","control","11400","21600","32","29","3","29","29","316254","0","116","6494","641214","185","0","776","39205779","909","0","81","0","424","0","5223861","398610","26574","19530","858","25152629","0","858","60934","0","0","0","1532853","437778","719","24660","261000","104400","1313","13743960","1716","546778","0","3188692","87","0","29000","41037","6157","448489","1","4060","8892","207","2686886","58","47194","47194","174","505246","230524","116","114","1688179","584","145"
"r2","weapon","A","control","11700","21600","32","28","4","28","28","296177","0","112","6128","647439","177","0","784","37807980","892","0","80","0","419","0","4948356","396930","26462","18754","821","25704083","0","821","62824","0","0","0","1521180","449038","704","22970","201600","252000","1221","13826224","1656","552132","0","3237829","84","0","28000","42048","5832","423412","10","3920","7740","181","2758604","56","47880","47880","168","529640","255955","112","111","1732645","578","140"
"r2","weapon","A","control","12000","21600","32","28","4","28","28","306588","0","112","5342","667326","180","0","784","38849547","907","0","80","0","427","0","5074356","403170","26878","18808","825","27307095","0","825","66367","0","0","0","1608077","476744","715","22086","84000","168000","1221","14323024","1656","586503","0","3463636","84","0","28000","44677","6571","482134","10","3920","7531","175","2929230","56","51248","51248","168","568850","279915","112","111","1826149","590","140"
"r2","weapon","A","control","12300","21600","32","27","5","27","27","309665","0","108","4560","687675","175","0","749","39028968","893","0","77","0","424","0","5114593","397935","26529","17574","784","27882250","0","784","67176","0","0","0","1659865","492544","703","20326","194400","81000","1186","14296477","1596","596762","0","3499199","81","0","27000","46094","5682","417412","6","3780","6894","161","3024137","54","51776","51776","162","595064","287097","108","108","1889961","588","135"
"r2","weapon","A","control","12600","21600","32","27","5","27","27","320018","0","108","4143","708090","177","0","749","40102149","898","0","77","0","427","0","5240593","405465","27031","17610","785","29406409","0","785","70605","0","0","0","1732905","515862","708","19256","243000","226800","1186","14775277","1596","629299","0","3655080","81","0","27000","48375","5717","427115","6","3780","6651","153","3167030","54","54092","54092","189","633280","309281","108","108","1965386","591","135"
"r2","weapon","A","control","12900","21600","32","27","5","27","27","326840","0","108","3617","727863","181","0","757","41171509","909","0","78","0","431","0","5362193","411060","27404","17622","786","30980435","0","786","74170","0","0","0","1801459","543650","717","17490","81000","226800","1154","15254077","1596","655187","0","3877280","81","0","27000","50904","6446","478406","5","3780","5926","137","3338084","54","57350","57350","189","677846","328347","108","108","2065841","596","135"
"r2","weapon","A","control","13200","21600","32","24","8","24","24","289005","0","96","3078","501979","157","0","696","35665872","818","0","72","0","390","0","4587268","360840","24056","16212","714","28427189","0","714","69478","0","0","0","1600935","502230","643","16066","115200","72000","1012","14005249","1416","602674","0","3551132","72","0","24000","47052","5506","410107","7","3360","4915","109","3083637","48","52558","52558","168","653313","313669","96","96","1885038","542","120"
"r2","weapon","A","control","13500","21600","32","23","9","23","23","269237","0","92","2909","378619","146","0","696","32433575","784","0","70","0","379","0","4144523","347295","23153","15252","670","27784053","0","670","69419","0","0","0","1464152","497744","618","15480","207000","138000","952","13894042","1356","604462","0","3495853","69","0","23000","46649","5033","384468","9","3220","4393","100","3057007","46","51682","51682","161","661992","335225","92","92","1844931","526","115"
"r2","weapon","A","control","13800","21600","32","21","11","21","21","238986","0","84","2190","258916","132","0","649","29250878","718","0","64","0","349","0","3648859","313260","20884","13932","607","26037308","0","607","66321","0","0","0","1324104","472222","566","14248","100800","189000","844","13035132","1236","568887","0","3302408","63","0","21000","44156","4678","351393","1","2940","3466","78","2899513","42","48834","48834","147","648234","329901","84","84","1733894","486","105"
"r2","weapon","A","control","14100","21600","32","21","11","21","21","245140","0","84","2199","264181","133","0","649","29799071","726","0","64","0","355","0","3702859","318795","21253","13932","607","27243188","0","607","69019","0","0","0","1368199","489960","573","13664","63000","75600","844","13405932","1236","595474","0","3414880","63","0","21000","45902","4600","354338","5","2940","3519","78","3007731","42","50502","50502","147","676153","350334","84","84","1788915","493","105"
"r2","weapon","A","control","14400","21600","32","21","11","21","21","251982","0","84","1889","268966","133","0","655","30216863","737","0","66","0","362","0","3754309","322050","21470","13944","608","28445482","0","608","71689","0","0","0","1406395","510226","582","13030","189000","75600","820","13776732","1236","621639","0","3525371","63","0","21000","47754","4394","338692","0","2940","3358","74","3130529","42","52148","52148","168","712955","369657","84","84","1852085","502","105"
"r2","weapon","A","control","14700","21600","32","20","12","20","20","250200","0","80","1969","273430","129","0","620","30138825","708","0","64","0","343","0","3748583","313920","20928","13292","578","28147334","0","578","70062","0","0","0","1417487","503554","556","11472","144000","180000","754","13436472","1176","614305","0","3499496","60","0","20000","47094","4729","353232","6","2800","3263","71","3091460","40","51823","51823","160","702586","364105","80","80","1829373","480","100"
"r2","weapon","A","control","15000","21600","32","19","13","19","19","218404","0","76","1651","192868","119","0","620","26392068","678","0","62","0","333","0","3161838","299640","19976","12674","542","27061421","0","542","69600","0","0","0","1259682","488706","533","11142","57000","114000","694","13160776","1116","601017","0","3386305","57","0","19000","45742","4369","335123","3","2660","2649","57","2999952","38","50111","50111","152","695317","382613","76","76","1754848","466","95"
"r2","weapon","A","control","15300","21600","32","18","14","18","18","217992","0","72","1203","194578","113","0","569","26508249","644","0","57","0","321","0","3172466","288210","19214","12426","532","27008157","0","532","68217","0","0","0","1273518","483246","509","10282","129600","54000","642","12689410","1056","594559","0","3316958","54","0","18000","45185","3893","301311","0","2520","2070","43","2965047","36","49078","49078","144","655854","376567","72","72","1765234","449","90"
"r2","weapon","A","control","15600","21600","32","17","15","17","17","217686","0","68","1090","192629","103","0","523","26391082","613","0","54","0","310","0","3167469","273990","18266","11854","513","26325177","0","513","65068","0","0","0","1282880","468686","484","9462","153000","142800","595","12204895","996","582577","0","3230918","51","0","17000","43837","3950","308791","1","2380","2013","42","2876102","34","47787","47787","136","627277","364891","68","68","1712273","433","85"
"r2","weapon","A","control","15900","21600","32","16","16","16","16","214487","0","64","808","194339","98","0","483","26023762","577","0","52","0","291","0","3138272","254205","16947","11112","485","25313526","0","485","61576","0","0","0","1282563","451812","457","8844","48000","134400","554","11723365","936","558398","0","3087553","48","0","16000","42233","3485","273481","0","2240","1729","36","2772603","32","45718","45718","128","619241","343911","64","64","1636433","406","80"
"r2","weapon","A","control","16200","21600","32","13","19","13","13","155526","0","52","672","122664","77","0","414","18279119","464","0","42","0","232","0","2223992","182085","12139","9188","394","20123423","0","394","50195","0","0","0","972903","361296","364","8240","62400","39000","484","9778814","756","435997","0","2464493","39","0","13000","33848","2681","212904","2","1820","1341","27","2216184","26","36529","36529","117","540418","280471","52","52","1275174","324","65"
"r2","weapon","A","control","16500","21600","32","13","19","13","13","158962","0","52","711","124374","79","0","414","18455981","469","0","42","0","234","0","2241992","184770","12318","9264","398","20895087","0","398","51726","0","0","0","998242","372064","368","7676","117000","78000","484","10005614","756","452906","0","2561315","39","0","13000","34829","3138","242760","3","1820","1339","27","2283436","26","37967","37967","117","561193","293944","52","52","1304456","327","65"
"r2","weapon","A","control","16800","21600","32","12","20","12","12","137755","0","48","474","87339","74","0","402","15680496","430","0","41","0","212","0","1873012","161310","10754","8142","342","19659497","0","342","48606","0","0","0","896533","348014","339","6884","57600","108000","472","9492749","696","414828","0","2380352","36","0","12000","32603","2698","210184","0","1680","1049","20","2134759","24","35301","35301","108","563468","277073","48","48","1191872","293","60"
"r2","weapon","A","control","17100","21600","32","11","21","11","11","126561","0","44","609","61317","64","0","375","14361824","395","0","39","0","195","0","1749333","139740","9316","6872","292","18383700","0","292","44053","0","0","0","866940","319892","309","6564","33000","39600","444","8917769","636","376340","0","2186580","33","0","11000","30008","2454","191407","3","1540","1127","23","1962222","22","32462","32462","99","545934","249779","44","44","1072899","271","55"
"r2","weapon","A","control","17400","21600","32","10","22","10","10","128195","0","40","555","63027","57","0","321","14522730","365","0","37","0","183","0","1764294","135825","9055","6512","280","17643820","0","280","41739","0","0","0","875520","308402","287","6414","90000","36000","389","8242424","576","357560","0","2109331","30","0","10000","28882","2475","187834","0","1400","1049","21","1891828","20","31357","31357","90","532078","229365","40","40","1031859","253","50"
"r2","weapon","A","control","17700","21600","32","10","22","10","10","128926","0","40","555","64737","57","0","321","14715552","369","0","37","0","185","0","1782294","137700","9180","6512","280","18282677","0","280","43179","0","0","0","904786","317700","289","5756","72000","90000","389","8415224","576","367016","0","2166230","30","0","10000","29767","2424","187120","0","1400","1047","21","1948579","20","32191","32191","90","551430","238090","40","40","1060664","257","50"
"r2","weapon","A","control","18000","21600","32","10","22","10","10","131425","0","40","501","66447","57","0","321","14890992","371","0","37","0","187","0","1800294","139290","9286","6512","280","18929913","0","280","44388","0","0","0","930911","326016","291","5624","30000","60000","389","8588024","576","378736","0","2221401","30","0","10000","30580","2427","191607","1","1400","1008","20","1999131","20","33007","33007","100","568760","247311","40","40","1082298","259","50"
"r2","weapon","A","control","18300","21600","32","10","22","10","10","132795","0","40","462","68157","57","0","321","15088188","377","0","37","0","191","0","1818294","140835","9389","6524","281","19595741","0","281","45695","0","0","0","948632","337208","295","5222","72000","30000","389","8760824","576","388871","0","2301618","30","0","10000","31563","2638","200066","0","1400","965","20","2068234","20","34201","34201","100","591624","256076","40","40","1121057","265","50"
"r2","weapon","A","control","18600","21600","32","9","23","9","9","133196","0","36","501","69867","53","0","277","15138227","349","0","35","0","176","0","1815399","140085","9339","5846","251","18697942","0","251","43476","0","0","0","928392","321026","273","4786","81000","75600","344","7993588","519","363768","0","2188469","27","0","9000","30090","2386","189867","5","1260","1050","21","1967972","18","32476","32476","90","573382","230572","36","36","1061452","246","45"
"r2","weapon","A","control","18900","21600","32","7","25","7","7","63240","0","28","108","11901","37","0","250","6902009","269","0","31","0","133","0","831285","92790","6186","4384","177","13640922","0","177","34772","0","0","0","437235","241816","208","4528","21000","58800","256","6396010","399","270714","0","1637418","21","0","7000","22684","1594","130065","0","980","414","7","1481579","14","24278","24278","70","498650","207474","28","28","737989","188","35"
"r2","weapon","A","control","19200","21600","32","7","25","7","7","63564","0","28","171","11901","37","0","250","6902009","269","0","31","0","133","0","831285","93645","6243","4384","177","14090852","0","177","35745","0","0","0","444509","248602","208","4176","33600","21000","256","6515710","399","278207","0","1690600","21","0","7000","23322","1740","140114","0","980","459","8","1523278","14","25062","25062","70","513097","214643","28","28","759182","188","35"
"r2","weapon","A","control","19500","21600","32","7","25","7","7","63833","0","28","258","11901","38","0","250","6902009","273","0","31","0","134","0","831285","94935","6329","4384","177","14542486","0","177","36614","0","0","0","451318","254856","210","4072","63000","42000","256","6635410","399","284675","0","1729457","21","0","7000","23907","1737","141550","3","980","507","8","1561386","14","25644","25644","70","527004","220842","28","28","776228","189","35"
"r2","weapon","A","control","19800","21600","32","6","26","6","6","59405","0","24","171","11901","31","0","205","6662807","246","0","27","0","122","0","804155","86415","5761","3480","143","12991719","0","143","32624","0","0","0","421910","231046","186","3878","28800","54000","210","5710384","339","256122","0","1550914","18","0","6000","21591","1382","112563","0","840","452","8","1416073","12","22973","22973","66","447771","196717","24","24","734458","176","30"
"r2","weapon","A","control","20100","21600","32","6","26","6","6","59637","0","24","288","11901","31","0","205","6662807","246","0","27","0","122","0","804155","87735","5849","3480","143","13392397","0","143","33473","0","0","0","425376","236218","186","3644","18000","21600","210","5812084","339","262242","0","1601525","18","0","6000","22091","1622","131467","2","840","586","12","1447732","12","23713","23713","66","459667","202605","24","24","748149","176","30"
"r2","weapon","A","control","20400","21600","32","6","26","6","6","59885","0","24","192","11901","31","0","205","6662807","246","0","27","0","122","0","804155","88320","5888","3480","143","13797011","0","143","34312","0","0","0","429976","242796","186","3578","54000","21600","210","5913784","339","270094","0","1639499","18","0","6000","22690","1575","129008","1","840","510","10","1488056","12","24265","24265","66","473811","210209","24","24","766586","176","30"
"r2","weapon","A","control","20700","21600","32","6","26","6","6","60080","0","24","180","11901","31","0","205","6662807","247","0","27","0","123","0","804155","89145","5943","3480","143","14215264","0","143","35299","0","0","0","434868","249218","187","3048","43200","54000","210","6015484","339","276939","0","1678058","18","0","6000","23287","1522","127250","0","840","471","7","1527731","12","24809","24809","66","488964","216859","24","24","784905","177","30"
"r2","weapon","A","control","21000","21600","32","6","26","6","6","60352","0","24","183","11901","32","0","205","6662807","250","0","27","0","125","0","804155","90060","6004","3480","143","14646394","0","143","36166","0","0","0","440714","254638","190","2984","18000","36000","210","6117184","339","283702","0","1727522","18","0","6000","23809","1724","143107","0","840","454","8","1561090","12","25533","25533","66","501383","223350","24","24","799330","179","30"
"r2","weapon","A","control","21300","21600","32","6","26","6","6","60594","0","24","75","11901","32","0","205","6662807","251","0","27","0","126","0","804155","90435","6029","3480","143","15084124","0","143","36999","0","0","0","447346","261978","191","2788","43200","18000","210","6218884","339","290940","0","1764587","18","0","6000","24463","1608","133022","0","840","367","6","1606284","12","26071","26071","66","519208","230346","24","24","821417","180","30"
"r2","weapon","A","control","21600","21600","32","5","27","5","5","54079","0","20","135","11901","29","0","170","6004241","209","0","24","0","102","0","723252","77430","5162","2800","117","12700023","0","117","31181","0","0","0","406173","223070","160","2580","45000","42000","174","5232871","279","247749","0","1497152","15","0","5000","20860","1314","109609","6","700","370","7","1367334","10","22174","22174","60","456599","193670","20","20","683195","148","25"
"r2","weapon","B","control","0","21600","32","32","0","32","32","0","0","128","2880","0","0","0","0","0","0","0","0","0","0","0","0","0","0","0","0","0","0","0","0","0","0","0","0","0","32","57600","192000","192000","192","0","192","0","0","0","96","0","32000","0","0","0","0","4480","2880","64","0","32","0","0","0","0","0","128","32","0","32","160"
"r2","weapon","B","control","300","21600","32","32","0","32","32","1236","0","128","2866","0","1","0","0","202295","5","0","0","0","2","0","51808","0","0","154","11","97395","0","11","86","0","0","0","1740","556","35","56680","230400","96000","224","61440","224","1236","0","43442","96","0","32000","61","579","38608","20","4480","3094","64","3473","32","640","640","0","1899","0","128","33","1699","36","160"
"r2","weapon","B","control","600","21600","32","32","0","32","32","5863","0","128","2830","1606","19","0","11","643794","85","0","10","0","34","0","118944","960","64","452","33","294796","0","33","546","0","0","0","16260","2528","95","53862","288000","268800","288","138240","288","5893","0","76018","96","0","32000","272","848","56543","24","4480","3387","64","15812","32","1120","1120","0","6483","30","128","55","7099","80","160"
"r2","weapon","B","control","900","21600","32","32","0","32","32","11201","0","128","2666","9066","24","0","41","1312610","129","0","12","0","64","0","201472","1680","112","1104","69","529241","0","69","1327","0","0","0","27259","5774","132","51208","96000","268800","320","230400","320","11547","0","108762","96","0","32000","602","998","65483","18","4480","3574","65","36059","32","1600","1600","0","12089","346","128","68","19643","117","160"
"r2","weapon","B","control","1200","21600","32","32","0","32","32","17819","0","128","2707","21210","36","0","78","2311110","190","0","18","0","88","0","301277","3855","257","1558","96","792342","0","96","2508","0","0","0","44173","10584","174","50072","153600","96000","385","339869","385","18237","0","153048","96","0","32000","1064","1197","77258","8","4480","3968","88","66019","32","2261","2261","0","18256","418","128","80","39297","155","160"
"r2","weapon","B","control","1500","21600","32","32","0","32","32","25052","0","128","3362","40262","46","0","118","3417783","244","0","19","0","122","0","416713","9315","621","2228","126","1078089","0","126","3520","0","0","0","61921","15594","219","48900","288000","192000","449","464969","449","25808","0","190810","96","0","32000","1578","1247","84225","16","4480","4927","107","95796","32","2825","2825","0","24535","756","128","93","56242","195","160"
"r2","weapon","B","control","1800","21600","32","32","0","32","32","30057","0","128","4124","62346","55","0","161","4647933","288","0","24","0","144","0","547541","15750","1050","2696","147","1395744","0","147","4633","0","0","0","82500","22202","255","47282","153600","288000","481","605429","481","30883","0","234252","96","0","32000","2223","1228","83948","4","4480","5989","132","136074","32","3451","3451","32","32318","826","128","103","87103","221","160"
"r2","weapon","B","control","2100","21600","32","32","0","32","32","42952","0","128","5230","90983","61","0","225","5964799","337","0","30","0","168","0","695617","24165","1611","3352","178","1773239","0","178","5693","0","0","0","111254","29300","291","46394","96000","115200","545","763169","545","44909","0","307956","96","0","32000","2863","1670","115488","12","4480","7284","165","180187","32","4533","4533","32","38148","1957","128","106","109411","253","160"
"r2","weapon","B","control","2400","21600","32","32","0","32","32","57414","0","128","6539","123301","70","0","306","7435698","390","0","38","0","191","0","859053","33855","2257","4426","228","2190790","0","228","6731","0","0","0","142215","39014","331","45870","288000","115200","609","936269","609","60831","0","371987","96","0","32000","3764","1690","118907","5","4480","8914","208","239094","32","5454","5454","32","47593","3417","128","110","144656","286","160"
"r2","weapon","B","control","2700","21600","32","32","0","32","32","63919","0","128","7936","160584","81","0","406","9144597","436","0","40","0","210","0","1037881","45330","3022","4852","253","2680635","0","253","8051","0","0","0","186733","48284","363","43664","230400","288000","641","1124729","641","67982","0","441626","96","0","32000","4618","1875","128304","6","4480","10519","249","296611","32","6493","6493","32","58876","4063","128","112","186464","316","160"
"r2","weapon","B","control","3000","21600","32","32","0","32","32","76006","0","128","8529","202653","86","0","514","10801459","468","0","44","0","227","0","1233957","55800","3720","5568","283","3232083","0","283","9195","0","0","0","240608","58814","389","42834","96000","192000","703","1330115","703","82021","0","546508","96","0","32000","5617","2413","168363","8","4480","11351","270","361964","32","8030","8030","32","69712","6015","128","115","226412","338","160"
"r2","weapon","B","control","3300","21600","32","32","0","32","32","85252","0","128","8942","249516","98","0","627","12850404","505","0","47","0","240","0","1445393","69240","4616","6288","328","3845119","0","328","10709","0","0","0","302864","71972","417","41632","230400","96000","765","1550446","765","93087","0","629604","96","0","32000","6869","2368","166831","6","4480","11967","284","441519","32","9237","9237","32","83766","7835","128","116","285920","357","160"
"r2","weapon","B","control","3600","21600","32","32","0","32","32","98870","0","128","9170","301865","105","0","757","14942167","540","0","50","0","257","0","1672221","83910","5594","7136","367","4497649","0","367","12183","0","0","0","367396","83334","444","40560","288000","268800","797","1785706","797","109420","0","713594","96","0","32000","7919","2550","179949","13","4480","12354","296","511960","32","10469","10469","64","96831","10550","128","116","327394","377","160"
"r2","weapon","B","control","3900","21600","32","32","0","32","32","108942","0","128","9205","355975","111","0","887","16935985","573","0","50","0","275","0","1916297","96165","6411","8064","411","5212229","0","411","13675","0","0","0","439454","98710","468","39472","96000","268800","860","2038216","860","121630","0","835898","96","0","32000","9364","2925","207822","1","4480","12533","298","605727","32","12289","12289","64","115642","12688","128","117","390804","401","160"
"r2","weapon","B","control","4200","21600","32","32","0","32","32","126064","0","128","9253","411428","116","0","1017","19331713","601","0","55","0","288","0","2175733","112005","7467","8840","458","5978073","0","458","15442","0","0","0","523211","113122","491","38368","153600","96000","923","2305727","923","141189","0","928521","96","0","32000","10659","3003","208327","17","4480","12664","301","694998","32","13662","13662","64","128020","15125","128","117","450985","417","160"
"r2","weapon","B","control","4500","21600","32","32","0","32","32","148295","0","128","9255","468482","120","0","1147","21701967","638","0","58","0","307","0","2450561","127815","8521","10012","511","6747780","0","511","17133","0","0","0","607916","128088","517","37402","288000","192000","955","2588387","955","167812","0","1020781","96","0","32000","11994","3042","207714","13","4480","12770","306","788190","32","15036","15036","64","144867","19517","128","118","500388","444","160"
"r2","weapon","B","control","4800","21600","32","32","0","32","32","154562","0","128","9219","529017","127","0","1296","24319980","660","0","62","0","316","0","2742219","142365","9491","10412","533","7581263","0","533","19181","0","0","0","696947","145012","537","35898","153600","288000","1015","2887794","1015","175396","0","1146375","96","0","32000","13644","3253","222731","4","4480","12929","306","890377","32","16897","16897","64","167101","20834","128","118","581147","453","160"
"r2","weapon","B","control","5100","21600","32","32","0","32","32","170848","0","128","9242","598020","130","0","1466","26825862","685","0","65","0","329","0","3048757","158355","10557","10896","565","8429657","0","565","20895","0","0","0","785292","159316","556","35384","96000","115200","1077","3201594","1077","196261","0","1242160","96","0","32000","14978","3314","232011","7","4480","13039","310","978411","32","18292","18292","64","182327","25413","128","119","631561","471","160"
"r2","weapon","B","control","5400","21600","32","32","0","32","32","194339","0","128","9215","669429","139","0","1636","29238611","708","0","65","0","339","0","3370206","173715","11581","11352","586","9274917","0","586","22433","0","0","0","872800","178270","575","34792","288000","115200","1108","3530274","1108","224746","0","1336227","96","0","32000","16647","3034","210642","0","4480","13186","314","1094936","32","19681","19681","96","204607","30407","128","119","696232","483","160"
"r2","weapon","B","control","5700","21600","32","32","0","32","32","204099","0","128","9249","743987","144","0","1806","31966422","735","0","65","0","354","0","3708364","192240","12816","12018","627","10185566","0","627","24172","0","0","0","976369","193468","595","33606","230400","288000","1169","3875690","1169","237094","0","1473240","96","0","32000","18082","3628","251035","2","4480","13406","317","1187929","32","21710","21710","96","222498","32995","128","121","762613","504","160"
"r2","weapon","B","control","6000","21600","32","32","0","32","32","220268","0","128","9262","820177","149","0","1976","34473543","756","0","67","0","361","0","4061402","209040","13936","12590","660","11130347","0","660","25794","0","0","0","1073162","208760","609","33074","96000","192000","1230","4235604","1230","258690","0","1574671","96","0","32000","19484","3750","255719","4","4480","13527","319","1282921","32","23234","23234","96","243031","38422","128","122","817231","514","160"
"r2","weapon","B","control","6300","21600","32","32","0","32","32","238434","0","128","9272","898056","157","0","2147","37347974","786","0","69","0","375","0","4429351","228240","15216","13044","690","12100613","0","690","27649","0","0","0","1178105","229812","633","32110","230400","96000","1259","4609974","1259","280938","0","1677184","96","0","32000","21399","3358","227228","4","4480","13666","324","1411309","32","24757","24757","96","265935","42504","128","122","903083","534","160"
"r2","weapon","B","control","6600","21600","32","32","0","32","32","257576","0","128","9307","979806","162","0","2335","40261549","806","0","72","0","381","0","4814009","249555","16637","13854","730","13080073","0","730","29324","0","0","0","1283568","246360","647","31440","288000","268800","1320","5000412","1320","305124","0","1814900","96","0","32000","22934","3885","264184","6","4480","13824","328","1513365","32","26819","26819","96","285141","47548","128","123","960451","544","160"
"r2","weapon","B","control","6900","21600","32","32","0","32","32","267767","0","128","9258","1068169","166","0","2525","42795890","833","0","75","0","391","0","5213547","266625","17775","14832","771","14094522","0","771","30882","0","0","0","1386651","263442","664","30562","96000","268800","1382","5405712","1382","319288","0","1917606","96","0","32000","24556","3804","259968","2","4480","13886","328","1617084","32","28360","28360","96","311236","51521","128","125","1027114","559","160"
"r2","weapon","B","control","7200","21600","32","32","0","32","32","284489","0","128","9298","1157596","171","0","2715","45737283","856","0","77","0","400","0","5627996","287550","19170","15114","792","15154308","0","792","32656","0","0","0","1507575","281236","680","30054","153600","96000","1411","5825755","1411","341284","0","2023278","96","0","32000","26149","3758","252287","2","4480","14017","333","1727045","32","29907","29907","128","330643","56795","128","125","1099064","572","160"
"r2","weapon","B","control","7500","21600","32","32","0","32","32","314503","0","128","9329","1248449","172","0","2905","48504732","879","0","80","0","413","0","6059154","308640","20576","16330","844","16224946","0","844","34150","0","0","0","1627600","301496","697","29634","288000","192000","1472","6262050","1472","379849","0","2175039","96","0","32000","27911","4219","283738","2","4480","14151","335","1853105","32","32130","32130","128","354855","65346","128","125","1156597","591","160"
"r2","weapon","B","control","7800","21600","32","31","1","31","31","309452","0","124","9015","1340752","174","0","3095","50289134","880","0","81","0","410","0","6301174","324030","21602","16038","839","16827724","0","839","34777","0","0","0","1697622","312894","696","29098","148800","279000","1484","6502677","1484","376678","0","2224748","93","0","31000","28996","3839","260463","4","4340","13850","329","1921587","31","32835","32835","124","381283","67226","124","122","1206324","583","155"
"r2","weapon","B","control","8100","21600","32","31","1","31","31","327290","0","124","9006","1438237","175","0","3285","53259647","889","0","82","0","416","0","6747844","344925","22995","16412","862","17941070","0","862","36488","0","0","0","1814530","328746","704","28730","93000","111600","1513","6953174","1513","399591","0","2336141","93","0","31000","30481","3966","273647","1","4340","13997","335","2019611","31","34447","34447","124","399570","72301","124","122","1263333","590","155"
"r2","weapon","B","control","8400","21600","32","31","1","31","31","349060","0","124","8975","1536688","183","0","3475","56189510","915","0","84","0","426","0","7210684","365280","24352","17302","903","19077738","0","903","38164","0","0","0","1928306","350340","724","28342","279000","111600","1573","7419674","1573","428304","0","2484750","93","0","31000","32372","4269","291936","1","4340","14059","336","2152675","31","36641","36641","124","426801","79244","124","122","1337709","601","155"
"r2","weapon","B","control","8700","21600","32","31","1","31","31","357402","0","124","9020","1641690","189","0","3665","59447220","932","0","84","0","430","0","7687983","389145","25943","17548","920","20231803","0","920","39963","0","0","0","2049701","368228","734","27738","223200","279000","1633","7900571","1633","439203","0","2595141","93","0","31000","34053","4233","289464","5","4340","14215","338","2262751","31","38286","38286","124","448622","81801","124","122","1417852","609","155"
"r2","weapon","B","control","9000","21600","32","31","1","31","31","376844","0","124","9035","1749651","193","0","3855","62417245","945","0","85","0","437","0","8180132","410250","27350","18006","948","21392658","0","948","41638","0","0","0","2163902","385916","746","27486","93000","186000","1663","8396010","1663","465869","0","2706695","93","0","31000","35632","4287","289702","0","4340","14331","342","2373372","31","39919","39919","155","474773","89025","124","123","1476351","617","155"
"r2","weapon","B","control","9300","21600","32","31","1","31","31","390940","0","124","9056","1858579","198","0","4045","65762891","970","0","86","0","448","0","8688990","434190","28946","18314","967","22623318","0","967","43531","0","0","0","2286768","408978","763","26872","223200","93000","1725","8907930","1725","484810","0","2868548","93","0","31000","37758","4524","308393","2","4340","14448","345","2513096","31","42282","42282","155","504211","93870","124","124","1571134","633","155"
"r2","weapon","B","control","9600","21600","32","31","1","31","31","411748","0","124","9128","1970153","203","0","4235","69098197","988","0","86","0","458","0","9212464","460050","30670","19066","1003","23869609","0","1003","45235","0","0","0","2412721","427674","778","26410","279000","260400","1785","9434381","1785","512178","0","2985706","93","0","31000","39442","4595","313588","3","4340","14603","351","2629360","31","44037","44037","155","523707","100430","124","124","1636233","645","155"
"r2","weapon","B","control","9900","21600","32","31","1","31","31","422026","0","124","9155","2084361","205","0","4425","72027903","996","0","86","0","463","0","9750634","480840","32056","19280","1014","25131245","0","1014","46913","0","0","0","2524385","447838","785","25712","93000","260400","1814","9974991","1814","527470","0","3101269","93","0","31000","41319","4457","302928","0","4340","14695","353","2752451","31","45776","45776","155","555956","105444","124","124","1714915","650","155"
"r2","weapon","B","control","10200","21600","32","31","1","31","31","436715","0","124","9191","2202776","213","0","4615","75640003","1018","0","86","0","472","0","10299848","505755","33717","19462","1026","26456929","0","1026","49007","0","0","0","2656684","467874","802","25236","148800","93000","1839","10526627","1839","548366","0","3265197","93","0","31000","43159","5005","339646","2","4340","14768","354","2875865","31","48164","48164","155","579753","111651","124","124","1797432","662","155"
"r2","weapon","B","control","10500","21600","32","31","1","31","31","462179","0","124","9196","2326835","216","0","4805","79007549","1032","0","88","0","477","0","10850463","530715","35381","19840","1045","27770638","0","1045","50863","0","0","0","2778109","488452","812","24970","279000","186000","1842","11078785","1842","583949","0","3385388","93","0","31000","44992","4948","337809","4","4340","14778","356","3004056","31","49940","49940","155","604123","121770","124","124","1859507","670","155"
"r2","weapon","B","control","10800","21600","32","31","1","31","31","466352","0","124","9163","2452043","220","0","5004","82515480","1054","0","91","0","486","0","11401742","555330","37022","19880","1048","29115521","0","1048","52842","0","0","0","2900761","511310","828","24452","148800","279000","1843","11631565","1843","590917","0","3506178","93","0","31000","47135","4576","311732","2","4340","14874","355","3142498","31","51711","51711","186","637328","124565","124","124","1966201","682","155"
"r2","weapon","B","control","11100","21600","32","31","1","31","31","485081","0","124","9149","2578538","224","0","5211","86057906","1073","0","95","0","491","0","11953560","580140","38676","19982","1056","30910447","0","1056","54863","0","0","0","3110484","533324","841","24080","93000","111600","1845","12184885","1845","618934","0","3845265","93","0","31000","49223","7524","514133","8","4340","14903","356","3279364","62","56747","56747","186","663996","133853","124","124","2048202","690","155"
"r2","weapon","B","control","11400","21600","32","30","2","30","30","497821","0","120","8947","2670106","222","0","5425","88178672","1065","0","96","0","482","0","12099113","594525","39635","19654","1046","31996138","0","1046","55904","0","0","0","3251197","554372","830","23098","270000","108000","1787","12328661","1787","644471","0","3989432","90","0","30000","51248","7681","523470","1","4200","14661","351","3409051","60","58929","58929","180","715517","146650","120","120","2105974","680","150"
"r2","weapon","B","control","11700","21600","32","29","3","29","29","481832","0","116","8660","2784171","216","0","5645","90308789","1052","0","97","0","477","0","12209505","604320","40288","18930","1018","33071620","0","1018","57350","0","0","0","3389388","573394","819","21580","208800","261000","1727","12432262","1727","633201","0","4103397","87","0","29000","53092","7497","512355","9","4060","14376","345","3526090","58","60589","60589","174","758236","151369","116","116","2199605","672","145"
"r2","weapon","B","control","12000","21600","32","29","3","29","29","507122","0","116","8647","2913022","219","0","5865","94705922","1073","0","97","0","489","0","12727722","625920","41728","19196","1038","35291581","0","1038","60669","0","0","0","3637487","607980","834","20622","87000","174000","1729","12951071","1729","674001","0","4424402","87","0","29000","56295","9102","617702","6","4060","14393","347","3741844","58","65397","65397","174","812599","166879","116","116","2320100","688","145"
"r2","weapon","B","control","12300","21600","32","29","3","29","29","525757","0","116","8639","3044458","221","0","6085","99378828","1089","0","97","0","501","0","13246479","648525","43235","19224","1040","37610482","0","1040","64193","0","0","0","3904979","655300","848","19502","208800","87000","1731","13469989","1731","703825","0","4667929","87","0","29000","60731","8268","564059","5","4060","14452","347","4027287","58","68999","68999","174","878528","178068","116","116","2521517","702","145"
"r2","weapon","B","control","12600","21600","32","29","3","29","29","550188","0","116","8649","3176760","223","0","6305","104002311","1108","0","97","0","515","0","13765958","674145","44943","19260","1041","39979263","0","1041","67415","0","0","0","4161315","690454","864","18882","261000","243600","1732","13989469","1732","739737","0","4907374","87","0","29000","64102","8463","589391","3","4060","14535","348","4242520","58","72565","72565","203","926364","189549","116","116","2651882","719","145"
"r2","weapon","B","control","12900","21600","32","29","3","29","29","564734","0","116","8607","3310233","227","0","6533","108317276","1120","0","98","0","520","0","14285976","694140","46276","19300","1044","42461885","0","1044","70804","0","0","0","4397824","731422","874","17570","87000","243600","1734","14509489","1734","764904","0","5250836","87","0","29000","67821","9800","671105","3","4060","14489","345","4495837","58","77621","77621","203","997919","200170","116","116","2816908","726","145"
"r2","weapon","B","control","13200","21600","32","27","5","27","27","547202","0","108","8026","3209650","219","0","6480","106401566","1063","0","93","0","493","0","13776984","678720","45248","18190","994","41792929","0","994","69586","0","0","0","4383514","723856","832","16204","129600","81000","1616","13992825","1616","752604","0","5133439","81","0","27000","67054","8910","599521","6","3780","13611","326","4450521","54","75964","75964","189","989853","205402","108","108","2791461","688","135"
"r2","weapon","B","control","13500","21600","32","26","6","26","26","554177","0","104","7726","3200380","209","0","6700","106705440","1037","0","90","0","486","0","13729218","680385","45359","17400","957","42103644","0","957","69570","0","0","0","4423847","737314","811","15742","234000","156000","1557","13941798","1557","776650","0","5184205","78","0","26000","68216","8356","576211","6","3640","13115","315","4535276","52","76572","76572","182","1021061","222473","104","104","2810283","680","130"
"r2","weapon","B","control","13800","21600","32","25","7","25","25","529461","0","100","7396","3194527","204","0","6920","107445667","1014","0","87","0","480","0","13645991","679785","45319","16818","923","42730135","0","923","70353","0","0","0","4476725","752554","796","14734","120000","225000","1499","13852327","1499","757490","0","5289684","75","0","25000","69663","8487","580696","5","3500","12687","305","4624216","50","78150","78150","175","1080550","228029","100","100","2870948","670","125"
"r2","weapon","B","control","14100","21600","32","25","7","25","25","551015","0","100","7417","3314314","205","0","7140","111710539","1021","0","87","0","485","0","14095930","701955","46797","16862","926","45088086","0","926","73488","0","0","0","4706562","784712","802","14386","75000","90000","1500","14302267","1500","794492","0","5509829","75","0","25000","72668","8760","602236","7","3500","12725","306","4823361","50","81428","81428","175","1120798","243477","100","100","2992303","676","125"
"r2","weapon","B","control","14400","21600","32","25","7","25","25","580079","0","100","7331","3434820","208","0","7366","115661823","1042","0","89","0","494","0","14545930","721020","48068","16926","931","47460556","0","931","76444","0","0","0","4921696","826380","816","13660","225000","90000","1500","14752267","1500","839192","0","5732175","75","0","25000","76308","8362","567080","0","3500","12641","302","5079470","50","84670","84670","200","1186852","259113","100","100","3139051","688","125"
"r2","weapon","B","control","14700","21600","32","24","8","24","24","560724","0","96","7084","3467155","202","0","7266","114846821","1012","0","88","0","477","0","14391185","707025","47135","16068","893","47679054","0","893","76524","0","0","0","4930436","825826","791","12808","172800","216000","1440","14593597","1440","817330","0","5775435","72","0","24000","76288","9129","613014","4","3360","12175","291","5076299","48","85417","85417","192","1180468","256606","96","96","3164623","666","120"
"r2","weapon","B","control","15000","21600","32","22","10","22","22","526528","0","88","6587","3366459","185","0","7052","111444683","947","0","80","0","452","0","13578055","692025","46135","14712","821","45892490","0","821","73447","0","0","0","4795484","796650","739","12206","66000","132000","1320","13764449","1320","784747","0","5559272","66","0","22000","73562","8661","582939","3","3080","11419","272","4898923","44","82223","82223","176","1140518","258219","88","88","3051068","632","110"
"r2","weapon","B","control","15300","21600","32","21","11","21","21","500547","0","84","6287","3379184","182","0","7128","110110259","917","0","76","0","437","0","13333310","677220","45148","13850","782","45634145","0","782","73346","0","0","0","4762022","800702","716","11340","151200","63000","1260","13516826","1260","767156","0","5494818","63","0","21000","73894","7389","494634","4","2940","10993","262","4919829","42","81283","81283","168","1171301","266609","84","84","3061727","608","105"
"r2","weapon","B","control","15600","21600","32","21","11","21","21","522884","0","84","6288","3491878","183","0","7328","113889099","931","0","76","0","445","0","13711310","697530","46502","13984","787","47841427","0","787","75973","0","0","0","4969121","831754","725","10922","189000","176400","1260","13894826","1260","803024","0","5765237","63","0","21000","76775","8434","578789","1","2940","11025","263","5111983","42","85209","85209","168","1211936","280140","84","84","3171488","621","105"
"r2","weapon","B","control","15900","21600","32","20","12","20","20","512094","0","80","5983","3445887","179","0","7150","112642971","905","0","73","0","429","0","13412565","688155","45877","13574","762","47697096","0","762","74882","0","0","0","4958052","827122","701","10436","60000","168000","1200","13586510","1200","784395","0","5699979","60","0","20000","76312","7942","538691","0","2800","10539","252","5082873","40","84254","84254","160","1233426","272301","80","80","3143467","601","100"
"r2","weapon","B","control","16200","21600","32","20","12","20","20","525223","0","80","5993","3553960","180","0","7340","116551825","914","0","73","0","435","0","13772565","707310","47154","13574","762","49907088","0","762","77909","0","0","0","5157604","859052","708","9730","96000","60000","1200","13946510","1200","808367","0","5890208","60","0","20000","79210","7834","526997","7","2800","10606","254","5279881","40","87044","87044","180","1272723","283144","80","80","3282121","609","100"
"r2","weapon","B","control","16500","21600","32","19","13","19","19","514524","0","76","5698","3485685","170","0","7331","113201907","877","0","70","0","417","0","13419820","674055","44937","12740","723","48912369","0","723","76259","0","0","0","5096217","843212","676","9302","171000","114000","1140","13589599","1140","809887","0","5817883","57","0","19000","77640","8346","562721","1","2660","10020","240","5185221","38","85986","85986","171","1255744","295363","76","76","3189531","587","95"
"r2","weapon","B","control","16800","21600","32","19","13","19","19","518825","0","76","5696","3591009","172","0","7511","116628809","892","0","71","0","424","0","13761820","690975","46065","12740","723","51101352","0","723","78675","0","0","0","5293663","879044","686","8396","91200","171000","1140","13931599","1140","819585","0","6007416","57","0","19000","81056","7724","524354","2","2660","10085","241","5401242","38","88780","88780","171","1316000","300760","76","76","3347477","597","95"
"r2","weapon","B","control","17100","21600","32","18","14","18","18","510918","0","72","5394","3493811","164","0","7213","114563890","859","0","68","0","407","0","13355075","680595","45373","12048","691","50526468","0","691","76823","0","0","0","5225008","860396","657","8100","54000","64800","1080","13517125","1080","804134","0","5878138","54","0","18000","79390","7535","511523","5","2520","9624","229","5287116","36","86925","86925","162","1280938","293216","72","72","3281543","576","90"
"r2","weapon","B","control","17400","21600","32","17","15","17","17","511866","0","68","5098","3414341","155","0","6836","111968867","824","0","65","0","392","0","12912330","668055","44537","11328","653","49720311","0","653","75100","0","0","0","5146148","848618","629","7506","153000","61200","1020","13068126","1020","801745","0","5799448","51","0","17000","78138","7648","512061","0","2380","9153","218","5215891","34","85786","85786","153","1252991","289879","68","68","3232651","557","85"
"r2","weapon","B","control","17700","21600","32","16","16","16","16","499901","0","64","4794","3238813","148","0","6513","107688810","779","0","61","0","371","0","12433585","633855","42257","10878","624","48453041","0","624","72696","0","0","0","5051887","821334","596","6904","115200","144000","960","12580367","960","772210","0","5594936","48","0","16000","75653","7094","476055","3","2240","8618","205","5048183","32","82747","82747","144","1200968","272309","64","64","3145703","528","80"
"r2","weapon","B","control","18000","21600","32","16","16","16","16","513060","0","64","4796","3331234","151","0","6663","110574180","787","0","62","0","372","0","12721585","648180","43212","10914","627","50419555","0","627","74888","0","0","0","5217474","845132","601","6636","48000","96000","960","12868367","960","798857","0","5751767","48","0","16000","77848","7237","482839","0","2240","8616","205","5196126","32","85085","85085","160","1244539","285797","64","64","3225532","530","80"
"r2","weapon","B","control","18300","21600","32","14","18","14","14","454645","0","56","4198","3030880","135","0","6030","99863436","702","0","56","0","329","0","11368455","584595","38973","9794","558","45693618","0","558","67416","0","0","0","4742972","772966","534","5934","100800","42000","840","11500155","840","715165","0","5247992","42","0","14000","71145","6503","429748","4","1960","7632","181","4749827","28","77648","77648","140","1172227","260520","56","56","2930852","466","70"
"r2","weapon","B","control","18600","21600","32","14","18","14","14","470591","0","56","4190","3113158","136","0","6160","102739639","706","0","56","0","332","0","11620455","599955","39997","9824","560","47465064","0","560","69428","0","0","0","4888742","796090","538","5696","126000","117600","840","11752155","840","740223","0","5396916","42","0","14000","73322","6484","441214","1","1960","7657","183","4891941","28","79806","79806","140","1202467","269632","56","56","3013012","469","70"
"r2","weapon","B","control","18900","21600","32","12","20","12","12","387289","0","48","3598","2828532","115","0","5770","88404357","614","0","51","0","285","0","10158965","511230","34082","8128","476","41011452","0","476","60328","0","0","0","4143977","699870","463","5342","36000","100800","720","10276546","720","626474","0","4717050","36","0","12000","64493","5335","355656","0","1680","6572","156","4299546","24","69828","69828","120","1153576","239185","48","48","2581344","404","60"
"r2","weapon","B","control","19200","21600","32","12","20","12","12","394249","0","48","3600","2901503","118","0","5890","90833494","621","0","51","0","287","0","10374965","523530","34902","8140","477","42595189","0","477","62134","0","0","0","4280014","721368","468","4948","57600","36000","720","10492546","720","641473","0","4889913","36","0","12000","66404","5926","393175","5","1680","6576","158","4432845","24","72330","72330","120","1186029","247224","48","48","2669236","406","60"
"r2","weapon","B","control","19500","21600","32","11","21","11","11","389454","0","44","3300","2734692","107","0","5418","85502667","578","0","45","0","268","0","9698220","489285","32619","7604","443","40615099","0","443","58476","0","0","0","4093883","679162","431","4756","99000","66000","660","9808271","660","623556","0","4593027","33","0","11000","62493","5452","364123","1","1540","5991","144","4174606","22","67945","67945","110","1087331","234102","44","44","2518017","384","55"
"r2","weapon","B","control","19800","21600","32","10","22","10","10","350252","0","40","3000","2692358","104","0","5020","80795798","529","0","43","0","241","0","8987815","466185","31079","7122","411","38627834","0","411","54900","0","0","0","3883420","642450","398","4244","48000","90000","600","9085653","600","573030","0","4307170","30","0","10000","59199","4535","306001","1","1400","5576","134","3945209","20","63734","63734","110","1038095","222778","40","40","2390044","341","50"
"r2","weapon","B","control","20100","21600","32","10","22","10","10","358557","0","40","2998","2758469","105","0","5120","82819037","535","0","43","0","243","0","9167815","476715","31781","7202","418","40036106","0","418","56315","0","0","0","3999145","657902","401","4090","30000","36000","600","9265653","600","590118","0","4452648","30","0","10000","60625","5293","355824","3","1400","5575","134","4041679","20","65918","65918","110","1063301","231561","40","40","2443405","345","50"
"r2","weapon","B","control","20400","21600","32","9","23","9","9","342319","0","36","2694","2490722","93","0","4611","75531087","480","0","37","0","223","0","8401032","429735","28649","7010","405","36477865","0","405","51515","0","0","0","3740338","608624","362","3708","81000","32400","539","8490177","539","550063","0","4084480","27","0","9000","55960","4492","297917","0","1260","4987","120","3739924","18","60452","60452","99","991474","207744","36","36","2245026","315","45"
"r2","weapon","B","control","20700","21600","32","9","23","9","9","346372","0","36","2700","2549310","93","0","4701","77501105","487","0","37","0","228","0","8562911","439755","29317","7010","405","37738533","0","405","52890","0","0","0","3855046","625888","367","3522","64800","81000","540","8652057","540","557134","0","4181586","27","0","9000","57559","4359","288681","3","1260","5019","120","3845645","18","61918","61918","99","1016237","210762","36","36","2319534","322","45"
"r2","weapon","B","control","21000","21600","32","9","23","9","9","352099","0","36","2700","2608764","95","0","4791","79215937","489","0","37","0","228","0","8724911","448740","29916","7034","407","39018729","0","407","54122","0","0","0","3952873","640086","369","3368","27000","54000","540","8814057","540","570929","0","4314967","27","0","9000","58902","4980","331749","0","1260","5013","120","3933639","18","63882","63882","99","1046839","218830","36","36","2365450","322","45"
"r2","weapon","B","control","21300","21600","32","7","25","7","7","240040","0","28","2100","2231146","77","0","4033","60354834","377","0","33","0","169","0","6886325","330285","22019","4516","285","29956306","0","285","42287","0","0","0","2971192","505562","286","2956","50400","21000","420","6958579","420","437373","0","3364843","21","0","7000","46556","3348","223824","2","980","3837","92","3103940","14","49904","49904","77","927339","197333","28","28","1776307","234","35"
"r2","weapon","B","control","21600","21600","32","6","26","6","6","184281","0","24","1798","2054775","63","0","3595","54470421","332","0","32","0","148","0","5993940","295635","19709","3500","225","27915061","0","225","37942","0","0","0","2642471","445220","249","2920","54000","50400","360","6055943","360","366634","0","2974194","18","0","6000","41012","3088","206480","0","840","3366","82","2733867","12","44100","44100","72","842770","182353","24","24","1558310","211","30"
"r2","weapon","C","control","0","21600","32","32","0","32","32","0","0","128","2880","0","0","0","0","0","0","0","0","0","0","0","0","0","0","0","0","0","0","0","0","0","0","0","0","0","32","57600","192000","192000","192","0","192","0","0","0","96","0","32000","0","0","0","0","4480","2880","64","0","32","0","0","0","0","0","128","32","0","32","160"
"r2","weapon","C","control","300","21600","32","32","0","32","32","1236","0","128","2866","0","1","0","0","202295","5","0","0","0","2","0","51808","0","0","154","11","97395","0","11","86","0","0","0","1740","556","35","56680","230400","96000","224","61440","224","1236","0","43442","96","0","32000","61","579","38608","20","4480","3094","64","3473","32","640","640","0","1899","0","128","33","1699","36","160"
"r2","weapon","C","control","600","21600","32","32","0","32","32","5863","0","128","2830","765","19","0","11","623427","85","0","10","0","34","0","116979","960","64","452","33","294813","0","33","547","0","0","0","15900","2528","95","53862","288000","268800","278","138410","292","5949","0","76018","96","0","32000","272","848","56487","24","4480","3364","64","15812","32","1120","1120","0","6483","86","128","55","7099","80","160"
"r2","weapon","C","control","900","21600","32","32","0","32","32","11018","0","128","2653","2358","23","0","41","1237874","125","8","12","0","63","0","192128","1605","107","1106","69","529230","0","69","1345","0","0","0","24828","5730","130","51230","96000","268800","332","235062","344","11578","0","108996","96","0","32000","597","1003","65932","19","4480","3491","65","35807","32","1600","1600","0","11936","560","128","67","19550","114","160"
"r2","weapon","C","control","1200","21600","32","32","0","32","32","17609","0","128","2683","6348","34","0","78","2140646","190","37","18","0","90","0","281385","3615","241","1728","104","789499","0","104","2571","0","0","0","39330","10720","174","50068","153600","96000","383","352404","415","18992","0","152851","96","0","32000","1072","1181","76067","8","4480","3850","86","66960","32","2253","2253","0","18223","1383","128","81","39569","155","160"
"r2","weapon","C","control","1500","21600","32","32","0","32","32","24601","0","128","3259","13881","43","0","118","3164885","242","74","19","0","123","0","383791","8640","576","2572","141","1066649","0","141","3648","0","0","0","54114","15826","217","48880","288000","192000","448","487810","486","27023","0","189235","96","0","32000","1581","1221","81240","17","4480","4735","102","97574","32","2802","2802","0","24380","2422","128","92","56592","194","160"
"r2","weapon","C","control","1800","21600","32","32","0","32","32","29451","0","128","3864","23773","52","0","160","4266624","283","117","24","0","143","0","498936","14235","949","3180","167","1370181","0","167","4833","0","0","0","71622","22334","251","47368","153600","288000","455","639338","518","32660","0","230126","96","0","32000","2219","1188","79568","4","4480","5619","123","137074","32","3407","3407","32","31674","3209","128","100","86224","217","160"
"r2","weapon","C","control","2100","21600","32","32","0","32","32","41590","0","128","4839","36795","58","0","222","5402813","334","156","31","0","166","0","619874","21945","1463","4004","205","1726261","0","205","6012","0","0","0","95384","29118","287","46450","96000","115200","503","809503","593","46128","0","300077","96","0","32000","2835","1607","108882","12","4480","6723","151","179295","32","4442","4442","32","37526","4538","128","104","107541","249","160"
"r2","weapon","C","control","2400","21600","32","32","0","32","32","54358","0","128","5867","49370","71","0","297","6630702","380","213","38","0","183","0","747103","30210","2014","5478","275","2115530","0","275","7141","0","0","0","119639","38346","324","45922","288000","115200","548","998814","669","61265","0","360978","96","0","32000","3702","1607","112121","5","4480","8054","188","235046","32","5309","5309","32","46730","6907","128","107","140862","272","160"
"r2","weapon","C","control","2700","21600","32","32","0","32","32","60087","0","128","7003","61965","78","0","395","7950628","415","289","39","0","201","0","876214","39885","2659","6786","333","2564221","0","333","8535","0","0","0","150376","47402","350","44022","230400","288000","582","1207940","724","71421","0","424363","96","0","32000","4525","1747","117089","7","4480","9330","219","291370","32","6272","6272","32","56400","11334","128","109","179453","298","160"
"r2","weapon","C","control","3000","21600","32","32","0","32","32","70704","0","128","7554","76817","85","0","499","9275492","446","386","44","0","217","0","1015103","49080","3272","8198","401","3062434","0","401","9764","0","0","0","188744","57350","378","43326","96000","192000","609","1437817","789","85953","0","521102","96","0","32000","5473","2205","152783","6","4480","10128","239","353028","32","7678","7678","32","66140","15249","128","115","216226","316","160"
"r2","weapon","C","control","3300","21600","32","32","0","32","32","78287","0","128","7966","92790","93","0","609","10876123","479","491","46","0","234","0","1160358","60270","4018","9866","487","3610012","0","487","11371","0","0","0","232263","69808","405","42206","230400","96000","649","1686092","863","98590","0","597111","96","0","32000","6629","2150","148927","4","4480","10746","254","428621","32","8779","8779","32","78051","20303","128","118","271543","337","160"
"r2","weapon","C","control","3600","21600","32","32","0","32","32","88470","0","128","8218","110719","99","0","734","12464229","509","593","48","0","251","0","1306493","72840","4856","11416","562","4192738","0","562","12995","0","0","0","275576","80126","430","41138","288000","268800","646","1952888","911","115025","0","673351","96","0","32000","7592","2317","160033","14","4480","11051","261","492537","32","9909","9909","64","89474","26555","128","118","308819","357","160"
"r2","weapon","C","control","3900","21600","32","32","0","32","32","96067","0","128","8306","128708","105","0","857","14066522","544","714","49","0","267","0","1468629","83160","5544","14202","699","4824620","0","699","14599","0","0","0","323444","94568","453","40222","96000","268800","716","2240915","987","129248","0","786657","96","0","32000","8938","2655","186548","1","4480","11360","267","580637","32","11593","11593","64","104821","33181","128","118","366040","379","160"
"r2","weapon","C","control","4200","21600","32","32","0","32","32","109991","0","128","8496","145346","113","0","980","15910028","572","832","53","0","276","0","1638019","96870","6458","15940","782","5501967","0","782","16544","0","0","0","376704","108540","474","38968","153600","96000","779","2546234","1052","150564","0","873963","96","0","32000","10176","2693","185132","14","4480","11537","273","667444","32","12869","12869","64","117100","40573","128","118","421167","392","160"
"r2","weapon","C","control","4500","21600","32","32","0","32","32","126312","0","128","8542","162989","118","0","1103","17760702","601","958","57","0","290","0","1818411","110685","7379","18822","921","6181892","0","921","18429","0","0","0","432580","122138","497","37978","288000","192000","786","2868435","1093","174979","0","960411","96","0","32000","11413","2739","188297","10","4480","11687","278","751684","32","14152","14152","64","131516","48667","128","120","465619","410","160"
"r2","weapon","C","control","4800","21600","32","32","0","32","32","130860","0","128","8502","181605","123","0","1245","19831673","628","1092","61","0","303","0","2004223","122895","8193","20724","1008","6915567","0","1008","20620","0","0","0","489551","138392","519","36602","153600","288000","776","3209409","1157","188809","0","1077625","96","0","32000","12964","2934","199714","3","4480","11852","279","850475","32","15898","15898","64","151071","57949","128","120","538031","426","160"
"r2","weapon","C","control","5100","21600","32","32","0","32","32","142562","0","128","8627","199959","125","0","1409","21648737","650","1218","64","0","315","0","2175411","136515","9101","22558","1111","7653449","0","1111","22491","0","0","0","542751","152332","536","36110","96000","115200","775","3568436","1236","212485","0","1165251","96","0","32000","14253","2942","201736","8","4480","12035","286","936446","32","17195","17195","64","165162","69923","128","121","585868","441","160"
"r2","weapon","C","control","5400","21600","32","32","0","32","32","157469","0","128","8657","219442","133","0","1569","23405564","673","1376","64","0","328","0","2350931","148740","9916","25654","1262","8372293","0","1262","24330","0","0","0","593268","169582","557","35580","288000","115200","818","3946822","1279","241081","0","1250533","96","0","32000","15809","2682","181905","0","4480","12244","289","1042521","32","18491","18491","96","183589","83612","128","121","643958","456","160"
"r2","weapon","C","control","5700","21600","32","32","0","32","32","163957","0","128","8715","240229","136","0","1730","25614888","694","1539","65","0","339","0","2545320","164835","10989","28392","1383","9149216","0","1383","26490","0","0","0","652354","184646","572","34486","230400","288000","869","4343688","1341","260119","0","1380386","96","0","32000","17190","3221","216482","4","4480","12459","294","1135579","32","20411","20411","96","199291","96162","128","122","704494","472","160"
"r2","weapon","C","control","6000","21600","32","32","0","32","32","174856","0","128","8701","261829","144","0","1891","27528191","720","1687","65","0","349","0","2741251","178725","11915","30698","1510","9940514","0","1510","28582","0","0","0","704986","198966","590","34056","96000","192000","933","4757163","1418","285114","0","1475755","96","0","32000","18534","3311","225795","2","4480","12498","295","1223812","32","21845","21845","96","213598","110258","128","123","751248","486","160"
"r2","weapon","C","control","6300","21600","32","32","0","32","32","188230","0","128","8685","284171","149","0","2047","29766489","744","1847","66","0","361","0","2951450","193635","12909","33114","1639","10763514","0","1639","30855","0","0","0","764099","219114","608","33122","230400","96000","929","5187646","1445","312757","0","1573195","96","0","32000","20368","2918","198256","3","4480","12627","302","1346302","32","23286","23286","96","233521","124527","128","124","828661","503","160"
"r2","weapon","C","control","6600","21600","32","32","0","32","32","200152","0","128","8712","303712","155","0","2222","32011779","763","2005","69","0","367","0","3156425","211920","14128","35332","1757","11600330","0","1757","33013","0","0","0","821378","233762","623","32496","288000","268800","898","5632718","1502","339501","0","1705130","96","0","32000","21733","3506","239713","4","4480","12662","301","1436775","32","25239","25239","96","247853","139349","128","125","878063","513","160"
"r2","weapon","C","control","6900","21600","32","32","0","32","32","206983","0","128","8603","325146","159","0","2393","34039393","781","2170","69","0","376","0","3367242","225390","15026","38846","1927","12445165","0","1927","35121","0","0","0","875655","251956","636","31620","96000","268800","938","6093245","1564","363476","0","1801107","96","0","32000","23418","3268","225880","2","4480","12825","304","1547850","32","26686","26686","96","270209","156493","128","125","941542","526","160"
"r2","weapon","C","control","7200","21600","32","32","0","32","32","217819","0","128","8679","346834","163","0","2563","36262091","804","2341","70","0","388","0","3579916","243135","16209","41107","2058","13323270","0","2058","37486","0","0","0","938477","268000","653","31074","153600","96000","965","6567347","1588","388855","0","1898751","96","0","32000","24858","3273","219919","3","4480","12838","304","1647069","32","28131","28131","128","284695","171036","128","126","1005282","541","160"
"r2","weapon","C","control","7500","21600","32","32","0","32","32","235322","0","128","8688","369345","167","0","2733","38411256","829","2509","70","0","401","0","3803848","260805","17387","43699","2188","14216546","0","2188","39623","0","0","0","1000487","285782","670","30654","288000","192000","985","7052221","1631","422992","0","2041800","96","0","32000","26450","3773","257848","1","4480","12839","305","1756969","32","30223","30223","128","301847","187670","128","126","1059113","559","160"
"r2","weapon","C","control","7800","21600","32","31","1","31","31","228033","0","124","8332","389561","170","0","2902","39671471","822","2681","72","0","391","0","3834507","272325","18155","46225","2319","14640105","0","2319","40997","0","0","0","1013537","296480","664","30106","148800","279000","1026","7338761","1629","431759","0","2084693","93","0","31000","27416","3408","230793","3","4340","12615","299","1822221","31","30824","30824","124","319807","203726","124","123","1102334","543","155"
"r2","weapon","C","control","8100","21600","32","31","1","31","31","239406","0","124","8383","414148","174","0","3068","41898932","834","2847","73","0","397","0","4057788","289620","19308","48369","2440","15558097","0","2440","43228","0","0","0","1067593","312426","675","29716","93000","111600","993","7830299","1647","460043","0","2187917","93","0","31000","28940","3388","235228","1","4340","12743","303","1920716","31","32328","32328","124","333181","220637","124","123","1159465","550","155"
"r2","weapon","C","control","8400","21600","32","31","1","31","31","252227","0","124","8271","439527","178","0","3233","44116670","856","3008","74","0","409","0","4291545","305910","20394","51998","2628","16495487","0","2628","45336","0","0","0","1123822","331840","692","29178","279000","111600","1035","8331150","1677","493692","0","2327638","93","0","31000","30673","3711","254726","1","4340","12866","307","2040045","31","34384","34384","124","354185","241465","124","123","1225035","566","155"
"r2","weapon","C","control","8700","21600","32","31","1","31","31","257984","0","124","8384","466064","181","0","3387","46503125","869","3157","75","0","415","0","4524704","326565","21771","54382","2738","17458184","0","2738","47671","0","0","0","1187643","349614","702","28482","223200","279000","1037","8839815","1712","515540","0","2432315","93","0","31000","32276","3648","247944","5","4340","12877","306","2150106","31","35924","35924","124","369596","257556","124","123","1299235","572","155"
"r2","weapon","C","control","9000","21600","32","31","1","31","31","270249","0","124","8351","493683","187","0","3553","48770535","888","3319","76","0","423","0","4769386","343905","22927","57490","2904","18410730","0","2904","49838","0","0","0","1248647","365984","717","28260","93000","186000","1071","9356656","1732","546475","0","2535738","93","0","31000","33769","3680","250607","0","4340","13013","312","2252023","31","37449","37449","155","386700","276226","124","123","1351956","584","155"
"r2","weapon","C","control","9300","21600","32","31","1","31","31","280013","0","124","8340","522148","189","0","3705","51195786","910","3472","78","0","433","0","5021088","363690","24246","60866","3092","19430556","0","3092","52146","0","0","0","1315642","388248","731","27634","223200","93000","1128","9881435","1756","574369","0","2686455","93","0","31000","35795","3868","263680","2","4340","13042","311","2388131","31","39663","39663","155","409984","294356","124","123","1438422","600","155"
"r2","weapon","C","control","9600","21600","32","31","1","31","31","292435","0","124","8364","550971","191","0","3858","53741403","928","3625","79","0","445","0","5275496","385770","25718","63448","3236","20458984","0","3236","54507","0","0","0","1385939","404832","746","27282","279000","260400","1123","10413025","1787","604306","0","2795228","93","0","31000","37307","3993","271085","1","4340","12928","310","2491277","31","41300","41300","155","422911","311871","124","123","1496926","615","155"
"r2","weapon","C","control","9900","21600","32","30","2","30","30","294530","0","120","7904","579622","185","0","3857","54280186","907","3623","77","0","438","0","5418228","390330","26022","63906","3282","20725437","0","3282","54443","0","0","0","1413163","410470","730","26272","90000","252000","1120","10603389","1738","610616","0","2809448","90","0","30000","37808","3679","251546","0","4200","12658","304","2525030","30","41487","41487","150","432006","316086","120","119","1515280","605","150"
"r2","weapon","C","control","10200","21600","32","30","2","30","30","303834","0","120","7980","610404","191","0","3993","56931776","922","3764","77","0","445","0","5689854","410115","27341","66855","3432","21774063","0","3432","57022","0","0","0","1485393","428668","743","25696","144000","90000","1153","11129364","1753","634320","0","2954208","90","0","30000","39460","4178","282055","2","4200","12673","306","2637042","30","43638","43638","150","447858","330486","120","119","1589975","612","150"
"r2","weapon","C","control","10500","21600","32","30","2","30","30","321942","0","120","7981","642290","194","0","4139","59338163","936","3899","77","0","452","0","5958039","430305","28687","69897","3592","22804789","0","3592","59309","0","0","0","1550232","447144","753","25422","270000","180000","1129","11655900","1759","674255","0","3062303","90","0","30000","41140","4093","278829","3","4200","12565","301","2751578","30","45233","45233","150","466929","352313","120","119","1642290","621","150"
"r2","weapon","C","control","10800","21600","32","30","2","30","30","325441","0","120","7912","671269","195","0","4295","61932559","952","4053","81","0","461","0","6228323","448500","29900","72919","3740","23851886","0","3740","61767","0","0","0","1613044","469282","767","24750","144000","270000","1102","12183655","1758","695955","0","3168113","90","0","30000","43163","3653","245046","3","4200","12749","305","2886649","30","46816","46816","180","492081","370514","120","119","1735031","630","150"
"r2","weapon","C","control","11100","21600","32","30","2","30","30","337305","0","120","7953","699788","199","0","4451","64590498","964","4200","83","0","465","0","6481706","468570","31238","75829","3908","25276133","0","3908","64306","0","0","0","1718138","488736","777","24456","90000","108000","1081","12712214","1761","726137","0","3473005","90","0","30000","45053","6291","429275","5","4200","12536","299","3006806","60","51344","51344","180","509630","388832","120","119","1807963","635","150"
"r2","weapon","C","control","11400","21600","32","29","3","29","29","336073","0","116","7649","690317","195","0","4625","65777387","952","4349","84","0","456","0","6317123","476310","31754","82461","4304","25920606","0","4304","66454","0","0","0","1738739","505114","764","23688","261000","104400","959","12829815","1702","760583","0","3589996","87","0","29000","46663","6427","437984","1","4060","12034","287","3107800","58","53090","53090","174","545771","424510","116","115","1845658","623","145"
"r2","weapon","C","control","11700","21600","32","28","4","28","28","316136","0","112","7407","700837","187","0","4795","66606679","939","4511","85","0","454","0","6099223","479265","31951","88009","4592","26512066","0","4592","69329","0","0","0","1734440","520070","754","21666","201600","252000","892","12908078","1641","771037","0","3672019","84","0","28000","48027","6257","425046","11","3920","11655","278","3201205","56","54284","54284","168","574709","454901","112","111","1901227","619","140"
"r2","weapon","C","control","12000","21600","32","28","4","28","28","326753","0","112","7268","725278","188","0","4962","69742966","952","4687","85","0","463","0","6292243","493680","32912","95286","5027","28204558","0","5027","73916","0","0","0","1833385","551312","764","20858","84000","168000","913","13401595","1643","820118","0","3953675","84","0","28000","50995","7463","513918","5","3920","11660","276","3393827","56","58458","58458","168","615694","493365","112","111","2003945","631","140"
"r2","weapon","C","control","12300","21600","32","28","4","28","28","334810","0","112","7163","750106","192","0","5132","72895226","968","4845","85","0","472","0","6479401","507795","33853","105424","5524","29954690","0","5524","78993","0","0","0","1922627","593152","777","19428","201600","84000","895","13893577","1634","866877","0","4161703","84","0","28000","54793","6775","457820","3","3920","11560","278","3649141","56","61568","61568","168","669280","532067","112","111","2167726","643","140"
"r2","weapon","C","control","12600","21600","32","28","4","28","28","344874","0","112","7234","774944","197","0","5302","76374345","983","5020","85","0","480","0","6667448","525315","35021","112538","5895","31711411","0","5895","83953","0","0","0","2013239","623460","790","18726","252000","235200","924","14384802","1638","913395","0","4363450","84","0","28000","57737","6873","473689","4","3920","11701","279","3834352","56","64610","64610","196","707996","568521","112","111","2268370","653","140"
"r2","weapon","C","control","12900","21600","32","26","6","26","26","340889","0","104","6516","795010","187","0","4913","75265673","933","4658","81","0","451","0","6676228","498810","33254","104891","5554","31004290","0","5554","80847","0","0","0","2047061","612212","745","16982","78000","218400","891","13802719","1519","879468","0","4316487","78","0","26000","56688","7213","493626","3","3640","11054","265","3763559","52","63901","63901","182","698141","538579","104","104","2245252","620","130"
"r2","weapon","C","control","13200","21600","32","24","8","24","24","320167","0","96","6185","642241","173","0","4775","71569350","871","4507","75","0","423","0","6190599","469140","31276","105420","5537","29832556","0","5537","78608","0","0","0","1951098","592490","695","16122","115200","72000","735","13153750","1403","849228","0","4140197","72","0","24000","54785","6545","440382","6","3360","10000","238","3643464","48","61330","61330","168","686232","529061","96","96","2164355","581","120"
"r2","weapon","C","control","13500","21600","32","23","9","23","23","300132","0","92","5849","524275","164","0","4931","70390699","849","4665","73","0","416","0","5808096","462000","30800","115261","6029","29382070","0","6029","79728","0","0","0","1836097","596110","676","15836","207000","138000","702","13037998","1341","869497","0","4133759","69","0","23000","55081","6119","416870","2","3220","9322","225","3667605","46","61200","61200","161","699717","569365","92","92","2147675","573","115"
"r2","weapon","C","control","13800","21600","32","22","10","22","22","271761","0","88","5344","410398","156","0","5093","69708391","816","4820","70","0","407","0","5396262","450000","30000","123933","6431","29196420","0","6431","81872","0","0","0","1729520","604062","655","14478","105600","198000","645","12883664","1270","875565","0","4175317","66","0","22000","55729","6065","407904","0","3080","9004","215","3714431","44","61794","61794","154","740272","603804","88","88","2151576","556","110"
"r2","weapon","C","control","14100","21600","32","22","10","22","22","277744","0","88","5394","419803","157","0","5249","72426064","826","4966","70","0","412","0","5506814","463095","30873","133849","6930","30694465","0","6930","86063","0","0","0","1791926","630710","661","14128","66000","79200","673","13265860","1270","919148","0","4346093","66","0","22000","58236","6078","418785","11","3080","8841","211","3878090","44","64314","64314","154","769747","641404","88","88","2238413","564","110"
"r2","weapon","C","control","14400","21600","32","22","10","22","22","284304","0","88","5123","430795","158","0","5419","74861987","840","5123","71","0","421","0","5621587","471495","31433","145177","7467","32181606","0","7467","90013","0","0","0","1849265","662590","672","13240","198000","79200","641","13645763","1262","965692","0","4513859","66","0","22000","61157","5647","386418","0","3080","8852","210","4072145","44","66804","66804","176","822778","681388","88","88","2338971","576","110"
"r2","weapon","C","control","14700","21600","32","21","11","21","21","283500","0","84","5040","436919","150","0","5200","74171800","810","4904","69","0","408","0","5582879","462765","30851","145547","7447","32329114","0","7447","89350","0","0","0","1860162","657586","648","12060","151200","189000","587","13322338","1203","951365","0","4522541","63","0","21000","60659","6300","427489","1","2940","8495","203","4042984","42","66959","66959","168","802902","667865","84","84","2340785","557","105"
"r2","weapon","C","control","15000","21600","32","20","12","20","20","251540","0","80","4783","363190","140","0","5362","72597376","778","5061","67","0","396","0","5058642","455085","30339","156179","7987","31566769","0","7987","90197","0","0","0","1723154","652312","623","11698","60000","120000","543","13053894","1141","961472","0","4463336","60","0","20000","60150","5953","403816","2","2800","8032","190","4011605","40","66103","66103","160","807188","709932","80","80","2290860","541","100"
"r2","weapon","C","control","15300","21600","32","19","13","19","19","222749","0","76","4423","360212","134","0","5440","69573225","749","5150","65","0","379","0","4638634","425070","28338","162789","8284","30490631","0","8284","89368","0","0","0","1599997","643576","597","10716","136800","57000","558","12752106","1074","952051","0","4351007","57","0","19000","59275","5074","341826","3","2660","7682","184","3956259","38","64349","64349","152","830276","729302","76","76","2226854","518","95"
"r2","weapon","C","control","15600","21600","32","19","13","19","19","225837","0","76","4605","369180","134","0","5603","71919886","760","5302","66","0","386","0","4720156","438225","29215","171633","8722","31879988","0","8722","93129","0","0","0","1653970","668856","605","10378","171000","159600","520","13075635","1077","993351","0","4560544","57","0","19000","61612","5841","399394","2","2660","7795","185","4112319","38","67453","67453","152","859942","767514","76","76","2307857","528","95"
"r2","weapon","C","control","15900","21600","32","17","15","17","17","177958","0","68","3871","244851","122","0","5441","64078725","687","5166","57","0","348","0","3985130","376665","25111","165945","8409","28163193","0","8409","85172","0","0","0","1454139","614992","544","9516","51000","142800","531","12044596","960","920523","0","4148292","51","0","17000","56635","4698","322742","0","2380","6846","160","3779832","34","61333","61333","136","820679","742565","68","68","2084348","479","85"
"r2","weapon","C","control","16200","21600","32","17","15","17","17","179881","0","68","3981","253218","123","0","5578","66270523","690","5290","57","0","349","0","4061849","387615","25841","175356","8887","29381190","0","8887","88373","0","0","0","1506644","638024","546","8964","81600","51000","524","12331048","953","953054","0","4290055","51","0","17000","58659","4706","320568","2","2380","6868","164","3923280","34","63365","63365","153","846247","773173","68","68","2170186","481","85"
"r2","weapon","C","control","16500","21600","32","17","15","17","17","183223","0","68","4101","261632","124","0","5716","68358580","703","5418","57","0","356","0","4139616","398670","26578","186508","9431","30639270","0","9431","91483","0","0","0","1561375","661614","554","8724","153000","102000","522","12615749","955","993309","0","4486628","51","0","17000","60767","5502","372925","2","2380","6987","165","4070433","34","66269","66269","153","879883","810086","68","68","2240511","491","85"
"r2","weapon","C","control","16800","21600","32","17","15","17","17","184538","0","68","4137","270509","128","0","5855","70583033","713","5547","57","0","359","0","4221147","407310","27154","198030","9965","31933798","0","9965","95010","0","0","0","1620719","690140","561","7698","81600","153000","524","12904193","957","1025694","0","4635877","51","0","17000","63379","5092","338898","5","2380","7090","169","4244047","34","68471","68471","153","923730","841156","68","68","2347555","495","85"
"r2","weapon","C","control","17100","21600","32","17","15","17","17","186605","0","68","4311","279709","128","0","6000","72846488","717","5683","57","0","362","0","4298528","418830","27922","209745","10546","33249041","0","10546","98295","0","0","0","1678511","712648","564","7494","51000","61200","539","13190547","952","1062511","0","4785189","51","0","17000","65521","5150","352855","2","2380","7372","178","4382487","34","70671","70671","153","951312","875906","68","68","2418511","499","85"
"r2","weapon","C","control","17400","21600","32","15","17","15","15","172414","0","60","3660","241462","112","0","5305","65215599","638","5010","53","0","321","0","4067898","361065","24071","183937","9227","29501785","0","9227","85727","0","0","0","1609763","638420","501","6680","135000","54000","481","11863557","839","940782","0","4299909","45","0","15000","58776","4859","331414","4","2100","6318","150","3923358","30","63635","63635","135","895225","768368","60","60","2132488","445","75"
"r2","weapon","C","control","17700","21600","32","14","18","14","14","167528","0","56","3497","238734","108","0","5018","63438117","608","4724","50","0","301","0","3919860","352155","23477","183258","9115","29011728","0","9115","83635","0","0","0","1591829","621724","473","5776","100800","126000","459","11251251","778","899741","0","4168808","42","0","14000","57213","4491","304526","6","1960","6038","144","3821611","28","61704","61704","126","881912","732213","56","56","2082629","421","70"
"r2","weapon","C","control","18000","21600","32","14","18","14","14","169960","0","56","3589","245834","108","0","5137","65196566","613","4835","50","0","304","0","3988271","360600","24040","194652","9647","30107926","0","9647","86365","0","0","0","1641789","640954","476","5442","42000","84000","463","11481848","761","931972","0","4288755","42","0","14000","59017","4497","303486","0","1960","6058","144","3940077","28","63514","63514","140","912539","762012","56","56","2140758","426","70"
"r2","weapon","C","control","18300","21600","32","14","18","14","14","171264","0","56","3561","252546","110","0","5259","67152648","627","4941","50","0","311","0","4054471","368505","24567","205168","10151","31257868","0","10151","89472","0","0","0","1682799","667420","485","4654","100800","42000","448","11711229","760","960371","0","4461240","42","0","14000","61416","4686","309110","4","1960","6096","146","4101293","28","66102","66102","140","948831","789107","56","56","2242928","438","70"
"r2","weapon","C","control","18600","21600","32","14","18","14","14","173591","0","56","3778","259482","111","0","5378","69199514","633","5061","50","0","313","0","4120733","379215","25281","216365","10623","32399259","0","10623","92485","0","0","0","1722047","687990","488","4440","126000","117600","480","11940470","764","990508","0","4593332","42","0","14000","63365","4663","319790","4","1960","6309","151","4227738","28","68028","68028","140","973875","816917","56","56","2309159","441","70"
"r2","weapon","C","control","18900","21600","32","12","20","12","12","109749","0","48","3150","208587","92","0","4998","57862977","542","4687","41","0","272","0","3200414","312300","20820","209465","10145","27343941","0","10145","80050","0","0","0","1267993","593694","417","3460","36000","100800","360","10375576","628","875326","0","3947593","36","0","12000","54631","3712","249494","0","1680","5337","128","3648138","24","58343","58343","120","859209","765577","48","48","1963564","384","60"
"r2","weapon","C","control","19200","21600","32","11","21","11","11","87047","0","44","3011","176873","85","0","4838","54237258","500","4568","41","0","248","0","2833789","286815","19121","180392","9099","25030648","0","9099","74105","0","0","0","1156099","556250","385","3014","52800","33000","351","9762438","618","824270","0","3711078","33","0","11000","51072","3765","249273","2","1540","5063","121","3420464","22","54837","54837","110","842948","737223","44","44","1794587","350","55"
"r2","weapon","C","control","19500","21600","32","10","22","10","10","83986","0","40","2865","183781","77","0","4478","52488464","458","4238","39","0","231","0","2734100","278385","18559","177330","8933","24532510","0","8933","70800","0","0","0","1138726","537292","357","2632","90000","60000","323","9091872","553","784612","0","3570266","30","0","10000","49295","3462","234275","0","1400","4707","113","3304947","20","52757","52757","100","821326","700626","40","40","1730053","322","50"
"r2","weapon","C","control","19800","21600","32","9","23","9","9","79331","0","36","2557","190649","73","0","4083","50102025","426","3854","39","0","208","0","2588619","265170","17678","169266","8510","23723178","0","8510","66825","0","0","0","1106161","514546","329","2206","43200","81000","274","8367516","489","730670","0","3383551","27","0","9000","47200","2831","185111","2","1260","4361","105","3163668","18","50031","50031","99","807840","651339","36","36","1659930","294","45"
"r2","weapon","C","control","20100","21600","32","9","23","9","9","79411","0","36","2594","197921","74","0","4168","51523879","430","3935","39","0","210","0","2625794","271845","18123","176394","8873","24504702","0","8873","68903","0","0","0","1135310","527738","332","2054","27000","32400","312","8515617","489","751657","0","3508612","27","0","9000","48441","3424","228820","7","1260","4501","108","3245190","18","51865","51865","99","826889","672246","36","36","1701246","296","45"
"r2","weapon","C","control","20400","21600","32","9","23","9","9","79494","0","36","2527","203827","75","0","4258","52704001","432","4009","39","0","210","0","2664799","276330","18422","184380","9264","25294345","0","9264","70885","0","0","0","1164644","545516","333","1536","81000","32400","267","8662437","487","772577","0","3601719","27","0","9000","50062","3169","213920","0","1260","4367","106","3353842","18","53231","53231","99","861936","693083","36","36","1753286","296","45"
"r2","weapon","C","control","20700","21600","32","6","26","6","6","63542","0","24","1698","154476","51","0","2753","35748390","288","2572","26","0","140","0","1881767","186195","12413","126474","6170","17391546","0","6170","47889","0","0","0","826721","364894","223","1138","43200","54000","183","5764084","315","510924","0","2419495","18","0","6000","33572","2236","148532","4","840","2913","70","2243301","12","35808","35808","66","592081","447382","24","24","1167958","194","30"
"r2","weapon","C","control","21000","21600","32","6","26","6","6","63581","0","24","1730","159570","51","0","2811","36594079","294","2621","26","0","143","0","1902462","190275","12685","134260","6549","17971889","0","6549","49260","0","0","0","841893","374446","226","994","18000","36000","187","5856345","303","524392","0","2503172","18","0","6000","34449","2577","171706","0","840","2928","70","2302827","12","37026","37026","66","610638","460811","24","24","1196436","200","30"
"r2","weapon","C","control","21300","21600","32","5","27","5","5","52809","0","20","1393","151596","45","0","2440","31841511","249","2265","24","0","116","0","1531593","168375","11225","120704","5843","15877641","0","5843","43714","0","0","0","723339","327870","190","674","36000","15000","143","4935677","252","443574","0","2173720","15","0","5000","30141","2030","132965","0","700","2400","57","2014699","10","32171","32171","55","548410","390765","20","20","1048771","165","25"
"r2","weapon","C","control","21600","21600","32","5","27","5","5","52833","0","20","1408","155359","45","0","2489","32554731","252","2307","24","0","118","0","1546392","172080","11472","127250","6098","16397212","0","6098","44853","0","0","0","734645","336158","192","610","45000","42000","161","5010244","249","454266","0","2226159","15","0","5000","30930","1991","136495","0","700","2451","59","2065143","10","32921","32921","60","561085","401433","20","20","1074313","168","25"
"r3","people","A","both-off","0","21600","32","32","0","32","32","0","0","128","2880","0","0","0","0","0","0","0","0","0","0","0","0","0","0","0","0","0","0","0","0","0","0","0","0","0","32","57600","192000","192000","192","0","192","0","0","0","96","0","32000","0","0","0","0","4480","2880","64","0","32","0","0","0","0","0","128","32","0","32","160"
"r3","people","A","both-off","300","21600","32","32","0","32","32","0","0","128","2866","0","0","0","0","201108","2","0","2","0","0","0","51808","0","0","0","308","99036","0","0","96","0","0","0","1710","392","34","56586","230400","96000","224","61440","224","0","0","43932","96","0","32000","43","597","40166","20","4480","3092","64","2487","32","640","640","0","1964","0","128","32","1802","32","160"
"r3","people","A","both-off","600","21600","32","32","0","32","32","0","0","128","2827","1458","16","0","14","634331","74","0","15","0","21","0","116140","975","65","0","824","306888","0","0","664","0","16","0","16039","1914","84","52782","288000","268800","278","138477","293","0","0","76786","96","0","32000","202","918","60962","40","4480","3344","64","12361","32","1120","1120","0","8101","0","128","46","7723","66","160"
"r3","people","A","both-off","900","21600","32","32","0","32","32","0","0","128","2592","8189","33","0","47","1300269","118","0","18","0","35","0","190255","1365","91","0","2731","565583","0","0","1597","0","73","0","26425","4270","118","49880","96000","268800","331","236424","353","0","0","108965","96","0","32000","432","1167","75040","22","4480","3425","64","27808","32","1599","1599","0","15268","0","128","53","18657","83","160"
"r3","people","A","both-off","1200","21600","32","32","0","32","32","0","0","128","2456","16630","48","0","95","2222812","166","0","26","0","49","0","275517","2595","173","0","4412","859689","0","0","3070","0","144","0","41577","8194","155","48540","153600","96000","424","361008","454","0","0","152528","96","0","32000","837","1402","90405","17","4480","3559","71","52081","32","2239","2239","0","23665","0","128","60","38458","100","160"
"r3","people","A","both-off","1500","21600","32","32","0","32","32","0","0","128","2742","28301","60","0","143","3205065","215","0","32","0","68","0","366600","6420","428","0","7067","1186602","0","0","4607","0","185","0","54463","11628","192","46316","288000","192000","485","510176","544","0","0","187080","96","0","32000","1221","1526","102265","33","4480","4060","85","72188","32","2747","2747","0","32751","0","128","69","52064","125","160"
"r3","people","A","both-off","1800","21600","32","32","0","32","32","0","0","128","2975","45151","72","0","211","4162316","258","0","38","0","83","0","455148","10515","701","0","9424","1559770","0","0","6184","0","214","0","71170","16360","225","43600","153600","288000","518","685409","622","0","0","224095","96","0","32000","1705","1575","104355","13","4480","4466","94","101193","32","3280","3280","32","45934","0","128","75","73806","144","160"
"r3","people","A","both-off","2100","21600","32","32","0","32","32","0","0","128","3429","62218","83","0","305","5098836","301","0","46","0","92","0","539783","15720","1048","0","12196","2000691","0","0","7664","0","246","0","92960","21038","253","42490","96000","115200","585","892907","741","0","0","284643","96","0","32000","2195","1984","134077","9","4480","5068","112","129727","32","4179","4179","32","56391","0","128","78","94175","157","160"
"r3","people","A","both-off","2400","21600","32","32","0","32","32","0","0","128","4055","80472","96","0","427","5895033","347","0","55","0","105","0","610923","22215","1481","0","15101","2495085","0","0","9008","0","270","0","112006","27424","288","41660","288000","115200","678","1135543","877","0","0","333677","96","0","32000","2881","2018","141489","10","4480","5756","130","166830","32","4899","4899","32","73183","0","128","84","119005","174","160"
"r3","people","A","both-off","2700","21600","32","32","0","32","32","0","0","128","4606","96716","109","0","568","6591951","385","0","59","0","112","0","671837","29160","1944","0","18822","3050287","0","0","10661","0","296","0","130697","33424","312","39830","230400","288000","780","1419162","1018","0","0","383519","96","0","32000","3494","2168","148542","14","4480","6313","144","203431","32","5662","5662","32","91142","0","128","88","143835","189","160"
"r3","people","A","both-off","3000","21600","32","32","0","32","32","0","0","128","4642","112761","117","0","705","7199472","406","0","64","0","116","0","724573","35970","2398","0","21636","3656103","0","0","12287","0","324","0","147086","40048","329","38948","96000","192000","895","1746848","1165","0","0","455961","96","0","32000","4176","2554","178756","7","4480","6470","147","243966","32","6730","6730","32","107241","0","128","92","169964","197","160"
"r3","people","A","both-off","3300","21600","32","32","0","32","32","0","0","128","4591","128378","128","0","847","7695320","438","0","71","0","123","0","768091","42960","2864","0","26489","4304792","0","0","14149","0","351","0","164480","48000","354","37638","230400","96000","997","2117759","1310","0","0","509734","96","0","32000","4954","2560","176783","3","4480","6360","142","292246","32","7514","7514","32","130288","0","128","93","202663","205","160"
"r3","people","A","both-off","3600","21600","32","32","0","32","32","0","0","128","4632","137386","133","0","974","8053893","463","0","76","0","131","0","798573","51150","3410","0","31174","4981466","0","0","16033","0","358","0","176343","54158","372","36506","288000","268800","1102","2529157","1436","0","0","561413","96","0","32000","5603","2671","188657","13","4480","6401","144","329573","32","8274","8274","64","149019","0","128","96","223737","215","160"
"r3","people","A","both-off","3900","21600","32","32","0","32","32","0","0","128","4371","147162","141","0","1066","8372828","488","0","84","0","136","0","829235","57510","3834","0","35336","5728978","0","0","17678","0","358","0","190915","62522","393","35584","96000","268800","1202","2976236","1536","0","0","639762","96","0","32000","6453","3002","211807","5","4480","6302","142","379308","32","9455","9455","64","172647","0","128","96","255308","220","160"
"r3","people","A","both-off","4200","21600","32","32","0","32","32","0","0","128","4580","158229","149","0","1151","8721250","513","0","86","0","141","0","861421","67065","4471","0","38223","6523913","0","0","19512","0","360","0","207446","70860","408","34710","153600","96000","1285","3450493","1627","0","0","700362","96","0","32000","7272","3060","215356","10","4480","6472","147","430610","32","10332","10332","64","194213","0","128","96","290793","230","160"
"r3","people","A","both-off","4500","21600","32","30","2","30","30","0","0","120","3996","108765","133","0","1206","6964146","498","0","88","0","141","0","735211","65505","4367","0","37265","6667157","0","0","19295","0","323","0","179967","72864","392","34168","270000","180000","1265","3783629","1621","0","0","690625","90","0","30000","7399","2781","195379","7","4200","5598","127","443579","30","10180","10180","60","213719","0","120","93","281527","230","150"
"r3","people","A","both-off","4800","21600","32","30","2","30","30","0","0","120","3647","109601","142","0","1227","7013001","520","0","92","0","145","0","744377","71160","4744","0","39490","7435243","0","0","21093","0","325","0","188440","82092","409","33374","144000","270000","1288","4273003","1644","0","0","760917","90","0","30000","8269","2966","205480","0","4200","5354","120","499627","30","11235","11235","60","243305","0","120","94","312132","234","150"
"r3","people","A","both-off","5100","21600","32","30","2","30","30","0","0","120","3845","110437","148","0","1249","7059741","535","0","95","0","148","0","754002","79770","5318","0","40098","8218196","0","0","22846","0","325","0","194372","88960","421","33040","90000","108000","1312","4769155","1668","0","0","812974","90","0","30000","8970","3021","213637","9","4200","5529","126","541714","30","11991","11991","60","261428","0","120","94","337909","237","150"
"r3","people","A","both-off","5400","21600","32","29","3","29","29","0","0","116","3498","101404","146","0","1257","6455406","538","0","97","0","152","0","658825","83520","5568","0","38434","8632642","0","0","23762","0","320","0","178642","94884","424","32854","261000","104400","1286","5160715","1642","0","0","836312","87","0","29000","9506","2828","200322","0","4060","5177","114","578241","29","12334","12334","87","283133","0","116","93","352857","241","145"
"r3","people","A","both-off","5700","21600","32","29","3","29","29","0","0","116","3776","101404","151","0","1259","6455406","554","0","100","0","155","0","658825","91725","6115","0","39107","9451472","0","0","25594","0","320","0","184896","102542","435","32224","208800","261000","1288","5653463","1644","0","0","913795","87","0","29000","10258","3221","227112","2","4060","5458","124","624996","29","13479","13479","87","308437","0","116","93","378246","246","145"
"r3","people","A","both-off","6000","21600","32","29","3","29","29","0","0","116","3785","101404","156","0","1259","6455406","571","0","103","0","159","0","658825","98985","6599","0","39697","10303242","0","0","27223","0","320","0","190661","110514","447","32044","87000","174000","1288","6146663","1644","0","0","970114","87","0","29000","11045","3264","232943","3","4060","5627","126","673760","29","14309","14309","87","334539","0","116","93","402632","253","145"
"r3","people","A","both-off","6300","21600","32","29","3","29","29","0","0","116","3900","101404","161","0","1259","6455406","587","0","107","0","161","0","658825","106485","7099","0","40354","11182958","0","0","29046","0","320","0","196085","120054","458","31602","208800","87000","1288","6639863","1644","0","0","1029544","87","0","29000","11941","3212","228214","0","4060","5669","127","731958","29","15153","15153","87","366321","0","116","93","435009","255","145"
"r3","people","A","both-off","6600","21600","32","29","3","29","29","0","0","116","4267","101404","167","0","1262","6455406","604","0","108","0","168","0","658825","115740","7716","0","40848","12119594","0","0","30841","0","320","0","202593","127134","472","31456","261000","243600","1291","7133219","1647","0","0","1109049","87","0","29000","12669","3665","260549","1","4060","6071","141","775302","29","16334","16334","87","389568","0","116","95","458932","264","145"
"r3","people","A","both-off","6900","21600","32","29","3","29","29","0","0","116","3916","101404","169","0","1262","6455406","617","0","112","0","171","0","658825","121275","8085","0","41702","13076221","0","0","32566","0","320","0","207137","137464","481","31162","87000","243600","1291","7627319","1647","0","0","1170235","87","0","29000","13656","3557","256976","0","4060","5950","134","838106","29","17213","17213","87","427468","0","116","95","485791","271","145"
"r3","people","A","both-off","7200","21600","32","29","3","29","29","0","0","116","4375","101404","175","0","1266","6455406","633","0","114","0","176","0","658825","131595","8773","0","42109","14070713","0","0","34407","0","320","0","212548","146128","494","30884","139200","87000","1295","8121691","1651","0","0","1230461","87","0","29000","14478","3628","258515","0","4060","6287","142","891419","29","18106","18106","116","454156","0","116","97","517790","277","145"
"r3","people","A","both-off","7500","21600","32","29","3","29","29","0","0","116","4522","101404","178","0","1266","6455406","643","0","117","0","178","0","658825","140430","9362","0","42603","15118704","0","0","36306","0","320","0","218757","154824","502","30648","261000","174000","1295","8616991","1651","0","0","1320181","87","0","29000","15332","4103","291702","0","4060","6337","143","944948","29","19435","19435","116","485745","0","116","97","542734","280","145"
"r3","people","A","both-off","7800","21600","32","29","3","29","29","0","0","116","4363","101404","187","0","1268","6455406","661","0","119","0","181","0","658825","147435","9829","0","43004","16204604","0","0","38412","0","320","0","225699","166894","516","30202","139200","261000","1297","9112380","1653","0","0","1387738","87","0","29000","16435","3997","281466","0","4060","6263","141","1018823","29","20432","20432","116","525698","0","116","97","580574","283","145"
"r3","people","A","both-off","8100","21600","32","29","3","29","29","0","0","116","4519","101404","193","0","1268","6455406","676","0","122","0","183","0","658825","157095","10473","0","43338","17321242","0","0","40541","0","320","0","232902","175574","527","29978","87000","104400","1297","9608280","1653","0","0","1453273","87","0","29000","17316","4088","291170","3","4060","6408","145","1071666","29","21404","21404","116","551105","0","116","97","610998","285","145"
"r3","people","A","both-off","8400","21600","32","29","3","29","29","0","0","116","4128","101404","196","0","1271","6455406","682","0","123","0","184","0","658825","162660","10844","0","43918","18467351","0","0","42643","0","320","0","239266","186582","532","29836","261000","104400","1300","10104339","1656","0","0","1542994","87","0","29000","18360","4383","311609","1","4060","6089","141","1137892","29","22743","22743","116","593229","0","116","97","638156","286","145"
"r3","people","A","both-off","8700","21600","32","28","4","28","28","0","0","112","4156","82562","195","0","1245","5618618","678","0","122","0","180","0","590234","163770","10918","0","40852","18517210","0","0","42503","0","310","0","228035","188002","525","29400","201600","252000","1273","10278373","1607","0","0","1532490","84","0","28000","18456","4141","293296","0","3920","6082","139","1146992","28","22597","22597","112","607658","0","112","94","631536","282","140"
"r3","people","A","both-off","9000","21600","32","28","4","28","28","0","0","112","4142","82562","198","0","1248","5618618","688","0","124","0","184","0","590234","171345","11423","0","41505","19638266","0","0","44522","0","310","0","233342","197658","534","29208","84000","168000","1276","10761058","1610","0","0","1593989","84","0","28000","19366","4164","293825","0","3920","6191","141","1206537","28","23530","23530","140","643190","0","112","94","656974","286","140"
"r3","people","A","both-off","9300","21600","32","28","4","28","28","0","0","112","4030","82562","201","0","1249","5618618","697","0","125","0","186","0","590234","178140","11876","0","41975","20818806","0","0","46833","0","310","0","240278","209480","540","28830","201600","84000","1277","11244207","1611","0","0","1689652","84","0","28000","20468","4477","311258","0","3920","5979","135","1278614","28","24945","24945","140","684878","0","112","94","693516","289","140"
"r3","people","A","both-off","9600","21600","32","28","4","28","28","0","0","112","4355","82562","206","0","1249","5618618","713","0","127","0","191","0","590234","188235","12549","0","42250","22039467","0","0","49038","0","310","0","247099","218286","552","28624","252000","235200","1277","11727507","1611","0","0","1760099","84","0","28000","21371","4610","324812","4","3920","6245","144","1332111","28","25981","25981","140","716026","0","112","95","719261","294","140"
"r3","people","A","both-off","9900","21600","32","28","4","28","28","0","0","112","3962","82562","210","0","1249","5618618","721","0","127","0","194","0","590234","193590","12906","0","42516","23280405","0","0","51150","0","310","0","252740","230286","559","28298","84000","235200","1277","12210807","1611","0","0","1832045","84","0","28000","22525","4491","320517","0","3920","6137","141","1404500","28","27016","27016","140","762495","0","112","96","749033","298","140"
"r3","people","A","both-off","10200","21600","32","28","4","28","28","0","0","112","4344","82562","213","0","1255","5618618","735","0","131","0","196","0","590234","203670","13578","0","42848","24583439","0","0","53402","0","310","0","259399","241092","568","28124","134400","84000","1283","12694444","1617","0","0","1927308","84","0","28000","23556","4905","344856","2","3920","6446","149","1471282","28","28461","28461","140","796369","0","112","96","786083","302","140"
"r3","people","A","both-off","10500","21600","32","28","4","28","28","0","0","112","4389","82562","220","0","1255","5618618","749","0","134","0","197","0","590234","213210","14214","0","43263","25900762","0","0","55524","0","310","0","266144","251438","579","27986","252000","168000","1283","13179544","1617","0","0","1996439","84","0","28000","24572","4938","348431","0","3920","6417","145","1534531","28","29510","29510","140","835225","0","112","96","812783","303","140"
"r3","people","A","both-off","10800","21600","32","28","4","28","28","0","0","112","4376","82562","223","0","1255","5618618","762","0","137","0","198","0","590234","221220","14748","0","44138","27240924","0","0","57867","0","310","0","273602","264706","586","27828","134400","252000","1283","13664644","1617","0","0","2066936","84","0","28000","25764","4807","332488","1","3920","6299","143","1615938","28","30571","30571","168","881560","0","112","97","852888","304","140"
"r3","people","A","both-off","11100","21600","32","28","4","28","28","0","0","112","4631","82562","226","0","1255","5618618","774","0","139","0","202","0","590234","230865","15391","0","44538","28857224","0","0","60348","0","310","0","285490","276998","595","27620","84000","100800","1283","14149744","1617","0","0","2272221","84","0","28000","27021","6584","459922","4","3920","5826","131","1691612","56","33605","33605","168","918374","0","112","98","893925","309","140"
"r3","people","A","both-off","11400","21600","32","28","4","28","28","0","0","112","3783","82562","232","0","1255","5618618","786","0","142","0","204","0","590234","234135","15609","0","45089","30639687","0","0","63519","0","310","0","309003","295744","606","27234","252000","100800","1283","14634844","1617","0","0","2416563","84","0","28000","28842","6875","482355","0","3920","4660","103","1806319","56","35717","35717","168","996231","0","112","98","937977","311","140"
"r3","people","A","both-off","11700","21600","32","28","4","28","28","0","0","112","3850","82562","235","0","1255","5618618","797","0","142","0","211","0","590234","241500","16100","0","46004","32523770","0","0","67221","0","310","0","337227","317880","616","26522","201600","252000","1283","15119944","1617","0","0","2552738","84","0","28000","30937","6800","473690","0","3920","4163","90","1943768","56","37737","37737","168","1081492","0","112","98","997556","319","140"
"r3","people","A","both-off","12000","21600","32","28","4","28","28","0","0","112","2869","82562","236","0","1255","5618618","802","0","142","0","215","0","590234","242985","16199","0","46334","34437650","0","0","70537","0","310","0","362864","337396","621","26076","84000","168000","1283","15605044","1617","0","0","2729185","84","0","28000","32859","7510","530451","5","3920","3886","84","2062315","56","40369","40369","168","1162287","0","112","98","1036447","323","140"
"r3","people","A","both-off","12300","21600","32","27","5","27","27","0","0","108","2175","79617","229","0","1209","5435298","794","0","138","0","221","0","567939","238800","15920","0","45152","35083044","0","0","71910","0","309","0","374059","351750","615","24918","194400","81000","1236","15523179","1557","0","0","2769207","81","0","27000","34116","6878","478717","1","3780","3337","72","2149299","54","40994","40994","162","1230148","0","108","97","1060342","328","135"
"r3","people","A","both-off","12600","21600","32","27","5","27","27","0","0","108","1677","79617","230","0","1209","5435298","798","0","138","0","224","0","567939","241140","16076","0","45487","36991740","0","0","75223","0","309","0","392600","368088","619","23860","243000","226800","1236","15990279","1557","0","0","2892722","81","0","27000","35767","7031","496006","7","3780","3080","63","2249688","54","42798","42798","189","1306084","0","108","97","1090632","331","135"
"r3","people","A","both-off","12900","21600","32","26","6","26","26","0","0","104","1199","58299","220","0","1168","4922389","775","0","134","0","223","0","524198","232110","15474","0","43261","37038543","0","0","75182","0","273","0","385889","369518","603","23234","78000","218400","1194","15853089","1497","0","0","2919718","78","0","26000","35878","7330","515992","0","3640","2408","46","2256985","52","43208","43208","182","1306539","0","104","96","1097187","332","130"
"r3","people","A","both-off","13200","21600","32","26","6","26","26","0","0","104","1250","58299","221","0","1168","4922389","780","0","134","0","227","0","524198","236250","15750","0","43953","39013669","0","0","78525","0","273","0","406003","388798","608","22286","124800","78000","1194","16302189","1497","0","0","3040880","78","0","26000","37749","7245","510657","2","3640","2254","41","2375206","52","44994","44994","182","1379431","0","104","96","1150792","336","130"
"r3","people","A","both-off","13500","21600","32","26","6","26","26","0","0","104","1315","58299","225","0","1168","4922389","794","0","135","0","233","0","524198","240600","16040","0","44722","41007957","0","0","81690","0","273","0","424123","405266","619","21804","234000","156000","1194","16751289","1497","0","0","3158011","78","0","26000","39352","7372","521605","5","3640","2197","42","2476043","52","46724","46724","182","1448837","0","104","97","1187569","344","130"
"r3","people","A","both-off","13800","21600","32","25","7","25","25","0","0","100","1024","58299","220","0","1126","4569124","776","0","132","0","226","0","485913","234390","15626","0","42316","41022328","0","0","81855","0","273","0","421834","411960","603","20740","120000","225000","1151","16534270","1437","0","0","3187028","75","0","25000","39848","7368","505226","1","3500","1917","37","2517124","50","47216","47216","175","1492966","0","100","94","1188836","334","125"
"r3","people","A","both-off","14100","21600","32","25","7","25","25","0","0","100","1118","58299","221","0","1126","4569124","781","0","132","0","228","0","485913","238365","15891","0","42767","43039720","0","0","84985","0","273","0","442266","427270","606","19820","75000","90000","1151","16965370","1437","0","0","3300561","75","0","25000","41408","7486","522170","20","3500","2034","39","2609736","50","48894","48894","175","1553078","0","100","94","1225313","337","125"
"r3","people","A","both-off","14400","21600","32","24","8","24","24","0","0","96","609","58299","212","0","1079","4333626","752","0","128","0","223","0","463936","225435","15029","0","41327","42491388","0","0","83634","0","272","0","445708","423854","587","19406","216000","86400","1103","16665335","1377","0","0","3232052","72","0","24000","40999","6885","481084","0","3360","1605","28","2588641","48","47884","47884","192","1561190","0","96","92","1189778","329","120"
"r3","people","A","both-off","14700","21600","32","23","9","23","23","0","0","92","606","45415","200","0","1035","3998359","731","0","127","0","220","0","432507","218565","14571","0","39065","42218888","0","0","83006","0","268","0","444596","424244","570","18104","165600","207000","1058","16347395","1317","0","0","3249896","69","0","23000","40995","7161","494696","3","3220","1673","28","2591477","46","48156","48156","184","1599903","0","92","88","1155297","323","115"
"r3","people","A","both-off","15000","21600","32","23","9","23","23","0","0","92","780","45415","201","0","1035","3998359","740","0","130","0","222","0","432507","222420","14828","0","39359","44160014","0","0","85658","0","268","0","457086","440064","576","17908","69000","138000","1058","16742495","1317","0","0","3359887","69","0","23000","42545","7279","504283","4","3220","1974","37","2688320","46","49824","49824","184","1667648","0","92","88","1187956","326","115"
"r3","people","A","both-off","15300","21600","32","22","10","22","22","0","0","88","855","36783","188","0","990","3675523","706","0","128","0","215","0","405277","212625","14175","0","37958","43534582","0","0","83942","0","267","0","452519","436472","553","17290","158400","66000","1012","16363005","1257","0","0","3290910","66","0","22000","42059","6759","458188","0","3080","1875","37","2666775","44","48818","48818","176","1670015","0","88","85","1162707","314","110"
"r3","people","A","both-off","15600","21600","32","22","10","22","22","0","0","88","1192","36783","189","0","992","3675523","714","0","129","0","220","0","405277","217650","14510","0","38386","45507310","0","0","86996","0","267","0","469158","450190","560","16858","198000","184800","1014","16740193","1259","0","0","3438429","66","0","22000","43476","7550","518790","5","3080","2037","42","2749944","44","51026","51026","176","1729572","0","88","85","1190067","320","110"
"r3","people","A","both-off","15900","21600","32","22","10","22","22","0","0","88","747","36783","191","0","992","3675523","722","0","129","0","224","0","405277","219510","14634","0","39312","47503305","0","0","89879","0","267","0","487324","469316","566","16542","66000","184800","1014","17117893","1259","0","0","3545267","66","0","22000","45299","7323","507007","0","3080","1620","29","2865588","44","52622","52622","176","1809435","0","88","85","1228825","325","110"
"r3","people","A","both-off","16200","21600","32","19","13","19","19","0","0","76","556","36230","162","0","845","3325248","629","0","116","0","199","0","366403","189555","12637","0","33701","42390109","0","0","78930","0","248","0","444025","422488","496","15962","91200","57000","864","15068459","1079","0","0","3146916","57","0","19000","40638","6060","418425","3","2660","1310","25","2581257","38","46698","46698","171","1655370","0","76","74","1073121","289","95"
"r3","people","A","both-off","16500","21600","32","19","13","19","19","0","0","76","526","36230","162","0","845","3325248","631","0","116","0","200","0","366403","191955","12797","0","34045","44143487","0","0","81447","0","248","0","457043","435920","497","15674","171000","114000","864","15392159","1079","0","0","3282213","57","0","19000","41930","6748","467629","1","2660","1390","25","2664340","38","48678","48678","171","1717068","0","76","74","1097516","291","95"
"r3","people","A","both-off","16800","21600","32","19","13","19","19","0","0","76","415","36230","167","0","845","3325248","638","0","117","0","200","0","366403","193770","12918","0","34586","45962495","0","0","84214","0","248","0","471852","453158","503","15108","91200","171000","864","15715859","1079","0","0","3383357","57","0","19000","43529","6623","454201","0","2660","1228","20","2770172","38","50152","50152","171","1794278","0","76","74","1134878","291","95"
"r3","people","A","both-off","17100","21600","32","19","13","19","19","0","0","76","624","36230","168","0","845","3325248","644","0","117","0","204","0","366403","196830","13122","0","34994","47829864","0","0","86701","0","248","0","485516","467122","508","14772","57000","68400","864","16039559","1079","0","0","3482945","57","0","19000","44943","6689","465616","3","2660","1466","28","2855125","38","51632","51632","171","1853317","0","76","74","1164012","296","95"
"r3","people","A","both-off","17400","21600","32","19","13","19","19","0","0","76","462","36230","171","0","845","3325248","652","0","118","0","205","0","366403","198735","13249","0","35375","49737937","0","0","89198","0","248","0","499559","484046","513","14526","171000","68400","864","16363259","1079","0","0","3618341","57","0","19000","46534","7104","493882","0","2660","1326","25","2957973","38","53638","53638","171","1926981","0","76","74","1197478","298","95"
"r3","people","A","both-off","17700","21600","32","19","13","19","19","0","0","76","882","36230","173","0","845","3325248","660","0","118","0","208","0","366403","202815","13521","0","35791","51702444","0","0","91931","0","248","0","513858","499604","518","13920","136800","171000","864","16686959","1079","0","0","3720129","57","0","19000","48017","7135","491002","1","2660","1622","31","3054016","38","55152","55152","171","1994120","0","76","74","1235007","303","95"
"r3","people","A","both-off","18000","21600","32","19","13","19","19","0","0","76","801","36230","173","0","845","3325248","665","0","119","0","211","0","366403","205515","13701","0","36101","53674541","0","0","94453","0","248","0","527413","514800","522","13840","57000","114000","864","17010659","1079","0","0","3821032","57","0","19000","49477","7159","495866","1","2660","1584","30","3147272","38","56636","56636","190","2059014","0","76","74","1266152","307","95"
"r3","people","A","both-off","18300","21600","32","19","13","19","19","0","0","76","625","36230","175","0","845","3325248","673","0","120","0","216","0","366403","207540","13836","0","36452","55739399","0","0","97399","0","248","0","543253","533540","530","13220","136800","57000","864","17334359","1079","0","0","3969484","57","0","19000","51185","7629","522081","1","2660","1419","27","3262359","38","58814","58814","190","2138808","0","76","74","1308595","312","95"
"r3","people","A","both-off","18600","21600","32","18","14","18","18","0","0","72","718","32420","164","0","796","3208671","641","0","114","0","208","0","353372","197880","13192","0","34365","54238620","0","0","95214","0","244","0","533498","521982","504","12632","162000","151200","814","16688187","1019","0","0","3869187","54","0","18000","50068","7253","503314","1","2520","1536","29","3192618","36","57321","57321","180","2093564","0","72","71","1272309","300","90"
"r3","people","A","both-off","18900","21600","32","18","14","18","18","0","0","72","511","32420","166","0","796","3208671","646","0","114","0","209","0","353372","199680","13312","0","34750","56226515","0","0","97881","0","244","0","547162","539816","507","12334","54000","151200","814","16993887","1019","0","0","3974249","54","0","18000","51742","7097","497303","0","2520","1323","25","3300995","36","58839","58839","180","2168543","0","72","71","1308403","301","90"
"r3","people","A","both-off","19200","21600","32","17","15","17","17","0","0","68","554","32420","153","0","742","3195602","621","0","111","0","204","0","350487","189990","12666","0","33417","55079894","0","0","95312","0","244","0","535601","526898","485","11872","81600","51000","759","16279511","959","0","0","3894819","51","0","17000","50441","7207","501271","3","2380","1258","22","3223759","34","57648","57648","170","2114170","0","68","67","1279378","296","85"
"r3","people","A","both-off","19500","21600","32","17","15","17","17","0","0","68","569","32420","154","0","742","3195602","629","0","111","0","208","0","350487","192600","12840","0","33690","57044314","0","0","97635","0","244","0","548929","541428","490","11696","153000","102000","759","16567211","959","0","0","3989842","51","0","17000","51827","7243","505253","4","2380","1306","26","3312738","34","59070","59070","170","2174921","0","68","67","1309668","303","85"
"r3","people","A","both-off","19800","21600","32","17","15","17","17","0","0","68","485","32420","155","0","742","3195602","633","0","111","0","210","0","350487","194565","12971","0","34054","59055570","0","0","100312","0","244","0","562296","559282","493","11080","81600","153000","759","16854911","959","0","0","4090320","51","0","17000","53449","7059","486129","0","2380","1266","25","3421979","34","60508","60508","187","2254639","0","68","67","1349552","306","85"
"r3","people","A","both-off","20100","21600","32","17","15","17","17","0","0","68","791","32420","155","0","742","3195602","638","0","113","0","211","0","350487","198375","13225","0","34317","61151360","0","0","102817","0","244","0","579709","572954","496","10656","51000","61200","759","17142611","959","0","0","4232906","51","0","17000","54822","7788","544142","2","2380","1529","31","3505250","34","62610","62610","187","2308301","0","68","67","1380463","308","85"
"r3","people","A","both-off","20400","21600","32","17","15","17","17","0","0","68","565","32420","158","0","742","3195602","645","0","114","0","214","0","350487","200130","13342","0","34805","63284398","0","0","105322","0","244","0","596385","589504","503","10476","153000","61200","759","17430311","959","0","0","4335338","51","0","17000","56366","7780","541196","0","2380","1310","25","3606181","34","64146","64146","187","2379978","0","68","67","1414164","311","85"
"r3","people","A","both-off","20700","21600","32","16","16","16","16","0","0","64","658","32420","151","0","699","3060367","615","0","109","0","203","0","335932","195075","13005","0","31734","61578522","0","0","102418","0","242","0","579703","577006","479","9764","115200","144000","715","16726035","904","0","0","4210615","48","0","16000","55125","7171","496242","1","2240","1290","27","3530633","32","62296","62296","176","2376636","0","64","63","1337737","296","80"
"r3","people","A","both-off","21000","21600","32","16","16","16","16","0","0","64","525","32420","151","0","699","3060367","617","0","110","0","204","0","335932","196785","13119","0","31939","63646559","0","0","104801","0","242","0","596885","591782","481","9598","48000","96000","715","16997235","904","0","0","4344152","48","0","16000","56529","7723","536993","2","2240","1269","25","3621308","32","64252","64252","176","2441262","0","64","63","1365897","297","80"
"r3","people","A","both-off","21300","21600","32","16","16","16","16","0","0","64","405","32420","152","0","699","3060367","621","0","110","0","206","0","335932","198390","13226","0","32434","65751407","0","0","107487","0","242","0","611556","609566","484","9048","115200","48000","715","17268435","904","0","0","4443244","48","0","16000","58140","7566","519282","0","2240","1100","21","3730041","32","65706","65706","176","2520305","0","64","64","1403657","299","80"
"r3","people","A","both-off","21600","21600","32","15","17","15","15","0","0","60","510","32420","143","0","656","2709249","597","0","107","0","197","0","300032","188640","12576","0","29928","62752291","0","0","103176","0","241","0","592665","585366","462","8594","135000","126000","671","16402257","844","0","0","4257814","45","0","15000","55828","7131","493375","2","2100","1218","23","3582284","30","62959","62959","180","2448213","0","60","60","1316226","289","75"
"r3","people","A","control","0","21600","32","32","0","32","32","0","0","128","2880","0","0","0","0","0","0","0","0","0","0","0","0","0","0","0","0","0","0","0","0","0","0","0","0","0","32","57600","192000","192000","192","0","192","0","0","0","96","0","32000","0","0","0","0","4480","2880","64","0","32","0","0","0","0","0","128","32","0","32","160"
"r3","people","A","control","300","21600","32","32","0","32","32","1236","0","128","2866","0","1","0","0","202295","5","0","0","0","2","0","51808","0","0","154","11","97395","0","11","86","0","0","0","1740","556","35","56680","230400","96000","224","61440","224","1236","0","43442","96","0","32000","61","579","38608","20","4480","3094","64","3473","32","640","640","0","1899","0","128","33","1699","36","160"
"r3","people","A","control","600","21600","32","32","0","32","32","5692","0","128","2811","2223","24","0","29","598135","83","0","15","0","22","0","113287","915","61","444","33","295772","0","33","534","0","0","0","15598","2464","93","53974","288000","268800","272","139133","301","5875","0","76336","96","0","32000","264","856","57067","25","4480","3323","64","15477","32","1120","1120","0","7268","183","128","46","6126","66","160"
"r3","people","A","control","900","21600","32","32","0","32","32","9914","0","128","2588","6453","30","0","113","1110592","129","0","25","0","42","0","175003","1455","97","1184","75","530601","0","75","1365","0","0","0","24084","5794","129","51584","96000","268800","334","244098","399","11823","0","109175","96","0","32000","596","1001","66297","17","4480","3326","63","36315","32","1597","1597","0","15671","1909","128","57","15384","92","160"
"r3","people","A","control","1200","21600","32","32","0","32","32","14004","0","128","2462","14304","44","0","244","1720001","182","0","33","0","59","0","234672","2970","198","2088","113","789390","0","113","2619","0","0","0","37263","10422","168","50306","153600","96000","474","391266","563","19796","0","150995","96","0","32000","1052","1171","75718","7","4480","3375","69","64981","32","2223","2223","0","24334","5792","128","63","31147","118","160"
"r3","people","A","control","1500","21600","32","32","0","32","32","19271","0","128","2554","29146","55","0","360","2325912","251","0","41","0","84","0","294563","6345","423","3448","168","1053509","0","168","3676","0","0","0","51033","15894","212","49112","288000","192000","595","581688","706","31394","0","182762","96","0","32000","1583","1128","73242","17","4480","3707","77","98357","32","2711","2711","0","34005","12123","128","75","44121","156","160"
"r3","people","A","control","1800","21600","32","32","0","32","32","22078","0","128","2527","41594","65","0","456","2868437","292","0","46","0","99","0","350850","9795","653","4702","212","1317512","0","212","4817","0","0","0","63764","22008","242","47874","153600","288000","665","808655","808","40026","0","216297","96","0","32000","2155","1052","66531","5","4480","3868","82","136078","32","3207","3207","32","46865","17948","128","81","62875","178","160"
"r3","people","A","control","2100","21600","32","32","0","32","32","27527","0","128","2776","53827","73","0","541","3391572","326","0","52","0","109","0","406639","14370","958","5632","252","1607034","0","252","5985","0","0","0","77139","27874","266","47174","96000","115200","755","1068224","914","51281","0","272135","96","0","32000","2703","1331","87213","8","4480","4224","89","172358","32","4034","4034","32","55685","23754","128","84","77956","193","160"
"r3","people","A","control","2400","21600","32","32","0","32","32","32672","0","128","3190","65628","86","0","615","3866336","367","0","59","0","119","0","458357","20025","1335","6436","285","1917030","0","285","7032","0","0","0","94178","35126","296","46714","288000","115200","827","1355168","1003","62915","0","316420","96","0","32000","3402","1282","88024","2","4480","4744","103","216172","32","4684","4684","32","67473","30243","128","89","98008","208","160"
"r3","people","A","control","2700","21600","32","32","0","32","32","35296","0","128","3539","77769","95","0","700","4389432","394","0","66","0","125","0","512142","26220","1748","7008","310","2257357","0","310","8240","0","0","0","111170","42250","318","45506","230400","288000","898","1668308","1093","71473","0","363035","96","0","32000","4077","1285","88604","3","4480","5272","116","259929","32","5362","5362","32","81567","36177","128","92","121391","215","160"
"r3","people","A","control","3000","21600","32","32","0","32","32","39664","0","128","3701","90052","105","0","783","4815969","422","0","73","0","130","0","559536","32520","2168","7528","336","2616832","0","336","9321","0","0","0","128955","49398","340","45208","96000","192000","962","2010114","1185","82834","0","427176","96","0","32000","4742","1588","109040","6","4480","5590","125","304089","32","6330","6330","32","94092","43170","128","92","141210","222","160"
"r3","people","A","control","3300","21600","32","32","0","32","32","43600","0","128","3949","104682","115","0","878","5304845","458","0","78","0","140","0","605869","40530","2702","8542","378","2989370","0","378","10748","0","0","0","146668","58600","365","44410","230400","96000","1070","2380785","1293","93810","0","477133","96","0","32000","5579","1487","98738","2","4480","5880","131","360519","32","7066","7066","32","111347","50210","128","95","173238","236","160"
"r3","people","A","control","3600","21600","32","32","0","32","32","47287","0","128","4158","118550","122","0","969","5800580","485","0","84","0","146","0","654011","50370","3358","8978","402","3365414","0","402","12087","0","0","0","167169","65966","384","43616","288000","268800","1148","2783478","1387","105987","0","526995","96","0","32000","6292","1507","103398","6","4480","6224","142","405903","32","7799","7799","64","124677","58700","128","96","192933","242","160"
"r3","people","A","control","3900","21600","32","32","0","32","32","49762","0","128","4082","130255","130","0","1049","6237096","516","0","91","0","153","0","699819","58410","3894","9784","436","3774398","0","436","13445","0","0","0","182935","75558","406","42962","96000","268800","1236","3214472","1479","116228","0","608895","96","0","32000","7201","1770","128184","0","4480","6231","142","464338","32","8971","8971","64","142460","66466","128","97","222023","251","160"
"r3","people","A","control","4200","21600","32","32","0","32","32","54335","0","128","4309","145343","138","0","1108","6695652","539","0","95","0","159","0","742462","68895","4593","10628","469","4221514","0","469","15005","0","0","0","199817","84542","424","42584","153600","96000","1279","3666920","1543","127732","0","668691","96","0","32000","8030","1809","128686","1","4480","6332","144","520170","32","9839","9839","64","158492","73397","128","99","253781","259","160"
"r3","people","A","control","4500","21600","32","32","0","32","32","59000","0","128","4358","159041","149","0","1158","7087017","574","0","99","0","165","0","781030","78750","5250","11188","493","4668476","0","493","16513","0","0","0","215061","93730","445","42246","288000","192000","1305","4136196","1592","141079","0","725184","96","0","32000","8880","1804","128549","4","4480","6349","144","576899","32","10684","10684","64","177798","82079","128","100","277758","269","160"
"r3","people","A","control","4800","21600","32","32","0","32","32","60874","0","128","3977","167858","159","0","1201","7439009","597","0","100","0","170","0","813192","86760","5784","12186","524","5139782","0","524","18178","0","0","0","230947","105180","461","41542","153600","288000","1324","4621090","1635","153834","0","802304","96","0","32000","9936","1909","132422","1","4480","6009","135","646652","32","11845","11845","64","202250","92960","128","100","313798","278","160"
"r3","people","A","control","5100","21600","32","32","0","32","32","63338","0","128","3814","173499","165","0","1239","7694771","612","0","102","0","174","0","838349","95355","6357","12594","541","5606328","0","541","19753","0","0","0","244626","113620","473","41210","96000","115200","1335","5117096","1672","166049","0","858225","96","0","32000","10764","1903","135335","8","4480","5849","129","698301","32","12667","12667","64","218264","102711","128","100","338577","283","160"
"r3","people","A","control","5400","21600","32","32","0","32","32","65352","0","128","3477","178144","170","0","1273","7870133","622","0","104","0","176","0","858553","102510","6834","13514","577","6059300","0","577","21286","0","0","0","257254","124076","482","40914","288000","115200","1371","5623753","1708","179133","0","910923","96","0","32000","11726","1741","123301","0","4480","5547","124","761810","32","13467","13467","96","241580","113781","128","101","366909","285","160"
"r3","people","A","control","5700","21600","32","32","0","32","32","66575","0","128","3698","182986","180","0","1301","8084006","649","0","108","0","183","0","877966","112290","7486","13832","587","6556781","0","587","22995","0","0","0","269649","133378","503","40468","230400","288000","1378","6140655","1735","191630","0","994161","96","0","32000","12604","2098","146109","3","4480","5783","128","819333","32","14702","14702","96","262083","125055","128","101","394339","292","160"
"r3","people","A","control","6000","21600","32","32","0","32","32","68052","0","128","3752","185249","186","0","1333","8185375","665","0","110","0","187","0","888748","121260","8084","14248","604","7060853","0","604","24714","0","0","0","278431","142554","515","40196","96000","192000","1386","6664672","1764","204541","0","1054946","96","0","32000","13474","2132","150190","2","4480","5805","128","875813","32","15606","15606","96","283303","136489","128","103","416912","299","160"
"r3","people","A","control","6300","21600","32","32","0","32","32","68951","0","128","3797","185291","194","0","1364","8218362","680","0","113","0","189","0","890293","129720","8648","14768","622","7572340","0","622","26609","0","0","0","285539","154492","528","39738","230400","96000","1394","7197639","1791","218010","0","1116185","96","0","32000","14563","1949","135572","0","4480","5776","129","948959","32","16512","16512","96","310266","149059","128","103","452337","301","160"
"r3","people","A","control","6600","21600","32","32","0","32","32","69687","0","128","4134","185291","201","0","1392","8221846","700","0","116","0","193","0","890331","140115","9341","15008","631","8108857","0","631","28437","0","0","0","291407","163624","542","39350","288000","268800","1422","7738464","1819","231654","0","1199116","96","0","32000","15470","2298","162022","7","4480","6138","138","1004621","32","17768","17768","96","331710","161967","128","104","473730","305","160"
"r3","people","A","control","6900","21600","32","32","0","32","32","70430","0","128","3761","185297","205","0","1399","8223570","714","0","118","0","195","0","890347","146475","9765","15404","642","8636457","0","642","30237","0","0","0","298076","175330","550","39030","96000","268800","1429","8285406","1826","245258","0","1261294","96","0","32000","16583","2106","153601","0","4480","5901","130","1075104","32","18689","18689","96","360464","174828","128","104","501971","307","160"
"r3","people","A","control","7200","21600","32","32","0","32","32","71119","0","128","4124","185297","211","0","1404","8223570","733","0","121","0","201","0","890347","156705","10447","15404","642","9174659","0","642","32100","0","0","0","304568","186088","565","38534","153600","96000","1434","8833452","1831","258281","0","1324928","96","0","32000","17588","2032","147295","5","4480","6262","140","1141830","32","19620","19620","128","385549","187162","128","105","533803","314","160"
"r3","people","A","control","7500","21600","32","32","0","32","32","71857","0","128","4355","185297","214","0","1407","8223570","749","0","128","0","203","0","890347","167085","11139","15454","644","9742456","0","644","33946","0","0","0","310275","196278","577","38318","288000","192000","1437","9382929","1834","270672","0","1418257","96","0","32000","18553","2479","177338","5","4480","6476","148","1204932","32","21032","21032","128","413677","198815","128","105","556570","316","160"
"r3","people","A","control","7800","21600","32","32","0","32","32","72542","0","128","4455","185297","221","0","1413","8223570","763","0","129","0","207","0","890347","176205","11747","15454","644","10334995","0","644","36036","0","0","0","316843","209102","589","37958","153600","288000","1443","9933754","1840","281180","0","1491662","96","0","32000","19740","2364","170137","0","4480","6574","149","1283411","32","22104","22104","128","445849","208638","128","107","594496","320","160"
"r3","people","A","control","8100","21600","32","32","0","32","32","73230","0","128","4739","185297","224","0","1414","8223570","779","0","131","0","212","0","890347","186930","12462","15466","645","10949814","0","645","38117","0","0","0","323568","219438","599","37800","96000","115200","1444","10485776","1841","294554","0","1563363","96","0","32000","20767","2388","175896","3","4480","6921","159","1346986","32","23155","23155","128","469367","221324","128","109","623546","328","160"
"r3","people","A","control","8400","21600","32","32","0","32","32","73930","0","128","4560","185297","229","0","1414","8223570","796","0","131","0","218","0","890347","194490","12966","15466","645","11591283","0","645","40126","0","0","0","330834","232426","610","37422","288000","115200","1444","11038076","1841","307386","0","1661025","96","0","32000","21962","2663","194397","0","4480","6793","157","1426217","32","24625","24625","128","504640","233456","128","109","654602","338","160"
"r3","people","A","control","8700","21600","32","32","0","32","32","74579","0","128","5107","185297","231","0","1415","8223570","811","0","138","0","220","0","890347","206790","13786","15466","645","12253851","0","645","42339","0","0","0","338799","245030","621","36916","230400","288000","1445","11590405","1842","319858","0","1734825","96","0","32000","23149","2595","187601","0","4480","7303","169","1504002","32","25744","25744","128","535604","245279","128","109","691762","340","160"
"r3","people","A","control","9000","21600","32","32","0","32","32","75337","0","128","4957","185297","236","0","1415","8223570","828","0","140","0","225","0","890347","215535","14369","15538","647","12914507","0","647","44513","0","0","0","344359","256322","633","36862","96000","192000","1445","12143005","1842","334649","0","1809572","96","0","32000","24220","2613","191580","0","4480","7473","169","1573703","32","26833","26833","160","565175","259312","128","110","718168","347","160"
"r3","people","A","control","9300","21600","32","32","0","32","32","75964","0","128","5065","185303","239","0","1424","8224675","843","0","141","0","232","0","890354","225675","15045","15538","647","13623298","0","647","46903","0","0","0","351908","271092","644","36508","230400","96000","1454","12696223","1851","347343","0","1924632","96","0","32000","25593","2909","211664","0","4480","7368","169","1663944","32","28502","28502","160","602918","271379","128","111","762707","356","160"
"r3","people","A","control","9600","21600","32","32","0","32","32","76812","0","128","5509","185303","242","0","1427","8224675","854","0","145","0","235","0","890354","238980","15932","15586","649","14364848","0","649","49217","0","0","0","359425","282642","654","36242","288000","268800","1457","13251724","1854","361442","0","2008168","96","0","32000","26725","3016","222830","0","4480","7746","180","1735544","32","29741","29741","160","631767","284630","128","111","792129","359","160"
"r3","people","A","control","9900","21600","32","32","0","32","32","77513","0","128","5038","185303","247","0","1427","8224675","865","0","147","0","237","0","890354","245535","16369","15658","651","15113723","0","651","51645","0","0","0","366617","297514","663","35930","96000","268800","1457","13807924","1854","374427","0","2090392","96","0","32000","28081","2871","212790","0","4480","7468","169","1826234","32","30952","30952","160","672110","296914","128","111","831065","362","160"
"r3","people","A","control","10200","21600","32","32","0","32","32","78353","0","128","5500","185303","253","0","1429","8224675","882","0","150","0","240","0","890354","257775","17185","15658","651","15904584","0","651","54268","0","0","0","375127","311758","675","35538","153600","96000","1459","14364198","1856","389644","0","2206971","96","0","32000","29412","3235","237154","3","4480","7850","180","1914236","32","32647","32647","160","706838","311291","128","112","873335","365","160"
"r3","people","A","control","10500","21600","32","32","0","32","32","79158","0","128","5673","185303","255","0","1430","8224675","890","0","151","0","243","0","890354","269295","17953","15658","651","16698029","0","651","56691","0","0","0","381391","324934","681","35332","288000","192000","1460","14921020","1857","403194","0","2291099","96","0","32000","30644","3247","240296","1","4480","8055","186","1995483","32","33891","33891","160","743644","324036","128","112","903965","369","160"
"r3","people","A","control","10800","21600","32","32","0","32","32","80030","0","128","5378","185303","260","0","1434","8224675","906","0","153","0","247","0","890354","276555","18437","15658","651","17499225","0","651","59249","0","0","0","389607","341408","692","35016","153600","288000","1464","15478476","1861","418295","0","2374162","96","0","32000","32144","3004","218749","0","4480","7886","180","2096577","32","35148","35148","192","788784","338265","128","112","948334","375","160"
"r3","people","A","control","11100","21600","32","32","0","32","32","80949","0","128","5492","185303","262","0","1435","8224675","923","0","154","0","254","0","890354","289020","19268","15658","651","18614218","0","651","62180","0","0","0","403987","356574","702","34712","96000","115200","1465","16036858","1862","433118","0","2615235","96","0","32000","33679","5061","364915","3","4480","7087","163","2189573","64","38740","38740","192","823727","352169","128","114","993475","386","160"
"r3","people","A","control","11400","21600","32","32","0","32","32","82004","0","128","4775","185303","269","0","1435","8224675","949","0","159","0","258","0","890354","293415","19561","15658","651","19888708","0","651","65879","0","0","0","430679","380246","718","34340","288000","115200","1465","16595458","1862","454202","0","2784909","96","0","32000","35955","5287","386063","0","4480","5763","130","2334351","64","41242","41242","192","893475","372198","128","114","1051169","392","160"
"r3","people","A","control","11700","21600","32","32","0","32","32","83230","0","128","4856","185303","273","0","1435","8224675","959","0","160","0","262","0","890354","302250","20150","15658","651","21256301","0","651","70039","0","0","0","463603","408180","727","33036","230400","288000","1465","17154058","1862","482193","0","2947472","96","0","32000","38582","5032","370457","0","4480","5136","112","2506562","64","43614","43614","192","969521","398963","128","114","1125301","396","160"
"r3","people","A","control","12000","21600","32","32","0","32","32","84535","0","128","3560","185303","275","0","1435","8224675","972","0","161","0","269","0","890354","303750","20250","15658","651","22626233","0","651","73751","0","0","0","493676","432450","737","32642","96000","192000","1465","17712658","1862","508993","0","3150884","96","0","32000","40902","5786","425184","6","4480","4774","106","2655058","64","46688","46688","192","1046090","424458","128","114","1170617","406","160"
"r3","people","A","control","12300","21600","32","31","1","31","31","78723","0","124","2713","169514","264","0","1401","7251527","957","0","159","0","270","0","798862","291570","19438","14696","608","22879964","0","608","74998","0","0","0","483146","444298","724","31010","223200","93000","1431","17750059","1802","511421","0","3170604","93","0","31000","41911","5020","366740","0","4340","4126","88","2726776","62","46931","46931","186","1115130","432698","124","110","1177313","410","155"
"r3","people","A","control","12600","21600","32","31","1","31","31","79935","0","124","2164","169514","265","0","1401","7251527","963","0","159","0","274","0","798862","294375","19625","14696","608","24186710","0","608","78583","0","0","0","501539","466068","729","29742","279000","260400","1431","18290659","1802","539979","0","3312105","93","0","31000","44073","4970","372201","2","4340","3846","83","2859845","62","49043","49043","217","1188476","460044","124","110","1211449","414","155"
"r3","people","A","control","12900","21600","32","31","1","31","31","81202","0","124","1701","169514","268","0","1401","7251527","981","0","160","0","283","0","798862","297270","19818","14696","608","25526496","0","608","82158","0","0","0","521161","492918","742","29116","93000","260400","1431","18831259","1802","567248","0","3515672","93","0","31000","46525","5522","411881","1","4340","3118","65","3024102","62","52047","52047","217","1271793","486046","124","111","1264750","427","155"
"r3","people","A","control","13200","21600","32","31","1","31","31","82455","0","124","1702","169514","269","0","1401","7251527","993","0","162","0","290","0","798862","302025","20135","14696","608","26907408","0","608","86197","0","0","0","541422","517106","752","27646","148800","93000","1431","19371859","1802","592440","0","3663667","93","0","31000","48840","5373","405701","5","4340","2939","60","3173127","62","54213","54213","217","1344404","509985","124","111","1321122","435","155"
"r3","people","A","control","13500","21600","32","31","1","31","31","83721","0","124","1842","169514","272","0","1401","7251527","1000","0","162","0","292","0","798862","307875","20525","14696","608","28281298","0","608","89751","0","0","0","561833","540460","757","27096","279000","186000","1431","19912459","1802","618601","0","3806332","93","0","31000","51031","5276","402269","4","4340","2876","57","3316490","62","56307","56307","217","1419749","534880","124","111","1365713","437","155"
"r3","people","A","control","13800","21600","32","31","1","31","31","84802","0","124","1299","169514","278","0","1401","7251527","1018","0","162","0","300","0","798862","310920","20728","14696","608","29696253","0","608","93763","0","0","0","583401","567992","771","25884","148800","279000","1431","20453059","1802","638195","0","3995050","93","0","31000","53517","5622","413675","4","4340","2416","44","3484352","62","59139","59139","217","1513779","553393","124","112","1429401","447","155"
"r3","people","A","control","14100","21600","32","31","1","31","31","86076","0","124","1252","169514","280","0","1401","7251527","1026","0","163","0","305","0","798862","315225","21015","14696","608","31127622","0","608","97595","0","0","0","601839","589414","779","25176","93000","111600","1431","20993659","1802","662490","0","4135892","93","0","31000","55650","5569","420811","8","4340","2472","46","3614644","62","61219","61219","217","1579450","576414","124","114","1473141","452","155"
"r3","people","A","control","14400","21600","32","31","1","31","31","87110","0","124","847","169514","284","0","1401","7251527","1035","0","165","0","307","0","798862","318135","21209","14696","608","32539076","0","608","101139","0","0","0","618674","615024","787","24668","279000","111600","1431","21534259","1802","683706","0","4274156","93","0","31000","57982","5279","404557","0","4340","2289","40","3770422","62","63261","63261","248","1660473","596596","124","114","1525420","454","155"
"r3","people","A","control","14700","21600","32","31","1","31","31","88383","0","124","1140","169514","288","0","1401","7251527","1048","0","166","0","310","0","798862","323190","21546","14696","608","34054488","0","608","104979","0","0","0","637133","640154","795","22826","223200","279000","1431","22074859","1802","710269","0","4479694","93","0","31000","60341","5974","449324","0","4340","2564","49","3925880","62","66315","66315","248","1741592","621886","124","114","1578509","461","155"
"r3","people","A","control","15000","21600","32","31","1","31","31","89721","0","124","1263","169514","290","0","1401","7251527","1056","0","166","0","315","0","798862","328365","21891","14696","608","35587665","0","608","108540","0","0","0","657976","662592","802","22454","93000","186000","1431","22615459","1802","737080","0","4630611","93","0","31000","62467","6108","460567","4","4340","2708","55","4063325","62","68575","68575","248","1812116","647359","124","114","1620848","467","155"
"r3","people","A","control","15300","21600","32","28","4","28","28","76229","0","112","1224","154377","248","0","1272","5752405","956","0","159","0","294","0","656553","288210","19214","12802","529","32835753","0","529","99729","0","0","0","602632","615212","729","21480","201600","84000","1299","20887462","1622","673659","0","4258724","84","0","28000","57906","5180","383925","8","3920","2316","45","3773432","56","63086","63086","224","1723433","597430","112","104","1477707","432","140"
"r3","people","A","control","15600","21600","32","28","4","28","28","77334","0","112","1230","154377","250","0","1272","5752405","966","0","159","0","299","0","656553","292620","19508","12802","529","34304713","0","529","103162","0","0","0","624857","635778","736","20606","252000","235200","1299","21374062","1622","695445","0","4447625","84","0","28000","59995","5865","445194","8","3920","2318","44","3898092","56","65860","65860","224","1791487","618111","112","105","1515499","438","140"
"r3","people","A","control","15900","21600","32","28","4","28","28","78479","0","112","885","154377","252","0","1272","5752405","974","0","159","0","302","0","656553","295245","19683","12802","529","35755292","0","529","106479","0","0","0","646757","661466","741","20104","84000","235200","1299","21860662","1622","718108","0","4584271","84","0","28000","62308","5578","424862","0","3920","2141","38","4055449","56","67886","67886","224","1875136","639629","112","105","1566165","443","140"
"r3","people","A","control","16200","21600","32","26","6","26","26","69171","0","104","966","121573","231","0","1196","4624668","914","0","150","0","287","0","533659","278745","18583","10586","436","34120876","0","436","101934","0","0","0","600523","634724","694","19188","124800","78000","1222","20784142","1502","683888","0","4372015","78","0","26000","59803","5016","380286","1","3640","2195","43","3891750","52","64819","64819","234","1810233","614717","104","98","1497608","423","130"
"r3","people","A","control","16500","21600","32","26","6","26","26","70268","0","104","941","121573","233","0","1196","4624668","928","0","151","0","294","0","533659","282570","18838","10586","436","35547406","0","436","105144","0","0","0","620396","654566","704","18778","234000","156000","1222","21234742","1502","705093","0","4564335","78","0","26000","61670","5927","447373","5","3640","2136","41","4013273","52","67597","67597","234","1876317","634825","104","99","1535552","434","130"
"r3","people","A","control","16800","21600","32","26","6","26","26","71444","0","104","745","121573","235","0","1196","4624668","939","0","152","0","298","0","533659","285360","19024","10586","436","37010863","0","436","108668","0","0","0","640697","681054","711","17892","124800","234000","1222","21685342","1502","729114","0","4701014","78","0","26000","64074","5581","412787","1","3640","1867","34","4176645","52","69655","69655","234","1967264","657670","104","99","1591849","441","130"
"r3","people","A","control","17100","21600","32","25","7","25","25","70012","0","100","1065","121573","226","0","1142","4614602","903","0","146","0","286","0","531194","271815","18121","10308","427","36621900","0","427","106780","0","0","0","641866","667678","683","17404","75000","90000","1167","21216965","1442","716625","0","4605362","75","0","25000","62929","5315","405580","4","3500","2052","39","4093386","50","68244","68244","225","1920680","646613","100","95","1562477","427","125"
"r3","people","A","control","17400","21600","32","25","7","25","25","71155","0","100","837","121573","227","0","1142","4614602","913","0","147","0","291","0","531194","274650","18310","10308","427","38062231","0","427","109928","0","0","0","659602","692122","690","16878","225000","90000","1167","21649565","1442","739900","0","4785187","75","0","25000","65178","5714","434193","2","3500","1954","36","4243627","50","70892","70892","225","2001042","668745","100","96","1610052","433","125"
"r3","people","A","control","17700","21600","32","24","8","24","24","71630","0","96","1110","121523","219","0","1088","4594691","895","0","146","0","290","0","528155","271515","18101","10126","420","38111620","0","420","109244","0","0","0","650925","692026","679","15500","172800","216000","1112","21151730","1382","729767","0","4752684","72","0","24000","65152","5302","400027","5","3360","2172","42","4243745","48","70454","70454","216","2034416","658137","96","93","1588474","428","120"
"r3","people","A","control","18000","21600","32","24","8","24","24","72589","0","96","891","121523","219","0","1088","4594691","896","0","146","0","291","0","528155","275085","18339","10126","420","39515012","0","420","112368","0","0","0","667069","711654","680","15236","72000","144000","1112","21566330","1382","749464","0","4877247","72","0","24000","67007","5325","403431","3","3360","2094","40","4364921","48","72332","72332","240","2100390","676875","96","93","1623962","429","120"
"r3","people","A","control","18300","21600","32","23","9","23","23","71955","0","92","776","121498","212","0","1041","4417515","860","0","141","0","278","0","510478","266805","17787","9714","402","39187625","0","402","110898","0","0","0","664106","706286","654","14300","165600","69000","1064","21038609","1322","735309","0","4854809","69","0","23000","66413","5617","412092","1","3220","1902","37","4331803","46","72030","72030","230","2101846","663354","92","89","1605562","412","115"
"r3","people","A","control","18600","21600","32","22","10","22","22","68922","0","88","948","121498","206","0","1003","4090632","841","0","141","0","267","0","448561","267765","17851","9242","382","39004801","0","382","110455","0","0","0","647387","700012","636","13788","198000","184800","1025","20510513","1262","726381","0","4807428","66","0","22000","65972","5342","406419","7","3080","2051","41","4292195","44","71314","71314","220","2116482","657459","88","85","1558146","400","110"
"r3","people","A","control","18900","21600","32","21","11","21","21","67533","0","84","630","119318","201","0","955","3960948","821","0","137","0","258","0","433726","257340","17156","8642","360","38406121","0","360","108325","0","0","0","629579","689372","617","13392","63000","176400","976","19869158","1202","710595","0","4707332","63","0","21000","64948","4907","378657","0","2940","1713","33","4225673","42","69855","69855","210","2080432","643062","84","81","1537648","390","105"
"r3","people","A","control","19200","21600","32","20","12","20","20","67268","0","80","684","116904","188","0","905","3852707","785","0","131","0","249","0","423649","247275","16485","8212","340","37968217","0","340","105619","0","0","0","621722","675580","588","12734","96000","60000","925","19198682","1142","699118","0","4635345","60","0","20000","63601","5149","389351","1","2800","1580","31","4143005","40","68750","68750","200","2034702","631850","80","78","1512174","376","100"
"r3","people","A","control","19500","21600","32","20","12","20","20","68254","0","80","681","116904","189","0","905","3852707","790","0","131","0","251","0","423649","250500","16700","8212","340","39279393","0","340","108327","0","0","0","638001","693348","591","12306","180000","120000","925","19541282","1142","718540","0","4749260","60","0","20000","65294","5132","393344","10","2800","1600","30","4251516","40","70426","70426","200","2093618","650286","80","79","1543758","380","100"
"r3","people","A","control","19800","21600","32","18","14","18","18","63907","0","72","513","116904","175","0","803","3777698","731","0","122","0","229","0","411302","236430","15762","7680","319","37107265","0","319","102228","0","0","0","596219","655576","544","11680","86400","162000","821","17830747","1023","668874","0","4445853","54","0","18000","61651","4314","325173","0","2520","1395","24","4019699","36","65965","65965","198","2001050","604967","72","72","1450756","349","90"
"r3","people","A","control","20100","21600","32","18","14","18","18","64746","0","72","772","116904","178","0","803","3777698","736","0","122","0","231","0","411302","240015","16001","7680","319","38350959","0","319","104942","0","0","0","610969","671176","549","11282","54000","64800","821","18137647","1023","685199","0","4595610","54","0","18000","63208","4975","378712","6","2520","1695","34","4114758","36","68183","68183","198","2049186","620453","72","72","1482513","351","90"
"r3","people","A","control","20400","21600","32","17","15","17","17","62627","0","68","507","116892","162","0","749","3759365","690","0","116","0","222","0","408522","222390","14826","7574","313","36848537","0","313","100418","0","0","0","595841","646394","517","11074","153000","61200","766","17323829","963","648982","0","4405523","51","0","17000","60846","4507","347460","0","2380","1397","26","3962903","34","65353","65353","187","2003620","586355","68","68","1405461","337","85"
"r3","people","A","control","20700","21600","32","16","16","16","16","59541","0","64","717","116892","154","0","700","3662150","652","0","113","0","206","0","395557","206175","13745","7274","299","35610952","0","299","95672","0","0","0","582122","620104","489","10340","115200","144000","716","16488338","903","626819","0","4208614","48","0","16000","58326","4123","315228","0","2240","1544","30","3802252","32","62449","62449","176","1942212","567278","64","64","1324355","312","80"
"r3","people","A","control","21000","21600","32","16","16","16","16","60366","0","64","763","116892","154","0","700","3662150","659","0","115","0","210","0","395557","209490","13966","7274","299","36767311","0","299","97986","0","0","0","596344","635096","495","10236","48000","96000","716","16759238","903","642390","0","4343351","48","0","16000","59760","4683","357418","1","2240","1593","31","3894502","32","64443","64443","176","1991972","582024","64","64","1351571","316","80"
"r3","people","A","control","21300","21600","32","15","17","15","15","58501","0","60","601","116874","144","0","646","3644591","626","0","112","0","199","0","392770","202980","13532","6994","290","35821237","0","290","95230","0","0","0","581561","620342","470","9702","108000","45000","661","15990742","843","617228","0","4204466","45","0","15000","58252","4103","309606","0","2100","1270","24","3804547","30","62355","62355","165","1967696","558727","60","60","1309936","296","75"
"r3","people","A","control","21600","21600","32","15","17","15","15","59254","0","60","622","116874","145","0","646","3644591","629","0","112","0","199","0","392770","205710","13714","6994","290","36928946","0","290","97441","0","0","0","595451","634194","471","9304","135000","126000","661","16243642","843","633353","0","4298307","45","0","15000","59636","4081","317024","3","2100","1303","26","3889290","30","63717","63717","180","2015011","574099","60","60","1332919","296","75"
"r3","people","A","interception-off","0","21600","32","32","0","32","32","0","0","128","2880","0","0","0","0","0","0","0","0","0","0","0","0","0","0","0","0","0","0","0","0","0","0","0","0","0","32","57600","192000","192000","192","0","192","0","0","0","96","0","32000","0","0","0","0","4480","2880","64","0","32","0","0","0","0","0","128","32","0","32","160"
"r3","people","A","interception-off","300","21600","32","32","0","32","32","1236","0","128","2866","0","1","0","0","202295","5","0","0","0","2","0","51808","0","0","0","171","97756","0","0","86","0","0","0","1740","556","35","56680","230400","96000","224","61440","224","1236","0","43442","96","0","32000","61","579","38608","20","4480","3094","64","3473","32","640","640","0","1899","0","128","33","1699","36","160"
"r3","people","A","interception-off","600","21600","32","32","0","32","32","5692","0","128","2811","2223","24","0","29","599398","83","0","15","0","22","0","113287","915","61","0","455","296717","0","0","535","0","8","0","15569","2464","93","53974","288000","268800","272","139133","301","5875","0","76336","96","0","32000","264","856","57067","25","4480","3319","64","15477","32","1120","1120","0","7268","183","128","46","6126","66","160"
"r3","people","A","interception-off","900","21600","32","32","0","32","32","9943","0","128","2579","6246","30","0","117","1106230","130","0","25","0","42","0","174052","1380","92","0","1124","531624","0","0","1371","0","15","0","24164","5840","129","51584","96000","268800","329","244186","401","11906","0","108415","96","0","32000","602","995","65059","17","4480","3305","63","36564","32","1597","1597","0","15684","1963","128","58","15766","93","160"
"r3","people","A","interception-off","1200","21600","32","32","0","32","32","13951","0","128","2418","14076","42","0","254","1702988","181","0","30","0","63","0","231581","2820","188","0","1784","788506","0","0","2660","0","17","0","37105","10532","167","50364","153600","96000","484","393158","572","20080","0","149664","96","0","32000","1065","1155","73799","6","4480","3307","67","65667","32","2220","2220","0","24034","6129","128","65","31751","122","160"
"r3","people","A","interception-off","1500","21600","32","32","0","32","32","18958","0","128","2493","32076","56","0","350","2363369","245","0","35","0","86","0","296441","6255","417","0","2809","1052008","0","0","3704","0","17","0","51617","15820","209","49060","288000","192000","616","585264","704","30753","0","181120","96","0","32000","1591","1111","72476","13","4480","3700","77","97539","32","2702","2702","0","32769","11795","128","74","45122","156","160"
"r3","people","A","interception-off","1800","21600","32","32","0","32","32","22020","0","128","2509","47479","65","0","420","2972651","292","0","42","0","103","0","359850","9915","661","0","3600","1322440","0","0","4787","0","18","0","66188","21674","242","47702","153600","288000","643","807282","778","38206","0","215299","96","0","32000","2137","1062","68071","7","4480","3932","83","133766","32","3199","3199","32","44449","16186","128","81","64573","180","160"
"r3","people","A","interception-off","2100","21600","32","32","0","32","32","27634","0","128","2835","59718","77","0","491","3512882","326","0","46","0","110","0","417829","14685","979","0","4169","1621270","0","0","5927","0","20","0","79925","27354","265","46794","96000","115200","705","1055429","868","49200","0","271592","96","0","32000","2672","1362","90620","10","4480","4288","91","168764","32","4034","4034","32","52475","21566","128","84","79297","191","160"
"r3","people","A","interception-off","2400","21600","32","32","0","32","32","33041","0","128","3265","70679","88","0","587","3987901","364","0","51","0","123","0","469611","20220","1348","0","5275","1946555","0","0","7025","0","20","0","97455","34332","294","46102","288000","115200","799","1332169","979","61556","0","316396","96","0","32000","3349","1340","92248","3","4480","4783","103","210742","32","4689","4689","32","63359","28515","128","90","99233","208","160"
"r3","people","A","interception-off","2700","21600","32","32","0","32","32","35733","0","128","3594","83417","99","0","691","4527847","395","0","56","0","130","0","525430","26340","1756","0","5587","2300877","0","0","8310","0","20","0","114477","41432","317","44978","230400","288000","908","1642177","1092","71198","0","362955","96","0","32000","4029","1343","92918","5","4480","5335","119","254205","32","5372","5372","32","75205","35465","128","95","123634","216","160"
"r3","people","A","interception-off","3000","21600","32","32","0","32","32","40497","0","128","3730","98576","106","0","787","5013389","425","0","64","0","138","0","579004","32580","2172","0","6020","2669400","0","0","9436","0","20","0","132093","48882","340","44522","96000","192000","987","1986184","1199","83525","0","427558","96","0","32000","4718","1629","111598","3","4480","5733","127","300118","32","6347","6347","32","87447","43028","128","96","144988","227","160"
"r3","people","A","interception-off","3300","21600","32","32","0","32","32","44931","0","128","4078","116050","114","0","890","5575506","461","0","69","0","151","0","632007","41100","2740","0","6677","3051308","0","0","10891","0","20","0","149866","58254","366","43698","230400","96000","1106","2362454","1318","94685","0","479696","96","0","32000","5573","1521","102880","2","4480","6071","137","357653","32","7094","7094","32","103318","49754","128","100","178813","244","160"
"r3","people","A","interception-off","3600","21600","32","32","0","32","32","50121","0","128","4330","132297","122","0","974","6112929","488","0","75","0","157","0","684576","51240","3416","0","7072","3443060","0","0","12215","0","20","0","171436","65678","386","42994","288000","268800","1159","2770964","1402","107518","0","530147","96","0","32000","6276","1567","107481","6","4480","6405","144","403518","32","7843","7843","64","115712","57397","128","102","199436","251","160"
"r3","people","A","interception-off","3900","21600","32","32","0","32","32","52443","0","128","4305","144376","131","0","1050","6519180","519","0","82","0","162","0","730563","59445","3963","0","7681","3866253","0","0","13581","0","20","0","189442","75790","407","42316","96000","268800","1238","3206021","1489","118398","0","614047","96","0","32000","7213","1814","130430","0","4480","6411","147","465082","32","9027","9027","64","134456","65955","128","104","230763","259","160"
"r3","people","A","interception-off","4200","21600","32","32","0","32","32","57237","0","128","4564","161529","138","0","1111","6934162","549","0","88","0","171","0","773229","70020","4668","0","8359","4328680","0","0","15195","0","21","0","208505","84908","429","41638","153600","96000","1283","3662075","1555","130101","0","673018","96","0","32000","8049","1860","129354","6","4480","6544","149","521833","32","9909","9909","64","150096","72864","128","107","263467","270","160"
"r3","people","A","interception-off","4500","21600","32","32","0","32","32","61887","0","128","4558","180217","145","0","1152","7360823","578","0","92","0","177","0","816117","79665","5311","0","9015","4787874","0","0","16778","0","21","0","226434","94192","446","41274","288000","192000","1319","4134756","1599","144905","0","730685","96","0","32000","8908","1859","130473","4","4480","6571","149","579244","32","10767","10767","64","168170","83018","128","107","287137","280","160"
"r3","people","A","interception-off","4800","21600","32","32","0","32","32","63766","0","128","4187","188445","153","0","1209","7675310","601","0","96","0","183","0","843520","87615","5841","0","9559","5268900","0","0","18554","0","21","0","241847","106134","464","40494","153600","288000","1303","4621874","1647","157459","0","809744","96","0","32000","10002","1951","133324","0","4480","6197","139","651784","32","11953","11953","64","193547","93693","128","107","325414","288","160"
"r3","people","A","interception-off","5100","21600","32","32","0","32","32","65901","0","128","4024","191561","157","0","1262","7855408","614","0","99","0","187","0","859149","95805","6387","0","9820","5740554","0","0","20266","0","21","0","252273","114862","475","40136","96000","115200","1327","5122988","1697","170721","0","865448","96","0","32000","10850","1938","134089","5","4480","5985","136","705496","32","12788","12788","64","209960","104820","128","108","350678","292","160"
"r3","people","A","interception-off","5400","21600","32","32","0","32","32","67327","0","128","3612","193632","163","0","1304","7949583","628","0","102","0","190","0","869309","102105","6807","0","10295","6192640","0","0","21977","0","21","0","261039","125336","487","39952","288000","115200","1370","5638202","1740","184088","0","919754","96","0","32000","11830","1766","125418","0","4480","5697","128","768597","32","13596","13596","96","231763","116761","128","108","378485","295","160"
"r3","people","A","interception-off","5700","21600","32","32","0","32","32","68378","0","128","3905","195963","169","0","1341","8070093","646","0","107","0","194","0","878155","111690","7446","0","10513","6687148","0","0","23838","0","21","0","269217","135236","502","39426","230400","288000","1384","6165987","1774","198194","0","1005835","96","0","32000","12764","2089","147717","3","4480","5967","132","829944","32","14853","14853","96","253082","129816","128","109","406842","299","160"
"r3","people","A","interception-off","6000","21600","32","32","0","32","32","69204","0","128","4049","196155","177","0","1369","8082968","668","0","109","0","200","0","878563","121095","8073","0","10759","7186970","0","0","25595","0","21","0","274503","144880","518","39220","96000","192000","1401","6701205","1800","211577","0","1067632","96","0","32000","13679","2088","149866","2","4480","6086","136","889378","32","15767","15767","96","274462","142373","128","110","431727","308","160"
"r3","people","A","interception-off","6300","21600","32","32","0","32","32","69982","0","128","4042","196155","184","0","1388","8084680","685","0","111","0","203","0","878583","129600","8640","0","11014","7690342","0","0","27494","0","21","0","280628","156926","530","38718","230400","96000","1420","7243833","1819","223776","0","1129869","96","0","32000","14761","1931","135097","0","4480","5995","134","963698","32","16692","16692","96","301348","153794","128","111","469648","312","160"
"r3","people","A","interception-off","6600","21600","32","32","0","32","32","70661","0","128","4395","196155","190","0","1407","8086654","702","0","112","0","209","0","878603","140820","9388","0","11062","8221236","0","0","29413","0","21","0","285475","165998","543","38368","288000","268800","1439","7791402","1838","235943","0","1214341","96","0","32000","15667","2300","163404","5","4480","6395","144","1018953","32","17967","17967","96","321563","165282","128","112","493431","318","160"
"r3","people","A","interception-off","6900","21600","32","32","0","32","32","71396","0","128","3956","196161","193","0","1409","8087353","718","0","115","0","214","0","878610","146970","9798","0","11107","8754054","0","0","31341","0","21","0","291796","177612","554","38040","96000","268800","1441","8342884","1840","247280","0","1276429","96","0","32000","16757","2146","155386","0","4480","6068","134","1089184","32","18903","18903","96","350795","175884","128","112","522968","323","160"
"r3","people","A","interception-off","7200","21600","32","32","0","32","32","72156","0","128","4359","196161","200","0","1414","8087353","735","0","117","0","219","0","878610","157395","10493","0","11107","9296010","0","0","33301","0","21","0","297581","188470","568","37680","153600","96000","1446","8895130","1845","261026","0","1340468","96","0","32000","17780","2063","148590","4","4480","6546","149","1156491","32","19843","19843","128","374950","188870","128","113","555902","329","160"
"r3","people","A","interception-off","7500","21600","32","32","0","32","32","72975","0","128","4687","196161","203","0","1414","8087353","750","0","123","0","221","0","878610","167550","11170","0","11121","9872756","0","0","35239","0","21","0","303344","198890","579","37438","288000","192000","1446","9448630","1845","274935","0","1439422","96","0","32000","18761","2523","183641","5","4480","6861","158","1220996","32","21284","21284","128","400681","201960","128","113","580165","331","160"
"r3","people","A","interception-off","7800","21600","32","32","0","32","32","73734","0","128","4933","196161","209","0","1419","8087353","767","0","126","0","227","0","878610","177705","11847","0","11121","10479661","0","0","37460","0","21","0","309872","212154","594","37242","153600","288000","1451","10002550","1850","285049","0","1515487","96","0","32000","19971","2423","174849","0","4480","6992","159","1302403","32","22394","22394","128","432748","211315","128","114","622841","339","160"
"r3","people","A","interception-off","8100","21600","32","32","0","32","32","74504","0","128","5065","196161","211","0","1426","8087353","774","0","127","0","229","0","878610","188265","12551","0","11121","11110973","0","0","39588","0","21","0","316957","222802","599","37096","96000","115200","1458","10557904","1857","297939","0","1588644","96","0","32000","21021","2457","180747","3","4480","7282","167","1368007","32","23478","23478","128","455805","223435","128","115","654153","342","160"
"r3","people","A","interception-off","8400","21600","32","32","0","32","32","75246","0","128","4913","196161","220","0","1429","8087353","796","0","127","0","235","0","878610","196215","13081","0","11154","11765323","0","0","41745","0","21","0","323877","235986","614","36854","288000","115200","1461","11115181","1860","310501","0","1691464","96","0","32000","22240","2750","202017","2","4480","7185","164","1448208","32","24990","24990","128","490159","235255","128","115","688787","351","160"
"r3","people","A","interception-off","8700","21600","32","32","0","32","32","75956","0","128","5394","196161","227","0","1434","8087353","808","0","130","0","236","0","878610","208890","13926","0","11174","12446262","0","0","44038","0","21","0","331828","248848","625","36216","230400","288000","1466","11673770","1865","323408","0","1767422","96","0","32000","23435","2697","195086","1","4480","7520","173","1528125","32","26132","26132","128","521149","247452","128","115","727779","352","160"
"r3","people","A","interception-off","9000","21600","32","32","0","32","32","76764","0","128","5155","196161","231","0","1434","8087353","826","0","132","0","241","0","878610","217830","14522","0","11197","13124551","0","0","46252","0","21","0","339298","260750","636","36202","96000","192000","1466","12233270","1865","337947","0","1842641","96","0","32000","24555","2683","195743","0","4480","7601","172","1601588","32","27238","27238","160","551116","261183","128","116","757835","360","160"
"r3","people","A","interception-off","9300","21600","32","32","0","32","32","77487","0","128","5107","196167","234","0","1441","8088458","846","0","134","0","248","0","878617","227100","15140","0","11197","13848342","0","0","48766","0","21","0","347354","275646","648","35784","230400","96000","1473","12793300","1872","349813","0","1958219","96","0","32000","25931","2992","216098","1","4480","7452","172","1692610","32","28923","28923","160","588849","272326","128","117","803459","370","160"
"r3","people","A","interception-off","9600","21600","32","32","0","32","32","78420","0","128","5383","196167","238","0","1442","8088458","854","0","135","0","251","0","878617","240255","16017","0","11212","14601516","0","0","51093","0","21","0","354874","287508","656","35418","288000","268800","1474","13355012","1873","364241","0","2041158","96","0","32000","27108","3057","225459","6","4480","7745","179","1765364","32","30165","30165","160","616682","285821","128","117","834776","373","160"
"r3","people","A","interception-off","9900","21600","32","32","0","32","32","79273","0","128","4892","196167","244","0","1442","8088458","868","0","138","0","253","0","878617","247335","16489","0","11212","15353728","0","0","53564","0","21","0","361482","302768","667","34986","96000","268800","1474","13916912","1873","378014","0","2123571","96","0","32000","28494","2891","214168","0","4480","7441","171","1858682","32","31385","31385","160","655146","298741","128","117","876243","376","160"
"r3","people","A","interception-off","10200","21600","32","32","0","32","32","80190","0","128","5240","196167","249","0","1444","8088458","882","0","140","0","256","0","878617","260355","17357","0","11212","16150163","0","0","56163","0","21","0","369716","316880","677","34484","153600","96000","1476","14478886","1875","392701","0","2239400","96","0","32000","29827","3256","239714","0","4480","7759","180","1945765","32","33083","33083","160","685565","312511","128","118","921420","381","160"
"r3","people","A","interception-off","10500","21600","32","32","0","32","32","81070","0","128","5347","196167","251","0","1445","8088458","890","0","142","0","259","0","878617","272340","18156","0","11212","16946460","0","0","58650","0","21","0","375099","329978","684","34306","288000","192000","1477","15041408","1876","407065","0","2324325","96","0","32000","31059","3258","244049","1","4480","7890","181","2025962","32","34317","34317","160","718006","325995","128","119","955205","384","160"
"r3","people","A","interception-off","10800","21600","32","32","0","32","32","81981","0","128","5192","196167","256","0","1445","8088458","909","0","146","0","263","0","878617","280890","18726","0","11212","17752916","0","0","61228","0","21","0","382357","346476","697","34046","153600","288000","1477","15604208","1876","423032","0","2408478","96","0","32000","32548","3029","221932","0","4480","7884","181","2127509","32","35577","35577","192","758652","341051","128","119","1004862","390","160"
"r3","people","A","interception-off","11100","21600","32","32","0","32","32","82989","0","128","5318","196167","259","0","1446","8088458","928","0","149","0","269","0","878617","294390","19626","0","11212","18863919","0","0","64166","0","21","0","394236","362652","709","33798","96000","115200","1478","16167090","1877","438297","0","2648344","96","0","32000","34169","5012","361996","7","4480","7086","163","2226985","64","39181","39181","192","793195","355308","128","120","1054856","399","160"
"r3","people","A","interception-off","11400","21600","32","32","0","32","32","84115","0","128","4862","196167","265","0","1446","8088458","947","0","153","0","271","0","878617","300840","20056","0","11212","20131298","0","0","67911","0","21","0","420846","385834","721","33472","288000","115200","1478","16730190","1877","460200","0","2820506","96","0","32000","36424","5273","388616","0","4480","5961","137","2368825","64","41697","41697","192","854631","376085","128","120","1117059","403","160"
"r3","people","A","interception-off","11700","21600","32","31","1","31","31","77437","0","124","4720","180378","254","0","1413","7115376","926","0","154","0","268","0","787125","295785","19719","0","10242","20452757","0","0","69259","0","21","0","425113","396338","707","32236","223200","279000","1444","16806984","1817","464030","0","2855851","93","0","31000","37386","4821","355746","1","4340","5031","113","2434429","62","42207","42207","186","911004","386593","124","117","1125071","397","155"
"r3","people","A","interception-off","12000","21600","32","31","1","31","31","78770","0","124","3593","180378","256","0","1413","7115376","939","0","156","0","273","0","787125","297555","19837","0","10242","21778938","0","0","72823","0","21","0","455622","419320","716","31934","93000","186000","1444","17352084","1817","490063","0","3056847","93","0","31000","39599","5624","415516","6","4340","4845","108","2574913","62","45223","45223","186","978764","411293","124","117","1172504","405","155"
"r3","people","A","interception-off","12300","21600","32","31","1","31","31","80077","0","124","2912","180378","259","0","1413","7115376","959","0","156","0","283","0","787125","299895","19993","0","10242","23098693","0","0","76905","0","21","0","479412","449338","729","30460","223200","93000","1444","17897184","1817","516615","0","3208217","93","0","31000","42325","5102","373317","0","4340","4477","98","2758139","62","47427","47427","186","1078420","436538","124","117","1239865","421","155"
"r3","people","A","interception-off","12600","21600","32","31","1","31","31","81315","0","124","2330","180378","259","0","1413","7115376","966","0","156","0","288","0","787125","302655","20177","0","10242","24426387","0","0","80725","0","21","0","499147","471030","734","29436","279000","260400","1444","18442284","1817","544969","0","3353853","93","0","31000","44470","5117","382954","2","4340","4187","91","2890979","62","49587","49587","217","1150845","463654","124","117","1275085","428","155"
"r3","people","A","interception-off","12900","21600","32","31","1","31","31","82605","0","124","1918","180378","263","0","1413","7115376","982","0","156","0","295","0","787125","305955","20397","0","10242","25791832","0","0","84462","0","21","0","520067","498828","745","28704","93000","260400","1444","18987384","1817","570796","0","3561135","93","0","31000","46994","5653","421535","2","4340","3486","74","3060775","62","52647","52647","217","1234937","488191","124","118","1333867","438","155"
"r3","people","A","interception-off","13200","21600","32","31","1","31","31","83895","0","124","1993","180378","266","0","1413","7115376","998","0","159","0","302","0","787125","311655","20777","0","10242","27195145","0","0","88637","0","21","0","541446","524404","758","27686","148800","93000","1444","19532484","1817","597157","0","3710325","93","0","31000","49413","5446","407502","5","4340","3320","67","3218327","62","54859","54859","217","1306546","513262","124","118","1399120","446","155"
"r3","people","A","interception-off","13500","21600","32","31","1","31","31","85181","0","124","2268","180378","268","0","1413","7115376","1008","0","159","0","306","0","787125","318390","21226","0","10242","28578859","0","0","92438","0","21","0","562069","548200","764","27174","279000","186000","1444","20077584","1817","622942","0","3856311","93","0","31000","51644","5367","405179","4","4340","3386","69","3364495","62","57011","57011","217","1379109","537761","124","118","1449081","452","155"
"r3","people","A","interception-off","13800","21600","32","31","1","31","31","86276","0","124","1873","180378","272","0","1413","7115376","1023","0","160","0","312","0","787125","322380","21492","0","10242","30014419","0","0","96724","0","21","0","582011","576062","775","25706","148800","279000","1444","20622684","1817","643705","0","4055860","93","0","31000","54200","5767","424792","3","4340","3095","62","3534194","62","59967","59967","217","1471278","557429","124","119","1516085","462","155"
"r3","people","A","interception-off","14100","21600","32","31","1","31","31","87596","0","124","1827","180378","273","0","1413","7115376","1035","0","161","0","320","0","787125","327330","21822","0","10242","31470845","0","0","100718","0","21","0","600491","598414","785","24712","93000","111600","1444","21167784","1817","669896","0","4202479","93","0","31000","56418","5723","431128","10","4340","3145","65","3670996","62","62141","62141","217","1536120","582300","124","119","1565335","472","155"
"r3","people","A","interception-off","14400","21600","32","31","1","31","31","88758","0","124","1422","180378","276","0","1413","7115376","1045","0","163","0","324","0","787125","330780","22052","0","10242","32920846","0","0","104225","0","21","0","619909","624972","794","24266","279000","111600","1444","21712884","1817","691606","0","4346378","93","0","31000","58846","5423","415739","0","4340","3008","57","3832493","62","64269","64269","248","1614531","602848","124","119","1624502","476","155"
"r3","people","A","interception-off","14700","21600","32","31","1","31","31","90108","0","124","1515","180378","281","0","1413","7115376","1054","0","163","0","325","0","787125","336060","22404","0","10242","34473633","0","0","108188","0","21","0","639877","651314","800","22690","223200","279000","1444","22257984","1817","719913","0","4557280","93","0","31000","61312","6117","458821","2","4340","3085","63","3995382","62","67429","67429","248","1696022","629805","124","119","1682524","479","155"
"r3","people","A","interception-off","15000","21600","32","31","1","31","31","91501","0","124","1596","180378","283","0","1413","7115376","1065","0","163","0","332","0","787125","341760","22784","0","10242","36017445","0","0","111880","0","21","0","658301","675090","809","22444","93000","186000","1444","22803084","1817","746258","0","4712488","93","0","31000","63579","6166","467136","3","4340","3204","67","4140585","62","69745","69745","248","1764903","654757","124","119","1734191","487","155"
"r3","people","A","interception-off","15300","21600","32","28","4","28","28","74755","0","112","1430","162662","246","0","1296","5224598","968","0","152","0","306","0","601724","294525","19635","0","8854","33112748","0","0","101657","0","18","0","593436","616870","732","21366","201600","84000","1324","21133114","1637","677520","0","4278645","84","0","28000","58038","5256","392058","1","3920","2655","52","3784035","56","63294","63294","224","1640303","602765","112","107","1568764","449","140"
"r3","people","A","interception-off","15600","21600","32","27","5","27","27","73621","0","108","1601","162662","235","0","1245","5179462","947","0","149","0","302","0","594369","291210","19414","0","8709","33504388","0","0","101691","0","17","0","597146","618550","713","20396","243000","226800","1272","20891027","1577","674925","0","4329901","81","0","27000","58315","5768","433238","8","3780","2708","54","3793186","54","64083","64083","216","1674846","601304","108","105","1546892","443","135"
"r3","people","A","interception-off","15900","21600","32","27","5","27","27","74774","0","108","1184","162662","236","0","1245","5179462","953","0","149","0","305","0","594369","293865","19591","0","8709","34917322","0","0","105077","0","17","0","616857","644040","717","19878","81000","226800","1272","21364127","1577","697566","0","4463585","81","0","27000","60657","5446","412778","0","3780","2503","48","3948872","54","66103","66103","216","1752288","622792","108","105","1600953","448","135"
"r3","people","A","interception-off","16200","21600","32","27","5","27","27","75789","0","108","1322","162662","238","0","1245","5179462","965","0","152","0","309","0","594369","298665","19911","0","8709","36364524","0","0","108924","0","17","0","633533","666318","726","18960","129600","81000","1272","21837227","1577","719853","0","4598530","81","0","27000","62753","5372","406401","1","3780","2622","52","4085912","54","68125","68125","243","1817488","644064","108","105","1654788","454","135"
"r3","people","A","interception-off","16500","21600","32","27","5","27","27","77038","0","108","1244","162662","240","0","1245","5179462","980","0","153","0","316","0","594369","303105","20207","0","8709","37873015","0","0","112467","0","17","0","652454","687550","736","18668","243000","162000","1272","22310327","1577","744103","0","4798171","81","0","27000","64764","6297","472557","4","3780","2570","50","4216019","54","71061","71061","243","1882716","667065","108","106","1698795","465","135"
"r3","people","A","interception-off","16800","21600","32","25","7","25","25","71894","0","100","940","152655","218","0","1150","4876274","912","0","148","0","293","0","560221","277440","18496","0","7671","36089799","0","0","106936","0","12","0","623182","658662","684","17900","120000","225000","1175","21007533","1457","703319","0","4548593","75","0","25000","61961","5447","401547","0","3500","2012","39","4039295","50","67408","67408","225","1856478","631425","100","98","1587249","434","125"
"r3","people","A","interception-off","17100","21600","32","24","8","24","24","70377","0","96","1026","152655","210","0","1096","4866208","879","0","142","0","282","0","557756","263265","17551","0","7554","35658878","0","0","104982","0","12","0","623868","644716","658","17354","72000","86400","1120","20525656","1397","689675","0","4446787","72","0","24000","60754","5181","390492","5","3360","2035","40","3952435","48","65935","65935","216","1810359","619298","96","94","1556261","422","120"
"r3","people","A","interception-off","17400","21600","32","24","8","24","24","71366","0","96","886","152655","210","0","1096","4866208","891","0","144","0","289","0","557756","266145","17743","0","7554","37041158","0","0","108185","0","12","0","641158","668700","667","16992","216000","86400","1120","20944756","1397","710346","0","4619330","72","0","24000","62992","5501","417047","1","3360","1969","38","4098445","48","68493","68493","216","1887777","638980","96","94","1604160","431","120"
"r3","people","A","interception-off","17700","21600","32","23","9","23","23","71720","0","92","1099","152605","202","0","1042","4846297","865","0","142","0","283","0","554717","262755","17517","0","7463","37031310","0","0","107506","0","12","0","632915","667376","650","15908","165600","207000","1065","20433421","1337","700214","0","4583066","69","0","23000","62843","5138","387016","3","3220","2037","39","4091341","46","67981","67981","207","1915976","628494","92","91","1579860","419","115"
"r3","people","A","interception-off","18000","21600","32","22","10","22","22","66578","0","88","769","137258","193","0","1003","4389231","832","0","136","0","271","0","503202","252525","16835","0","6718","36669562","0","0","105372","0","12","0","614990","655566","622","15628","66000","132000","1025","19933678","1277","682163","0","4495139","66","0","22000","61771","4901","373929","2","3080","1778","35","4019134","44","66672","66672","220","1915818","615585","88","87","1523229","403","110"
"r3","people","A","interception-off","18300","21600","32","22","10","22","22","67448","0","88","603","137258","195","0","1003","4389231","838","0","136","0","274","0","503202","254850","16990","0","6718","38024250","0","0","108548","0","12","0","631923","678504","627","14896","158400","66000","1025","20316778","1277","699753","0","4662203","66","0","22000","63850","5332","394492","1","3080","1644","32","4159567","44","69182","69182","220","1994360","632305","88","87","1573598","407","110"
"r3","people","A","interception-off","18600","21600","32","21","11","21","21","64274","0","84","862","137258","189","0","965","4062348","821","0","137","0","263","0","441285","255480","17032","0","6407","37780024","0","0","107975","0","12","0","613311","671260","610","14428","189000","176400","986","19775182","1217","690804","0","4609361","63","0","21000","63275","5093","388635","7","2940","1910","38","4114832","42","68368","68368","210","2003367","626530","84","83","1526555","395","105"
"r3","people","A","interception-off","18900","21600","32","21","11","21","21","65034","0","84","526","137258","190","0","965","4062348","830","0","138","0","268","0","441285","257610","17174","0","6407","39110763","0","0","110923","0","12","0","628740","691998","617","14122","63000","176400","986","20140282","1217","706139","0","4729256","63","0","21000","65191","4953","381604","0","2940","1565","29","4240868","42","70144","70144","210","2075489","641105","84","83","1566024","402","105"
"r3","people","A","interception-off","19200","21600","32","20","12","20","20","64393","0","80","777","137258","183","0","923","4022773","798","0","132","0","256","0","435400","255840","17056","0","6096","38744176","0","0","109474","0","11","0","615999","685454","591","13512","96000","60000","943","19643378","1167","698306","0","4700737","60","0","20000","64532","5176","391301","0","2800","1681","34","4202569","40","69708","69708","200","2057323","633913","80","79","1553807","386","100"
"r3","people","A","interception-off","19500","21600","32","20","12","20","20","65261","0","80","771","137258","185","0","923","4022773","804","0","132","0","258","0","435400","259200","17280","0","6096","40072082","0","0","112136","0","11","0","630287","703304","595","13124","180000","120000","943","19993478","1167","715921","0","4815844","60","0","20000","66237","5161","396620","8","2800","1718","33","4311471","40","71398","71398","200","2116781","650660","80","80","1586522","390","100"
"r3","people","A","interception-off","19800","21600","32","19","13","19","19","63788","0","76","633","137258","180","0","871","3992900","777","0","125","0","253","0","430408","252480","16832","0","5881","39605506","0","0","110430","0","11","0","621991","695504","577","12734","91200","171000","890","19233632","1107","700305","0","4715901","57","0","19000","65394","4563","345098","0","2660","1511","27","4263748","38","69957","69957","209","2095687","636517","76","76","1574811","379","95"
"r3","people","A","interception-off","20100","21600","32","19","13","19","19","64611","0","76","802","137258","181","0","871","3992900","781","0","125","0","256","0","430408","256035","17069","0","5881","40925699","0","0","113259","0","11","0","638906","712196","581","12288","57000","68400","890","19565732","1107","717544","0","4873643","57","0","19000","67048","5247","398980","3","2660","1727","36","4365948","38","72295","72295","209","2148184","652933","76","76","1608935","382","95"
"r3","people","A","interception-off","20400","21600","32","18","14","18","18","62426","0","72","513","137246","165","0","817","3974567","735","0","119","0","247","0","427628","238365","15891","0","5758","39489663","0","0","108903","0","11","0","625024","688586","549","12068","162000","64800","835","18777114","1047","681588","0","4688699","54","0","18000","64776","4775","365259","0","2520","1411","27","4221488","36","69551","69551","198","2105605","619162","72","72","1536247","368","90"
"r3","people","A","interception-off","20700","21600","32","18","14","18","18","63234","0","72","801","137246","167","0","817","3974567","743","0","120","0","249","0","427628","242100","16140","0","5758","40777637","0","0","111689","0","11","0","641558","707372","554","11354","129600","162000","835","19091214","1047","700534","0","4798963","54","0","18000","66537","4678","356397","1","2520","1720","34","4336879","36","71215","71215","198","2168874","637300","72","72","1573158","372","90"
"r3","people","A","interception-off","21000","21600","32","18","14","18","18","64122","0","72","837","137246","167","0","817","3974567","751","0","122","0","254","0","427628","245625","16375","0","5758","42082261","0","0","114284","0","11","0","656940","724494","561","11248","54000","108000","835","19405314","1047","717071","0","4949713","54","0","18000","68173","5292","401569","1","2520","1833","38","4441921","36","73465","73465","198","2225229","652949","72","72","1605844","377","90"
"r3","people","A","interception-off","21300","21600","32","15","17","15","15","56911","0","60","612","132117","133","0","668","3613375","640","0","107","0","217","0","391203","207105","13807","0","4907","35902981","0","0","97943","0","9","0","575575","624798","472","10726","108000","45000","683","16391271","867","608410","0","4228400","45","0","15000","58659","4092","305087","0","2100","1395","28","3832074","30","62751","62751","165","1947120","551499","60","60","1367783","325","75"
"r3","people","A","interception-off","21600","21600","32","15","17","15","15","57559","0","60","723","132117","134","0","668","3613375","643","0","107","0","217","0","391203","210330","14022","0","4907","37001923","0","0","100305","0","9","0","587659","638568","473","10352","135000","126000","683","16651371","867","623274","0","4323467","45","0","15000","60044","4095","313012","2","2100","1529","32","3916058","30","64139","64139","180","1994856","565715","60","60","1392325","325","75"
"r3","people","A","offense-off","0","21600","32","32","0","32","32","0","0","128","2880","0","0","0","0","0","0","0","0","0","0","0","0","0","0","0","0","0","0","0","0","0","0","0","0","0","32","57600","192000","192000","192","0","192","0","0","0","96","0","32000","0","0","0","0","4480","2880","64","0","32","0","0","0","0","0","128","32","0","32","160"
"r3","people","A","offense-off","300","21600","32","32","0","32","32","0","0","128","2866","0","0","0","0","201108","2","0","2","0","0","0","51808","0","0","210","15","98492","0","15","96","0","0","0","1710","392","34","56586","230400","96000","224","61440","224","0","0","43932","96","0","32000","43","597","40166","20","4480","3092","64","2487","32","640","640","0","1964","0","128","32","1802","32","160"
"r3","people","A","offense-off","600","21600","32","32","0","32","32","0","0","128","2827","1458","16","0","14","631696","74","0","15","0","21","0","116140","975","65","732","56","305002","0","56","658","0","0","0","16075","1914","84","52782","288000","268800","278","138477","293","0","0","76786","96","0","32000","202","918","60962","40","4480","3356","64","12361","32","1120","1120","0","8101","0","128","46","7723","66","160"
"r3","people","A","offense-off","900","21600","32","32","0","32","32","0","0","128","2607","6756","28","0","61","1208011","117","0","21","0","37","0","187060","1530","102","3600","272","559872","0","272","1617","0","0","0","25464","4292","118","49856","96000","268800","318","236902","361","0","0","108827","96","0","32000","434","1165","74068","24","4480","3423","63","27936","32","1599","1599","0","15769","0","128","58","18990","85","160"
"r3","people","A","offense-off","1200","21600","32","32","0","32","32","0","0","128","2517","22353","46","0","160","1962069","174","0","31","0","50","0","256804","3090","206","6262","467","850151","0","467","3101","0","0","0","41436","8450","159","48530","153600","96000","416","368069","495","0","0","152838","96","0","32000","850","1387","88876","10","4480","3513","74","53886","32","2237","2237","0","25459","0","128","67","38503","102","160"
"r3","people","A","offense-off","1500","21600","32","32","0","32","32","0","0","128","2740","42690","63","0","280","2631876","217","0","36","0","62","0","321423","6765","451","9938","693","1169945","0","693","4460","0","0","0","55812","11982","193","47076","288000","192000","518","537715","635","0","0","187722","96","0","32000","1244","1497","99495","28","4480","3926","84","74631","32","2741","2741","0","36558","0","128","72","51669","115","160"
"r3","people","A","offense-off","1800","21600","32","32","0","32","32","0","0","128","2712","65786","76","0","405","3234972","260","0","44","0","74","0","377356","10050","670","13774","895","1524638","0","895","5863","0","0","0","71467","17170","226","45010","153600","288000","605","747766","759","0","0","222411","96","0","32000","1779","1471","97401","7","4480","4055","86","106122","32","3250","3250","32","52885","0","128","75","72125","130","160"
"r3","people","A","offense-off","2100","21600","32","32","0","32","32","0","0","128","2809","85841","85","0","532","3716280","300","0","50","0","84","0","422429","14190","946","16688","1037","1932735","0","1037","7187","0","0","0","86679","21896","251","44206","96000","115200","683","996751","891","0","0","279175","96","0","32000","2255","1830","122939","9","4480","4238","90","135344","32","4085","4085","32","65463","0","128","78","90773","150","160"
"r3","people","A","offense-off","2400","21600","32","32","0","32","32","0","0","128","3080","102562","93","0","650","4086718","342","0","55","0","101","0","457271","19395","1293","19344","1171","2369309","0","1171","8510","0","0","0","101588","28148","281","43350","288000","115200","801","1282017","1017","0","0","319403","96","0","32000","2915","1803","123353","3","4480","4518","98","172081","32","4718","4718","32","83663","0","128","89","112387","174","160"
"r3","people","A","offense-off","2700","21600","32","32","0","32","32","0","0","128","3438","119329","104","0","798","4453411","377","0","58","0","110","0","492516","25605","1707","21980","1293","2855682","0","1293","9995","0","0","0","118341","33520","304","41830","230400","288000","937","1607576","1167","0","0","365484","96","0","32000","3478","1897","132732","4","4480","5017","112","204612","32","5375","5375","32","100637","0","128","91","132115","188","160"
"r3","people","A","offense-off","3000","21600","32","32","0","32","32","0","0","128","3317","139086","112","0","897","4813943","405","0","65","0","116","0","527223","31245","2083","23992","1392","3384015","0","1392","11363","0","0","0","132963","39396","325","41496","96000","192000","1038","1973323","1276","0","0","429769","96","0","32000","4061","2237","159336","3","4480","5130","110","240861","32","6298","6298","32","116295","0","128","96","154138","196","160"
"r3","people","A","offense-off","3300","21600","32","32","0","32","32","0","0","128","3365","160765","120","0","995","5158201","434","0","71","0","124","0","558702","38340","2556","26874","1531","3944379","0","1531","12861","0","0","0","146846","46700","347","40804","230400","96000","1133","2371069","1380","0","0","477190","96","0","32000","4767","2216","156730","3","4480","5238","114","285349","32","6983","6983","32","137038","0","128","98","183422","208","160"
"r3","people","A","offense-off","3600","21600","32","32","0","32","32","0","0","128","3741","183501","125","0","1082","5515457","459","0","79","0","129","0","590983","48000","3200","28590","1618","4541121","0","1618","14255","0","0","0","161812","52406","365","39916","288000","268800","1207","2795455","1466","0","0","523390","96","0","32000","5367","2305","164860","4","4480","5685","127","320014","32","7672","7672","64","155468","0","128","99","203062","216","160"
"r3","people","A","offense-off","3900","21600","32","32","0","32","32","0","0","128","3529","201285","131","0","1162","5762227","488","0","87","0","135","0","614036","55320","3688","30204","1694","5191836","0","1694","15692","0","0","0","174286","60356","385","39258","96000","268800","1253","3246310","1544","0","0","597794","96","0","32000","6140","2636","187823","2","4480","5525","124","368064","32","8776","8776","64","178170","0","128","101","231801","226","160"
"r3","people","A","offense-off","4200","21600","32","32","0","32","32","0","0","128","3997","212558","142","0","1235","5961035","519","0","91","0","142","0","629448","65535","4369","31852","1774","5889355","0","1774","17372","0","0","0","186525","68400","407","38470","153600","96000","1314","3719236","1618","0","0","654240","96","0","32000","6922","2673","189842","5","4480","5824","129","417728","32","9595","9595","64","201225","0","128","104","263173","236","160"
"r3","people","A","offense-off","4500","21600","32","32","0","32","32","0","0","128","4185","221902","146","0","1281","6078648","537","0","95","0","148","0","641550","74490","4966","33788","1852","6605059","0","1852","18972","0","0","0","196944","75470","421","38218","288000","192000","1336","4209806","1659","0","0","708987","96","0","32000","7612","2782","197747","6","4480","6039","135","461227","32","10394","10394","64","225198","0","128","104","286042","245","160"
"r3","people","A","offense-off","4800","21600","32","32","0","32","32","0","0","128","3929","229149","153","0","1330","6159781","564","0","102","0","154","0","650215","81105","5407","35232","1921","7376234","0","1921","20642","0","0","0","207558","85550","441","37652","153600","288000","1387","4715068","1710","0","0","784646","96","0","32000","8570","2952","207386","0","4480","5903","133","522568","32","11522","11522","64","256957","0","128","106","320303","252","160"
"r3","people","A","offense-off","5100","21600","32","32","0","32","32","0","0","128","4297","236298","154","0","1360","6239812","580","0","108","0","159","0","659197","90945","6063","35946","1962","8171370","0","1962","22300","0","0","0","217406","92816","453","37190","96000","115200","1418","5233014","1741","0","0","839193","96","0","32000","9305","3051","216095","4","4480","6278","142","567066","32","12356","12356","64","277836","0","128","107","345262","259","160"
"r3","people","A","offense-off","5400","21600","32","32","0","32","32","0","0","128","4127","243344","164","0","1375","6316063","601","0","111","0","163","0","668253","98385","6559","37022","2004","8974750","0","2004","24037","0","0","0","227632","102042","470","36970","288000","115200","1432","5757147","1755","0","0","894909","96","0","32000","10186","2999","212110","0","4480","6144","136","622723","32","13185","13185","96","308116","0","128","108","374683","264","160"
"r3","people","A","offense-off","5700","21600","32","32","0","32","32","0","0","128","4479","250522","171","0","1391","6392326","621","0","114","0","167","0","677413","108945","7263","37626","2041","9857266","0","2041","25964","0","0","0","239749","110102","484","36310","230400","288000","1449","6285881","1772","0","0","983652","96","0","32000","10976","3509","246091","3","4480","6526","148","672412","32","14485","14485","96","335601","0","128","108","401960","268","160"
"r3","people","A","offense-off","6000","21600","32","32","0","32","32","0","0","128","4661","257722","177","0","1392","6472051","639","0","115","0","173","0","687011","118410","7894","38128","2067","10780774","0","2067","27714","0","0","0","250888","118954","497","36164","96000","192000","1452","6817789","1775","0","0","1047514","96","0","32000","11863","3584","255330","2","4480","6839","157","726382","32","15447","15447","96","363559","0","128","109","428625","278","160"
"r3","people","A","offense-off","6300","21600","32","32","0","32","32","0","0","128","4650","265627","181","0","1392","6564876","659","0","121","0","177","0","697090","127155","8477","38668","2099","11745564","0","2099","29688","0","0","0","262324","130332","511","35864","230400","96000","1453","7350469","1776","0","0","1115207","96","0","32000","12924","3499","245447","1","4480","6745","152","795746","32","16423","16423","96","402054","0","128","109","467706","285","160"
"r3","people","A","offense-off","6600","21600","32","32","0","32","32","0","0","128","5171","273619","184","0","1399","6636582","681","0","123","0","186","0","707158","138495","9233","39506","2132","12758665","0","2132","31668","0","0","0","273357","138758","525","35530","288000","268800","1460","7883472","1783","0","0","1207099","96","0","32000","13776","4006","283944","4","4480","7335","168","847206","32","17782","17782","96","429352","0","128","110","493803","298","160"
"r3","people","A","offense-off","6900","21600","32","32","0","32","32","0","0","128","4833","281724","191","0","1405","6706645","700","0","126","0","190","0","717662","145605","9707","40050","2162","13802055","0","2162","33607","0","0","0","284552","150210","539","35104","96000","268800","1466","8418901","1789","0","0","1275562","96","0","32000","14866","3934","279626","0","4480","7265","168","916589","32","18800","18800","96","466367","0","128","110","529569","304","160"
"r3","people","A","offense-off","7200","21600","32","31","1","31","31","0","0","124","5160","265103","185","0","1372","5983674","693","0","126","0","190","0","663549","149805","9987","37018","2013","14023450","0","2013","34097","0","0","0","275620","153374","532","34628","148800","93000","1434","8741354","1738","0","0","1278543","93","0","31000","15122","3769","262781","0","4340","7412","170","937114","31","18891","18891","124","484502","0","124","107","531260","303","155"
"r3","people","A","offense-off","7500","21600","32","31","1","31","31","0","0","124","5527","273071","191","0","1372","6054956","705","0","128","0","194","0","674615","160905","10727","37798","2044","15100079","0","2044","36162","0","0","0","287677","163000","544","34418","279000","186000","1433","9262706","1737","0","0","1381455","93","0","31000","16079","4319","303402","4","4340","7764","179","995695","31","20398","20398","124","516682","0","124","108","561371","307","155"
"r3","people","A","offense-off","7800","21600","32","31","1","31","31","0","0","124","5407","281171","200","0","1374","6135815","727","0","132","0","198","0","686013","170010","11334","38310","2077","16231050","0","2077","38493","0","0","0","301393","176496","561","33848","148800","279000","1437","9784121","1740","0","0","1457695","93","0","31000","17335","4200","291089","0","4340","7586","176","1078560","31","21535","21535","124","557967","0","124","108","608639","314","155"
"r3","people","A","offense-off","8100","21600","32","31","1","31","31","0","0","124","5570","289271","205","0","1374","6242302","739","0","134","0","201","0","697892","181590","12106","38532","2092","17392750","0","2092","40789","0","0","0","315412","186214","571","33656","93000","111600","1438","10306301","1741","0","0","1533620","93","0","31000","18310","4337","305042","3","4340","7880","182","1138093","31","22647","22647","124","587676","0","124","110","640902","319","155"
"r3","people","A","offense-off","8400","21600","32","31","1","31","31","0","0","124","5343","297192","208","0","1379","6355907","752","0","138","0","203","0","710132","189195","12613","39500","2131","18593917","0","2131","43057","0","0","0","327411","199332","580","33334","279000","111600","1441","10828887","1743","0","0","1640883","93","0","31000","19545","4648","329056","1","4340","7823","178","1217795","31","24193","24193","124","633936","0","124","111","677891","322","155"
"r3","people","A","offense-off","8700","21600","32","31","1","31","31","0","0","124","5733","300840","214","0","1395","6443433","769","0","142","0","206","0","716614","202110","13474","40328","2171","19841973","0","2171","45439","0","0","0","338244","211546","593","32722","223200","279000","1416","11352576","1749","0","0","1719447","93","0","31000","20717","4644","326999","3","4340","8196","188","1293634","31","25361","25361","124","677050","0","124","111","715398","327","155"
"r3","people","A","offense-off","9000","21600","32","31","1","31","31","0","0","124","5841","300840","222","0","1412","6444819","784","0","144","0","208","0","716640","213315","14221","40776","2197","21110223","0","2197","47710","0","0","0","344659","222550","605","32648","93000","186000","1433","11878886","1765","0","0","1797264","93","0","31000","21781","4727","336260","0","4340","8410","196","1360803","31","26508","26508","155","713684","0","124","111","747320","330","155"
"r3","people","A","offense-off","9300","21600","32","31","1","31","31","0","0","124","5838","300871","228","0","1433","6454693","797","0","144","0","211","0","716703","222945","14863","41466","2233","22453708","0","2233","50392","0","0","0","352293","237166","614","32350","223200","93000","1452","12410718","1784","0","0","1913796","93","0","31000","23107","5129","354889","1","4340","8265","195","1450610","31","28236","28236","155","765067","0","124","112","793840","334","155"
"r3","people","A","offense-off","9600","21600","32","31","1","31","31","0","0","124","6305","300871","233","0","1441","6454997","817","0","149","0","214","0","716707","237435","15829","41938","2268","23846139","0","2268","53118","0","0","0","360887","248032","627","31914","279000","260400","1458","12946738","1790","0","0","2001625","93","0","31000","24214","5302","373291","9","4340","8614","196","1516776","31","29516","29516","155","802137","0","124","113","826197","338","155"
"r3","people","A","offense-off","9900","21600","32","31","1","31","31","0","0","124","5771","300871","236","0","1444","6454997","829","0","151","0","217","0","716707","244260","16284","42080","2276","25261768","0","2276","55684","0","0","0","367743","262998","635","31624","93000","260400","1461","13483903","1793","0","0","2085864","93","0","31000","25641","5141","362172","0","4340","8435","196","1607817","31","30782","30782","155","857667","0","124","113","866025","343","155"
"r3","people","A","offense-off","10200","21600","32","31","1","31","31","0","0","124","6074","300876","243","0","1451","6455815","851","0","156","0","219","0","716713","257505","17167","42618","2312","26743917","0","2312","58562","0","0","0","375228","275686","649","31268","148800","93000","1465","14022032","1797","0","0","2205274","93","0","31000","26838","5710","398410","1","4340","8676","203","1686175","31","32548","32548","155","897191","0","124","113","909673","346","155"
"r3","people","A","offense-off","10500","21600","32","31","1","31","31","0","0","124","6054","300876","247","0","1452","6455815","861","0","158","0","220","0","716713","269835","17989","42968","2335","28256732","0","2335","61330","0","0","0","383685","287818","656","31082","279000","186000","1466","14561154","1798","0","0","2290930","93","0","31000","28030","5797","406871","2","4340","8623","199","1760170","31","33827","33827","155","940357","0","124","113","943702","347","155"
"r3","people","A","offense-off","10800","21600","32","31","1","31","31","0","0","124","5906","300876","252","0","1459","6455815","882","0","160","0","226","0","716713","279450","18630","43518","2369","29808067","0","2369","64189","0","0","0","392568","304394","669","30598","148800","279000","1471","15100806","1803","0","0","2376389","93","0","31000","29549","5558","384212","0","4340","8461","199","1861226","31","35107","35107","186","998883","0","124","116","993294","355","155"
"r3","people","A","offense-off","11100","21600","32","31","1","31","31","0","0","124","6325","300882","254","0","1473","6457658","897","0","164","0","231","0","716724","292545","19503","43946","2401","31684483","0","2401","67362","0","0","0","407109","318730","680","30124","93000","111600","1484","15642871","1815","0","0","2623156","93","0","31000","31015","7766","536990","6","4340","7967","181","1949738","62","38781","38781","186","1045866","0","124","116","1040300","362","155"
"r3","people","A","offense-off","11400","21600","32","31","1","31","31","0","0","124","5415","300882","258","0","1479","6458571","907","0","164","0","236","0","716731","297150","19810","44524","2442","33747752","0","2442","71284","0","0","0","433986","342254","689","29830","279000","111600","1489","16188339","1819","0","0","2799223","93","0","31000","33336","7999","562919","0","4340","6612","147","2093317","62","41335","41335","186","1139216","0","124","116","1097088","368","155"
"r3","people","A","offense-off","11700","21600","32","30","2","30","30","0","0","120","5308","138567","251","0","1451","4650894","890","0","165","0","234","0","503823","292845","19523","39584","2268","33784136","0","2268","73381","0","0","0","365104","353770","680","28430","216000","270000","1459","16338172","1757","0","0","2836485","90","0","30000","34353","7549","527448","1","4200","5693","130","2166618","60","41902","41902","180","1215931","0","120","113","1093106","364","150"
"r3","people","A","offense-off","12000","21600","32","30","2","30","30","0","0","120","4267","138567","251","0","1451","4650894","895","0","167","0","235","0","503823","295335","19689","39886","2290","35907521","0","2290","77246","0","0","0","391749","376222","683","28136","90000","180000","1459","16865255","1756","0","0","3044827","90","0","30000","36533","8441","596114","3","4200","5495","123","2304101","60","44974","44974","180","1305842","0","120","114","1142871","365","150"
"r3","people","A","offense-off","12300","21600","32","30","2","30","30","0","0","120","3438","138567","255","0","1454","4650894","913","0","168","0","244","0","503823","297885","19859","40790","2353","38069252","0","2353","81544","0","0","0","415823","405218","697","27070","216000","90000","1459","17392064","1755","0","0","3193030","90","0","30000","39180","7990","551372","2","4200","4824","105","2481480","60","47170","47170","180","1429457","0","120","114","1212201","376","150"
"r3","people","A","offense-off","12600","21600","32","30","2","30","30","0","0","120","2709","138567","260","0","1455","4650894","928","0","169","0","250","0","503823","300765","20051","41296","2388","40263342","0","2388","85453","0","0","0","434646","425120","709","26086","270000","252000","1459","17918546","1755","0","0","3339098","90","0","30000","41226","8088","569236","7","4200","4512","96","2602028","60","49314","49314","210","1519663","0","120","114","1250199","382","150"
"r3","people","A","offense-off","12900","21600","32","30","2","30","30","0","0","120","2097","138567","261","0","1456","4650894","933","0","169","0","253","0","503823","304020","20268","41888","2427","42530224","0","2427","89250","0","0","0","452413","451042","713","25476","90000","252000","1459","18444827","1754","0","0","3542302","90","0","30000","43635","8693","609776","0","4200","3754","80","2759722","60","52328","52328","210","1622708","0","120","114","1309818","386","150"
"r3","people","A","offense-off","13200","21600","32","29","3","29","29","0","0","116","2253","130186","251","0","1413","4058890","917","0","167","0","251","0","449936","298230","19882","40300","2368","42413382","0","2368","89253","0","0","0","442137","455448","698","24684","139200","87000","1416","18364447","1692","0","0","3535647","87","0","29000","43984","8240","573017","1","4060","3455","72","2788310","58","52224","52224","203","1650783","0","116","110","1311847","385","145"
"r3","people","A","offense-off","13500","21600","32","29","3","29","29","0","0","116","2182","130186","254","0","1414","4058890","930","0","168","0","257","0","449936","303735","20249","40664","2394","44660540","0","2394","92865","0","0","0","459756","475406","708","24286","261000","174000","1416","18871987","1691","0","0","3672901","87","0","29000","45933","8319","581990","3","4060","3178","63","2909956","58","54252","54252","203","1735081","0","116","111","1355830","393","145"
"r3","people","A","offense-off","13800","21600","32","29","3","29","29","0","0","116","1914","130186","258","0","1414","4058890","940","0","170","0","259","0","449936","307710","20514","41312","2433","46978509","0","2433","96567","0","0","0","477240","501434","716","23584","139200","261000","1416","19379186","1690","0","0","3861716","87","0","29000","48332","8682","600430","0","4060","2965","61","3069022","58","57014","57014","203","1843871","0","116","111","1417415","396","145"
"r3","people","A","offense-off","14100","21600","32","29","3","29","29","0","0","116","1766","130186","260","0","1417","4059062","950","0","171","0","265","0","449937","312285","20819","41866","2474","49365018","0","2474","100040","0","0","0","494463","519652","725","22818","87000","104400","1419","19886250","1691","0","0","4001197","87","0","29000","50167","8875","623445","12","4060","3124","64","3180592","58","59042","59042","203","1917816","0","116","111","1459936","403","145"
"r3","people","A","offense-off","14400","21600","32","29","3","29","29","0","0","116","1317","130186","264","0","1417","4059062","959","0","171","0","267","0","449937","315570","21038","42160","2492","51771609","0","2492","103516","0","0","0","508913","543046","731","22680","261000","104400","1419","20393550","1691","0","0","4138727","87","0","29000","52352","8692","610482","0","4060","2872","54","3323294","58","61044","61044","232","2015522","0","116","111","1512723","406","145"
"r3","people","A","offense-off","14700","21600","32","28","4","28","28","0","0","112","1324","129586","254","0","1369","3958570","942","0","166","0","263","0","437752","302730","20182","41222","2456","51695452","0","2456","102774","0","0","0","509749","541124","711","21552","201600","252000","1371","20135175","1630","0","0","4149269","84","0","28000","52125","9113","632913","5","3920","2706","55","3313502","56","61238","61238","224","2018385","0","112","107","1497971","404","140"
"r3","people","A","offense-off","15000","21600","32","27","5","27","27","0","0","108","1412","129586","249","0","1325","3605305","927","0","161","0","259","0","399467","298785","19919","39246","2368","51672415","0","2368","102572","0","0","0","502985","544266","696","21176","81000","162000","1327","19887252","1569","0","0","4147062","81","0","27000","52358","8838","616688","4","3780","2706","53","3333227","54","61196","61196","216","2044286","0","108","104","1486088","399","135"
"r3","people","A","offense-off","15300","21600","32","27","5","27","27","0","0","108","1176","129586","250","0","1325","3605305","937","0","162","0","263","0","399467","302760","20184","39840","2408","54094830","0","2408","106338","0","0","0","521675","568970","702","20574","194400","81000","1326","20357596","1567","0","0","4282984","81","0","27000","54607","8605","589324","0","3780","2387","45","3484869","54","63212","63212","216","2145398","0","108","105","1548262","405","135"
"r3","people","A","offense-off","15600","21600","32","27","5","27","27","0","0","108","1555","129586","251","0","1326","3605305","946","0","164","0","265","0","399467","308790","20586","40270","2439","56601005","0","2439","110010","0","0","0","542657","587120","707","19774","243000","226800","1327","20827727","1566","0","0","4469156","81","0","27000","56474","9468","660092","4","3780","2726","58","3594583","54","65942","65942","216","2218249","0","108","105","1590815","407","135"
"r3","people","A","offense-off","15900","21600","32","27","5","27","27","0","0","108","1149","129586","254","0","1326","3605305","959","0","164","0","272","0","399467","311745","20783","40770","2471","59128593","0","2471","113352","0","0","0","560588","611042","717","19366","81000","226800","1327","21297322","1565","0","0","4602222","81","0","27000","58708","9234","642743","0","3780","2556","52","3740293","54","67942","67942","216","2319158","0","108","105","1640321","416","135"
"r3","people","A","offense-off","16200","21600","32","27","5","27","27","0","0","108","1196","129586","255","0","1328","3605305","972","0","164","0","278","0","399467","316140","21076","41708","2537","61734435","0","2537","117105","0","0","0","577295","632042","724","18406","129600","81000","1328","21766928","1564","0","0","4738183","81","0","27000","60714","9262","639043","5","3780","2710","54","3870012","54","69976","69976","243","2408110","0","108","105","1691030","426","135"
"r3","people","A","offense-off","16500","21600","32","27","5","27","27","0","0","108","1421","129586","256","0","1330","3605305","976","0","165","0","280","0","399467","322155","21477","42106","2565","64432713","0","2565","120694","0","0","0","596586","651012","728","17940","243000","162000","1330","22236182","1566","0","0","4935172","81","0","27000","62567","10383","715122","5","3780","3000","60","3986074","54","72950","72950","243","2488406","0","108","105","1731644","428","135"
"r3","people","A","offense-off","16800","21600","32","27","5","27","27","0","0","108","1186","129586","256","0","1330","3605305","985","0","166","0","286","0","399467","326400","21760","43072","2630","67205939","0","2630","124758","0","0","0","619113","677706","735","17338","129600","243000","1330","22705719","1564","0","0","5079887","81","0","27000","65041","10111","687250","0","3780","2559","52","4148886","54","75152","75152","243","2594700","0","108","105","1797937","436","135"
"r3","people","A","offense-off","17100","21600","32","27","5","27","27","0","0","108","1519","129586","259","0","1331","3605305","1000","0","167","0","293","0","399467","332550","22170","43526","2662","70032331","0","2662","128644","0","0","0","640571","698088","746","16886","81000","97200","1331","23175008","1565","0","0","5227551","81","0","27000","67142","10184","704570","1","3780","2771","54","4272875","54","77326","77326","243","2674664","0","108","106","1848317","446","135"
"r3","people","A","offense-off","17400","21600","32","27","5","27","27","0","0","108","1007","129586","260","0","1331","3605305","1010","0","167","0","298","0","399467","335325","22355","44042","2696","72914647","0","2696","132264","0","0","0","662040","722930","752","16406","243000","97200","1331","23644071","1563","0","0","5425640","81","0","27000","69481","10773","745689","4","3780","2402","46","4424306","54","80254","80254","243","2777820","0","108","106","1902131","453","135"
"r3","people","A","offense-off","17700","21600","32","25","7","25","25","0","0","100","1195","92819","235","0","1233","3098747","936","0","161","0","279","0","346106","312735","20849","39922","2453","68876871","0","2453","125409","0","0","0","625475","688274","700","15360","180000","225000","1233","22302417","1444","0","0","5123466","75","0","25000","66047","9754","666317","4","3500","2443","49","4212824","50","75801","75801","225","2693251","0","100","98","1763898","423","125"
"r3","people","A","offense-off","18000","21600","32","24","8","24","24","0","0","96","1064","90515","227","0","1187","2983846","912","0","159","0","270","0","330393","312330","20822","37256","2282","69118525","0","2282","124664","0","0","0","613544","687904","680","15222","72000","144000","1187","21842961","1391","0","0","5095623","72","0","24000","65964","9366","645169","0","3360","2380","48","4212226","48","75330","75330","240","2720290","0","96","94","1730164","411","120"
"r3","people","A","offense-off","18300","21600","32","24","8","24","24","0","0","96","868","90515","231","0","1188","2983846","924","0","159","0","276","0","330393","315585","21039","37658","2308","71822536","0","2308","128201","0","0","0","629293","712790","690","14772","172800","72000","1188","22259708","1389","0","0","5288415","72","0","24000","68229","9919","675894","0","3360","2165","42","4365357","48","78148","78148","240","2822003","0","96","94","1790518","418","120"
"r3","people","A","offense-off","18600","21600","32","24","8","24","24","0","0","96","1171","90515","233","0","1192","2983846","929","0","159","0","279","0","330393","321165","21411","38294","2356","74597002","0","2356","131702","0","0","0","647900","731576","695","14064","216000","201600","1192","22676285","1391","0","0","5427056","72","0","24000","70147","10085","695315","6","3360","2445","49","4480122","48","80232","80232","240","2899068","0","96","94","1832673","421","120"
"r3","people","A","offense-off","18900","21600","32","24","8","24","24","0","0","96","683","90515","234","0","1192","2983846","936","0","159","0","283","0","330393","323610","21574","38668","2376","77379880","0","2376","135125","0","0","0","666014","755230","700","13796","72000","201600","1192","23093585","1391","0","0","5567777","72","0","24000","72366","9916","685494","0","3360","2052","39","4624245","48","82282","82282","240","2999769","0","96","94","1882514","426","120"
"r3","people","A","offense-off","19200","21600","32","23","9","23","23","0","0","92","1231","90515","230","0","1148","2930108","909","0","159","0","268","0","323044","323535","21569","37338","2295","77207990","0","2295","134265","0","0","0","652672","753204","680","13076","110400","69000","1148","22674321","1340","0","0","5566087","69","0","23000","72070","10207","695663","2","3220","2438","50","4613590","46","82277","82277","230","3042824","0","92","90","1827600","404","115"
"r3","people","A","offense-off","19500","21600","32","23","9","23","23","0","0","92","1225","90515","231","0","1148","2930108","920","0","161","0","272","0","323044","328095","21873","37562","2311","79995385","0","2311","137574","0","0","0","672552","772600","687","12842","207000","138000","1148","23076321","1340","0","0","5699509","69","0","23000","73955","10332","706868","5","3220","2484","52","4732404","46","84287","84287","230","3124816","0","92","90","1867825","410","115"
"r3","people","A","offense-off","19800","21600","32","23","9","23","23","0","0","92","964","90515","233","0","1148","2930108","930","0","162","0","276","0","323044","331290","22086","37946","2338","82841714","0","2338","141224","0","0","0","694488","798082","694","12386","110400","207000","1148","23478033","1339","0","0","5834569","69","0","23000","76296","9989","676272","0","3220","2132","43","4887603","46","86285","86285","253","3237143","0","92","90","1921154","416","115"
"r3","people","A","offense-off","20100","21600","32","23","9","23","23","0","0","92","1152","90515","234","0","1148","2930108","936","0","163","0","278","0","323044","335970","22398","38232","2361","85794614","0","2361","144738","0","0","0","712543","816462","698","12126","69000","82800","1148","23879616","1337","0","0","6032153","69","0","23000","78161","11034","758090","5","3220","2433","49","4998890","46","89195","89195","253","3314475","0","92","90","1959588","420","115"
"r3","people","A","offense-off","20400","21600","32","20","12","20","20","0","0","80","719","86480","211","0","996","2654439","837","0","141","0","243","0","290824","302265","20151","34294","2123","77540582","0","2123","130088","0","0","0","635957","748042","615","11692","180000","72000","996","21027017","1158","0","0","5473819","60","0","20000","71422","9442","655039","0","2800","2028","40","4580032","40","80864","80864","220","3045616","0","80","78","1773164","373","100"
"r3","people","A","offense-off","20700","21600","32","19","13","19","19","0","0","76","1085","86480","202","0","948","2445256","806","0","137","0","233","0","271048","292605","19507","32224","1999","75006114","0","1999","126927","0","0","0","615154","732998","591","11038","136800","171000","948","20263131","1097","0","0","5325004","57","0","19000","69830","8777","603822","0","2660","2144","45","4491082","38","78607","78607","209","3036957","0","76","74","1684225","359","95"
"r3","people","A","offense-off","21000","21600","32","19","13","19","19","0","0","76","919","86480","203","0","948","2445256","816","0","138","0","237","0","271048","296370","19758","32448","2016","77533304","0","2016","129785","0","0","0","630910","751296","597","10964","57000","114000","948","20592231","1097","0","0","5485019","57","0","19000","71581","9424","646953","0","2660","2027","41","4603803","38","81005","81005","209","3116522","0","76","74","1721544","366","95"
"r3","people","A","offense-off","21300","21600","32","18","14","18","18","0","0","72","813","84607","191","0","897","2315989","779","0","134","0","225","0","257659","283635","18909","31022","1929","75472840","0","1929","126237","0","0","0","616194","734046","568","10630","129600","54000","897","19770660","1038","0","0","5307774","54","0","18000","69789","8620","585506","0","2520","1723","36","4497559","36","78409","78409","198","3050868","0","72","70","1671400","349","90"
"r3","people","A","offense-off","21600","21600","32","18","14","18","18","0","0","72","785","84607","192","0","897","2315989","788","0","134","0","229","0","257659","286995","19133","31358","1954","77927811","0","1954","129176","0","0","0","630411","749266","573","10394","162000","151200","897","20082060","1038","0","0","5426432","54","0","18000","71338","8743","609005","0","2520","1806","37","4589989","36","80081","80081","216","3117828","0","72","70","1699599","355","90"
"r3","people","B","both-off","0","21600","32","32","0","32","32","0","0","128","2880","0","0","0","0","0","0","0","0","0","0","0","0","0","0","0","0","0","0","0","0","0","0","0","0","0","32","57600","192000","192000","192","0","192","0","0","0","96","0","32000","0","0","0","0","4480","2880","64","0","32","0","0","0","0","0","128","32","0","32","160"
"r3","people","B","both-off","300","21600","32","32","0","32","32","0","0","128","2866","0","0","0","0","201108","2","0","2","0","0","0","51808","0","0","0","308","99036","0","0","96","0","0","0","1710","392","34","56586","230400","96000","224","61440","224","0","0","43932","96","0","32000","43","597","40166","20","4480","3092","64","2487","32","640","640","0","1964","0","128","32","1802","32","160"
"r3","people","B","both-off","600","21600","32","32","0","32","32","0","0","128","2827","2574","16","0","14","653370","74","0","15","0","21","0","118944","975","65","0","831","307110","0","0","656","0","17","0","16517","1914","84","52782","288000","268800","288","138240","288","0","0","76786","96","0","32000","202","918","60962","40","4480","3367","64","12361","32","1120","1120","0","8101","0","128","46","7723","66","160"
"r3","people","B","both-off","900","21600","32","32","0","32","32","0","0","128","2597","15083","32","0","47","1380820","117","0","17","0","36","0","201472","1365","91","0","2539","567073","0","0","1554","0","82","0","29091","4280","117","49880","96000","268800","320","230400","320","0","0","109179","96","0","32000","434","1166","75079","22","4480","3506","65","27837","32","1600","1600","0","15310","0","128","54","18790","85","160"
"r3","people","B","both-off","1200","21600","32","32","0","32","32","0","0","128","2539","32185","51","0","95","2451899","169","0","24","0","50","0","301248","2835","189","0","4051","863620","0","0","2947","0","171","0","47638","8226","157","48536","153600","96000","384","339840","384","0","0","153373","96","0","32000","841","1413","91136","17","4480","3774","77","52269","32","2254","2254","0","23454","0","128","61","38783","102","160"
"r3","people","B","both-off","1500","21600","32","32","0","32","32","0","0","128","3048","55697","61","0","165","3680958","220","0","31","0","72","0","416384","7410","494","0","6455","1199903","0","0","4412","0","234","0","64849","11660","196","46238","288000","192000","448","464640","448","0","0","190080","96","0","32000","1224","1569","104576","33","4480","4570","97","72500","32","2793","2793","0","32811","0","128","72","52693","130","160"
"r3","people","B","both-off","1800","21600","32","32","0","32","32","0","0","128","3632","96561","72","0","272","5074318","269","0","43","0","87","0","547916","12810","854","0","7807","1591432","0","0","5891","0","301","0","88522","16836","234","43410","153600","288000","484","605804","484","0","0","231428","96","0","32000","1759","1625","108119","14","4480","5480","121","104254","32","3384","3384","32","47451","0","128","78","75858","149","160"
"r3","people","B","both-off","2100","21600","32","32","0","32","32","0","0","128","4540","149604","85","0","416","6632354","312","0","52","0","98","0","697516","20220","1348","0","10111","2062752","0","0","7296","0","375","0","122748","21816","267","42234","96000","115200","551","765068","551","0","0","301764","96","0","32000","2277","2140","146210","11","4480","6654","153","134717","32","4417","4417","32","58933","0","128","80","96621","162","160"
"r3","people","B","both-off","2400","21600","32","32","0","32","32","0","0","128","5756","216352","103","0","603","8279249","359","0","63","0","108","0","862780","29475","1965","0","12475","2615331","0","0","8556","0","447","0","163930","29134","306","41378","288000","115200","616","939996","616","0","0","360992","96","0","32000","3052","2242","156942","7","4480","8196","189","177704","32","5294","5294","32","79526","0","128","87","124524","174","160"
"r3","people","B","both-off","2700","21600","32","32","0","32","32","0","0","128","7104","293911","123","0","819","10130473","403","0","68","0","115","0","1044274","40590","2706","0","14483","3268495","0","0","10005","0","511","0","219136","36386","338","39166","230400","288000","650","1131122","650","0","0","426800","96","0","32000","3797","2484","171034","12","4480","9792","230","221791","32","6281","6281","32","103000","0","128","89","152766","183","160"
"r3","people","B","both-off","3000","21600","32","32","0","32","32","0","0","128","7820","381850","135","0","1057","11934231","435","0","76","0","118","0","1243050","51585","3439","0","16478","4011097","0","0","11285","0","564","0","276799","44890","361","38110","96000","192000","714","1339562","714","0","0","528381","96","0","32000","4664","3083","216786","6","4480","10779","255","273977","32","7747","7747","32","127440","0","128","91","184155","186","160"
"r3","people","B","both-off","3300","21600","32","32","0","32","32","0","0","128","8416","488864","153","0","1316","13970502","484","0","84","0","124","0","1457539","64890","4326","0","20809","4834894","0","0","12798","0","616","0","345576","55904","393","36374","230400","96000","782","1563715","782","0","0","607942","96","0","32000","5756","3153","218864","2","4480","11548","271","340554","32","8909","8909","32","162462","0","128","92","226616","195","160"
"r3","people","B","both-off","3600","21600","32","32","0","32","32","0","0","128","8797","609795","167","0","1595","16128619","523","0","90","0","133","0","1688546","80355","5357","0","24558","5743617","0","0","14245","0","658","0","422338","64748","422","35216","288000","268800","815","1804354","815","0","0","686784","96","0","32000","6673","3428","238670","11","4480","12024","284","394514","32","10101","10101","64","193871","0","128","96","254243","207","160"
"r3","people","B","both-off","3900","21600","32","32","0","32","32","0","0","128","8853","736520","180","0","1875","18156460","552","0","94","0","141","0","1936822","92985","6199","0","27443","6742709","0","0","15702","0","723","0","500965","77462","447","34080","96000","268800","879","2062294","879","0","0","805649","96","0","32000","7955","3918","273689","7","4480","12209","290","470227","32","11873","11873","64","235512","0","128","98","296448","216","160"
"r3","people","B","both-off","4200","21600","32","32","0","32","32","0","0","128","8973","871567","192","0","2157","20467379","587","0","101","0","146","0","2200458","109155","7277","0","29553","7835466","0","0","17348","0","776","0","598994","89844","471","32586","153600","96000","943","2335594","943","0","0","896726","96","0","32000","9190","4031","280805","14","4480","12405","293","546335","32","13221","13221","64","272830","0","128","100","343091","226","160"
"r3","people","B","both-off","4500","21600","32","30","2","30","30","0","0","120","8466","952792","182","0","2447","20736273","574","0","105","0","142","0","2326723","114540","7636","0","33542","8301615","0","0","16946","0","772","0","647334","95014","459","31834","270000","180000","916","2462443","916","0","0","921584","90","0","30000","9636","3932","271407","11","4200","11690","278","579355","30","13568","13568","60","310120","0","120","95","340057","220","150"
"r3","people","B","both-off","4800","21600","32","30","2","30","30","0","0","120","8476","1091671","189","0","2737","22954585","602","0","109","0","152","0","2605252","128820","8588","0","34801","9425219","0","0","18481","0","802","0","739957","110584","480","30856","144000","270000","977","2750032","977","0","0","1038356","90","0","30000","11134","4140","283510","3","4200","11830","280","673533","30","15274","15274","60","364030","0","120","98","390816","234","150"
"r3","people","B","both-off","5100","21600","32","30","2","30","30","0","0","120","8570","1237366","197","0","3027","25180477","631","0","113","0","159","0","2898626","144510","9634","0","36122","10590839","0","0","19902","0","836","0","831270","121600","499","30420","90000","108000","1039","3052466","1039","0","0","1125944","90","0","30000","12242","4320","301419","9","4200","11997","286","741312","30","16562","16562","60","398821","0","120","101","425704","244","150"
"r3","people","B","both-off","5400","21600","32","29","3","29","29","0","0","116","8429","1370727","201","0","3317","26772146","642","0","115","0","160","0","3101425","157395","10493","0","44961","11410377","0","0","20513","0","868","0","902897","133470","505","30042","261000","104400","1034","3258866","1034","0","0","1184493","87","0","29000","13307","4139","283414","0","4060","11926","283","813904","29","17446","17446","87","440597","0","116","100","460482","246","145"
"r3","people","B","both-off","5700","21600","32","29","3","29","29","0","0","116","8435","1519192","208","0","3607","29334453","663","0","120","0","165","0","3415047","174615","11641","0","46386","12662190","0","0","22189","0","909","0","1005335","146786","522","28970","208800","261000","1092","3581246","1092","0","0","1309548","87","0","29000","14609","4672","319578","4","4060","12058","290","895275","29","19281","19281","87","486431","0","116","102","503539","253","145"
"r3","people","B","both-off","6000","21600","32","28","4","28","28","0","0","112","8141","1570725","207","0","3803","30399371","660","0","122","0","162","0","3614437","182610","12174","0","45181","13337168","0","0","22720","0","911","0","1061759","153798","519","28812","84000","168000","1110","3783361","1110","0","0","1349049","84","0","28000","15247","4643","316880","4","3920","11697","280","938521","28","19890","19890","84","510864","0","112","100","521305","250","140"
"r3","people","B","both-off","6300","21600","32","28","4","28","28","0","0","112","8094","1712935","217","0","4083","32872117","687","0","127","0","165","0","3944049","198285","13219","0","47504","14614339","0","0","24369","0","942","0","1163449","170538","537","28498","201600","84000","1138","4121401","1138","0","0","1437156","84","0","28000","16817","4398","294582","0","3920","11780","284","1040097","28","21215","21215","84","565871","0","112","102","576703","255","140"
"r3","people","B","both-off","6600","21600","32","28","4","28","28","0","0","112","8081","1861747","222","0","4363","35506466","708","0","132","0","167","0","4288753","217320","14488","0","61503","15945265","0","0","26036","0","981","0","1272202","183004","549","28076","252000","235200","1194","4474561","1194","0","0","1560328","84","0","28000","18029","4984","334653","4","3920","11865","284","1116934","28","23013","23013","84","608821","0","112","103","616854","260","140"
"r3","people","B","both-off","6900","21600","32","28","4","28","28","0","0","112","7965","2017067","231","0","4643","37902758","736","0","138","0","170","0","4646897","233190","15546","0","62830","17295497","0","0","27679","0","1025","0","1372765","197678","567","27772","84000","235200","1250","4841161","1250","0","0","1649855","84","0","28000","19378","4965","329786","0","3920","11830","283","1206574","28","24343","24343","84","663592","0","112","104","656477","263","140"
"r3","people","B","both-off","7200","21600","32","28","4","28","28","0","0","112","7946","2176815","236","0","4923","40539250","747","0","139","0","173","0","5018509","251070","16738","0","64057","18705862","0","0","29533","0","1067","0","1485756","212092","576","27396","134400","84000","1278","5221201","1278","0","0","1739085","84","0","28000","20786","4884","322979","1","3920","11921","286","1294632","28","25670","25670","112","710736","0","112","104","705370","267","140"
"r3","people","B","both-off","7500","21600","32","28","4","28","28","0","0","112","7883","2341132","245","0","5203","43077633","774","0","144","0","179","0","5404795","270135","18009","0","79209","20149613","0","0","31150","0","1103","0","1595511","226096","596","27188","252000","168000","1332","5615941","1332","0","0","1868598","84","0","28000","22083","5498","365679","3","3920","11927","287","1381389","28","27581","27581","112","756035","0","112","105","746884","275","140"
"r3","people","B","both-off","7800","21600","32","28","4","28","28","0","0","112","7787","2511304","251","0","5483","45860924","790","0","146","0","182","0","5804041","289110","19274","0","80308","21638237","0","0","32986","0","1141","0","1708302","243362","607","26790","134400","252000","1386","6023641","1386","0","0","1964513","84","0","28000","23717","5293","345567","0","3920","11936","287","1485918","28","29010","29010","112","815432","0","112","106","803514","281","140"
"r3","people","B","both-off","8100","21600","32","28","4","28","28","0","0","112","7750","2687036","260","0","5763","48500452","812","0","148","0","185","0","6216274","307860","20524","0","81315","23178968","0","0","34691","0","1170","0","1827968","256380","621","26530","84000","100800","1413","6444301","1413","0","0","2060973","84","0","28000","25035","5383","358820","2","3920","12021","287","1565657","28","30418","30418","112","856071","0","112","106","846082","286","140"
"r3","people","B","both-off","8400","21600","32","28","4","28","28","0","0","112","7653","2867167","266","0","6043","51140234","830","0","152","0","187","0","6643060","326685","21779","0","99226","24750924","0","0","36371","0","1198","0","1931896","272784","633","26202","252000","100800","1467","6879541","1467","0","0","2192634","84","0","28000","26511","5817","384830","1","3920","11999","287","1666470","28","32328","32328","112","911711","0","112","106","896093","290","140"
"r3","people","B","both-off","8700","21600","32","28","4","28","28","0","0","112","7609","3054037","271","0","6323","54192476","843","0","156","0","189","0","7082747","348555","23237","0","100024","26375203","0","0","38315","0","1238","0","2050742","287806","644","25776","201600","252000","1520","7327681","1520","0","0","2289969","84","0","28000","27977","5779","382289","2","3920","12059","287","1758697","28","33756","33756","112","962231","0","112","106","945449","292","140"
"r3","people","B","both-off","9000","21600","32","28","4","28","28","0","0","112","7546","3242930","275","0","6603","56808358","860","0","162","0","191","0","7534822","368340","24556","0","101310","28018217","0","0","39918","0","1265","0","2158603","301504","656","25658","84000","168000","1545","7788181","1545","0","0","2387881","84","0","28000","29294","5867","390333","0","3920","12075","285","1843083","28","35161","35161","140","1011370","0","112","106","986178","295","140"
"r3","people","B","both-off","9300","21600","32","28","4","28","28","0","0","112","7515","3435764","280","0","6883","59668405","882","0","168","0","196","0","7999655","389190","25946","0","103665","29732889","0","0","41749","0","1291","0","2264033","320892","672","25210","201600","84000","1592","8261461","1592","0","0","2525217","84","0","28000","31076","6107","400359","2","3920","12113","288","1961629","28","37183","37183","140","1070574","0","112","106","1054284","304","140"
"r3","people","B","both-off","9600","21600","32","28","4","28","28","0","0","112","7503","3631621","285","0","7163","62686387","895","0","172","0","198","0","8475768","412305","27487","0","122177","31489548","0","0","43477","0","1321","0","2389456","334964","683","25080","252000","235200","1639","8746021","1639","0","0","2629021","84","0","28000","32437","6257","415534","1","3920","12199","292","2047985","28","38694","38694","140","1116309","0","112","106","1097178","307","140"
"r3","people","B","both-off","9900","21600","32","28","4","28","28","0","0","112","7360","3831706","294","0","7443","65429194","910","0","173","0","199","0","8963185","432075","28805","0","123033","33258596","0","0","45219","0","1364","0","2505739","351650","694","24920","84000","235200","1662","9241861","1662","0","0","2730369","84","0","28000","33959","6228","406444","0","3920","12092","288","2149914","28","40187","40187","140","1179300","0","112","106","1144625","308","140"
"r3","people","B","both-off","10200","21600","32","28","4","28","28","0","0","112","7404","4035153","299","0","7723","68571143","921","0","174","0","202","0","9453385","454020","30268","0","123871","35120430","0","0","47229","0","1383","0","2635652","367978","703","24760","134400","84000","1662","9740461","1662","0","0","2866957","84","0","28000","35506","6715","438651","1","3920","12211","289","2250508","28","42221","42221","140","1226670","0","112","106","1201636","311","140"
"r3","people","B","both-off","10500","21600","32","28","4","28","28","0","0","112","7369","4245032","306","0","8003","71638153","937","0","177","0","204","0","9943585","476580","31772","0","142247","36976957","0","0","49206","0","1406","0","2762095","383480","715","24616","252000","168000","1662","10239061","1662","0","0","2969564","84","0","28000","37001","6734","444228","2","3920","12232","291","2345593","28","43735","43735","140","1279298","0","112","106","1246038","313","140"
"r3","people","B","both-off","10800","21600","32","28","4","28","28","0","0","112","7296","4457030","311","0","8283","74780648","956","0","180","0","208","0","10433785","499155","33277","0","142830","38855604","0","0","51234","0","1428","0","2872223","403634","727","24270","134400","252000","1662","10737661","1662","0","0","3072765","84","0","28000","38842","6404","416854","0","3920","12277","293","2468072","28","45246","45246","168","1344014","0","112","106","1311897","318","140"
"r3","people","B","both-off","11100","21600","32","28","4","28","28","0","0","112","7351","4673713","314","0","8563","77954649","967","0","185","0","211","0","10923985","521850","34790","0","143624","41147775","0","0","53340","0","1447","0","3050550","420346","738","24076","84000","100800","1662","11236261","1662","0","0","3365903","84","0","28000","40509","9059","600156","3","3920","12382","295","2572168","56","49568","49568","168","1395532","0","112","106","1370215","321","140"
"r3","people","B","both-off","11400","21600","32","27","5","27","27","0","0","108","6958","4824920","306","0","8490","79635735","960","0","185","0","211","0","11008939","534150","35610","0","152609","42003133","0","0","54620","0","1311","0","3148966","436864","729","23684","243000","97200","1602","11318161","1602","0","0","3473886","81","0","27000","42025","9170","604928","0","3780","11815","281","2674340","54","51195","51195","162","1462003","0","108","103","1406955","321","135"
"r3","people","B","both-off","11700","21600","32","27","5","27","27","0","0","108","6915","5045232","311","0","8760","84238649","980","0","187","0","218","0","11481439","557280","37152","0","153997","44601018","0","0","58383","0","1331","0","3359026","469854","743","23096","194400","243000","1602","11798761","1602","0","0","3685443","81","0","27000","45177","9106","600655","2","3780","11832","283","2878161","54","54283","54283","162","1570466","0","108","104","1514322","332","135"
"r3","people","B","both-off","12000","21600","32","27","5","27","27","0","0","108","6884","5266759","315","0","9030","88318013","994","0","188","0","224","0","11953939","577410","38494","0","155022","47270008","0","0","61887","0","1346","0","3577997","499100","754","22926","81000","162000","1602","12279361","1602","0","0","3963171","81","0","27000","47958","10487","694574","2","3780","11830","281","3059225","54","58445","58445","162","1676525","0","108","105","1592072","340","135"
"r3","people","B","both-off","12300","21600","32","26","6","26","26","0","0","104","6598","5193712","304","0","8949","87795412","977","0","184","0","224","0","11925349","563190","37546","0","152546","47665632","0","0","63179","0","1351","0","3623474","517950","738","22626","187200","78000","1542","12246523","1542","0","0","3996160","78","0","26000","49615","9301","611229","0","3640","11288","269","3172065","52","58916","58916","156","1707138","0","104","102","1677793","345","130"
"r3","people","B","both-off","12600","21600","32","26","6","26","26","0","0","104","6646","5410008","309","0","9209","91978049","997","0","185","0","231","0","12380149","585210","39014","0","176597","50292004","0","0","66662","0","1371","0","3840880","550060","751","22432","234000","218400","1542","12709123","1542","0","0","4193329","78","0","26000","52594","9266","616789","1","3640","11386","270","3369903","52","61860","61860","182","1794694","0","104","102","1781846","354","130"
"r3","people","B","both-off","12900","21600","32","26","6","26","26","0","0","104","6485","5627988","314","0","9469","95642173","1009","0","186","0","234","0","12834949","603000","40200","0","177667","52989909","0","0","69891","0","1388","0","4041937","584794","760","22154","78000","218400","1542","13171723","1542","0","0","4477198","78","0","26000","55740","10326","680393","2","3640","11214","267","3583105","52","66066","66066","182","1919384","0","104","102","1877421","358","130"
"r3","people","B","both-off","13200","21600","32","26","6","26","26","0","0","104","6566","5847742","316","0","9729","99994119","1027","0","188","0","241","0","13289749","623280","41552","0","179638","55822687","0","0","73768","0","1411","0","4270852","619876","771","21852","124800","78000","1542","13634323","1542","0","0","4690125","78","0","26000","59088","10122","672295","0","3640","11336","270","3798577","52","69210","69210","182","2018015","0","104","102","1999815","370","130"
"r3","people","B","both-off","13500","21600","32","26","6","26","26","0","0","104","6563","6069485","320","0","9989","104143357","1043","0","190","0","248","0","13744549","644295","42953","0","207051","58619653","0","0","77388","0","1428","0","4481342","651512","784","21626","234000","156000","1542","14096923","1542","0","0","4899889","78","0","26000","62068","10242","684434","2","3640","11353","270","3993864","52","72310","72310","182","2126554","0","104","103","2088901","379","130"
"r3","people","B","both-off","13800","21600","32","25","7","25","25","0","0","100","6456","5926534","310","0","9838","105994121","1018","0","187","0","247","0","13615018","652845","43523","0","198137","59444533","0","0","79460","0","1439","0","4565503","673250","769","21134","120000","225000","1482","13961343","1482","0","0","5045173","75","0","25000","64046","10422","689368","3","3500","11270","270","4123540","50","74468","74468","175","2180050","0","100","99","2175755","375","125"
"r3","people","B","both-off","14100","21600","32","24","8","24","24","0","0","96","6203","5975192","302","0","9687","106128495","989","0","183","0","241","0","13487572","650160","43344","0","179218","59414442","0","0","80211","0","1455","0","4585553","672990","750","20958","72000","86400","1422","13827243","1422","0","0","5042933","72","0","24000","64103","10290","695047","5","3360","10889","259","4123241","48","74393","74393","168","2199590","0","96","95","2148296","360","120"
"r3","people","B","both-off","14400","21600","32","24","8","24","24","0","0","96","6144","6187142","309","0","9925","109867551","1001","0","185","0","242","0","13906972","667860","44524","0","202194","62214545","0","0","83737","0","1472","0","4775497","709724","760","20680","216000","86400","1422","14253843","1422","0","0","5240117","72","0","24000","67372","9925","661132","0","3360","10822","259","4349245","48","77297","77297","192","2322496","0","96","95","2256489","361","120"
"r3","people","B","both-off","14700","21600","32","24","8","24","24","0","0","96","6164","6400426","313","0","10165","114161896","1019","0","190","0","244","0","14326372","689760","45984","0","203478","65163739","0","0","87460","0","1488","0","5000670","743516","771","20334","172800","216000","1422","14680443","1422","0","0","5521502","72","0","24000","70616","10853","724243","2","3360","10938","259","4556280","48","81469","81469","192","2423782","0","96","95","2373477","364","120"
"r3","people","B","both-off","15000","21600","32","24","8","24","24","0","0","96","6123","6616342","314","0","10403","117937541","1025","0","192","0","246","0","14745772","709380","47292","0","204286","68144567","0","0","90976","0","1508","0","5204911","772260","776","20212","72000","144000","1422","15107043","1422","0","0","5733619","72","0","24000","73352","11213","754385","3","3360","10921","259","4733367","48","84565","84565","192","2528112","0","96","95","2451122","367","120"
"r3","people","B","both-off","15300","21600","32","23","9","23","23","0","0","92","5859","6476107","306","0","10185","118251390","1011","0","189","0","245","0","14529826","712005","47467","0","204561","68761806","0","0","91979","0","1522","0","5222371","786260","763","19942","165600","69000","1362","14882943","1362","0","0","5737562","69","0","23000","74509","10108","671754","3","3220","10627","253","4819283","46","84617","84617","184","2568476","0","92","91","2497332","366","115"
"r3","people","B","both-off","15600","21600","32","23","9","23","23","0","0","92","5875","6682867","307","0","10412","122423773","1019","0","191","0","247","0","14931526","734910","48994","0","225000","71811341","0","0","95615","0","1539","0","5437787","815634","768","19858","207000","193200","1362","15291543","1362","0","0","6009154","69","0","23000","77358","11289","752981","2","3220","10708","255","4999751","46","88647","88647","184","2654870","0","92","91","2601303","371","115"
"r3","people","B","both-off","15900","21600","32","23","9","23","23","0","0","92","5722","6890007","310","0","10636","126092781","1032","0","193","0","253","0","15333285","753105","50207","0","226156","74850926","0","0","99143","0","1558","0","5623525","849636","779","19668","69000","193200","1363","15700203","1363","0","0","6208235","69","0","23000","80446","11199","738357","0","3220","10569","251","5207538","46","91645","91645","184","2776284","0","92","91","2693594","379","115"
"r3","people","B","both-off","16200","21600","32","23","9","23","23","0","0","92","5804","7098625","311","0","10863","130270060","1042","0","195","0","257","0","15735285","774045","51603","0","227291","77994427","0","0","102985","0","1575","0","5837570","884044","786","19412","110400","69000","1363","16109103","1363","0","0","6410802","69","0","23000","83705","10928","719013","1","3220","10722","254","5419014","46","94633","94633","207","2873706","0","92","91","2818083","385","115"
"r3","people","B","both-off","16500","21600","32","23","9","23","23","0","0","92","5782","7307723","314","0","11086","134355153","1051","0","196","0","261","0","16137285","796170","53078","0","254282","81209625","0","0","106694","0","1591","0","6056501","914230","794","19284","207000","138000","1363","16518003","1363","0","0","6694445","69","0","23000","86523","12322","815760","0","3220","10711","253","5605317","46","98845","98845","207","2974637","0","92","91","2904048","390","115"
"r3","people","B","both-off","16800","21600","32","23","9","23","23","0","0","92","5723","7519893","320","0","11310","138605023","1069","0","197","0","265","0","16539285","817425","54495","0","255918","84492402","0","0","110705","0","1612","0","6257445","956228","805","18976","110400","207000","1363","16926903","1363","0","0","6911474","69","0","23000","90449","11568","766400","0","3220","10711","255","5859290","46","102017","102017","207","3103688","0","92","91","3041386","397","115"
"r3","people","B","both-off","17100","21600","32","23","9","23","23","0","0","92","5787","7734564","321","0","11533","142740655","1076","0","198","0","269","0","16941285","839100","55940","0","257202","87851987","0","0","114690","0","1629","0","6458627","984676","811","18872","69000","82800","1363","17335803","1363","0","0","7124180","69","0","23000","93227","11918","799540","2","3220","10846","258","6034706","46","105145","105145","207","3188633","0","92","91","3136007","402","115"
"r3","people","B","both-off","17400","21600","32","23","9","23","23","0","0","92","5726","7950102","324","0","11757","146858437","1089","0","201","0","274","0","17343285","858750","57250","0","290273","91231524","0","0","118787","0","1644","0","6643092","1031260","822","18786","207000","82800","1363","17744703","1363","0","0","7416319","69","0","23000","97090","12295","821169","1","3220","10806","258","6323061","46","109385","109385","207","3316015","0","92","91","3279135","408","115"
"r3","people","B","both-off","17700","21600","32","23","9","23","23","0","0","92","5783","8167425","329","0","11976","151616283","1100","0","202","0","276","0","17745344","882960","58864","0","291481","94615030","0","0","123123","0","1664","0","6856228","1067086","830","18618","165600","207000","1364","18153663","1364","0","0","7632493","69","0","23000","100458","12123","802152","2","3220","10927","259","6543580","46","112581","112581","207","3425798","0","92","91","3404543","411","115"
"r3","people","B","both-off","18000","21600","32","23","9","23","23","0","0","92","5737","8389032","334","0","12196","155723124","1110","0","202","0","279","0","18147644","904140","60276","0","292730","97993251","0","0","127048","0","1687","0","7064028","1099554","838","18536","69000","138000","1364","18562863","1364","0","0","7846973","69","0","23000","103484","12245","813869","0","3220","10928","259","6744320","46","115729","115729","230","3537161","0","92","91","3495943","415","115"
"r3","people","B","both-off","18300","21600","32","23","9","23","23","0","0","92","5788","8612178","340","0","12419","160082912","1122","0","203","0","283","0","18550063","925020","61668","0","295300","101510061","0","0","131355","0","1707","0","7279079","1144572","849","18228","165600","69000","1365","18972183","1365","0","0","8154602","69","0","23000","107542","12649","843066","1","3220","11034","261","7018194","46","120191","120191","230","3667047","0","92","91","3644489","420","115"
"r3","people","B","both-off","18600","21600","32","23","9","23","23","0","0","92","5895","8838094","344","0","12638","164739150","1130","0","204","0","285","0","18952722","950730","63382","0","339422","105115317","0","0","135650","0","1731","0","7515015","1174818","856","17950","207000","193200","1366","19381743","1366","0","0","8380631","69","14","23000","110490","13035","876651","2","3220","11162","266","7204713","46","123525","123539","230","3759819","0","92","91","3744161","422","115"
"r3","people","B","both-off","18900","21600","32","23","9","23","23","0","0","92","5796","9064947","347","0","12856","168843670","1140","0","206","0","288","0","19355742","970710","64714","0","340429","108710941","0","0","139787","0","1752","0","7734662","1214502","864","17678","69000","193200","1369","19791663","1369","0","0","8602565","69","14","23000","114090","12757","846824","0","3220","11071","264","7447766","46","126847","126861","230","3895734","0","92","91","3860007","427","115"
"r3","people","B","both-off","19200","21600","32","23","9","23","23","0","0","92","5838","9294145","348","0","13078","173432477","1151","0","210","0","290","0","19759661","993120","66208","0","342110","112441747","0","0","144330","0","1769","0","7963403","1252180","871","17434","110400","69000","1370","20202483","1370","0","0","8902729","69","64","23000","117608","13681","906803","0","3220","11156","265","7680308","46","131289","131353","230","4004101","0","92","91","3991825","430","115"
"r3","people","B","both-off","19500","21600","32","23","9","23","23","0","0","92","5902","9525642","351","0","13300","177903996","1163","0","211","0","296","0","20163761","1017375","67825","0","376562","116188498","0","0","148664","0","1788","0","8198515","1284086","881","17320","207000","138000","1370","20613483","1370","0","0","9126816","69","127","23000","120618","13962","931017","0","3220","11174","267","7877463","46","134580","134707","230","4115853","0","92","91","4079946","437","115"
"r3","people","B","both-off","19800","21600","32","23","9","23","23","0","0","92","5858","9759098","352","0","13519","182493680","1172","0","213","0","299","0","20567861","1040010","69334","0","377323","119977051","0","0","153122","0","1815","0","8424342","1330648","887","17028","110400","207000","1370","21024483","1370","0","0","9352397","69","164","23000","124869","13024","859970","0","3220","11198","265","8160158","46","137893","138057","253","4259673","0","92","91","4232754","443","115"
"r3","people","B","both-off","20100","21600","32","23","9","23","23","0","0","92","5929","9993230","353","0","13740","186973475","1179","0","216","0","302","0","20971961","1063275","70885","0","378061","123912492","0","0","157466","0","1835","0","8672600","1360718","894","16916","69000","82800","1370","21435483","1370","0","0","9661158","69","257","23000","127810","14676","980358","1","3220","11317","268","8345408","46","142486","142743","253","4347890","0","92","91","4332910","446","115"
"r3","people","B","both-off","20400","21600","32","23","9","23","23","0","0","92","5903","10227583","356","0","13962","191368732","1194","0","219","0","306","0","21376061","1084080","72272","0","401862","127860763","0","0","161969","0","1860","0","8916246","1403446","904","16768","207000","82800","1370","21846483","1370","0","0","9892882","69","318","23000","131610","14319","952011","0","3220","11251","267","8607436","46","145929","146247","253","4479314","0","92","91","4461557","453","115"
"r3","people","B","both-off","20700","21600","32","23","9","23","23","0","0","92","5963","10461927","361","0","14181","196358085","1204","0","220","0","306","0","21780161","1109625","73975","0","403137","131872432","0","0","166693","0","1877","0","9178271","1444114","910","16538","165600","207000","1370","22257483","1370","0","0","10118514","69","424","23000","135396","13927","916280","1","3220","11358","269","8858461","46","149323","149747","253","4599430","0","92","91","4602804","453","115"
"r3","people","B","both-off","21000","21600","32","23","9","23","23","0","0","92","5932","10697620","364","0","14395","200628544","1212","0","221","0","309","0","22184271","1132590","75506","0","404178","135908881","0","0","170955","0","1896","0","9425682","1478060","917","16434","69000","138000","1371","22668493","1371","0","0","10427426","69","540","23000","138643","15268","1011870","1","3220","11330","269","9067003","46","153911","154451","253","4716602","0","92","91","4698954","456","115"
"r3","people","B","both-off","21300","21600","32","23","9","23","23","0","0","92","5924","10935311","368","0","14618","205226507","1224","0","223","0","313","0","22588730","1154085","76939","0","406675","140013827","0","0","175684","0","1922","0","9651538","1525130","927","16136","165600","69000","1372","23079853","1372","0","0","10659603","69","634","23000","142967","14374","951381","2","3220","11351","270","9352595","46","157341","157975","253","4854989","0","92","91","4853233","460","115"
"r3","people","B","both-off","21600","21600","32","23","9","23","23","0","0","92","5971","11174505","371","0","14836","209949769","1233","0","224","0","317","0","22993430","1180320","78688","0","451720","144105272","0","0","180131","0","1944","0","9916429","1564340","935","16016","207000","193200","1372","23491453","1372","0","0","10890191","69","724","23000","146521","14224","944727","1","3220","11432","270","9595471","46","160745","161469","276","4948667","0","92","91","4996797","465","115"
"r3","people","B","control","0","21600","32","32","0","32","32","0","0","128","2880","0","0","0","0","0","0","0","0","0","0","0","0","0","0","0","0","0","0","0","0","0","0","0","0","0","32","57600","192000","192000","192","0","192","0","0","0","96","0","32000","0","0","0","0","4480","2880","64","0","32","0","0","0","0","0","128","32","0","32","160"
"r3","people","B","control","300","21600","32","32","0","32","32","1236","0","128","2866","0","1","0","0","202295","5","0","0","0","2","0","51808","0","0","154","11","97395","0","11","86","0","0","0","1740","556","35","56680","230400","96000","224","61440","224","1236","0","43442","96","0","32000","61","579","38608","20","4480","3094","64","3473","32","640","640","0","1899","0","128","33","1699","36","160"
"r3","people","B","control","600","21600","32","32","0","32","32","5730","0","128","2820","4896","25","0","29","653427","87","0","16","0","22","0","118944","960","64","436","32","295676","0","32","531","0","0","0","16933","2458","95","53974","288000","268800","288","138240","288","5776","0","75992","96","0","32000","264","856","56767","25","4480","3389","64","15430","32","1120","1120","0","7318","46","128","46","6131","66","160"
"r3","people","B","control","900","21600","32","32","0","32","32","10399","0","128","2635","22949","32","0","113","1345113","133","0","28","0","38","0","201472","1695","113","1274","81","531808","0","81","1311","0","0","0","30721","5760","130","51514","96000","268800","320","230400","320","11075","0","108260","96","0","32000","598","1002","65564","17","4480","3585","66","35961","32","1600","1600","0","16725","676","128","53","14896","86","160"
"r3","people","B","control","1200","21600","32","32","0","32","32","15027","0","128","2690","58530","49","0","244","2370591","193","0","38","0","56","0","302305","4020","268","1630","103","800137","0","103","2436","0","0","0","54705","10172","175","50340","153600","96000","391","340897","391","16693","0","151964","96","0","32000","1041","1224","78601","9","4480","3978","85","62980","32","2265","2265","0","26988","1666","128","58","29682","112","160"
"r3","people","B","control","1500","21600","32","32","0","32","32","21799","0","128","3329","115399","63","0","401","3468926","265","0","48","0","79","0","421061","9510","634","2528","141","1095892","0","141","3321","0","0","0","81084","15392","222","49156","288000","192000","465","469317","465","25195","0","189771","96","0","32000","1574","1251","82806","16","4480","4940","110","94474","32","2825","2825","0","39370","3396","128","71","42400","146","160"
"r3","people","B","control","1800","21600","32","32","0","32","32","26007","0","128","3962","181371","78","0","587","4681855","307","0","58","0","89","0","556712","15540","1036","3074","166","1422860","0","166","4304","0","0","0","107430","21368","257","47828","153600","288000","497","614599","497","30184","0","231581","96","0","32000","2174","1268","83665","5","4480","5874","132","130510","32","3442","3442","32","57137","4177","128","74","60595","157","160"
"r3","people","B","control","2100","21600","32","32","0","32","32","35151","0","128","4913","254475","93","0","789","6065560","352","0","67","0","99","0","709312","23580","1572","3752","201","1802899","0","201","5393","0","0","0","138851","28622","291","46820","96000","115200","560","776861","560","43281","0","303768","96","0","32000","2813","1698","112529","14","4480","7030","158","176258","32","4511","4511","32","70419","8130","128","80","77539","170","160"
"r3","people","B","control","2400","21600","32","32","0","32","32","44497","0","128","6042","335914","105","0","1009","7521333","396","0","77","0","111","0","876950","32895","2193","4694","244","2228812","0","244","6357","0","0","0","179812","38486","325","45940","288000","115200","622","954161","622","56641","0","365192","96","0","32000","3748","1665","113055","3","4480","8443","196","236026","32","5413","5413","32","94499","12144","128","84","100997","185","160"
"r3","people","B","control","2700","21600","32","32","0","32","32","50331","0","128","7112","426948","118","0","1235","9262656","438","0","84","0","122","0","1059860","43245","2883","5146","269","2703839","0","269","7681","0","0","0","225543","47712","356","43822","230400","288000","657","1146702","657","63843","0","433063","96","0","32000","4626","1780","120818","7","4480","9769","228","292689","32","6406","6406","32","120067","13512","128","88","128335","198","160"
"r3","people","B","control","3000","21600","32","32","0","32","32","59833","0","128","7893","530333","129","0","1481","10913757","483","0","96","0","129","0","1260492","53880","3592","5742","300","3231701","0","300","8784","0","0","0","278833","57874","386","43282","96000","192000","722","1356996","722","78016","0","532210","96","0","32000","5578","2284","157452","7","4480","10765","255","355778","32","7862","7862","32","143578","18183","128","90","153164","207","160"
"r3","people","B","control","3300","21600","32","32","0","32","32","68152","0","128","8549","644518","139","0","1731","12931859","521","0","103","0","141","0","1477095","67080","4472","6390","341","3817414","0","341","10195","0","0","0","342590","70810","415","42362","230400","96000","787","1583193","787","90261","0","611014","96","0","32000","6780","2249","150904","1","4480","11600","274","434950","32","9029","9029","32","178109","22109","128","92","191740","221","160"
"r3","people","B","control","3600","21600","32","32","0","32","32","78586","0","128","8826","762952","151","0","1985","14990474","561","0","113","0","146","0","1709444","81840","5456","6870","368","4437568","0","368","11484","0","0","0","418975","82756","442","41460","288000","268800","818","1824873","818","105353","0","691866","96","0","32000","7892","2334","158824","4","4480","12030","282","508541","32","10226","10226","64","209774","26767","128","94","217915","226","160"
"r3","people","B","control","3900","21600","32","32","0","32","32","86442","0","128","8926","885825","164","0","2245","16866211","593","0","116","0","153","0","1958502","94050","6270","7462","401","5102322","0","401","12760","0","0","0","492576","98206","465","40590","96000","268800","880","2083293","880","117451","0","813672","96","0","32000","9332","2668","185921","2","4480","12259","288","602620","32","12000","12000","64","252742","31009","128","96","257558","237","160"
"r3","people","B","control","4200","21600","32","32","0","32","32","99080","0","128","9087","1021689","175","0","2515","19048964","630","0","123","0","162","0","2222440","109350","7290","7956","432","5817230","0","432","14154","0","0","0","581243","113068","492","39942","153600","96000","942","2356593","942","137313","0","905699","96","0","32000","10675","2678","184074","1","4480","12497","299","694684","32","13353","13353","64","285908","38233","128","100","298404","248","160"
"r3","people","B","control","4500","21600","32","32","0","32","32","114610","0","128","9176","1164347","185","0","2789","21231535","656","0","125","0","169","0","2501412","125415","8361","8810","477","6526254","0","477","15440","0","0","0","664380","128060","511","39530","288000","192000","973","2644877","973","161473","0","998492","96","0","32000","12020","2689","186258","3","4480","12710","305","788068","32","14709","14709","64","321693","46863","128","101","329068","259","160"
"r3","people","B","control","4800","21600","32","32","0","32","32","120516","0","128","9158","1314887","196","0","3075","23581901","687","0","132","0","175","0","2797725","140895","9393","9142","500","7286653","0","500","16945","0","0","0","757380","146026","535","38700","153600","288000","1036","2950130","1036","170410","0","1120185","96","0","32000","13696","2867","191230","3","4480","12860","307","897541","32","16563","16563","64","375869","49894","128","104","382676","267","160"
"r3","people","B","control","5100","21600","32","32","0","32","32","133073","0","128","9207","1479108","202","0","3371","26018860","713","0","143","0","178","0","3109843","157395","10493","9630","530","8066236","0","530","18502","0","0","0","853734","159020","555","38324","96000","115200","1101","3270710","1101","192339","0","1214279","96","0","32000","14944","3007","205395","4","4480","12968","309","976432","32","17951","17951","64","402238","59266","128","104","414307","272","160"
"r3","people","B","control","5400","21600","32","32","0","32","32","148234","0","128","9177","1651802","209","0","3670","28421389","737","0","148","0","184","0","3437292","172740","11516","10222","553","8842855","0","553","20042","0","0","0","942437","177778","573","37964","288000","115200","1132","3606590","1132","217496","0","1306161","96","0","32000","16594","2732","182322","0","4480","13033","310","1091611","32","19326","19326","96","451169","69262","128","104","455174","280","160"
"r3","people","B","control","5700","21600","32","32","0","32","32","154759","0","128","9197","1828704","216","0","3974","31189426","763","0","157","0","189","0","3781450","191265","12751","10568","577","9676972","0","577","21701","0","0","0","1036329","193182","594","37126","230400","288000","1194","3959210","1194","226326","0","1443671","96","0","32000","18071","3262","220845","4","4480","13194","315","1186499","32","21333","21333","96","496109","71567","128","105","500391","287","160"
"r3","people","B","control","6000","21600","32","32","0","32","32","167111","0","128","9153","2018181","224","0","4286","33635893","785","0","160","0","196","0","4140488","207540","13836","11182","610","10523058","0","610","23135","0","0","0","1126749","209024","612","37002","96000","192000","1256","4326710","1256","248272","0","1542963","96","0","32000","19503","3329","221486","3","4480","13241","314","1284785","32","22832","22832","96","538828","81161","128","107","534377","295","160"
"r3","people","B","control","6300","21600","32","32","0","32","32","177996","0","128","9162","2212646","230","0","4605","36314137","803","0","163","0","202","0","4514437","225840","15056","11532","633","11386780","0","633","24652","0","0","0","1217801","230340","627","36722","230400","96000","1285","4708892","1285","267611","0","1642247","96","0","32000","21454","2881","191073","0","4480","13370","319","1413933","32","24335","24335","96","590542","89615","128","109","593021","303","160"
"r3","people","B","control","6600","21600","32","32","0","32","32","193209","0","128","9150","2411642","236","0","4924","38978286","828","0","167","0","213","0","4905095","246450","16430","12194","669","12256295","0","669","26044","0","0","0","1310914","246444","648","36322","288000","268800","1347","5107412","1347","289899","0","1781216","96","0","32000","22953","3408","234335","2","4480","13470","322","1512900","32","26361","26361","96","627439","96690","128","111","629543","317","160"
"r3","people","B","control","6900","21600","32","32","0","32","32","201272","0","128","9026","2621319","239","0","5243","41380497","840","0","172","0","216","0","5310633","263430","17562","12564","691","13136377","0","691","27426","0","0","0","1401367","264688","659","36014","96000","268800","1407","5520368","1407","304920","0","1884250","96","0","32000","24620","3251","220826","0","4480","13403","320","1625088","32","27871","27871","96","683750","103648","128","111","674754","320","160"
"r3","people","B","control","7200","21600","32","32","0","32","32","210404","0","128","9014","2834253","247","0","5562","44260781","868","0","179","0","221","0","5731082","283665","18911","12820","710","14069263","0","710","29085","0","0","0","1508421","281382","679","35584","153600","96000","1436","5947721","1436","322341","0","1988090","96","0","32000","26114","3263","217835","0","4480","13487","322","1728833","32","29377","29377","128","723861","111937","128","112","724053","328","160"
"r3","people","B","control","7500","21600","32","32","0","32","32","226763","0","128","8982","3049366","254","0","5881","47128248","884","0","182","0","224","0","6168240","304410","20294","13618","751","15006404","0","751","30627","0","0","0","1615131","300126","692","35362","288000","192000","1497","6391502","1497","351023","0","2135708","96","0","32000","27739","3809","256177","0","4480","13533","324","1845516","32","31548","31548","128","768751","124260","128","113","759757","331","160"
"r3","people","B","control","7800","21600","32","32","0","32","32","232001","0","128","8862","3272340","269","0","6200","50250390","906","0","185","0","225","0","6620278","324855","21657","13820","766","15978361","0","766","32410","0","0","0","1725358","321124","711","35058","153600","288000","1559","6849902","1559","360001","0","2245864","96","0","32000","29679","3488","230607","1","4480","13516","322","1973210","32","33167","33167","128","833116","128000","128","113","822140","332","160"
"r3","people","B","control","8100","21600","32","32","0","32","32","244514","0","128","8783","3503944","276","0","6519","53290451","918","0","187","0","225","0","7087048","345675","23045","14162","788","16970548","0","788","34078","0","0","0","1842004","337692","720","34840","96000","115200","1589","7323002","1589","384230","0","2353960","96","0","32000","31211","3548","238932","1","4480","13532","326","2075191","32","34759","34759","128","870844","139716","128","113","859954","332","160"
"r3","people","B","control","8400","21600","32","32","0","32","32","256600","0","128","8704","3738580","282","0","6839","56217237","942","0","192","0","232","0","7570111","365820","24388","14644","816","17974187","0","816","35660","0","0","0","1954648","359810","738","34690","288000","115200","1649","7812192","1649","407706","0","2500255","96","0","32000","33151","3786","250226","0","4480","13549","323","2211405","32","36937","36937","128","931733","151106","128","116","910590","341","160"
"r3","people","B","control","8700","21600","32","32","0","32","32","262255","0","128","8675","3979826","292","0","7159","59497497","961","0","192","0","236","0","8068049","389085","25939","14998","842","19007278","0","842","37426","0","0","0","2078179","377466","752","34472","230400","288000","1711","8316192","1711","416457","0","2608999","96","0","32000","34824","3735","244621","0","4480","13615","325","2319661","32","38559","38559","128","983282","154202","128","116","964639","347","160"
"r3","people","B","control","9000","21600","32","32","0","32","32","271592","0","128","8596","4225586","298","0","7479","62406665","982","0","195","0","242","0","8580898","409995","27333","15444","868","20026601","0","868","38949","0","0","0","2195662","394712","767","34446","96000","192000","1742","8835072","1742","436167","0","2715365","96","0","32000","36400","3763","245025","1","4480","13625","327","2426127","32","40163","40163","160","1031520","164575","128","118","1002653","356","160"
"r3","people","B","control","9300","21600","32","32","0","32","32","278315","0","128","8614","4474537","303","0","7799","65841461","998","0","198","0","248","0","9110337","433650","28910","15634","883","21119319","0","883","40844","0","0","0","2316095","417184","781","34082","230400","96000","1801","9370257","1801","450626","0","2873485","96","0","32000","38448","4032","263926","3","4480","13719","328","2562757","32","42480","42480","160","1092839","172311","128","118","1066094","363","160"
"r3","people","B","control","9600","21600","32","32","0","32","32","288821","0","128","8557","4728642","308","0","8119","69290383","1017","0","203","0","253","0","9652926","458175","30545","15982","907","22215704","0","907","42593","0","0","0","2443501","435466","796","33860","288000","268800","1851","9918295","1851","472901","0","2990840","96","0","32000","40140","4055","272876","3","4480","13760","328","2675248","32","44195","44195","160","1135889","184080","128","118","1109174","372","160"
"r3","people","B","control","9900","21600","32","32","0","32","32","294258","0","128","8413","4985471","313","0","8439","72302187","1036","0","207","0","256","0","10207064","479160","31944","16080","914","23312852","0","914","44108","0","0","0","2559943","456512","808","33692","96000","268800","1873","10477555","1873","486264","0","3105906","96","0","32000","42065","3828","254658","0","4480","13662","325","2803855","32","45893","45893","160","1201925","192006","128","118","1163059","377","160"
"r3","people","B","control","10200","21600","32","32","0","32","32","301975","0","128","8492","5245447","319","0","8759","75815854","1052","0","209","0","257","0","10767272","503520","33568","16460","943","24480551","0","943","45879","0","0","0","2693291","475988","817","33370","153600","96000","1885","11042875","1885","502146","0","3260604","96","0","32000","43844","4359","285417","2","4480","13825","329","2923905","32","48203","48203","160","1250506","200171","128","118","1222535","379","160"
"r3","people","B","control","10500","21600","32","32","0","32","32","313062","0","128","8523","5507906","326","0","9079","79180070","1072","0","213","0","260","0","11327970","528315","35221","16610","954","25619323","0","954","47475","0","0","0","2817153","495942","831","33302","288000","192000","1887","11608675","1887","528651","0","3377237","96","0","32000","45635","4291","286706","3","4480","13897","331","3047791","32","49926","49926","160","1301809","215589","128","118","1260071","384","160"
"r3","people","B","control","10800","21600","32","32","0","32","32","316244","0","128","8506","5774436","330","0","9399","82764195","1089","0","220","0","260","0","11889328","553155","36877","16698","961","26786147","0","961","49217","0","0","0","2941393","518870","842","32984","153600","288000","1888","12174896","1888","535358","0","3494122","96","0","32000","47698","3948","254521","1","4480","14010","332","3187868","32","51646","51646","192","1373402","219114","128","118","1330841","384","160"
"r3","people","B","control","11100","21600","32","32","0","32","32","324521","0","128","8524","6043115","340","0","9719","86542249","1111","0","223","0","264","0","12451465","577755","38517","17100","992","28380082","0","992","51163","0","0","0","3137168","539934","859","32746","96000","115200","1889","12741695","1889","558066","0","3826187","96","0","32000","49722","6834","455582","1","4480","14146","336","3318107","64","56556","56556","192","1424300","233545","128","119","1388239","389","160"
"r3","people","B","control","11400","21600","32","32","0","32","32","339551","0","128","8461","6312369","346","0","10039","90875748","1127","0","225","0","266","0","13014620","600210","40014","17480","1018","30221306","0","1018","53913","0","0","0","3365463","577150","869","32366","288000","115200","1893","13308846","1893","593184","0","4076660","96","0","32000","53148","7086","476401","0","4480","14155","338","3547485","64","60234","60234","192","1538607","253633","128","120","1468468","393","160"
"r3","people","B","control","11700","21600","32","32","0","32","32","344504","0","128","8389","6585251","355","0","10359","96248255","1149","0","228","0","274","0","13578978","625995","41733","17696","1036","32214717","0","1036","57476","0","0","0","3617537","616724","889","31344","230400","288000","1893","13876780","1893","605296","0","4325038","96","0","32000","56928","6984","472551","2","4480","14266","340","3791015","64","63912","63912","192","1650170","260792","128","120","1597021","401","160"
"r3","people","B","control","12000","21600","32","32","0","32","32","356705","0","128","8387","6862093","362","0","10679","101012751","1161","0","230","0","276","0","14144713","648555","43237","17834","1047","34286226","0","1047","60714","0","0","0","3877293","653108","900","31090","96000","192000","1896","14445754","1896","638949","0","4665127","96","0","32000","60265","8627","588400","4","4480","14339","342","4017419","64","68892","68892","192","1755418","282244","128","120","1682360","403","160"
"r3","people","B","control","12300","21600","32","32","0","32","32","366083","0","128","8428","7146927","367","0","10999","106310475","1189","0","237","0","283","0","14712005","672720","44848","18082","1067","36434312","0","1067","64351","0","0","0","4129353","706400","919","30640","230400","96000","1902","15015384","1902","665504","0","4919436","96","0","32000","65096","7540","511059","1","4480","14460","343","4341516","64","72636","72636","192","1895696","299421","128","120","1847177","414","160"
"r3","people","B","control","12600","21600","32","32","0","32","32","376703","0","128","8490","7437938","371","0","11319","111582093","1208","0","242","0","292","0","15280863","700785","46719","18364","1087","38591514","0","1087","67782","0","0","0","4375162","743010","937","30370","288000","268800","1902","15586188","1902","691955","0","5166884","96","0","32000","68665","7671","532294","1","4480","14603","348","4566068","64","76336","76336","224","1993629","315252","128","121","1949006","424","160"
"r3","people","B","control","12900","21600","32","32","0","32","32","385006","0","128","8500","7730651","376","0","11639","116213928","1219","0","244","0","296","0","15851098","722820","48188","18470","1096","40830518","0","1096","70922","0","0","0","4607038","788038","948","30050","96000","268800","1907","16157928","1907","715431","0","5527800","96","0","32000","72741","8887","611760","0","4480","14614","347","4842049","64","81628","81628","224","2139281","330425","128","121","2061328","428","160"
"r3","people","B","control","13200","21600","32","32","0","32","32","395156","0","128","8524","8028657","389","0","11959","121847254","1247","0","248","0","298","0","16422471","748950","49930","18702","1114","43213894","0","1114","74907","0","0","0","4876641","832578","967","29448","153600","96000","1912","16730363","1912","743918","0","5790061","96","0","32000","76771","8813","591043","2","4480","14693","349","5118049","64","85584","85584","224","2248776","348762","128","121","2206324","431","160"
"r3","people","B","control","13500","21600","32","32","0","32","32","412702","0","128","8578","8333661","394","0","12279","127081188","1262","0","250","0","303","0","16995393","775350","51690","19004","1132","45567057","0","1132","78379","0","0","0","5145654","876054","979","29168","288000","192000","1912","17304136","1912","792811","0","6056286","96","0","32000","80719","8779","596497","3","4480","14760","350","5388331","64","89498","89498","224","2365259","380109","128","122","2301719","438","160"
"r3","people","B","control","13800","21600","32","31","1","31","31","404458","0","124","8294","8408299","387","0","12233","127461846","1251","0","250","0","297","0","17019082","771690","51446","18334","1099","46119160","0","1099","78874","0","0","0","5190240","900048","965","28400","148800","279000","1858","17321686","1858","773185","0","6200507","93","0","31000","82914","8723","588586","1","4340","14390","342","5530998","62","91637","91637","217","2480550","368727","124","118","2358186","431","155"
"r3","people","B","control","14100","21600","32","31","1","31","31","419102","0","124","8372","8715810","391","0","12543","132540141","1263","0","250","0","301","0","17576239","797100","53140","18494","1111","48522679","0","1111","82429","0","0","0","5462084","938092","973","28196","93000","111600","1860","17879316","1860","813545","0","6461025","93","0","31000","86516","8965","617954","5","4340","14512","345","5765213","62","95481","95481","217","2567849","394443","124","118","2461677","438","155"
"r3","people","B","control","14400","21600","32","31","1","31","31","434738","0","124","8326","9025867","399","0","12853","137235874","1288","0","252","0","307","0","18133939","819555","54637","18706","1123","50916457","0","1123","85664","0","0","0","5702233","987758","989","27928","279000","111600","1860","18437316","1860","856108","0","6719133","93","0","31000","90935","8360","573157","0","4340","14498","348","6070809","62","99295","99295","248","2710651","421370","124","119","2579217","448","155"
"r3","people","B","control","14700","21600","32","31","1","31","31","437720","0","124","8484","9335705","400","0","13163","142729996","1303","0","255","0","315","0","18691639","848340","56556","18900","1136","53482150","0","1136","89200","0","0","0","5974296","1031478","1001","27644","223200","279000","1860","18995316","1860","868612","0","7093715","93","0","31000","95064","9733","670646","4","4340","14756","354","6338482","62","104797","104797","248","2825556","430892","124","119","2728901","458","155"
"r3","people","B","control","15000","21600","32","31","1","31","31","450035","0","124","8486","9650643","406","0","13473","147662779","1318","0","257","0","319","0","19249398","872625","58175","19030","1146","56091288","0","1146","92554","0","0","0","6247233","1072194","1013","27380","93000","186000","1860","19553099","1860","909047","0","7373302","93","0","31000","98714","10175","695523","9","4340","14803","354","6593098","62","108889","108889","248","2945862","459012","124","119","2822870","463","155"
"r3","people","B","control","15300","21600","32","31","1","31","31","458983","0","124","8505","9969584","417","0","13783","153081282","1343","0","259","0","323","0","19807398","897750","59850","19068","1149","58769815","0","1149","96365","0","0","0","6524117","1132074","1030","26746","223200","93000","1860","20111099","1860","937774","0","7648558","93","0","31000","104122","8855","598252","0","4340","14922","354","6959172","62","112977","112977","248","3106112","478791","124","119","3006420","472","155"
"r3","people","B","control","15600","21600","32","31","1","31","31","474394","0","124","8654","10289844","422","0","14093","158671138","1355","0","261","0","326","0","20365398","927585","61839","19220","1157","61485970","0","1157","99964","0","0","0","6825237","1174292","1040","26558","279000","260400","1860","20669099","1860","977030","0","8022248","93","0","31000","108029","10474","719490","1","4340","15098","361","7219838","62","118503","118503","248","3204682","502636","124","119","3121046","476","155"
"r3","people","B","control","15900","21600","32","31","1","31","31","480198","0","124","8644","10615284","427","0","14403","163796700","1376","0","264","0","332","0","20923398","950010","63334","19220","1157","64213527","0","1157","103650","0","0","0","7086481","1223486","1054","26202","93000","260400","1860","21227099","1860","999389","0","8306924","93","0","31000","112511","10122","694917","0","4340","15075","359","7521230","62","122633","122633","248","3365791","519191","124","119","3246827","485","155"
"r3","people","B","control","16200","21600","32","31","1","31","31","491264","0","124","8685","10944218","429","0","14713","169601731","1394","0","266","0","339","0","21481398","977010","65134","19304","1163","67055774","0","1163","107756","0","0","0","7365983","1272650","1065","25496","148800","93000","1860","21785099","1860","1034928","0","8587818","93","0","31000","116898","9867","665848","3","4340","15197","361","7826652","62","126765","126765","279","3478740","543664","124","119","3408302","494","155"
"r3","people","B","control","16500","21600","32","31","1","31","31","510192","0","124","8729","11274722","431","0","15023","175000195","1413","0","268","0","347","0","22039398","1004640","66976","19618","1179","69887434","0","1179","111305","0","0","0","7648923","1322242","1077","25346","279000","186000","1860","22343099","1860","1090110","0","8984861","93","0","31000","121364","11235","773621","0","4340","15227","361","8134856","62","132599","132599","279","3605523","579918","124","119","3515607","507","155"
"r3","people","B","control","16800","21600","32","31","1","31","31","514504","0","124","8764","11610585","434","0","15333","180657167","1438","0","272","0","356","0","22597398","1031835","68789","19648","1181","72786359","0","1181","115164","0","0","0","7926094","1381866","1093","24954","148800","279000","1860","22901099","1860","1104103","0","9278425","93","0","31000","126807","10184","689576","0","4340","15372","366","8496628","62","136991","136991","279","3778466","589599","124","122","3706280","521","155"
"r3","people","B","control","17100","21600","32","31","1","31","31","525227","0","124","8766","11951189","438","0","15643","186309602","1448","0","273","0","360","0","23155398","1058685","70579","19674","1183","75741684","0","1183","119219","0","0","0","8212448","1423600","1102","24782","93000","111600","1860","23459099","1860","1143521","0","9575080","93","0","31000","130752","10575","728861","3","4340","15473","369","8753973","62","141327","141327","279","3876799","618294","124","122","3825899","526","155"
"r3","people","B","control","17400","21600","32","30","2","30","30","510311","0","120","8439","11996532","424","0","15557","183586206","1409","0","268","0","351","0","22946611","1030875","68725","18904","1151","75122323","0","1151","118022","0","0","0","8215428","1426440","1073","24296","270000","108000","1799","23244036","1799","1146721","0","9597571","90","0","30000","130830","10925","743619","2","4200","14853","355","8771884","60","141755","141755","270","3980938","636410","120","119","3726293","511","150"
"r3","people","B","control","17700","21600","32","30","2","30","30","514248","0","120","8473","12327505","428","0","15857","189496935","1425","0","270","0","358","0","23486550","1060500","70700","18932","1153","78079989","0","1153","121949","0","0","0","8516425","1474628","1086","23984","216000","270000","1800","23783976","1800","1160834","0","9884288","90","0","30000","135343","10682","724997","2","4200","14971","356","9066811","60","146025","146025","270","4101473","646586","120","119","3896984","520","150"
"r3","people","B","control","18000","21600","32","30","2","30","30","524889","0","120","8443","12661089","435","0","16154","194639821","1436","0","271","0","359","0","24026550","1085730","72382","18986","1157","81021622","0","1157","125454","0","0","0","8813903","1517816","1095","23786","90000","180000","1800","24323976","1800","1201762","0","10166980","90","0","30000","139249","10986","742605","0","4200","14993","358","9336055","60","150235","150235","300","4229314","676873","120","119","3993299","521","150"
"r3","people","B","control","18300","21600","32","29","3","29","29","514390","0","116","8144","12779231","424","0","15912","194291957","1405","0","266","0","353","0","23745805","1078410","71894","18022","1114","80806099","0","1114","124907","0","0","0","8829034","1527800","1072","23156","208800","87000","1740","24038484","1740","1187511","0","10204968","87","0","29000","140076","10765","722622","0","4060","14552","347","9392660","58","150841","150841","290","4262708","673121","116","115","4032127","513","145"
"r3","people","B","control","18600","21600","32","29","3","29","29","525407","0","116","8173","13112093","427","0","16202","199934668","1419","0","266","0","361","0","24267805","1107720","73848","18078","1118","83792401","0","1118","128633","0","0","0","9131311","1571414","1083","22962","261000","243600","1740","24560484","1740","1223189","0","10499077","87","0","29000","144201","10938","753468","3","4060","14595","348","9661489","58","155139","155139","290","4358972","697782","116","116","4163448","523","145"
"r3","people","B","control","18900","21600","32","29","3","29","29","531931","0","116","8095","13449308","429","0","16488","204790501","1427","0","267","0","366","0","24789805","1130205","75347","18114","1121","86757232","0","1121","132203","0","0","0","9403253","1622544","1091","22518","87000","243600","1740","25082484","1740","1249627","0","10784769","87","0","29000","148861","10534","720419","0","4060","14508","343","9974651","58","159395","159395","290","4524471","717696","116","116","4290252","528","145"
"r3","people","B","control","19200","21600","32","29","3","29","29","540504","0","116","8181","13788734","431","0","16778","210540000","1442","0","269","0","375","0","25311805","1157085","77139","18190","1127","89903756","0","1127","136396","0","0","0","9709845","1671366","1104","22224","139200","87000","1740","25604484","1740","1276541","0","11175957","87","0","29000","153339","11820","803323","0","4060","14647","349","10275570","58","165159","165159","290","4641300","736037","116","116","4454793","539","145"
"r3","people","B","control","19500","21600","32","29","3","29","29","555503","0","116","8182","14131027","434","0","17065","215698913","1455","0","271","0","377","0","25833805","1184100","78940","18238","1129","93010535","0","1129","140016","0","0","0","10010379","1719308","1111","22150","261000","174000","1740","26126484","1740","1326709","0","11464842","87","0","29000","157690","11769","810747","1","4060","14599","348","10571876","58","169459","169459","290","4764544","771206","116","116","4562842","544","145"
"r3","people","B","control","19800","21600","32","27","5","27","27","507311","0","108","7563","13483966","406","0","16208","205173806","1375","0","258","0","354","0","24513345","1125555","75037","16924","1055","88037371","0","1055","133304","0","0","0","9535374","1652908","1045","21524","129600","243000","1620","24789236","1620","1238641","0","10898717","81","0","27000","151559","9608","653688","0","3780","13606","324","10157630","54","161167","161167","297","4662650","731330","108","108","4343738","515","135"
"r3","people","B","control","20100","21600","32","26","6","26","26","475462","0","104","7287","13387073","388","0","15971","200332284","1333","0","252","0","345","0","24070703","1072695","71513","16122","1010","88151894","0","1010","132068","0","0","0","9491115","1618692","1011","21414","78000","93600","1560","24341754","1560","1215818","0","10796269","78","0","26000","148536","11198","764966","2","3640","13065","312","9948547","52","159734","159734","286","4626415","740356","104","104","4189070","505","130"
"r3","people","B","control","20400","21600","32","26","6","26","26","486510","0","104","7244","13699403","392","0","16227","204775183","1340","0","253","0","345","0","24538703","1093095","72873","16150","1012","91059329","0","1012","135491","0","0","0","9747834","1671008","1016","21202","234000","93600","1560","24809754","1560","1259779","0","11068927","78","0","26000","153163","10565","723628","0","3640","13004","310","10269567","52","163728","163728","286","4775558","773269","104","104","4309962","505","130"
"r3","people","B","control","20700","21600","32","26","6","26","26","489557","0","104","7268","14011933","394","0","16487","209899755","1355","0","256","0","351","0","25006703","1118640","74576","16164","1013","94031935","0","1013","139172","0","0","0","10040109","1717050","1027","20898","187200","234000","1560","25277754","1560","1270903","0","11334872","78","0","26000","157492","10236","699695","0","3640","13090","311","10553409","52","167728","167728","286","4894519","781346","104","104","4469755","512","130"
"r3","people","B","control","21000","21600","32","26","6","26","26","497960","0","104","7255","14326450","397","0","16746","214448670","1368","0","257","0","357","0","25474703","1140750","76050","16384","1028","97040906","0","1028","142471","0","0","0","10324362","1758756","1037","20810","78000","156000","1560","25745754","1560","1306963","0","11701093","78","0","26000","161275","11835","808926","0","3640","13095","314","10812967","52","173110","173110","286","5021074","809003","104","104","4564130","519","130"
"r3","people","B","control","21300","21600","32","25","7","25","25","486644","0","100","7229","14333411","385","0","16423","214663163","1327","0","256","0","343","0","24946998","1146660","76444","15914","997","97752383","0","997","142372","0","0","0","10359328","1771954","1009","20532","180000","75000","1500","25203271","1500","1294043","0","11683077","75","0","25000","162422","10403","712852","0","3500","13016","311","10888349","50","172825","172825","275","5055882","807399","100","100","4620300","496","125"
"r3","people","B","control","21600","21600","32","25","7","25","25","495168","0","100","7230","14644868","387","0","16672","219459632","1345","0","259","0","349","0","25396998","1172460","78164","15950","998","100750313","0","998","145733","0","0","0","10628400","1812348","1020","20462","225000","210000","1500","25653271","1500","1324201","0","11951791","75","0","25000","166259","10472","739033","2","3500","13085","313","11136837","50","176731","176731","300","5149564","829033","100","100","4738993","508","125"
"r3","people","B","interception-off","0","21600","32","32","0","32","32","0","0","128","2880","0","0","0","0","0","0","0","0","0","0","0","0","0","0","0","0","0","0","0","0","0","0","0","0","0","32","57600","192000","192000","192","0","192","0","0","0","96","0","32000","0","0","0","0","4480","2880","64","0","32","0","0","0","0","0","128","32","0","32","160"
"r3","people","B","interception-off","300","21600","32","32","0","32","32","1236","0","128","2866","0","1","0","0","202295","5","0","0","0","2","0","51808","0","0","0","171","97756","0","0","86","0","0","0","1740","556","35","56680","230400","96000","224","61440","224","1236","0","43442","96","0","32000","61","579","38608","20","4480","3094","64","3473","32","640","640","0","1899","0","128","33","1699","36","160"
"r3","people","B","interception-off","600","21600","32","32","0","32","32","5730","0","128","2820","4896","25","0","29","655053","87","0","16","0","22","0","118944","960","64","0","453","296611","0","0","533","0","9","0","16890","2458","95","53974","288000","268800","288","138240","288","5776","0","75992","96","0","32000","264","856","56767","25","4480","3384","64","15430","32","1120","1120","0","7318","46","128","46","6131","66","160"
"r3","people","B","interception-off","900","21600","32","32","0","32","32","10501","0","128","2627","22863","31","0","117","1353274","133","0","28","0","39","0","201472","1605","107","0","1186","532924","0","0","1305","0","19","0","30615","5836","130","51514","96000","268800","320","230400","320","11196","0","107634","96","0","32000","607","993","64437","17","4480","3576","66","36418","32","1600","1600","0","16723","695","128","54","15278","88","160"
"r3","people","B","interception-off","1200","21600","32","32","0","32","32","15230","0","128","2657","60166","49","0","254","2391803","193","0","34","0","60","0","302337","3885","259","0","1631","798377","0","0","2444","0","22","0","54615","10386","175","50358","153600","96000","393","340929","393","17585","0","150667","96","0","32000","1063","1202","76226","8","4480","3952","85","64300","32","2265","2265","0","26745","2355","128","59","30111","117","160"
"r3","people","B","interception-off","1500","21600","32","32","0","32","32","21474","0","128","3279","116011","67","0","394","3496204","260","0","40","0","81","0","420799","9480","632","0","2408","1088634","0","0","3325","0","22","0","79482","15530","220","49130","288000","192000","461","469055","461","25803","0","187886","96","0","32000","1589","1233","81094","14","4480","4896","109","95109","32","2822","2822","0","37453","4329","128","69","43536","147","160"
"r3","people","B","interception-off","1800","21600","32","32","0","32","32","25657","0","128","3877","179850","79","0","564","4742391","306","0","51","0","95","0","555756","15435","1029","0","2919","1413982","0","0","4313","0","22","0","107149","21410","257","47560","153600","288000","496","613644","496","30442","0","229344","96","0","32000","2180","1254","82527","8","4480","5827","132","130489","32","3434","3434","32","53263","4785","128","74","63112","163","160"
"r3","people","B","interception-off","2100","21600","32","32","0","32","32","34898","0","128","4767","252524","94","0","762","6163249","347","0","57","0","106","0","708056","23325","1555","0","3473","1790394","0","0","5404","0","24","0","138291","28320","289","46434","96000","115200","559","775606","559","43586","0","302462","96","0","32000","2797","1698","114148","16","4480","6948","156","173764","32","4495","4495","32","64712","8688","128","81","80016","176","160"
"r3","people","B","interception-off","2400","21600","32","32","0","32","32","44383","0","128","5896","335445","109","0","982","7647716","394","0","67","0","118","0","875155","32730","2182","0","4395","2219645","0","0","6399","0","24","0","179810","37856","326","45480","288000","115200","620","952366","620","57229","0","363527","96","0","32000","3698","1692","115692","4","4480","8367","195","231621","32","5390","5390","32","86054","12846","128","86","104552","191","160"
"r3","people","B","interception-off","2700","21600","32","32","0","32","32","49875","0","128","7001","427805","125","0","1202","9461407","437","0","73","0","126","0","1057465","43395","2893","0","4742","2701226","0","0","7782","0","24","0","225034","46984","356","43342","230400","288000","655","1144307","655","63854","0","431158","96","0","32000","4562","1817","124517","12","4480","9731","229","287807","32","6379","6379","32","108916","13979","128","90","133871","202","160"
"r3","people","B","interception-off","3000","21600","32","32","0","32","32","59199","0","128","7776","534009","138","0","1435","11258048","479","0","84","0","132","0","1258003","54390","3626","0","5231","3237269","0","0","9025","0","24","0","276130","57060","386","42662","96000","192000","722","1354507","722","77581","0","531580","96","0","32000","5502","2334","161983","5","4480","10738","253","350315","32","7836","7836","32","131196","18382","128","91","160820","210","160"
"r3","people","B","interception-off","3300","21600","32","32","0","32","32","67475","0","128","8452","653260","144","0","1672","13347588","513","0","93","0","145","0","1475113","67635","4509","0","6009","3831998","0","0","10496","0","24","0","336896","70308","414","41488","230400","96000","789","1581279","789","89675","0","612065","96","0","32000","6733","2266","154760","1","4480","11617","274","431510","32","8999","8999","32","162758","22200","128","93","204872","225","160"
"r3","people","B","interception-off","3600","21600","32","32","0","32","32","79384","0","128","8834","776248","154","0","1919","15458686","552","0","103","0","152","0","1707762","82455","5497","0","6537","4457375","0","0","11862","0","24","0","410929","82108","441","40604","288000","268800","820","1823559","820","106891","0","692123","96","0","32000","7822","2375","163306","5","4480","12145","283","504403","32","10197","10197","64","190168","27507","128","94","231758","235","160"
"r3","people","B","interception-off","3900","21600","32","32","0","32","32","86940","0","128","8953","905196","167","0","2179","17431356","584","0","107","0","158","0","1957878","95100","6340","0","6954","5134584","0","0","13220","0","24","0","485902","97558","464","39828","96000","268800","886","2083338","886","118747","0","815150","96","0","32000","9246","2731","191341","3","4480","12375","292","598465","32","11977","11977","64","230562","31807","128","97","274500","244","160"
"r3","people","B","interception-off","4200","21600","32","32","0","32","32","98098","0","128","9104","1048586","181","0","2449","19783144","623","0","112","0","167","0","2223614","110955","7397","0","7698","5864330","0","0","14756","0","24","0","575103","111882","492","39010","153600","96000","950","2358738","950","136512","0","907337","96","0","32000","10544","2793","191386","5","4480","12595","302","687430","32","13337","13337","64","260561","38414","128","101","318878","255","160"
"r3","people","B","interception-off","4500","21600","32","32","0","32","32","112873","0","128","9182","1199695","191","0","2721","22038645","654","0","118","0","173","0","2504742","126990","8466","0","8333","6594280","0","0","16133","0","24","0","663015","127448","514","38562","288000","192000","982","2649498","982","161408","0","999984","96","0","32000","11942","2760","190651","6","4480","12787","306","784089","32","14702","14702","64","295202","48535","128","102","352723","264","160"
"r3","people","B","interception-off","4800","21600","32","32","0","32","32","118353","0","128","9171","1359459","200","0","3019","24434650","684","0","124","0","180","0","2802819","142875","9525","0","8818","7375020","0","0","17655","0","24","0","755596","145190","536","37650","153600","288000","1045","2957238","1045","170283","0","1123832","96","0","32000","13600","2964","197155","3","4480","12935","308","891839","32","16564","16564","64","346351","51930","128","105","410043","274","160"
"r3","people","B","interception-off","5100","21600","32","32","0","32","32","130565","0","128","9237","1531387","205","0","3326","26902751","708","0","134","0","184","0","3116496","159750","10650","0","9343","8171873","0","0","19209","0","24","0","850725","158900","555","37266","96000","115200","1111","3280578","1111","192713","0","1218545","96","0","32000","14894","3061","207528","7","4480","13072","311","975779","32","17955","17955","64","373389","62148","128","107","444915","279","160"
"r3","people","B","interception-off","5400","21600","32","32","0","32","32","145450","0","128","9205","1709915","214","0","3636","29290500","737","0","142","0","190","0","3445745","175320","11688","0","10004","8958679","0","0","20683","0","24","0","939527","178600","578","36916","288000","115200","1142","3619458","1142","218219","0","1309390","96","0","32000","16627","2708","179049","0","4480","13144","312","1096690","32","19335","19335","96","422512","72769","128","107","489610","286","160"
"r3","people","B","interception-off","5700","21600","32","32","0","32","32","151613","0","128","9225","1895834","223","0","3951","32050169","763","0","146","0","194","0","3791822","194220","12948","0","10367","9797847","0","0","22324","0","24","0","1037042","193710","595","36036","230400","288000","1205","3975198","1205","226734","0","1446572","96","0","32000","18068","3282","219367","5","4480","13281","317","1189666","32","21350","21350","96","463904","75121","128","108","536567","292","160"
"r3","people","B","interception-off","6000","21600","32","32","0","32","32","164174","0","128","9204","2092171","234","0","4271","34556010","788","0","150","0","199","0","4153258","210990","14066","0","10668","10655500","0","0","23790","0","24","0","1135099","209346","615","35858","96000","192000","1269","4346298","1269","249663","0","1547671","96","0","32000","19482","3374","223234","7","4480","13343","316","1286662","32","22856","22856","96","504052","85489","128","109","570722","298","160"
"r3","people","B","interception-off","6300","21600","32","32","0","32","32","175365","0","128","9199","2293352","240","0","4591","37319078","809","0","151","0","205","0","4530086","229605","15307","0","11249","11532538","0","0","25373","0","24","0","1230069","230562","628","35416","230400","96000","1301","4732758","1301","269062","0","1647967","96","0","32000","21435","2929","192579","0","4480","13443","320","1415209","32","24364","24364","96","554505","93697","128","109","631821","307","160"
"r3","people","B","interception-off","6600","21600","32","32","0","32","32","189797","0","128","9187","2501971","247","0","4911","40079923","837","0","156","0","215","0","4923863","250050","16670","0","11849","12422171","0","0","26834","0","24","0","1331544","246392","650","34942","288000","268800","1364","5136198","1364","291565","0","1786871","96","0","32000","22887","3512","238510","3","4480","13544","322","1512878","32","26399","26399","96","587840","101768","128","111","668956","320","160"
"r3","people","B","interception-off","6900","21600","32","32","0","32","32","197857","0","128","9092","2718317","254","0","5231","42629687","853","0","159","0","217","0","5332999","267060","17804","0","12396","13328028","0","0","28327","0","24","0","1430207","264416","662","34648","96000","268800","1428","5554998","1428","306583","0","1890092","96","0","32000","24549","3368","226353","0","4480","13535","323","1623495","32","27917","27917","96","641666","108726","128","111","715490","322","160"
"r3","people","B","interception-off","7200","21600","32","32","0","32","32","208671","0","128","9078","2938323","261","0","5551","45617060","880","0","164","0","224","0","5757527","287715","19181","0","12744","14266067","0","0","30097","0","24","0","1534415","282298","681","34118","153600","96000","1460","5989158","1460","326802","0","1993131","96","0","32000","26162","3269","215827","5","4480","13612","324","1734438","32","29431","29431","128","680569","118131","128","112","769933","331","160"
"r3","people","B","interception-off","7500","21600","32","32","0","32","32","225172","0","128","9017","3161600","267","0","5871","48432034","896","0","166","0","229","0","6198885","308130","20542","0","13280","15206827","0","0","31667","0","24","0","1644728","301128","694","33792","288000","192000","1522","6440178","1522","356625","0","2141836","96","0","32000","27802","3809","253395","3","4480","13594","325","1851582","32","31611","31611","128","722528","131453","128","114","809288","337","160"
"r3","people","B","interception-off","7800","21600","32","32","0","32","32","231689","0","128","8917","3391856","282","0","6191","51445746","919","0","170","0","230","0","6655123","328770","21918","0","13745","16190931","0","0","33319","0","24","0","1756880","322328","714","33466","153600","288000","1584","6906078","1584","366335","0","2253146","96","0","32000","29763","3476","227064","0","4480","13588","324","1980593","32","33239","33239","128","781852","134646","128","114","877895","338","160"
"r3","people","B","interception-off","8100","21600","32","32","0","32","32","245054","0","128","8848","3630028","288","0","6511","54453607","932","0","171","0","232","0","7126093","349845","23323","0","14069","17190287","0","0","34868","0","24","0","1872786","338976","723","33222","96000","115200","1614","7386678","1614","391035","0","2360892","96","0","32000","31309","3529","234044","0","4480","13617","328","2083270","32","34838","34838","128","815633","145981","128","114","920180","341","160"
"r3","people","B","interception-off","8400","21600","32","32","0","32","32","257454","0","128","8728","3871631","294","0","6831","57306495","956","0","177","0","240","0","7613114","369675","24645","0","14647","18202375","0","0","36396","0","24","0","1979227","360500","743","32998","288000","115200","1673","7883358","1673","414791","0","2507490","96","0","32000","33205","3813","249147","2","4480","13582","324","2215376","32","37018","37018","128","871982","157337","128","117","971570","351","160"
"r3","people","B","interception-off","8700","21600","32","32","0","32","32","263653","0","128","8723","4117755","301","0","7151","60596774","970","0","177","0","243","0","8114115","392865","26191","0","15264","19235567","0","0","38177","0","24","0","2095654","378566","753","32552","230400","288000","1732","8394018","1732","424572","0","2618353","96","0","32000","34909","3733","242336","2","4480","13652","327","2326321","32","38642","38642","128","919918","160919","128","117","1031527","355","160"
"r3","people","B","interception-off","9000","21600","32","32","0","32","32","273824","0","128","8648","4369093","311","0","7471","63546278","990","0","182","0","243","0","8629306","413580","27572","0","15681","20265830","0","0","39702","0","24","0","2202468","395466","768","32478","96000","192000","1761","8918838","1761","445603","0","2726213","96","0","32000","36449","3796","246169","0","4480","13653","326","2431194","32","40245","40245","160","965069","171779","128","117","1069372","355","160"
"r3","people","B","interception-off","9300","21600","32","32","0","32","32","280914","0","128","8676","4625891","317","0","7791","66998842","1004","0","184","0","247","0","9160247","436740","29116","0","16045","21372711","0","0","41644","0","24","0","2318281","417640","780","31988","230400","96000","1820","9459438","1820","459408","0","2885411","96","0","32000","38460","4098","266665","1","4480","13720","323","2565993","32","42558","42558","160","1022259","178494","128","117","1137079","360","160"
"r3","people","B","interception-off","9600","21600","32","32","0","32","32","292107","0","128","8612","4891391","326","0","8111","70414053","1026","0","191","0","249","0","9703979","460860","30724","0","16549","22493591","0","0","43468","0","24","0","2440888","435786","798","31636","288000","268800","1868","10012818","1868","481359","0","3001199","96","0","32000","40140","4129","274179","5","4480","13721","326","2677840","32","44269","44269","160","1063485","189252","128","117","1182176","364","160"
"r3","people","B","interception-off","9900","21600","32","32","0","32","32","299254","0","128","8482","5161852","330","0","8431","73406673","1043","0","195","0","252","0","10258538","481500","32100","0","16775","23609457","0","0","45094","0","24","0","2551267","456672","809","31436","96000","268800","1889","10576998","1889","495781","0","3113085","96","0","32000","42033","3929","253501","0","4480","13613","324","2805857","32","45962","45962","160","1128336","196527","128","117","1235467","368","160"
"r3","people","B","interception-off","10200","21600","32","32","0","32","32","306292","0","128","8540","5434858","338","0","8751","76856170","1056","0","195","0","253","0","10816056","505080","33672","0","17253","24788684","0","0","46970","0","24","0","2683690","476774","818","31152","153600","96000","1891","11144118","1891","512395","0","3269036","96","0","32000","43881","4384","281151","0","4480","13731","326","2929881","32","48265","48265","160","1176143","206103","128","117","1299347","369","160"
"r3","people","B","interception-off","10500","21600","32","32","0","32","32","318398","0","128","8526","5714155","342","0","9071","80060518","1072","0","199","0","257","0","11374054","528810","35254","0","17464","25929764","0","0","48611","0","24","0","2808153","496708","830","30968","288000","192000","1893","11711718","1893","541214","0","3387286","96","0","32000","45639","4339","285134","2","4480","13734","325","3053734","32","49978","49978","160","1222044","222816","128","117","1338894","375","160"
"r3","people","B","interception-off","10800","21600","32","32","0","32","32","322861","0","128","8482","5997286","347","0","9391","83425613","1093","0","208","0","259","0","11932533","552765","36851","0","17808","27093470","0","0","50379","0","24","0","2925038","519818","846","30650","153600","288000","1894","12279798","1894","549557","0","3502216","96","0","32000","47760","3920","248849","2","4480","13770","324","3194907","32","51680","51680","192","1291217","226696","128","117","1412593","377","160"
"r3","people","B","interception-off","11100","21600","32","32","0","32","32","332477","0","128","8522","6282039","352","0","9711","86989379","1106","0","209","0","263","0","12491551","576810","38454","0","18502","28676431","0","0","52295","0","24","0","3118206","540902","856","30386","96000","115200","1896","12848418","1896","573373","0","3826937","96","0","32000","49765","6771","443578","3","4480","13903","329","3326062","64","56536","56536","192","1340976","240896","128","117","1469010","382","160"
"r3","people","B","interception-off","11400","21600","32","32","0","32","32","348570","0","128","8406","6568611","361","0","10031","91182053","1123","0","213","0","263","0","13051108","597885","39859","0","19107","30499116","0","0","55094","0","24","0","3339632","577164","869","29972","288000","115200","1899","13417578","1899","610935","0","4074988","96","0","32000","53142","7022","466290","0","4480","13877","332","3549250","64","60164","60164","192","1445046","262365","128","117","1552717","382","160"
"r3","people","B","interception-off","11700","21600","32","32","0","32","32","355492","0","128","8385","6859991","368","0","10351","96300232","1146","0","216","0","270","0","13611566","622050","41470","0","19886","32471535","0","0","58625","0","24","0","3578292","616124","886","28772","230400","288000","1901","13987638","1901","626503","0","4321319","96","0","32000","56859","6935","464670","3","4480","14022","335","3788805","64","63794","63794","192","1551489","271011","128","117","1678657","392","160"
"r3","people","B","interception-off","12000","21600","32","32","0","32","32","369397","0","128","8361","7157608","372","0","10671","100966279","1165","0","222","0","275","0","14172803","644055","42937","0","20345","34520590","0","0","61797","0","24","0","3810944","652434","901","28540","96000","192000","1904","14558478","1904","664307","0","4655109","96","0","32000","60253","8467","573958","4","4480","14066","333","4014355","64","68720","68720","192","1655348","294910","128","117","1761496","398","160"
"r3","people","B","interception-off","12300","21600","32","32","0","32","32","380553","0","128","8357","7460476","380","0","10991","106160222","1183","0","227","0","279","0","14734999","666615","44441","0","21778","36640477","0","0","65582","0","24","0","4055029","702710","918","27686","230400","96000","1908","15130278","1908","692373","0","4901359","96","0","32000","64814","7606","500627","1","4480","14162","335","4320928","64","72420","72420","192","1796511","311820","128","117","1911848","403","160"
"r3","people","B","interception-off","12600","21600","32","32","0","32","32","392180","0","128","8441","7768941","384","0","11311","111483395","1202","0","231","0","287","0","15298157","692775","46185","0","22493","38797512","0","0","69266","0","24","0","4313714","738802","934","27524","288000","268800","1910","15703038","1910","720924","0","5150436","96","0","32000","68315","7757","527762","2","4480","14365","340","4541218","64","76072","76072","224","1890048","328744","128","120","2011702","412","160"
"r3","people","B","interception-off","12900","21600","32","32","0","32","32","401968","0","128","8364","8080924","387","0","11631","116070045","1218","0","233","0","294","0","15862094","713265","47551","0","22863","41054407","0","0","72477","0","24","0","4550663","785458","946","27048","96000","268800","1913","16276578","1913","747787","0","5507310","96","0","32000","72536","8764","592813","0","4480","14331","339","4828148","64","81300","81300","224","2038331","345819","128","121","2128379","422","160"
"r3","people","B","interception-off","13200","21600","32","32","0","32","32","413654","0","128","8442","8394487","398","0","11951","121565988","1247","0","234","0","301","0","16426692","738600","49240","0","23876","43426148","0","0","76425","0","24","0","4817695","828992","965","26410","153600","96000","1915","16850778","1915","778384","0","5769704","96","0","32000","76471","8743","576967","4","4480","14494","345","5097747","64","85214","85214","224","2146610","364730","128","121","2267743","430","160"
"r3","people","B","interception-off","13500","21600","32","32","0","32","32","433059","0","128","8508","8713744","402","0","12271","126606580","1260","0","236","0","303","0","16991771","763845","50923","0","24311","45757967","0","0","79924","0","24","0","5080404","872958","973","26226","288000","192000","1916","17425458","1916","828990","0","6038130","96","0","32000","80425","8675","584517","1","4480","14608","348","5370895","64","89100","89100","224","2262441","395931","128","121","2362182","433","160"
"r3","people","B","interception-off","13800","21600","32","31","1","31","31","420990","0","124","8172","8547599","393","0","12184","126548655","1250","0","240","0","298","0","16953884","755850","50390","0","24008","46526567","0","0","80383","0","22","0","5166242","893594","962","25424","148800","279000","1856","17383326","1856","810206","0","6172161","93","0","31000","82332","8778","581259","1","4340","14100","333","5493948","62","91110","91110","217","2369510","389216","124","117","2411186","428","155"
"r3","people","B","interception-off","14100","21600","32","30","2","30","30","407526","0","120","7948","8668745","377","0","12187","126974860","1209","0","239","0","288","0","16936838","740790","49386","0","23591","47512524","0","0","81608","0","22","0","5269902","897804","934","25208","90000","108000","1796","17361426","1796","819447","0","6201749","90","0","30000","82778","8773","588576","9","4200","13739","325","5520466","60","91551","91551","210","2408934","411921","120","113","2384792","413","150"
"r3","people","B","interception-off","14400","21600","32","30","2","30","30","422127","0","120","7888","8974123","382","0","12487","131480677","1228","0","243","0","294","0","17466638","761400","50760","0","24219","49848701","0","0","84777","0","22","0","5520104","945804","949","24826","270000","108000","1796","17900226","1796","860399","0","6444514","90","0","30000","87019","8178","539357","0","4200","13718","327","5815605","60","95197","95197","240","2554709","438272","120","113","2490049","421","150"
"r3","people","B","interception-off","14700","21600","32","30","2","30","30","427963","0","120","8017","9282597","384","0","12787","136760462","1240","0","246","0","299","0","17996438","787575","52505","0","25085","52336400","0","0","88352","0","22","0","5794859","988182","959","24524","216000","270000","1796","18439026","1796","874677","0","6796622","90","0","30000","91022","9425","624354","4","4200","13933","332","6075048","60","100447","100447","240","2677515","446714","120","113","2620076","426","150"
"r3","people","B","interception-off","15000","21600","32","30","2","30","30","439616","0","120","8014","9596329","393","0","13087","141615376","1260","0","247","0","304","0","18526297","810720","54048","0","25374","54854026","0","0","91845","0","22","0","6072390","1027254","974","24332","90000","180000","1797","18977886","1797","915209","0","7062043","90","0","30000","94575","9772","645890","5","4200","13933","333","6319169","60","104347","104347","240","2795458","475593","120","113","2705486","432","150"
"r3","people","B","interception-off","15300","21600","32","30","2","30","30","451896","0","120","8037","9915932","400","0","13387","146888304","1283","0","248","0","310","0","19056397","834180","55612","0","26141","57413041","0","0","95722","0","22","0","6340558","1084628","988","23774","216000","90000","1797","19516986","1797","954512","0","7324330","90","0","30000","99755","8490","555607","0","4200","14038","336","6669155","60","108245","108245","240","2946771","502616","120","114","2867440","442","150"
"r3","people","B","interception-off","15600","21600","32","30","2","30","30","464671","0","120","8155","10242872","403","0","13687","152214210","1302","0","252","0","315","0","19586497","861315","57421","0","26473","60017493","0","0","99262","0","22","0","6622921","1124182","1000","23488","270000","252000","1797","20056086","1797","989991","0","7685626","90","0","30000","103491","10036","681183","2","4200","14214","338","6911325","60","113527","113527","240","3043685","525320","120","114","2970767","451","150"
"r3","people","B","interception-off","15900","21600","32","30","2","30","30","472301","0","120","8116","10576512","408","0","13987","156960565","1320","0","254","0","320","0","20116656","882345","58823","0","26980","62649904","0","0","102593","0","22","0","6862449","1170854","1012","23204","90000","252000","1798","20595246","1798","1016632","0","7950841","90","0","30000","107723","9732","653407","0","4200","14175","337","7198174","60","117455","117455","240","3202061","544331","120","115","3078741","459","150"
"r3","people","B","interception-off","16200","21600","32","30","2","30","30","483194","0","120","8169","10914980","412","0","14287","162458845","1330","0","256","0","322","0","20647056","907845","60523","0","28031","65388686","0","0","106396","0","22","0","7147984","1216828","1020","22754","144000","90000","1798","21134646","1798","1051991","0","8216635","90","0","30000","111895","9492","623626","1","4200","14311","339","7482647","60","121387","121387","270","3316166","568797","120","115","3224852","462","150"
"r3","people","B","interception-off","16500","21600","32","30","2","30","30","498682","0","120","8256","11256081","416","0","14587","167643009","1354","0","258","0","332","0","21177456","933825","62255","0","28461","68130791","0","0","109955","0","22","0","7420200","1262310","1036","22514","270000","180000","1798","21674046","1798","1101231","0","8598213","90","0","30000","115965","10992","735658","2","4200","14396","343","7766010","60","126957","126957","270","3439990","602549","120","116","3321334","476","150"
"r3","people","B","interception-off","16800","21600","32","30","2","30","30","504568","0","120","8295","11597813","420","0","14887","173228520","1376","0","260","0","337","0","21707856","958515","63901","0","29678","70951413","0","0","113777","0","22","0","7681479","1319900","1047","22108","144000","270000","1798","22213446","1798","1117306","0","8885734","90","0","30000","121239","9912","657472","0","4200","14544","346","8116377","60","131151","131151","270","3609800","612738","120","116","3501156","484","150"
"r3","people","B","interception-off","17100","21600","32","30","2","30","30","514709","0","120","8398","11940638","424","0","15187","178822652","1394","0","262","0","342","0","22238256","984375","65625","0","30332","73838354","0","0","117594","0","22","0","7971214","1360150","1058","21866","90000","108000","1798","22752846","1798","1152356","0","9164753","90","0","30000","125078","10221","692954","0","4200","14724","353","8363633","60","135299","135299","270","3705812","637647","120","116","3613631","492","150"
"r3","people","B","interception-off","17400","21600","32","29","3","29","29","509278","0","116","8083","12045055","413","0","14976","178551529","1368","0","256","0","336","0","22009410","980925","65395","0","29306","73826108","0","0","116969","0","21","0","7986389","1369442","1034","21462","261000","104400","1738","22515546","1738","1155007","0","9233315","87","0","29000","125626","10691","711301","2","4060","14285","342","8423083","58","136317","136317","261","3763153","645729","116","113","3603854","486","145"
"r3","people","B","interception-off","17700","21600","32","27","5","27","27","461963","0","108","7568","11804126","388","0","14330","171104782","1276","0","247","0","307","0","20968218","933600","62240","0","26934","70279718","0","0","111672","0","20","0","7781510","1314494","969","21004","194400","243000","1618","21447546","1618","1075740","0","8828925","81","0","27000","120658","9642","645670","6","3780","13416","321","8085395","54","130300","130300","243","3716703","613777","108","105","3390812","444","135"
"r3","people","B","interception-off","18000","21600","32","27","5","27","27","471874","0","108","7586","12128164","394","0","14600","175871050","1293","0","250","0","312","0","21445518","955770","63718","0","27173","72927813","0","0","115047","0","20","0","8045442","1354900","983","20896","81000","162000","1618","21932946","1618","1111936","0","9084563","81","0","27000","124340","9742","652014","0","3780","13490","320","8336801","54","134082","134082","270","3843852","640062","108","105","3476761","451","135"
"r3","people","B","interception-off","18300","21600","32","26","6","26","26","451834","0","104","7306","11859960","377","0","14377","174121655","1260","0","246","0","305","0","21110472","940815","62721","0","26029","72213653","0","0","114190","0","20","0","8000552","1356812","954","20526","187200","78000","1558","21587646","1558","1092823","0","9074721","78","0","26000","124347","9619","636212","0","3640","13058","310","8345722","52","133966","133966","260","3877938","640989","104","101","3467748","443","130"
"r3","people","B","interception-off","18600","21600","32","26","6","26","26","461371","0","104","7353","12169815","381","0","14636","179168021","1272","0","247","0","310","0","21570072","966465","64431","0","26508","74889569","0","0","117587","0","20","0","8281811","1395610","964","20394","234000","218400","1558","22055046","1558","1126288","0","9338159","78","0","26000","128018","9800","665020","1","3640","13120","312","8583623","52","137818","137818","260","3969502","664917","104","101","3577349","448","130"
"r3","people","B","interception-off","18900","21600","32","26","6","26","26","468142","0","104","7313","12484170","385","0","14896","183845632","1291","0","250","0","315","0","22029672","987045","65803","0","27055","77548934","0","0","121022","0","20","0","8532210","1441730","976","20148","78000","218400","1558","22522446","1558","1148070","0","9598809","78","0","26000","132137","9495","635898","0","3640","13067","310","8868374","52","141632","141632","260","4127109","679928","104","101","3687732","457","130"
"r3","people","B","interception-off","19200","21600","32","26","6","26","26","477748","0","104","7332","12800664","386","0","15156","189212463","1301","0","251","0","319","0","22489272","1010835","67389","0","27895","80383008","0","0","125069","0","20","0","8820126","1486716","982","19930","124800","78000","1558","22989846","1558","1182444","0","9948247","78","0","26000","136199","10615","704051","0","3640","13148","312","9146283","52","146814","146814","260","4234833","704696","104","101","3826919","463","130"
"r3","people","B","interception-off","19500","21600","32","26","6","26","26","493255","0","104","7356","13121339","389","0","15415","193942533","1311","0","254","0","321","0","22948872","1034325","68955","0","28169","83153053","0","0","128429","0","20","0","9080646","1531054","990","19902","234000","156000","1558","23457246","1558","1234322","0","10210984","78","0","26000","140237","10427","703660","0","3640","13121","312","9420976","52","150664","150664","260","4353605","741067","104","101","3919397","466","130"
"r3","people","B","interception-off","19800","21600","32","26","6","26","26","497081","0","104","7332","13445139","393","0","15675","199063488","1326","0","254","0","330","0","23408472","1057410","70494","0","28885","85923921","0","0","131972","0","20","0","9333466","1586206","1003","19580","124800","234000","1558","23924646","1558","1245988","0","10467098","78","0","26000","145228","9290","610238","1","3640","13177","313","9757372","52","154518","154518","286","4523749","748907","104","101","4087123","476","130"
"r3","people","B","interception-off","20100","21600","32","26","6","26","26","505651","0","104","7372","13770210","394","0","15935","204456039","1335","0","258","0","331","0","23868072","1081935","72129","0","29371","88824803","0","0","135845","0","20","0","9623520","1623394","1009","19474","78000","93600","1558","24392046","1558","1280154","0","10836855","78","0","26000","148766","11134","753255","3","3640","13266","315","9986221","52","159900","159900","286","4608890","774503","104","101","4194556","477","130"
"r3","people","B","interception-off","20400","21600","32","26","6","26","26","517509","0","104","7338","14095926","395","0","16194","209057988","1347","0","260","0","337","0","24327672","1102275","73485","0","30363","91731756","0","0","139206","0","20","0","9878446","1675942","1018","19226","234000","93600","1558","24859446","1558","1322891","0","11106292","78","0","26000","153402","10514","703456","0","3640","13206","313","10309495","52","163916","163916","286","4767436","805382","104","101","4312509","485","130"
"r3","people","B","interception-off","20700","21600","32","25","7","25","25","508213","0","100","7353","14086990","389","0","15853","210122111","1324","0","257","0","330","0","23855644","1112235","74149","0","30007","91868119","0","0","138931","0","20","0","9944343","1682682","1001","19026","180000","225000","1500","24374466","1500","1298185","0","11105291","75","0","25000","154119","9819","656571","2","3500","13235","315","10351006","50","163938","163938","275","4802075","789972","100","97","4348460","469","125"
"r3","people","B","interception-off","21000","21600","32","25","7","25","25","517960","0","100","7362","14410245","390","0","16103","214945033","1327","0","258","0","331","0","24298144","1135320","75688","0","30141","94776088","0","0","142213","0","20","0","10218751","1723254","1004","18958","75000","150000","1500","24824466","1500","1335713","0","11459584","75","0","25000","157763","11467","762890","0","3500","13241","315","10604113","50","169230","169230","275","4926619","817753","100","97","4434362","470","125"
"r3","people","B","interception-off","21300","21600","32","25","7","25","25","525844","0","100","7360","14735644","391","0","16350","220126168","1338","0","259","0","336","0","24740644","1158030","77202","0","31153","97766497","0","0","145980","0","20","0","10512864","1780396","1011","18790","180000","75000","1500","25274466","1500","1364107","0","11724309","75","0","25000","162915","10281","679245","0","3500","13255","315","10950923","50","173196","173196","275","5081007","838263","100","98","4599950","477","125"
"r3","people","B","interception-off","21600","21600","32","25","7","25","25","535220","0","100","7371","15064814","395","0","16600","225210087","1362","0","260","0","347","0","25183144","1184055","78937","0","31645","100741078","0","0","149441","0","20","0","10797363","1820146","1027","18694","225000","210000","1500","25724466","1500","1396138","0","11990471","75","0","25000","166747","10375","701592","0","3500","13309","318","11194669","50","177122","177122","300","5182075","860918","100","98","4710666","492","125"
"r3","people","B","offense-off","0","21600","32","32","0","32","32","0","0","128","2880","0","0","0","0","0","0","0","0","0","0","0","0","0","0","0","0","0","0","0","0","0","0","0","0","0","32","57600","192000","192000","192","0","192","0","0","0","96","0","32000","0","0","0","0","4480","2880","64","0","32","0","0","0","0","0","128","32","0","32","160"
"r3","people","B","offense-off","300","21600","32","32","0","32","32","0","0","128","2866","0","0","0","0","201108","2","0","2","0","0","0","51808","0","0","210","15","98492","0","15","96","0","0","0","1710","392","34","56586","230400","96000","224","61440","224","0","0","43932","96","0","32000","43","597","40166","20","4480","3092","64","2487","32","640","640","0","1964","0","128","32","1802","32","160"
"r3","people","B","offense-off","600","21600","32","32","0","32","32","0","0","128","2827","2574","16","0","14","650309","74","0","15","0","21","0","118944","975","65","752","58","305199","0","58","650","0","0","0","16557","1914","84","52782","288000","268800","288","138240","288","0","0","76786","96","0","32000","202","918","60962","40","4480","3379","64","12361","32","1120","1120","0","8101","0","128","46","7723","66","160"
"r3","people","B","offense-off","900","21600","32","32","0","32","32","0","0","128","2628","15294","28","0","61","1318402","117","0","21","0","37","0","201472","1620","108","3676","280","561967","0","280","1562","0","0","0","28943","4322","118","49868","96000","268800","320","230400","320","0","0","108968","96","0","32000","438","1162","74019","23","4480","3563","65","28085","32","1600","1600","0","15926","0","128","58","19023","85","160"
"r3","people","B","offense-off","1200","21600","32","32","0","32","32","0","0","128","2692","49467","46","0","160","2373866","178","0","30","0","55","0","301269","3780","252","6720","522","857425","0","522","2929","0","0","0","51378","8542","163","48534","153600","96000","383","339858","383","0","0","154271","96","0","32000","862","1400","89993","8","4480","3984","88","54387","32","2262","2262","0","25480","0","128","69","38798","110","160"
"r3","people","B","offense-off","1500","21600","32","32","0","32","32","0","0","128","3363","98577","66","0","301","3534571","233","0","36","0","69","0","415443","9150","610","10596","787","1194798","0","787","4192","0","0","0","75515","12252","203","47134","288000","192000","442","463688","442","0","0","191688","96","0","32000","1273","1556","101786","26","4480","5004","110","76366","32","2829","2829","0","36696","0","128","76","53206","130","160"
"r3","people","B","offense-off","1800","21600","32","32","0","32","32","0","0","128","4020","163676","80","0","485","4858731","291","0","49","0","83","0","543227","15045","1003","13388","994","1585975","0","994","5489","0","0","0","104103","18166","244","45134","153600","288000","467","601097","467","0","0","234201","96","0","32000","1890","1566","103681","5","4480","6026","135","112016","32","3456","3456","32","54187","0","128","81","76333","154","160"
"r3","people","B","offense-off","2100","21600","32","32","0","32","32","0","0","128","5024","242049","98","0","712","6285677","340","0","55","0","94","0","687513","23190","1546","16868","1204","2056965","0","1204","6654","0","0","0","140883","23362","279","44302","96000","115200","533","755041","533","0","0","307849","96","0","32000","2430","2110","142659","16","4480","7268","166","143782","32","4540","4540","32","68179","0","128","85","97011","170","160"
"r3","people","B","offense-off","2400","21600","32","32","0","32","32","0","0","128","6253","336542","117","0","962","7872829","382","0","64","0","101","0","846833","32850","2190","20306","1416","2599693","0","1416","7804","0","0","0","190573","31968","314","43340","288000","115200","592","923920","592","0","0","369617","96","0","32000","3320","2149","149407","3","4480","8861","208","195171","32","5469","5469","32","94584","0","128","89","125626","177","160"
"r3","people","B","offense-off","2700","21600","32","32","0","32","32","0","0","128","7468","446970","136","0","1217","9666150","430","0","73","0","108","0","1021384","44130","2942","22276","1559","3239830","0","1559","9108","0","0","0","249122","39692","349","41546","230400","288000","631","1107800","631","0","0","439624","96","0","32000","4115","2387","166763","7","4480","10380","245","242130","32","6502","6502","32","120156","0","128","90","152705","185","160"
"r3","people","B","offense-off","3000","21600","32","32","0","32","32","0","0","128","8222","574158","146","0","1479","11487759","466","0","86","0","113","0","1214639","55155","3677","24708","1715","3959795","0","1715","10295","0","0","0","310522","48750","377","41136","96000","192000","693","1310181","693","0","0","542913","96","0","32000","5024","3004","210623","4","4480","11449","272","298145","32","8028","8028","32","149531","0","128","91","182759","194","160"
"r3","people","B","offense-off","3300","21600","32","32","0","32","32","0","0","128","8868","713084","159","0","1749","13637748","509","0","95","0","121","0","1422948","69135","4609","27668","1882","4756453","0","1882","11727","0","0","0","383174","61010","407","39968","230400","96000","752","1527547","752","0","0","626728","96","0","32000","6231","3018","211509","4","4480","12304","289","372549","32","9249","9249","32","187571","0","128","96","227648","208","160"
"r3","people","B","offense-off","3600","21600","32","32","0","32","32","0","0","128","9189","858203","167","0","2022","15811374","545","0","102","0","130","0","1643440","84915","5661","31048","2035","5630627","0","2035","13122","0","0","0","462431","70208","431","38738","288000","268800","777","1756574","777","0","0","712029","96","0","32000","7184","3318","233078","5","4480","12780","301","428540","32","10502","10502","64","221793","0","128","98","257158","219","160"
"r3","people","B","offense-off","3900","21600","32","32","0","32","32","0","0","128","9300","1016858","177","0","2314","17951428","586","0","116","0","135","0","1882493","99045","6603","32800","2143","6591038","0","2143","14584","0","0","0","549252","84496","460","37908","96000","268800","843","2003573","843","0","0","832869","96","0","32000","8571","3784","263046","1","4480","13011","307","514640","32","12355","12355","64","270720","0","128","100","299103","226","160"
"r3","people","B","offense-off","4200","21600","32","32","0","32","32","0","0","128","9469","1182298","189","0","2614","20464572","618","0","122","0","139","0","2136779","116220","7748","34864","2263","7629114","0","2263","16262","0","0","0","649189","98082","482","36866","153600","96000","903","2265211","903","0","0","928081","96","0","32000","9905","3860","266551","6","4480","13277","316","598256","32","13765","13765","64","313198","0","128","100","348332","231","160"
"r3","people","B","offense-off","4500","21600","32","32","0","32","32","0","0","128","9516","1356253","203","0","2921","22854613","656","0","128","0","144","0","2402584","133950","8930","43304","2577","8688904","0","2577","17715","0","0","0","747827","110628","507","36418","288000","192000","916","2537925","916","0","0","1024780","96","0","32000","11120","4063","279317","3","4480","13402","320","675690","32","15183","15183","64","360411","0","128","103","385052","237","160"
"r3","people","B","offense-off","4800","21600","32","32","0","32","32","0","0","128","9508","1541535","213","0","3231","25352535","695","0","139","0","150","0","2684369","150270","10018","44448","2664","9846424","0","2664","19354","0","0","0","844114","128588","534","35602","153600","288000","983","2826372","983","0","0","1155439","96","0","32000","12822","4283","291380","1","4480","13543","322","784871","32","17105","17105","64","422706","0","128","107","441353","245","160"
"r3","people","B","offense-off","5100","21600","32","32","0","32","32","0","0","128","9544","1735518","220","0","3541","27963490","714","0","146","0","153","0","2981851","168795","11253","46680","2786","11055026","0","2786","20998","0","0","0","949426","141330","551","35112","96000","115200","1041","3130452","1041","0","0","1250528","96","0","32000","14106","4435","305206","7","4480","13657","324","863104","32","18541","18541","64","460427","0","128","107","484895","249","160"
"r3","people","B","offense-off","5400","21600","32","32","0","32","32","0","0","128","9546","1931216","231","0","3851","30454098","736","0","151","0","155","0","3291274","185535","12369","55416","3098","12256566","0","3098","22500","0","0","0","1055615","157578","569","34778","288000","115200","1046","3445878","1046","0","0","1346350","96","0","32000","15618","4357","297144","0","4480","13802","328","961747","32","19975","19975","96","516367","0","128","108","532839","251","160"
"r3","people","B","offense-off","5700","21600","32","32","0","32","32","0","0","128","9540","2132146","244","0","4161","33316379","774","0","156","0","162","0","3611769","205095","13673","56700","3187","13569602","0","3187","24207","0","0","0","1178254","173016","594","34066","230400","288000","1106","3772404","1106","0","0","1486657","96","0","32000","17108","4955","334410","0","4480","13963","335","1056768","32","22063","22063","96","570987","0","128","110","581260","263","160"
"r3","people","B","offense-off","6000","21600","32","32","0","32","32","0","0","128","9530","2349053","253","0","4471","35932273","794","0","160","0","164","0","3947075","223620","14908","58572","3303","14939654","0","3303","25754","0","0","0","1299008","186408","609","33918","96000","192000","1168","4113406","1168","0","0","1593859","96","0","32000","18420","5214","356862","4","4480","14016","337","1138764","32","23634","23634","96","617932","0","128","110","619065","265","160"
"r3","people","B","offense-off","6300","21600","32","32","0","32","32","0","0","128","9520","2570284","260","0","4781","38908187","816","0","167","0","167","0","4297124","243450","16230","62286","3454","16369481","0","3454","27512","0","0","0","1419858","206342","626","33522","230400","96000","1186","4468873","1186","0","0","1700231","96","0","32000","20301","4901","332138","2","4480","14146","339","1259140","32","25202","25202","96","682950","0","128","110","685143","270","160"
"r3","people","B","offense-off","6600","21600","32","32","0","32","32","0","0","128","9505","2788187","270","0","5091","42039713","842","0","173","0","170","0","4654386","264960","17664","70696","3744","17832760","0","3744","29299","0","0","0","1550151","220008","645","33250","288000","268800","1223","4831474","1223","0","0","1843109","96","0","32000","21637","5678","387590","1","4480","14253","341","1343642","32","27315","27315","96","731859","0","128","110","723660","274","160"
"r3","people","B","offense-off","6900","21600","32","32","0","32","32","0","0","128","9472","3015409","278","0","5401","44800145","858","0","176","0","175","0","5025857","282975","18865","71878","3824","19371865","0","3824","30901","0","0","0","1675655","237796","661","32888","96000","268800","1285","5207507","1285","0","0","1948594","96","0","32000","23313","5582","379241","0","4480","14328","343","1451578","32","28895","28895","96","796824","0","128","111","772529","279","160"
"r3","people","B","offense-off","7200","21600","32","32","0","32","32","0","0","128","9469","3249574","283","0","5711","47924185","877","0","181","0","181","0","5412149","304890","20326","73274","3905","20972530","0","3905","32658","0","0","0","1815552","254674","677","32486","153600","96000","1313","5598109","1313","0","0","2058422","96","0","32000","24967","5514","376360","2","4480","14477","347","1555171","32","30481","30481","128","851471","0","128","111","830591","287","160"
"r3","people","B","offense-off","7500","21600","32","32","0","32","32","0","0","128","9444","3476865","288","0","6021","50768426","904","0","190","0","185","0","5806031","326850","21790","88226","4401","22571094","0","4401","34188","0","0","0","1947418","270920","695","32352","288000","192000","1330","5996208","1330","0","0","2211244","96","0","32000","26490","6271","424203","2","4480","14506","349","1655066","32","32761","32761","128","912161","0","128","111","874880","293","160"
"r3","people","B","offense-off","7800","21600","32","32","0","32","32","0","0","128","9417","3714636","295","0","6331","53955149","924","0","193","0","190","0","6210289","349095","23273","88894","4453","24277668","0","4453","36046","0","0","0","2087758","293008","710","31684","153600","288000","1390","6404373","1390","0","0","2326582","96","0","32000","28538","5932","397477","0","4480","14568","350","1789228","32","34470","34470","128","987737","0","128","112","941368","299","160"
"r3","people","B","offense-off","8100","21600","32","32","0","32","32","0","0","128","9396","3955966","301","0","6641","57185381","949","0","200","0","194","0","6629130","372315","24821","90078","4519","26029300","0","4519","37812","0","0","0","2230938","308036","727","31498","96000","115200","1420","6826843","1420","0","0","2439093","96","0","32000","30046","6109","413780","1","4480","14662","352","1881473","32","36155","36155","128","1038642","0","128","112","986671","308","160"
"r3","people","B","offense-off","8400","21600","32","32","0","32","32","0","0","128","9353","4196815","306","0","6951","60300847","962","0","204","0","196","0","7059909","393600","26240","107244","5084","27776798","0","5084","39619","0","0","0","2364114","328094","738","31248","288000","115200","1426","7261228","1426","0","0","2593230","96","0","32000","31866","6577","440228","1","4480","14686","351","2003562","32","38443","38443","128","1108404","0","128","113","1044598","310","160"
"r3","people","B","offense-off","8700","21600","32","32","0","32","32","0","0","128","9328","4439639","311","0","7270","63900815","986","0","210","0","202","0","7493587","418485","27899","107952","5141","29594379","0","5141","41621","0","0","0","2505166","346326","755","30964","230400","288000","1486","7698389","1486","0","0","2709286","96","0","32000","33649","6510","437932","1","4480","14796","353","2114885","32","40159","40159","128","1173409","0","128","114","1097945","316","160"
"r3","people","B","offense-off","9000","21600","32","32","0","32","32","0","0","128","9266","4695704","316","0","7590","67166361","1006","0","212","0","207","0","7941366","441165","29411","109342","5228","31449773","0","5228","43459","0","0","0","2629514","362390","767","30888","96000","192000","1509","8148891","1509","0","0","2825179","96","0","32000","35166","6692","449278","0","4480","14813","355","2214202","32","41858","41858","160","1234311","0","128","116","1141590","325","160"
"r3","people","B","offense-off","9300","21600","32","32","0","32","32","0","0","128","9252","4958307","325","0","7910","70808546","1028","0","216","0","211","0","8403430","465690","31046","112152","5351","33390747","0","5351","45532","0","0","0","2758663","385722","784","30632","230400","96000","1565","8613711","1565","0","0","2989853","96","0","32000","37349","6946","465593","0","4480","14921","358","2355390","32","44295","44295","160","1309713","0","128","117","1214547","330","160"
"r3","people","B","offense-off","9600","21600","32","32","0","32","32","0","0","128","9242","5215753","332","0","8230","74571882","1046","0","219","0","214","0","8863967","492945","32863","127922","5861","35318767","0","5861","47579","0","0","0","2903373","402524","797","30486","288000","268800","1570","9076884","1570","0","0","3114000","96","0","32000","38976","7140","483130","1","4480","14980","360","2458063","32","46116","46116","160","1365351","0","128","117","1265519","334","160"
"r3","people","B","offense-off","9900","21600","32","32","0","32","32","0","0","128","9208","5486736","340","0","8550","77898995","1062","0","221","0","216","0","9337519","515670","34378","128660","5918","37326939","0","5918","49454","0","0","0","3027633","423800","809","30260","96000","268800","1595","9552265","1595","0","0","3239041","96","0","32000","40908","7016","468975","0","4480","15017","361","2588123","32","47924","47924","160","1445842","0","128","117","1324224","336","160"
"r3","people","B","offense-off","10200","21600","32","32","0","32","32","0","0","128","9196","5761792","347","0","8870","81623931","1080","0","226","0","220","0","9826482","541890","36126","129734","5981","39436667","0","5981","51461","0","0","0","3174792","443502","825","30014","153600","96000","1653","10043086","1653","0","0","3407107","96","0","32000","42813","7573","510684","2","4480","15085","363","2708827","32","50386","50386","160","1506974","0","128","117","1389449","341","160"
"r3","people","B","offense-off","10500","21600","32","32","0","32","32","0","0","128","9189","6033557","352","0","9190","85107834","1094","0","229","0","222","0","10322562","569040","37936","139044","6300","41510927","0","6300","53148","0","0","0","3309949","463988","835","30000","288000","192000","1673","10540986","1673","0","0","3532152","96","0","32000","44681","7535","510972","0","4480","15109","360","2835745","32","52216","52216","160","1578105","0","128","118","1443075","343","160"
"r3","people","B","offense-off","10800","21600","32","32","0","32","32","0","0","128","9175","6313955","357","0","9510","88822763","1113","0","236","0","224","0","10826589","595935","39729","139400","6329","43637245","0","6329","54985","0","0","0","3439211","488178","849","29830","153600","288000","1692","11046486","1692","0","0","3656417","96","0","32000","46879","7161","478439","0","4480","15179","364","2983189","32","54040","54040","192","1663101","0","128","118","1514877","345","160"
"r3","people","B","offense-off","11100","21600","32","32","0","32","32","0","0","128","9164","6605295","363","0","9830","92799044","1130","0","242","0","225","0","11341614","623145","41543","140324","6389","46252968","0","6389","57011","0","0","0","3660889","508626","862","29624","96000","115200","1732","11562751","1732","0","0","4007707","96","0","32000","48907","10313","696730","4","4480","15258","365","3110271","64","59220","59220","192","1732636","0","128","118","1578341","346","160"
"r3","people","B","offense-off","11400","21600","32","32","0","32","32","0","0","128","9090","6903622","371","0","10148","97245319","1153","0","247","0","230","0","11860364","648090","43206","155028","6915","49109370","0","6915","59853","0","0","0","3914265","545006","880","29208","288000","115200","1723","12082689","1723","0","0","4269786","96","0","32000","52272","10800","728057","0","4480","15161","361","3334466","64","63072","63072","192","1870272","0","128","119","1671457","352","160"
"r3","people","B","offense-off","11700","21600","32","31","1","31","31","0","0","124","8754","6905744","360","0","10161","99022967","1133","0","245","0","229","0","11946276","654465","43631","152552","6829","50289996","0","6829","61367","0","0","0","4095674","566570","865","28600","223200","279000","1683","12165694","1683","0","0","4375469","93","0","31000","54424","10297","696202","1","4340","14702","351","3467686","62","64721","64721","186","1957689","0","124","116","1721578","351","155"
"r3","people","B","offense-off","12000","21600","32","31","1","31","31","0","0","124","8712","7205848","365","0","10466","103746625","1155","0","250","0","236","0","12456484","677670","45178","154326","6948","53377701","0","6948","64549","0","0","0","4371813","601176","882","28380","93000","186000","1710","12676829","1710","0","0","4714506","93","0","31000","57689","12034","818584","3","4340","14686","351","3681881","62","69723","69723","186","2091135","0","124","117","1804787","359","155"
"r3","people","B","offense-off","12300","21600","32","29","3","29","29","0","0","116","8311","7066538","344","0","10293","104101635","1108","0","245","0","229","0","12180204","673800","44920","147462","6701","52835167","0","6701","64580","0","0","0","4409092","619058","847","27928","208800","87000","1626","12391626","1626","0","0","4705979","87","0","29000","59117","10492","700004","0","4060","14092","337","3790133","58","69609","69609","174","2192684","0","116","112","1813291","348","145"
"r3","people","B","offense-off","12600","21600","32","29","3","29","29","0","0","116","8283","7329647","347","0","10583","109024189","1128","0","248","0","236","0","12647631","700440","46696","171072","7453","55760073","0","7453","67824","0","0","0","4671032","653130","860","27648","261000","243600","1565","12859290","1565","0","0","4943535","87","0","29000","62502","10619","725873","1","4060","14117","338","3998930","58","73121","73121","203","2315632","0","116","112","1902030","358","145"
"r3","people","B","offense-off","12900","21600","32","29","3","29","29","0","0","116","8252","7604039","351","0","10873","113534576","1142","0","251","0","240","0","13123251","721485","48099","172170","7540","58865572","0","7540","71019","0","0","0","4912031","695108","871","27472","87000","243600","1598","13335235","1598","0","0","5281142","87","0","29000","66255","11846","799643","0","4060","14126","336","4256770","58","78101","78101","203","2484220","0","116","112","1997279","362","145"
"r3","people","B","offense-off","13200","21600","32","29","3","29","29","0","0","116","8210","7890659","357","0","11163","118957138","1161","0","255","0","247","0","13606194","746655","49777","174032","7639","62121195","0","7639","74952","0","0","0","5206815","736618","888","27192","139200","87000","1626","13818500","1626","0","0","5529213","87","0","29000","70197","11628","778769","3","4060","14155","335","4512416","58","81825","81825","203","2624735","0","116","112","2125709","370","145"
"r3","people","B","offense-off","13500","21600","32","29","3","29","29","0","0","116","8168","8166967","360","0","11449","123861847","1180","0","259","0","251","0","14076550","772545","51503","205292","8673","65233357","0","8673","78303","0","0","0","5481177","774230","899","27080","261000","174000","1541","14289067","1541","0","0","5778156","87","0","29000","73763","11734","797859","1","4060","14121","334","4744601","58","85497","85497","203","2770657","0","116","112","2209640","377","145"
"r3","people","B","offense-off","13800","21600","32","29","3","29","29","0","0","116","8143","8451930","367","0","11730","129058351","1202","0","261","0","259","0","14544991","797235","53149","205842","8719","68599075","0","8719","81964","0","0","0","5742027","824634","916","26804","139200","261000","1571","14757836","1571","0","0","6115616","87","0","29000","78399","12102","818623","0","4060","14201","337","5050240","58","90501","90501","203","2950160","0","116","112","2346833","386","145"
"r3","people","B","offense-off","14100","21600","32","29","3","29","29","0","0","116","8170","8750356","370","0","12004","134314824","1212","0","263","0","263","0","15020758","823305","54887","207516","8814","72063786","0","8814","85608","0","0","0","6018250","857566","925","26564","87000","104400","1602","15233778","1602","0","0","6367435","87","0","29000","81678","12555","862469","4","4060","14308","343","5251512","58","94233","94233","203","3062940","0","116","112","2442026","390","145"
"r3","people","B","offense-off","14400","21600","32","29","3","29","29","0","0","116","8128","9048807","374","0","12284","139174611","1225","0","267","0","267","0","15494672","846075","56405","236660","9737","75451341","0","9737","89075","0","0","0","6270679","902582","937","26428","261000","104400","1517","15707604","1517","0","0","6620390","87","0","29000","85703","12226","826654","0","4060","14275","342","5527649","58","97929","97929","232","3233392","0","116","112","2560344","394","145"
"r3","people","B","offense-off","14700","21600","32","29","3","29","29","0","0","116","8153","9347212","379","0","12562","144592745","1244","0","272","0","273","0","15957594","874350","58290","237934","9822","79052902","0","9822","92806","0","0","0","6548683","946130","953","26062","208800","261000","1559","16170558","1559","0","0","6979601","87","0","29000","89877","13332","908752","1","4060","14421","344","5794579","58","103209","103209","232","3382525","0","116","113","2688324","402","145"
"r3","people","B","offense-off","15000","21600","32","29","3","29","29","0","0","116","8179","9662847","384","0","12832","149438819","1254","0","273","0","276","0","16429552","899490","59966","239568","9937","82741306","0","9937","96040","0","0","0","6820533","984892","962","26008","87000","174000","1587","16642538","1587","0","0","7246378","87","0","29000","93478","13663","933185","1","4060","14468","345","6034866","58","107141","107141","232","3534033","0","116","113","2779160","405","145"
"r3","people","B","offense-off","15300","21600","32","29","3","29","29","0","0","116","8205","9984843","386","0","13105","154768908","1275","0","277","0","284","0","16907317","924975","61665","245984","10244","86511233","0","10244","99778","0","0","0","7111925","1041590","976","25772","208800","87000","1586","17120296","1586","0","0","7512286","87","0","29000","98560","12515","837835","1","4060","14589","345","6381732","58","111075","111075","232","3722389","0","116","113","2952062","417","145"
"r3","people","B","offense-off","15600","21600","32","29","3","29","29","0","0","116","8271","10293638","389","0","13380","160260150","1289","0","282","0","287","0","17368128","955680","63712","270166","11023","90229172","0","11023","103402","0","0","0","7423568","1081044","987","25592","261000","243600","1552","17581057","1552","0","0","7875022","87","0","29000","102327","14052","957067","0","4060","14697","351","6624939","58","116379","116379","232","3849210","0","116","113","3068745","420","145"
"r3","people","B","offense-off","15900","21600","32","29","3","29","29","0","0","116","8270","10616263","393","0","13647","165129591","1310","0","285","0","294","0","17838978","979650","65310","271448","11115","94030734","0","11115","106842","0","0","0","7677260","1128082","1001","25430","87000","243600","1582","18051932","1582","0","0","8145146","87","0","29000","106559","13784","934471","0","4060","14682","349","6912868","58","120343","120343","232","4030012","0","116","113","3180663","431","145"
"r3","people","B","offense-off","16200","21600","32","29","3","29","29","0","0","116","8317","10942396","396","0","13911","170714540","1322","0","287","0","299","0","18315283","1007115","67141","276826","11446","97964620","0","11446","110787","0","0","0","7962022","1174484","1011","25068","139200","87000","1581","18528232","1581","0","0","8417632","87","0","29000","110891","13422","908058","1","4060","14816","355","7200364","58","124313","124313","261","4183997","0","116","114","3325577","436","145"
"r3","people","B","offense-off","16500","21600","32","29","3","29","29","0","0","116","8343","11260703","400","0","14179","175837985","1336","0","292","0","302","0","18779841","1036125","69075","303256","12310","101813592","0","12310","114158","0","0","0","8261973","1222298","1023","24952","261000","174000","1531","18992733","1531","0","0","8795276","87","0","29000","115061","14824","1004437","0","4060","14818","354","7498537","58","129885","129885","261","4338565","0","116","114","3452274","439","145"
"r3","people","B","offense-off","16800","21600","32","29","3","29","29","0","0","116","8383","11589890","406","0","14440","181416840","1354","0","294","0","307","0","19246171","1063965","70931","304082","12372","105814064","0","12372","117918","0","0","0","8561712","1279066","1036","24772","139200","261000","1580","19459091","1580","0","0","9079928","87","0","29000","120291","13790","931828","1","4060","14960","356","7842464","58","134081","134081","261","4532960","0","116","114","3615140","445","145"
"r3","people","B","offense-off","17100","21600","32","29","3","29","29","0","0","116","8474","11919018","407","0","14706","186859116","1365","0","296","0","313","0","19722618","1092585","72839","306704","12527","109927444","0","12527","121427","0","0","0","8882188","1316982","1045","24682","87000","104400","1592","19935543","1592","0","0","9366884","87","0","29000","123935","14308","977585","1","4060","15111","360","8077548","58","138243","138243","261","4663211","0","116","114","3726088","452","145"
"r3","people","B","offense-off","17400","21600","32","29","3","29","29","0","0","116","8464","12242701","410","0","14985","192122709","1384","0","297","0","321","0","20195393","1118040","74536","344860","13835","113953954","0","13835","125205","0","0","0","9183591","1369438","1057","24382","261000","104400","1507","20408213","1507","0","0","9750814","87","0","29000","128590","15279","1047671","0","4060","15051","359","8399676","58","143869","143869","261","4839700","0","116","114","3863443","465","145"
"r3","people","B","offense-off","17700","21600","32","29","3","29","29","0","0","116","8533","12557681","417","0","15257","198162212","1396","0","297","0","324","0","20656523","1149510","76634","345444","13881","118139893","0","13881","129308","0","0","0","9509613","1418850","1067","24192","208800","261000","1559","20869379","1559","0","0","10039443","87","0","29000","133191","14912","1019211","2","4060","15227","363","8704489","58","148103","148103","261","4994554","0","116","114","4025678","470","145"
"r3","people","B","offense-off","18000","21600","32","29","3","29","29","0","0","116","8576","12887656","425","0","15520","203348058","1412","0","299","0","326","0","21129213","1176750","78450","347356","14016","122360530","0","14016","132818","0","0","0","9810329","1461752","1079","24152","87000","174000","1583","21342078","1583","0","0","10324561","87","0","29000","137227","15080","1035630","0","4060","15326","364","8969066","58","152307","152307","290","5154320","0","116","114","4134611","473","145"
"r3","people","B","offense-off","18300","21600","32","29","3","29","29","0","0","116","8613","13223978","432","0","15785","209029368","1427","0","302","0","330","0","21608439","1204770","80318","354370","14366","126724685","0","14366","136871","0","0","0","10130928","1524154","1093","23768","208800","87000","1593","21821309","1593","0","0","10725722","87","0","29000","142867","15364","1051757","0","4060","15407","367","9348788","58","158231","158231","290","5342841","0","116","114","4331124","478","145"
"r3","people","B","offense-off","18600","21600","32","29","3","29","29","0","0","116","8661","13525554","435","0","16075","214799638","1437","0","303","0","332","0","22056147","1237020","82468","392266","15530","130968078","0","15530","140724","0","0","0","10444873","1565896","1099","23662","261000","243600","1520","22268922","1520","0","0","11024850","87","0","29000","146934","15723","1088970","3","4060","15470","367","9605691","58","162657","162657","290","5477848","0","116","114","4458032","483","145"
"r3","people","B","offense-off","18900","21600","32","29","3","29","29","0","0","116","8670","13851041","438","0","16346","219939179","1451","0","305","0","338","0","22518658","1262070","84138","393238","15598","135371501","0","15598","144309","0","0","0","10721236","1617716","1110","23498","87000","243600","1552","22731443","1552","0","0","11325159","87","0","29000","151654","15405","1061273","0","4060","15505","368","9922402","58","167059","167059","290","5672491","0","116","114","4591395","490","145"
"r3","people","B","offense-off","19200","21600","32","29","3","29","29","0","0","116","8690","14188266","442","0","16610","225904285","1463","0","307","0","343","0","22989357","1291470","86098","396038","15774","139986317","0","15774","148520","0","0","0","11065616","1666480","1121","23298","139200","87000","1572","23202161","1572","0","0","11731168","87","0","29000","156189","16834","1156224","2","4060","15596","372","10223482","58","173023","173023","290","5821862","0","116","114","4753082","495","145"
"r3","people","B","offense-off","19500","21600","32","29","3","29","29","0","0","116","8698","14514477","446","0","16895","231440725","1477","0","310","0","347","0","23447334","1322400","88160","428768","16808","144476084","0","16808","152243","0","0","0","11395782","1713556","1132","23174","261000","174000","1517","23660064","1517","0","0","12031238","87","0","29000","160547","16930","1164324","0","4060","15551","371","10515135","58","177477","177477","290","5987047","0","116","114","4879867","501","145"
"r3","people","B","offense-off","19800","21600","32","29","3","29","29","0","0","116","8691","14845886","450","0","17177","237177494","1493","0","313","0","352","0","23910791","1351815","90121","429298","16848","149133132","0","16848","156226","0","0","0","11707824","1777208","1144","22972","139200","261000","1566","24123536","1566","0","0","12334617","87","0","29000","166319","15614","1063511","0","4060","15669","373","10902422","58","181933","181933","319","6191851","0","116","115","5079255","507","145"
"r3","people","B","offense-off","20100","21600","32","29","3","29","29","0","0","116","8689","15190505","455","0","17445","242959288","1504","0","314","0","354","0","24386903","1382400","92160","430924","16938","153970478","0","16938","160247","0","0","0","12052357","1818156","1152","22892","87000","104400","1592","24599670","1592","0","0","12753222","87","0","29000","170287","17860","1225616","2","4060","15716","375","11155104","58","188147","188147","319","6322232","0","116","115","5205374","509","145"
"r3","people","B","offense-off","20400","21600","32","29","3","29","29","0","0","116","8666","15538056","460","0","17718","248604397","1517","0","314","0","358","0","24862171","1409640","93976","458858","17877","158727389","0","17877","164319","0","0","0","12377414","1881546","1161","22756","261000","104400","1552","25074884","1552","0","0","13067864","87","0","29000","175787","17006","1165479","0","4060","15678","376","11544674","58","192793","192793","319","6519646","0","116","115","5382739","514","145"
"r3","people","B","offense-off","20700","21600","32","29","3","29","29","0","0","116","8696","15885549","464","0","17997","255095668","1537","0","317","0","365","0","25335396","1442565","96171","459158","17891","163543882","0","17891","168595","0","0","0","12699117","1937330","1175","22630","208800","261000","1600","25548127","1600","0","0","13383623","87","0","29000","181071","16380","1130437","2","4060","15783","377","11886006","58","197451","197451","319","6686694","0","116","115","5566492","522","145"
"r3","people","B","offense-off","21000","21600","32","29","3","29","29","0","0","116","8688","16243870","468","0","18273","260811351","1549","0","319","0","369","0","25823478","1472115","98141","461098","18016","168436616","0","18016","172361","0","0","0","13008047","1983486","1185","22446","87000","174000","1640","26036231","1640","0","0","13806205","87","0","29000","185319","18388","1263250","2","4060","15824","377","12172781","58","203707","203707","319","6856646","0","116","115","5686309","527","145"
"r3","people","B","offense-off","21300","21600","32","29","3","29","29","0","0","116","8694","16611097","472","0","18531","267260047","1558","0","319","0","371","0","26318892","1501335","100089","466274","18251","173426005","0","18251","176851","0","0","0","13359060","2049432","1191","22270","208800","87000","1650","26531648","1650","0","0","14122402","87","0","29000","191287","17106","1168093","0","4060","15869","378","12574311","58","208393","208393","319","7059176","0","116","115","5895133","529","145"
"r3","people","B","offense-off","21600","21600","32","29","3","29","29","0","0","116","8684","16949726","477","0","18809","273413019","1580","0","322","0","377","0","26783030","1535595","102373","506812","19508","178235152","0","19508","180766","0","0","0","13710459","2099866","1205","22186","261000","243600","1573","26995669","1573","0","0","14435394","87","0","29000","195965","17068","1172919","0","4060","15910","379","12886171","58","213033","213033","348","7204784","0","116","115","6057691","537","145"
"r3","people","C","both-off","0","21600","32","32","0","32","32","0","0","128","2880","0","0","0","0","0","0","0","0","0","0","0","0","0","0","0","0","0","0","0","0","0","0","0","0","0","32","57600","192000","192000","192","0","192","0","0","0","96","0","32000","0","0","0","0","4480","2880","64","0","32","0","0","0","0","0","128","32","0","32","160"
"r3","people","C","both-off","300","21600","32","32","0","32","32","0","0","128","2866","0","0","0","0","201108","2","0","2","0","0","0","51808","0","0","0","308","99036","0","0","96","0","0","0","1710","392","34","56586","230400","96000","224","61440","224","0","0","43932","96","0","32000","43","597","40166","20","4480","3092","64","2487","32","640","640","0","1964","0","128","32","1802","32","160"
"r3","people","C","both-off","600","21600","32","32","0","32","32","0","0","128","2827","1458","16","0","14","634331","74","0","15","0","21","0","116140","975","65","0","824","306888","0","0","664","0","16","0","16039","1914","84","52782","288000","268800","278","138477","293","0","0","76786","96","0","32000","202","918","60962","40","4480","3344","64","12361","32","1120","1120","0","8101","0","128","46","7723","66","160"
"r3","people","C","both-off","900","21600","32","32","0","32","32","0","0","128","2592","8189","33","0","47","1309551","118","11","18","0","35","0","190716","1365","91","0","2658","565583","0","0","1597","0","73","0","26447","4270","118","49880","96000","268800","322","235695","344","0","0","108965","96","0","32000","432","1167","75040","22","4480","3433","65","27808","32","1599","1599","0","15268","0","128","53","18657","83","160"
"r3","people","C","both-off","1200","21600","32","32","0","32","32","0","0","128","2465","16630","49","0","95","2262245","167","43","27","0","48","0","277041","2595","173","0","4265","859311","0","0","3079","0","144","0","41347","8218","156","48540","153600","96000","388","354218","423","0","0","152636","96","0","32000","840","1403","90463","17","4480","3581","72","52195","32","2243","2243","0","23804","0","128","59","38369","99","160"
"r3","people","C","both-off","1500","21600","32","32","0","32","32","0","0","128","2784","28351","60","0","165","3286126","215","91","34","0","67","0","369744","6435","429","0","6933","1185652","0","0","4627","0","191","0","54158","11702","193","46302","288000","192000","430","492765","502","0","0","187274","96","0","32000","1229","1527","102085","33","4480","4156","88","72575","32","2756","2756","0","33436","0","128","68","51753","124","160"
"r3","people","C","both-off","1800","21600","32","32","0","32","32","0","0","128","3086","45371","70","0","270","4338958","260","166","40","0","85","0","461151","10695","713","0","9402","1557908","0","0","6219","0","226","0","70498","16592","227","43574","153600","288000","434","652894","559","0","0","225452","96","0","32000","1734","1570","104504","13","4480","4677","101","102518","32","3304","3304","32","46772","0","128","76","74176","148","160"
"r3","people","C","both-off","2100","21600","32","32","0","32","32","0","0","128","3628","62979","82","0","409","5468630","304","264","47","0","97","0","552701","16635","1109","0","13043","1997950","0","0","7717","0","266","0","92353","21514","258","42418","96000","115200","450","838316","649","0","0","288699","96","0","32000","2246","1990","135793","11","4480","5436","123","132540","32","4236","4236","32","57202","0","128","80","95704","164","160"
"r3","people","C","both-off","2400","21600","32","32","0","32","32","0","0","128","4421","82128","100","0","591","6506523","348","385","53","0","109","0","632378","24045","1603","0","18453","2493592","0","0","9064","0","305","0","111217","28296","294","41656","288000","115200","485","1048454","749","0","0","339514","96","0","32000","2960","2034","143018","6","4480","6353","146","172421","32","4994","4994","32","74211","0","128","87","122285","178","160"
"r3","people","C","both-off","2700","21600","32","32","0","32","32","0","0","128","5162","99819","112","0","804","7580327","381","570","57","0","116","0","705190","32055","2137","0","25642","3056523","0","0","10771","0","355","0","130601","34580","317","39684","230400","288000","509","1284206","821","0","0","393723","96","0","32000","3603","2211","152330","14","4480","7269","167","210706","32","5814","5814","32","92858","0","128","89","148535","190","160"
"r3","people","C","both-off","3000","21600","32","32","0","32","32","0","0","128","5512","117038","129","0","1040","8688944","414","785","64","0","117","0","775559","40290","2686","0","32497","3683761","0","0","12385","0","411","0","147786","41940","342","38796","96000","192000","527","1547015","909","0","0","476756","96","0","32000","4350","2654","187716","8","4480","7890","182","255890","32","7004","7004","32","112333","0","128","90","176707","192","160"
"r3","people","C","both-off","3300","21600","32","32","0","32","32","0","0","128","5935","133950","135","0","1294","9726272","447","1002","75","0","124","0","836301","49650","3310","0","43831","4369717","0","0","14310","0","456","0","167128","50732","366","37318","230400","96000","529","1835121","1010","0","0","539769","96","0","32000","5212","2708","189876","3","4480","8347","191","309524","32","7920","7920","32","138147","0","128","91","211746","200","160"
"r3","people","C","both-off","3600","21600","32","32","0","32","32","0","0","128","6317","144691","147","0","1568","10787975","480","1248","81","0","133","0","889785","59610","3974","0","55717","5103579","0","0","16390","0","502","0","181654","58106","393","36226","288000","268800","524","2150999","1079","0","0","602659","96","0","32000","5967","2890","204432","13","4480","8881","209","354854","32","8857","8857","64","161136","0","128","94","237091","211","160"
"r3","people","C","both-off","3900","21600","32","32","0","32","32","0","0","128","6445","157167","157","0","1842","11851944","502","1513","85","0","137","0","949910","68280","4552","0","67505","5921773","0","0","18295","0","544","0","199886","68214","411","35160","96000","268800","551","2490864","1162","0","0","700486","96","0","32000","6974","3338","234684","6","4480","9196","215","415464","32","10312","10312","64","192693","0","128","96","273109","218","160"
"r3","people","C","both-off","4200","21600","32","32","0","32","32","0","0","128","6839","170630","170","0","2113","13091742","535","1776","91","0","143","0","1013917","79965","5331","0","79775","6804149","0","0","20446","0","590","0","222811","78468","436","34038","153600","96000","604","2853077","1251","0","0","773921","96","0","32000","7992","3421","239321","10","4480","9585","225","478687","32","11413","11413","64","220463","0","128","97","314137","227","160"
"r3","people","C","both-off","4500","21600","32","30","2","30","30","0","0","120","6363","123646","156","0","2396","12307227","512","2054","93","0","139","0","922627","80700","5380","0","89033","7052712","0","0","20841","0","589","0","198872","81212","418","33338","270000","180000","535","3074207","1242","0","0","783669","90","0","30000","8221","3311","231303","13","4200","8872","205","496207","30","11532","11532","60","245251","0","120","91","307115","220","150"
"r3","people","C","both-off","4800","21600","32","30","2","30","30","0","0","120","6218","128227","167","0","2674","13644635","529","2357","93","0","144","0","978087","88275","5885","0","104306","7952226","0","0","23430","0","633","0","214262","92398","434","32228","144000","270000","584","3460855","1315","0","0","877504","90","0","30000","9315","3620","249434","1","4200","9072","211","563566","30","12935","12935","60","285019","0","120","93","343051","226","150"
"r3","people","C","both-off","5100","21600","32","30","2","30","30","0","0","120","6330","131334","175","0","2953","14918031","554","2608","101","0","148","0","1031123","98730","6582","0","114966","8902907","0","0","25820","0","679","0","227888","101366","454","31736","90000","108000","564","3866437","1389","0","0","948051","90","0","30000","10236","3743","262280","10","4200","9136","213","618323","30","13979","13979","60","311564","0","120","93","374207","230","150"
"r3","people","C","both-off","5400","21600","32","29","3","29","29","0","0","116","6008","126417","173","0","3230","15499584","550","2879","100","0","150","0","981735","104685","6979","0","131196","9496898","0","0","27357","0","717","0","218331","110408","452","31338","261000","104400","530","4180283","1402","0","0","991502","87","0","29000","11072","3545","245564","0","4060","8916","208","673030","29","14617","14617","87","347350","0","116","91","398588","232","145"
"r3","people","C","both-off","5700","21600","32","29","3","29","29","0","0","116","6177","132962","182","0","3505","17072803","574","3158","104","0","155","0","1039332","116655","7777","0","148261","10518033","0","0","29752","0","760","0","233696","120572","470","30540","208800","261000","583","4612566","1462","0","0","1093573","87","0","29000","12063","4080","280275","2","4060","9358","218","735404","29","16143","16143","87","382435","0","116","93","430863","239","145"
"r3","people","C","both-off","6000","21600","32","29","3","29","29","0","0","116","6117","140113","191","0","3776","18336217","590","3429","106","0","157","0","1092360","127200","8480","0","160687","11582545","0","0","31866","0","794","0","248544","131586","483","30336","87000","174000","593","5060192","1525","0","0","1168242","87","0","29000","13172","4104","284078","2","4060","9305","221","802194","29","17276","17276","87","420948","0","116","93","463216","241","145"
"r3","people","C","both-off","6300","21600","32","29","3","29","29","0","0","116","6049","147524","200","0","4053","19936404","614","3713","108","0","163","0","1154282","138900","9260","0","177892","12685896","0","0","34260","0","842","0","263280","144462","500","29876","208800","87000","611","5522870","1556","0","0","1247022","87","0","29000","14382","4033","274050","0","4060","9488","225","880649","29","18415","18415","87","465136","0","116","95","507836","250","145"
"r3","people","C","both-off","6600","21600","32","29","3","29","29","0","0","116","6213","155412","206","0","4322","21675940","629","3977","109","0","168","0","1219458","153450","10230","0","201656","13851473","0","0","36591","0","892","0","282056","154854","512","29472","261000","243600","620","5998457","1599","0","0","1352940","87","0","29000","15414","4565","312705","3","4060","9786","228","944432","29","19979","19979","87","496899","0","116","96","543336","256","145"
"r3","people","C","both-off","6900","21600","32","29","3","29","29","0","0","116","6135","165008","215","0","4592","23243380","656","4229","110","0","174","0","1287174","165615","11041","0","218950","15043501","0","0","38908","0","913","0","299599","167844","528","29146","87000","243600","567","6483296","1636","0","0","1433371","87","0","29000","16663","4491","310905","0","4060","9855","234","1022850","29","21154","21154","87","541391","0","116","98","581075","267","145"
"r3","people","C","both-off","7200","21600","32","29","3","29","29","0","0","116","6198","174578","224","0","4855","24953913","679","4497","113","0","179","0","1352081","180390","12026","0","232758","16290995","0","0","41225","0","933","0","315759","179966","545","28754","139200","87000","591","6976027","1647","0","0","1514833","87","0","29000","17823","4507","310810","0","4060","9983","235","1097486","29","22330","22330","116","576953","0","116","98","627070","274","145"
"r3","people","C","both-off","7500","21600","32","29","3","29","29","0","0","116","6283","185860","229","0","5106","26543873","691","4766","115","0","180","0","1423228","196200","13080","0","260765","17603337","0","0","43339","0","951","0","336988","191224","553","28570","261000","174000","631","7473256","1663","0","0","1632377","87","0","29000","18904","5150","351663","1","4060","10017","236","1167229","29","24054","24054","116","617604","0","116","98","663110","276","145"
"r3","people","C","both-off","7800","21600","32","28","4","28","28","0","0","112","6083","172193","226","0","5228","26540705","694","4896","117","0","182","0","1375760","201285","13419","0","267363","18015340","0","0","43909","0","965","0","329397","198752","553","28218","134400","252000","606","7731296","1616","0","0","1647344","84","0","28000","19538","4739","319079","0","3920","9830","235","1213841","28","24277","24277","112","652837","0","112","95","675428","278","140"
"r3","people","C","both-off","8100","21600","32","28","4","28","28","0","0","112","6147","182312","227","0","5466","28262928","704","5131","121","0","184","0","1440925","216765","14451","0","280026","19341978","0","0","46346","0","988","0","348830","209470","560","28008","84000","100800","579","8216470","1620","0","0","1729456","84","0","28000","20623","4881","331530","3","3920","9889","235","1279170","28","25504","25504","112","686883","0","112","95","711043","280","140"
"r3","people","C","both-off","8400","21600","32","28","4","28","28","0","0","112","6024","194471","236","0","5695","29946339","725","5365","125","0","187","0","1511626","229170","15278","0","312551","20704093","0","0","48671","0","1025","0","370988","224544","576","27660","252000","100800","583","8702590","1621","0","0","1844030","84","0","28000","22018","5180","351102","1","3920","10034","238","1371190","28","27198","27198","112","735094","0","112","97","757834","285","140"
"r3","people","C","both-off","8700","21600","32","28","4","28","28","0","0","112","6241","205669","238","0","5923","31696100","736","5579","126","0","191","0","1573323","246270","16418","0","328320","22111924","0","0","51169","0","1055","0","390889","237620","583","27146","201600","252000","548","9189517","1627","0","0","1930834","84","0","28000","23285","5187","350750","0","3920","10032","238","1451756","28","28472","28472","112","777290","0","112","98","802794","292","140"
"r3","people","C","both-off","9000","21600","32","28","4","28","28","0","0","112","6196","217936","245","0","6140","33531628","759","5817","129","0","197","0","1644469","260475","17365","0","342179","23541719","0","0","53442","0","1077","0","411701","249246","599","26968","84000","168000","624","9677832","1629","0","0","2015924","84","0","28000","24413","5318","360512","0","3920","10250","243","1522962","28","29731","29731","140","817556","0","112","98","837856","301","140"
"r3","people","C","both-off","9300","21600","32","28","4","28","28","0","0","112","6301","232727","250","0","6363","35331986","773","6035","131","0","200","0","1714209","276120","18408","0","356952","25051019","0","0","55870","0","1114","0","434363","265886","609","26636","201600","84000","582","10167077","1632","0","0","2144195","84","0","28000","25973","5616","381917","1","3920","10384","245","1624327","28","31589","31589","140","866671","0","112","99","895607","306","140"
"r3","people","C","both-off","9600","21600","32","28","4","28","28","0","0","112","6557","244788","259","0","6577","37352040","787","6256","134","0","200","0","1789103","294870","19658","0","385844","26618143","0","0","58307","0","1132","0","458608","277972","621","26468","252000","235200","628","10657507","1640","0","0","2239241","84","0","28000","27155","5816","398562","2","3920","10708","252","1698765","28","32971","32971","140","903854","0","112","99","936825","306","140"
"r3","people","C","both-off","9900","21600","32","28","4","28","28","0","0","112","6468","259151","262","0","6796","39002629","799","6466","138","0","204","0","1860154","308670","20578","0","403373","28204298","0","0","60699","0","1151","0","479463","293908","632","26114","84000","235200","579","11149687","1641","0","0","2333749","84","0","28000","28659","5686","389747","0","3920","10719","256","1795324","28","34345","34345","140","959929","0","112","99","984073","310","140"
"r3","people","C","both-off","10200","21600","32","28","4","28","28","0","0","112","6527","272531","266","0","7000","40913153","813","6684","143","0","206","0","1935726","325725","21715","0","418197","29875869","0","0","63175","0","1172","0","502145","308350","643","25696","134400","84000","618","11642107","1642","0","0","2462154","84","0","28000","30027","6213","421710","1","3920","10763","255","1884935","28","36240","36240","140","1004357","0","112","99","1036087","313","140"
"r3","people","C","both-off","10500","21600","32","28","4","28","28","0","0","112","6614","287209","270","0","7219","42744688","837","6899","147","0","212","0","2012856","343680","22912","0","449597","31562396","0","0","65511","0","1196","0","526006","322570","657","25556","252000","168000","567","12134707","1642","0","0","2558819","84","0","28000","31316","6326","424901","3","3920","10632","251","1973264","28","37642","37642","140","1052294","0","112","99","1081624","325","140"
"r3","people","C","both-off","10800","21600","32","28","4","28","28","0","0","112","6542","301176","273","0","7414","44708987","846","7110","149","0","213","0","2084246","358200","23880","0","467781","33283038","0","0","68194","0","1209","0","548073","340410","663","25052","134400","252000","643","12627307","1642","0","0","2654713","84","0","28000","32981","6052","400558","3","3920","10904","257","2082356","28","39033","39033","168","1112906","0","112","99","1141249","326","140"
"r3","people","C","both-off","11100","21600","32","28","4","28","28","0","0","112","6603","323228","278","0","7632","46868992","864","7322","154","0","217","0","2178470","376335","25089","0","481364","35387076","0","0","70779","0","1252","0","602271","356030","677","24754","84000","100800","598","13119907","1642","0","0","2924206","84","0","28000","34575","8478","568813","8","3920","10679","256","2178630","56","43053","43053","168","1158899","0","112","100","1196494","330","140"
"r3","people","C","both-off","11400","21600","32","28","4","28","28","0","0","112","6461","340699","280","0","7819","49203282","880","7492","160","0","221","0","2247222","389430","25962","0","505830","37694072","0","0","74759","0","1286","0","648122","383042","689","24220","252000","100800","565","13612507","1642","0","0","3121248","84","0","28000","37124","8843","591910","1","3920","10425","246","2344048","56","45967","45967","168","1257091","0","112","100","1272247","335","140"
"r3","people","C","both-off","11700","21600","32","27","5","27","27","0","0","108","6209","332477","272","0","7763","50123353","861","7473","160","0","217","0","2240108","389790","25986","0","500701","38126554","0","0","76438","0","1284","0","668956","397638","676","23240","194400","243000","602","13612227","1582","0","0","3180690","81","0","27000","38408","8487","555464","0","3780","10068","241","2437257","54","46895","46895","162","1326992","0","108","98","1298234","327","135"
"r3","people","C","both-off","12000","21600","32","27","5","27","27","0","0","108","5993","351549","276","0","7949","52665809","878","7649","167","0","220","0","2323694","402810","26854","0","515014","40501987","0","0","80862","0","1321","0","718924","423840","690","22880","81000","162000","563","14086827","1582","0","0","3433713","81","0","27000","41015","9640","644606","3","3780","9719","229","2597468","54","50655","50655","162","1426851","0","108","98","1362256","331","135"
"r3","people","C","both-off","12300","21600","32","26","6","26","26","0","0","104","5525","357472","267","0","7827","53665902","862","7551","163","0","221","0","2310536","400680","26712","0","508202","41397324","0","0","82844","0","1343","0","742849","445168","677","22160","187200","78000","569","14025857","1522","0","0","3501072","78","0","26000","42914","8752","577475","0","3640","9385","221","2726488","52","51666","51666","156","1505859","0","104","96","1417738","332","130"
"r3","people","C","both-off","12600","21600","32","25","7","25","25","0","0","100","5539","347824","261","0","7699","54876043","841","7435","160","0","217","0","2267234","406965","27131","0","526469","42129708","0","0","85551","0","1340","0","762154","457710","663","21944","225000","210000","565","13891755","1462","0","0","3580556","75","0","25000","44177","8723","580654","2","3500","9182","218","2803197","50","52900","52900","175","1555501","0","100","93","1444401","327","125"
"r3","people","C","both-off","12900","21600","32","25","7","25","25","0","0","100","5258","363966","266","0","7860","57354122","853","7594","162","0","221","0","2351646","416205","27747","0","548858","44553289","0","0","89815","0","1341","0","815658","489668","674","21188","75000","210000","538","14330355","1462","0","0","3831088","75","0","25000","47173","9415","629011","0","3500","9284","221","2996647","50","56588","56588","175","1680614","0","100","93","1521463","331","125"
"r3","people","C","both-off","13200","21600","32","23","9","23","23","0","0","92","4837","329906","243","0","7360","54250042","803","7112","152","0","214","0","2161747","396600","26440","0","498152","42246867","0","0","86041","0","1336","0","759769","476306","632","20258","110400","69000","481","13534394","1342","0","0","3672659","69","0","23000","45727","8544","566384","4","3220","8311","197","2916954","46","54271","54271","161","1639747","0","92","86","1466528","320","115"
"r3","people","C","both-off","13500","21600","32","23","9","23","23","0","0","92","4790","348301","245","0","7507","56624717","814","7261","154","0","218","0","2232330","409650","27310","0","546443","44513309","0","0","89962","0","1341","0","806952","503446","640","20034","207000","138000","501","13936994","1342","0","0","3838803","69","0","23000","48249","8496","557028","1","3220","8198","193","3084584","46","56745","56745","161","1737030","0","92","86","1544745","325","115"
"r3","people","C","both-off","13800","21600","32","23","9","23","23","0","0","92","4701","368622","249","0","7649","59122726","825","7407","158","0","220","0","2301880","419400","27960","0","567760","46857273","0","0","94179","0","1344","0","853602","536754","650","19272","110400","207000","502","14339594","1342","0","0","4069386","69","0","23000","51347","8778","574164","1","3220","8422","198","3287111","46","60125","60125","161","1856549","0","92","86","1638673","327","115"
"r3","people","C","both-off","14100","21600","32","23","9","23","23","0","0","92","4868","388377","250","0","7787","61611918","834","7551","160","0","224","0","2377841","433755","28917","0","584064","49269280","0","0","97856","0","1346","0","907007","558708","657","19106","69000","82800","515","14742194","1342","0","0","4241830","69","0","23000","53539","9108","604014","6","3220","8499","201","3421573","46","62647","62647","161","1926324","0","92","86","1711492","333","115"
"r3","people","C","both-off","14400","21600","32","23","9","23","23","0","0","92","4611","403965","254","0","7928","63827616","850","7685","160","0","231","0","2446551","443100","29540","0","620676","51702456","0","0","101585","0","1352","0","951537","590016","668","18664","207000","82800","501","15144794","1342","0","0","4406989","69","0","23000","56351","8780","572770","0","3220","8461","201","3613101","46","65131","65131","184","2038964","0","92","88","1795255","343","115"
"r3","people","C","both-off","14700","21600","32","23","9","23","23","0","0","92","4811","421828","255","0","8068","66514717","865","7830","164","0","237","0","2523864","458355","30557","0","652594","54263323","0","0","105717","0","1352","0","1006844","618412","679","18346","165600","207000","491","15547394","1342","0","0","4651831","69","0","23000","58974","9771","630733","1","3220","8523","200","3789823","46","68745","68745","184","2136990","0","92","88","1884108","351","115"
"r3","people","C","both-off","15000","21600","32","23","9","23","23","0","0","92","4798","439724","257","0","8206","68975896","872","7965","164","0","239","0","2597426","470760","31384","0","670897","56857938","0","0","109773","0","1357","0","1057560","643728","683","18186","69000","138000","504","15950083","1344","0","0","4831898","69","0","23000","61436","9971","650622","0","3220","8397","200","3945457","46","71407","71407","184","2235789","0","92","88","1945487","355","115"
"r3","people","C","both-off","15300","21600","32","22","10","22","22","0","0","88","4750","457888","254","0","8024","70545941","856","7795","160","0","233","0","2633445","474510","31634","0","675595","57936539","0","0","109611","0","1345","0","1089989","660756","669","17748","158400","66000","488","15760196","1295","0","0","4883303","66","0","22000","62889","9249","594269","1","3080","8386","200","4049313","44","72138","72138","176","2294960","0","88","84","1994074","346","110"
"r3","people","C","both-off","15600","21600","32","22","10","22","22","0","0","88","4895","481147","258","0","8149","73409550","873","7933","163","0","237","0","2715188","489570","32638","0","713833","60581040","0","0","113538","0","1345","0","1144750","689350","680","17460","198000","184800","529","16148696","1295","0","0","5123704","66","0","22000","65590","10082","660872","4","3080","8852","209","4225099","44","75672","75672","176","2378509","0","88","84","2084323","353","110"
"r3","people","C","both-off","15900","21600","32","22","10","22","22","0","0","88","4844","499297","261","0","8274","75734968","882","8047","163","0","241","0","2793919","499860","33324","0","738438","63237104","0","0","117279","0","1348","0","1199972","719346","687","17258","66000","184800","480","16537196","1295","0","0","5301873","66","0","22000","68404","9874","651626","0","3080","8635","205","4407053","44","78278","78278","176","2493901","0","88","84","2156346","357","110"
"r3","people","C","both-off","16200","21600","32","22","10","22","22","0","0","88","4953","519336","266","0","8393","78415680","892","8170","165","0","242","0","2867232","513600","34240","0","762518","65995116","0","0","121427","0","1348","0","1250126","748210","695","16782","105600","66000","506","16925696","1295","0","0","5478543","66","0","22000","71083","9807","637719","5","3080","8708","206","4585784","44","80890","80890","198","2588872","0","88","84","2251952","358","110"
"r3","people","C","both-off","16500","21600","32","22","10","22","22","0","0","88","4995","543626","268","0","8515","81025491","900","8301","167","0","245","0","2950366","526845","35123","0","816056","68819470","0","0","125242","0","1348","0","1314962","775318","702","16502","198000","132000","524","17314196","1295","0","0","5734587","66","0","22000","73565","11059","723895","3","3080","8834","209","4753721","44","84624","84624","198","2688605","0","88","84","2322087","362","110"
"r3","people","C","both-off","16800","21600","32","22","10","22","22","0","0","88","4932","563537","274","0","8643","83824377","914","8419","167","0","248","0","3030777","538515","35901","0","845777","71726282","0","0","129597","0","1350","0","1373974","811934","711","16146","105600","198000","499","17702696","1295","0","0","5925476","66","0","22000","76933","10499","678279","1","3080","8809","211","4975555","44","87432","87432","198","2819473","0","88","84","2427724","368","110"
"r3","people","C","both-off","17100","21600","32","21","11","21","21","0","0","84","4739","584092","264","0","8428","84098103","882","8221","164","0","238","0","3039697","533985","35599","0","805729","70608856","0","0","127060","0","1294","0","1397640","801664","687","16014","63000","75600","506","17272211","1235","0","0","5828609","63","0","21000","76007","10086","660052","1","2940","8523","205","4912184","42","86093","86093","189","2784666","0","84","81","2383891","351","105"
"r3","people","C","both-off","17400","21600","32","21","11","21","21","0","0","84","4625","610088","266","0","8539","86450991","889","8337","166","0","239","0","3121290","543675","36245","0","864455","73452794","0","0","131002","0","1295","0","1457195","835078","692","15762","189000","75600","502","17642711","1235","0","0","6067522","63","0","21000","78990","10679","692420","0","2940","8392","198","5116751","42","89669","89669","189","2905773","0","84","81","2469329","353","105"
"r3","people","C","both-off","17700","21600","32","21","11","21","21","0","0","84","4690","633324","269","0","8659","89424392","904","8446","169","0","243","0","3203594","558075","37205","0","895797","76349559","0","0","135236","0","1295","0","1520770","864810","702","15280","151200","189000","467","18013211","1235","0","0","6247636","63","0","21000","81794","10567","679367","3","2940","8512","203","5300407","42","92361","92361","189","3008455","0","84","81","2559814","358","105"
"r3","people","C","both-off","18000","21600","32","21","11","21","21","0","0","84","4669","654314","271","0","8763","91920138","915","8557","171","0","248","0","3278817","570675","38045","0","917330","79257258","0","0","139107","0","1297","0","1575041","890918","711","15202","63000","126000","496","18383711","1235","0","0","6427162","63","0","21000","84294","10709","690601","0","2940","8371","199","5461557","42","95003","95003","210","3114327","0","84","81","2622234","364","105"
"r3","people","C","both-off","18300","21600","32","21","11","21","21","0","0","84","4592","679859","272","0","8874","94712203","919","8673","173","0","248","0","3366072","581940","38796","0","944595","82277819","0","0","143186","0","1301","0","1644855","926736","714","14550","151200","63000","513","18754211","1235","0","0","6681174","63","0","21000","87610","11157","717898","0","2940","8590","205","5678715","42","98767","98767","210","3236865","0","84","81","2726411","364","105"
"r3","people","C","both-off","18600","21600","32","21","11","21","21","0","0","84","4782","704406","274","0","8992","97582017","931","8780","174","0","252","0","3445787","597420","39828","0","1006131","85357207","0","0","147461","0","1301","0","1714049","954062","721","14388","189000","176400","473","19124711","1235","0","0","6866729","63","0","21000","90148","11427","741379","1","2940","8584","203","5847434","42","101575","101575","210","3317428","0","84","81","2807922","372","105"
"r3","people","C","both-off","18900","21600","32","20","12","20","20","0","0","80","4570","700899","267","0","8770","97870385","916","8568","170","0","246","0","3411237","595755","39717","0","965826","85018757","0","0","146997","0","1296","0","1721387","963226","703","14112","60000","168000","464","18813569","1191","0","0","6852324","60","0","20000","90871","10481","680456","0","2800","8531","204","5901777","40","101352","101352","200","3382194","0","80","77","2789674","365","100"
"r3","people","C","both-off","19200","21600","32","20","12","20","20","0","0","80","4783","726182","268","0","8868","100657760","921","8671","171","0","249","0","3494517","610680","40712","0","986461","88093486","0","0","151236","0","1296","0","1786334","992084","708","13808","96000","60000","466","19170869","1191","0","0","7106155","60","0","20000","93558","11502","745989","0","2800","8702","206","6080091","40","105060","105060","200","3480334","0","80","77","2879832","368","100"
"r3","people","C","both-off","19500","21600","32","20","12","20","20","0","0","80","4856","748010","268","0","8975","103339754","930","8780","174","0","253","0","3577685","625800","41720","0","1044726","91156272","0","0","155158","0","1298","0","1846061","1023324","715","13732","180000","120000","469","19528169","1191","0","0","7292338","60","0","20000","96343","11475","747549","1","2800","8664","208","6274320","40","107818","107818","200","3586987","0","80","77","2957802","373","100"
"r3","people","C","both-off","19800","21600","32","20","12","20","20","0","0","80","4737","771509","271","0","9066","106050497","940","8877","178","0","255","0","3644625","637140","42476","0","1076035","94237287","0","0","159456","0","1302","0","1898365","1062028","724","13598","96000","180000","509","19885469","1191","0","0","7479623","60","0","20000","99822","10740","687345","0","2800","8766","210","6511088","40","110562","110562","220","3726755","0","80","77","3065523","375","100"
"r3","people","C","both-off","20100","21600","32","20","12","20","20","0","0","80","4899","796095","272","0","9171","108730080","945","8985","178","0","259","0","3731197","652200","43480","0","1093552","97425583","0","0","163400","0","1302","0","1965804","1088342","729","13558","60000","72000","513","20242769","1191","0","0","7743283","60","0","20000","102398","12038","785053","1","2800","8759","209","6673473","40","114436","114436","220","3813010","0","80","77","3145220","379","100"
"r3","people","C","both-off","20400","21600","32","20","12","20","20","0","0","80","4712","819884","274","0","9275","111339057","954","9073","178","0","263","0","3808597","662460","44164","0","1144957","100651015","0","0","167464","0","1311","0","2033216","1121622","735","13358","180000","72000","443","20600069","1191","0","0","7935487","60","0","20000","105437","11875","768563","0","2800","8674","209","6876880","40","117312","117312","220","3943694","0","80","77","3223230","385","100"
"r3","people","C","both-off","20700","21600","32","20","12","20","20","0","0","80","4820","843236","274","0","9372","114493441","959","9175","178","0","267","0","3883542","678330","45222","0","1178801","103956100","0","0","172105","0","1311","0","2091188","1153880","739","13030","144000","180000","484","20957369","1191","0","0","8128997","60","0","20000","108463","11745","752139","1","2800","8877","212","7075854","40","120208","120208","220","4054794","0","80","77","3322064","390","100"
"r3","people","C","both-off","21000","21600","32","20","12","20","20","0","0","80","4870","870722","279","0","9468","117121644","970","9273","178","0","270","0","3961476","691605","46107","0","1199553","107307809","0","0","176283","0","1311","0","2158888","1182606","747","12968","60000","120000","478","21314669","1191","0","0","8395857","60","0","20000","111189","12913","838629","0","2800","8730","209","7253330","40","124102","124102","220","4170148","0","80","77","3387080","393","100"
"r3","people","C","both-off","21300","21600","32","20","12","20","20","0","0","80","4777","892840","281","0","9570","120044695","980","9365","179","0","275","0","4039528","703485","46899","0","1219478","110719033","0","0","180852","0","1321","0","2222032","1223548","755","12722","144000","60000","447","21671969","1191","0","0","8590558","60","0","20000","114926","12098","776720","1","2800","8914","215","7502167","40","127024","127024","220","4312119","0","80","78","3501719","399","100"
"r3","people","C","both-off","21600","21600","32","20","12","20","20","0","0","80","4831","912678","283","0","9660","123067658","985","9472","180","0","277","0","4116632","719895","47993","0","1264672","114166139","0","0","185164","0","1325","0","2278444","1249766","760","12642","180000","168000","507","22029269","1191","0","0","8785715","60","22","20000","117478","12410","804201","1","2800","9038","214","7664245","40","129888","129910","240","4403631","0","80","78","3577883","401","100"
"r3","people","C","control","0","21600","32","32","0","32","32","0","0","128","2880","0","0","0","0","0","0","0","0","0","0","0","0","0","0","0","0","0","0","0","0","0","0","0","0","0","32","57600","192000","192000","192","0","192","0","0","0","96","0","32000","0","0","0","0","4480","2880","64","0","32","0","0","0","0","0","128","32","0","32","160"
"r3","people","C","control","300","21600","32","32","0","32","32","1236","0","128","2866","0","1","0","0","202295","5","0","0","0","2","0","51808","0","0","154","11","97395","0","11","86","0","0","0","1740","556","35","56680","230400","96000","224","61440","224","1236","0","43442","96","0","32000","61","579","38608","20","4480","3094","64","3473","32","640","640","0","1899","0","128","33","1699","36","160"
"r3","people","C","control","600","21600","32","32","0","32","32","5692","0","128","2811","2223","24","0","29","598135","83","0","15","0","22","0","113287","915","61","444","33","295772","0","33","534","0","0","0","15598","2464","93","53974","288000","268800","272","139133","301","5875","0","76336","96","0","32000","264","856","57067","25","4480","3323","64","15477","32","1120","1120","0","7268","183","128","46","6126","66","160"
"r3","people","C","control","900","21600","32","32","0","32","32","9965","0","128","2588","6453","29","0","113","1131973","129","23","24","0","43","0","175831","1455","97","1234","79","530371","0","79","1368","0","0","0","24207","5744","128","51558","96000","268800","318","242472","380","11536","0","108799","96","0","32000","595","1002","66097","18","4480","3349","64","35926","32","1597","1597","0","15723","1571","128","57","15443","94","160"
"r3","people","C","control","1200","21600","32","32","0","32","32","14185","0","128","2483","14397","43","0","244","1856447","186","101","33","0","61","0","239890","3090","206","2374","131","788913","0","131","2627","0","0","0","37701","10264","169","50364","153600","96000","401","377106","493","18783","0","151091","96","0","32000","1044","1190","76098","9","4480","3500","75","63806","32","2234","2234","0","24742","4598","128","66","31468","121","160"
"r3","people","C","control","1500","21600","32","32","0","32","32","19713","0","128","2681","29589","56","0","397","2636498","251","228","39","0","85","0","306833","6795","453","4216","218","1057742","0","218","3724","0","0","0","52233","15640","212","49248","288000","192000","433","539339","587","29318","0","184231","96","0","32000","1562","1175","75234","19","4480","4002","85","96572","32","2737","2737","0","35385","9605","128","79","44294","157","160"
"r3","people","C","control","1800","21600","32","32","0","32","32","23099","0","128","2844","42316","67","0","578","3362499","290","393","45","0","101","0","371743","10785","719","6110","294","1333765","0","294","4862","0","0","0","66345","22404","245","47966","153600","288000","440","724211","642","39780","0","219254","96","0","32000","2196","1068","67059","4","4480","4360","92","138030","32","3264","3264","32","48732","16681","128","85","63683","175","160"
"r3","people","C","control","2100","21600","32","32","0","32","32","29239","0","128","3251","56375","79","0","768","4194480","329","563","49","0","112","0","443245","16440","1096","7824","372","1635930","0","372","6027","0","0","0","83001","28696","272","47108","96000","115200","463","932255","723","52619","0","279011","96","0","32000","2758","1397","89912","11","4480","4998","108","177227","32","4155","4155","32","57451","23380","128","89","79029","190","160"
"r3","people","C","control","2400","21600","32","32","0","32","32","35036","0","128","3871","70042","95","0","977","5067291","379","737","56","0","122","0","512037","23550","1570","9406","451","1957638","0","451","7165","0","0","0","100947","36730","305","46544","288000","115200","514","1162898","818","65156","0","327797","96","0","32000","3523","1347","91199","2","4480","5775","128","225779","32","4870","4870","32","70319","30120","128","94","101123","206","160"
"r3","people","C","control","2700","21600","32","32","0","32","32","38537","0","128","4480","83766","105","0","1195","6132450","416","953","62","0","133","0","587562","31455","2097","10546","506","2312342","0","506","8506","0","0","0","120799","44866","332","45194","230400","288000","524","1416346","869","75862","0","379929","96","0","32000","4270","1368","91979","3","4480","6682","153","276151","32","5638","5638","32","84228","37325","128","101","127860","221","160"
"r3","people","C","control","3000","21600","32","32","0","32","32","43685","0","128","4675","98806","114","0","1430","7106857","450","1171","68","0","142","0","662342","38190","2546","12124","600","2691345","0","600","9721","0","0","0","142382","52976","356","44856","96000","192000","539","1692076","953","89761","0","454503","96","0","32000","5031","1719","117707","2","4480","7115","162","326346","32","6750","6750","32","97324","46076","128","102","149711","235","160"
"r3","people","C","control","3300","21600","32","32","0","32","32","48598","0","128","5137","115660","124","0","1666","8255019","484","1402","73","0","153","0","734844","47670","3178","14596","726","3094154","0","726","11410","0","0","0","162712","63248","382","44124","230400","96000","599","1990294","1037","104529","0","513020","96","0","32000","5949","1654","108226","2","4480","7679","177","389516","32","7603","7603","32","116244","55931","128","105","184021","249","160"
"r3","people","C","control","3600","21600","32","32","0","32","32","53206","0","128","5671","132651","136","0","1915","9483166","517","1629","76","0","161","0","813785","59160","3944","15854","794","3507474","0","794","13023","0","0","0","186892","72068","405","43428","288000","268800","560","2309891","1089","118405","0","574612","96","0","32000","6796","1692","117373","4","4480","8310","192","443694","32","8488","8488","64","131224","65199","128","106","207610","257","160"
"r3","people","C","control","3900","21600","32","32","0","32","32","56832","0","128","5771","148021","151","0","2171","10680328","550","1868","82","0","165","0","902890","68265","4551","18560","936","3957519","0","936","14615","0","0","0","207540","84046","430","42708","96000","268800","606","2654446","1182","135040","0","670226","96","0","32000","7904","1978","141060","0","4480","8615","200","516853","32","9882","9882","64","152055","78208","128","106","242071","262","160"
"r3","people","C","control","4200","21600","32","32","0","32","32","62591","0","128","6206","167441","158","0","2434","12000693","574","2118","88","0","171","0","985678","79800","5320","21182","1055","4449879","0","1055","16334","0","0","0","230601","95952","449","42132","153600","96000","641","3022329","1269","153464","0","741911","96","0","32000","8968","1971","135893","5","4480","8990","211","590840","32","10939","10939","64","171793","90873","128","107","280761","270","160"
"r3","people","C","control","4500","21600","32","32","0","32","32","68287","0","128","6573","186654","170","0","2711","13302200","599","2387","93","0","173","0","1071352","91545","6103","23638","1193","4933699","0","1193","17989","0","0","0","253465","107336","468","41856","288000","192000","636","3412330","1327","174200","0","814815","96","0","32000","10011","1999","140416","2","4480","9406","220","661325","32","12010","12010","64","192086","105913","128","107","308113","272","160"
"r3","people","C","control","4800","21600","32","32","0","32","32","71171","0","128","6602","204440","179","0","2993","14826337","627","2683","103","0","175","0","1167337","102315","6821","26992","1348","5459962","0","1348","19941","0","0","0","279907","122108","489","41040","153600","288000","674","3826221","1408","194501","0","917153","96","0","32000","11323","2186","146150","1","4480","9653","225","752122","32","13509","13509","64","224652","123330","128","107","351850","274","160"
"r3","people","C","control","5100","21600","32","32","0","32","32","74927","0","128","6550","219091","185","0","3285","16173484","645","2929","107","0","181","0","1252754","113475","7565","29570","1485","5989861","0","1485","21807","0","0","0","305228","133150","505","40620","96000","115200","664","4262009","1499","215356","0","990960","96","0","32000","12369","2239","151039","6","4480","9583","225","820002","32","14608","14608","64","243510","140429","128","109","381055","281","160"
"r3","people","C","control","5400","21600","32","32","0","32","32","78235","0","128","6446","233423","194","0","3577","17551896","674","3207","110","0","189","0","1339839","124215","8281","33616","1700","6497125","0","1700","23669","0","0","0","327306","148444","525","40116","288000","115200","665","4720958","1550","241192","0","1065400","96","0","32000","13742","1960","133433","0","4480","9655","225","914189","32","15702","15702","96","273689","162957","128","112","417086","293","160"
"r3","people","C","control","5700","21600","32","32","0","32","32","80488","0","128","6525","248837","201","0","3872","19169200","703","3503","116","0","196","0","1433004","137430","9162","36268","1812","7055150","0","1812","25826","0","0","0","351980","161630","545","39328","230400","288000","682","5200298","1626","261695","0","1175851","96","0","32000","14944","2401","160160","3","4480","9703","229","995660","32","17345","17345","96","299613","181207","128","113","454383","304","160"
"r3","people","C","control","6000","21600","32","32","0","32","32","82723","0","128","6442","263702","208","0","4166","20600314","714","3778","118","0","197","0","1514965","149325","9955","39768","1986","7599958","0","1986","27727","0","0","0","375549","174616","555","39140","96000","192000","707","5697389","1686","286624","0","1255902","96","0","32000","16133","2416","162469","5","4480","9636","225","1076011","32","18549","18549","96","322499","203901","128","113","484310","306","160"
"r3","people","C","control","6300","21600","32","32","0","32","32","84787","0","128","6505","274958","213","0","4466","22290528","737","4083","123","0","208","0","1598405","161985","10799","43660","2183","8155814","0","2183","29952","0","0","0","396075","190952","576","38762","230400","96000","725","6208137","1719","311861","0","1337841","96","0","32000","17603","2152","140716","0","4480","9825","228","1175945","32","19755","19755","96","355249","227074","128","115","530015","318","160"
"r3","people","C","control","6600","21600","32","32","0","32","32","86795","0","128","6612","287701","220","0","4763","24049292","754","4374","126","0","211","0","1680451","176250","11750","46272","2330","8736320","0","2330","32134","0","0","0","418219","203726","589","38466","288000","268800","711","6731812","1761","335824","0","1450101","96","0","32000","18811","2597","176045","5","4480","10013","236","1254495","32","21408","21408","96","377726","249029","128","115","560506","322","160"
"r3","people","C","control","6900","21600","32","32","0","32","32","88374","0","128","6324","301753","225","0","5041","25626000","768","4653","131","0","214","0","1765284","186555","12437","50662","2547","9302116","0","2547","34284","0","0","0","441055","220216","602","38108","96000","268800","675","7264851","1790","361471","0","1531794","96","0","32000","20311","2323","157782","0","4480","10022","234","1355110","32","22634","22634","96","413803","273097","128","115","598738","325","160"
"r3","people","C","control","7200","21600","32","32","0","32","32","90178","0","128","6504","316874","231","0","5334","27370266","792","4939","135","0","221","0","1847961","201060","13404","54099","2730","9893353","0","2730","36578","0","0","0","464197","234204","619","37764","153600","96000","683","7805552","1810","385600","0","1612155","96","0","32000","21587","2273","148673","0","4480","10207","238","1441492","32","23860","23860","128","439949","295422","128","117","637933","335","160"
"r3","people","C","control","7500","21600","32","32","0","32","32","92010","0","128","6619","333126","236","0","5608","29030917","805","5225","137","0","225","0","1928593","216570","14438","57777","2932","10497958","0","2932","38681","0","0","0","486624","248276","630","37672","288000","192000","731","8350980","1827","410521","0","1731740","96","0","32000","22883","2784","185950","0","4480","10243","243","1528015","32","25667","25667","128","465062","318511","128","118","670207","340","160"
"r3","people","C","control","7800","21600","32","32","0","32","32","93767","0","128","6543","347831","245","0","5886","30904624","829","5510","140","0","231","0","2012577","229710","15314","61087","3113","11126467","0","3113","41130","0","0","0","511349","266718","648","37356","153600","288000","691","8900929","1839","436068","0","1820709","96","0","32000","24544","2476","159518","0","4480","10330","243","1640271","32","27020","27020","128","503462","342301","128","118","721661","349","160"
"r3","people","C","control","8100","21600","32","32","0","32","32","95710","0","128","6790","365965","249","0","6156","32876450","839","5786","143","0","232","0","2098876","245370","16358","64559","3316","11751221","0","3316","43490","0","0","0","538926","279612","656","37262","96000","115200","714","9452629","1837","461491","0","1912673","96","0","32000","25779","2588","172992","0","4480","10718","251","1719372","32","28367","28367","128","524647","365781","128","118","753543","351","160"
"r3","people","C","control","8400","21600","32","32","0","32","32","97759","0","128","6618","385197","258","0","6418","34669444","863","6045","146","0","241","0","2190057","257835","17189","68813","3552","12393049","0","3552","45760","0","0","0","566232","297910","677","36910","288000","115200","685","10005298","1845","490160","0","2037420","96","0","32000","27456","2765","187180","1","4480","10789","252","1830946","32","30221","30221","128","564042","392401","128","119","796038","360","160"
"r3","people","C","control","8700","21600","32","32","0","32","32","99643","0","128","7054","402184","259","0","6670","36682878","871","6290","148","0","244","0","2280668","275340","18356","71335","3701","13061866","0","3701","48181","0","0","0","592022","314122","683","36504","230400","288000","714","10559940","1852","514083","0","2134396","96","0","32000","28927","2699","179601","2","4480","11195","263","1931632","32","31626","31626","128","596515","414440","128","120","844197","364","160"
"r3","people","C","control","9000","21600","32","32","0","32","32","101621","0","128","7201","421207","264","0","6932","38579013","891","6558","150","0","252","0","2374346","291060","19404","75194","3921","13722394","0","3921","50370","0","0","0","619637","328940","698","36460","96000","192000","724","11115623","1853","543703","0","2227533","96","0","32000","30310","2725","181018","0","4480","11408","271","2023449","32","33035","33035","160","623788","442082","128","120","879024","375","160"
"r3","people","C","control","9300","21600","32","32","0","32","32","103622","0","128","7384","439633","271","0","7175","40683008","909","6811","153","0","256","0","2468856","307350","20490","78708","4121","14440586","0","4121","52835","0","0","0","651952","349548","712","35998","230400","96000","793","11672200","1856","571091","0","2364340","96","0","32000","32188","2937","188792","0","4480","11819","279","2149039","32","35125","35125","160","665258","467469","128","120","939199","380","160"
"r3","people","C","control","9600","21600","32","32","0","32","32","105464","0","128","7754","462488","278","0","7428","42888423","923","7051","155","0","258","0","2562394","327720","21848","81820","4308","15162769","0","4308","55407","0","0","0","684434","364794","723","35810","288000","268800","706","12230232","1863","597333","0","2471348","96","0","32000","33613","3069","204527","5","4480","12050","286","2243157","32","36682","36682","160","688823","491869","128","120","980665","382","160"
"r3","people","C","control","9900","21600","32","32","0","32","32","107056","0","128","7586","478857","285","0","7679","44784457","943","7294","160","0","261","0","2651312","340995","22733","86164","4542","15871789","0","4542","57889","0","0","0","712256","384996","738","35506","96000","268800","699","12788514","1859","627296","0","2577229","96","0","32000","35480","2757","187533","0","4480","12102","286","2366108","32","38237","38237","160","732956","520240","128","120","1029444","387","160"
"r3","people","C","control","10200","21600","32","32","0","32","32","108993","0","128","7661","504807","291","0","7912","47046795","959","7538","164","0","263","0","2754415","359550","23970","89906","4768","16653214","0","4768","60490","0","0","0","751078","402702","750","35180","153600","96000","722","13347027","1861","652155","0","2720020","96","0","32000","37090","3294","219664","3","4480","12193","289","2475461","32","40384","40384","160","764082","543162","128","120","1084119","390","160"
"r3","people","C","control","10500","21600","32","32","0","32","32","110826","0","128","7800","527354","295","0","8162","49190865","970","7781","167","0","265","0","2848404","378630","25242","93640","4986","17415701","0","4986","63028","0","0","0","783125","419616","759","35112","288000","192000","733","13905759","1866","685259","0","2828247","96","0","32000","38658","3315","225864","0","4480","12109","288","2580195","32","41973","41973","160","795686","574433","128","120","1121438","394","160"
"r3","people","C","control","10800","21600","32","32","0","32","32","112558","0","128","7734","553789","301","0","8393","51598675","993","8023","171","0","271","0","2948552","395040","26336","98448","5233","18182301","0","5233","65803","0","0","0","817374","443510","775","34766","153600","288000","782","14464420","1861","714620","0","2935383","96","0","32000","40776","2792","182697","0","4480","12445","295","2726724","32","43568","43568","192","847797","602062","128","120","1190269","406","160"
"r3","people","C","control","11100","21600","32","32","0","32","32","114329","0","128","7800","576937","304","0","8642","54096282","1006","8263","174","0","274","0","3052090","413970","27598","102201","5462","19330018","0","5462","68622","0","0","0","878505","462864","784","34504","96000","115200","730","15022878","1859","745947","0","3247682","96","0","32000","42665","5495","372208","6","4480","12340","291","2846339","64","48160","48160","192","882339","631618","128","120","1247188","410","160"
"r3","people","C","control","11400","21600","32","32","0","32","32","116341","0","128","7565","601109","314","0","8877","56907968","1032","8494","179","0","278","0","3152177","427800","28520","110430","5978","20667667","0","5978","72842","0","0","0","936196","495490","803","33780","288000","115200","770","15580072","1856","797157","0","3472346","96","0","32000","45777","5751","390235","0","4480","12193","286","3047254","64","51528","51528","192","966688","680816","128","120","1318266","416","160"
"r3","people","C","control","11700","21600","32","32","0","32","32","118199","0","128","7586","626556","317","0","9135","60413142","1050","8731","183","0","282","0","3256486","446490","29766","117250","6385","22130073","0","6385","78402","0","0","0","1000354","531584","814","32640","230400","288000","707","16137389","1856","840885","0","3696954","96","0","32000","49099","5799","384504","1","4480","12084","289","3271751","64","54898","54898","192","1051059","722686","128","120","1420506","424","160"
"r3","people","C","control","12000","21600","32","32","0","32","32","119969","0","128","7372","647515","324","0","9373","63469645","1075","8977","185","0","289","0","3355649","461205","30747","126909","6955","23620679","0","6955","83644","0","0","0","1063245","565650","830","32360","96000","192000","781","16693830","1853","895267","0","3998033","96","0","32000","52346","7046","476173","1","4480","11866","280","3481830","64","59392","59392","192","1129850","775298","128","121","1496743","434","160"
"r3","people","C","control","12300","21600","32","31","1","31","31","116432","0","124","6733","649251","321","0","9381","64954738","1064","8995","181","0","286","0","3366189","460410","30694","132381","7275","24080746","0","7275","85787","0","0","0","1097318","593538","819","31522","223200","93000","766","16745427","1788","913199","0","4086902","93","0","31000","54824","5867","387679","0","4340","11274","265","3651144","62","60691","60691","186","1229865","796767","124","117","1556159","433","155"
"r3","people","C","control","12600","21600","32","31","1","31","31","117885","0","124","6859","676166","327","0","9629","68375926","1084","9233","187","0","290","0","3462677","479340","31956","140004","7718","25548800","0","7718","90875","0","0","0","1161506","625198","835","31134","279000","260400","751","17282362","1790","963188","0","4300208","93","0","31000","57869","5986","406990","6","4340","11434","271","3846428","62","63855","63855","217","1296454","845303","124","117","1633576","437","155"
"r3","people","C","control","12900","21600","32","31","1","31","31","119160","0","124","6400","705387","333","0","9869","71342172","1100","9468","187","0","298","0","3573165","489885","32659","152786","8352","27067783","0","8352","95726","0","0","0","1233199","667566","849","30256","93000","260400","785","17817718","1785","1013437","0","4603997","93","0","31000","61772","6615","447641","0","4340","11197","267","4104168","62","68387","68387","217","1413789","894277","124","117","1729130","446","155"
"r3","people","C","control","13200","21600","32","31","1","31","31","120398","0","124","6725","734679","341","0","10120","74940109","1117","9701","189","0","301","0","3678110","507795","33853","161789","8856","28700656","0","8856","100913","0","0","0","1308252","704072","862","29520","148800","93000","740","18353441","1788","1062847","0","4836147","93","0","31000","65067","6734","450395","1","4340","11409","270","4330020","62","71801","71801","217","1491222","942449","124","117","1831683","449","155"
"r3","people","C","control","13500","21600","32","31","1","31","31","121680","0","124","6675","765116","344","0","10359","78310749","1131","9940","192","0","305","0","3779846","525420","35028","172642","9469","30295855","0","9469","105942","0","0","0","1373324","740434","872","29166","279000","186000","795","18888712","1782","1118000","0","5061223","93","0","31000","68426","6725","458756","2","4340","11210","263","4554449","62","75151","75151","217","1581022","996320","124","118","1903445","454","155"
"r3","people","C","control","13800","21600","32","30","2","30","30","119618","0","120","6076","780663","337","0","10217","78908730","1115","9817","192","0","302","0","3742627","522015","34801","180044","9811","30912293","0","9811","107635","0","0","0","1396025","761720","861","28082","144000","270000","784","18776837","1706","1125144","0","5185980","90","0","30000","70285","6716","445574","0","4200","10811","256","4683150","60","77001","77001","210","1674143","1005526","120","115","1941119","446","150"
"r3","people","C","control","14100","21600","32","30","2","30","30","120820","0","120","6394","811879","342","0","10472","82268391","1126","10040","193","0","306","0","3841767","540210","36014","189896","10386","32528618","0","10386","112702","0","0","0","1462997","796196","871","27842","90000","108000","736","19289954","1717","1179252","0","5408104","90","0","30000","73555","6712","458616","5","4200","10958","261","4895235","60","80267","80267","210","1741139","1058432","120","115","2029097","451","150"
"r3","people","C","control","14400","21600","32","29","3","29","29","114623","0","116","5794","825518","331","0","10390","81759921","1098","9972","187","0","301","0","3810689","523215","34881","195988","10720","32308877","0","10720","112164","0","0","0","1486325","803476","848","27280","261000","104400","784","19195057","1641","1184873","0","5387085","87","0","29000","74140","5838","399922","0","4060","10574","249","4939002","58","79978","79978","232","1797231","1070250","116","111","2005059","446","145"
"r3","people","C","control","14700","21600","32","29","3","29","29","115585","0","116","5933","857565","339","0","10625","85146791","1117","10204","191","0","304","0","3913082","541620","36108","204986","11200","33941858","0","11200","117071","0","0","0","1561450","840930","863","26506","208800","261000","745","19688888","1643","1227712","0","5692046","87","0","29000","77550","6940","471335","3","4060","10614","253","5170016","58","84490","84490","232","1879293","1112127","116","111","2113706","450","145"
"r3","people","C","control","15000","21600","32","29","3","29","29","116610","0","116","5995","893334","343","0","10860","88279845","1129","10428","194","0","306","0","4012834","557535","37169","218170","11892","35548885","0","11892","121686","0","0","0","1641388","876228","872","26280","87000","174000","756","20179260","1636","1284300","0","5918570","87","0","29000","80789","7019","477533","0","4060","10439","247","5389404","58","87808","87808","232","1969445","1167690","116","111","2187292","452","145"
"r3","people","C","control","15300","21600","32","29","3","29","29","117370","0","116","5889","928155","349","0","11087","91568821","1146","10650","197","0","310","0","4108542","571170","38078","231060","12567","37196833","0","12567","126651","0","0","0","1722254","922458","885","25440","208800","87000","715","20668116","1621","1330672","0","6145933","87","0","29000","84944","6210","413834","2","4060","10497","250","5672014","58","91154","91154","232","2088897","1213302","116","111","2312530","458","145"
"r3","people","C","control","15600","21600","32","29","3","29","29","118186","0","116","6096","963836","352","0","11324","95160906","1159","10897","198","0","315","0","4216576","590910","39394","241703","13158","38933103","0","13158","131406","0","0","0","1810667","956158","894","24918","261000","243600","764","21155235","1622","1379756","0","6451656","87","0","29000","88138","7532","516483","8","4060","10824","256","5879668","58","95670","95670","232","2157941","1261570","116","111","2397476","464","145"
"r3","people","C","control","15900","21600","32","28","4","28","28","115844","0","112","5817","987962","342","0","11111","96299748","1146","10678","197","0","313","0","4223763","592950","39530","252653","13685","39682002","0","13685","132989","0","0","0","1861451","978574","880","24158","84000","235200","706","20995610","1570","1395578","0","6526043","84","0","28000","90134","6702","454200","0","3920","10605","254","6016177","56","96836","96836","224","2237605","1279734","112","108","2438660","465","140"
"r3","people","C","control","16200","21600","32","28","4","28","28","116540","0","112","5961","1018957","343","0","11332","99837972","1156","10892","199","0","318","0","4311154","609810","40654","264371","14291","41382825","0","14291","138463","0","0","0","1931262","1015084","888","23474","134400","84000","713","21465450","1558","1439422","0","6748006","84","0","28000","93422","6686","446343","2","3920","10789","256","6242242","56","100108","100108","252","2318849","1322882","112","108","2543392","471","140"
"r3","people","C","control","16500","21600","32","28","4","28","28","117336","0","112","6052","1057283","348","0","11548","103131455","1173","11115","201","0","321","0","4420822","626820","41788","276807","14969","43135997","0","14969","143487","0","0","0","2007204","1051710","898","23282","252000","168000","781","21934350","1563","1495471","0","7066181","84","0","28000","96804","7956","542906","0","3920","10706","254","6468622","56","104760","104760","252","2408140","1378135","112","108","2619664","476","140"
"r3","people","C","control","16800","21600","32","28","4","28","28","118008","0","112","5931","1096383","351","0","11779","106646133","1191","11322","203","0","330","0","4519362","641790","42786","291389","15672","44941689","0","15672","148886","0","0","0","2087337","1101034","912","22814","134400","252000","710","22401207","1547","1543482","0","7305736","84","0","28000","101221","7053","471998","0","3920","10716","253","6769560","56","108274","108274","252","2533884","1425474","112","108","2756372","489","140"
"r3","people","C","control","17100","21600","32","28","4","28","28","118603","0","112","6106","1130700","354","0","12007","110168712","1199","11539","206","0","331","0","4617330","660240","44016","304578","16404","46763857","0","16404","153827","0","0","0","2164927","1135262","919","22656","84000","100800","764","22864115","1540","1595542","0","7539130","84","0","28000","104491","7251","498216","2","3920","10849","260","6979444","56","111742","111742","252","2599494","1476939","112","108","2845878","490","140"
"r3","people","C","control","17400","21600","32","28","4","28","28","119161","0","112","5781","1172435","356","0","12237","113460397","1214","11752","208","0","339","0","4720459","672600","44840","320542","17234","48606694","0","17234","158865","0","0","0","2245754","1182336","931","21958","252000","100800","735","23327896","1540","1649302","0","7862540","84","0","28000","108695","7741","532292","0","3920","10946","258","7268674","56","116436","116436","252","2737503","1530141","112","109","2943443","501","140"
"r3","people","C","control","17700","21600","32","28","4","28","28","119626","0","112","6154","1210487","360","0","12470","117296611","1225","11966","208","0","344","0","4820214","692835","46189","333962","17919","50506307","0","17919","164063","0","0","0","2329248","1223392","940","21688","201600","252000","790","23791176","1543","1695888","0","8103177","84","0","28000","112396","7588","516555","5","3920","11343","273","7522987","56","119984","119984","252","2826305","1576262","112","109","3064429","508","140"
"r3","people","C","control","18000","21600","32","28","4","28","28","120073","0","112","6257","1254378","366","0","12710","120536774","1241","12193","209","0","348","0","4921454","710100","47340","350366","18772","52365988","0","18772","168626","0","0","0","2414904","1260832","951","21440","84000","168000","782","24251505","1531","1751638","0","8345055","84","0","28000","115828","7680","525845","1","3920","11314","268","7755425","56","123508","123508","280","2923296","1631565","112","109","3144276","515","140"
"r3","people","C","control","18300","21600","32","28","4","28","28","120500","0","112","6120","1292371","372","0","12939","124179699","1254","12415","209","0","352","0","5018489","725595","48373","365692","19546","54357290","0","19546","174025","0","0","0","2502337","1314254","961","21074","201600","84000","781","24710461","1519","1797987","0","8689401","84","0","28000","120555","7987","537370","3","3920","11424","271","8082618","56","128542","128542","280","3057228","1677487","112","109","3296816","520","140"
"r3","people","C","control","18600","21600","32","28","4","28","28","121008","0","112","6462","1332417","376","0","13170","127890321","1266","12648","211","0","355","0","5125329","747675","49845","378304","20224","56365908","0","20224","179163","0","0","0","2596310","1352524","970","20838","252000","235200","830","25169323","1541","1852366","0","8941856","84","0","28000","124114","8198","563198","7","3920","11695","279","8317868","56","132312","132312","280","3128114","1731358","112","109","3398178","525","140"
"r3","people","C","control","18900","21600","32","28","4","28","28","121324","0","112","6207","1380779","381","0","13395","131274373","1281","12852","212","0","359","0","5229466","761865","50791","395956","21093","58318728","0","21093","184323","0","0","0","2689739","1401216","980","20478","84000","235200","764","25627734","1517","1906485","0","9196189","84","0","28000","128520","7546","513859","0","3920","11609","277","8615824","56","136066","136066","280","3261493","1785161","112","110","3514352","530","140"
"r3","people","C","control","19200","21600","32","28","4","28","28","121721","0","112","6379","1423069","383","0","13620","135132174","1293","13078","214","0","364","0","5331745","781275","52085","410408","21837","60403559","0","21837","190026","0","0","0","2787275","1444496","989","19860","134400","84000","783","26086894","1526","1954295","0","9545629","84","0","28000","132445","8733","592717","2","3920","11790","279","8883645","56","141178","141178","280","3355650","1832574","112","110","3642967","537","140"
"r3","people","C","control","19500","21600","32","28","4","28","28","122207","0","112","6482","1465340","384","0","13859","138525175","1310","13289","216","0","372","0","5429847","801000","53400","427119","22714","62451432","0","22714","195323","0","0","0","2876001","1485986","1000","19740","252000","168000","768","26542438","1520","2014072","0","9802183","84","0","28000","136229","8733","599078","0","3920","11627","274","9141819","56","144962","144962","280","3455183","1891865","112","110","3733850","549","140"
"r3","people","C","control","19800","21600","32","27","5","27","27","119043","0","108","6221","1461059","369","0","13624","137992394","1276","13059","212","0","366","0","5315420","797100","53140","432753","22985","62839402","0","22985","194777","0","0","0","2891276","1495312","974","19272","129600","243000","762","26006188","1454","1987478","0","9763181","81","0","27000","136937","7354","491676","1","3780","11497","276","9198125","54","144291","144291","297","3502053","1868435","108","107","3781974","538","135"
"r3","people","C","control","20100","21600","32","27","5","27","27","119476","0","108","6392","1503026","375","0","13839","141530518","1293","13287","216","0","369","0","5425412","817635","54509","448156","23808","64956300","0","23808","199844","0","0","0","2981503","1532296","987","19148","81000","97200","802","26443365","1449","2038381","0","10113719","81","0","27000","140473","9008","612805","9","3780","11675","277","9426171","54","149481","149481","297","3578001","1918905","108","107","3884532","542","135"
"r3","people","C","control","20400","21600","32","27","5","27","27","119840","0","108","6199","1542508","376","0","14069","144879329","1301","13494","217","0","375","0","5523517","831810","55454","468266","24857","67060266","0","24857","205103","0","0","0","3079416","1581222","995","18732","243000","97200","755","26878327","1450","2095893","0","10375488","81","0","27000","144852","8477","574769","0","3780","11598","278","9727066","54","153329","153329","297","3712670","1976053","108","107","3992156","548","135"
"r3","people","C","control","20700","21600","32","26","6","26","26","116600","0","104","6103","1472524","354","0","13732","140814867","1254","13145","214","0","365","0","5324082","803115","53541","462116","24411","65633385","0","24411","202147","0","0","0","2980220","1553088","959","18100","187200","234000","738","26239600","1382","2049941","0","10163132","78","0","26000","142205","7882","535215","1","3640","11193","268","9556951","52","150087","150087","286","3680493","1933341","104","104","3897483","534","130"
"r3","people","C","control","21000","21600","32","26","6","26","26","116930","0","104","6064","1511858","360","0","13953","144080288","1270","13353","215","0","368","0","5421082","820560","54704","479156","25307","67689333","0","25307","207275","0","0","0","3069870","1593392","969","18022","78000","156000","759","26656647","1390","2106115","0","10498278","78","0","26000","145915","9152","622185","0","3640","10843","258","9807285","52","155067","155067","286","3785095","1989185","104","104","3984883","540","130"
"r3","people","C","control","21300","21600","32","25","7","25","25","113866","0","100","5649","1374004","346","0","13585","139618822","1235","13002","207","0","359","0","5137741","788280","52552","476968","25100","65937549","0","25100","205493","0","0","0","2896403","1572284","937","17556","180000","75000","716","25965815","1319","2056518","0","10261894","75","0","25000","143848","7712","512395","1","3500","10359","245","9675517","50","151560","151560","275","3798099","1942652","100","100","3894882","529","125"
"r3","people","C","control","21600","21600","32","25","7","25","25","114157","0","100","5755","1413563","347","0","13797","143010946","1241","13201","208","0","363","0","5223350","807690","53846","493091","25895","67920648","0","25895","210721","0","0","0","2974600","1609148","943","17464","225000","210000","742","26360125","1314","2106811","0","10497195","75","0","25000","147350","7718","527303","0","3500","10323","245","9901539","50","155068","155068","300","3874971","1992654","100","100","3988110","533","125"
"r3","people","C","interception-off","0","21600","32","32","0","32","32","0","0","128","2880","0","0","0","0","0","0","0","0","0","0","0","0","0","0","0","0","0","0","0","0","0","0","0","0","0","32","57600","192000","192000","192","0","192","0","0","0","96","0","32000","0","0","0","0","4480","2880","64","0","32","0","0","0","0","0","128","32","0","32","160"
"r3","people","C","interception-off","300","21600","32","32","0","32","32","1236","0","128","2866","0","1","0","0","202295","5","0","0","0","2","0","51808","0","0","0","171","97756","0","0","86","0","0","0","1740","556","35","56680","230400","96000","224","61440","224","1236","0","43442","96","0","32000","61","579","38608","20","4480","3094","64","3473","32","640","640","0","1899","0","128","33","1699","36","160"
"r3","people","C","interception-off","600","21600","32","32","0","32","32","5692","0","128","2811","2223","24","0","29","599398","83","0","15","0","22","0","113287","915","61","0","455","296717","0","0","535","0","8","0","15569","2464","93","53974","288000","268800","272","139133","301","5875","0","76336","96","0","32000","264","856","57067","25","4480","3319","64","15477","32","1120","1120","0","7268","183","128","46","6126","66","160"
"r3","people","C","interception-off","900","21600","32","32","0","32","32","9994","0","128","2579","6246","29","0","117","1127611","130","23","24","0","43","0","174880","1380","92","0","1141","531516","0","0","1374","0","15","0","24287","5790","128","51558","96000","268800","313","242560","382","11619","0","108039","96","0","32000","601","996","64859","18","4480","3328","64","36175","32","1597","1597","0","15736","1625","128","58","15825","95","160"
"r3","people","C","interception-off","1200","21600","32","32","0","32","32","14132","0","128","2439","14169","41","0","254","1850233","185","104","30","0","65","0","237025","2940","196","0","1953","788896","0","0","2667","0","17","0","37564","10354","168","50422","153600","96000","409","378910","500","19083","0","149760","96","0","32000","1056","1175","74152","8","4480","3438","73","64362","32","2231","2231","0","24452","4951","128","68","32073","125","160"
"r3","people","C","interception-off","1500","21600","32","32","0","32","32","19386","0","128","2628","32519","56","0","390","2680054","246","234","34","0","87","0","308818","6765","451","0","3391","1058722","0","0","3755","0","17","0","52743","15562","209","49208","288000","192000","450","541828","582","28664","0","182581","96","0","32000","1570","1160","74500","15","4480","3996","85","95709","32","2730","2730","0","34187","9278","128","78","45230","157","160"
"r3","people","C","interception-off","1800","21600","32","32","0","32","32","22961","0","128","2807","48109","68","0","555","3454329","292","382","42","0","103","0","380225","10920","728","0","4508","1340847","0","0","4829","0","17","0","68759","22104","245","47830","153600","288000","437","723591","632","37816","0","218039","96","0","32000","2188","1070","68120","7","4480","4379","93","135777","32","3258","3258","32","47043","14855","128","84","65060","176","160"
"r3","people","C","interception-off","2100","21600","32","32","0","32","32","29108","0","128","3235","61429","78","0","740","4258220","329","537","45","0","116","0","450786","16635","1109","0","5477","1650554","0","0","5959","0","19","0","85353","28270","271","46898","96000","115200","450","927900","710","50117","0","278760","96","0","32000","2745","1405","93054","10","4480","4963","105","174019","32","4150","4150","32","55207","21009","128","88","80382","193","160"
"r3","people","C","interception-off","2400","21600","32","32","0","32","32","35117","0","128","3829","73755","92","0","945","5094310","374","706","53","0","126","0","517000","23475","1565","0","6965","1983237","0","0","7132","0","19","0","103783","36088","303","46136","288000","115200","501","1155169","805","63156","0","326945","96","0","32000","3478","1384","94342","2","4480","5694","126","221411","32","4862","4862","32","67598","28039","128","94","101849","206","160"
"r3","people","C","interception-off","2700","21600","32","32","0","32","32","38666","0","128","4411","87988","103","0","1158","6146244","409","920","57","0","138","0","590454","31230","2082","0","7813","2347920","0","0","8559","0","19","0","123535","44186","330","44834","230400","288000","541","1404791","858","74693","0","379380","96","0","32000","4212","1412","95323","5","4480","6597","150","271647","32","5624","5624","32","80637","36027","128","101","128727","221","160"
"r3","people","C","interception-off","3000","21600","32","32","0","32","32","44279","0","128","4652","105340","113","0","1384","7123793","445","1131","63","0","148","0","666511","38070","2538","0","8832","2736823","0","0","9857","0","19","0","144479","52250","356","44460","96000","192000","547","1676273","937","88363","0","454330","96","0","32000","4970","1761","121098","0","4480","7076","159","321446","32","6731","6731","32","93106","44084","128","102","151763","237","160"
"r3","people","C","interception-off","3300","21600","32","32","0","32","32","49748","0","128","5252","124757","122","0","1611","8288527","479","1361","67","0","163","0","741880","47790","3186","0","10326","3150191","0","0","11495","0","19","0","163751","63076","384","43576","230400","96000","586","1968557","1015","104224","0","514101","96","0","32000","5939","1651","110441","1","4480","7845","180","388366","32","7590","7590","32","111250","54476","128","103","188186","255","160"
"r3","people","C","interception-off","3600","21600","32","32","0","32","32","55906","0","128","5901","143107","131","0","1856","9482529","508","1582","70","0","171","0","821091","59520","3968","0","11249","3575340","0","0","13068","0","19","0","187895","71990","404","42996","288000","268800","537","2282304","1070","120319","0","575949","96","0","32000","6767","1724","118701","4","4480","8542","197","443349","32","8491","8491","64","124836","64413","128","104","212093","264","160"
"r3","people","C","interception-off","3900","21600","32","32","0","32","32","59397","0","128","6100","158351","148","0","2113","10629818","542","1815","76","0","173","0","903390","68745","4583","0","12777","4042245","0","0","14634","0","19","0","209250","84066","429","42286","96000","268800","588","2621934","1168","137972","0","675378","96","0","32000","7889","2026","143409","0","4480","8965","209","516991","32","9915","9915","64","146068","78575","128","104","247929","267","160"
"r3","people","C","interception-off","4200","21600","32","32","0","32","32","65399","0","128","6522","180113","154","0","2379","11928376","573","2065","85","0","181","0","980949","80535","5369","0","14273","4557941","0","0","16359","0","19","0","232775","95842","452","41630","153600","96000","628","2985765","1256","157379","0","748719","96","0","32000","8949","2050","140201","6","4480","9347","219","590293","32","10999","10999","64","164348","91980","128","107","286791","279","160"
"r3","people","C","interception-off","4500","21600","32","32","0","32","32","71112","0","128","6869","202663","164","0","2650","13283124","598","2337","91","0","184","0","1066004","92625","6175","0","15866","5066036","0","0","18112","0","19","0","258532","107760","471","41308","288000","192000","634","3371682","1311","178794","0","822976","96","0","32000","10019","2079","144308","2","4480","9738","229","664352","32","12098","12098","64","184744","107682","128","107","315130","282","160"
"r3","people","C","interception-off","4800","21600","32","32","0","32","32","74123","0","128","6832","216798","171","0","2944","14694506","620","2628","100","0","185","0","1146168","103005","6867","0","17294","5612300","0","0","20218","0","19","0","283695","123082","488","40508","153600","288000","625","3780646","1396","199752","0","928341","96","0","32000","11364","2265","150498","1","4480","9809","229","758794","32","13629","13629","64","218047","125629","128","107","360044","283","160"
"r3","people","C","interception-off","5100","21600","32","32","0","32","32","77685","0","128","6707","226403","179","0","3246","16011652","643","2884","107","0","190","0","1217145","113670","7578","0","18932","6156056","0","0","22272","0","19","0","305574","134870","508","40072","96000","115200","619","4213578","1489","222291","0","1003004","96","0","32000","12479","2266","152392","3","4480","9744","230","831385","32","14745","14745","64","238659","144606","128","108","389662","289","160"
"r3","people","C","interception-off","5400","21600","32","32","0","32","32","80568","0","128","6612","234505","188","0","3548","17328693","664","3171","110","0","196","0","1285106","123945","8263","0","21453","6673456","0","0","24292","0","19","0","322252","150442","526","39642","288000","115200","639","4670637","1549","249335","0","1078001","96","0","32000","13883","1971","131906","0","4480","9793","229","927142","32","15854","15854","96","270022","168767","128","111","426738","296","160"
"r3","people","C","interception-off","5700","21600","32","32","0","32","32","82771","0","128","6645","243922","193","0","3853","18905353","689","3480","117","0","204","0","1363090","136995","9133","0","22805","7232092","0","0","26542","0","19","0","342922","164238","546","38640","230400","288000","638","5148579","1620","271584","0","1190468","96","0","32000","15121","2392","156300","2","4480","9857","231","1012714","32","17513","17513","96","297864","188813","128","114","464720","304","160"
"r3","people","C","interception-off","6000","21600","32","32","0","32","32","84756","0","128","6587","252663","200","0","4156","20246292","699","3761","119","0","205","0","1427256","148635","9909","0","24708","7780269","0","0","28486","0","19","0","360074","177484","556","38492","96000","192000","698","5645116","1690","296808","0","1270646","96","0","32000","16341","2388","158393","4","4480","9877","232","1094743","32","18729","18729","96","321303","212052","128","114","494142","305","160"
"r3","people","C","interception-off","6300","21600","32","32","0","32","32","86958","0","128","6688","260661","208","0","4460","21906179","728","4078","126","0","213","0","1502167","161700","10780","0","26534","8330537","0","0","30795","0","20","0","380244","194250","579","38220","230400","96000","698","6156944","1720","321074","0","1352474","96","0","32000","17838","2114","136103","0","4480","10067","234","1197374","32","19952","19952","96","353541","234116","128","115","541756","314","160"
"r3","people","C","interception-off","6600","21600","32","32","0","32","32","89259","0","128","6864","268982","214","0","4761","23640620","743","4374","129","0","215","0","1579787","176715","11781","0","27890","8904505","0","0","33157","0","20","0","400136","206766","590","37954","288000","268800","676","6681204","1764","343918","0","1466826","96","0","32000","19034","2601","173185","6","4480","10305","242","1274076","32","21635","21635","96","376380","254659","128","115","573343","316","160"
"r3","people","C","interception-off","6900","21600","32","32","0","32","32","91293","0","128","6568","278864","221","0","5054","25135413","763","4655","132","0","222","0","1662433","187035","12469","0","29987","9474304","0","0","35305","0","20","0","421717","223404","607","37634","96000","268800","654","7216301","1802","370470","0","1552017","96","0","32000","20566","2314","157580","0","4480","10245","239","1375462","32","22880","22880","96","411676","279177","128","116","612291","325","160"
"r3","people","C","interception-off","7200","21600","32","32","0","32","32","93454","0","128","6759","289387","226","0","5340","26800928","781","4947","139","0","225","0","1738778","201675","13445","0","31814","10076939","0","0","37644","0","20","0","441599","237172","622","37344","153600","96000","661","7760151","1820","392699","0","1636453","96","0","32000","21815","2312","153355","2","4480","10385","245","1460427","32","24127","24127","128","438083","299245","128","116","652316","328","160"
"r3","people","C","interception-off","7500","21600","32","32","0","32","32","95707","0","128","6772","303656","231","0","5617","28499767","797","5244","145","0","226","0","1828670","216285","14419","0","33470","10694157","0","0","39780","0","20","0","466523","251810","634","37280","288000","192000","744","8309116","1835","419273","0","1759928","96","0","32000","23155","2808","190066","0","4480","10464","245","1551191","32","25963","25963","128","466892","323566","128","116","683697","329","160"
"r3","people","C","interception-off","7800","21600","32","32","0","32","32","97805","0","128","6741","316839","240","0","5889","30292062","821","5517","147","0","233","0","1912419","229620","15308","0","34875","11328178","0","0","42332","0","20","0","492646","271098","652","36968","153600","288000","694","8861283","1846","444637","0","1850637","96","0","32000","24865","2461","159276","0","4480","10469","246","1669311","32","27326","27326","128","507390","346832","128","116","739334","338","160"
"r3","people","C","interception-off","8100","21600","32","32","0","32","32","99938","0","128","6771","332802","241","0","6158","32179318","827","5795","148","0","235","0","2003344","244455","16297","0","36821","11953427","0","0","44738","0","20","0","517507","284042","656","36850","96000","115200","703","9415849","1850","469307","0","1942297","96","0","32000","26095","2578","171731","1","4480","10620","249","1748704","32","28673","28673","128","530607","369369","128","116","770652","341","160"
"r3","people","C","interception-off","8400","21600","32","32","0","32","32","102080","0","128","6553","351247","253","0","6417","34033987","859","6047","153","0","241","0","2098848","256950","17130","0","38308","12598221","0","0","47150","0","20","0","545974","302520","679","36504","288000","115200","667","9971885","1855","499949","0","2066570","96","0","32000","27774","2746","184041","1","4480","10640","249","1861661","32","30520","30520","128","569852","397869","128","116","812728","350","160"
"r3","people","C","interception-off","8700","21600","32","32","0","32","32","104176","0","128","6897","365690","256","0","6656","36007835","868","6297","155","0","243","0","2190634","273930","18262","0","39949","13261919","0","0","49710","0","20","0","573826","318490","686","36136","230400","288000","725","10528953","1860","524599","0","2160512","96","0","32000","29223","2686","175667","3","4480","10885","259","1960481","32","31909","31909","128","601275","420423","128","116","858971","353","160"
"r3","people","C","interception-off","9000","21600","32","32","0","32","32","106372","0","128","6896","381580","259","0","6913","37789165","884","6559","161","0","247","0","2286905","288540","19236","0","41543","13909983","0","0","51943","0","20","0","599333","333458","699","35946","96000","192000","720","11086953","1860","552577","0","2256058","96","0","32000","30605","2680","179152","0","4480","10908","260","2052989","32","33285","33285","160","630487","446205","128","117","893842","358","160"
"r3","people","C","interception-off","9300","21600","32","32","0","32","32","108702","0","128","6881","395307","264","0","7148","39741348","903","6805","163","0","254","0","2379978","303615","20241","0","43480","14618790","0","0","54421","0","20","0","629540","353830","713","35626","230400","96000","745","11644953","1860","580508","0","2390395","96","0","32000","32434","2869","187595","0","4480","11073","260","2177221","32","35303","35303","160","672934","471806","128","118","949358","367","160"
"r3","people","C","interception-off","9600","21600","32","32","0","32","32","110923","0","128","7348","411258","270","0","7401","41694128","915","7036","164","0","259","0","2472046","322050","21470","0","45140","15329138","0","0","56851","0","20","0","657745","369048","725","35436","288000","268800","695","12203489","1867","608201","0","2493428","96","0","32000","33848","2958","200897","4","4480","11333","270","2271227","32","36806","36806","160","696228","497278","128","119","988102","372","160"
"r3","people","C","interception-off","9900","21600","32","32","0","32","32","113057","0","128","7108","424984","277","0","7637","43418152","929","7275","165","0","263","0","2564254","334440","22296","0","47335","16022495","0","0","59279","0","20","0","684146","389060","737","35020","96000","268800","722","12764165","1870","638626","0","2596124","96","0","32000","35680","2628","177994","0","4480","11388","271","2393463","32","38308","38308","160","743904","525569","128","119","1035600","376","160"
"r3","people","C","interception-off","10200","21600","32","32","0","32","32","115396","0","128","7340","445074","282","0","7870","45558145","941","7516","166","0","266","0","2670134","352965","23531","0","49384","16771721","0","0","61648","0","20","0","718715","406548","746","34804","153600","96000","731","13325314","1872","664902","0","2738515","96","0","32000","37257","3140","210773","0","4480","11665","277","2502184","32","40397","40397","160","774869","549506","128","119","1087971","380","160"
"r3","people","C","interception-off","10500","21600","32","32","0","32","32","117684","0","128","7506","465766","288","0","8103","47440062","958","7733","173","0","269","0","2763200","370665","24711","0","51118","17514517","0","0","63850","0","20","0","749741","423858","762","34764","288000","192000","697","13887636","1877","697608","0","2844189","96","0","32000","38819","3129","213524","0","4480","11644","276","2610002","32","41948","41948","160","808313","579924","128","119","1124744","383","160"
"r3","people","C","interception-off","10800","21600","32","32","0","32","32","119922","0","128","7449","486892","291","0","8332","49708205","974","7980","175","0","274","0","2867388","386880","25792","0","53366","18256764","0","0","66255","0","20","0","782346","446846","772","34460","153600","288000","745","14451003","1880","726714","0","2951039","96","0","32000","40874","2632","174186","1","4480","12003","287","2751172","32","43506","43506","192","859782","606792","128","120","1190357","391","160"
"r3","people","C","interception-off","11100","21600","32","32","0","32","32","122289","0","128","7429","507732","299","0","8567","52125662","991","8210","178","0","277","0","2975724","405285","27019","0","55319","19368899","0","0","68988","0","20","0","840292","465654","786","34122","96000","115200","714","15015003","1880","757713","0","3254442","96","0","32000","42684","5308","358174","7","4480","11709","279","2867891","64","47992","47992","192","895075","635424","128","120","1243480","395","160"
"r3","people","C","interception-off","11400","21600","32","32","0","32","32","124679","0","128","7185","528183","304","0","8784","54777393","1012","8423","181","0","283","0","3071723","418485","27899","0","59157","20661956","0","0","73123","0","20","0","893139","499118","800","33488","288000","115200","715","15579003","1880","808995","0","3473933","96","0","32000","45864","5392","368450","0","4480","11487","268","3074116","64","51256","51256","192","984314","684316","128","120","1312174","405","160"
"r3","people","C","interception-off","11700","21600","32","32","0","32","32","127115","0","128","7310","548330","309","0","9007","58182816","1032","8652","185","0","287","0","3178251","435630","29042","0","63341","22059417","0","0","78562","0","20","0","951831","533136","813","32266","230400","288000","712","16143003","1880","849944","0","3690187","96","0","32000","49013","5507","365423","5","4480","11613","272","3285332","64","54520","54520","192","1067741","722829","128","120","1407079","412","160"
"r3","people","C","interception-off","12000","21600","32","32","0","32","32","129526","0","128","7150","572309","316","0","9231","61263022","1054","8879","188","0","292","0","3281121","450345","30023","0","67413","23503999","0","0","83535","0","20","0","1018630","565536","828","31914","96000","192000","726","16707003","1880","904160","0","3985522","96","0","32000","52085","6835","462759","1","4480","11485","268","3484637","64","58920","58920","192","1141229","774634","128","120","1477374","420","160"
"r3","people","C","interception-off","12300","21600","32","32","0","32","32","132016","0","128","6840","592933","321","0","9437","64504122","1078","9083","192","0","299","0","3378661","463650","30910","0","72942","25001281","0","0","89181","0","20","0","1076060","611532","844","30894","230400","96000","708","17271003","1880","957174","0","4206651","96","0","32000","56229","5963","393484","3","4480","11270","269","3766160","64","62192","62192","192","1261072","825158","128","120","1594921","431","160"
"r3","people","C","interception-off","12600","21600","32","32","0","32","32","134447","0","128","7015","617092","323","0","9653","68041693","1088","9318","196","0","303","0","3486917","481395","32093","0","77920","26511691","0","0","94422","0","20","0","1139050","643250","854","30382","288000","268800","762","17835003","1880","1007053","0","4426042","96","0","32000","59332","6092","419751","2","4480","11716","277","3959896","64","65424","65424","224","1333006","872606","128","120","1666232","435","160"
"r3","people","C","interception-off","12900","21600","32","32","0","32","32","136862","0","128","6497","641824","334","0","9865","70985863","1115","9514","198","0","310","0","3591850","493140","32876","0","83291","28085865","0","0","99512","0","20","0","1202149","686994","874","29420","96000","268800","712","18399003","1880","1062249","0","4740555","96","0","32000","63324","6748","463498","1","4480","11175","263","4227512","64","70072","70072","224","1456888","925387","128","121","1757920","446","160"
"r3","people","C","interception-off","13200","21600","32","32","0","32","32","139341","0","128","6849","670417","341","0","10069","74641251","1129","9717","198","0","314","0","3700354","511410","34094","0","88517","29741445","0","0","105093","0","20","0","1274379","726120","885","28698","153600","96000","707","18963092","1882","1110684","0","4974562","96","0","32000","66817","6739","449936","1","4480","11533","273","4470564","64","73556","73556","224","1544190","971343","128","122","1869752","451","160"
"r3","people","C","interception-off","13500","21600","32","32","0","32","32","141767","0","128","6905","700098","346","0","10270","78002962","1148","9928","200","0","320","0","3801711","529110","35274","0","93621","31360204","0","0","110267","0","20","0","1339803","764368","898","28410","288000","192000","738","19527692","1882","1171219","0","5205209","96","0","32000","70376","6610","449978","1","4480","11523","271","4706243","64","76986","76986","224","1639315","1029452","128","122","1944697","461","160"
"r3","people","C","interception-off","13800","21600","32","32","0","32","32","144219","0","128","6721","733010","352","0","10476","81576206","1174","10129","206","0","325","0","3920249","542655","36177","0","98776","33051136","0","0","115977","0","20","0","1413701","813176","915","27410","153600","288000","714","20092292","1882","1221512","0","5521242","96","0","32000","74767","6923","455958","1","4480","11770","279","5004210","64","81690","81690","224","1770480","1077293","128","122","2073292","469","160"
"r3","people","C","interception-off","14100","21600","32","32","0","32","32","146670","0","128","6979","758522","357","0","10664","85231107","1190","10340","207","0","330","0","4023532","561315","37421","0","104658","34755688","0","0","121366","0","20","0","1479837","848186","926","27168","96000","115200","767","20656892","1882","1276339","0","5756861","96","0","32000","78102","7072","481157","11","4480","11922","284","5219245","64","85174","85174","224","1840069","1129669","128","122","2159296","476","160"
"r3","people","C","interception-off","14400","21600","32","31","1","31","31","139562","0","124","6219","766919","344","0","10625","84430224","1162","10304","206","0","324","0","3972359","543930","36262","0","106133","34798626","0","0","121577","0","20","0","1496301","858816","905","26600","279000","111600","735","20596832","1822","1283635","0","5752461","93","0","31000","79028","6117","416472","0","4340","11201","265","5282352","62","85145","85145","248","1912709","1144073","124","119","2139645","468","155"
"r3","people","C","interception-off","14700","21600","32","31","1","31","31","141879","0","124","6657","797023","349","0","10814","88052988","1183","10491","209","0","331","0","4075261","563565","37571","0","110556","36541801","0","0","126990","0","20","0","1567069","897274","920","25788","223200","279000","745","21143849","1826","1330614","0","6084921","93","0","31000","82537","7436","504836","6","4340","11653","277","5519792","62","89973","89973","248","2001800","1188735","124","119","2247671","477","155"
"r3","people","C","interception-off","15000","21600","32","31","1","31","31","144232","0","124","6670","835754","349","0","11002","91307318","1194","10671","212","0","335","0","4186868","580215","38681","0","115876","38300646","0","0","131938","0","20","0","1651008","935178","927","25488","93000","186000","689","21691649","1826","1391709","0","6325687","93","0","31000","86014","7547","517094","4","4340","11409","269","5755364","62","93561","93561","248","2096955","1247477","124","120","2319929","482","155"
"r3","people","C","interception-off","15300","21600","32","31","1","31","31","146612","0","124","6464","867083","352","0","11185","94825014","1215","10862","217","0","342","0","4290326","594585","39639","0","121261","40087534","0","0","137687","0","20","0","1727062","985672","942","24636","223200","93000","736","22239449","1826","1441944","0","6561660","93","0","31000","90509","6618","432725","3","4340","11312","269","6064324","62","97127","97127","248","2228889","1295332","124","120","2458102","493","155"
"r3","people","C","interception-off","15600","21600","32","30","2","30","30","144506","0","120","6632","845118","346","0","10973","95566626","1189","10657","216","0","331","0","4199804","599595","39973","0","123531","40506525","0","0","139342","0","20","0","1731918","991824","923","24326","270000","252000","702","22036737","1771","1449029","0","6675525","90","0","30000","91163","7627","515723","12","4200","11496","274","6101053","60","98790","98790","240","2243984","1304523","120","117","2466789","476","150"
"r3","people","C","interception-off","15900","21600","32","30","2","30","30","146789","0","120","6271","880921","352","0","11143","98829383","1208","10819","218","0","337","0","4305846","612135","40809","0","128933","42230925","0","0","144461","0","20","0","1804176","1038406","937","23806","90000","252000","684","22568037","1771","1504837","0","6915608","90","0","30000","95399","6927","469546","0","4200","11333","270","6385848","60","102326","102326","240","2381132","1358048","120","117","2560093","482","150"
"r3","people","C","interception-off","16200","21600","32","30","2","30","30","149099","0","120","6486","915844","355","0","11301","102520219","1220","10986","220","0","341","0","4412473","630600","42040","0","134930","44022649","0","0","149952","0","20","0","1877392","1079000","946","23020","144000","90000","698","23099337","1771","1551121","0","7156135","90","0","30000","99075","6757","456179","3","4200","11497","272","6636474","60","105832","105832","270","2471570","1402022","120","117","2677265","487","150"
"r3","people","C","interception-off","16500","21600","32","30","2","30","30","151356","0","120","6683","951347","358","0","11472","106133290","1232","11169","222","0","347","0","4530815","649365","43291","0","141413","45851175","0","0","154933","0","20","0","1956628","1118304","957","22784","270000","180000","730","23630637","1771","1611341","0","7500402","90","0","30000","102643","8211","564709","2","4200","11802","283","6880777","60","110854","110854","270","2569477","1459985","120","117","2754875","493","150"
"r3","people","C","interception-off","16800","21600","32","29","3","29","29","149535","0","116","6390","891690","349","0","11188","105068942","1203","10887","221","0","338","0","4354125","636210","42414","0","143050","45687758","0","0","156396","0","20","0","1871722","1127566","937","22122","139200","261000","705","23334567","1712","1606652","0","7461329","87","0","29000","103335","6907","463350","1","4060","11482","274","6935872","58","110242","110242","261","2648153","1457117","116","114","2743174","477","145"
"r3","people","C","interception-off","17100","21600","32","29","3","29","29","151715","0","116","6563","925923","352","0","11338","108595014","1213","11044","223","0","341","0","4459623","654435","43629","0","149592","47504746","0","0","161379","0","20","0","1949113","1163482","945","22014","87000","104400","709","23848167","1712","1661164","0","7706526","87","0","29000","106793","7049","484196","4","4060","11710","279","7157012","58","113842","113842","261","2726316","1509449","116","114","2834850","480","145"
"r3","people","C","interception-off","17400","21600","32","27","5","27","27","145571","0","108","5829","930765","326","0","10585","104399059","1145","10307","211","0","326","0","4401628","618510","41234","0","140623","45793737","0","0","152843","0","19","0","1924515","1121572","890","21430","243000","97200","626","22606789","1592","1584928","0","7437891","81","0","27000","102836","7050","483622","3","3780","10603","252","6897251","54","109886","109886","243","2671946","1439357","108","106","2697395","459","135"
"r3","people","C","interception-off","17700","21600","32","26","6","26","26","142352","0","104","5960","957756","321","0","10271","105462755","1116","10001","205","0","316","0","4439673","617280","41152","0","141331","46071028","0","0","152307","0","18","0","1977586","1126568","868","21012","187200","234000","617","22202343","1539","1575837","0","7429677","78","0","26000","103193","6567","443382","4","3640","10517","250","6930314","52","109760","109760","234","2696174","1433485","104","102","2714284","443","130"
"r3","people","C","interception-off","18000","21600","32","25","7","25","25","139030","0","100","5656","949382","310","0","9972","102524996","1076","9709","197","0","303","0","4332890","596535","39769","0","137190","45473915","0","0","148807","0","15","0","1955725","1106354","835","20884","75000","150000","579","21758613","1479","1547173","0","7287044","75","0","25000","101338","6300","428827","0","3500","9711","229","6808091","50","107638","107638","250","2692922","1408143","100","98","2618122","425","125"
"r3","people","C","interception-off","18300","21600","32","25","7","25","25","140961","0","100","5596","977444","313","0","10097","105783589","1091","9847","200","0","310","0","4423110","608265","40551","0","143083","47104984","0","0","153735","0","15","0","2023546","1152428","848","20440","180000","75000","612","22202313","1479","1588568","0","7583397","75","0","25000","105424","6644","439872","0","3500","10018","239","7089625","50","112068","112068","250","2819746","1447607","100","99","2735211","432","125"
"r3","people","C","interception-off","18600","21600","32","25","7","25","25","142880","0","100","6094","1007633","315","0","10228","109036194","1101","9975","202","0","316","0","4520886","626070","41738","0","148267","48752254","0","0","158377","0","15","0","2101547","1186458","858","20132","225000","210000","590","22646073","1480","1638442","0","7809185","75","0","25000","108672","6724","461795","1","3500","10211","241","7298101","50","115396","115396","250","2893927","1495562","100","100","2815021","438","125"
"r3","people","C","interception-off","18900","21600","32","25","7","25","25","144719","0","100","5824","1038269","319","0","10350","112050033","1108","10086","203","0","317","0","4609061","636270","42418","0","153466","50350381","0","0","162975","0","15","0","2170939","1229510","864","19828","75000","210000","559","23090091","1481","1688463","0","8032863","75","0","25000","112579","6143","417754","0","3500","10289","247","7561168","50","118722","118722","250","3026513","1543744","100","100","2900133","440","125"
"r3","people","C","interception-off","19200","21600","32","24","8","24","24","142446","0","96","5828","1005729","306","0","10049","111484814","1078","9813","202","0","309","0","4513619","633180","42212","0","152503","50629750","0","0","162729","0","15","0","2174942","1228282","841","19512","115200","72000","578","22627257","1423","1656790","0","8081235","72","0","24000","112404","7014","472309","0","3360","10234","246","7554837","48","119418","119418","240","3036952","1514344","96","96","2915184","427","120"
"r3","people","C","interception-off","19500","21600","32","24","8","24","24","144276","0","96","6035","1032967","311","0","10162","114289608","1091","9914","204","0","311","0","4599036","648810","43254","0","157784","52251884","0","0","167291","0","15","0","2242429","1264822","850","19484","216000","144000","558","23054295","1425","1709223","0","8301334","72","0","24000","115766","6886","473893","0","3360","10093","242","7781139","48","122652","122652","240","3133888","1564947","96","96","2984330","430","120"
"r3","people","C","interception-off","19800","21600","32","24","8","24","24","146078","0","96","5948","1061843","313","0","10282","117588986","1107","10042","205","0","319","0","4691636","661215","44081","0","163088","53884393","0","0","172344","0","18","0","2309760","1312648","861","19096","115200","216000","590","23482089","1428","1753777","0","8523653","72","0","24000","120018","5916","394385","0","3360","10294","244","8074374","48","125934","125934","264","3272561","1607699","96","96","3102930","443","120"
"r3","people","C","interception-off","20100","21600","32","24","8","24","24","147897","0","96","6162","1094766","314","0","10400","120804151","1113","10156","206","0","321","0","4786326","677730","45182","0","167710","55595873","0","0","177089","0","18","0","2391598","1345874","865","18990","72000","86400","574","23910657","1429","1802596","0","8834097","72","0","24000","123220","7336","501337","0","3360","10452","246","8278489","48","130556","130556","264","3341243","1654699","96","96","3188921","445","120"
"r3","people","C","interception-off","20400","21600","32","24","8","24","24","149682","0","96","6013","1126595","318","0","10507","123914114","1124","10284","209","0","323","0","4885963","688620","45908","0","176069","57299572","0","0","181665","0","18","0","2473852","1389556","874","18760","216000","86400","637","24339357","1429","1851228","0","9067530","72","0","24000","127177","6823","468118","0","3360","10707","255","8545433","48","134000","134000","264","3472953","1701546","96","96","3275231","448","120"
"r3","people","C","interception-off","20700","21600","32","24","8","24","24","151506","0","96","6249","1152730","323","0","10632","127230150","1143","10379","209","0","329","0","4977904","706080","47072","0","181771","59061053","0","0","186880","0","18","0","2554458","1430468","885","18422","172800","216000","547","24768057","1429","1895202","0","9303269","72","0","24000","130885","6583","445557","0","3360","10565","250","8798234","48","137468","137468","264","3572907","1743696","96","96","3389603","457","120"
"r3","people","C","interception-off","21000","21600","32","23","9","23","23","145386","0","92","5935","1144232","309","0","10271","122026777","1092","10037","201","0","314","0","4727623","667290","44486","0","181048","57007983","0","0","182313","0","16","0","2477327","1392060","847","18324","69000","138000","551","24143381","1369","1869424","0","9114042","69","0","23000","127379","7289","497055","0","3220","9906","237","8564961","46","134668","134668","253","3539148","1724038","92","92","3208415","434","115"
"r3","people","C","interception-off","21300","21600","32","23","9","23","23","147147","0","92","5884","1180139","313","0","10380","125449624","1108","10155","202","0","319","0","4826454","679680","45312","0","187228","58662640","0","0","187312","0","16","0","2555822","1439168","857","18028","165600","69000","570","24554081","1369","1909190","0","9338022","69","0","23000","131575","6433","429198","0","3220","10143","243","8852351","46","138008","138008","253","3666568","1762043","92","92","3333066","443","115"
"r3","people","C","interception-off","21600","21600","32","23","9","23","23","148911","0","92","6101","1213343","314","0","10485","128854324","1116","10263","203","0","324","0","4919087","697725","46515","0","192446","60314374","0","0","191959","0","16","0","2631525","1473736","864","17934","207000","193200","577","24964781","1369","1958147","0","9560717","69","0","23000","134880","6438","442830","1","3220","10272","246","9064667","46","141318","141318","276","3742392","1809236","92","92","3417348","448","115"
"r3","people","C","offense-off","0","21600","32","32","0","32","32","0","0","128","2880","0","0","0","0","0","0","0","0","0","0","0","0","0","0","0","0","0","0","0","0","0","0","0","0","0","32","57600","192000","192000","192","0","192","0","0","0","96","0","32000","0","0","0","0","4480","2880","64","0","32","0","0","0","0","0","128","32","0","32","160"
"r3","people","C","offense-off","300","21600","32","32","0","32","32","0","0","128","2866","0","0","0","0","201108","2","0","2","0","0","0","51808","0","0","210","15","98492","0","15","96","0","0","0","1710","392","34","56586","230400","96000","224","61440","224","0","0","43932","96","0","32000","43","597","40166","20","4480","3092","64","2487","32","640","640","0","1964","0","128","32","1802","32","160"
"r3","people","C","offense-off","600","21600","32","32","0","32","32","0","0","128","2827","1458","16","0","14","631696","74","0","15","0","21","0","116140","975","65","732","56","305002","0","56","658","0","0","0","16075","1914","84","52782","288000","268800","278","138477","293","0","0","76786","96","0","32000","202","918","60962","40","4480","3356","64","12361","32","1120","1120","0","8101","0","128","46","7723","66","160"
"r3","people","C","offense-off","900","21600","32","32","0","32","32","0","0","128","2607","6756","28","0","61","1217293","117","11","21","0","37","0","187521","1530","102","3580","270","559805","0","270","1617","0","0","0","25486","4292","118","49856","96000","268800","309","236173","352","0","0","108827","96","0","32000","434","1165","74068","24","4480","3431","64","27936","32","1599","1599","0","15769","0","128","58","18990","85","160"
"r3","people","C","offense-off","1200","21600","32","32","0","32","32","0","0","128","2529","22353","46","0","160","2019788","172","53","32","0","49","0","258817","3105","207","6294","468","849479","0","468","3115","0","0","0","41213","8470","159","48546","153600","96000","372","360888","458","0","0","152704","96","0","32000","852","1388","88700","9","4480","3549","74","53999","32","2240","2240","0","25658","0","128","66","38346","101","160"
"r3","people","C","offense-off","1500","21600","32","32","0","32","32","0","0","128","2792","42746","62","0","301","2802261","215","152","37","0","62","0","327131","6810","454","10156","703","1168116","0","703","4494","0","0","0","55622","12110","193","47092","288000","192000","410","513338","555","0","0","187825","96","0","32000","1259","1494","99115","25","4480","4099","87","75303","32","2753","2753","0","37339","0","128","70","51371","116","160"
"r3","people","C","offense-off","1800","21600","32","32","0","32","32","0","0","128","2961","66170","77","0","484","3585170","261","301","44","0","76","0","388526","10740","716","15460","964","1519686","0","964","5910","0","0","0","70648","17466","229","45178","153600","288000","424","691645","623","0","0","224649","96","0","32000","1814","1474","98817","5","4480","4465","96","107637","32","3288","3288","32","53357","0","128","76","72475","134","160"
"r3","people","C","offense-off","2100","21600","32","32","0","32","32","0","0","128","3204","86928","88","0","706","4334903","303","476","53","0","86","0","442308","15600","1040","20334","1184","1925958","0","1184","7236","0","0","0","86631","22386","259","44272","96000","115200","423","895659","716","0","0","285217","96","0","32000","2318","1857","126687","10","4480","4904","108","137802","32","4175","4175","32","66958","0","128","78","91572","152","160"
"r3","people","C","offense-off","2400","21600","32","32","0","32","32","0","0","128","3711","104361","102","0","944","5074539","338","675","57","0","96","0","488166","21840","1456","27748","1502","2366330","0","1502","8567","0","0","0","102273","28634","287","43468","288000","115200","448","1126211","819","0","0","330793","96","0","32000","2971","1905","131550","3","4480","5542","125","174792","32","4876","4876","32","86566","0","128","83","112677","164","160"
"r3","people","C","offense-off","2700","21600","32","32","0","32","32","0","0","128","4305","122025","113","0","1192","5969874","369","917","62","0","104","0","538258","29100","1940","35680","1794","2864459","0","1794","10081","0","0","0","121014","34778","311","41844","230400","288000","471","1379097","869","0","0","381750","96","0","32000","3601","2018","139908","4","4480","6401","146","212274","32","5619","5619","32","106939","0","128","84","134903","174","160"
"r3","people","C","offense-off","3000","21600","32","32","0","32","32","0","0","128","4639","143358","122","0","1445","6877377","402","1176","69","0","111","0","590915","36330","2422","42914","2089","3411701","0","2089","11494","0","0","0","137957","41526","334","41528","96000","192000","485","1652812","937","0","0","456657","96","0","32000","4276","2434","171688","5","4480","7015","161","253755","32","6710","6710","32","127265","0","128","87","157704","183","160"
"r3","people","C","offense-off","3300","21600","32","32","0","32","32","0","0","128","5133","166276","131","0","1702","7815411","439","1410","79","0","118","0","639334","45075","3005","54440","2519","3994974","0","2519","13276","0","0","0","154979","49894","360","40670","230400","96000","541","1946110","1015","0","0","514616","96","0","32000","5085","2474","173006","2","4480","7584","173","304514","32","7559","7559","32","152435","0","128","90","189175","194","160"
"r3","people","C","offense-off","3600","21600","32","32","0","32","32","0","0","128","5689","191250","143","0","1963","8853237","467","1664","83","0","124","0","691482","54990","3666","65920","2939","4637288","0","2939","15026","0","0","0","173591","56538","382","39702","288000","268800","499","2257202","1042","0","0","574819","96","0","32000","5787","2661","187656","8","4480","8295","193","344524","32","8448","8448","64","175781","0","128","92","211382","200","160"
"r3","people","C","offense-off","3900","21600","32","32","0","32","32","0","0","128","5953","210976","154","0","2241","9857304","496","1912","90","0","129","0","741176","63990","4266","76970","3367","5343770","0","3367","16757","0","0","0","188951","67202","405","38876","96000","268800","511","2582864","1110","0","0","669025","96","0","32000","6822","3028","215680","1","4480","8713","203","409279","32","9850","9850","64","208588","0","128","93","244757","207","160"
"r3","people","C","offense-off","4200","21600","32","32","0","32","32","0","0","128","6503","224958","164","0","2532","10986887","518","2167","94","0","134","0","785013","75360","5024","89572","3840","6113230","0","3840","18903","0","0","0","205306","76540","424","37998","153600","96000","551","2928258","1185","0","0","740199","96","0","32000","7746","3182","221792","8","4480","9158","213","466648","32","10928","10928","64","236463","0","128","96","281944","213","160"
"r3","people","C","offense-off","4500","21600","32","32","0","32","32","0","0","128","6869","237819","174","0","2832","12158852","548","2464","104","0","139","0","830644","86805","5787","104044","4413","6902713","0","4413","21037","0","0","0","221175","85834","449","37584","288000","192000","546","3284969","1197","0","0","816457","96","0","32000","8651","3372","236291","3","4480","9627","225","523572","32","12023","12023","64","270330","0","128","97","309836","218","160"
"r3","people","C","offense-off","4800","21600","32","32","0","32","32","0","0","128","6812","250110","180","0","3130","13448384","567","2773","109","0","143","0","881921","95835","6389","119968","4982","7772400","0","4982","23458","0","0","0","238741","98400","464","36762","153600","288000","547","3651706","1231","0","0","919625","96","0","32000","9844","3697","255366","1","4480","9881","230","600482","32","13541","13541","64","315024","0","128","98","349235","224","160"
"r3","people","C","offense-off","5100","21600","32","32","0","32","32","0","0","128","7164","263054","189","0","3427","14660552","593","3033","117","0","147","0","932978","108030","7202","133122","5485","8698539","0","5485","25786","0","0","0","257126","108458","485","36112","96000","115200","594","4032192","1292","0","0","996154","96","0","32000","10870","3809","268916","9","4480","10111","235","661929","32","14679","14679","64","346284","0","128","100","380954","230","160"
"r3","people","C","offense-off","5400","21600","32","32","0","32","32","0","0","128","7020","275293","194","0","3724","15841149","615","3312","123","0","152","0","980954","117285","7819","153915","6270","9613442","0","6270","28061","0","0","0","272659","121598","501","35876","288000","115200","571","4420408","1297","0","0","1073047","96","0","32000","12120","3697","259291","0","4480","10130","235","741437","32","15817","15817","96","393299","0","128","101","420457","235","160"
"r3","people","C","offense-off","5700","21600","32","32","0","32","32","0","0","128","7225","286528","198","0","4019","17248729","629","3603","129","0","155","0","1039726","130470","8698","171480","6923","10623023","0","6923","30555","0","0","0","292719","133344","514","34728","230400","288000","590","4816088","1313","0","0","1189197","96","0","32000","13257","4270","298594","1","4480","10439","245","814182","32","17527","17527","96","435987","0","128","101","454616","238","160"
"r3","people","C","offense-off","6000","21600","32","32","0","32","32","0","0","128","7312","299810","213","0","4311","18448578","654","3868","133","0","159","0","1092405","142380","9492","186190","7517","11679300","0","7517","32769","0","0","0","311677","145054","537","34578","96000","192000","631","5218837","1378","0","0","1273578","96","0","32000","14421","4390","307437","3","4480","10437","246","885578","32","18811","18811","96","480555","0","128","102","485586","243","160"
"r3","people","C","offense-off","6300","21600","32","32","0","32","32","0","0","128","7295","313460","221","0","4604","20035647","669","4168","137","0","160","0","1154003","153930","10262","207488","8311","12774747","0","8311","35283","0","0","0","331132","159556","550","34174","230400","96000","639","5630006","1362","0","0","1359083","96","0","32000","15805","4279","293826","0","4480","10711","251","973443","32","20084","20084","96","534318","0","128","102","530939","244","160"
"r3","people","C","offense-off","6600","21600","32","31","1","31","31","0","0","124","7247","303997","215","0","4826","20495809","668","4402","139","0","162","0","1149721","160440","10696","220349","8755","13200947","0","8755","36198","0","0","0","330026","165282","547","33586","279000","260400","622","5899500","1337","0","0","1418030","93","0","31000","16337","4627","318953","5","4340","10482","249","1009609","31","20964","20964","93","566466","0","124","100","532611","247","155"
"r3","people","C","offense-off","6900","21600","32","31","1","31","31","0","0","124","7040","319807","220","0","5110","21939370","691","4659","146","0","166","0","1213209","170520","11368","242462","9582","14308686","0","9582","38656","0","0","0","349838","179562","563","33066","93000","260400","634","6302907","1359","0","0","1501239","93","0","31000","17705","4517","311921","0","4340","10501","248","1096048","31","22222","22222","93","619829","0","124","100","569489","253","155"
"r3","people","C","offense-off","7200","21600","32","31","1","31","31","0","0","124","7167","335199","227","0","5398","23539107","707","4931","148","0","169","0","1277354","184500","12300","261294","10298","15476545","0","10298","41264","0","0","0","371535","192202","575","32662","148800","93000","644","6711489","1361","0","0","1588205","93","0","31000","18915","4564","314202","1","4340","10500","246","1174125","31","23479","23479","124","664463","0","124","100","609540","256","155"
"r3","people","C","offense-off","7500","21600","32","31","1","31","31","0","0","124","7197","352303","234","0","5681","25085114","727","5212","154","0","170","0","1345804","197895","13193","281394","11038","16683117","0","11038","43509","0","0","0","393671","205154","589","32422","279000","186000","654","7123292","1376","0","0","1713461","93","0","31000","20160","5149","356482","2","4340","10654","252","1253196","31","25309","25309","124","712391","0","124","100","644588","257","155"
"r3","people","C","offense-off","7800","21600","32","31","1","31","31","0","0","124","7067","368506","242","0","5972","26633736","746","5484","156","0","172","0","1411831","209190","13946","306260","11937","17941533","0","11937","46098","0","0","0","416286","221626","601","31546","148800","279000","707","7537273","1391","0","0","1808799","93","0","31000","21689","4993","344661","0","4340","10764","251","1354249","31","26682","26682","124","774749","0","124","100","689389","259","155"
"r3","people","C","offense-off","8100","21600","32","31","1","31","31","0","0","124","7139","388930","247","0","6256","28234656","765","5757","160","0","179","0","1482187","224190","14946","324818","12655","19273783","0","12655","48556","0","0","0","442182","233498","617","31358","93000","111600","639","7954804","1386","0","0","1902492","93","0","31000","22873","5179","360994","1","4340","10730","252","1427681","31","28052","28052","124","816378","0","124","101","725120","268","155"
"r3","people","C","offense-off","8400","21600","32","31","1","31","31","0","0","124","7070","408678","254","0","6533","29847586","777","6021","162","0","179","0","1553925","236460","15764","354627","13728","20620161","0","13728","50984","0","0","0","466716","249946","626","30862","279000","111600","664","8373317","1371","0","0","2028074","93","0","31000","24401","5513","380918","1","4340","10966","259","1527611","31","29914","29914","124","879338","0","124","101","767818","268","155"
"r3","people","C","offense-off","8700","21600","32","31","1","31","31","0","0","124","7176","422939","261","0","6825","31627085","793","6267","165","0","184","0","1618015","252855","16857","378073","14587","22025468","0","14587","53738","0","0","0","490912","264076","641","30196","223200","279000","640","8788461","1380","0","0","2121862","93","0","31000","25757","5565","380321","1","4340","11009","257","1614623","31","31322","31322","124","931740","0","124","101","809801","274","155"
"r3","people","C","offense-off","9000","21600","32","31","1","31","31","0","0","124","7100","432856","266","0","7119","33138792","816","6533","170","0","189","0","1676324","267570","17838","397855","15387","23438895","0","15387","56413","0","0","0","508907","277958","656","30096","93000","186000","667","9204785","1397","0","0","2216661","93","0","31000","27087","5612","388766","1","4340","10845","256","1700260","31","32699","32699","155","983125","0","124","103","844770","281","155"
"r3","people","C","offense-off","9300","21600","32","31","1","31","31","0","0","124","7061","444121","270","0","7413","34916435","825","6814","172","0","191","0","1739386","281700","18780","423373","16311","24929354","0","16311","59188","0","0","0","530341","296108","664","29582","223200","93000","699","9627455","1404","0","0","2351120","93","0","31000","28797","5902","407184","0","4340","11095","262","1810150","31","34699","34699","155","1045640","0","124","103","898296","284","155"
"r3","people","C","offense-off","9600","21600","32","31","1","31","31","0","0","124","7202","456926","277","0","7711","36640498","845","7088","176","0","195","0","1800080","299055","19937","450686","17310","26457198","0","17310","61839","0","0","0","553190","309514","679","29308","279000","260400","648","10043104","1393","0","0","2452610","93","0","31000","30096","6100","419690","4","4340","11099","263","1892645","31","36196","36196","155","1092755","0","124","105","940165","291","155"
"r3","people","C","offense-off","9900","21600","32","31","1","31","31","0","0","124","7009","469808","282","0","8001","38158409","861","7344","180","0","196","0","1862579","310965","20731","481282","18409","27994199","0","18409","64387","0","0","0","572120","327394","689","28940","93000","260400","666","10456490","1361","0","0","2552545","93","0","31000","31782","5895","406438","0","4340","11255","266","2000878","31","37677","37677","155","1160976","0","124","105","985131","293","155"
"r3","people","C","offense-off","10200","21600","32","31","1","31","31","0","0","124","7143","480800","285","0","8294","39986622","878","7606","184","0","202","0","1925967","328440","21896","506420","19320","29617763","0","19320","67316","0","0","0","595057","342620","702","28660","148800","93000","673","10870198","1368","0","0","2691930","93","0","31000","33225","6489","444041","1","4340","11256","267","2095092","31","39714","39714","155","1212055","0","124","108","1035834","302","155"
"r3","people","C","offense-off","10500","21600","32","31","1","31","31","0","0","124","7178","492250","288","0","8584","41649948","892","7874","187","0","206","0","1988832","345360","23024","537579","20476","31239205","0","20476","69825","0","0","0","618079","357556","712","28522","279000","186000","681","11277181","1360","0","0","2793303","93","0","31000","34667","6559","450898","3","4340","11289","266","2186618","31","41226","41226","155","1269344","0","124","109","1073061","306","155"
"r3","people","C","offense-off","10800","21600","32","31","1","31","31","0","0","124","7124","505841","295","0","8873","43456017","908","8132","190","0","209","0","2050102","360705","24047","572629","21721","32890490","0","21721","72745","0","0","0","639695","376856","725","28336","148800","279000","682","11675004","1310","0","0","2896822","93","0","31000","36430","6305","425763","0","4340","11339","268","2304821","31","42735","42735","186","1339809","0","124","109","1131250","309","155"
"r3","people","C","offense-off","11100","21600","32","31","1","31","31","0","0","124","7228","525042","299","0","9158","45516920","921","8403","193","0","212","0","2120439","377580","25172","597855","22699","34989345","0","22699","75774","0","0","0","682248","393176","735","28098","93000","111600","718","12072867","1317","0","0","3186390","93","0","31000","38081","8988","610936","3","4340","11231","265","2405615","62","47069","47069","186","1393422","0","124","109","1182032","313","155"
"r3","people","C","offense-off","11400","21600","32","31","1","31","31","0","0","124","7084","538326","305","0","9447","47732870","941","8635","197","0","214","0","2184554","390915","26061","635845","24281","37283231","0","24281","80186","0","0","0","725879","422256","747","27806","279000","111600","655","12463457","1282","0","0","3402748","93","0","31000","40873","9374","640233","0","4340","10840","256","2583774","62","50247","50247","186","1510018","0","124","109","1252497","316","155"
"r3","people","C","offense-off","11700","21600","32","31","1","31","31","0","0","124","7106","552770","314","0","9732","50512951","962","8870","199","0","219","0","2247904","405975","27065","674081","25844","39696918","0","25844","85910","0","0","0","773908","453846","763","26648","223200","279000","678","12844793","1237","0","0","3613810","93","0","31000","43878","9489","643416","3","4340","10916","261","2779937","62","53367","53367","186","1632976","0","124","109","1337418","321","155"
"r3","people","C","offense-off","12000","21600","32","31","1","31","31","0","0","124","6937","569987","317","0","10012","52785708","974","9104","202","0","222","0","2312050","418125","27875","707541","27284","42183499","0","27284","91296","0","0","0","820589","484524","772","26292","93000","186000","669","13217228","1240","0","0","3902399","93","0","31000","46834","10747","738304","0","4340","10409","246","2968160","62","57581","57581","186","1757995","0","124","109","1406100","325","155"
"r3","people","C","offense-off","12300","21600","32","30","2","30","30","0","0","120","6417","569208","310","0","9944","53191532","973","9021","202","0","224","0","2282427","411900","27460","716717","27802","42603001","0","27802","93596","0","0","0","838588","507288","766","25480","216000","90000","644","13207164","1192","0","0","3957812","90","0","30000","48772","9683","652201","1","4200","10068","238","3106895","60","58455","58455","180","1862662","0","120","107","1442949","330","150"
"r3","people","C","offense-off","12600","21600","32","29","3","29","29","0","0","116","6191","422906","301","0","10073","53161730","942","9127","198","0","216","0","2118405","409515","27301","740897","28825","42501212","0","28825","95582","0","0","0","785919","517360","744","24562","261000","243600","683","13176492","1114","0","0","3990775","87","0","29000","49713","9294","621852","6","4060","9618","225","3169628","58","59007","59007","203","1947636","0","116","103","1421287","317","145"
"r3","people","C","offense-off","12900","21600","32","29","3","29","29","0","0","116","5848","443805","305","0","10328","55399327","967","9313","201","0","228","0","2183979","417015","27801","782147","30469","44935763","0","30469","100396","0","0","0","835701","551400","763","23972","87000","243600","638","13504555","1067","0","0","4266869","87","0","29000","52912","10177","689147","1","4060","9647","224","3375698","58","63089","63089","203","2087961","0","116","104","1489761","332","145"
"r3","people","C","offense-off","13200","21600","32","29","3","29","29","0","0","116","6219","460927","306","0","10588","57750089","977","9486","202","0","233","0","2239007","431220","28748","821044","32011","47505484","0","32011","105854","0","0","0","884595","583376","770","23096","139200","87000","624","13824545","1052","0","0","4477011","87","0","29000","55904","10253","687003","2","4060","9601","226","3574162","58","66157","66157","203","2208130","0","116","106","1581878","340","145"
"r3","people","C","offense-off","13500","21600","32","29","3","29","29","0","0","116","6156","479482","311","0","10838","59869305","999","9668","204","0","239","0","2294538","443190","29546","864434","33773","50053258","0","33773","110660","0","0","0","926861","614598","783","22746","261000","174000","626","14131775","999","0","0","4683406","87","0","29000","58897","10292","696626","6","4060","9567","226","3766148","58","69189","69189","203","2341589","0","116","107","1645191","350","145"
"r3","people","C","offense-off","13800","21600","32","29","3","29","29","0","0","116","6003","496379","317","0","11076","62328554","1015","9857","205","0","245","0","2357777","453495","30233","905487","35465","52761748","0","35465","115884","0","0","0","976195","654216","796","21940","139200","261000","628","14430048","970","0","0","4964770","87","0","29000","62484","10837","722442","2","4060","9729","227","4009639","58","73321","73321","203","2500551","0","116","107","1741777","358","145"
"r3","people","C","offense-off","14100","21600","32","28","4","28","28","0","0","112","5942","502468","306","0","10983","62604326","990","9765","201","0","240","0","2343438","446430","29762","899091","35325","52621105","0","35325","115639","0","0","0","991290","655876","775","21418","84000","100800","604","14317608","954","0","0","4957994","84","0","28000","62713","10566","714657","10","3920","9189","215","4019662","56","73279","73279","196","2500899","0","112","105","1742438","351","140"
"r3","people","C","offense-off","14400","21600","32","28","4","28","28","0","0","112","5661","519419","311","0","11217","64653025","1006","9915","206","0","243","0","2398429","454455","30297","950100","37302","55235005","0","37302","120528","0","0","0","1038618","692978","788","21030","252000","100800","595","14593053","870","0","0","5154100","84","0","28000","66037","10142","677329","0","3920","9140","212","4246082","56","76179","76179","224","2647426","0","112","105","1829345","355","140"
"r3","people","C","offense-off","14700","21600","32","28","4","28","28","0","0","112","5806","534157","313","0","11449","66968819","1019","10072","208","0","247","0","2452328","468090","31206","992117","38960","58009203","0","38960","125657","0","0","0","1091552","725206","796","20142","201600","252000","577","14853430","843","0","0","5439327","84","0","28000","69123","11222","753219","1","3920","9391","224","4444481","56","80345","80345","224","2774044","0","112","105","1912064","361","140"
"r3","people","C","offense-off","15000","21600","32","28","4","28","28","0","0","112","5802","547937","318","0","11684","68900762","1034","10216","212","0","250","0","2497496","479325","31955","1030959","40562","60841648","0","40562","130460","0","0","0","1140140","755142","808","19990","84000","168000","561","15107939","845","0","0","5651458","84","0","28000","71957","11532","776972","3","3920","9233","216","4629594","56","83489","83489","224","2898912","0","112","105","1975574","364","140"
"r3","people","C","offense-off","15300","21600","32","28","4","28","28","0","0","112","5706","563293","321","0","11917","71240212","1048","10367","212","0","254","0","2546828","489675","32645","1078405","42546","63751473","0","42546","135811","0","0","0","1189813","794946","815","19498","201600","84000","600","15357541","815","0","0","5863259","84","0","28000","75549","11056","732029","0","3920","9144","214","4873174","56","86605","86605","224","3053903","0","112","105","2077327","370","140"
"r3","people","C","offense-off","15600","21600","32","27","5","27","27","0","0","108","5468","574730","309","0","11669","71823231","1026","10166","208","0","253","0","2560493","485610","32374","1060220","41980","64029728","0","41980","133847","0","0","0","1221099","794362","797","18830","243000","226800","555","15059216","765","0","0","5912625","81","0","27000","75491","11742","792717","10","3780","8509","200","4870806","54","87233","87233","216","3051537","0","108","101","2068371","368","135"
"r3","people","C","offense-off","15900","21600","32","27","5","27","27","0","0","108","5216","588659","311","0","11897","73943299","1040","10304","208","0","261","0","2607836","491700","32780","1103928","43764","66913486","0","43764","138636","0","0","0","1262135","830934","807","18436","81000","226800","583","15287447","760","0","0","6112688","81","0","27000","78871","11330","768362","0","3780","8919","209","5092769","54","90201","90201","216","3205518","0","108","101","2138808","380","135"
"r3","people","C","offense-off","16200","21600","32","26","6","26","26","0","0","104","5140","582155","298","0","11666","73499038","1007","9995","202","0","256","0","2599887","480570","32038","1099740","43559","66515242","0","43559","137727","0","0","0","1269698","824028","782","17830","124800","78000","541","14947365","723","0","0","6032666","78","0","26000","78272","10841","730393","3","3640","8339","194","5050771","52","89113","89113","234","3172372","0","104","97","2129901","372","130"
"r3","people","C","offense-off","16500","21600","32","25","7","25","25","0","0","100","5194","592996","291","0","11576","74356243","987","9849","202","0","248","0","2607668","486300","32420","1123889","44565","67464138","0","44565","137580","0","0","0","1293979","835262","766","17514","225000","150000","558","14826180","707","0","0","6159194","75","0","25000","79296","11703","791071","3","3500","8192","193","5119650","50","90999","90999","225","3258797","0","100","94","2109326","361","125"
"r3","people","C","offense-off","16800","21600","32","24","8","24","24","0","0","96","5088","594118","287","0","11380","74675352","975","9625","203","0","239","0","2538116","486120","32408","1128527","44888","67904950","0","44888","137868","0","0","0","1308513","853350","753","17062","115200","216000","515","14559670","677","0","0","6193733","72","0","24000","80727","10758","717305","0","3360","8284","197","5231520","48","91485","91485","216","3363813","0","96","93","2112615","350","120"
"r3","people","C","offense-off","17100","21600","32","23","9","23","23","0","0","92","4794","563363","275","0","11126","73519212","935","9479","197","0","230","0","2488273","475935","31729","1084155","43148","66784339","0","43148","135027","0","0","0","1311356","839974","725","16966","69000","82800","530","14282376","671","0","0","6082929","69","0","23000","79520","10344","694883","0","3220","7750","184","5149935","46","89864","89864","207","3368258","0","92","90","2019788","335","115"
"r3","people","C","offense-off","17400","21600","32","23","9","23","23","0","0","92","4618","577137","276","0","11318","75356437","942","9584","198","0","234","0","2527316","482595","32173","1128857","44964","69505202","0","44964","139319","0","0","0","1349662","872938","731","16792","207000","82800","460","14476565","610","0","0","6327618","69","0","23000","82573","10931","735332","0","3220","7761","182","5350216","46","93504","93504","207","3512184","0","92","90","2080102","340","115"
"r3","people","C","offense-off","17700","21600","32","23","9","23","23","0","0","92","4759","591103","279","0","11510","77576662","954","9695","198","0","239","0","2567577","494130","32942","1163149","46400","72338481","0","46400","143903","0","0","0","1386148","902836","739","16470","165600","207000","508","14663573","628","0","0","6514279","69","0","23000","85355","10887","726391","2","3220","8117","190","5535101","46","96242","96242","207","3634629","0","92","90","2153259","348","115"
"r3","people","C","offense-off","18000","21600","32","23","9","23","23","0","0","92","4772","606333","279","0","11705","79321296","965","9799","199","0","245","0","2604819","504300","33620","1196415","47808","75175600","0","47808","148028","0","0","0","1424834","931232","746","16328","69000","138000","485","14852271","622","0","0","6696863","69","0","23000","88056","10928","730054","1","3220","7827","186","5709929","46","98984","98984","230","3755630","0","92","91","2211179","358","115"
"r3","people","C","offense-off","18300","21600","32","22","10","22","22","0","0","88","4408","615158","267","0","11309","78015868","934","9433","195","0","239","0","2581163","490275","32685","1166199","46664","73895702","0","46664","143550","0","0","0","1429532","926718","723","15836","158400","66000","474","14358275","604","0","0","6642676","66","0","22000","87396","10786","717112","0","3080","7523","177","5682941","44","98182","98182","220","3701067","0","88","87","2224497","347","110"
"r3","people","C","offense-off","18600","21600","32","22","10","22","22","0","0","88","4524","626434","268","0","11501","79889091","939","9546","197","0","241","0","2615436","502845","33523","1201562","48091","76719163","0","48091","148015","0","0","0","1466602","952740","728","15522","198000","184800","480","14534745","599","0","0","6830204","66","0","22000","89903","11013","745127","2","3080","7309","171","5843471","44","100916","100916","220","3794173","0","88","87","2290904","349","110"
"r3","people","C","offense-off","18900","21600","32","22","10","22","22","0","0","88","4359","641885","270","0","11681","81708959","950","9640","199","0","245","0","2655655","508905","33927","1238906","49690","79549674","0","49690","152358","0","0","0","1503684","985370","736","15354","66000","184800","470","14713072","585","0","0","7015181","66","0","22000","92924","10714","723622","0","3080","7372","172","6042563","44","103638","103638","220","3941459","0","88","87","2350100","356","110"
"r3","people","C","offense-off","19200","21600","32","22","10","22","22","0","0","88","4435","654156","272","0","11867","83739887","958","9726","199","0","248","0","2689386","519885","34659","1271812","51051","82516107","0","51051","157262","0","0","0","1544951","1014786","741","15122","105600","66000","468","14890510","587","0","0","7262638","66","0","22000","95660","11638","779648","2","3080","7386","175","6224961","44","107298","107298","220","4051885","0","88","87","2431105","360","110"
"r3","people","C","offense-off","19500","21600","32","22","10","22","22","0","0","88","4547","668873","274","0","12042","85583288","967","9827","200","0","252","0","2725484","530430","35362","1304519","52443","85469727","0","52443","161710","0","0","0","1584995","1044606","748","15036","198000","132000","478","15066833","588","0","0","7448864","66","0","22000","98375","11667","780385","0","3080","7426","172","6409117","44","110042","110042","220","4167487","0","88","87","2500992","366","110"
"r3","people","C","offense-off","19800","21600","32","22","10","22","22","0","0","88","4511","683766","278","0","12233","87680008","977","9930","201","0","254","0","2762505","538140","35876","1341483","54053","88458514","0","54053","166563","0","0","0","1624365","1082182","755","14750","105600","198000","490","15242793","587","0","0","7637052","66","0","22000","101753","11041","729219","0","3080","7558","177","6639073","44","112794","112794","242","4322002","0","88","87","2585831","369","110"
"r3","people","C","offense-off","20100","21600","32","22","10","22","22","0","0","88","4597","698976","280","0","12402","89793185","982","10047","202","0","256","0","2799268","549570","36638","1368027","55206","91591489","0","55206","170997","0","0","0","1670540","1107522","760","14554","66000","79200","498","15422744","613","0","0","7900260","66","0","22000","104276","12382","831579","5","3080","7585","180","6793954","44","116658","116658","242","4417242","0","88","87","2651439","371","110"
"r3","people","C","offense-off","20400","21600","32","22","10","22","22","0","0","88","4465","712369","284","0","12585","91626035","995","10149","203","0","260","0","2833290","555780","37052","1409746","56928","94726785","0","56928","175417","0","0","0","1710059","1143190","769","14252","198000","79200","445","15600204","564","0","0","8099736","66","0","22000","107517","12069","808116","0","3080","7740","184","7011544","44","119586","119586","242","4571156","0","88","88","2720464","377","110"
"r3","people","C","offense-off","20700","21600","32","22","10","22","22","0","0","88","4598","724060","288","0","12768","93746150","1006","10239","203","0","263","0","2866642","567255","37817","1443436","58353","97962912","0","58353","180404","0","0","0","1749024","1175856","776","13760","158400","198000","487","15772625","566","0","0","8297044","66","0","22000","110555","11935","796853","1","3080","7806","185","7213013","44","122490","122490","242","4700544","0","88","88","2799647","381","110"
"r3","people","C","offense-off","21000","21600","32","22","10","22","22","0","0","88","4649","739472","288","0","12953","95532880","1008","10321","204","0","264","0","2900488","577350","38490","1473946","59715","101238773","0","59715","184794","0","0","0","1792950","1206052","778","13690","66000","132000","481","15948223","594","0","0","8561446","66","0","22000","113398","13006","873948","0","3080","7567","180","7398671","44","126404","126404","242","4827596","0","88","88","2859902","382","110"
"r3","people","C","offense-off","21300","21600","32","22","10","22","22","0","0","88","4572","754935","290","0","13137","97802882","1014","10427","204","0","268","0","2933932","584880","38992","1510224","61372","104576332","0","61372","189894","0","0","0","1834767","1245454","784","13378","158400","66000","503","16129222","599","0","0","8758014","66","0","22000","116862","12470","818382","0","3080","7831","186","7641235","44","129332","129332","242","4986702","0","88","88","2952930","386","110"
"r3","people","C","offense-off","21600","21600","32","22","10","22","22","0","0","88","4627","765787","293","0","13311","99843523","1027","10536","206","0","274","0","2964618","596160","39744","1545244","62834","107935941","0","62834","194958","0","0","0","1873036","1272546","795","13096","198000","184800","497","16303729","583","0","0","8955721","66","0","22000","119574","12668","848228","1","3080","7730","181","7806740","44","132242","132242","264","5090213","0","88","88","3017280","394","110"
"r3","weapon","A","both-off","0","21600","32","32","0","32","32","0","0","128","2880","0","0","0","0","0","0","0","0","0","0","0","0","0","0","0","0","0","0","0","0","0","0","0","0","0","32","57600","192000","192000","192","0","192","0","0","0","96","0","32000","0","0","0","0","4480","2880","64","0","32","0","0","0","0","0","128","32","0","32","160"
"r3","weapon","A","both-off","300","21600","32","32","0","32","32","0","0","128","2866","0","0","0","0","201108","2","0","1","0","1","0","51808","0","0","0","308","99006","0","0","96","0","0","0","1710","400","34","56586","230400","96000","224","61440","224","0","0","44017","96","0","32000","44","596","40202","20","4480","3092","64","2532","32","640","640","0","1961","0","128","33","1854","33","160"
"r3","weapon","A","both-off","600","21600","32","32","0","32","32","0","0","128","2835","426","14","0","0","644816","76","0","6","0","31","0","118944","975","65","0","840","306860","0","0","664","0","17","0","16339","1876","83","52632","288000","268800","288","138240","288","0","0","77078","96","0","32000","198","922","61369","46","4480","3368","64","12097","32","1120","1120","0","6756","0","128","55","8953","83","160"
"r3","weapon","A","both-off","900","21600","32","32","0","32","32","0","0","128","2619","1314","23","0","8","1327959","125","0","9","0","57","0","199471","1365","91","0","2621","563575","0","0","1571","0","71","0","26398","4706","121","49774","96000","268800","319","230845","325","0","0","108987","96","0","32000","464","1136","71981","15","4480","3486","65","30835","32","1600","1600","0","11807","0","128","70","25199","118","160"
"r3","weapon","A","both-off","1200","21600","32","32","0","32","32","0","0","128","2550","2757","36","0","23","2346524","178","0","13","0","79","0","294777","2715","181","0","4538","852189","0","0","3002","0","157","0","41692","8932","160","48532","153600","96000","385","343081","399","0","0","153445","96","0","32000","899","1352","87318","12","4480","3703","77","56649","32","2251","2251","0","17057","0","128","77","49070","144","160"
"r3","weapon","A","both-off","1500","21600","32","32","0","32","32","0","0","128","3002","4137","48","0","71","3361633","227","0","18","0","100","0","394240","6990","466","0","7240","1171503","0","0","4452","0","211","0","55560","12508","198","46562","288000","192000","449","476383","493","0","0","188236","96","0","32000","1290","1488","98282","29","4480","4332","94","77737","32","2778","2778","0","23160","0","128","86","66794","169","160"
"r3","weapon","A","both-off","1800","21600","32","32","0","32","32","0","0","128","3454","6786","55","0","129","4352794","274","0","22","0","124","0","498648","11820","788","0","9297","1530995","0","0","6031","0","246","0","70226","18164","233","44324","153600","288000","497","636192","569","0","0","226666","96","0","32000","1871","1467","98167","6","4480","4926","107","111900","32","3338","3338","32","32195","0","128","95","96304","200","160"
"r3","weapon","A","both-off","2100","21600","32","32","0","32","32","0","0","128","3989","12406","60","0","196","5394521","317","0","26","0","145","0","606028","17640","1176","0","11500","1951721","0","0","7464","0","299","0","88048","23020","263","43356","96000","115200","596","826614","680","0","0","290501","96","0","32000","2377","1907","130419","3","4480","5636","121","141615","32","4284","4284","32","39100","0","128","101","120982","230","160"
"r3","weapon","A","both-off","2400","21600","32","32","0","32","32","0","0","128","4730","18484","71","0","248","6465109","360","0","32","0","160","0","721888","24780","1652","0","14303","2422699","0","0","8795","0","346","0","109359","30376","295","42342","288000","115200","659","1044040","771","0","0","342949","96","0","32000","3132","1917","136612","3","4480","6623","149","185408","32","5049","5049","32","49252","0","128","106","157085","248","160"
"r3","weapon","A","both-off","2700","21600","32","32","0","32","32","0","0","128","5665","23690","77","0","328","7495755","398","0","35","0","180","0","834376","33810","2254","0","16822","2966393","0","0","10243","0","369","0","133700","37002","324","40642","230400","288000","740","1289092","866","0","0","399613","96","0","32000","3793","2097","147541","11","4480","7621","175","226115","32","5890","5890","32","60146","0","128","111","191926","274","160"
"r3","weapon","A","both-off","3000","21600","32","32","0","32","32","0","0","128","6052","31331","79","0","400","8474338","431","0","38","0","199","0","957032","42480","2832","0","19431","3569592","0","0","11515","0","400","0","163617","44680","348","40014","96000","192000","852","1568047","978","0","0","481436","96","0","32000","4570","2533","180563","2","4480","8181","188","273187","32","7103","7103","32","70822","0","128","115","230051","300","160"
"r3","weapon","A","both-off","3300","21600","32","32","0","32","32","0","0","128","6290","38106","87","0","457","9638935","458","0","42","0","210","0","1083746","52080","3472","0","22530","4227232","0","0","13063","0","424","0","196105","54224","371","39052","230400","96000","883","1874488","1061","0","0","546067","96","0","32000","5495","2545","180267","2","4480","8572","199","331307","32","8040","8040","32","83597","0","128","116","282203","313","160"
"r3","weapon","A","both-off","3600","21600","32","32","0","32","32","0","0","128","6511","45314","97","0","547","10717211","498","0","45","0","223","0","1199878","63720","4248","0","26383","4940318","0","0","14694","0","440","0","228522","61660","397","37972","288000","268800","953","2206964","1160","0","0","609744","96","0","32000","6256","2734","195949","4","4480","8774","203","376867","32","8990","8990","64","95492","0","128","117","318303","331","160"
"r3","weapon","A","both-off","3900","21600","32","32","0","32","32","0","0","128","6402","53876","101","0","631","11589645","527","0","47","0","238","0","1309060","73080","4872","0","29982","5712152","0","0","16217","0","467","0","260512","72546","418","36966","96000","268800","1027","2572629","1266","0","0","706349","96","0","32000","7358","3057","224995","1","4480","8727","201","441936","32","10415","10415","64","112399","0","128","118","368955","353","160"
"r3","weapon","A","both-off","4200","21600","32","32","0","32","32","0","0","128","6541","64390","110","0","711","12550906","555","0","48","0","250","0","1422603","84990","5666","0","33450","6546233","0","0","17806","0","491","0","297085","82672","440","36282","153600","96000","1135","2969460","1374","0","0","777355","96","0","32000","8315","3162","227750","0","4480","8841","205","504824","32","11477","11477","64","125537","0","128","119","424068","367","160"
"r3","weapon","A","both-off","4500","21600","32","32","0","32","32","0","0","128","6630","76385","114","0","764","13532230","581","0","50","0","262","0","1541540","97335","6489","0","38814","7406666","0","0","19375","0","493","0","338476","92480","458","35576","288000","192000","1172","3392629","1435","0","0","848278","96","0","32000","9266","3258","235055","4","4480","8951","206","565438","32","12524","12524","64","141511","0","128","119","471712","385","160"
"r3","weapon","A","both-off","4800","21600","32","32","0","32","32","0","0","128","6415","87580","117","0","812","14494317","608","0","51","0","278","0","1645945","107235","7149","0","41807","8320815","0","0","21320","0","494","0","375946","104798","478","34368","153600","288000","1185","3833877","1496","0","0","944682","96","0","32000","10440","3514","250349","1","4480","8732","204","640132","32","13954","13954","64","159764","0","128","119","534569","407","160"
"r3","weapon","A","both-off","5100","21600","32","32","0","32","32","0","0","128","6213","98156","122","0","845","15335228","626","0","53","0","283","0","1751378","117165","7811","0","43989","9267409","0","0","23105","0","494","0","415231","114354","490","33914","96000","115200","1225","4290543","1548","0","0","1015330","96","0","32000","11413","3579","260468","4","4480","8613","200","698519","32","14992","14992","64","173435","0","128","119","581427","414","160"
"r3","weapon","A","both-off","5400","21600","32","32","0","32","32","0","0","128","6022","105866","127","0","895","16076796","647","0","56","0","294","0","1846537","126825","8455","0","48627","10225910","0","0","24867","0","495","0","447232","125312","509","33542","288000","115200","1233","4761983","1598","0","0","1084881","96","0","32000","12447","3565","258386","1","4480","8393","193","765042","32","16012","16012","96","191445","0","128","121","635050","427","160"
"r3","weapon","A","both-off","5700","21600","32","32","0","32","32","0","0","128","6058","113671","128","0","929","16897079","661","0","57","0","301","0","1941810","138435","9229","0","50280","11266670","0","0","26881","0","495","0","478858","136084","518","32654","230400","288000","1275","5250533","1648","0","0","1187042","96","0","32000","13502","4019","290224","5","4480","8469","194","830845","32","17521","17521","96","209041","0","128","123","687777","438","160"
"r3","weapon","A","both-off","6000","21600","32","32","0","32","32","0","0","128","5906","119447","136","0","959","17487563","687","0","58","0","312","0","2032502","148305","9887","0","52357","12339986","0","0","28763","0","496","0","503807","146130","538","32412","96000","192000","1295","5750804","1689","0","0","1261035","96","0","32000","14513","4109","300048","2","4480","8378","194","892208","32","18622","18622","96","227214","0","128","123","733773","452","160"
"r3","weapon","A","both-off","6300","21600","32","32","0","32","32","0","0","128","5800","124820","138","0","970","18095589","698","0","58","0","319","0","2125136","158550","10570","0","55165","13452795","0","0","30813","0","496","0","533356","158546","547","31862","230400","96000","1314","6260850","1708","0","0","1335319","96","0","32000","15704","4014","293235","1","4480","8248","192","967265","32","19718","19718","96","247161","0","128","124","794923","461","160"
"r3","weapon","A","both-off","6600","21600","32","32","0","32","32","0","0","128","6079","130193","145","0","979","18787662","727","0","59","0","329","0","2222084","171840","11456","0","59778","14629389","0","0","32792","0","496","0","563053","168532","565","31284","288000","268800","1339","6778174","1733","0","0","1437895","96","0","32000","16706","4521","331480","0","4480","8584","199","1028699","32","21227","21227","96","263662","0","128","124","842753","477","160"
"r3","weapon","A","both-off","6900","21600","32","32","0","32","32","0","0","128","5642","135566","146","0","981","19374403","736","0","59","0","336","0","2322868","180315","12021","0","62233","15839303","0","0","34756","0","497","0","594727","180674","573","30628","96000","268800","1357","7300608","1751","0","0","1511608","96","0","32000","17874","4469","329214","3","4480","8405","197","1102058","32","22343","22343","96","284787","0","128","124","897607","485","160"
"r3","weapon","A","both-off","7200","21600","32","32","0","32","32","0","0","128","6124","140159","151","0","990","19999516","758","0","62","0","343","0","2420824","193740","12916","0","63581","17091026","0","0","36847","0","500","0","629405","192548","588","30104","153600","96000","1330","7827348","1759","0","0","1587064","96","0","32000","18998","4471","325661","1","4480","8773","204","1175423","32","23469","23469","128","302809","0","128","124","958594","495","160"
"r3","weapon","A","both-off","7500","21600","32","32","0","32","32","0","0","128","6348","144659","155","0","1000","20611526","775","0","64","0","350","0","2516150","207240","13816","0","72191","18397244","0","0","38854","0","502","0","663356","203682","601","29822","288000","192000","1354","8359630","1783","0","0","1699347","96","0","32000","20093","5047","367307","3","4480","8977","207","1243924","32","25140","25140","128","324296","0","128","124","1007744","504","160"
"r3","weapon","A","both-off","7800","21600","32","31","1","31","31","0","0","124","5891","149159","154","0","1011","20079915","764","0","62","0","349","0","2410766","212535","14169","0","67994","18888952","0","0","40028","0","501","0","642474","209562","596","29170","148800","279000","1330","8686349","1759","0","0","1716811","93","0","31000","20638","4773","347491","3","4340","8548","197","1278872","31","25411","25411","124","340353","0","124","120","1028967","499","155"
"r3","weapon","A","both-off","8100","21600","32","31","1","31","31","0","0","124","6180","154271","157","0","1016","20643039","775","0","63","0","353","0","2498240","226350","15090","0","69294","20235666","0","0","42128","0","502","0","671219","220366","604","28912","93000","111600","1341","9215461","1770","0","0","1795222","93","0","31000","21732","4871","355961","0","4340","8931","206","1344954","31","26603","26603","124","358705","0","124","120","1080556","504","155"
"r3","weapon","A","both-off","8400","21600","32","30","2","30","30","0","0","120","5625","148582","154","0","999","19842333","771","0","63","0","350","0","2415763","226815","15121","0","74333","20614531","0","0","42776","0","497","0","657896","224656","597","28608","270000","108000","1300","9496543","1722","0","0","1830945","90","0","30000","22088","5056","365017","1","4200","8383","198","1370260","30","27144","27144","120","377209","0","120","116","1088719","501","150"
"r3","weapon","A","both-off","8700","21600","32","29","3","29","29","0","0","116","5647","129834","152","0","1009","19094384","763","0","62","0","344","0","2245309","235485","15699","0","73995","21106519","0","0","43780","0","468","0","634246","229854","587","27998","208800","261000","1250","9757293","1685","0","0","1845759","87","0","29000","22563","4811","347266","1","4060","8233","192","1403275","29","27374","27374","116","393790","0","116","112","1104703","493","145"
"r3","weapon","A","both-off","9000","21600","32","29","3","29","29","0","0","116","5536","134280","154","0","1011","19511508","775","0","63","0","350","0","2309625","246150","16410","0","75760","22442349","0","0","45858","0","468","0","659377","240280","596","27896","87000","174000","1256","10263809","1691","0","0","1921835","87","0","29000","23581","4910","355625","0","4060","8360","192","1467612","29","28491","28491","145","418969","0","116","113","1147241","500","145"
"r3","weapon","A","both-off","9300","21600","32","29","3","29","29","0","0","116","5375","138756","159","0","1011","19977237","790","0","63","0","356","0","2376097","257340","17156","0","77314","23851479","0","0","48044","0","468","0","684425","253736","607","27570","208800","87000","1264","10772789","1699","0","0","2036017","87","0","29000","24861","5306","382853","1","4060","8227","193","1548537","29","30167","30167","145","443142","0","116","113","1210022","509","145"
"r3","weapon","A","both-off","9600","21600","32","29","3","29","29","0","0","116","5670","144105","162","0","1011","20453684","806","0","63","0","363","0","2444489","272865","18191","0","83738","25331017","0","0","50281","0","470","0","713008","264164","617","27316","261000","243600","1272","11283689","1707","0","0","2119820","87","0","29000","25923","5481","400781","3","4060","8386","195","1611910","29","31404","31404","145","463701","0","116","113","1255338","521","145"
"r3","weapon","A","both-off","9900","21600","32","29","3","29","29","0","0","116","5331","148986","166","0","1021","20859138","826","0","64","0","369","0","2507955","281820","18788","0","85609","26832924","0","0","52556","0","470","0","743871","277754","628","26748","87000","243600","1236","11796509","1711","0","0","2201093","87","0","29000","27199","5420","395522","0","4060","8268","193","1694624","29","32619","32619","145","494583","0","116","113","1310988","533","145"
"r3","weapon","A","both-off","10200","21600","32","28","4","28","28","0","0","112","5333","153468","163","0","1009","19282352","797","0","62","0","357","0","2330232","276405","18427","0","74002","27091544","0","0","53302","0","451","0","716302","276336","610","26392","134400","84000","1214","11961515","1655","0","0","2204472","84","0","28000","27064","5656","407563","6","3920","8094","190","1685765","28","32720","32720","140","503706","0","112","110","1293203","510","140"
"r3","weapon","A","both-off","10500","21600","32","28","4","28","28","0","0","112","5407","157950","163","0","1009","19666018","813","0","64","0","367","0","2383332","289500","19300","0","81964","28626503","0","0","55674","0","452","0","744171","288054","622","26138","252000","168000","1214","12458015","1655","0","0","2282811","84","0","28000","28213","5694","412249","3","3920","8114","189","1757160","28","33907","33907","140","530133","0","112","110","1340429","524","140"
"r3","weapon","A","both-off","10800","21600","32","27","5","27","27","0","0","108","5146","163053","157","0","972","19707450","799","0","64","0","364","0","2391949","295140","19676","0","80890","29260429","0","0","56306","0","449","0","761191","295890","612","25712","129600","243000","1156","12497985","1595","0","0","2310565","81","0","27000","28868","5384","389426","0","3780","7814","183","1805611","27","34252","34252","162","546384","0","108","106","1374755","517","135"
"r3","weapon","A","both-off","11100","21600","32","27","5","27","27","0","0","108","5253","169983","157","0","982","20002157","804","0","64","0","368","0","2431456","307455","20497","0","81615","31090545","0","0","58909","0","450","0","795510","309118","616","25456","81000","97200","1127","12976559","1597","0","0","2529285","81","0","27000","30240","7292","523705","4","3780","7305","168","1886671","54","37532","37532","162","570872","0","108","106","1434708","522","135"
"r3","weapon","A","both-off","11400","21600","32","27","5","27","27","0","0","108","4973","177315","161","0","982","20272291","819","0","66","0","375","0","2466856","315915","21061","0","89080","33107733","0","0","62318","0","450","0","838633","328338","629","24780","243000","97200","1127","13455659","1597","0","0","2690212","81","0","27000","32136","7704","558170","5","3780","6468","149","2003962","54","39840","39840","162","616802","0","108","107","1515240","530","135"
"r3","weapon","A","both-off","11700","21600","32","27","5","27","27","0","0","108","5056","185973","162","0","982","20636479","830","0","66","0","382","0","2502256","327000","21800","0","91094","35267214","0","0","66164","0","450","0","895243","351616","637","23726","194400","243000","1127","13934759","1597","0","0","2842002","81","0","27000","34320","7756","557319","3","3780","5907","134","2149641","54","42076","42076","162","664028","0","108","108","1620655","540","135"
"r3","weapon","A","both-off","12000","21600","32","27","5","27","27","0","0","108","4111","194631","162","0","982","21006548","845","0","67","0","393","0","2537656","330615","22041","0","92211","37490587","0","0","69599","0","450","0","958575","372330","649","23050","81000","162000","1127","14413859","1597","0","0","3039857","81","0","27000","36343","8645","623832","5","3780","5614","128","2276205","54","44988","44988","162","716786","0","108","108","1699239","554","135"
"r3","weapon","A","both-off","12300","21600","32","26","6","26","26","0","0","104","3372","203289","158","0","947","21022529","830","0","64","0","388","0","2496161","328335","21889","0","93637","38628377","0","0","71465","0","443","0","990253","387150","636","21262","187200","78000","1091","14359349","1537","0","0","3096661","78","0","26000","37707","8134","580793","1","3640","5087","115","2365210","52","45841","45841","156","767468","0","104","104","1748400","549","130"
"r3","weapon","A","both-off","12600","21600","32","25","7","25","25","0","0","100","2553","87237","149","0","947","16861370","795","0","61","0","376","0","2055515","301875","20125","0","78172","38287758","0","0","72325","0","440","0","777303","382100","611","19478","225000","210000","1031","14331749","1477","0","0","3049306","75","0","25000","37282","7822","565176","6","3500","4238","95","2333639","50","45104","45104","175","805904","0","100","100","1678226","534","125"
"r3","weapon","A","both-off","12900","21600","32","25","7","25","25","0","0","100","1983","88119","149","0","947","17017646","808","0","61","0","385","0","2073215","304545","20303","0","80458","40493278","0","0","75687","0","440","0","815203","404000","620","18382","75000","210000","1031","14774849","1477","0","0","3226909","75","0","25000","39371","8369","605692","1","3500","3518","78","2467327","50","47740","47740","175","867333","0","100","100","1753884","547","125"
"r3","weapon","A","both-off","13200","21600","32","25","7","25","25","0","0","100","1965","89001","150","0","947","17185038","819","0","61","0","392","0","2090915","309780","20652","0","81481","42777397","0","0","79268","0","440","0","850783","423266","628","17176","120000","75000","1031","15217949","1477","0","0","3352849","75","0","25000","41235","8375","604981","4","3500","3317","70","2584970","50","49610","49610","175","913893","0","100","100","1833975","557","125"
"r3","weapon","A","both-off","13500","21600","32","24","8","24","24","0","0","96","1972","84129","145","0","906","16927518","794","0","58","0","380","0","2064613","304605","20307","0","81103","42887660","0","0","78871","0","435","0","865041","424108","607","16730","216000","144000","989","15021029","1417","0","0","3336114","72","0","24000","41346","8042","584919","4","3360","3100","66","2589003","48","49388","49388","168","925998","0","96","96","1825197","541","120"
"r3","weapon","A","both-off","13800","21600","32","23","9","23","23","0","0","92","1593","85011","142","0","862","16894938","782","0","56","0","374","0","2056076","304185","20279","0","80766","43577429","0","0","79380","0","430","0","886287","433284","595","14906","110400","207000","944","14774755","1358","0","0","3396635","69","0","23000","42122","8168","584492","1","3220","2720","55","2645756","46","50290","50290","161","956079","0","92","92","1856064","536","115"
"r3","weapon","A","both-off","14100","21600","32","23","9","23","23","0","0","92","1601","85893","144","0","862","17081108","788","0","56","0","377","0","2073776","308385","20559","0","81354","45840849","0","0","82456","0","430","0","922875","447820","600","14096","69000","82800","944","15182155","1358","0","0","3513090","69","0","23000","43620","8352","609818","6","3220","2898","60","2734009","46","51972","51972","161","994520","0","92","92","1908752","540","115"
"r3","weapon","A","both-off","14400","21600","32","23","9","23","23","0","0","92","1295","86775","146","0","862","17234167","795","0","56","0","380","0","2091476","311430","20762","0","86759","48152966","0","0","85371","0","430","0","958960","466310","605","13472","207000","82800","944","15589555","1358","0","0","3624402","69","0","23000","45384","8248","599500","1","3220","2821","57","2846110","46","53632","53632","184","1046790","0","92","92","1978112","545","115"
"r3","weapon","A","both-off","14700","21600","32","22","10","22","22","0","0","88","1460","78102","141","0","830","16440908","767","0","53","0","370","0","2012115","303855","20257","0","83826","48347969","0","0","84909","0","428","0","965128","465438","586","11922","158400","198000","911","15334093","1298","0","0","3638962","66","0","22000","45266","8657","618418","7","3080","2881","63","2841722","44","53923","53923","176","1062077","0","88","88","1958467","527","110"
"r3","weapon","A","both-off","15000","21600","32","21","11","21","21","0","0","84","1469","78984","136","0","795","15983132","744","0","50","0","359","0","1950780","299040","19936","0","80428","48145907","0","0","84435","0","425","0","971529","463072","566","11270","63000","126000","875","15030109","1238","0","0","3605158","63","0","21000","45048","8437","604068","6","2940","2757","58","2827220","42","53485","53485","168","1065837","0","84","84","1935253","513","105"
"r3","weapon","A","both-off","15300","21600","32","19","13","19","19","0","0","76","1121","77250","115","0","696","15886065","679","0","44","0","339","0","1941897","269895","17993","0","78768","45276611","0","0","78739","0","413","0","983004","432074","517","10116","136800","57000","774","13807881","1118","0","0","3337304","57","0","19000","42005","7527","541247","3","2660","2219","49","2636535","38","49532","49532","152","947188","0","76","76","1848869","482","95"
"r3","weapon","A","both-off","15600","21600","32","19","13","19","19","0","0","76","1212","78132","116","0","696","16082730","684","0","44","0","341","0","1959597","274320","18288","0","83861","47472775","0","0","81532","0","413","0","1025987","445004","520","9346","171000","159600","774","14143281","1118","0","0","3474503","57","0","19000","43334","8228","595262","6","2660","2325","50","2714926","38","51562","51562","152","983219","0","76","76","1896022","485","95"
"r3","weapon","A","both-off","15900","21600","32","18","14","18","18","0","0","72","794","78987","112","0","656","15781003","653","0","44","0","321","0","1929292","257400","17160","0","83277","46787471","0","0","78617","0","320","0","1031335","432500","495","8572","54000","151200","733","13699784","1058","0","0","3352798","54","0","18000","42133","7581","557455","1","2520","1925","40","2637226","36","49714","49714","144","951491","0","72","72","1843852","460","90"
"r3","weapon","A","both-off","16200","21600","32","17","15","17","17","0","0","68","905","76928","106","0","617","15467528","624","0","42","0","308","0","1894006","251085","16739","0","81731","46529876","0","0","76873","0","319","0","1034094","426046","473","7450","81600","51000","693","13226350","998","0","0","3287121","51","0","17000","41484","7222","529609","2","2380","1992","40","2598169","34","48706","48706","153","954969","0","68","68","1802543","439","85"
"r3","weapon","A","both-off","16500","21600","32","17","15","17","17","0","0","68","961","77807","107","0","617","15656875","631","0","42","0","313","0","1911706","254850","16990","0","88304","48659364","0","0","79095","0","319","0","1057846","438394","479","6902","153000","102000","693","13525750","998","0","0","3418098","51","0","17000","42699","7939","581395","5","2380","2118","45","2673562","34","50638","50638","153","988025","0","68","68","1848678","444","85"
"r3","weapon","A","both-off","16800","21600","32","14","18","14","14","0","0","56","621","36468","85","0","507","13653683","521","0","36","0","259","0","1698501","211695","14113","0","80295","41541182","0","0","65805","0","307","0","952237","374974","394","6094","67200","126000","580","11369253","818","0","0","2890512","42","0","14000","36383","6375","461973","1","1960","1613","34","2287213","28","42758","42758","126","872134","0","56","56","1556405","367","70"
"r3","weapon","A","both-off","17100","21600","32","13","19","13","13","0","0","52","1023","37323","81","0","468","13516384","486","0","34","0","244","0","1662440","207690","13846","0","77579","40740015","0","0","63522","0","306","0","940325","364292","372","5774","39000","46800","540","10770519","758","0","0","2802718","39","0","13000","35355","6067","442848","2","1820","1891","42","2222956","26","41422","41422","117","852584","0","52","52","1507286","344","65"
"r3","weapon","A","both-off","17400","21600","32","12","20","12","12","0","0","48","843","38178","72","0","418","13606395","457","0","30","0","234","0","1668988","194850","12990","0","83520","39609554","0","0","59732","0","305","0","938559","346782","348","5360","108000","43200","489","10092819","698","0","0","2684376","36","0","12000","33649","5982","441626","1","1680","1677","36","2115587","24","39631","39631","108","774797","0","48","48","1467953","332","60"
"r3","weapon","A","both-off","17700","21600","32","11","21","11","11","0","0","44","912","39033","69","0","406","11514488","422","0","27","0","215","0","1314175","181575","12105","0","73321","37308462","0","0","56652","0","303","0","851460","325506","322","4386","79200","99000","476","9507519","638","0","0","2513371","33","0","11000","31559","5537","403256","1","1540","1597","34","1986620","22","37096","37096","99","750158","0","44","44","1359957","305","55"
"r3","weapon","A","both-off","18000","21600","32","11","21","11","11","0","0","44","681","39888","69","0","406","11688230","424","0","27","0","216","0","1331875","183570","12238","0","73549","38874691","0","0","58269","0","303","0","870210","334098","323","4182","33000","66000","476","9698919","638","0","0","2581237","33","0","11000","32410","5642","414951","4","1540","1507","32","2038921","22","38052","38052","110","774128","0","44","44","1392158","307","55"
"r3","weapon","A","both-off","18300","21600","32","9","23","9","9","0","0","36","549","40717","59","0","321","11452264","363","0","24","0","179","0","1313798","168465","11231","0","71317","34340725","0","0","50648","0","299","0","839157","293050","271","3654","64800","27000","389","8205107","529","0","0","2264676","27","0","9000","28390","5042","373024","0","1260","1361","31","1787948","18","33432","33432","90","629216","0","36","36","1262436","263","45"
"r3","weapon","A","both-off","18600","21600","32","8","24","8","8","0","0","32","603","41572","51","0","276","11410586","330","0","22","0","166","0","1305388","157755","10517","0","76742","32596994","0","0","46442","0","296","0","843429","272616","247","3270","72000","67200","343","7388207","469","0","0","2107839","24","0","8000","26403","4643","350459","4","1120","1353","30","1663565","16","31046","31046","80","563980","0","32","32","1193400","240","40"
"r3","weapon","A","both-off","18900","21600","32","8","24","8","8","0","0","32","549","42427","51","0","276","11589178","332","0","22","0","168","0","1323088","159750","10650","0","77264","33918941","0","0","47673","0","296","0","869651","280780","249","2904","24000","67200","343","7528907","469","0","0","2160013","24","0","8000","27175","4645","350443","0","1120","1247","28","1713511","16","31820","31820","80","584077","0","32","32","1225493","242","40"
"r3","weapon","A","both-off","19200","21600","32","7","25","7","7","0","0","28","591","43282","46","0","240","11646782","301","0","21","0","150","0","1322777","155895","10393","0","76025","32369590","0","0","44324","0","285","0","874030","263484","224","2564","33600","21000","306","6817882","420","0","0","2028437","21","0","7000","25496","4421","330691","2","980","1181","27","1608878","14","29917","29917","70","539562","0","28","28","1158184","219","35"
"r3","weapon","A","both-off","19500","21600","32","7","25","7","7","0","0","28","621","44137","46","0","240","11875759","302","0","21","0","151","0","1340477","158265","10551","0","76584","33601792","0","0","45498","0","286","0","891046","270342","225","2242","63000","42000","306","6943882","420","0","0","2076072","21","0","7000","26133","4464","330280","1","980","1215","27","1650903","14","30597","30597","70","554741","0","28","28","1191051","220","35"
"r3","weapon","A","both-off","19800","21600","32","6","26","6","6","0","0","24","504","41484","39","0","205","11288584","264","0","18","0","130","0","1281667","133815","8921","0","74318","29860722","0","0","38851","0","267","0","861662","235454","193","1940","28800","54000","270","6086008","360","0","0","1804449","18","0","6000","22758","3787","281557","0","840","1051","23","1438008","12","26545","26545","66","463868","0","24","24","1059024","194","30"
"r3","weapon","A","both-off","20100","21600","32","5","27","5","5","0","0","20","537","42339","33","0","152","11452416","227","0","17","0","107","0","1295072","114555","7637","0","70220","25929473","0","0","31674","0","264","0","849936","201456","162","1750","15000","18000","216","5101691","300","0","0","1555795","15","0","5000","19501","3411","252041","2","700","1074","24","1230614","10","22912","22912","55","418797","0","20","20","884957","164","25"
"r3","weapon","A","both-off","20400","21600","32","5","27","5","5","0","0","20","450","43194","33","0","152","11639848","229","0","17","0","109","0","1312772","116190","7746","0","71068","26887701","0","0","32438","0","264","0","865100","207496","164","1658","45000","18000","216","5191691","300","0","0","1591653","15","0","5000","20057","3401","249556","0","700","992","22","1267516","10","23458","23458","55","432415","0","20","20","909682","166","25"
"r3","weapon","A","both-off","20700","21600","32","4","28","4","4","0","0","16","516","38418","23","0","111","11517560","195","0","15","0","96","0","1287537","113850","7590","0","67880","23737755","0","0","28371","0","223","0","835344","184854","138","1434","28800","36000","174","4208201","240","0","0","1401565","12","21","4000","17788","2820","206513","0","560","1004","22","1130322","8","20608","20629","44","387459","0","16","16","807593","146","20"
"r3","weapon","A","both-off","21000","21600","32","4","28","4","4","0","0","16","490","39273","23","0","111","11729456","196","0","15","0","97","0","1305237","115620","7708","0","68321","24570858","0","0","29004","0","223","0","855894","188360","139","1382","12000","24000","174","4280201","240","0","0","1438151","12","93","4000","18134","3020","220451","0","560","997","23","1152022","8","21154","21247","44","395960","0","16","16","821740","147","20"
"r3","weapon","A","both-off","21300","21600","32","4","28","4","4","0","0","16","454","40128","24","0","111","11937253","199","0","15","0","98","0","1322937","117240","7816","0","69361","25412889","0","0","29647","0","223","0","872161","193686","141","1314","28800","12000","174","4352201","240","0","0","1465484","12","137","4000","18666","2902","214926","0","560","976","22","1183572","8","21568","21705","44","407541","0","16","16","843017","149","20"
"r3","weapon","A","both-off","21600","21600","32","4","28","4","4","0","0","16","562","40983","24","0","111","12138052","199","0","15","0","98","0","1340637","119715","7981","0","69515","26269836","0","0","30266","0","223","0","889154","196918","141","1210","36000","33600","174","4424201","240","0","0","1491538","12","189","4000","18991","2981","219444","4","560","1060","25","1203574","8","21972","22161","48","416605","0","16","16","855489","149","20"
"r3","weapon","A","control","0","21600","32","32","0","32","32","0","0","128","2880","0","0","0","0","0","0","0","0","0","0","0","0","0","0","0","0","0","0","0","0","0","0","0","0","0","32","57600","192000","192000","192","0","192","0","0","0","96","0","32000","0","0","0","0","4480","2880","64","0","32","0","0","0","0","0","128","32","0","32","160"
"r3","weapon","A","control","300","21600","32","32","0","32","32","1236","0","128","2866","0","1","0","0","202295","5","0","0","0","2","0","51808","0","0","154","11","97395","0","11","86","0","0","0","1740","556","35","56680","230400","96000","224","61440","224","1236","0","43442","96","0","32000","61","579","38608","20","4480","3094","64","3473","32","640","640","0","1899","0","128","33","1699","36","160"
"r3","weapon","A","control","600","21600","32","32","0","32","32","5863","0","128","2830","765","19","0","11","623427","85","0","10","0","34","0","116979","960","64","452","33","294813","0","33","547","0","0","0","15903","2528","95","53862","288000","268800","278","138410","292","5949","0","76018","96","0","32000","272","848","56487","24","4480","3364","64","15812","32","1120","1120","0","6483","86","128","55","7099","80","160"
"r3","weapon","A","control","900","21600","32","32","0","32","32","10986","0","128","2653","2358","23","0","41","1229202","127","0","12","0","64","0","191806","1605","107","1056","65","529251","0","65","1342","0","0","0","24700","5810","131","51244","96000","268800","334","235557","350","11669","0","108976","96","0","32000","602","998","65682","18","4480","3486","65","36352","32","1600","1600","0","11887","683","128","68","19738","116","160"
"r3","weapon","A","control","1200","21600","32","32","0","32","32","17488","0","128","2685","6348","36","0","78","2108824","191","0","18","0","89","0","280246","3645","243","1530","92","789289","0","92","2565","0","0","0","39232","10812","175","50052","153600","96000","418","357721","442","19363","0","152707","96","0","32000","1078","1172","75711","7","4480","3828","84","67594","32","2250","2250","0","17962","1875","128","80","39671","153","160"
"r3","weapon","A","control","1500","21600","32","32","0","32","32","24349","0","128","3232","13860","45","0","108","3083218","242","0","19","0","121","0","380999","8640","576","2240","123","1065566","0","123","3647","0","0","0","53915","15814","217","48810","288000","192000","504","503172","528","27444","0","189604","96","0","32000","1579","1219","81792","16","4480","4647","101","97641","32","2798","2798","0","24040","3095","128","91","56328","191","160"
"r3","weapon","A","control","1800","21600","32","32","0","32","32","29021","0","128","3790","23748","53","0","121","4148357","283","0","24","0","142","0","494757","14205","947","2780","146","1369944","0","146","4797","0","0","0","71372","22172","251","47244","153600","288000","530","668244","566","33099","0","230337","96","0","32000","2204","1188","80279","4","4480","5518","121","136280","32","3392","3392","32","31335","4078","128","101","85624","215","160"
"r3","weapon","A","control","2100","21600","32","32","0","32","32","40986","0","128","4734","36711","61","0","145","5230191","334","0","30","0","163","0","614118","21585","1439","3472","178","1729077","0","178","5926","0","0","0","94759","28796","286","46398","96000","115200","577","851869","637","46020","0","299742","96","0","32000","2807","1611","109597","12","4480","6593","147","177504","32","4418","4418","32","36855","5034","128","104","107270","244","160"
"r3","weapon","A","control","2400","21600","32","32","0","32","32","53717","0","128","5879","49272","71","0","193","6369328","380","0","37","0","182","0","737636","30210","2014","4762","234","2123333","0","234","7036","0","0","0","118734","37840","322","45884","288000","115200","647","1055889","728","61101","0","360028","96","0","32000","3654","1624","113553","5","4480","7932","183","232273","32","5278","5278","32","45315","7384","128","108","140059","270","160"
"r3","weapon","A","control","2700","21600","32","32","0","32","32","59290","0","128","6953","61776","76","0","269","7548949","415","0","40","0","201","0","861479","39735","2649","5826","276","2576167","0","276","8427","0","0","0","149646","46630","349","43984","230400","288000","719","1287852","820","71086","0","422936","96","0","32000","4460","1764","118447","7","4480","9113","212","286941","32","6224","6224","32","54589","11796","128","111","178814","296","160"
"r3","weapon","A","control","3000","21600","32","32","0","32","32","69789","0","128","7329","76301","81","0","343","8644841","447","0","45","0","218","0","992666","48435","3229","6882","320","3072548","0","320","9675","0","0","0","187873","56668","376","43264","96000","192000","814","1552340","931","86865","0","514895","96","0","32000","5411","2180","148898","6","4480","9676","229","349088","32","7591","7591","32","64012","17076","128","115","215120","315","160"
"r3","weapon","A","control","3300","21600","32","32","0","32","32","76982","0","128","7523","91959","91","0","414","10007761","478","0","48","0","230","0","1130636","58920","3928","8408","391","3607346","0","391","11382","0","0","0","230634","68354","401","42186","230400","96000","910","1847760","1039","99174","0","587556","96","0","32000","6518","2131","145957","4","4480","9988","233","419766","32","8649","8649","32","75435","22192","128","116","266990","331","160"
"r3","weapon","A","control","3600","21600","32","32","0","32","32","86694","0","128","7572","109586","96","0","478","11322356","505","0","51","0","243","0","1267333","70800","4720","9700","443","4169256","0","443","13060","0","0","0","272495","77974","422","41128","288000","268800","962","2170940","1116","113844","0","658142","96","0","32000","7432","2274","156605","13","4480","10087","239","479071","32","9706","9706","64","86029","27150","128","116","301664","347","160"
"r3","weapon","A","control","3900","21600","32","32","0","32","32","93941","0","128","7434","127127","99","0","516","12532373","534","0","52","0","263","0","1412217","80175","5345","11338","507","4777588","0","507","14686","0","0","0","317669","91732","446","40204","96000","268800","1037","2520108","1191","127690","0","767315","96","0","32000","8723","2554","183761","2","4480","10052","236","562499","32","11277","11277","64","99716","33749","128","117","356148","371","160"
"r3","weapon","A","control","4200","21600","32","32","0","32","32","107252","0","128","7487","143165","105","0","547","13909618","559","0","57","0","272","0","1566200","92355","6157","12434","558","5430322","0","558","16420","0","0","0","369164","104524","466","38968","153600","96000","1105","2887549","1259","146049","0","847025","96","0","32000","9875","2576","180877","16","4480","10192","240","642219","32","12451","12451","64","111847","38797","128","117","408252","382","160"
"r3","weapon","A","control","4500","21600","32","32","0","32","32","123111","0","128","7510","159842","108","0","577","15243729","584","0","59","0","287","0","1729264","105195","7013","13526","604","6089545","0","604","18109","0","0","0","421310","116706","486","38204","288000","192000","1154","3272489","1308","167489","0","925044","96","0","32000","10979","2636","182504","9","4480","10238","241","717723","32","13615","13615","64","124430","44378","128","119","450621","401","160"
"r3","weapon","A","control","4800","21600","32","32","0","32","32","127035","0","128","7248","177617","112","0","598","16722525","611","0","62","0","301","0","1892602","115950","7730","14108","629","6794968","0","629","20112","0","0","0","476285","131504","507","37044","153600","288000","1134","3673238","1348","176310","0","1029618","96","0","32000","12402","2792","192004","4","4480","10040","234","807223","32","15194","15194","64","142344","49275","128","121","518960","419","160"
"r3","weapon","A","control","5100","21600","32","32","0","32","32","138392","0","128","7192","195453","115","0","638","17903801","634","0","64","0","311","0","2040648","127560","8504","14586","655","7496778","0","655","21859","0","0","0","523764","143946","522","36626","96000","115200","1157","4086410","1409","195260","0","1108594","96","0","32000","13584","2765","194925","8","4480","9956","233","883613","32","16349","16349","64","155224","56868","128","121","563185","432","160"
"r3","weapon","A","control","5400","21600","32","32","0","32","32","152712","0","128","7124","214172","122","0","678","18975959","657","0","65","0","321","0","2191889","138360","9224","15748","694","8180583","0","694","23536","0","0","0","569306","158554","540","36122","288000","115200","1212","4517870","1464","216967","0","1185480","96","0","32000","14908","2571","182827","2","4480","9936","232","973062","32","17479","17479","96","170498","64255","128","121","615188","444","160"
"r3","weapon","A","control","5700","21600","32","32","0","32","32","158583","0","128","7231","233828","127","0","712","20234956","673","0","65","0","329","0","2351271","152145","10143","16770","738","8920393","0","738","25410","0","0","0","623002","172002","553","35076","230400","288000","1275","4969204","1527","232570","0","1299839","96","0","32000","16159","3002","210932","1","4480","10125","234","1056585","32","19161","19161","96","184906","73987","128","121","671431","452","160"
"r3","weapon","A","control","6000","21600","32","32","0","32","32","168207","0","128","7130","253811","132","0","719","21360267","699","0","67","0","338","0","2517760","163425","10895","17330","763","9675860","0","763","27150","0","0","0","670767","184528","569","34584","96000","192000","1311","5433380","1563","248680","0","1383271","96","0","32000","17361","3047","218459","4","4480","10214","237","1132884","32","20408","20408","96","199545","80473","128","122","716587","466","160"
"r3","weapon","A","control","6300","21600","32","32","0","32","32","180509","0","128","7101","273966","136","0","720","22638563","719","0","68","0","348","0","2691305","176145","11743","17578","778","10454306","0","778","29082","0","0","0","725016","201142","584","33674","230400","96000","1320","5904781","1576","267595","0","1466137","96","0","32000","18868","2783","196708","4","4480","10198","238","1234345","32","21651","21651","96","215988","87086","128","122","785846","480","160"
"r3","weapon","A","control","6600","21600","32","32","0","32","32","192557","0","128","7251","291032","143","0","738","23885135","736","0","69","0","354","0","2858887","191775","12785","18176","800","11245594","0","800","30952","0","0","0","777131","214280","598","33062","288000","268800","1292","6383967","1608","287512","0","1578823","96","0","32000","20104","3240","228752","2","4480","10275","241","1315322","32","23344","23344","96","230940","94955","128","124","831619","488","160"
"r3","weapon","A","control","6900","21600","32","32","0","32","32","198061","0","128","6946","309014","149","0","758","24871916","757","0","70","0","362","0","3022667","202770","13518","18992","830","12039767","0","830","32907","0","0","0","821907","229226","613","32400","96000","268800","1337","6873237","1653","303089","0","1663025","96","0","32000","21494","3095","222676","2","4480","9953","231","1406630","32","24589","24589","96","247974","105028","128","124","889286","499","160"
"r3","weapon","A","control","7200","21600","32","32","0","32","32","208684","0","128","6883","327899","154","0","773","25994410","772","0","70","0","369","0","3192696","215760","14384","19426","847","12852356","0","847","35024","0","0","0","876268","243714","625","31798","153600","96000","1364","7374312","1680","322215","0","1747142","96","0","32000","22815","3007","214003","3","4480","9990","236","1496011","32","25822","25822","128","262615","113531","128","124","948309","507","160"
"r3","weapon","A","control","7500","21600","32","32","0","32","32","224140","0","128","7032","347378","157","0","773","27071265","796","0","71","0","381","0","3369730","229740","15316","19772","861","13701999","0","861","36953","0","0","0","926973","257838","641","31206","288000","192000","1390","7883772","1706","345328","0","1870361","96","0","32000","24114","3510","252604","1","4480","10188","239","1582806","32","27624","27624","128","279578","121188","128","125","992851","527","160"
"r3","weapon","A","control","7800","21600","32","31","1","31","31","216567","0","124","6619","363914","159","0","773","27028098","784","0","71","0","372","0","3348927","236325","15755","19172","836","14088162","0","836","37922","0","0","0","932031","264788","633","30736","148800","279000","1367","8189374","1683","345938","0","1895360","93","0","31000","24780","3222","232936","6","4340","9773","229","1624203","31","28002","28002","124","296077","129371","124","122","1020409","511","155"
"r3","weapon","A","control","8100","21600","32","31","1","31","31","226432","0","124","6671","384419","161","0","773","28075311","795","0","72","0","379","0","3523875","250125","16675","19368","846","14971199","0","846","39810","0","0","0","979623","278202","643","30306","93000","111600","1379","8696434","1695","364266","0","1985593","93","0","31000","26068","3217","241834","2","4340","9882","232","1706879","31","29285","29285","124","309200","137834","124","122","1070293","519","155"
"r3","weapon","A","control","8400","21600","32","31","1","31","31","238577","0","124","6485","404810","165","0","775","29090906","809","0","74","0","383","0","3704911","262545","17503","19584","856","15880200","0","856","41549","0","0","0","1026049","294598","653","29870","279000","111600","1394","9209675","1718","385235","0","2102695","93","0","31000","27536","3510","257642","1","4340","9820","233","1807628","31","31046","31046","124","329541","146658","124","122","1130277","525","155"
"r3","weapon","A","control","8700","21600","32","31","1","31","31","243648","0","124","6748","425384","171","0","789","30251380","833","0","75","0","393","0","3881434","279210","18614","19626","859","16806798","0","859","43519","0","0","0","1074658","309406","670","29218","223200","279000","1389","9728917","1747","398205","0","2190834","93","0","31000","28921","3446","252982","3","4340","10092","236","1898575","31","32367","32367","124","345691","154557","124","122","1193956","539","155"
"r3","weapon","A","control","9000","21600","32","31","1","31","31","255300","0","124","6639","446869","174","0","796","31312575","843","0","76","0","396","0","4058309","292935","19529","19772","868","17733414","0","868","45470","0","0","0","1122958","323062","677","29038","93000","186000","1407","10256345","1765","420088","0","2278208","93","0","31000","30188","3480","255353","1","4340","10157","237","1983116","31","33668","33668","155","362728","164788","124","122","1240039","544","155"
"r3","weapon","A","control","9300","21600","32","31","1","31","31","264103","0","124","6617","469369","177","0","796","32461906","865","0","76","0","407","0","4241107","308190","20546","19844","870","18714345","0","870","47602","0","0","0","1179671","340938","691","28568","223200","93000","1429","10790465","1787","440029","0","2408286","93","0","31000","31828","3756","273284","3","4340","10090","237","2092318","31","35584","35584","155","382569","175926","124","123","1312404","562","155"
"r3","weapon","A","control","9600","21600","32","31","1","31","31","274639","0","124","7012","491689","182","0","799","33680894","879","0","78","0","411","0","4429187","326970","21798","20174","881","19714680","0","881","49724","0","0","0","1233121","355516","702","28320","279000","260400","1454","11330039","1812","461106","0","2503854","93","0","31000","33205","3806","278322","0","4340","10344","245","2182925","31","37011","37011","155","397537","186467","124","123","1366889","568","155"
"r3","weapon","A","control","9900","21600","32","31","1","31","31","280070","0","124","6732","514009","183","0","801","34741401","888","0","78","0","418","0","4622556","338925","22595","20254","885","20725879","0","885","51919","0","0","0","1275061","371242","710","27836","93000","260400","1467","11875703","1825","474665","0","2597897","93","0","31000","34693","3723","276204","0","4340","10287","244","2278140","31","38416","38416","155","419242","194595","124","123","1427786","576","155"
"r3","weapon","A","control","10200","21600","32","31","1","31","31","288892","0","124","6860","537138","188","0","806","36049771","912","0","82","0","424","0","4820547","355500","23700","20326","889","21788693","0","889","54437","0","0","0","1329768","387752","725","27470","148800","93000","1483","12426743","1841","493455","0","2728400","93","0","31000","36222","4143","301460","0","4340","10394","246","2380249","31","40365","40365","155","436228","204563","124","123","1497257","585","155"
"r3","weapon","A","control","10500","21600","32","30","2","30","30","298460","0","120","6592","556766","183","0","772","36421332","893","0","81","0","415","0","4929669","359790","23986","19374","853","21984902","0","853","54274","0","0","0","1357939","388382","709","27146","270000","180000","1449","12565296","1782","498684","0","2723044","90","0","30000","36278","4010","296873","8","4200","10105","237","2383336","30","40288","40288","150","435759","200224","120","119","1491728","573","150"
"r3","weapon","A","control","10800","21600","32","30","2","30","30","301229","0","120","6438","580566","185","0","775","37636018","905","0","82","0","422","0","5126799","373470","24898","19386","854","23037161","0","854","56464","0","0","0","1411838","406556","719","26416","144000","270000","1437","13099896","1782","509303","0","2817598","90","0","30000","37946","3727","275720","0","4200","10011","237","2494234","30","41673","41673","180","459320","208074","120","119","1573255","582","150"
"r3","weapon","A","control","11100","21600","32","30","2","30","30","313937","0","120","6623","603336","189","0","787","38860040","918","0","84","0","426","0","5312289","390630","26042","19398","855","24440924","0","855","58730","0","0","0","1500205","423850","729","26042","90000","108000","1404","13634619","1785","531877","0","3088974","90","0","30000","39631","6002","438018","6","4200","9651","227","2602083","60","45633","45633","180","477721","217940","120","119","1641358","587","150"
"r3","weapon","A","control","11400","21600","32","30","2","30","30","330635","0","120","6300","626298","194","0","790","40064076","938","0","85","0","434","0","5491794","402150","26810","19510","860","26053302","0","860","61836","0","0","0","1602469","450726","743","24932","270000","108000","1392","14170119","1785","566648","0","3281691","90","0","30000","42177","6304","460443","6","4200","8917","208","2767789","60","48481","48481","180","512440","236013","120","119","1742160","598","150"
"r3","weapon","A","control","11700","21600","32","29","3","29","29","311619","0","116","5964","632574","185","0","799","38905946","917","0","83","0","429","0","5235664","401760","26784","18734","823","26659715","0","823","63771","0","0","0","1605179","462052","726","23252","208800","261000","1296","14273083","1725","570416","0","3333891","87","0","29000","43184","6047","437379","9","4060","7892","183","2840339","58","49231","49231","174","535037","258797","116","116","1791059","591","145"
"r3","weapon","A","control","12000","21600","32","29","3","29","29","323098","0","116","5211","652068","188","0","799","40225403","934","0","84","0","438","0","5379664","408990","27266","18844","828","28333375","0","828","67548","0","0","0","1702410","489192","739","22344","87000","174000","1296","14790583","1725","604465","0","3566564","87","0","29000","45774","6919","505071","13","4060","7643","177","3007055","58","52693","52693","174","572798","281367","116","116","1884230","603","145"
"r3","weapon","A","control","12300","21600","32","29","3","29","29","331754","0","116","4657","671562","191","0","799","41557736","952","0","84","0","448","0","5523664","416055","27737","18868","830","30005776","0","830","71691","0","0","0","1802766","523898","752","19946","208800","87000","1296","15308083","1725","638561","0","3737826","87","0","29000","48982","6241","456819","8","4060","7227","168","3217592","58","55223","55223","174","624137","306807","116","116","2018309","614","145"
"r3","weapon","A","control","12600","21600","32","27","5","27","27","315706","0","108","3897","520953","173","0","764","39151740","886","0","80","0","425","0","5103156","399465","26631","17298","766","29302232","0","766","70319","0","0","0","1749186","509606","705","18772","243000","226800","1201","14800695","1605","626681","0","3627333","81","0","27000","47766","5850","437354","7","3780","6551","150","3128883","54","53616","53616","189","629679","310975","108","108","1933619","580","135"
"r3","weapon","A","control","12900","21600","32","26","6","26","26","297539","0","104","3042","422466","169","0","772","36955677","857","0","79","0","412","0","4728011","385605","25707","16700","731","29397904","0","731","71595","0","0","0","1683553","514260","686","17254","78000","218400","1109","14779204","1545","626539","0","3669266","78","0","26000","48175","6097","455418","2","3640","5403","124","3156537","52","54272","54272","182","665755","329000","104","104","1921554","558","130"
"r3","weapon","A","control","13200","21600","32","25","7","25","25","302681","0","100","2982","432633","162","0","723","37956228","840","0","78","0","406","0","4815836","383850","25590","16650","732","29969267","0","732","72323","0","0","0","1743655","523798","671","15814","120000","75000","1039","14553528","1485","632070","0","3700435","75","0","25000","49014","5737","426146","6","3500","5038","112","3216090","50","54751","54751","175","679460","329389","100","100","1962759","549","125"
"r3","weapon","A","control","13500","21600","32","24","8","24","24","283157","0","96","2773","306381","153","0","723","34777498","812","0","76","0","397","0","4373091","371370","24758","15676","687","29386009","0","687","72274","0","0","0","1625876","520038","650","15294","216000","144000","979","14463021","1425","633247","0","3650662","72","0","24000","48706","5235","402077","6","3360","4449","100","3192844","48","53941","53941","168","692272","350090","96","96","1923066","537","120"
"r3","weapon","A","control","13800","21600","32","21","11","21","21","246981","0","84","2006","307473","133","0","635","30385666","719","0","70","0","343","0","3832851","320850","21390","13410","586","26127510","0","586","64189","0","0","0","1414789","470702","567","13802","100800","189000","829","12967732","1245","566218","0","3284513","63","0","21000","43920","4559","343634","6","2940","3292","72","2890821","42","48479","48479","147","632452","319237","84","84","1742209","473","105"
"r3","weapon","A","control","14100","21600","32","20","12","20","20","225658","0","80","1840","254258","128","0","623","27726167","688","0","67","0","327","0","3473986","301290","20086","12462","547","25551405","0","547","63319","0","0","0","1335157","457384","542","13210","60000","72000","817","12769609","1185","545887","0","3188960","60","0","20000","42784","4367","331222","7","2800","3157","70","2808001","40","47151","47151","140","641297","320229","80","80","1670554","450","100"
"r3","weapon","A","control","14400","21600","32","19","13","19","19","193793","0","76","1323","216553","123","0","623","23089694","654","0","66","0","309","0","2941241","269970","17998","11704","505","24627356","0","505","62753","0","0","0","1082099","441220","517","12554","171000","68400","757","12530208","1125","532527","0","3044928","57","0","19000","41312","3751","288750","0","2660","2507","54","2706607","38","45063","45063","152","668696","338734","76","76","1554955","421","95"
"r3","weapon","A","control","14700","21600","32","19","13","19","19","196589","0","76","1445","220108","123","0","623","23414888","656","0","66","0","311","0","2977241","273900","18260","11704","505","25694155","0","505","65410","0","0","0","1110748","457528","519","11076","136800","171000","757","12867708","1125","553153","0","3182573","57","0","19000","42847","4300","322989","6","2660","2597","55","2807629","38","47147","47147","152","700957","356564","76","76","1605474","423","95"
"r3","weapon","A","control","15000","21600","32","18","14","18","18","166091","0","72","1209","138691","112","0","623","19646819","624","0","64","0","301","0","2390496","259140","17276","11086","469","24499717","0","469","64557","0","0","0","947282","441884","495","10676","54000","108000","697","12576712","1065","537966","0","3059677","54","0","18000","41432","3865","299850","3","2520","2191","49","2710787","36","45297","45297","144","695456","371875","72","72","1526405","408","90"
"r3","weapon","A","control","15300","21600","32","17","15","17","17","165093","0","68","888","139546","106","0","572","19736381","592","0","59","0","289","0","2401124","247590","16506","10838","459","24335369","0","459","62867","0","0","0","951737","434104","471","9804","122400","51000","645","12090046","1005","526827","0","2982062","51","0","17000","40674","3476","269515","2","2380","1767","35","2662119","34","44150","44150","136","656280","361734","68","68","1529440","393","85"
"r3","weapon","A","control","15600","21600","32","16","16","16","16","146521","0","64","868","82374","102","0","560","16683049","557","0","53","0","272","0","2043759","221790","14786","10012","417","23218211","0","417","60759","0","0","0","866805","413046","443","8990","144000","134400","633","11728575","945","498289","0","2862230","48","0","16000","38816","3622","282085","5","2240","1742","36","2532078","32","42438","42438","128","652386","351768","64","64","1429470","371","80"
"r3","weapon","A","control","15900","21600","32","14","18","14","14","140106","0","56","703","79570","86","0","474","16064220","485","0","47","0","238","0","1991565","185115","12341","8698","370","20231302","0","370","51845","0","0","0","835237","364240","385","8658","42000","117600","545","10412430","825","434316","0","2503109","42","0","14000","34202","2992","234239","0","1960","1431","30","2232489","28","37194","37194","112","581534","294210","56","56","1253020","325","70"
"r3","weapon","A","control","16200","21600","32","13","19","13","13","112833","0","52","651","68830","80","0","462","11716828","448","0","43","0","217","0","1515820","150120","10008","8006","329","18504906","0","329","48787","0","0","0","673937","334224","353","7814","62400","39000","533","9960384","765","395981","0","2292393","39","0","13000","31400","2664","208951","1","1820","1316","26","2048483","26","34064","34064","117","571069","283148","52","52","1116392","297","65"
"r3","weapon","A","control","16500","21600","32","13","19","13","13","116258","0","52","667","69685","82","0","462","11916112","450","0","43","0","217","0","1533820","152655","10177","8126","333","19261690","0","333","50381","0","0","0","695117","344472","355","7620","117000","78000","533","10189884","765","409683","0","2390373","39","0","13000","32367","3135","242950","3","1820","1315","27","2111672","26","35502","35502","117","593579","293425","52","52","1144161","297","65"
"r3","weapon","A","control","16800","21600","32","11","21","11","11","115118","0","44","568","70540","71","0","364","11954606","397","0","39","0","193","0","1527886","146865","9791","7100","292","17454543","0","292","45677","0","0","0","656967","316368","314","6856","52800","99000","433","8751803","648","366095","0","2174345","33","0","11000","29721","2569","202652","1","1540","1197","24","1938270","22","32290","32290","99","556005","250977","44","44","1049593","264","55"
"r3","weapon","A","control","17100","21600","32","9","23","9","9","100192","0","36","519","40077","52","0","292","10459145","322","0","35","0","157","0","1376677","113235","7549","5464","228","14519958","0","228","36725","0","0","0","585382","260300","253","6486","27000","32400","359","7280241","528","293042","0","1785193","27","0","9000","24467","2081","163004","3","1260","1042","21","1594483","18","26548","26548","81","494083","192850","36","36","835064","215","45"
"r3","weapon","A","control","17400","21600","32","9","23","9","9","102573","0","36","405","40932","53","0","292","10635986","331","0","35","0","161","0","1394677","114555","7637","5464","228","15083218","0","228","37876","0","0","0","602131","270056","258","6272","81000","32400","359","7438641","528","303846","0","1852014","27","0","9000","25326","2230","169424","0","1260","947","18","1654606","18","27556","27556","81","515790","201273","36","36","862954","221","45"
"r3","weapon","A","control","17700","21600","32","9","23","9","9","103367","0","36","499","41787","53","0","293","10848294","331","0","35","0","161","0","1412679","116580","7772","5464","228","15661047","0","228","39168","0","0","0","620974","278526","258","5640","64800","81000","360","7597101","529","311153","0","1904904","27","0","9000","26137","2183","169018","0","1260","1085","23","1706603","18","28320","28320","81","536046","207786","36","36","888687","221","45"
"r3","weapon","A","control","18000","21600","32","8","24","8","8","92788","0","32","498","22584","45","0","275","9850272","300","0","33","0","146","0","1192360","111090","7406","4930","203","14496943","0","203","36725","0","0","0","553116","256588","232","5454","24000","48000","342","6945619","469","279388","0","1756057","24","0","8000","24083","2008","156190","1","1120","1090","22","1572621","16","26091","26091","80","516808","186600","32","32","803671","200","40"
"r3","weapon","A","control","18300","21600","32","8","24","8","8","94120","0","32","438","23439","46","0","275","10051239","306","0","33","0","149","0","1210360","112680","7512","4930","203","15051751","0","203","37924","0","0","0","567473","265958","236","5182","57600","24000","342","7086319","469","286934","0","1822851","24","0","8000","24935","2152","163664","2","1120","1008","21","1630013","16","27087","27087","80","538511","192814","32","32","833742","204","40"
"r3","weapon","A","control","18600","21600","32","8","24","8","8","96702","0","32","625","24294","46","0","279","10251770","309","0","33","0","152","0","1228362","115395","7693","4946","204","15625394","0","204","39042","0","0","0","584250","273082","239","4854","72000","67200","346","7227310","473","295819","0","1874625","24","0","8000","25639","2198","171271","1","1120","1161","25","1673663","16","27837","27837","80","553486","199117","32","32","854049","207","40"
"r3","weapon","A","control","18900","21600","32","8","24","8","8","98142","0","32","507","25149","46","0","279","10406207","310","0","33","0","153","0","1246362","116940","7796","5034","207","16205212","0","207","40180","0","0","0","598170","281272","240","4560","24000","67200","346","7369210","473","302882","0","1926151","24","0","8000","26387","2196","171651","0","1120","1080","22","1723723","16","28583","28583","80","575601","204740","32","32","876017","208","40"
"r3","weapon","A","control","19200","21600","32","8","24","8","8","100713","0","32","604","26049","46","0","279","10598357","312","0","33","0","155","0","1264362","119325","7955","5034","207","16814263","0","207","41402","0","0","0","613305","290656","242","4302","38400","24000","346","7511110","473","312135","0","1995336","24","0","8000","27266","2337","181276","0","1120","1154","25","1781290","16","29603","29603","80","594922","211422","32","32","907003","210","40"
"r3","weapon","A","control","19500","21600","32","8","24","8","8","104530","0","32","517","26904","46","0","279","10768580","314","0","33","0","157","0","1282362","121125","8075","5034","207","17423213","0","207","42497","0","0","0","629547","298548","244","4144","72000","48000","346","7653010","473","322392","0","2047430","24","0","8000","27991","2360","185535","2","1120","1103","24","1829732","16","30351","30351","80","612684","217862","32","32","926819","212","40"
"r3","weapon","A","control","19800","21600","32","8","24","8","8","105188","0","32","421","27759","46","0","279","10960364","320","0","34","0","160","0","1300362","122595","8173","5034","207","18044965","0","207","43624","0","0","0","644365","308850","248","3598","38400","72000","346","7794910","473","331083","0","2098992","24","0","8000","28906","2195","171058","0","1120","1023","23","1893827","16","31101","31101","88","638218","225895","32","32","958633","217","40"
"r3","weapon","A","control","20100","21600","32","8","24","8","8","107771","0","32","588","28614","46","0","279","11167730","322","0","34","0","162","0","1318362","125175","8345","5034","207","18690818","0","207","44679","0","0","0","663934","316428","250","3336","24000","28800","346","7936810","473","340675","0","2173013","24","0","8000","29666","2515","198275","4","1120","1182","26","1940222","16","32181","32181","88","654060","232904","32","32","980003","219","40"
"r3","weapon","A","control","20400","21600","32","7","25","7","7","106402","0","28","485","29469","38","0","236","11108991","286","0","28","0","148","0","1309234","116835","7789","4146","174","17130528","0","174","40226","0","0","0","654059","291710","221","3214","63000","25200","302","6998071","415","314751","0","1991315","21","0","7000","27280","2206","173061","0","980","1017","22","1789355","14","29486","29486","77","566173","208349","28","28","937330","203","35"
"r3","weapon","A","control","20700","21600","32","4","28","4","4","17028","0","16","177","0","18","0","179","1215641","155","0","16","0","84","0","136219","49905","3327","2476","93","8281085","0","93","23436","0","0","0","130586","152992","122","2730","28800","36000","183","4119575","240","157846","0","1035056","12","0","4000","14367","987","78032","0","560","334","6","937973","8","15354","15354","44","367465","140818","16","16","431713","115","20"
"r3","weapon","A","control","21000","21600","32","4","28","4","4","17220","0","16","105","0","18","0","179","1215641","156","0","16","0","85","0","136219","50400","3360","2488","94","8554492","0","94","23978","0","0","0","132845","156892","123","2640","12000","24000","183","4191575","240","162333","0","1070038","12","0","4000","14733","1103","89461","0","560","311","6","961942","8","15836","15836","44","376019","145113","16","16","442225","116","20"
"r3","weapon","A","control","21300","21600","32","4","28","4","4","17412","0","16","102","0","19","0","179","1215641","158","0","16","0","86","0","136219","50910","3394","2488","94","8833490","0","94","24572","0","0","0","136484","161610","125","2556","28800","12000","183","4263575","240","166942","0","1095352","12","0","4000","15141","1059","84413","0","560","343","7","991338","8","16200","16200","44","389358","149530","16","16","454639","117","20"
"r3","weapon","A","control","21600","21600","32","4","28","4","4","17584","0","16","195","0","19","0","179","1215641","158","0","16","0","86","0","136219","51885","3459","2488","94","9123265","0","94","25177","0","0","0","139930","165032","125","2434","36000","33600","183","4335575","240","170884","0","1119845","12","0","4000","15479","1093","87088","2","560","417","9","1012172","8","16572","16572","48","398288","153300","16","16","463585","117","20"
"r3","weapon","A","interception-off","0","21600","32","32","0","32","32","0","0","128","2880","0","0","0","0","0","0","0","0","0","0","0","0","0","0","0","0","0","0","0","0","0","0","0","0","0","32","57600","192000","192000","192","0","192","0","0","0","96","0","32000","0","0","0","0","4480","2880","64","0","32","0","0","0","0","0","128","32","0","32","160"
"r3","weapon","A","interception-off","300","21600","32","32","0","32","32","1236","0","128","2866","0","1","0","0","202295","5","0","0","0","2","0","51808","0","0","0","171","97756","0","0","86","0","0","0","1740","556","35","56680","230400","96000","224","61440","224","1236","0","43442","96","0","32000","61","579","38608","20","4480","3094","64","3473","32","640","640","0","1899","0","128","33","1699","36","160"
"r3","weapon","A","interception-off","600","21600","32","32","0","32","32","5863","0","128","2830","765","19","0","11","624459","85","0","10","0","34","0","116979","960","64","0","478","295810","0","0","549","0","7","0","15943","2528","95","53862","288000","268800","278","138410","292","5949","0","76018","96","0","32000","272","848","56487","24","4480","3359","64","15812","32","1120","1120","0","6483","86","128","55","7099","80","160"
"r3","weapon","A","interception-off","900","21600","32","32","0","32","32","11061","0","128","2640","2106","23","0","41","1234676","129","0","12","0","64","0","191806","1530","102","0","1117","531048","0","0","1344","0","12","0","24713","5854","131","51284","96000","268800","334","235557","350","11744","0","108203","96","0","32000","607","993","64413","18","4480","3477","65","36618","32","1600","1600","0","11865","683","128","69","20181","118","160"
"r3","weapon","A","interception-off","1200","21600","32","32","0","32","32","17998","0","128","2673","5964","36","0","78","2128473","189","0","17","0","90","0","280246","3555","237","0","1663","789842","0","0","2575","0","15","0","39110","10846","175","50130","153600","96000","418","357721","442","19873","0","151790","96","0","32000","1089","1162","74345","8","4480","3815","81","67607","32","2251","2251","0","17802","1875","128","80","39770","153","160"
"r3","weapon","A","interception-off","1500","21600","32","32","0","32","32","24762","0","128","3219","12543","45","0","108","3108843","240","0","19","0","121","0","380999","8565","571","0","2513","1063995","0","0","3652","0","15","0","52805","15814","217","48902","288000","192000","504","503172","528","27857","0","187937","96","0","32000","1592","1205","79893","13","4480","4644","102","97270","32","2797","2797","0","23881","3095","128","92","56306","189","160"
"r3","weapon","A","interception-off","1800","21600","32","32","0","32","32","29636","0","128","3774","20910","55","0","119","4165932","279","0","22","0","142","0","495077","14115","941","0","3056","1368673","0","0","4726","0","15","0","70284","22266","251","47432","153600","288000","538","668244","566","33714","0","229258","96","0","32000","2226","1166","78467","5","4480","5528","121","136432","32","3392","3392","32","30993","4078","128","102","86084","212","160"
"r3","weapon","A","interception-off","2100","21600","32","32","0","32","32","41672","0","128","4715","32295","64","0","135","5297629","328","0","28","0","162","0","618790","21480","1432","0","3435","1724510","0","0","5807","0","16","0","92007","29032","286","46450","96000","115200","573","850743","629","46605","0","298749","96","0","32000","2836","1587","108799","9","4480","6660","147","178416","32","4423","4423","32","36289","4933","128","103","107056","239","160"
"r3","weapon","A","interception-off","2400","21600","32","32","0","32","32","54026","0","128","5904","43227","74","0","183","6454557","377","0","34","0","183","0","742520","30285","2019","0","4374","2115512","0","0","6962","0","16","0","113402","38158","323","45668","288000","115200","637","1051741","718","61172","0","357940","96","0","32000","3689","1600","110824","3","4480","8023","183","233904","32","5289","5289","32","44500","7146","128","107","141444","267","160"
"r3","weapon","A","interception-off","2700","21600","32","32","0","32","32","58974","0","128","7004","54000","79","0","259","7640446","414","0","38","0","201","0","866376","39930","2662","0","5175","2563166","0","0","8347","0","16","0","143500","46682","350","43928","230400","288000","709","1280587","810","70464","0","420956","96","0","32000","4487","1756","118179","9","4480","9230","218","286707","32","6243","6243","32","53467","11490","128","109","178846","290","160"
"r3","weapon","A","interception-off","3000","21600","32","32","0","32","32","69743","0","128","7544","67757","83","0","333","8797340","450","0","42","0","221","0","997589","49170","3278","0","5872","3059318","0","0","9636","0","16","0","182056","56802","378","43014","96000","192000","806","1542325","923","86401","0","513597","96","0","32000","5443","2192","148982","8","4480","9995","237","349230","32","7635","7635","32","62685","16658","128","115","215529","315","160"
"r3","weapon","A","interception-off","3300","21600","32","32","0","32","32","78062","0","128","7780","83126","92","0","406","10221587","479","0","45","0","233","0","1136347","60000","4000","0","7581","3598725","0","0","11383","0","18","0","223411","68574","402","42104","230400","96000","921","1835808","1038","100306","0","588098","96","0","32000","6580","2141","147274","3","4480","10347","242","419904","32","8721","8721","32","73456","22244","128","116","267062","331","160"
"r3","weapon","A","interception-off","3600","21600","32","32","0","32","32","89780","0","128","7844","99132","99","0","465","11650759","507","0","48","0","245","0","1279969","72570","4838","0","8575","4162143","0","0","13101","0","19","0","264938","78754","424","41078","288000","268800","977","2158954","1113","116757","0","659788","96","0","32000","7527","2279","156072","9","4480","10504","250","483000","32","9806","9806","64","83253","26977","128","116","303706","345","160"
"r3","weapon","A","interception-off","3900","21600","32","32","0","32","32","97947","0","128","7674","115278","104","0","493","12979285","538","0","50","0","263","0","1432453","82350","5490","0","10346","4778651","0","0","14779","0","19","0","311728","92462","449","39994","96000","268800","1045","2506102","1181","130876","0","772269","96","0","32000","8828","2595","186129","5","4480","10499","248","565773","32","11423","11423","64","95944","32929","128","117","359320","367","160"
"r3","weapon","A","interception-off","4200","21600","32","32","0","32","32","111505","0","128","7688","130272","108","0","514","14513693","564","0","55","0","274","0","1594516","95370","6358","0","11251","5441022","0","0","16562","0","19","0","363517","105526","469","38882","153600","96000","1106","2869302","1242","148801","0","854897","96","0","32000","10016","2615","184636","14","4480","10618","249","647012","32","12631","12631","64","106944","37296","128","119","414516","380","160"
"r3","weapon","A","interception-off","4500","21600","32","32","0","32","32","129746","0","128","7708","145263","113","0","536","16004184","587","0","56","0","288","0","1766150","108900","7260","0","12398","6113206","0","0","18266","0","19","0","414658","118172","489","37942","288000","192000","1148","3247832","1284","172225","0","935299","96","0","32000","11163","2665","186085","12","4480","10659","250","725408","32","13828","13828","64","118276","42479","128","121","458713","397","160"
"r3","weapon","A","interception-off","4800","21600","32","32","0","32","32","133797","0","128","7510","162201","118","0","558","17641927","622","0","61","0","302","0","1937816","121320","8088","0","13358","6820581","0","0","20214","0","19","0","466971","134116","513","37040","153600","288000","1128","3641914","1328","181148","0","1043439","96","0","32000","12661","2788","192405","9","4480","10516","246","822342","32","15449","15449","64","134785","47351","128","123","535101","419","160"
"r3","weapon","A","interception-off","5100","21600","32","32","0","32","32","147440","0","128","7423","179952","121","0","588","19033161","643","0","63","0","312","0","2101251","133830","8922","0","14268","7521716","0","0","22063","0","19","0","512617","146650","528","36366","96000","115200","1181","4049580","1390","201397","0","1125089","96","0","32000","13833","2804","195846","7","4480","10446","247","899947","32","16637","16637","64","145673","53957","128","123","582173","433","160"
"r3","weapon","A","interception-off","5400","21600","32","31","1","31","31","155101","0","124","7006","190028","120","0","618","19416275","648","0","63","0","316","0","2167347","139335","9289","0","14117","7894937","0","0","23002","0","19","0","532661","155990","530","35852","279000","111600","1193","4363647","1402","215636","0","1163327","93","0","31000","14679","2487","178975","2","4340","9974","234","956490","31","17166","17166","93","155353","60535","124","121","613363","440","155"
"r3","weapon","A","interception-off","5700","21600","32","31","1","31","31","161282","0","124","7105","207368","124","0","642","20860943","661","0","63","0","322","0","2337283","153810","10254","0","14961","8623482","0","0","24781","0","19","0","586262","169054","540","35034","223200","279000","1249","4795419","1458","228475","0","1278130","93","0","31000","15861","2977","208968","1","4340","10193","236","1038197","31","18838","18838","93","168528","67193","124","121","672159","448","155"
"r3","weapon","A","interception-off","6000","21600","32","31","1","31","31","173779","0","124","7096","225290","128","0","642","22118061","690","0","63","0","336","0","2514851","166470","11098","0","15821","9370883","0","0","26427","0","19","0","636574","182156","558","34810","93000","186000","1281","5237619","1490","246027","0","1361740","93","0","31000","17104","2976","212296","3","4340","10304","239","1118614","31","20080","20080","93","181096","72248","124","121","722321","470","155"
"r3","weapon","A","interception-off","6300","21600","32","31","1","31","31","184529","0","124","7052","242526","129","0","643","23510386","712","0","64","0","349","0","2699975","179400","11960","0","16863","10137952","0","0","28309","0","19","0","691293","198394","573","33850","223200","93000","1293","5687499","1506","262886","0","1444763","93","0","31000","18586","2736","193456","4","4340","10305","242","1217453","31","21322","21322","93","195449","78357","124","121","792972","490","155"
"r3","weapon","A","interception-off","6600","21600","32","31","1","31","31","198592","0","124","7171","256646","134","0","661","24893234","730","0","65","0","356","0","2879675","196095","13073","0","17511","10921761","0","0","30172","0","19","0","742552","211722","586","33346","279000","260400","1267","6146105","1540","284724","0","1559349","93","0","31000","19829","3187","225819","2","4340","10347","243","1300034","31","23016","23016","93","208567","86132","124","122","840239","500","155"
"r3","weapon","A","interception-off","6900","21600","32","31","1","31","31","205876","0","124","6934","270815","139","0","681","25968688","755","0","66","0","368","0","3056053","207975","13865","0","18424","11709557","0","0","32057","0","19","0","793770","226510","604","32948","93000","260400","1314","6615275","1587","300679","0","1643554","93","0","31000","21197","3059","219165","1","4340","10084","236","1390470","31","24256","24256","93","223507","94803","124","122","900203","515","155"
"r3","weapon","A","interception-off","7200","21600","32","31","1","31","31","218762","0","124","6825","283571","141","0","703","27257083","763","0","67","0","372","0","3235486","221760","14784","0","19089","12513475","0","0","34056","0","19","0","847422","241464","611","32398","148800","93000","1315","7096839","1616","321738","0","1726690","93","0","31000","22558","2928","207056","4","4340","10119","238","1482655","31","25486","25486","124","236693","102976","124","122","961203","520","155"
"r3","weapon","A","interception-off","7500","21600","32","31","1","31","31","234237","0","124","6891","295851","146","0","713","28429190","787","0","69","0","384","0","3412833","236595","15773","0","19957","13345965","0","0","35914","0","19","0","898292","255908","630","31988","279000","186000","1342","7588374","1651","345479","0","1846505","93","0","31000","23860","3417","239369","0","4340","10207","240","1572014","31","27277","27277","124","251659","111242","124","122","1009998","537","155"
"r3","weapon","A","interception-off","7800","21600","32","31","1","31","31","238708","0","124","6777","308446","149","0","719","29704826","799","0","71","0","388","0","3596121","250200","16680","0","20709","14197295","0","0","37936","0","19","0","948855","272438","639","31506","148800","279000","1374","8088849","1683","359204","0","1936793","93","0","31000","25435","3174","225897","4","4340","10164","238","1671636","31","28609","28609","124","270202","120496","124","122","1081490","542","155"
"r3","weapon","A","interception-off","8100","21600","32","31","1","31","31","250011","0","124","6815","321709","156","0","721","30945887","823","0","72","0","396","0","3785218","265230","17682","0","21132","15073146","0","0","39869","0","19","0","1001191","285832","655","31160","93000","111600","1379","8596089","1696","378780","0","2027308","93","0","31000","26714","3211","233106","4","4340","10290","240","1754309","31","29925","29925","124","282709","128769","124","122","1132713","555","155"
"r3","weapon","A","interception-off","8400","21600","32","31","1","31","31","262482","0","124","6633","335173","158","0","731","32122067","832","0","72","0","400","0","3970974","278490","18566","0","22770","15968936","0","0","41713","0","19","0","1051028","303052","661","30558","279000","111600","1374","9110377","1723","400861","0","2149713","93","0","31000","28236","3494","250672","1","4340","10222","242","1860057","31","31730","31730","124","301801","138379","124","122","1196379","561","155"
"r3","weapon","A","interception-off","8700","21600","32","31","1","31","31","268606","0","124","6890","347311","160","0","759","33355191","858","0","76","0","414","0","4147637","296205","19747","0","23286","16882863","0","0","43867","0","19","0","1102108","318654","681","29784","223200","279000","1341","9632554","1758","415588","0","2238957","93","0","31000","29674","3408","241531","2","4340","10366","245","1956128","31","33082","33082","124","317149","146982","124","122","1264689","580","155"
"r3","weapon","A","interception-off","9000","21600","32","31","1","31","31","278602","0","124","6820","358834","162","0","777","34304914","866","0","77","0","416","0","4309341","310860","20724","0","23653","17779755","0","0","45978","0","19","0","1147916","333108","686","29584","93000","186000","1348","10163392","1781","437707","0","2328458","93","0","31000","31020","3382","241829","1","4340","10363","242","2045729","31","34402","34402","155","333207","159105","124","122","1315715","583","155"
"r3","weapon","A","interception-off","9300","21600","32","30","2","30","30","269298","0","120","6465","370462","153","0","777","33136692","854","0","77","0","417","0","4193452","312195","20813","0","22552","17949213","0","0","46617","0","18","0","1134371","337908","677","29024","216000","90000","1311","10410472","1744","440077","0","2364178","90","0","30000","31437","3497","246530","1","4200","9703","227","2074623","30","34934","34934","150","342779","170779","120","119","1334792","585","150"
"r3","weapon","A","interception-off","9600","21600","32","30","2","30","30","280785","0","120","6898","383902","158","0","780","34126498","866","0","77","0","422","0","4347336","329775","21985","0","22961","18842089","0","0","48820","0","18","0","1178224","352832","687","28700","270000","252000","1332","10936546","1765","464630","0","2455457","90","0","30000","32861","3451","247088","1","4200","10141","238","2166678","30","36312","36312","150","356950","183845","120","119","1386789","591","150"
"r3","weapon","A","interception-off","9900","21600","32","30","2","30","30","286511","0","120","6595","397813","161","0","782","34998713","871","0","77","0","423","0","4505547","340590","22706","0","23282","19744055","0","0","51098","0","18","0","1219625","368018","691","28204","90000","252000","1343","11467750","1776","480256","0","2548341","90","0","30000","34296","3382","245766","1","4200","10092","239","2258860","30","37678","37678","150","376632","193745","120","119","1445687","593","150"
"r3","weapon","A","interception-off","10200","21600","32","30","2","30","30","294970","0","120","6815","412033","166","0","787","36011354","899","0","80","0","434","0","4664849","356745","23783","0","23718","20691418","0","0","53629","0","18","0","1264444","384470","710","27758","144000","90000","1348","12000790","1781","499408","0","2675238","90","0","30000","35824","3754","268104","0","4200","10257","242","2360604","30","39578","39578","150","392212","204438","120","119","1515514","607","150"
"r3","weapon","A","interception-off","10500","21600","32","30","2","30","30","306993","0","120","6887","426253","169","0","788","36933240","911","0","81","0","439","0","4824149","373710","24914","0","24307","21645348","0","0","55975","0","18","0","1309826","398946","719","27510","270000","180000","1349","12535093","1782","519685","0","2770429","90","0","30000","37174","3805","275498","2","4200","10380","242","2449261","30","40979","40979","150","408864","212692","120","119","1566382","614","150"
"r3","weapon","A","interception-off","10800","21600","32","30","2","30","30","310526","0","120","6642","440383","171","0","788","37929531","922","0","81","0","445","0","4983449","387960","25864","0","24575","22612581","0","0","58435","0","18","0","1355924","417666","727","26792","144000","270000","1349","13069693","1782","534156","0","2867157","90","0","30000","38879","3499","253202","0","4200","10193","241","2563801","30","42378","42378","180","431245","223630","120","119","1648554","623","150"
"r3","weapon","A","interception-off","11100","21600","32","30","2","30","30","320662","0","120","6895","454513","173","0","791","38913358","934","0","82","0","451","0","5142749","405150","27010","0","24834","23922423","0","0","60859","0","18","0","1424177","435830","736","26404","90000","108000","1352","13604416","1785","555079","0","3142657","90","0","30000","40665","5699","414750","6","4200","9879","233","2676821","60","46364","46364","180","448880","234417","120","119","1723948","629","150"
"r3","weapon","A","interception-off","11400","21600","32","29","3","29","29","312560","0","116","6246","371649","170","0","791","37232551","920","0","82","0","442","0","4896803","399720","26648","0","23961","24218276","0","0","62243","0","18","0","1391877","445304","723","25230","261000","104400","1292","13723216","1725","564470","0","3211000","87","0","29000","41575","5752","423947","1","4060","8670","203","2736309","58","47327","47327","174","476155","251910","116","115","1746428","614","145"
"r3","weapon","A","interception-off","11700","21600","32","29","3","29","29","318218","0","116","6260","382359","173","0","791","38462628","937","0","82","0","451","0","5038403","414825","27655","0","24406","25790454","0","0","66093","0","18","0","1488460","473342","735","23918","208800","261000","1292","14240716","1725","589559","0","3390737","87","0","29000","44169","5830","421544","7","4060","8108","188","2911069","58","49999","49999","174","508224","271341","116","116","1871410","628","145"
"r3","weapon","A","interception-off","12000","21600","32","27","5","27","27","281833","0","108","4850","352511","162","0","791","34769665","889","0","81","0","425","0","4298711","396930","26462","0","21700","25109193","0","0","65640","0","18","0","1360032","464166","695","23314","81000","162000","1172","13852816","1605","572791","0","3353941","81","0","27000","43392","6111","447052","4","3780","7177","166","2854201","54","49503","49503","162","528583","290958","108","108","1805515","591","135"
"r3","weapon","A","interception-off","12300","21600","32","27","5","27","27","291137","0","108","4195","361421","165","0","791","35826511","904","0","81","0","433","0","4404911","403980","26932","0","22997","26569690","0","0","69560","0","18","0","1431705","495838","706","21616","194400","81000","1172","14334316","1605","603704","0","3514065","81","0","27000","46295","5556","406468","2","3780","6751","156","3046927","54","51851","51851","162","576863","312567","108","108","1927030","601","135"
"r3","weapon","A","interception-off","12600","21600","32","27","5","27","27","299681","0","108","3613","370331","165","0","791","36903454","915","0","82","0","439","0","4511111","411975","27465","0","23382","28053549","0","0","73190","0","18","0","1501401","517400","713","20606","243000","226800","1172","14815816","1605","631555","0","3669699","81","0","27000","48440","5699","426832","7","3780","6426","148","3178422","54","54139","54139","189","612509","331874","108","108","1998803","611","135"
"r3","weapon","A","interception-off","12900","21600","32","27","5","27","27","308600","0","108","2968","379241","168","0","791","37873529","924","0","82","0","443","0","4617311","418530","27902","0","24072","29603691","0","0","76688","0","18","0","1571694","546518","720","18814","81000","226800","1172","15297316","1605","660435","0","3884037","81","0","27000","51113","6232","462298","4","3780","5614","129","3356537","54","57345","57345","189","658571","351835","108","108","2102733","616","135"
"r3","weapon","A","interception-off","13200","21600","32","25","7","25","25","284861","0","100","2589","315058","155","0","738","34331695","865","0","79","0","414","0","4208490","382725","25515","0","22655","28384615","0","0","74783","0","18","0","1483867","527042","673","17590","120000","75000","1058","14564940","1485","635841","0","3708676","75","0","25000","49309","5513","407105","7","3500","4725","104","3237611","50","54822","54822","175","659425","350980","100","100","2006305","573","125"
"r3","weapon","A","interception-off","13500","21600","32","24","8","24","24","265910","0","96","2459","313087","152","0","738","31036774","837","0","77","0","396","0","3767844","365265","24351","0","21052","28024766","0","0","74951","0","17","0","1402222","522104","649","16858","216000","144000","998","14467740","1425","635934","0","3646539","72","0","24000","48897","4967","379736","8","3360","4281","94","3205879","48","53864","53864","168","686853","370024","96","96","1944016","549","120"
"r3","weapon","A","interception-off","13800","21600","32","24","8","24","24","269284","0","96","2300","321052","153","0","738","31734732","842","0","78","0","399","0","3838644","371895","24793","0","21442","29387266","0","0","78082","0","17","0","1460748","546810","654","15408","115200","216000","998","14895240","1425","655549","0","3824368","72","0","24000","51151","5339","400996","5","3360","4162","91","3357201","48","56490","56490","168","731449","386265","96","96","2036374","552","120"
"r3","weapon","A","interception-off","14100","21600","32","24","8","24","24","280026","0","96","2241","329017","156","0","738","32479415","854","0","78","0","405","0","3909444","379395","25293","0","21863","30791665","0","0","81040","0","17","0","1519293","566394","663","14900","72000","86400","998","15322740","1425","683783","0","3952895","72","0","24000","53061","5373","409076","8","3360","4175","93","3477091","48","58434","58434","168","760597","403757","96","96","2099439","560","120"
"r3","weapon","A","interception-off","14400","21600","32","24","8","24","24","287392","0","96","1967","336982","159","0","738","33124925","865","0","79","0","409","0","3980244","385005","25667","0","22823","32199170","0","0","84118","0","17","0","1574712","588748","671","14194","216000","86400","998","15750240","1425","709428","0","4083201","72","0","24000","55109","5233","401524","0","3360","4093","92","3613375","48","60342","60342","192","799534","422036","96","96","2172715","565","120"
"r3","weapon","A","interception-off","14700","21600","32","22","10","22","22","269735","0","88","1998","321174","148","0","687","30962810","798","0","72","0","378","0","3723458","361725","24115","0","20931","30635106","0","0","78677","0","13","0","1535576","557790","620","12540","158400","198000","945","14889103","1305","666902","0","3901100","66","0","22000","52226","5482","411551","5","3080","4046","90","3424749","44","57708","57708","176","768040","397167","88","88","2054607","519","110"
"r3","weapon","A","interception-off","15000","21600","32","21","11","21","21","241042","0","84","1780","295593","141","0","687","27073296","757","0","71","0","359","0","3176612","339285","22619","0","18066","29675794","0","0","78405","0","10","0","1334534","542912","592","12012","63000","126000","885","14647903","1245","655668","0","3782315","63","0","21000","50840","5050","387209","5","2940","3581","81","3334304","42","55890","55890","168","788777","414626","84","84","1950661","491","105"
"r3","weapon","A","interception-off","15300","21600","32","19","13","19","19","230018","0","76","1486","302658","129","0","617","25424071","685","0","62","0","326","0","2999773","303480","20232","0","18079","28204375","0","0","72284","0","7","0","1302860","507090","536","11086","136800","57000","813","13559631","1125","611711","0","3504430","57","0","19000","47439","4376","332178","1","2660","3062","67","3113209","38","51815","51815","152","719384","381693","76","76","1841157","448","95"
"r3","weapon","A","interception-off","15600","21600","32","19","13","19","19","237619","0","76","1632","309723","131","0","617","26014944","696","0","63","0","331","0","3052873","310125","20675","0","18277","29442341","0","0","74835","0","7","0","1351077","523854","544","10280","171000","159600","813","13897131","1125","633501","0","3649271","57","0","19000","49099","4908","372258","5","2660","3199","70","3215453","38","54007","54007","152","747286","395882","76","76","1896226","455","95"
"r3","weapon","A","interception-off","15900","21600","32","16","16","16","16","184335","0","64","1149","139417","103","0","531","20165700","583","0","52","0","280","0","2365033","237195","15813","0","14342","23967081","0","0","62512","0","5","0","1075528","438108","451","9690","48000","134400","665","11948286","945","525121","0","3021317","48","0","16000","41033","3711","287197","0","2240","2296","50","2688864","32","44744","44744","128","661847","340786","64","64","1547152","388","80"
"r3","weapon","A","interception-off","16200","21600","32","16","16","16","16","190069","0","64","1125","141982","104","0","531","20582715","591","0","52","0","284","0","2400433","241365","16091","0","14417","24963447","0","0","64777","0","5","0","1120330","453232","456","8648","76800","48000","665","12231786","945","544780","0","3109531","48","0","16000","42442","3624","279905","3","2240","2320","49","2782164","32","46066","46066","144","687532","354711","64","64","1597314","395","80"
"r3","weapon","A","interception-off","16500","21600","32","16","16","16","16","197004","0","64","1077","144547","105","0","531","20931062","594","0","52","0","285","0","2435833","245640","16376","0","14743","26001493","0","0","66757","0","5","0","1168897","466972","458","8388","144000","96000","665","12515286","945","564512","0","3238997","48","0","16000","43741","4223","322832","3","2240","2300","49","2866422","32","47964","47964","144","714450","367508","64","64","1637203","397","80"
"r3","weapon","A","interception-off","16800","21600","32","14","18","14","14","196381","0","56","916","147112","94","0","433","21174424","544","0","48","0","262","0","2447299","241665","16111","0","14451","24477252","0","0","62532","0","3","0","1157459","443168","418","7240","67200","126000","565","11131205","828","523735","0","3046489","42","0","14000","41458","3628","279845","5","1960","2088","44","2719382","28","45086","45086","126","681252","327354","56","56","1561657","367","70"
"r3","weapon","A","interception-off","17100","21600","32","12","20","12","12","184305","0","48","954","118359","77","0","361","19911554","472","0","44","0","226","0","2313490","210345","14023","0","13508","21826753","0","0","54040","0","3","0","1119159","390544","359","6804","36000","43200","491","9713643","708","455309","0","2680988","36","0","12000","36527","3153","241284","2","1680","1977","43","2397166","24","39680","39680","108","621861","271004","48","48","1362534","318","60"
"r3","weapon","A","interception-off","17400","21600","32","11","21","11","11","132016","0","44","483","120924","69","0","361","13838748","437","0","42","0","205","0","1589644","174465","11631","0","9282","19458758","0","0","50728","0","3","0","855814","354540","327","6418","99000","39600","431","9149343","648","414157","0","2434335","33","0","11000","33128","2840","220069","2","1540","1244","24","2176962","22","35968","35968","99","618309","282141","44","44","1181800","291","55"
"r3","weapon","A","interception-off","17700","21600","32","10","22","10","10","121828","0","40","685","75532","62","0","339","12734990","395","0","39","0","187","0","1434333","163530","10902","0","8540","18429077","0","0","47580","0","3","0","827088","331450","298","5696","72000","90000","408","8533953","589","380527","0","2269764","30","0","10000","30974","2584","197801","5","1400","1421","31","2035350","20","33558","33558","90","602092","258699","40","40","1089344","265","50"
"r3","weapon","A","interception-off","18000","21600","32","10","22","10","10","124137","0","40","609","78097","63","0","339","12913556","397","0","39","0","188","0","1452033","165975","11065","0","8755","19108058","0","0","48967","0","3","0","857355","340554","300","5462","30000","60000","408","8710653","589","392163","0","2329371","30","0","10000","31847","2571","200644","1","1400","1391","29","2091206","20","34418","34418","100","622461","268026","40","40","1114103","266","50"
"r3","weapon","A","interception-off","18300","21600","32","10","22","10","10","126176","0","40","492","80662","63","0","339","13127752","402","0","39","0","192","0","1469733","168105","11207","0","9029","19822820","0","0","50525","0","3","0","889224","352382","304","5032","72000","30000","408","8887353","589","403064","0","2413057","30","0","10000","32909","2755","210067","0","1400","1265","27","2163865","20","35664","35664","100","647596","276888","40","40","1152330","271","50"
"r3","weapon","A","interception-off","18600","21600","32","9","23","9","9","125915","0","36","673","83227","56","0","296","13112604","365","0","35","0","175","0","1465530","149700","9980","0","8768","18042088","0","0","45234","0","0","0","884106","319850","275","4714","81000","75600","364","8081104","533","362629","0","2191163","27","0","9000","29911","2510","194536","0","1260","1359","29","1963034","18","32421","32421","90","591603","236714","36","36","1042395","248","45"
"r3","weapon","A","interception-off","18900","21600","32","9","23","9","9","127475","0","36","590","85792","56","0","296","13309164","366","0","35","0","176","0","1483230","151875","10125","0","9000","18689174","0","0","46639","0","0","0","900857","329168","276","4476","27000","75600","364","8241004","533","370887","0","2248900","27","0","9000","30755","2512","194524","0","1260","1290","27","2019985","18","33267","33267","90","614115","243412","36","36","1069374","249","45"
"r3","weapon","A","interception-off","19200","21600","32","9","23","9","9","130649","0","36","706","88357","56","0","296","13526106","368","0","35","0","178","0","1500930","154680","10312","0","9314","19366469","0","0","48195","0","0","0","919043","339798","278","4068","43200","27000","364","8400904","533","382634","0","2327167","27","0","9000","31792","2631","205750","1","1260","1345","29","2084514","18","34423","34423","90","634708","251985","36","36","1104075","251","45"
"r3","weapon","A","interception-off","19500","21600","32","8","24","8","8","56542","0","32","298","0","46","0","296","5131913","309","0","33","0","152","0","635484","102585","6839","0","4446","15747890","0","0","43904","0","0","0","340091","283010","239","3844","72000","48000","304","7658104","473","316583","0","1937402","24","0","8000","26609","2078","170169","2","1120","671","14","1733962","16","28687","28687","80","637584","260041","32","32","813066","208","40"
"r3","weapon","A","interception-off","19800","21600","32","8","24","8","8","56931","0","32","148","0","47","0","296","5131913","316","0","34","0","154","0","635484","103110","6874","0","4446","16287429","0","0","45047","0","0","0","344817","292638","243","3322","38400","72000","304","7800004","473","326179","0","1984268","24","0","8000","27447","1916","154895","0","1120","543","11","1793949","16","29363","29363","88","664676","269248","32","32","838518","212","40"
"r3","weapon","A","interception-off","20100","21600","32","8","24","8","8","57372","0","32","297","0","47","0","296","5131913","318","0","34","0","156","0","635484","104595","6973","0","4446","16841710","0","0","46068","0","0","0","351231","299714","245","3136","24000","28800","304","7941904","473","335153","0","2051904","24","0","8000","28159","2188","179193","4","1120","730","14","1836940","16","30347","30347","88","681388","277781","32","32","856170","214","40"
"r3","weapon","A","interception-off","20400","21600","32","6","26","6","6","34820","0","24","185","0","30","0","236","2778676","233","0","22","0","123","0","362489","69975","4665","0","2640","12477427","0","0","33956","0","0","0","238825","225192","181","3002","54000","21600","242","6044180","355","243169","0","1534861","18","0","6000","21094","1571","126274","0","840","457","8","1381576","12","22665","22665","66","512750","208349","24","24","652668","167","30"
"r3","weapon","A","interception-off","20700","21600","32","4","28","4","4","17028","0","16","177","0","18","0","179","1215641","155","0","16","0","84","0","136219","49905","3327","0","1914","8287621","0","0","23436","0","0","0","130586","152992","122","2730","28800","36000","183","4119575","240","157846","0","1035056","12","0","4000","14367","987","78032","0","560","334","6","937973","8","15354","15354","44","367465","140818","16","16","431713","115","20"
"r3","weapon","A","interception-off","21000","21600","32","4","28","4","4","17220","0","16","105","0","18","0","179","1215641","156","0","16","0","85","0","136219","50400","3360","0","1931","8561437","0","0","23978","0","0","0","132845","156892","123","2640","12000","24000","183","4191575","240","162333","0","1070038","12","0","4000","14733","1103","89461","0","560","311","6","961942","8","15836","15836","44","376019","145113","16","16","442225","116","20"
"r3","weapon","A","interception-off","21300","21600","32","4","28","4","4","17412","0","16","102","0","19","0","179","1215641","158","0","16","0","86","0","136219","50910","3394","0","1931","8840435","0","0","24572","0","0","0","136484","161610","125","2556","28800","12000","183","4263575","240","166942","0","1095352","12","0","4000","15141","1059","84413","0","560","343","7","991338","8","16200","16200","44","389358","149530","16","16","454639","117","20"
"r3","weapon","A","interception-off","21600","21600","32","4","28","4","4","17584","0","16","195","0","19","0","179","1215641","158","0","16","0","86","0","136219","51885","3459","0","1931","9130210","0","0","25177","0","0","0","139930","165032","125","2434","36000","33600","183","4335575","240","170884","0","1119845","12","0","4000","15479","1093","87088","2","560","417","9","1012172","8","16572","16572","48","398288","153300","16","16","463585","117","20"
"r3","weapon","A","offense-off","0","21600","32","32","0","32","32","0","0","128","2880","0","0","0","0","0","0","0","0","0","0","0","0","0","0","0","0","0","0","0","0","0","0","0","0","0","32","57600","192000","192000","192","0","192","0","0","0","96","0","32000","0","0","0","0","4480","2880","64","0","32","0","0","0","0","0","128","32","0","32","160"
"r3","weapon","A","offense-off","300","21600","32","32","0","32","32","0","0","128","2866","0","0","0","0","201108","2","0","1","0","1","0","51808","0","0","210","15","98462","0","15","96","0","0","0","1710","400","34","56586","230400","96000","224","61440","224","0","0","44017","96","0","32000","44","596","40202","20","4480","3092","64","2532","32","640","640","0","1961","0","128","33","1854","33","160"
"r3","weapon","A","offense-off","600","21600","32","32","0","32","32","0","0","128","2835","426","14","0","0","642080","76","0","6","0","31","0","118944","975","65","764","59","304920","0","59","657","0","0","0","16325","1876","83","52632","288000","268800","288","138240","288","0","0","77078","96","0","32000","198","922","61369","46","4480","3381","64","12097","32","1120","1120","0","6756","0","128","55","8953","83","160"
"r3","weapon","A","offense-off","900","21600","32","32","0","32","32","0","0","128","2660","1593","21","0","14","1253133","127","0","11","0","58","0","197980","1590","106","3610","273","558259","0","273","1578","0","0","0","26448","4708","122","49760","96000","268800","316","231141","329","0","0","109864","96","0","32000","465","1135","72384","15","4480","3514","65","30810","32","1600","1600","0","12025","0","128","71","25455","120","160"
"r3","weapon","A","offense-off","1200","21600","32","32","0","32","32","0","0","128","2673","3758","29","0","39","2193425","183","0","17","0","88","0","290017","3390","226","6034","450","846866","0","450","2945","0","0","0","42779","9070","166","48654","153600","96000","388","345646","409","0","0","154747","96","0","32000","899","1356","87173","7","4480","3822","83","57804","32","2255","2255","0","17590","0","128","81","49984","155","160"
"r3","weapon","A","offense-off","1500","21600","32","32","0","32","32","0","0","128","3136","7158","39","0","103","3120879","228","0","20","0","109","0","382768","7770","518","8850","629","1166697","0","629","4346","0","0","0","56930","12708","200","47160","288000","192000","457","483431","513","0","0","191164","96","0","32000","1290","1506","99337","23","4480","4474","99","79555","32","2796","2796","0","24381","0","128","88","67446","183","160"
"r3","weapon","A","offense-off","1800","21600","32","32","0","32","32","0","0","128","3456","10799","51","0","177","4009809","272","0","24","0","129","0","479174","12030","802","12028","814","1522906","0","814","5916","0","0","0","72458","18712","236","45032","153600","288000","526","651326","603","0","0","229024","96","0","32000","1912","1450","96893","13","4480","4973","107","115665","32","3362","3362","32","33358","0","128","93","98773","209","160"
"r3","weapon","A","offense-off","2100","21600","32","32","0","32","32","0","0","128","4028","15896","60","0","245","4901044","312","0","29","0","144","0","580878","18060","1204","14494","951","1936574","0","951","7355","0","0","0","89338","23606","265","43670","96000","115200","605","850496","705","0","0","294243","96","0","32000","2408","1904","130925","10","4480","5662","123","146068","32","4312","4312","32","39911","0","128","93","123407","231","160"
"r3","weapon","A","offense-off","2400","21600","32","32","0","32","32","0","0","128","4777","21781","68","0","325","5795301","359","0","32","0","164","0","682231","25275","1685","17282","1089","2412603","0","1089","8758","0","0","0","109397","29786","296","42856","288000","115200","708","1078700","820","0","0","346373","96","0","32000","3067","2011","142893","3","4480","6527","149","182387","32","5078","5078","32","49558","0","128","98","153922","263","160"
"r3","weapon","A","offense-off","2700","21600","32","32","0","32","32","0","0","128","5475","28671","75","0","404","6764895","393","0","36","0","179","0","787855","32895","2193","19908","1236","2969356","0","1236","10244","0","0","0","136156","36818","322","41396","230400","288000","779","1336643","909","0","0","401473","96","0","32000","3773","2127","150241","4","4480","7357","167","225207","32","5900","5900","32","60054","0","128","106","191178","282","160"
"r3","weapon","A","offense-off","3000","21600","32","32","0","32","32","0","0","128","5742","39625","82","0","476","7652896","426","0","40","0","191","0","895057","39960","2664","22200","1363","3579905","0","1363","11582","0","0","0","165950","43888","345","40614","96000","192000","867","1626620","1008","0","0","480880","96","0","32000","4489","2596","185275","10","4480","7785","180","268244","32","7085","7085","32","70267","0","128","109","225338","300","160"
"r3","weapon","A","offense-off","3300","21600","32","32","0","32","32","0","0","128","6025","51279","92","0","528","8659273","453","0","42","0","202","0","1009398","48615","3241","24482","1461","4239534","0","1461","13188","0","0","0","198984","53380","368","39806","230400","96000","950","1942115","1091","0","0","543504","96","0","32000","5399","2599","184997","5","4480","8112","187","325685","32","7998","7998","32","82169","0","128","110","276338","311","160"
"r3","weapon","A","offense-off","3600","21600","32","32","0","32","32","0","0","128","6356","64830","99","0","571","9700757","479","0","43","0","215","0","1131313","59520","3968","27674","1590","4945838","0","1590","14818","0","0","0","231427","60186","389","38790","288000","268800","1004","2277362","1145","0","0","605400","96","0","32000","6111","2809","202443","10","4480","8480","197","366723","32","8920","8920","64","91578","0","128","112","311379","329","160"
"r3","weapon","A","offense-off","3900","21600","32","32","0","32","32","0","0","128","6179","80482","104","0","609","10738960","510","0","44","0","232","0","1262318","67410","4494","29582","1690","5730376","0","1690","16470","0","0","0","266443","70936","412","37598","96000","268800","1074","2633407","1215","0","0","700991","96","0","32000","7167","3154","230059","3","4480","8435","197","431826","32","10321","10321","64","104489","0","128","113","366443","353","160"
"r3","weapon","A","offense-off","4200","21600","32","32","0","32","32","0","0","128","6312","96187","110","0","625","11927972","536","0","45","0","245","0","1400746","78165","5211","30832","1758","6576233","0","1758","18117","0","0","0","308804","80942","432","36620","153600","96000","1108","3004879","1261","0","0","771428","96","0","32000","8131","3236","234293","5","4480","8673","202","493359","32","11367","11367","64","115075","0","128","114","422060","371","160"
"r3","weapon","A","offense-off","4500","21600","32","32","0","32","32","0","0","128","6462","110507","111","0","647","13020737","565","0","47","0","262","0","1533208","89085","5939","36918","1963","7436237","0","1963","19775","0","0","0","346992","89580","452","35676","288000","192000","1092","3385135","1276","0","0","843646","96","0","32000","8979","3425","249267","15","4480","8791","205","546514","32","12404","12404","64","128069","0","128","115","466310","396","160"
"r3","weapon","A","offense-off","4800","21600","32","31","1","31","31","0","0","124","6241","105841","108","0","667","13436468","564","0","48","0","266","0","1583120","96600","6440","37294","1989","8115191","0","1989","20863","0","0","0","367465","98534","453","34136","148800","279000","1111","3689337","1295","0","0","912644","93","0","31000","9844","3565","259503","5","4340","8405","193","600592","31","13409","13409","62","139363","0","124","112","513778","396","155"
"r3","weapon","A","offense-off","5100","21600","32","31","1","31","31","0","0","124","6101","118833","111","0","687","14458156","585","0","50","0","278","0","1716311","106110","7074","38716","2046","9082608","0","2046","22551","0","0","0","405516","107128","470","33528","93000","111600","1156","4085113","1340","0","0","980176","93","0","31000","10714","3710","272602","4","4340","8454","195","653122","31","14424","14424","62","151023","0","124","113","556551","411","155"
"r3","weapon","A","offense-off","5400","21600","32","31","1","31","31","0","0","124","5928","130761","113","0","708","15398859","604","0","52","0","288","0","1852370","115050","7670","46636","2316","10069946","0","2316","24145","0","0","0","444235","117902","484","32890","279000","111600","1153","4490392","1353","0","0","1048556","93","0","31000","11745","3681","267611","3","4340","8336","194","718424","31","15426","15426","93","165635","0","124","114","615310","425","155"
"r3","weapon","A","offense-off","5700","21600","32","30","2","30","30","0","0","120","5749","124489","113","0","726","15693569","607","0","51","0","287","0","1880048","123795","8253","44736","2225","10635651","0","2225","24843","0","0","0","460318","124734","481","31724","216000","270000","1157","4795414","1365","0","0","1110359","90","0","30000","12397","3970","287934","2","4200","8054","188","760357","30","16367","16367","90","173931","0","120","111","648494","425","150"
"r3","weapon","A","offense-off","6000","21600","32","30","2","30","30","0","0","120","5548","135883","119","0","738","16657269","624","0","53","0","295","0","2009270","133230","8882","45886","2277","11713829","0","2277","26437","0","0","0","502296","134074","497","31362","90000","180000","1190","5209571","1398","0","0","1183619","90","0","30000","13326","4091","300396","3","4200","8053","189","818041","30","17417","17417","90","187590","0","120","111","695633","433","150"
"r3","weapon","A","offense-off","6300","21600","32","30","2","30","30","0","0","120","5517","147154","125","0","749","17607762","643","0","54","0","301","0","2143728","143475","9565","48206","2357","12839192","0","2357","28117","0","0","0","551063","145590","510","30792","216000","90000","1207","5632465","1415","0","0","1253323","90","0","30000","14431","4040","295049","2","4200","8028","188","887635","30","18471","18471","90","203144","0","120","113","755130","443","150"
"r3","weapon","A","offense-off","6600","21600","32","30","2","30","30","0","0","120","5762","157362","127","0","762","18599825","658","0","56","0","308","0","2273508","156420","10428","55356","2590","13998859","0","2590","29954","0","0","0","598838","154670","521","29726","270000","252000","1181","6057843","1425","0","0","1350768","90","0","30000","15333","4587","332703","19","4200","8233","191","943431","30","19920","19920","90","216666","0","120","113","801399","452","150"
"r3","weapon","A","offense-off","6900","21600","32","30","2","30","30","0","0","120","5514","170050","130","0","784","19407347","679","0","59","0","317","0","2392993","165450","11030","56392","2642","15211006","0","2642","31795","0","0","0","639844","166524","536","28944","90000","252000","1194","6490480","1462","0","0","1420808","90","0","30000","16483","4504","329316","1","4200","8049","188","1015239","30","20987","20987","90","233317","0","120","113","858175","465","150"
"r3","weapon","A","offense-off","7200","21600","32","30","2","30","30","0","0","120","5831","184009","133","0","804","20288460","699","0","61","0","325","0","2514810","177855","11857","57544","2691","16457928","0","2691","33773","0","0","0","682091","177510","549","28448","144000","90000","1224","6933919","1492","0","0","1493134","90","0","30000","17561","4489","328526","3","4200","8331","196","1082564","30","22050","22050","120","247837","0","120","113","916771","479","150"
"r3","weapon","A","offense-off","7500","21600","32","30","2","30","30","0","0","120","5962","196895","136","0","814","21107522","717","0","63","0","331","0","2637587","189645","12643","64798","2933","17745647","0","2933","35581","0","0","0","723941","187226","560","28008","270000","180000","1230","7383530","1498","0","0","1600250","90","0","30000","18531","5107","372430","8","4200","8486","198","1142145","30","23638","23638","120","264302","0","120","113","963518","489","150"
"r3","weapon","A","offense-off","7800","21600","32","29","3","29","29","0","0","116","5731","162629","137","0","822","20589112","704","0","61","0","326","0","2566975","193650","12910","62588","2858","18225966","0","2858","36325","0","0","0","712837","192744","553","27210","139200","261000","1200","7639001","1480","0","0","1613603","87","0","29000","19024","4800","349785","2","4060","8199","192","1175948","29","23824","23824","116","274737","0","116","110","989081","479","145"
"r3","weapon","A","offense-off","8100","21600","32","29","3","29","29","0","0","116","5731","171526","138","0","830","21394507","713","0","63","0","331","0","2674142","204810","13654","63476","2900","19595344","0","2900","38165","0","0","0","754265","202378","561","26856","87000","104400","1189","8084380","1488","0","0","1690637","87","0","29000","20014","4940","365299","1","4060","8281","192","1234346","29","24954","24954","116","290151","0","116","110","1035187","485","145"
"r3","weapon","A","offense-off","8400","21600","32","27","5","27","27","0","0","108","4959","113883","125","0","842","18900077","676","0","61","0","317","0","2342147","196770","13118","62218","2829","19258902","0","2829","37216","0","0","0","701250","196544","530","26376","243000","97200","1095","8093371","1411","0","0","1640252","81","0","27000","19418","4868","356187","3","3780","7261","172","1197577","27","24286","24286","108","299591","0","108","103","984474","464","135"
"r3","weapon","A","offense-off","8700","21600","32","27","5","27","27","0","0","108","5224","119241","129","0","852","19437743","693","0","62","0","322","0","2417137","208110","13874","63366","2894","20600804","0","2894","39142","0","0","0","740357","207010","540","25776","194400","243000","1117","8520105","1433","0","0","1711895","81","0","27000","20422","4925","358826","1","3780","7456","172","1262557","27","25347","25347","108","318286","0","108","103","1034783","472","135"
"r3","weapon","A","offense-off","9000","21600","32","27","5","27","27","0","0","108","5327","124611","130","0","864","19970233","702","0","62","0","328","0","2495012","217290","14486","64162","2936","21964801","0","2936","40973","0","0","0","777613","216954","547","25490","81000","162000","1133","8952687","1449","0","0","1782085","81","0","27000","21408","4983","366153","0","3780","7849","183","1323731","27","26391","26391","135","337337","0","108","103","1078595","479","135"
"r3","weapon","A","offense-off","9300","21600","32","27","5","27","27","0","0","108","5167","129908","133","0","867","20604045","719","0","62","0","337","0","2575919","226635","15109","66262","3017","23390848","0","3017","43127","0","0","0","814588","229520","559","24840","194400","81000","1140","9390260","1456","0","0","1885150","81","0","27000","22601","5358","387633","2","3780","7573","179","1399739","27","27959","27959","135","357169","0","108","104","1140348","491","135"
"r3","weapon","A","offense-off","9600","21600","32","27","5","27","27","0","0","108","5392","133813","135","0","869","21244897","736","0","63","0","342","0","2650129","239940","15996","74478","3278","24820784","0","3278","45243","0","0","0","852817","240792","567","24552","243000","226800","1119","9821284","1440","0","0","1961015","81","0","27000","23698","5407","392115","3","3780","7794","180","1468768","27","29105","29105","135","372447","0","108","104","1196453","501","135"
"r3","weapon","A","offense-off","9900","21600","32","27","5","27","27","0","0","108","5109","139186","136","0","881","21764939","752","0","65","0","350","0","2716407","247560","16504","75260","3316","26308190","0","3316","47444","0","0","0","888147","252826","578","23916","81000","226800","1092","10254655","1448","0","0","2035464","81","0","27000","24871","5364","389987","0","3780","7664","178","1541416","27","30235","30235","135","396858","0","108","104","1248619","513","135"
"r3","weapon","A","offense-off","10200","21600","32","27","5","27","27","0","0","108","5281","144559","139","0","897","22329777","764","0","68","0","353","0","2779897","259110","17274","75966","3355","27861045","0","3355","49857","0","0","0","926696","264416","587","23500","129600","81000","1108","10693064","1472","0","0","2142256","81","0","27000","25976","5825","421684","4","3780","7809","181","1613310","27","31801","31801","135","414016","0","108","104","1306556","516","135"
"r3","weapon","A","offense-off","10500","21600","32","27","5","27","27","0","0","108","5304","148328","139","0","916","22804784","773","0","71","0","357","0","2831351","270405","18027","79824","3488","29429312","0","3488","52074","0","0","0","959676","275824","594","23090","243000","162000","1061","11134390","1475","0","0","2218830","81","0","27000","27078","5870","429143","2","3780","7779","179","1683167","27","32948","32948","135","435980","0","108","104","1353707","522","135"
"r3","weapon","A","offense-off","10800","21600","32","27","5","27","27","0","0","108","5149","152828","139","0","936","23144560","783","0","71","0","363","0","2871620","278940","18596","81228","3556","31034676","0","3556","54606","0","0","0","988846","290034","600","22576","129600","243000","1075","11580080","1495","0","0","2297197","81","0","27000","28409","5683","415854","1","3780","7538","175","1769244","27","34092","34092","162","461425","0","108","104","1419918","532","135"
"r3","weapon","A","offense-off","11100","21600","32","27","5","27","27","0","0","108","5317","157328","144","0","950","23479539","800","0","72","0","369","0","2913374","290760","19384","81848","3601","32947851","0","3601","57175","0","0","0","1029779","302288","612","22238","81000","97200","1095","12031608","1515","0","0","2514690","81","0","27000","29666","7664","555532","9","3780","7071","160","1844714","54","37330","37330","162","480845","0","108","104","1478313","541","135"
"r3","weapon","A","offense-off","11400","21600","32","27","5","27","27","0","0","108","4733","161743","146","0","962","23874539","812","0","75","0","372","0","2955537","296190","19746","86694","3783","35044283","0","3783","60385","0","0","0","1080089","321716","620","21550","243000","97200","1102","12487544","1519","0","0","2666636","81","0","27000","31621","7977","583611","1","3780","6168","141","1962048","54","39598","39598","162","521876","0","108","104","1561149","547","135"
"r3","weapon","A","offense-off","11700","21600","32","26","6","26","26","0","0","104","5117","161484","140","0","928","24155263","797","0","73","0","371","0","2973025","302670","20178","86952","3812","36302568","0","3812","62404","0","0","0","1122562","336580","610","20350","187200","234000","1067","12512743","1470","0","0","2753545","78","0","26000","32983","7865","572819","7","3640","5932","136","2055233","52","40848","40848","156","535461","0","104","101","1645265","540","130"
"r3","weapon","A","offense-off","12000","21600","32","24","8","24","24","0","0","96","4007","142556","129","0","850","21613711","752","0","69","0","350","0","2733408","278880","18592","74056","3313","34874998","0","3313","61031","0","0","0","1076989","327402","572","19620","72000","144000","995","12051149","1358","0","0","2711917","72","0","24000","32143","8111","594552","5","3360","5458","123","1999210","48","40254","40254","144","542468","0","96","93","1574897","510","120"
"r3","weapon","A","offense-off","12300","21600","32","24","8","24","24","0","0","96","3311","146879","132","0","854","22099095","762","0","69","0","355","0","2777349","282345","18823","76592","3440","37017945","0","3440","64710","0","0","0","1122405","349892","580","17902","172800","72000","1002","12458843","1359","0","0","2842503","72","0","24000","34289","7883","575501","5","3360","4900","111","2135413","48","42172","42172","144","593167","0","96","93","1673835","516","120"
"r3","weapon","A","offense-off","12600","21600","32","23","9","23","23","0","0","92","2673","151015","124","0","834","20391865","728","0","65","0","346","0","2514747","273075","18205","77546","3449","37082449","0","3449","64775","0","0","0","1069982","347678","558","16254","207000","193200","962","12419797","1279","0","0","2823020","69","0","23000","34152","7682","569789","9","3220","4489","99","2120965","46","41834","41834","161","610153","0","92","89","1643078","502","115"
"r3","weapon","A","offense-off","12900","21600","32","22","10","22","22","0","0","88","2052","155467","117","0","786","20637337","710","0","63","0","341","0","2534056","265590","17706","76898","3411","37533461","0","3411","64496","0","0","0","1101075","352506","543","15054","66000","184800","920","12159657","1223","0","0","2860242","66","0","22000","34566","7819","582008","2","3080","3630","78","2149509","44","42385","42385","154","623688","0","88","87","1654546","495","110"
"r3","weapon","A","offense-off","13200","21600","32","21","11","21","21","0","0","84","2021","155973","114","0","746","20450177","689","0","62","0","330","0","2505848","261255","17417","74950","3310","37828503","0","3310","64206","0","0","0","1122002","354692","527","14050","100800","63000","886","11941235","1169","0","0","2853708","63","0","21000","34751","7547","557585","4","2940","3397","75","2163825","42","42298","42298","147","635746","0","84","84","1660377","476","105"
"r3","weapon","A","offense-off","13500","21600","32","20","12","20","20","0","0","80","2027","160173","108","0","717","19611563","659","0","61","0","314","0","2391321","250500","16700","80592","3439","37803082","0","3439","63128","0","0","0","1116423","349956","503","13422","180000","120000","831","11728252","1083","0","0","2799550","60","0","20000","34235","7230","527982","9","2800","3259","73","2134811","40","41465","41465","140","647056","0","80","80","1624512","456","100"
"r3","weapon","A","offense-off","13800","21600","32","19","13","19","19","0","0","76","1821","164607","101","0","679","19605988","641","0","60","0","309","0","2358859","249645","16643","78584","3338","37790396","0","3338","63611","0","0","0","1120924","356216","489","12284","91200","171000","798","11431285","1029","0","0","2831561","57","0","19000","34746","7199","522230","0","2660","3066","70","2173030","38","41945","41945","133","657712","0","76","76","1651619","447","95"
"r3","weapon","A","offense-off","14100","21600","32","19","13","19","19","0","0","76","1887","168980","101","0","679","20133462","649","0","60","0","315","0","2394991","255060","17004","79330","3381","39784329","0","3381","66273","0","0","0","1151194","369834","495","11554","57000","68400","802","11740421","1033","0","0","2934491","57","0","19000","36111","7360","537715","10","2660","3292","73","2256887","38","43471","43471","133","688795","0","76","76","1707981","455","95"
"r3","weapon","A","offense-off","14400","21600","32","19","13","19","19","0","0","76","1587","173009","101","0","680","20605255","657","0","60","0","322","0","2431849","258720","17248","81320","3456","41800417","0","3456","68888","0","0","0","1180474","386748","502","10990","171000","68400","799","12050032","1028","0","0","3035735","57","0","19000","37735","7222","534206","1","2660","3093","67","2358954","38","44957","44957","152","726647","0","76","76","1774882","463","95"
"r3","weapon","A","offense-off","14700","21600","32","17","15","17","17","0","0","68","1491","132594","85","0","663","15132394","577","0","55","0","288","0","1719767","226905","15127","61208","2781","38226360","0","2781","64909","0","0","0","767711","349994","445","9648","122400","153000","756","11301877","942","0","0","2781927","51","0","17000","34168","6938","516060","9","2380","2698","61","2136278","34","41106","41106","136","690564","0","68","68","1575303","413","85"
"r3","weapon","A","offense-off","15000","21600","32","16","16","16","16","0","0","64","973","45745","82","0","663","11777996","549","0","53","0","272","0","1228897","215190","14346","53046","2394","37219420","0","2394","63620","0","0","0","614697","334858","423","9372","48000","96000","699","11062037","884","0","0","2653205","48","0","16000","32647","6549","483089","2","2240","2027","42","2044653","32","39196","39196","128","707837","0","64","64","1462279","390","80"
"r3","weapon","A","offense-off","15300","21600","32","15","17","15","15","0","0","60","811","45745","72","0","612","11898854","513","0","50","0","263","0","1229994","202905","13527","52982","2384","36629902","0","2384","61687","0","0","0","615985","326232","400","8610","108000","45000","647","10531724","822","0","0","2556642","45","0","15000","31764","6002","443188","1","2100","1759","37","1991357","30","37766","37766","120","658796","0","60","60","1454658","370","75"
"r3","weapon","A","offense-off","15600","21600","32","15","17","15","15","0","0","60","1018","45745","74","0","613","12090024","519","0","50","0","265","0","1236073","207180","13812","58380","2561","38369112","0","2561","63902","0","0","0","629968","335824","404","8076","135000","126000","633","10773975","808","0","0","2666553","45","0","15000","32720","6656","489207","5","2100","1984","45","2050286","30","39376","39376","120","682277","0","60","60","1495069","372","75"
"r3","weapon","A","offense-off","15900","21600","32","14","18","14","14","0","0","56","845","45745","70","0","560","12185140","490","0","49","0","246","0","1231976","198075","13205","57230","2491","37807783","0","2491","61767","0","0","0","626141","328504","379","7722","42000","117600","582","10175669","749","0","0","2587004","42","0","14000","31990","6178","460359","0","1960","1774","37","2004780","28","38168","38168","112","677994","0","56","56","1448651","348","70"
"r3","weapon","A","offense-off","16200","21600","32","14","18","14","14","0","0","56","785","45745","71","0","560","12397131","498","0","49","0","251","0","1238755","200895","13393","57664","2521","39549348","0","2521","63972","0","0","0","639354","340314","385","7166","67200","42000","583","10400360","749","0","0","2660570","42","0","14000","33143","6133","456988","1","1960","1749","38","2076983","28","39276","39276","126","704505","0","56","56","1499077","355","70"
"r3","weapon","A","offense-off","16500","21600","32","14","18","14","14","0","0","56","960","45745","73","0","562","12542615","503","0","49","0","252","0","1242214","205260","13684","63626","2709","41303340","0","2709","65981","0","0","0","650854","351714","388","6794","126000","84000","567","10621581","732","0","0","2769575","42","0","14000","34230","6658","489791","1","1960","1833","38","2147135","28","40888","40888","126","732582","0","56","56","1547202","357","70"
"r3","weapon","A","offense-off","16800","21600","32","14","18","14","14","0","0","56","724","45745","74","0","562","12722272","507","0","49","0","254","0","1244012","207435","13829","64658","2768","43137992","0","2768","68190","0","0","0","662918","365424","391","6198","67200","126000","569","10840964","730","0","0","2849993","42","0","14000","35516","6570","481160","1","1960","1678","36","2230521","28","42086","42086","126","765998","0","56","56","1602835","360","70"
"r3","weapon","A","offense-off","17100","21600","32","14","18","14","14","0","0","56","991","45745","76","0","565","12888285","512","0","50","0","256","0","1246291","211785","14119","65004","2790","45017764","0","2790","70244","0","0","0","675642","375130","396","5858","42000","50400","573","11060354","733","0","0","2931461","42","0","14000","36523","6757","500258","2","1960","1803","39","2289851","28","43280","43280","126","789253","0","56","56","1641950","362","70"
"r3","weapon","A","offense-off","17400","21600","32","14","18","14","14","0","0","56","832","45745","76","0","566","13041446","519","0","51","0","259","0","1248606","214245","14283","66638","2851","46937133","0","2851","72385","0","0","0","687300","389252","400","5456","126000","50400","571","11280168","731","0","0","3039537","42","0","14000","37862","7034","510529","0","1960","1683","37","2375783","28","44896","44896","126","825106","0","56","56","1703902","368","70"
"r3","weapon","A","offense-off","17700","21600","32","11","21","11","11","0","0","44","848","0","60","0","486","11117647","419","0","44","0","209","0","926948","192945","12863","58140","2455","39033663","0","2455","61866","0","0","0","542685","329846","324","4664","79200","99000","493","9524580","598","0","0","2551202","33","0","11000","32061","5657","411168","5","1540","1626","36","2012883","22","37718","37718","99","690126","0","44","44","1449908","298","55"
"r3","weapon","A","offense-off","18000","21600","32","10","22","10","10","0","0","40","725","0","49","0","432","11167079","381","0","39","0","197","0","918746","177300","11820","55680","2301","36768355","0","2301","56625","0","0","0","530063","307880","295","4410","30000","60000","440","8733048","540","0","0","2380013","30","0","10000","29880","5240","381815","2","1400","1527","33","1880232","20","35120","35120","100","614868","0","40","40","1383330","279","50"
"r3","weapon","A","offense-off","18300","21600","32","8","24","8","8","0","0","32","512","0","41","0","337","10954932","316","0","35","0","159","0","889329","148920","9928","52430","2092","30878472","0","2092","45561","0","0","0","486534","259074","243","3940","57600","24000","337","6932229","426","0","0","1998569","24","0","8000","25056","4405","312453","1","1120","1118","24","1582992","16","29461","29461","80","543930","0","32","32","1142186","224","40"
"r3","weapon","A","offense-off","18600","21600","32","8","24","8","8","0","0","32","599","0","41","0","347","10959851","318","0","35","0","160","0","889355","150990","10066","53024","2130","32113263","0","2130","46890","0","0","0","492954","266164","244","3510","72000","67200","347","7061149","433","0","0","2050581","24","0","8000","25785","4428","319224","2","1120","1085","24","1626137","16","30213","30213","80","564523","0","32","32","1166834","226","40"
"r3","weapon","A","offense-off","18900","21600","32","8","24","8","8","0","0","32","460","0","41","0","357","10963060","318","0","35","0","160","0","889368","151875","10125","53988","2173","33353376","0","2173","48136","0","0","0","498622","274144","244","3140","24000","67200","357","7192573","443","0","0","2100048","24","0","8000","26535","4398","316677","0","1120","901","18","1675278","16","30933","30933","80","589125","0","32","32","1194246","226","40"
"r3","weapon","A","offense-off","19200","21600","32","6","26","6","6","0","0","24","537","0","26","0","286","9754642","245","0","25","0","131","0","756231","129765","8651","48604","1903","26425526","0","1903","38589","0","0","0","429834","218912","188","2762","28800","18000","286","5426663","337","0","0","1684557","18","0","6000","21202","3605","264674","2","840","855","18","1337838","12","24807","24807","60","403828","0","24","24","1016055","185","30"
"r3","weapon","A","offense-off","19500","21600","32","6","26","6","6","0","0","24","489","0","27","0","296","9759970","248","0","25","0","132","0","756257","130905","8727","49264","1941","27442175","0","1941","39546","0","0","0","435299","223800","190","2584","54000","36000","296","5529301","347","0","0","1720586","18","0","6000","21667","3692","268344","0","840","839","18","1368169","12","25359","25359","60","418775","0","24","24","1033467","187","30"
"r3","weapon","A","offense-off","19800","21600","32","6","26","6","6","0","0","24","372","0","28","0","303","9762794","251","0","25","0","134","0","756270","131655","8777","50250","1989","28470722","0","1989","40670","0","0","0","441310","230864","193","2228","28800","54000","302","5634691","352","0","0","1756290","18","0","6000","22313","3590","257404","0","840","694","14","1411638","12","25903","25903","66","437259","0","24","24","1061627","189","30"
"r3","weapon","A","offense-off","20100","21600","32","5","27","5","5","0","0","20","316","0","24","0","251","9575314","209","0","22","0","111","0","735833","116055","7737","47506","1827","24891119","0","1827","34077","0","0","0","415600","198644","162","1992","15000","18000","251","4668045","293","0","0","1524635","15","0","5000","19215","3265","232340","0","700","578","11","1214831","10","22480","22480","55","388979","0","20","20","903316","156","25"
"r3","weapon","A","offense-off","20400","21600","32","5","27","5","5","0","0","20","173","0","24","0","251","9575314","209","0","22","0","111","0","735833","116490","7766","47752","1843","25787619","0","1843","34942","0","0","0","420364","204126","162","1964","45000","18000","251","4755945","293","0","0","1556944","15","0","5000","19751","3195","229620","0","700","466","9","1248152","10","22946","22946","55","405063","0","20","20","922261","156","25"
"r3","weapon","A","offense-off","20700","21600","32","4","28","4","4","0","0","16","197","0","20","0","194","9550678","173","0","18","0","89","0","731538","97635","6509","45482","1712","21348146","0","1712","28230","0","0","0","395035","168710","131","1526","28800","36000","194","3720141","233","0","0","1280279","12","0","4000","16320","2540","183111","0","560","406","8","1031822","8","18860","18860","44","320418","0","16","16","776750","129","20"
"r3","weapon","A","offense-off","21000","21600","32","4","28","4","4","0","0","16","227","0","20","0","194","9550678","174","0","18","0","90","0","731538","98400","6560","45584","1719","22088343","0","1719","28828","0","0","0","398095","172438","132","1360","12000","24000","194","3790007","232","0","0","1314899","12","0","4000","16686","2684","193570","1","560","469","10","1054845","8","19370","19370","44","331563","0","16","16","789766","130","20"
"r3","weapon","A","offense-off","21300","21600","32","4","28","4","4","0","0","16","231","0","21","0","195","9550678","176","0","18","0","91","0","731538","99150","6610","45892","1739","22839051","0","1739","29544","0","0","0","401101","176844","134","1206","28800","12000","195","3859517","232","0","0","1341033","12","0","4000","17090","2660","191092","0","560","441","9","1081805","8","19750","19750","44","343808","0","16","16","806133","131","20"
"r3","weapon","A","offense-off","21600","21600","32","4","28","4","4","0","0","16","287","0","21","0","195","9550678","176","0","18","0","91","0","731538","100320","6688","45976","1745","23611139","0","1745","30203","0","0","0","405233","179870","134","1114","36000","33600","195","3929117","232","0","0","1367159","12","0","4000","17401","2725","197320","1","560","489","10","1100322","8","20126","20126","48","353945","0","16","16","815894","131","20"
"r3","weapon","B","both-off","0","21600","32","32","0","32","32","0","0","128","2880","0","0","0","0","0","0","0","0","0","0","0","0","0","0","0","0","0","0","0","0","0","0","0","0","0","32","57600","192000","192000","192","0","192","0","0","0","96","0","32000","0","0","0","0","4480","2880","64","0","32","0","0","0","0","0","128","32","0","32","160"
"r3","weapon","B","both-off","300","21600","32","32","0","32","32","0","0","128","2866","0","0","0","0","201108","2","0","1","0","1","0","51808","0","0","0","308","99006","0","0","96","0","0","0","1710","400","34","56586","230400","96000","224","61440","224","0","0","44017","96","0","32000","44","596","40202","20","4480","3092","64","2532","32","640","640","0","1961","0","128","33","1854","33","160"
"r3","weapon","B","both-off","600","21600","32","32","0","32","32","0","0","128","2835","426","14","0","0","644816","76","0","6","0","31","0","118944","975","65","0","840","306860","0","0","664","0","17","0","16339","1876","83","52632","288000","268800","288","138240","288","0","0","77078","96","0","32000","198","922","61369","46","4480","3368","64","12097","32","1120","1120","0","6756","0","128","55","8953","83","160"
"r3","weapon","B","both-off","900","21600","32","32","0","32","32","0","0","128","2619","2298","23","0","8","1349046","125","0","9","0","57","0","201472","1365","91","0","2611","563578","0","0","1569","0","73","0","26663","4706","121","49774","96000","268800","320","230400","320","0","0","108987","96","0","32000","464","1136","71981","15","4480","3507","66","30835","32","1600","1600","0","11807","0","128","70","25199","118","160"
"r3","weapon","B","both-off","1200","21600","32","32","0","32","32","0","0","128","2570","5951","36","0","23","2406266","178","0","13","0","79","0","301248","2790","186","0","4356","852420","0","0","2983","0","165","0","42877","8946","160","48520","153600","96000","384","339840","384","0","0","153793","96","0","32000","901","1354","87611","12","4480","3770","78","56715","32","2255","2255","0","17018","0","128","76","49164","144","160"
"r3","weapon","B","both-off","1500","21600","32","32","0","32","32","0","0","128","3148","14145","47","0","71","3583528","232","0","18","0","104","0","416384","7620","508","0","6576","1176758","0","0","4380","0","224","0","60224","12508","201","46530","288000","192000","448","464640","448","0","0","189650","96","0","32000","1289","1507","99532","28","4480","4623","101","77781","32","2796","2796","0","23301","0","128","88","66817","175","160"
"r3","weapon","B","both-off","1800","21600","32","32","0","32","32","0","0","128","3830","28520","53","0","139","4881294","281","0","23","0","130","0","546912","13380","892","0","7865","1547841","0","0","5875","0","268","0","78942","18312","238","44236","153600","288000","480","604800","480","0","0","231366","96","0","32000","1888","1505","101758","6","4480","5570","123","112803","32","3393","3393","32","32493","0","128","98","97115","209","160"
"r3","weapon","B","both-off","2100","21600","32","32","0","32","32","0","0","128","4792","51947","59","0","229","6322345","332","0","29","0","153","0","694688","20820","1388","0","9993","1991869","0","0","7251","0","331","0","102936","23546","273","43316","96000","115200","544","762240","544","0","0","301277","96","0","32000","2428","2000","137682","4","4480","6754","150","144930","32","4428","4428","32","40020","0","128","104","123575","241","160"
"r3","weapon","B","both-off","2400","21600","32","32","0","32","32","0","0","128","6076","78030","72","0","326","7845102","378","0","35","0","169","0","857824","30150","2010","0","12514","2502131","0","0","8519","0","387","0","134022","31354","308","42344","288000","115200","608","935040","608","0","0","361080","96","0","32000","3230","2073","148433","3","4480","8330","191","191159","32","5303","5303","32","50791","0","128","107","161856","260","160"
"r3","weapon","B","both-off","2700","21600","32","32","0","32","32","0","0","128","7353","109422","80","0","446","9547935","419","0","40","0","188","0","1036352","41520","2768","0","13988","3111306","0","0","9901","0","423","0","175691","38820","340","40508","230400","288000","640","1123200","640","0","0","427616","96","0","32000","3982","2310","162462","13","4480","9832","229","236871","32","6292","6292","32","64209","0","128","110","200945","286","160"
"r3","weapon","B","both-off","3000","21600","32","32","0","32","32","0","0","128","8066","145959","83","0","566","11160732","458","0","44","0","210","0","1232128","52740","3516","0","16494","3804877","0","0","11009","0","465","0","226842","47748","369","39752","96000","192000","704","1328640","704","0","0","526698","96","0","32000","4882","2874","204867","3","4480","10763","253","291787","32","7756","7756","32","78589","0","128","113","243242","316","160"
"r3","weapon","B","both-off","3300","21600","32","32","0","32","32","0","0","128","8660","186338","89","0","700","13058961","494","0","51","0","224","0","1443264","65625","4375","0","19462","4574589","0","0","12415","0","496","0","284315","59380","396","38598","230400","96000","768","1549440","768","0","0","607189","96","0","32000","5992","2925","206593","3","4480","11542","273","362638","32","8917","8917","32","95608","0","128","114","304988","334","160"
"r3","weapon","B","both-off","3600","21600","32","32","0","32","32","0","0","128","8998","233988","100","0","860","15130554","546","0","57","0","238","0","1669792","81225","5415","0","23639","5422289","0","0","13912","0","522","0","349013","68642","427","37282","288000","268800","800","1785600","800","0","0","687060","96","0","32000","6934","3175","225149","4","4480","11971","281","419490","32","10109","10109","64","113248","0","128","115","348663","357","160"
"r3","weapon","B","both-off","3900","21600","32","32","0","32","32","0","0","128","9104","287901","106","0","1040","17016740","576","0","58","0","252","0","1913568","94035","6269","0","26799","6340617","0","0","15285","0","565","0","414606","82030","448","36016","96000","268800","864","2039040","864","0","0","807942","96","0","32000","8272","3613","261964","2","4480","12208","288","500007","32","11885","11885","64","136683","0","128","116","409295","377","160"
"r3","weapon","B","both-off","4200","21600","32","32","0","32","32","0","0","128","9214","347070","113","0","1220","19220490","612","0","59","0","272","0","2172704","109380","7292","0","29365","7347858","0","0","16852","0","607","0","495764","94908","476","35086","153600","96000","928","2307840","928","0","0","898000","96","0","32000","9501","3731","264556","0","4480","12391","295","579913","32","13232","13232","64","155907","0","128","118","477537","401","160"
"r3","weapon","B","both-off","4500","21600","32","32","0","32","32","0","0","128","9271","410897","123","0","1406","21478455","641","0","61","0","280","0","2447232","125895","8393","0","37865","8390084","0","0","18260","0","630","0","582127","106698","496","34360","288000","192000","960","2592000","960","0","0","987378","96","0","32000","10639","3942","274748","7","4480","12567","297","652878","32","14581","14581","64","177139","0","128","118","535491","410","160"
"r3","weapon","B","both-off","4800","21600","32","32","0","32","32","0","0","128","9279","480347","126","0","1616","23940240","672","0","65","0","297","0","2739008","141270","9418","0","40221","9508848","0","0","20003","0","649","0","674610","122664","520","33118","153600","288000","1024","2893440","1024","0","0","1109897","96","0","32000","12201","4208","291862","1","4480","12689","301","748875","32","16409","16409","64","203647","0","128","119","614388","432","160"
"r3","weapon","B","both-off","5100","21600","32","32","0","32","32","0","0","128","9343","554566","131","0","1829","26353923","693","0","67","0","307","0","3046144","156885","10459","0","42851","10679091","0","0","21630","0","662","0","770683","134360","537","32810","96000","115200","1088","3210240","1088","0","0","1202112","96","0","32000","13384","4395","308923","3","4480","12848","304","820328","32","17779","17779","64","223253","0","128","119","669936","443","160"
"r3","weapon","B","both-off","5400","21600","32","32","0","32","32","0","0","128","9346","632653","137","0","2059","28730994","718","0","70","0","318","0","3368672","172815","11521","0","53043","11881732","0","0","23215","0","678","0","865002","148800","557","32186","288000","115200","1120","3542400","1120","0","0","1293742","96","0","32000","14778","4370","306603","1","4480","12905","304","906976","32","19148","19148","96","248265","0","128","119","738874","457","160"
"r3","weapon","B","both-off","5700","21600","32","32","0","32","32","0","0","128","9367","713664","140","0","2291","31429946","743","0","73","0","330","0","3708448","191385","12759","0","54680","13196413","0","0","24921","0","692","0","969153","163540","575","31050","230400","288000","1184","3891840","1184","0","0","1428067","96","0","32000","16212","4928","343002","10","4480","13089","312","997608","32","21140","21140","96","273322","0","128","119","811743","474","160"
"r3","weapon","B","both-off","6000","21600","32","31","1","31","31","0","0","124","9238","782424","142","0","2436","33072768","749","0","74","0","332","0","3936597","205545","13703","0","56066","14181736","0","0","25400","0","707","0","1046085","173622","579","30776","93000","186000","1209","4123620","1209","0","0","1498117","93","0","31000","17195","4947","352027","2","4340","12990","310","1059653","31","22142","22142","93","289829","0","124","118","856261","476","155"
"r3","weapon","B","both-off","6300","21600","32","31","1","31","31","0","0","124","9244","869848","150","0","2666","35580839","767","0","75","0","336","0","4295546","222840","14856","0","60794","15576760","0","0","26898","0","719","0","1156686","190066","592","30202","223200","93000","1240","4491900","1240","0","0","1598954","93","0","31000","18798","4809","341386","3","4340","13114","315","1158145","31","23607","23607","93","317716","0","124","118","939852","482","155"
"r3","weapon","B","both-off","6600","21600","32","31","1","31","31","0","0","124","9254","959292","161","0","2896","38273998","800","0","77","0","345","0","4671204","243570","16238","0","75050","17055003","0","0","28443","0","721","0","1266472","203260","614","29658","279000","260400","1302","4876920","1302","0","0","1734275","93","0","31000","20085","5516","389894","3","4340","13178","316","1239411","31","25601","25601","93","339221","0","124","118","1005160","497","155"
"r3","weapon","B","both-off","6900","21600","32","31","1","31","31","0","0","124","9233","1051969","161","0","3126","40606931","814","0","78","0","355","0","5061742","260850","17390","0","78615","18567291","0","0","29902","0","723","0","1373524","220106","625","28906","93000","260400","1364","5276820","1364","0","0","1833256","93","0","31000","21698","5382","381703","4","4340","13176","315","1341622","31","27080","27080","93","370141","0","124","118","1081412","510","155"
"r3","weapon","B","both-off","7200","21600","32","31","1","31","31","0","0","124","9261","1149184","164","0","3365","43233890","841","0","82","0","366","0","5467191","279645","18643","0","81440","20142551","0","0","31502","0","726","0","1485850","235072","643","28370","148800","93000","1395","5691600","1395","0","0","1934582","93","0","31000","23126","5434","381409","0","4340","13298","320","1434250","31","28560","28560","124","394939","0","124","119","1158234","528","155"
"r3","weapon","B","both-off","7500","21600","32","31","1","31","31","0","0","124","9247","1248530","168","0","3605","45956646","860","0","84","0","376","0","5889349","300210","20014","0","101480","21745030","0","0","33017","0","731","0","1597916","252406","659","28012","279000","186000","1457","6123120","1457","0","0","2074911","93","0","31000","24679","6010","410383","4","4340","13331","320","1541657","31","30689","30689","124","423112","0","124","119","1241416","539","155"
"r3","weapon","B","both-off","7800","21600","32","30","2","30","30","0","0","120","8907","1349861","168","0","3845","47700758","851","0","84","0","373","0","6122310","314175","20945","0","97149","22511545","0","0","33644","0","730","0","1659003","263254","655","27176","144000","270000","1470","6357600","1470","0","0","2114900","90","0","30000","25718","5577","379134","3","4200","13026","310","1605964","30","31295","31295","120","449851","0","120","115","1285915","532","150"
"r3","weapon","B","both-off","8100","21600","32","30","2","30","30","0","0","120","8914","1453103","171","0","4085","50452476","867","0","86","0","381","0","6559680","333450","22230","0","99109","24152803","0","0","35290","0","731","0","1772920","276708","668","26886","90000","108000","1500","6804000","1500","0","0","2216914","90","0","30000","27069","5751","396882","3","4200","13140","315","1687748","30","32820","32820","120","472593","0","120","115","1347439","542","150"
"r3","weapon","B","both-off","8400","21600","32","30","2","30","30","0","0","120","8861","1557783","172","0","4332","53191904","883","0","90","0","389","0","7013220","352260","23484","0","122314","25822016","0","0","36892","0","731","0","1884472","295654","681","26482","270000","108000","1560","7266600","1560","0","0","2356207","90","0","30000","28804","6096","418589","5","4200","13171","315","1803552","30","34900","34900","120","504954","0","120","115","1432664","552","150"
"r3","weapon","B","both-off","8700","21600","32","28","4","28","28","0","0","112","8285","1613532","162","0","4523","53051926","861","0","88","0","376","0","6982416","357345","23823","0","111846","25544713","0","0","35902","0","696","0","1890315","295626","654","25774","201600","252000","1512","7227360","1512","0","0","2316280","84","0","28000","28745","5552","378908","2","3920","12471","298","1804143","28","34297","34297","112","519661","0","112","108","1417711","537","140"
"r3","weapon","B","both-off","9000","21600","32","28","4","28","28","0","0","112","8274","1717501","165","0","4763","55589654","873","0","89","0","382","0","7432628","376425","25095","0","113920","27154542","0","0","37241","0","697","0","1999560","309208","664","25524","84000","168000","1540","7686000","1540","0","0","2415809","84","0","28000","30053","5693","389413","0","3920","12533","299","1888539","28","35746","35746","140","549536","0","112","109","1476860","545","140"
"r3","weapon","B","both-off","9300","21600","32","27","5","27","27","0","0","108","7967","1794229","163","0","4840","57042242","863","0","90","0","376","0","7615863","389025","25935","0","115351","27922547","0","0","37694","0","691","0","2043363","319814","656","25128","194400","81000","1539","7868340","1539","0","0","2483526","81","0","27000","31020","5718","393797","0","3780","12219","293","1951792","27","36738","36738","135","564885","0","108","105","1524844","537","135"
"r3","weapon","B","both-off","9600","21600","32","26","6","26","26","0","0","104","7643","1895991","159","0","5023","57446947","842","0","89","0","366","0","7778342","390705","26047","0","124309","28406658","0","0","37617","0","675","0","2094330","320546","640","24904","234000","218400","1534","8029320","1534","0","0","2480815","78","0","26000","31079","5643","387840","3","3640","11747","279","1956564","26","36722","36722","130","577801","0","104","102","1515174","522","130"
"r3","weapon","B","both-off","9900","21600","32","26","6","26","26","0","0","104","7606","2006013","162","0","5253","59928429","854","0","91","0","370","0","8235396","408615","27241","0","125891","30017437","0","0","38986","0","675","0","2204641","335880","649","24436","78000","218400","1560","8494200","1560","0","0","2574724","78","0","26000","32519","5627","382752","0","3640","11757","280","2050041","26","38146","38146","130","611554","0","104","102","1580418","527","130"
"r3","weapon","B","both-off","10200","21600","32","26","6","26","26","0","0","104","7600","2115859","167","0","5483","62720551","872","0","92","0","378","0","8695596","427950","28530","0","127250","31700721","0","0","40594","0","675","0","2320201","352624","663","24114","124800","78000","1560","8962200","1560","0","0","2706566","78","0","26000","34132","5959","407066","2","3640","11817","284","2152987","26","40091","40091","130","639852","0","104","103","1659648","537","130"
"r3","weapon","B","both-off","10500","21600","32","26","6","26","26","0","0","104","7566","2225734","168","0","5713","65547758","883","0","92","0","384","0","9155796","448965","29931","0","146805","33378265","0","0","42066","0","676","0","2437359","367002","670","23882","234000","156000","1560","9430200","1560","0","0","2806133","78","0","26000","35463","6073","414178","3","3640","11808","282","2241760","26","41536","41536","130","667413","0","104","103","1724542","546","130"
"r3","weapon","B","both-off","10800","21600","32","26","6","26","26","0","0","104","7502","2337484","171","0","5947","68416407","903","0","93","0","393","0","9615996","469350","31290","0","148379","35084950","0","0","43620","0","679","0","2542866","385256","683","23446","124800","234000","1560","9898200","1560","0","0","2906305","78","0","26000","37228","5746","395219","0","3640","11866","282","2351455","26","42974","42974","156","702132","0","104","103","1808954","557","130"
"r3","weapon","B","both-off","11100","21600","32","26","6","26","26","0","0","104","7490","2453343","174","0","6187","71287813","918","0","94","0","397","0","10076196","489150","32610","0","149523","37186351","0","0","45138","0","680","0","2716005","401714","691","23110","78000","93600","1560","10366200","1560","0","0","3177815","78","0","26000","38852","8218","559535","5","3640","11935","283","2454615","52","47070","47070","156","733048","0","104","103","1885232","564","130"
"r3","weapon","B","both-off","11400","21600","32","26","6","26","26","0","0","104","7418","2573247","180","0","6427","74610199","935","0","96","0","402","0","10536396","508725","33915","0","173292","39547076","0","0","47337","0","681","0","2914307","427056","704","22122","234000","93600","1560","10834200","1560","0","0","3386711","78","0","26000","41309","8809","600472","7","3640","11862","285","2609307","52","50118","50118","156","791141","0","104","103","1995098","571","130"
"r3","weapon","B","both-off","11700","21600","32","25","7","25","25","0","0","100","7065","2551691","171","0","6326","75630969","916","0","91","0","402","0","10573650","513570","34238","0","161687","39929161","0","0","48023","0","676","0","2996753","442962","689","20466","180000","225000","1500","10867500","1500","0","0","3454351","75","0","25000","42802","8303","568815","3","3500","11501","275","2709131","50","51105","51105","150","814779","0","100","100","2070757","565","125"
"r3","weapon","B","both-off","12000","21600","32","25","7","25","25","0","0","100","7021","2665781","174","0","6556","79119886","934","0","94","0","411","0","11016150","532485","35499","0","163652","42445659","0","0","50470","0","680","0","3209426","469506","704","19912","75000","150000","1500","11317500","1500","0","0","3719538","75","0","25000","45388","9671","661559","5","3500","11501","272","2873299","50","55059","55059","150","876406","0","100","100","2181573","576","125"
"r3","weapon","B","both-off","12300","21600","32","25","7","25","25","0","0","100","7001","2782534","179","0","6786","82972977","944","0","94","0","415","0","11458650","551325","36755","0","168924","45030175","0","0","53416","0","682","0","3422997","507420","713","18792","180000","75000","1500","11767500","1500","0","0","3920426","75","0","25000","48951","9048","622585","1","3500","11539","272","3102947","50","57999","57999","150","944894","0","100","100","2352947","580","125"
"r3","weapon","B","both-off","12600","21600","32","24","8","24","24","0","0","96","6740","2777239","172","0","7016","82276179","915","0","93","0","407","0","11425104","543240","36216","0","167127","45053423","0","0","53314","0","680","0","3385048","514338","696","18352","216000","201600","1440","11728800","1440","0","0","3938735","72","0","24000","49522","8674","600989","3","3360","11066","264","3147547","48","58196","58196","168","985459","0","96","96","2352287","567","120"
"r3","weapon","B","both-off","12900","21600","32","24","8","24","24","0","0","96","6669","2889071","173","0","7246","85514444","927","0","94","0","415","0","11849904","560565","37371","0","169448","47646454","0","0","55640","0","680","0","3601435","546594","706","17666","72000","201600","1440","12160800","1440","0","0","4205391","72","0","24000","52536","9652","660193","2","3360","11021","263","3344807","48","62188","62188","168","1064004","0","96","96","2481194","576","120"
"r3","weapon","B","both-off","13200","21600","32","24","8","24","24","0","0","96","6721","3002054","173","0","7476","89365972","943","0","95","0","427","0","12274704","580095","38673","0","171642","50366269","0","0","58456","0","684","0","3819694","578076","719","16910","115200","72000","1440","12592800","1440","0","0","4404079","72","0","24000","55521","9653","653624","6","3360","11092","265","3538891","48","65174","65174","168","1119652","0","96","96","2630803","591","120"
"r3","weapon","B","both-off","13500","21600","32","24","8","24","24","0","0","96","6767","3115402","174","0","7706","93124531","955","0","98","0","432","0","12699504","601020","40068","0","191124","53107353","0","0","61123","0","684","0","4041906","606280","728","16214","216000","144000","1440","13024800","1440","0","0","4606313","72","0","24000","58197","9939","672192","7","3360","11141","268","3712702","48","68136","68136","168","1184732","0","96","96","2749389","597","120"
"r3","weapon","B","both-off","13800","21600","32","23","9","23","23","0","0","92","6450","3174682","168","0","7626","93496512","927","0","95","0","424","0","12577458","602280","40152","0","186634","53197869","0","0","61200","0","681","0","4105770","619790","710","15130","110400","207000","1380","12896100","1380","0","0","4682904","69","0","23000","59506","9800","665296","2","3220","10792","257","3791449","46","69306","69306","161","1224686","0","92","92","2792922","583","115"
"r3","weapon","B","both-off","14100","21600","32","23","9","23","23","0","0","92","6478","3290262","171","0","7846","97064381","941","0","95","0","432","0","12984558","621540","41436","0","188489","56013117","0","0","63748","0","682","0","4323004","644674","721","14906","69000","82800","1380","13310100","1380","0","0","4873012","69","0","23000","61996","10192","694373","4","3220","10851","260","3944345","46","72188","72188","161","1279949","0","92","92","2898690","593","115"
"r3","weapon","B","both-off","14400","21600","32","23","9","23","23","0","0","92","6429","3407639","172","0","8066","100538142","949","0","95","0","438","0","13391658","640155","42677","0","211202","58841742","0","0","66281","0","684","0","4544020","678618","728","14408","207000","82800","1380","13724100","1380","0","0","5065307","69","0","23000","65061","9985","663761","0","3220","10779","258","4152066","46","75046","75046","184","1356008","0","92","92","3045538","600","115"
"r3","weapon","B","both-off","14700","21600","32","22","10","22","22","0","0","88","6404","3400211","166","0","7873","101531384","931","0","90","0","434","0","13198812","650595","43373","0","204336","59106705","0","0","66470","0","679","0","4624925","689352","712","13516","158400","198000","1320","13523400","1320","0","0","5173064","66","0","22000","66117","10496","706501","5","3080","10783","259","4217216","44","76613","76613","176","1343831","0","88","88","3122732","598","110"
"r3","weapon","B","both-off","15000","21600","32","21","11","21","21","0","0","84","6098","3480942","165","0","7939","100702553","904","0","88","0","417","0","12970566","647745","43183","0","190643","58957616","0","0","65632","0","677","0","4619364","686714","691","13100","63000","126000","1260","13286700","1260","0","0","5139473","63","0","21000","65834","10236","690963","5","2940","10299","248","4203353","42","76070","76070","168","1368797","0","84","84","3079713","578","105"
"r3","weapon","B","both-off","15300","21600","32","21","11","21","21","0","0","84","6083","3597970","169","0","8139","104299137","913","0","88","0","420","0","13342266","664980","44332","0","195070","61814731","0","0","68364","0","677","0","4827183","723118","698","12378","151200","63000","1260","13664700","1260","0","0","5327061","63","0","21000","69225","9645","650963","1","2940","10354","250","4423593","42","78870","78870","168","1437776","0","84","84","3238322","582","105"
"r3","weapon","B","both-off","15600","21600","32","21","11","21","21","0","0","84","6099","3715611","173","0","8339","108104093","929","0","88","0","428","0","13713966","686820","45788","0","228251","64738437","0","0","70962","0","678","0","5038856","752812","710","12052","189000","176400","1260","14042700","1260","0","0","5587451","63","0","21000","72047","10647","725788","4","2940","10436","249","4606403","42","82694","82694","168","1490076","0","84","84","3371587","593","105"
"r3","weapon","B","both-off","15900","21600","32","19","13","19","19","0","0","76","5497","3388695","153","0","7726","101368821","837","0","80","0","397","0","12744174","645270","43018","0","205532","61970247","0","0","66091","0","674","0","4766831","709882","649","11478","57000","159600","1140","13047300","1140","0","0","5246389","57","0","19000","67992","9615","657044","0","2660","9535","227","4341321","38","77607","77607","152","1396350","0","76","76","3192995","543","95"
"r3","weapon","B","both-off","16200","21600","32","17","15","17","17","0","0","68","4882","3189254","139","0","6987","94730660","774","0","74","0","363","0","11703582","613485","40899","0","162566","56250198","0","0","60752","0","668","0","4445760","667630","593","11008","81600","51000","1020","11979900","1020","0","0","4868860","51","0","17000","63722","8270","567263","1","2380","8529","204","4085535","34","71992","71992","153","1312468","0","68","68","2989129","503","85"
"r3","weapon","B","both-off","16500","21600","32","17","15","17","17","0","0","68","4875","3286723","139","0","7147","97709794","786","0","75","0","368","0","12004482","631395","42093","0","193680","58710013","0","0","62770","0","668","0","4613200","695368","599","10696","153000","102000","1020","12285900","1020","0","0","5089664","51","0","17000","66092","9152","620231","1","2380","8535","205","4259526","34","75244","75244","153","1363484","0","68","68","3105949","513","85"
"r3","weapon","B","both-off","16800","21600","32","17","15","17","17","0","0","68","4865","3384156","141","0","7307","100760455","794","0","75","0","373","0","12305382","648150","43210","0","195467","61186014","0","0","65015","0","669","0","4774852","726138","606","10000","81600","153000","1020","12591900","1020","0","0","5256784","51","0","17000","69053","8633","590699","0","2380","8588","207","4443959","34","77686","77686","153","1423892","0","68","68","3242193","518","85"
"r3","weapon","B","both-off","17100","21600","32","17","15","17","17","0","0","68","4845","3483945","142","0","7467","103645701","802","0","76","0","378","0","12606282","664830","44322","0","196737","63754831","0","0","67080","0","669","0","4940958","747224","613","9744","51000","61200","1020","12897900","1020","0","0","5420364","51","0","17000","71104","8994","615262","3","2380","8623","206","4574677","34","80098","80098","153","1468037","0","68","68","3337065","524","85"
"r3","weapon","B","both-off","17400","21600","32","17","15","17","17","0","0","68","4842","3583302","145","0","7627","106576891","813","0","77","0","381","0","12907182","680700","45380","0","210831","66327907","0","0","69217","0","671","0","5104438","783610","620","9248","153000","61200","1020","13203900","1020","0","0","5638732","51","0","17000","74208","9148","622741","5","2380","8610","207","4799154","34","83356","83356","153","1526130","0","68","68","3489861","529","85"
"r3","weapon","B","both-off","17700","21600","32","16","16","16","16","0","0","64","4552","3482284","133","0","7385","103715276","766","0","73","0","365","0","12431136","651405","43427","0","207664","65879450","0","0","67965","0","658","0","5020527","761138","587","8456","115200","144000","960","12715200","960","0","0","5457716","48","0","16000","72116","8592","579655","6","2240","8185","196","4661646","32","80708","80708","144","1509870","0","64","64","3368191","502","80"
"r3","weapon","B","both-off","18000","21600","32","16","16","16","16","0","0","64","4526","3577506","134","0","7535","106469595","776","0","73","0","370","0","12714336","667680","44512","0","208837","68353572","0","0","69751","0","660","0","5171616","782540","593","8166","48000","96000","960","13003200","960","0","0","5613564","48","0","16000","74221","8773","596062","0","2240","8185","198","4792617","32","82994","82994","160","1564998","0","64","64","3452504","511","80"
"r3","weapon","B","both-off","18300","21600","32","16","16","16","16","0","0","64","4537","3673313","137","0","7685","109493735","788","0","73","0","374","0","12997536","683100","45540","0","211640","70942387","0","0","71932","0","661","0","5339571","812448","600","7628","115200","48000","960","13291200","960","0","0","5828364","48","0","16000","77010","9218","621926","2","2240","8240","197","4973705","32","86228","86228","160","1619657","0","64","64","3586781","518","80"
"r3","weapon","B","both-off","18600","21600","32","16","16","16","16","0","0","64","4574","3769871","139","0","7835","112620112","797","0","73","0","379","0","13280736","701640","46776","0","232205","73605145","0","0","74027","0","661","0","5527507","834910","607","7410","144000","134400","960","13579200","960","0","0","5986930","48","0","16000","79187","9447","640939","4","2240","8312","199","5111917","32","88634","88634","160","1660824","0","64","64","3685167","524","80"
"r3","weapon","B","both-off","18900","21600","32","14","18","14","14","0","0","56","3956","3471274","120","0","6879","102605107","708","0","66","0","338","0","11868444","646245","43083","0","210856","66982789","0","0","66502","0","656","0","4936208","757692","538","6860","42000","117600","840","12133800","840","0","0","5407763","42","0","14000","71842","8133","555120","0","1960","7311","174","4639745","28","79975","79975","140","1501713","0","56","56","3350930","468","70"
"r3","weapon","B","both-off","19200","21600","32","14","18","14","14","0","0","56","3951","3559266","121","0","7009","105370758","711","0","67","0","339","0","12116244","661065","44071","0","212449","69417042","0","0","68554","0","657","0","5096269","782488","541","6450","67200","42000","840","12385800","840","0","0","5600589","42","0","14000","74164","8661","590150","1","1960","7339","175","4793146","28","82825","82825","140","1545075","0","56","56","3465364","469","70"
"r3","weapon","B","both-off","19500","21600","32","14","18","14","14","0","0","56","3950","3648599","122","0","7139","108033833","723","0","69","0","344","0","12364044","677190","45146","0","244411","71854043","0","0","70456","0","657","0","5252817","802944","549","6282","126000","84000","840","12637800","840","0","0","5742978","42","0","14000","76061","8894","586028","0","1960","7329","175","4919423","28","84955","84955","140","1590067","0","56","56","3566883","476","70"
"r3","weapon","B","both-off","19800","21600","32","13","19","13","13","0","0","52","3634","3404189","109","0","6669","104516605","681","0","66","0","328","0","11710998","663540","44236","0","238575","69711716","0","0","67739","0","644","0","5055101","779956","516","5790","62400","117000","780","11969100","780","0","0","5521851","39","0","13000","73893","7731","516305","1","1820","6838","163","4774773","26","81624","81624","143","1515918","0","52","52","3489628","452","65"
"r3","weapon","B","both-off","20100","21600","32","12","20","12","12","0","0","48","3596","3215593","107","0","6238","101694557","642","0","63","0","305","0","11022552","655635","43709","0","234125","66114480","0","0","65141","0","640","0","4918902","755296","487","5670","36000","43200","720","11264400","720","0","0","5385261","36","0","12000","71562","8075","546905","2","1680","6752","161","4625167","24","79637","79637","132","1481843","0","48","48","3356513","419","60"
"r3","weapon","B","both-off","20400","21600","32","12","20","12","12","0","0","48","3596","3292186","108","0","6348","104023794","652","0","63","0","310","0","11234952","669225","44615","0","265850","68314831","0","0","66688","0","640","0","5049877","782980","493","5384","108000","43200","720","11480400","720","0","0","5518182","36","0","12000","73926","7679","502343","0","1680","6749","161","4796172","24","81605","81605","132","1532116","0","48","48","3483723","427","60"
"r3","weapon","B","both-off","20700","21600","32","12","20","12","12","0","0","48","3596","3370857","111","0","6458","106664929","657","0","63","0","310","0","11447352","685335","45689","0","266880","70509177","0","0","68413","0","640","0","5193470","806312","496","5122","86400","108000","720","11696400","720","0","0","5650893","36","21","12000","76091","7465","485876","3","1680","6817","164","4939912","24","83556","83577","132","1573097","0","48","48","3591920","427","60"
"r3","weapon","B","both-off","21000","21600","32","11","21","11","11","0","0","44","3296","3096153","104","0","5980","99474992","615","0","59","0","284","0","10688106","636870","42458","0","261551","66363003","0","0","63766","0","546","0","4913939","753212","458","4950","33000","66000","660","10919700","660","0","0","5316254","33","93","11000","71108","7484","491424","0","1540","6240","150","4615015","22","78592","78685","121","1460246","0","44","44","3364584","396","55"
"r3","weapon","B","both-off","21300","21600","32","11","21","11","11","0","0","44","3296","3166752","106","0","6080","101856990","619","0","60","0","285","0","10882806","649065","43271","0","264478","68416326","0","0","65509","0","546","0","5034618","777694","462","4626","79200","33000","660","11117700","660","0","0","5435678","33","137","11000","73366","6996","460349","1","1540","6264","151","4762987","22","80362","80499","121","1500412","0","44","44","3474917","397","55"
"r3","weapon","B","both-off","21600","21600","32","10","22","10","10","0","0","40","2996","2949094","97","0","5500","94006309","569","0","54","0","261","0","10070460","600165","40011","0","274498","64292832","0","0","60193","0","541","0","4779626","725854","422","4558","90000","84000","600","10287000","600","0","0","5037805","30","197","10000","68263","6282","413963","0","1400","5721","137","4448578","20","74545","74742","120","1389522","0","40","40","3234320","365","50"
"r3","weapon","B","control","0","21600","32","32","0","32","32","0","0","128","2880","0","0","0","0","0","0","0","0","0","0","0","0","0","0","0","0","0","0","0","0","0","0","0","0","0","32","57600","192000","192000","192","0","192","0","0","0","96","0","32000","0","0","0","0","4480","2880","64","0","32","0","0","0","0","0","128","32","0","32","160"
"r3","weapon","B","control","300","21600","32","32","0","32","32","1236","0","128","2866","0","1","0","0","202295","5","0","0","0","2","0","51808","0","0","154","11","97395","0","11","86","0","0","0","1740","556","35","56680","230400","96000","224","61440","224","1236","0","43442","96","0","32000","61","579","38608","20","4480","3094","64","3473","32","640","640","0","1899","0","128","33","1699","36","160"
"r3","weapon","B","control","600","21600","32","32","0","32","32","5863","0","128","2830","1606","19","0","11","643794","85","0","10","0","34","0","118944","960","64","452","33","294796","0","33","546","0","0","0","16263","2528","95","53862","288000","268800","288","138240","288","5893","0","76018","96","0","32000","272","848","56543","24","4480","3387","64","15812","32","1120","1120","0","6483","30","128","55","7099","80","160"
"r3","weapon","B","control","900","21600","32","32","0","32","32","11201","0","128","2666","9066","24","0","41","1312603","129","0","12","0","64","0","201472","1680","112","1104","69","529241","0","69","1327","0","0","0","27257","5774","132","51208","96000","268800","320","230400","320","11547","0","108762","96","0","32000","602","998","65483","18","4480","3574","65","36059","32","1600","1600","0","12089","346","128","68","19643","117","160"
"r3","weapon","B","control","1200","21600","32","32","0","32","32","17819","0","128","2707","21210","36","0","78","2311143","190","0","18","0","88","0","301277","3855","257","1558","96","792342","0","96","2508","0","0","0","44170","10584","174","50072","153600","96000","385","339869","385","18237","0","153048","96","0","32000","1064","1197","77258","8","4480","3968","88","66019","32","2261","2261","0","18256","418","128","80","39297","155","160"
"r3","weapon","B","control","1500","21600","32","32","0","32","32","25052","0","128","3362","40262","46","0","118","3417958","244","0","19","0","122","0","416713","9315","621","2228","126","1078089","0","126","3520","0","0","0","61907","15594","219","48900","288000","192000","449","464969","449","25808","0","190810","96","0","32000","1578","1247","84225","16","4480","4927","107","95796","32","2825","2825","0","24535","756","128","93","56242","195","160"
"r3","weapon","B","control","1800","21600","32","32","0","32","32","30057","0","128","4124","62343","55","0","161","4648105","288","0","24","0","144","0","547541","15750","1050","2696","147","1395744","0","147","4633","0","0","0","82474","22202","255","47282","153600","288000","481","605429","481","30883","0","234252","96","0","32000","2223","1228","83948","4","4480","5989","132","136074","32","3451","3451","32","32318","826","128","103","87103","221","160"
"r3","weapon","B","control","2100","21600","32","32","0","32","32","42952","0","128","5230","90965","61","0","225","5964933","337","0","30","0","168","0","695617","24165","1611","3352","178","1773239","0","178","5693","0","0","0","111195","29300","291","46394","96000","115200","545","763169","545","44909","0","307956","96","0","32000","2863","1670","115488","12","4480","7284","165","180187","32","4533","4533","32","38148","1957","128","106","109411","253","160"
"r3","weapon","B","control","2400","21600","32","32","0","32","32","57414","0","128","6539","123269","70","0","306","7435823","390","0","38","0","191","0","859053","33855","2257","4426","228","2190790","0","228","6731","0","0","0","142159","39014","331","45870","288000","115200","609","936269","609","60831","0","371987","96","0","32000","3764","1690","118907","5","4480","8914","208","239094","32","5454","5454","32","47593","3417","128","110","144656","286","160"
"r3","weapon","B","control","2700","21600","32","32","0","32","32","63919","0","128","7936","160539","81","0","406","9144939","436","0","40","0","210","0","1037881","45330","3022","4852","253","2680631","0","253","8051","0","0","0","186646","48284","363","43664","230400","288000","641","1124729","641","67982","0","441626","96","0","32000","4618","1875","128328","6","4480","10519","249","296611","32","6493","6493","32","58876","4063","128","112","186440","316","160"
"r3","weapon","B","control","3000","21600","32","32","0","32","32","76034","0","128","8526","202593","86","0","514","10801911","468","0","44","0","227","0","1233957","55785","3719","5568","283","3231948","0","283","9195","0","0","0","240487","58820","389","42834","96000","192000","703","1330115","703","82049","0","546508","96","0","32000","5618","2412","168359","8","4480","11349","270","361992","32","8030","8030","32","69712","6015","128","115","226388","338","160"
"r3","weapon","B","control","3300","21600","32","32","0","32","32","85292","0","128","8942","249453","98","0","627","12851185","505","0","47","0","240","0","1445393","69240","4616","6288","328","3844901","0","328","10710","0","0","0","302653","71972","417","41632","230400","96000","765","1550446","765","93127","0","629604","96","0","32000","6869","2368","166831","6","4480","11967","284","441519","32","9237","9237","32","83766","7835","128","116","285880","357","160"
"r3","weapon","B","control","3600","21600","32","32","0","32","32","98910","0","128","9170","301799","105","0","757","14943010","540","0","50","0","257","0","1672221","83910","5594","7136","367","4497384","0","367","12184","0","0","0","367171","83334","444","40560","288000","268800","797","1785706","797","109460","0","713594","96","0","32000","7919","2550","179949","13","4480","12354","296","511960","32","10469","10469","64","96831","10550","128","116","327354","377","160"
"r3","weapon","B","control","3900","21600","32","32","0","32","32","108981","0","128","9205","355894","110","0","887","16936993","572","0","50","0","276","0","1916297","96150","6410","8064","411","5212063","0","411","13678","0","0","0","439299","98742","468","39460","96000","268800","860","2038216","860","121669","0","836127","96","0","32000","9367","2922","207822","1","4480","12533","298","605952","32","12289","12289","64","115609","12688","128","117","391027","402","160"
"r3","weapon","B","control","4200","21600","32","32","0","32","32","126026","0","128","9253","411344","115","0","1017","19335622","600","0","55","0","289","0","2175733","112005","7467","8848","459","5977988","0","459","15445","0","0","0","523083","113092","491","38354","153600","96000","923","2305787","923","141151","0","929140","96","0","32000","10653","3009","209014","17","4480","12665","301","694920","32","13662","13662","64","127960","15125","128","117","451015","418","160"
"r3","weapon","B","control","4500","21600","32","32","0","32","32","148364","0","128","9255","468394","119","0","1147","21704660","637","0","58","0","308","0","2450561","127830","8522","10020","512","6748651","0","512","17134","0","0","0","607073","128070","517","37404","288000","192000","955","2588447","955","167881","0","1021424","96","0","32000","11988","3048","207812","13","4480","12769","306","788236","32","15036","15036","64","144863","19517","128","118","500868","445","160"
"r3","weapon","B","control","4800","21600","32","32","0","32","32","154683","0","128","9219","528914","126","0","1296","24324143","659","0","62","0","317","0","2742219","142410","9494","10420","534","7582714","0","534","19182","0","0","0","696941","145060","537","35950","153600","288000","1015","2887854","1015","175517","0","1147153","96","0","32000","13640","3257","222674","4","4480","12924","306","890954","32","16897","16897","64","167152","20834","128","118","581810","454","160"
"r3","weapon","B","control","5100","21600","32","32","0","32","32","171259","0","128","9242","597910","129","0","1466","26815941","686","0","65","0","330","0","3048757","158385","10559","10912","567","8430191","0","567","20885","0","0","0","783080","159366","556","35426","96000","115200","1077","3201654","1077","196672","0","1243426","96","0","32000","14977","3313","232392","7","4480","13036","309","978894","32","18290","18290","64","182391","25413","128","119","631971","472","160"
"r3","weapon","B","control","5400","21600","32","32","0","32","32","194917","0","128","9215","669180","137","0","1636","29226074","709","0","65","0","341","0","3370206","173850","11590","11360","588","9275389","0","588","22418","0","0","0","869357","178348","575","34840","288000","115200","1108","3530334","1108","225252","0","1337583","96","0","32000","16643","3035","211566","1","4480","13170","313","1095480","32","19678","19678","96","204516","30335","128","119","696249","485","160"
"r3","weapon","B","control","5700","21600","32","32","0","32","32","204797","0","128","9249","743576","143","0","1806","31928399","737","0","65","0","355","0","3708364","192270","12818","11990","628","10186526","0","628","24147","0","0","0","973515","193724","595","33718","230400","288000","1169","3875750","1169","237889","0","1473846","96","0","32000","18084","3619","249813","1","4480","13372","316","1190004","32","21703","21703","96","222561","33092","128","120","763583","504","160"
"r3","weapon","B","control","6000","21600","32","32","0","32","32","220363","0","128","9262","819642","147","0","1976","34407436","758","0","69","0","361","0","4061402","208950","13930","12546","660","11131053","0","660","25757","0","0","0","1072640","208834","609","33138","96000","192000","1230","4235664","1230","259010","0","1574477","96","0","32000","19475","3749","254741","4","4480","13484","318","1283726","32","23224","23224","96","243169","38647","128","121","817557","512","160"
"r3","weapon","B","control","6300","21600","32","32","0","32","32","238120","0","128","9272","896618","156","0","2147","37244727","787","0","71","0","373","0","4429351","228000","15200","13008","690","12098056","0","690","27598","0","0","0","1179440","230036","632","32100","230400","96000","1258","4609944","1258","280818","0","1675905","96","0","32000","21418","3323","224522","4","4480","13606","322","1412668","32","24741","24741","96","266507","42698","128","121","904058","529","160"
"r3","weapon","B","control","6600","21600","32","32","0","32","32","258260","0","128","9309","977154","162","0","2335","40111381","806","0","74","0","379","0","4814009","248940","16596","13830","729","13067228","0","729","29245","0","0","0","1286636","246380","647","31460","288000","268800","1320","5000364","1320","305927","0","1812364","96","0","32000","22928","3865","262165","3","4480","13765","325","1513578","32","26793","26793","96","285251","47667","128","123","959021","537","160"
"r3","weapon","B","control","6900","21600","32","32","0","32","32","268327","0","128","9258","1063289","168","0","2525","42611239","832","0","77","0","386","0","5213547","265875","17725","14822","771","14073361","0","771","30798","0","0","0","1387537","263534","663","30690","96000","268800","1382","5405664","1382","319895","0","1915933","96","0","32000","24557","3774","258020","2","4480","13807","326","1617953","32","28331","28331","96","311124","51568","128","125","1026894","547","160"
"r3","weapon","B","control","7200","21600","32","32","0","32","32","285484","0","128","9296","1153282","175","0","2715","45523810","855","0","80","0","393","0","5627996","286455","19097","15122","793","15122981","0","793","32560","0","0","0","1507275","281512","680","30178","153600","96000","1411","5825707","1411","342193","0","2020864","96","0","32000","26177","3700","249026","0","4480","13943","332","1729196","32","29877","29877","128","330832","56709","128","125","1098813","556","160"
"r3","weapon","B","control","7500","21600","32","32","0","32","32","314151","0","128","9329","1244881","178","0","2905","48238632","880","0","81","0","407","0","6059154","307110","20474","16126","836","16188334","0","836","34035","0","0","0","1625508","301002","698","29834","288000","192000","1472","6262002","1472","379178","0","2172058","96","0","32000","27885","4211","284687","2","4480","14065","334","1850210","32","32096","32096","128","354610","65027","128","125","1153583","576","160"
"r3","weapon","B","control","7800","21600","32","31","1","31","31","309406","0","124","9017","1336596","179","0","3095","49967685","876","0","82","0","402","0","6301174","322170","21478","15902","835","16791600","0","835","34631","0","0","0","1692770","312220","694","29242","148800","279000","1485","6502778","1485","376452","0","2219866","93","0","31000","28967","3822","260396","5","4340","13752","326","1917293","31","32789","32789","124","381500","67046","124","122","1201518","566","155"
"r3","weapon","B","control","8100","21600","32","31","1","31","31","327275","0","124","9008","1433586","180","0","3285","52843119","890","0","83","0","409","0","6747844","342600","22840","16382","863","17895061","0","863","36290","0","0","0","1807188","328394","703","28830","93000","111600","1514","6953575","1514","399614","0","2330112","93","0","31000","30469","3920","270985","2","4340","13879","331","2017674","31","34389","34389","124","399820","72339","124","122","1259693","576","155"
"r3","weapon","B","control","8400","21600","32","31","1","31","31","349053","0","124","8981","1532509","188","0","3477","55690767","917","0","86","0","417","0","7210684","362730","24182","17112","896","19022470","0","896","37934","0","0","0","1919337","349764","722","28406","279000","111600","1573","7420076","1573","428038","0","2476894","93","0","31000","32336","4233","288879","1","4340","13921","334","2149735","31","36569","36569","124","426212","78985","124","122","1333765","586","155"
"r3","weapon","B","control","8700","21600","32","31","1","31","31","357944","0","124","9026","1640124","194","0","3677","58877046","936","0","86","0","423","0","7687983","385635","25709","17350","914","20165340","0","914","39715","0","0","0","2034840","367520","734","27740","223200","279000","1633","7900973","1633","439860","0","2587120","93","0","31000","34006","4198","286844","8","4340","14079","336","2258996","31","38204","38204","124","449266","81916","124","122","1411150","597","155"
"r3","weapon","B","control","9000","21600","32","31","1","31","31","378355","0","124","9049","1751994","198","0","3877","61793880","946","0","86","0","428","0","8180132","406155","27077","17788","941","21317810","0","941","41378","0","0","0","2148806","385076","743","27544","93000","186000","1663","8396412","1663","467747","0","2697302","93","0","31000","35583","4249","287334","0","4340","14194","338","2368783","31","39832","39832","155","475051","89392","124","123","1467170","603","155"
"r3","weapon","B","control","9300","21600","32","31","1","31","31","392762","0","124","9087","1864890","204","0","4077","65119397","979","0","87","0","441","0","8688990","429465","28631","18026","956","22547531","0","956","43292","0","0","0","2270581","407540","763","27040","223200","93000","1725","8908332","1725","487292","0","2859603","93","0","31000","37656","4523","309155","3","4340","14320","341","2504862","31","42179","42179","155","504859","94530","124","124","1558297","625","155"
"r3","weapon","B","control","9600","21600","32","31","1","31","31","411274","0","124","9156","1980893","206","0","4277","68444645","994","0","90","0","447","0","9212728","454335","30289","18592","983","23799592","0","983","44994","0","0","0","2394300","425952","774","26730","279000","260400","1786","9435048","1786","512013","0","2975641","93","0","31000","39335","4590","315006","2","4340","14474","348","2618818","31","43925","43925","155","525539","100739","124","124","1623083","634","155"
"r3","weapon","B","control","9900","21600","32","31","1","31","31","420704","0","124","9180","2097866","208","0","4477","71362576","1010","0","92","0","455","0","9751198","474570","31638","18792","992","25057891","0","992","46690","0","0","0","2504018","446084","786","26082","93000","260400","1816","9976248","1816","526445","0","3091855","93","0","31000","41189","4471","304316","0","4340","14578","349","2742020","31","45660","45660","155","558954","105741","124","124","1702140","643","155"
"r3","weapon","B","control","10200","21600","32","31","1","31","31","436295","0","124","9193","2216754","215","0","4677","74930428","1028","0","93","0","460","0","10300294","498840","33256","19056","1011","26381081","0","1011","48792","0","0","0","2634176","466140","799","25604","148800","93000","1839","10528064","1839","548631","0","3254672","93","0","31000","43028","5012","338622","1","4340","14643","353","2865571","31","48040","48040","155","582895","112336","124","124","1784524","650","155"
"r3","weapon","B","control","10500","21600","32","31","1","31","31","461065","0","124","9183","2340097","220","0","4877","78188519","1041","0","95","0","464","0","10850370","522915","34861","19390","1031","27703966","0","1031","50602","0","0","0","2762105","486568","810","25304","279000","186000","1842","11080256","1842","582935","0","3375633","93","0","31000","44844","4966","339510","8","4340","14674","352","2992868","31","49810","49810","155","608420","121870","124","124","1844768","655","155"
"r3","weapon","B","control","10800","21600","32","31","1","31","31","464714","0","124","9156","2465307","221","0","5080","81540851","1065","0","98","0","476","0","11401049","547140","36476","19444","1035","29060253","0","1035","52443","0","0","0","2891738","509388","826","24762","148800","279000","1843","11633036","1843","588864","0","3496542","93","0","31000","46986","4587","313492","1","4340","14797","354","3130780","31","51573","51573","186","642151","124150","124","124","1952035","674","155"
"r3","weapon","B","control","11100","21600","32","31","1","31","31","484363","0","124","9132","2591903","224","0","5290","85004313","1079","0","100","0","481","0","11952386","571470","38098","19546","1044","30868048","0","1044","54390","0","0","0","3107561","531438","836","24360","93000","111600","1843","12186206","1843","617671","0","3834364","93","0","31000","49067","7526","512370","8","4340","14832","354","3268516","62","56593","56593","186","669639","133308","124","124","2034684","681","155"
"r3","weapon","B","control","11400","21600","32","31","1","31","31","516771","0","124","9079","2719341","227","0","5503","88865182","1103","0","103","0","493","0","12504862","594060","39604","19728","1057","32946488","0","1057","57014","0","0","0","3339426","568116","854","23154","279000","111600","1847","12739886","1847","663418","0","4086912","93","0","31000","52495","7840","535223","7","4340","14800","355","3495254","62","60335","60335","186","725583","146647","124","124","2162688","698","155"
"r3","weapon","B","control","11700","21600","32","30","2","30","30","501837","0","120","8768","2834039","221","0","5723","91067984","1087","0","103","0","487","0","12633554","604275","40285","18976","1027","34075269","0","1027","58560","0","0","0","3493722","586542","841","21424","216000","270000","1787","12861487","1787","653732","0","4202820","90","0","30000","54242","7821","529662","8","4200","14474","347","3609931","60","62063","62063","180","763470","151895","120","120","2255956","688","150"
"r3","weapon","B","control","12000","21600","32","30","2","30","30","525022","0","120","8724","2963492","226","0","5943","95582459","1109","0","103","0","497","0","13170071","625620","41708","19160","1041","36358984","0","1041","62098","0","0","0","3752304","621446","856","20670","90000","180000","1789","13398296","1789","691679","0","4528944","90","0","30000","57535","9410","640540","9","4200","14468","348","3826377","60","66945","66945","180","815780","166657","120","120","2380945","700","150"
"r3","weapon","B","control","12300","21600","32","29","3","29","29","527565","0","116","8378","3018825","219","0","5910","96769081","1084","0","101","0","491","0","13246324","625215","41681","18280","1004","37279937","0","1004","63233","0","0","0","3887062","645832","840","18990","208800","87000","1731","13471673","1731","697428","0","4609956","87","0","29000","59836","8293","565925","10","4060","13920","333","3970748","58","68129","68129","174","849500","169863","116","116","2497103","689","145"
"r3","weapon","B","control","12600","21600","32","28","4","28","28","528523","0","112","8101","2980244","212","0","6120","98501037","1063","0","100","0","488","0","13287058","634335","42289","17980","984","38219318","0","984","64370","0","0","0","4013656","658166","828","18534","252000","235200","1672","13507612","1672","709187","0","4689374","84","0","28000","61109","8198","572136","3","3920","13626","324","4045254","56","69307","69307","196","886417","180664","112","112","2521634","678","140"
"r3","weapon","B","control","12900","21600","32","27","5","27","27","517665","0","108","7744","2996101","207","0","6338","99183597","1034","0","100","0","475","0","13292331","632730","42182","17382","949","39084620","0","949","65385","0","0","0","4091660","674904","809","17584","81000","226800","1614","13506641","1614","709512","0","4836423","81","0","27000","62610","8891","613878","1","3780","13127","313","4148309","54","71501","71501","189","946444","191847","108","108","2566589","656","135"
"r3","weapon","B","control","13200","21600","32","26","6","26","26","520540","0","104","7728","3047126","207","0","6396","101515479","1028","0","98","0","467","0","13262084","645855","43057","16970","933","40148821","0","933","66951","0","0","0","4232830","695146","798","16204","124800","78000","1556","13473117","1556","722661","0","4934131","78","0","26000","64376","8580","581403","8","3640","13077","314","4275141","52","72956","72956","182","971177","202121","104","104","2658890","647","130"
"r3","weapon","B","control","13500","21600","32","25","7","25","25","522233","0","100","7426","3038593","199","0","6606","101620096","1002","0","95","0","460","0","13196318","646740","43116","16078","892","40403139","0","892","66743","0","0","0","4280783","705932","779","15686","225000","150000","1497","13404090","1497","741822","0","4974346","75","0","25000","65296","8132","559410","6","3500","12581","301","4344375","50","73428","73428","175","1004199","219589","100","100","2668915","636","125"
"r3","weapon","B","control","13800","21600","32","24","8","24","24","495867","0","96","7107","3157666","193","0","6816","101461634","982","0","94","0","449","0","13095091","639990","42666","15406","855","40760858","0","855","66780","0","0","0","4271626","718356","760","14702","115200","216000","1439","13296600","1439","721308","0","5055390","72","0","24000","66474","8133","555915","5","3360","12063","291","4417132","48","74607","74607","168","1053131","225441","96","96","2725036","623","120"
"r3","weapon","B","control","14100","21600","32","23","9","23","23","492934","0","92","6815","3167345","185","0","6716","100921304","950","0","93","0","433","0","12958285","630885","42059","14478","816","41029486","0","816","66754","0","0","0","4280617","717834","734","14274","69000","82800","1380","13155870","1380","723657","0","5039733","69","0","23000","66408","8000","547689","9","3220","11575","280","4415097","46","74408","74408","161","1048625","230723","92","92","2719762","600","115"
"r3","weapon","B","control","14400","21600","32","22","10","22","22","478435","0","88","6436","3244595","180","0","6916","99512775","920","0","93","0","417","0","12785540","612915","40861","13930","783","41128671","0","783","66518","0","0","0","4165026","720330","712","13476","198000","79200","1320","12974969","1320","724042","0","4994879","66","0","22000","66484","7248","490151","0","3080","10907","262","4429935","44","73732","73732","176","1101823","245607","88","88","2678863","573","110"
"r3","weapon","B","control","14700","21600","32","21","11","21","21","446102","0","84","6180","3267555","175","0","7003","98578345","888","0","90","0","402","0","12576795","600480","40032","13162","751","40941323","0","751","66455","0","0","0","4142731","717406","688","12658","151200","189000","1260","12763346","1260","694704","0","5015008","63","0","21000","66228","7826","528216","5","2940","10488","251","4411322","42","74054","74054","168","1127454","248602","84","84","2664634","551","105"
"r3","weapon","B","control","15000","21600","32","18","14","18","18","374910","0","72","5396","3041975","152","0","6616","89056316","785","0","75","0","357","0","11086920","543765","36251","10916","632","36225661","0","632","59271","0","0","0","3753610","645006","602","12222","54000","108000","1080","11253227","1080","619042","0","4496524","54","0","18000","59547","6863","463593","1","2520","9206","221","3967246","36","66410","66410","144","1053887","244132","72","72","2360002","495","90"
"r3","weapon","B","control","15300","21600","32","18","14","18","18","387321","0","72","5381","3149710","153","0","6786","92334439","792","0","75","0","362","0","11410920","558690","37246","10916","632","38027145","0","632","61680","0","0","0","3904315","681328","608","11666","129600","54000","1080","11577227","1080","643468","0","4662354","54","0","18000","62815","6059","405283","3","2520","9291","223","4188192","36","68874","68874","144","1109074","256147","72","72","2504529","501","90"
"r3","weapon","B","control","15600","21600","32","18","14","18","18","404362","0","72","5392","3257488","154","0","6956","95656424","805","0","75","0","369","0","11734920","575805","38387","11076","639","39854965","0","639","63947","0","0","0","4067017","707480","616","11458","162000","151200","1080","11901227","1080","673778","0","4892036","54","0","18000","65189","7035","479558","0","2520","9338","225","4351643","36","72224","72224","144","1145392","269416","72","72","2593308","512","90"
"r3","weapon","B","control","15900","21600","32","18","14","18","18","409947","0","72","5384","3366201","155","0","7126","98697800","817","0","75","0","377","0","12058920","589305","39287","11090","640","41694866","0","640","66283","0","0","0","4217812","735238","625","10986","54000","151200","1080","12225227","1080","688549","0","5060389","54","0","18000","67777","6941","470541","0","2520","9311","223","4521561","36","74718","74718","144","1203819","278602","72","72","2697480","522","90"
"r3","weapon","B","control","16200","21600","32","18","14","18","18","422044","0","72","5392","3475199","156","0","7296","102265197","822","0","75","0","381","0","12382920","605565","40371","11102","641","43613710","0","641","69052","0","0","0","4375340","764098","630","10254","86400","54000","1080","12549227","1080","712180","0","5228168","54","0","18000","70371","6827","457345","2","2520","9368","225","4699825","36","77198","77198","162","1241267","290136","72","72","2817376","526","90"
"r3","weapon","B","control","16500","21600","32","18","14","18","18","445331","0","72","5398","3585219","157","0","7466","105420303","831","0","76","0","387","0","12706920","621705","41447","11352","656","45569618","0","656","71233","0","0","0","4541720","793914","638","9934","162000","108000","1080","12873227","1080","753068","0","5467541","54","0","18000","73011","7689","519369","0","2520","9395","226","4885522","36","80700","80700","162","1288403","307737","72","72","2906701","533","90"
"r3","weapon","B","control","16800","21600","32","18","14","18","18","448417","0","72","5396","3697251","159","0","7636","108686183","842","0","77","0","392","0","13030920","637530","42502","11366","657","47578792","0","657","73551","0","0","0","4709782","827736","646","9120","86400","162000","1080","13197227","1080","761497","0","5644761","54","0","18000","76219","7115","480503","1","2520","9478","227","5089023","36","83334","83334","162","1348558","313080","72","72","3054203","539","90"
"r3","weapon","B","control","17100","21600","32","18","14","18","18","458883","0","72","5392","3810652","160","0","7806","111997140","851","0","78","0","395","0","13354920","654300","43620","11400","660","49648767","0","660","75949","0","0","0","4884747","852862","651","8868","54000","64800","1080","13521227","1080","787717","0","5822437","54","0","18000","78558","7384","500198","7","2520","9539","227","5245038","36","85942","85942","162","1388635","328834","72","72","3145887","544","90"
"r3","weapon","B","control","17400","21600","32","17","15","17","17","450952","0","68","5068","3742961","154","0","7429","109334778","817","0","75","0","379","0","12912175","640515","42701","10666","621","48799318","0","621","74235","0","0","0","4801091","839676","625","8172","153000","61200","1020","13072228","1020","776149","0","5739956","51","0","17000","77268","7499","503807","0","2380","9040","216","5163755","34","84767","84767","153","1368710","325197","68","68","3091290","522","85"
"r3","weapon","B","control","17700","21600","32","14","18","14","14","394174","0","56","4194","3011476","125","0","6188","91070745","676","0","64","0","314","0","10865200","526275","35085","8932","525","40838074","0","525","62593","0","0","0","4104606","710594","517","7480","100800","126000","840","10995514","840","642559","0","4832767","42","0","14000","65439","6014","403601","5","1960","7500","179","4368564","28","71453","71453","126","1210323","248385","56","56","2576284","433","70"
"r3","weapon","B","control","18000","21600","32","14","18","14","14","404974","0","56","4198","3096634","127","0","6318","93514895","682","0","65","0","314","0","11117200","538410","35894","8940","526","42497473","0","526","64482","0","0","0","4238728","732140","520","7334","42000","84000","840","11247514","840","664681","0","4969272","42","0","14000","67423","6068","404897","0","1960","7511","178","4502353","28","73491","73491","140","1257447","259707","56","56","2642247","433","70"
"r3","weapon","B","control","18300","21600","32","13","19","13","13","359935","0","52","3894","3120358","119","0","6260","87798470","642","0","63","0","291","0","10548455","495840","33056","8240","483","40273242","0","483","61126","0","0","0","4027805","702198","486","6576","93600","39000","780","10673968","780","621816","0","4760756","39","0","13000","64636","5741","382441","4","1820","6930","164","4315404","26","70377","70377","130","1268297","261881","52","52","2488202","401","65"
"r3","weapon","B","control","18600","21600","32","13","19","13","13","371880","0","52","3893","3202598","119","0","6380","90406784","647","0","63","0","296","0","10782455","509295","33953","8270","485","41857364","0","485","63025","0","0","0","4159466","723156","491","6404","117000","109200","780","10907968","780","642820","0","4897929","39","0","13000","66563","5794","394718","1","1820","6951","166","4444687","26","72357","72357","130","1300006","270940","52","52","2560385","406","65"
"r3","weapon","B","control","18900","21600","32","13","19","13","13","376970","0","52","3865","3285841","120","0","6500","92505462","652","0","63","0","299","0","11016455","519225","34615","8290","487","43444764","0","487","64670","0","0","0","4276989","745570","495","5948","39000","109200","780","11141968","780","655622","0","5029305","39","0","13000","68647","5674","384797","0","1820","6913","164","4581855","26","74321","74321","130","1353658","278652","52","52","2635228","410","65"
"r3","weapon","B","control","19200","21600","32","12","20","12","12","350689","0","48","3596","3239209","114","0","6132","88059997","601","0","59","0","278","0","10376970","498330","33222","7824","456","41864313","0","456","61219","0","0","0","4101983","711324","463","5668","57600","36000","720","10491436","720","622456","0","4823455","36","0","12000","65450","5829","391045","1","1680","6443","154","4371967","24","71279","71279","120","1302592","271767","48","48","2507362","374","60"
"r3","weapon","B","control","19500","21600","32","11","21","11","11","345485","0","44","3298","3076647","104","0","5650","82733841","557","0","53","0","258","0","9700225","463755","30917","7316","424","39857534","0","424","57566","0","0","0","3918763","669950","426","5444","99000","66000","660","9807161","660","604531","0","4524370","33","0","11000","61587","5277","356063","1","1540","5871","140","4119053","22","66864","66864","110","1207122","259046","44","44","2356654","350","55"
"r3","weapon","B","control","19800","21600","32","11","21","11","11","346879","0","44","3296","3150311","105","0","5750","84821594","567","0","54","0","262","0","9898225","473985","31599","7328","425","41292383","0","425","59055","0","0","0","4031458","692412","432","5008","52800","99000","660","10005161","660","608863","0","4638196","33","0","11000","63694","4854","326930","2","1540","5916","142","4254581","22","68548","68548","121","1251857","261984","44","44","2450546","357","55"
"r3","weapon","B","control","20100","21600","32","11","21","11","11","354788","0","44","3296","3224494","105","0","5850","86919000","571","0","54","0","264","0","10096225","484785","32319","7376","429","42797557","0","429","60527","0","0","0","4159744","709458","434","4778","33000","39600","660","10203161","660","627464","0","4795764","33","0","11000","65288","5614","380409","2","1540","5925","142","4360697","22","70902","70902","121","1282439","272676","44","44","2505452","361","55"
"r3","weapon","B","control","20400","21600","32","10","22","10","10","340068","0","40","2975","2964542","94","0","5341","79714584","516","0","48","0","244","0","9347442","438120","29208","7198","417","39330354","0","417","55792","0","0","0","3912822","661572","396","4444","90000","36000","599","9445685","599","590977","0","4436338","30","0","10000","60740","4822","322469","0","1400","5310","128","4067959","20","65562","65562","110","1214766","250909","40","40","2308126","330","50"
"r3","weapon","B","control","20700","21600","32","9","23","9","9","272045","0","36","2695","3000927","86","0","5431","73323293","471","0","42","0","224","0","8562576","400470","26698","6594","383","35839193","0","383","50913","0","0","0","3600356","612212","361","3980","64800","81000","540","8653674","540","526336","0","4075901","27","0","9000","56156","4009","265208","0","1260","4796","114","3765013","18","60165","60165","99","1192074","254291","36","36","2092283","302","45"
"r3","weapon","B","control","21000","21600","32","9","23","9","9","277180","0","36","2698","3067751","87","0","5521","74959036","472","0","42","0","224","0","8724576","408480","27232","6644","387","37031273","0","387","52157","0","0","0","3693487","625906","362","3892","27000","54000","540","8815674","540","540306","0","4205174","27","0","9000","57434","4637","304876","0","1260","4782","114","3850347","18","62071","62071","99","1227765","263126","36","36","2132227","302","45"
"r3","weapon","B","control","21300","21600","32","8","24","8","8","227414","0","32","2388","2831096","77","0","5110","66282110","419","0","38","0","200","0","7885990","347985","23199","5306","326","32971467","0","326","46628","0","0","0","3293659","566914","323","3626","57600","24000","480","7969861","480","481946","0","3769096","24","0","8000","52047","3630","241794","1","1120","4191","100","3485126","16","55677","55677","88","1167355","254532","32","32","1878001","266","40"
"r3","weapon","B","control","21600","21600","32","8","24","8","8","233745","0","32","2394","2891131","78","0","5190","67841339","422","0","39","0","201","0","8029990","356130","23742","5510","334","34012286","0","334","47695","0","0","0","3372036","580768","326","3600","72000","67200","480","8113861","480","494306","0","3852686","24","0","8000","53344","3581","242657","2","1120","4209","100","3570554","16","56925","56925","96","1193930","260561","32","32","1921793","267","40"
"r3","weapon","B","interception-off","0","21600","32","32","0","32","32","0","0","128","2880","0","0","0","0","0","0","0","0","0","0","0","0","0","0","0","0","0","0","0","0","0","0","0","0","0","32","57600","192000","192000","192","0","192","0","0","0","96","0","32000","0","0","0","0","4480","2880","64","0","32","0","0","0","0","0","128","32","0","32","160"
"r3","weapon","B","interception-off","300","21600","32","32","0","32","32","1236","0","128","2866","0","1","0","0","202295","5","0","0","0","2","0","51808","0","0","0","171","97756","0","0","86","0","0","0","1740","556","35","56680","230400","96000","224","61440","224","1236","0","43442","96","0","32000","61","579","38608","20","4480","3094","64","3473","32","640","640","0","1899","0","128","33","1699","36","160"
"r3","weapon","B","interception-off","600","21600","32","32","0","32","32","5863","0","128","2830","1606","19","0","11","645189","85","0","10","0","34","0","118944","960","64","0","478","295790","0","0","549","0","8","0","16289","2528","95","53862","288000","268800","288","138240","288","5893","0","76018","96","0","32000","272","848","56543","24","4480","3381","64","15812","32","1120","1120","0","6483","30","128","55","7099","80","160"
"r3","weapon","B","interception-off","900","21600","32","32","0","32","32","11269","0","128","2649","8702","24","0","41","1318817","130","0","12","0","64","0","201472","1575","105","0","1123","530919","0","0","1328","0","15","0","26890","5848","132","51248","96000","268800","320","230400","320","11636","0","108123","96","0","32000","610","990","64349","18","4480","3561","65","36533","32","1600","1600","0","12052","367","128","69","20086","118","160"
"r3","weapon","B","interception-off","1200","21600","32","32","0","32","32","18386","0","128","2686","20744","36","0","78","2330882","186","0","17","0","89","0","301336","3720","248","0","1657","791826","0","0","2517","0","18","0","43253","10690","174","50136","153600","96000","386","339928","386","18975","0","152319","96","0","32000","1081","1181","75555","10","4480","3945","85","66505","32","2262","2262","0","18257","589","128","79","39532","152","160"
"r3","weapon","B","interception-off","1500","21600","32","32","0","32","32","25469","0","128","3342","39149","45","0","118","3445632","240","0","19","0","123","0","417072","9210","614","0","2481","1073703","0","0","3530","0","18","0","59560","15684","219","48978","288000","192000","450","465328","450","26660","0","189351","96","0","32000","1593","1231","81897","13","4480","4916","108","96183","32","2824","2824","0","24337","1191","128","95","56457","191","160"
"r3","weapon","B","interception-off","1800","21600","32","32","0","32","32","30678","0","128","4083","60989","56","0","159","4657580","283","0","21","0","146","0","548797","15555","1037","0","3003","1390636","0","0","4568","0","18","0","80361","22296","255","47492","153600","288000","485","606685","485","31939","0","232945","96","0","32000","2240","1207","81750","5","4480","5967","131","136385","32","3447","3447","32","31672","1261","128","104","87584","218","160"
"r3","weapon","B","interception-off","2100","21600","32","32","0","32","32","43367","0","128","5155","88339","65","0","215","5969769","330","0","27","0","167","0","698073","23820","1588","0","3398","1762825","0","0","5604","0","19","0","106731","29406","291","46454","96000","115200","549","765625","549","45726","0","306404","96","0","32000","2880","1646","114453","9","4480","7243","162","180449","32","4526","4526","32","37270","2359","128","106","108955","246","160"
"r3","weapon","B","interception-off","2400","21600","32","32","0","32","32","57528","0","128","6478","120557","75","0","296","7465690","385","0","34","0","191","0","862709","33600","2240","0","4347","2175021","0","0","6685","0","19","0","135283","39144","332","45658","288000","115200","613","939925","613","61100","0","369410","96","0","32000","3785","1660","116245","3","4480","8903","206","239599","32","5445","5445","32","46068","3572","128","109","145997","278","160"
"r3","weapon","B","interception-off","2700","21600","32","32","0","32","32","63230","0","128","7834","159111","85","0","396","9191275","431","0","36","0","210","0","1042737","45075","3005","0","4874","2657326","0","0","7981","0","19","0","178192","48062","363","43610","230400","288000","645","1129585","645","67295","0","438664","96","0","32000","4618","1866","127912","9","4480","10503","251","294858","32","6484","6484","32","57040","4065","128","111","186417","305","160"
"r3","weapon","B","interception-off","3000","21600","32","32","0","32","32","75838","0","128","8560","204015","88","0","504","10906836","468","0","39","0","231","0","1240013","56220","3748","0","5428","3204846","0","0","9156","0","19","0","232120","58886","390","42586","96000","192000","709","1336525","709","81841","0","543210","96","0","32000","5633","2396","166533","10","4480","11485","274","361957","32","8029","8029","32","67550","6003","128","116","227286","335","160"
"r3","weapon","B","interception-off","3300","21600","32","32","0","32","32","85902","0","128","8999","254054","97","0","614","13009123","501","0","43","0","245","0","1452649","69990","4666","0","6738","3814696","0","0","10684","0","19","0","291717","71914","417","41538","230400","96000","773","1558825","773","93556","0","626926","96","0","32000","6896","2354","166976","5","4480","12124","288","440071","32","9250","9250","32","80808","7654","128","117","285586","354","160"
"r3","weapon","B","interception-off","3600","21600","32","32","0","32","32","101369","0","128","9215","306708","106","0","734","15151069","536","0","47","0","260","0","1680677","85215","5681","0","7570","4461646","0","0","12223","0","20","0","353157","83486","445","40432","288000","268800","805","1796485","805","111971","0","710881","96","0","32000","7953","2540","178053","10","4480","12505","300","512231","32","10493","10493","64","93141","10602","128","117","327716","371","160"
"r3","weapon","B","interception-off","3900","21600","32","32","0","32","32","112168","0","128","9237","361208","114","0","854","17188075","570","0","49","0","275","0","1925953","97680","6512","0","8974","5177380","0","0","13765","0","20","0","425687","98774","470","39172","96000","268800","869","2051425","869","124990","0","835371","96","0","32000","9392","2941","208192","4","4480","12705","303","605260","32","12333","12333","64","109747","12822","128","118","392442","390","160"
"r3","weapon","B","interception-off","4200","21600","32","32","0","32","32","128949","0","128","9254","416502","119","0","974","19632472","599","0","54","0","288","0","2186589","114015","7601","0","9982","5945003","0","0","15526","0","20","0","509130","113224","493","38120","153600","96000","933","2321725","933","144199","0","929793","96","0","32000","10707","3012","209742","15","4480","12808","303","694898","32","13719","13719","64","121691","15250","128","120","454161","405","160"
"r3","weapon","B","interception-off","4500","21600","32","32","0","32","32","153396","0","128","9230","472466","122","0","1094","22085272","630","0","56","0","307","0","2462617","130170","8678","0","11297","6718843","0","0","17258","0","20","0","588928","128376","517","37058","288000","192000","965","2607385","965","172871","0","1024189","96","0","32000","12054","3046","209918","16","4480","12903","308","789317","32","15100","15100","64","137015","19475","128","121","504385","431","160"
"r3","weapon","B","interception-off","4800","21600","32","32","0","32","32","159558","0","128","9196","532268","130","0","1234","24784848","661","0","61","0","317","0","2755475","145875","9725","0","12323","7540872","0","0","19240","0","20","0","672474","146302","540","35942","153600","288000","1027","2909905","1027","180260","0","1150303","96","0","32000","13759","3210","219890","9","4480","13077","309","898226","32","16969","16969","64","158515","20702","128","121","591638","446","160"
"r3","weapon","B","interception-off","5100","21600","32","32","0","32","32","177950","0","128","9208","598981","134","0","1384","27395320","689","0","62","0","333","0","3063213","162570","10838","0","13162","8375537","0","0","21052","0","20","0","752311","160408","561","35226","96000","115200","1089","3227305","1089","202529","0","1246486","96","0","32000","15067","3305","229525","6","4480","13196","315","985251","32","18372","18372","64","170840","24579","128","122","643592","468","160"
"r3","weapon","B","interception-off","5400","21600","32","31","1","31","31","193214","0","124","8878","658027","132","0","1534","28945932","691","0","62","0","337","0","3280591","172590","11506","0","12992","8897790","0","0","21888","0","20","0","809276","173182","562","34682","279000","111600","1085","3448885","1085","222021","0","1299035","93","0","31000","16194","2939","205693","1","4340","12830","306","1062813","31","19133","19133","93","185752","28807","124","120","685569","475","155"
"r3","weapon","B","interception-off","5700","21600","32","31","1","31","31","202409","0","124","8930","724620","137","0","1684","31660424","715","0","62","0","347","0","3609331","191550","12770","0","13821","9780720","0","0","23560","0","20","0","906395","188320","577","33726","223200","279000","1145","3786985","1145","233683","0","1432824","93","0","31000","17582","3524","243281","3","4340","13057","310","1156548","31","21106","21106","93","202080","31274","124","120","753780","492","155"
"r3","weapon","B","interception-off","6000","21600","32","31","1","31","31","219999","0","124","8964","793068","140","0","1834","34138171","742","0","65","0","360","0","3952471","208290","13886","0","14842","10688540","0","0","25168","0","20","0","998349","203680","596","33474","93000","186000","1205","4139485","1205","256422","0","1532048","93","0","31000","19001","3586","245891","4","4340","13170","312","1251705","31","22587","22587","93","219067","36423","124","121","810668","510","155"
"r3","weapon","B","interception-off","6300","21600","32","31","1","31","31","236159","0","124","8984","861443","146","0","1985","36912032","773","0","66","0","375","0","4310041","226815","15121","0","16122","11614750","0","0","26994","0","20","0","1097082","224462","618","32364","223200","93000","1235","4506385","1235","276380","0","1630622","93","0","31000","20902","3170","216238","5","4340","13316","317","1377866","31","24072","24072","93","239766","40221","124","121","898238","532","155"
"r3","weapon","B","interception-off","6600","21600","32","31","1","31","31","257989","0","124","9031","933134","150","0","2153","39775734","787","0","68","0","380","0","4683781","247785","16519","0","16995","12546197","0","0","28631","0","20","0","1198462","240636","629","31842","279000","260400","1295","4889485","1295","302692","0","1765872","93","0","31000","22390","3693","253113","4","4340","13487","321","1478161","31","26083","26083","93","256488","44703","124","122","953579","539","155"
"r3","weapon","B","interception-off","6900","21600","32","31","1","31","31","269570","0","124","8990","1009620","158","0","2323","42244166","819","0","70","0","390","0","5071921","264900","17660","0","18161","13512611","0","0","30140","0","20","0","1296864","257248","649","31388","93000","260400","1355","5286985","1355","317871","0","1867569","93","0","31000","23956","3632","249205","1","4340","13535","323","1579370","31","27588","27588","93","278311","48301","124","122","1022182","552","155"
"r3","weapon","B","interception-off","7200","21600","32","31","1","31","31","288483","0","124","9028","1090616","162","0","2500","45189429","836","0","73","0","395","0","5474491","285360","19024","0","18905","14517240","0","0","31899","0","20","0","1406332","274940","661","30928","148800","93000","1385","5698885","1385","341437","0","1969610","93","0","31000","25542","3555","238132","2","4340","13681","326","1688724","31","29097","29097","124","294964","52954","124","122","1095077","559","155"
"r3","weapon","B","interception-off","7500","21600","32","31","1","31","31","316698","0","124","9031","1174676","169","0","2680","47941445","862","0","75","0","406","0","5893231","306225","20415","0","20307","15542400","0","0","33413","0","20","0","1518635","293820","681","30660","279000","186000","1445","6126985","1445","377331","0","2114049","93","0","31000","27182","4084","269975","2","4340","13758","328","1806343","31","31266","31266","124","315608","60633","124","122","1151135","575","155"
"r3","weapon","B","interception-off","7800","21600","32","31","1","31","31","323919","0","124","9017","1262045","173","0","2860","50931324","883","0","77","0","414","0","6326430","327540","21836","0","21455","16601525","0","0","35110","0","20","0","1630187","313960","695","30108","148800","279000","1506","6569545","1506","386329","0","2225283","93","0","31000","29115","3778","253332","3","4340","13878","331","1927633","31","32893","32893","124","342680","62410","124","122","1242942","585","155"
"r3","weapon","B","interception-off","8100","21600","32","31","1","31","31","343035","0","124","9017","1351591","177","0","3042","53965941","904","0","78","0","423","0","6774300","348450","23230","0","22151","17689273","0","0","36927","0","20","0","1744699","329880","709","29794","93000","111600","1536","7026745","1536","411076","0","2335751","93","0","31000","30597","3911","263582","6","4340","14022","333","2026271","31","34508","34508","124","359644","68041","124","122","1301449","598","155"
"r3","weapon","B","interception-off","8400","21600","32","31","1","31","31","365467","0","124","8987","1443264","181","0","3232","56940441","921","0","78","0","432","0","7238340","368280","24552","0","24101","18794826","0","0","38709","0","20","0","1856169","351904","722","29238","279000","111600","1596","7500145","1596","439758","0","2484798","93","0","31000","32510","4194","279236","1","4340","14096","337","2162294","31","36704","36704","124","384926","74291","124","122","1380878","609","155"
"r3","weapon","B","interception-off","8700","21600","32","31","1","31","31","375262","0","124","9027","1541028","185","0","3439","60196059","943","0","82","0","441","0","7716839","391905","26127","0","24949","19921462","0","0","40558","0","20","0","1975061","370308","739","28508","223200","279000","1657","7988005","1657","451989","0","2595384","93","0","31000","34246","4106","274433","2","4340","14260","341","2274801","31","38352","38352","124","405648","76727","124","122","1463314","622","155"
"r3","weapon","B","interception-off","9000","21600","32","31","1","31","31","395631","0","124","9052","1641858","187","0","3649","63119033","954","0","83","0","445","0","8210188","412980","27532","0","25532","21048903","0","0","42182","0","20","0","2091987","387820","746","28222","93000","186000","1688","8490685","1688","478610","0","2706643","93","0","31000","35826","4165","276872","0","4340","14399","342","2384042","31","39991","39991","155","429164","82979","124","123","1521997","627","155"
"r3","weapon","B","interception-off","9300","21600","32","30","2","30","30","393912","0","120","8779","1742749","181","0","3859","64285109","953","0","85","0","447","0","8437759","423960","28264","0","24819","21483703","0","0","42283","0","19","0","2150036","397330","743","27640","216000","90000","1691","8718265","1691","481244","0","2773994","90","0","30000","36682","4275","282820","1","4200","14053","335","2440523","30","40957","40957","150","446169","87332","120","119","1563761","632","150"
"r3","weapon","B","interception-off","9600","21600","32","30","2","30","30","414955","0","120","8854","1847592","185","0","4069","67553503","969","0","87","0","451","0","8944701","448905","29927","0","25558","22657475","0","0","43987","0","19","0","2270494","415564","753","27258","270000","252000","1749","9234265","1749","508679","0","2887139","90","0","30000","38356","4307","287405","3","4200","14216","341","2552691","30","42663","42663","150","464546","93724","120","119","1626509","639","150"
"r3","weapon","B","interception-off","9900","21600","32","30","2","30","30","426881","0","120","8882","1953112","189","0","4279","70480131","984","0","88","0","457","0","9465592","469410","31294","0","26036","23839445","0","0","45690","0","19","0","2377000","435146","764","26746","90000","252000","1778","9764185","1778","525550","0","3001286","90","0","30000","40166","4194","277964","1","4200","14334","345","2672555","30","44360","44360","150","494384","98669","120","119","1703388","648","150"
"r3","weapon","B","interception-off","10200","21600","32","30","2","30","30","442754","0","120","8913","2059909","192","0","4489","73953378","1001","0","89","0","466","0","9990410","493620","32908","0","26943","25089197","0","0","47664","0","19","0","2504338","454542","777","26440","144000","90000","1780","10298005","1780","547294","0","3157799","90","0","30000","41944","4743","310255","0","4200","14450","348","2792254","30","46687","46687","150","515938","104540","120","119","1784312","660","150"
"r3","weapon","B","interception-off","10500","21600","32","30","2","30","30","466894","0","120","8931","2170156","195","0","4699","77159551","1018","0","92","0","473","0","10515708","517995","34533","0","27691","26333723","0","0","49384","0","19","0","2638671","474442","790","26166","270000","180000","1782","10832305","1782","580977","0","3274238","90","0","30000","43716","4700","308005","0","4200","14483","346","2915927","30","48416","48416","150","540162","114083","120","119","1845094","669","150"
"r3","weapon","B","interception-off","10800","21600","32","30","2","30","30","472918","0","120","8916","2283219","197","0","4909","80578872","1033","0","93","0","481","0","11041487","543015","36201","0","28133","27606016","0","0","51245","0","19","0","2776664","496930","801","25516","144000","270000","1783","11367085","1783","589446","0","3390764","90","0","30000","45837","4308","279588","0","4200","14596","348","3051733","30","50145","50145","180","573322","116528","120","119","1948408","679","150"
"r3","weapon","B","interception-off","11100","21600","32","30","2","30","30","489451","0","120","8926","2398665","198","0","5119","84129697","1048","0","94","0","492","0","11567805","567900","37860","0","28772","29311436","0","0","53214","0","19","0","2980967","518448","814","25130","90000","108000","1785","11902405","1785","615024","0","3726254","90","0","30000","47884","7185","480598","6","4200","14670","352","3186166","60","55069","55069","180","598487","125573","120","119","2032145","691","150"
"r3","weapon","B","interception-off","11400","21600","32","29","3","29","29","499018","0","116","8585","2416636","192","0","5329","85239284","1035","0","95","0","487","0","11689357","573525","38235","0","28956","30078581","0","0","53932","0","19","0","3095100","536496","803","24138","261000","104400","1727","12021505","1727","637454","0","3844624","87","0","29000","49585","7249","486120","2","4060","14208","344","3298161","58","56834","56834","174","645684","138436","116","115","2075366","682","145"
"r3","weapon","B","interception-off","11700","21600","32","29","3","29","29","509875","0","116","8615","2528373","194","0","5539","89907245","1054","0","97","0","498","0","12198936","598365","39891","0","30301","32147744","0","0","57260","0","19","0","3345260","571928","818","22764","208800","261000","1728","12539785","1728","653340","0","4080777","87","0","29000","52936","7460","494269","8","4060","14356","347","3516679","58","60396","60396","174","692094","143465","116","115","2241074","695","145"
"r3","weapon","B","interception-off","12000","21600","32","27","5","27","27","487501","0","108","8042","2599634","181","0","5749","89457338","1009","0","95","0","477","0","11827762","594915","39661","0","28057","32034896","0","0","56535","0","19","0","3378858","569742","780","22216","81000","162000","1610","12153205","1610","644494","0","4133897","81","0","27000","52786","8420","561471","1","3780","13600","327","3504247","54","61206","61206","162","725498","156993","108","107","2202434","665","135"
"r3","weapon","B","interception-off","12300","21600","32","27","5","27","27","509005","0","108","8018","2710833","186","0","5959","94051410","1028","0","96","0","486","0","12302960","617205","41147","0","30615","34139390","0","0","59988","0","19","0","3613139","614362","795","21262","194400","81000","1612","12636505","1612","677659","0","4364192","81","0","27000","56974","7618","512568","2","3780","13696","328","3773514","54","64592","64592","162","785058","168654","108","107","2388907","676","135"
"r3","weapon","B","interception-off","12600","21600","32","27","5","27","27","530779","0","108","8042","2822403","190","0","6169","98587832","1049","0","97","0","494","0","12778639","641940","42796","0","31439","36310099","0","0","63115","0","19","0","3844027","647376","808","20856","243000","226800","1613","13120285","1613","710374","0","4591516","81","0","27000","60112","7838","537769","4","3780","13834","331","3975969","54","67950","67950","189","830359","179595","108","107","2513014","690","135"
"r3","weapon","B","interception-off","12900","21600","32","27","5","27","27","549178","0","108","8037","2934593","192","0","6379","102767493","1062","0","98","0","503","0","13254857","661815","44121","0","32725","38596641","0","0","66301","0","19","0","4073059","687012","820","19696","81000","226800","1615","13604605","1615","738377","0","4918399","81","0","27000","63725","9001","615627","2","3780","13863","332","4220023","54","72726","72726","189","899379","189199","108","107","2665016","700","135"
"r3","weapon","B","interception-off","13200","21600","32","26","6","26","26","541786","0","104","7769","2974034","191","0","6589","103162492","1039","0","96","0","486","0","13220109","650940","43396","0","32884","39181133","0","0","67349","0","19","0","4166403","697016","799","18680","124800","78000","1557","13564705","1557","742642","0","4953873","78","0","26000","64586","8636","583170","9","3640","13382","322","4282878","52","73222","73222","182","937604","200856","104","103","2690457","677","130"
"r3","weapon","B","interception-off","13500","21600","32","25","7","25","25","546950","0","100","7479","3076062","191","0","6799","103429579","1019","0","94","0","471","0","13150442","647400","43160","0","31777","39684032","0","0","67520","0","18","0","4245338","708456","781","18058","225000","150000","1498","13489285","1498","764274","0","4981532","75","0","25000","65574","8056","546010","1","3500","12920","311","4355836","50","73630","73630","175","988637","217324","100","100","2682611","656","125"
"r3","weapon","B","interception-off","13800","21600","32","25","7","25","25","554718","0","100","7466","3190560","197","0","7009","107710825","1035","0","95","0","475","0","13592760","668355","44557","0","33083","41985395","0","0","70564","0","18","0","4462834","751886","792","16904","120000","225000","1500","13939105","1500","777928","0","5284367","75","0","25000","69642","8472","571639","7","3500","13049","313","4618393","50","78114","78114","175","1061735","223210","100","100","2873065","661","125"
"r3","weapon","B","interception-off","14100","21600","32","25","7","25","25","583566","0","100","7492","3308110","201","0","7219","112169077","1056","0","96","0","483","0","14035260","691680","46112","0","34286","44335009","0","0","73645","0","18","0","4687820","785570","805","16558","75000","90000","1500","14389105","1500","822839","0","5511960","75","0","25000","72741","8717","594066","10","3500","13128","314","4827562","50","81458","81458","175","1103561","239273","100","100","2991494","673","125"
"r3","weapon","B","interception-off","14400","21600","32","25","7","25","25","615925","0","100","7473","3426417","201","0","7429","116209421","1069","0","97","0","490","0","14477760","711600","47440","0","36278","46695183","0","0","76594","0","18","0","4905657","827360","813","15960","225000","90000","1500","14839105","1500","871358","0","5735553","75","0","25000","76434","8338","558082","0","3500","13170","317","5084454","50","84772","84772","200","1172930","255433","100","100","3133183","685","125"
"r3","weapon","B","interception-off","14700","21600","32","25","7","25","25","629704","0","100","7485","3545068","205","0","7639","120915012","1090","0","98","0","499","0","14920260","735900","49060","0","37537","49192177","0","0","79955","0","18","0","5149426","866132","827","15200","180000","225000","1500","15289105","1500","890110","0","6055961","75","0","25000","80019","9489","633872","5","3500","13301","320","5324061","50","89508","89508","200","1228028","260406","100","100","3303951","696","125"
"r3","weapon","B","interception-off","15000","21600","32","23","9","23","23","594253","0","92","6894","3592124","194","0","7617","114705010","1011","0","92","0","457","0","14127468","684960","45664","0","34476","47138878","0","0","76184","0","12","0","4933338","826470","766","14828","69000","138000","1380","14473705","1380","864582","0","5766064","69","0","23000","76229","8966","591312","2","3220","12176","293","5083691","46","85195","85195","184","1242809","270329","92","92","3067361","640","115"
"r3","weapon","B","interception-off","15300","21600","32","22","10","22","22","595344","0","88","6592","3569802","191","0","7373","115305316","992","0","86","0","448","0","13899222","689580","45972","0","35002","47440707","0","0","76522","0","12","0","4975736","839536","747","13960","158400","66000","1320","14237005","1320","862909","0","5760963","66","0","22000","77403","7686","507619","2","3080","11839","284","5159453","44","85089","85089","176","1246855","267565","88","88","3143580","629","110"
"r3","weapon","B","interception-off","15600","21600","32","22","10","22","22","622782","0","88","6594","3686462","196","0","7563","119546437","1007","0","86","0","453","0","14288622","712800","47520","0","35589","49720486","0","0","79462","0","12","0","5189744","873972","757","13626","198000","184800","1320","14633005","1320","903333","0","6042229","66","0","22000","80628","8649","584531","1","3080","11873","284","5370779","44","89277","89277","176","1289413","280551","88","88","3264952","636","110"
"r3","weapon","B","interception-off","15900","21600","32","21","11","21","21","584827","0","84","6292","3630047","185","0","7753","117477165","973","0","81","0","442","0","14007276","691605","46107","0","33308","49220095","0","0","78249","0","10","0","5120603","866682","729","13036","63000","176400","1260","14342305","1260","874487","0","5957175","63","0","21000","79890","8088","541863","0","2940","11276","270","5325125","42","87978","87978","168","1340483","289660","84","84","3200342","621","105"
"r3","weapon","B","interception-off","16200","21600","32","21","11","21","21","606275","0","84","6296","3743939","189","0","7943","121555513","994","0","82","0","449","0","14378976","712305","47487","0","34355","51491019","0","0","81182","0","10","0","5334326","902384","741","12362","100800","63000","1260","14720305","1260","908182","0","6157712","63","0","21000","83076","7866","516584","1","2940","11334","270","5546340","42","90942","90942","189","1386204","301907","84","84","3346742","634","105"
"r3","weapon","B","interception-off","16500","21600","32","21","11","21","21","639224","0","84","6298","3859010","190","0","8133","125322970","1004","0","82","0","455","0","14750676","733200","48880","0","35380","53779146","0","0","83718","0","10","0","5556129","937934","748","12036","189000","126000","1260","15098305","1260","958774","0","6441802","63","0","21000","86243","8865","587317","0","2940","11303","270","5767942","42","95108","95108","189","1443871","319550","84","84","3451840","643","105"
"r3","weapon","B","interception-off","16800","21600","32","21","11","21","21","645463","0","84","6296","3977262","191","0","8323","129398857","1014","0","82","0","461","0","15122376","752820","50188","0","36571","56116371","0","0","86675","0","10","0","5771899","977802","755","11130","100800","189000","1260","15476305","1260","970274","0","6654366","63","0","21000","89915","8313","544351","9","2940","11343","271","6010375","42","98228","98228","189","1515244","324811","84","84","3624497","652","105"
"r3","weapon","B","interception-off","17100","21600","32","21","11","21","21","662973","0","84","6290","4096658","194","0","8513","133494702","1027","0","83","0","467","0","15494076","773550","51570","0","37308","58519914","0","0","89570","0","10","0","6011115","1008190","765","10838","63000","75600","1260","15854305","1260","1004144","0","6861315","63","0","21000","92758","8548","563166","0","2940","11385","271","6198402","42","101306","101306","189","1561508","341171","84","84","3732497","660","105"
"r3","weapon","B","interception-off","17400","21600","32","20","12","20","20","627906","0","80","5980","4216783","188","0","8703","130824156","991","0","81","0","445","0","15106530","752745","50183","0","33915","57749031","0","0","87440","0","10","0","5928082","996648","734","10246","180000","72000","1200","15455605","1200","984454","0","6798198","60","0","20000","91563","8737","576002","8","2800","10749","256","6127648","40","100300","100300","180","1602110","356548","80","80","3635632","631","100"
"r3","weapon","B","interception-off","17700","21600","32","20","12","20","20","635886","0","80","5994","4339088","192","0","8893","134915173","1004","0","82","0","450","0","15460530","773610","51574","0","34871","60121744","0","0","90363","0","10","0","6143516","1030134","744","9548","144000","180000","1200","15815605","1200","998548","0","6998819","60","0","20000","94650","8620","566276","10","2800","10792","257","6333739","40","103270","103270","180","1653896","362662","80","80","3780099","636","100"
"r3","weapon","B","interception-off","18000","21600","32","20","12","20","20","650130","0","80","5994","4464525","194","0","9083","138488071","1011","0","82","0","453","0","15814530","791505","52767","0","35305","62508870","0","0","92942","0","10","0","6345773","1060228","749","9226","60000","120000","1200","16175605","1200","1029521","0","7204116","60","0","20000","97427","8775","581153","0","2800","10802","257","6520885","40","106202","106202","200","1717099","379391","80","80","3876343","640","100"
"r3","weapon","B","interception-off","18300","21600","32","20","12","20","20","664226","0","80","5986","4590939","195","0","9273","142341428","1021","0","83","0","458","0","16168530","810990","54066","0","36682","65012248","0","0","95719","0","10","0","6567956","1102522","756","8612","144000","60000","1200","16535605","1200","1057021","0","7484035","60","0","20000","101267","9063","598892","5","2800","10818","257","6777391","40","110330","110330","200","1783697","392795","80","80","4044425","647","100"
"r3","weapon","B","interception-off","18600","21600","32","20","12","20","20","687037","0","80","5988","4721308","198","0","9463","146220209","1040","0","84","0","467","0","16522530","832335","55489","0","37180","67534482","0","0","98412","0","10","0","6784150","1135298","769","8356","180000","168000","1200","16895605","1200","1093975","0","7698075","60","0","20000","104202","9204","614959","1","2800","10820","257","6981735","40","113406","113406","200","1832274","406938","80","80","4156867","658","100"
"r3","weapon","B","interception-off","18900","21600","32","17","15","17","17","585668","0","68","5084","4044172","160","0","8225","125040638","886","0","71","0","405","0","14333292","704940","46996","0","30855","57681782","0","0","84581","0","7","0","5874816","991290","653","7334","51000","142800","1020","14655505","1020","930612","0","6678512","51","0","17000","90920","7440","491933","0","2380","9071","216","6096539","34","98360","98360","170","1672551","344944","68","68","3583416","569","85"
"r3","weapon","B","interception-off","19200","21600","32","17","15","17","17","599750","0","68","5093","4155386","160","0","8385","128493650","892","0","72","0","409","0","14634192","721620","48108","0","31893","59847704","0","0","87267","0","7","0","6063376","1023076","658","6716","81600","51000","1020","14961505","1020","956218","0","6913147","51","0","17000","93801","8051","529877","3","2380","9083","216","6293028","34","101852","101852","170","1718738","356468","68","68","3708314","574","85"
"r3","weapon","B","interception-off","19500","21600","32","16","16","16","16","542756","0","64","4798","4177308","155","0","8545","123129856","847","0","71","0","385","0","14051946","683895","45593","0","27379","57684643","0","0","84044","0","7","0","5646047","986592","627","6548","144000","96000","960","14364805","960","915646","0","6640901","48","0","16000","90391","7483","490871","0","2240","8454","203","6069615","32","97874","97874","160","1753832","372890","64","64","3480552","537","80"
"r3","weapon","B","interception-off","19800","21600","32","16","16","16","16","545775","0","64","4791","4288998","155","0","8705","126269258","852","0","72","0","387","0","14335146","698070","46538","0","28131","59705805","0","0","86379","0","7","0","5804394","1018996","630","5846","76800","144000","960","14652805","960","924674","0","6806316","48","0","16000","93449","6861","448361","1","2240","8521","203","6265024","32","100310","100310","176","1824473","378899","64","64","3608808","540","80"
"r3","weapon","B","interception-off","20100","21600","32","15","17","15","15","510957","0","60","4490","4102228","142","0","8404","120363726","802","0","68","0","367","0","13699800","654000","43600","0","27060","57587631","0","0","82910","0","7","0","5546755","972538","592","5590","45000","54000","900","14002105","900","889163","0","6556501","45","0","15000","89175","7475","489911","2","2100","7964","189","5982264","30","96650","96650","165","1743317","378206","60","60","3434110","513","75"
"r3","weapon","B","interception-off","20400","21600","32","15","17","15","15","527124","0","60","4491","4208128","145","0","8554","123168989","814","0","69","0","371","0","13965300","666150","44410","0","28167","59583265","0","0","85120","0","7","0","5702642","1001892","600","5154","135000","54000","900","14272105","900","919620","0","6716274","45","0","15000","91788","7230","470936","0","2100","7955","189","6162249","30","99018","99018","165","1805040","392496","60","60","3520678","520","75"
"r3","weapon","B","interception-off","20700","21600","32","14","18","14","14","517546","0","56","4185","3815955","136","0","8029","118468542","767","0","66","0","350","0","13276854","645420","43028","0","27168","57634271","0","0","82055","0","6","0","5481893","968016","566","4704","100800","126000","840","13567405","840","874801","0","6446360","42","0","14000","88678","6383","413629","0","1960","7440","176","5953067","28","95061","95061","154","1758012","357255","56","56","3399918","488","70"
"r3","weapon","B","interception-off","21000","21600","32","14","18","14","14","526985","0","56","4179","3913820","136","0","8169","121051818","769","0","66","0","352","0","13524654","657090","43806","0","27425","59506811","0","0","83966","0","6","0","5632499","990718","568","4402","42000","84000","840","13819405","840","899540","0","6645583","42","0","14000","90725","7300","470550","0","1960","7442","176","6095304","28","98025","98025","154","1813067","372555","56","56","3462426","490","70"
"r3","weapon","B","interception-off","21300","21600","32","14","18","14","14","536560","0","56","4180","4011610","136","0","8309","123926650","780","0","66","0","359","0","13772454","669810","44654","0","28028","61412523","0","0","86226","0","6","0","5783593","1021918","575","4038","100800","42000","840","14071405","840","921114","0","6795913","42","0","14000","93573","6676","429976","1","1960","7475","178","6283987","28","100249","100249","154","1865996","384554","56","56","3578827","501","70"
"r3","weapon","B","interception-off","21600","21600","32","14","18","14","14","548515","0","56","4182","4110685","137","0","8449","126793871","789","0","66","0","363","0","14020254","683865","45591","0","28425","63316364","0","0","88332","0","6","0","5931702","1045688","580","3846","126000","117600","840","14323405","840","943964","0","6944814","42","0","14000","95799","6658","436625","0","1960","7487","179","6430339","28","102457","102457","168","1907773","395449","56","56","3656452","508","70"
"r3","weapon","B","offense-off","0","21600","32","32","0","32","32","0","0","128","2880","0","0","0","0","0","0","0","0","0","0","0","0","0","0","0","0","0","0","0","0","0","0","0","0","0","32","57600","192000","192000","192","0","192","0","0","0","96","0","32000","0","0","0","0","4480","2880","64","0","32","0","0","0","0","0","128","32","0","32","160"
"r3","weapon","B","offense-off","300","21600","32","32","0","32","32","0","0","128","2866","0","0","0","0","201108","2","0","1","0","1","0","51808","0","0","210","15","98462","0","15","96","0","0","0","1710","400","34","56586","230400","96000","224","61440","224","0","0","44017","96","0","32000","44","596","40202","20","4480","3092","64","2532","32","640","640","0","1961","0","128","33","1854","33","160"
"r3","weapon","B","offense-off","600","21600","32","32","0","32","32","0","0","128","2835","426","14","0","0","642080","76","0","6","0","31","0","118944","975","65","764","59","304920","0","59","657","0","0","0","16325","1876","83","52632","288000","268800","288","138240","288","0","0","77078","96","0","32000","198","922","61369","46","4480","3381","64","12097","32","1120","1120","0","6756","0","128","55","8953","83","160"
"r3","weapon","B","offense-off","900","21600","32","32","0","32","32","0","0","128","2666","3201","21","0","14","1287469","127","0","11","0","58","0","201472","1620","108","3730","283","558442","0","283","1571","0","0","0","26940","4716","122","49772","96000","268800","320","230400","320","0","0","109864","96","0","32000","466","1134","72434","14","4480","3560","67","30855","32","1600","1600","0","12017","0","128","71","25413","120","160"
"r3","weapon","B","offense-off","1200","21600","32","32","0","32","32","0","0","128","2693","9606","30","0","39","2294081","183","0","17","0","87","0","300912","3555","237","6374","486","847824","0","486","2936","0","0","0","45083","9064","166","48620","153600","96000","381","339501","381","0","0","154951","96","0","32000","900","1362","87390","7","4480","3923","84","57766","32","2262","2262","0","17480","0","128","80","50081","154","160"
"r3","weapon","B","offense-off","1500","21600","32","32","0","32","32","0","0","128","3317","23551","40","0","103","3445739","234","0","20","0","112","0","414663","8700","580","9396","692","1174318","0","692","4303","0","0","0","63690","12662","204","47120","288000","192000","442","462913","442","0","0","192765","96","0","32000","1284","1536","100814","23","4480","4857","108","79340","32","2820","2820","0","24082","0","128","91","67869","188","160"
"r3","weapon","B","offense-off","1800","21600","32","32","0","32","32","0","0","128","3923","42254","52","0","187","4656963","280","0","25","0","134","0","542656","14130","942","11870","872","1550247","0","872","5766","0","0","0","85627","18866","243","45034","153600","288000","470","600534","470","0","0","233981","96","0","32000","1929","1501","100593","13","4480","5749","127","116563","32","3430","3430","32","33135","0","128","97","100253","217","160"
"r3","weapon","B","offense-off","2100","21600","32","32","0","32","32","0","0","128","5021","65281","62","0","285","5965593","328","0","34","0","149","0","686844","22230","1482","14484","1026","1997264","0","1026","7100","0","0","0","110266","24002","277","43852","96000","115200","530","754382","530","0","0","306578","96","0","32000","2449","2039","139712","10","4480","6995","156","148412","32","4488","4488","32","39988","0","128","97","126878","237","160"
"r3","weapon","B","offense-off","2400","21600","32","32","0","32","32","0","0","128","6257","93871","73","0","403","7401782","378","0","37","0","168","0","844930","31410","2094","17504","1180","2523905","0","1180","8323","0","0","0","143447","31260","310","43022","288000","115200","590","922128","590","0","0","367178","96","0","32000","3217","2167","153612","3","4480","8500","199","191235","32","5384","5384","32","51897","0","128","102","161669","267","160"
"r3","weapon","B","offense-off","2700","21600","32","32","0","32","32","0","0","128","7494","129361","84","0","530","9057721","422","0","42","0","184","0","1016679","41985","2799","19230","1283","3147745","0","1283","9748","0","0","0","187995","39100","342","41680","230400","288000","615","1103252","615","0","0","433704","96","0","32000","4010","2369","166016","4","4480","9924","233","238760","32","6379","6379","32","64074","0","128","111","203614","289","160"
"r3","weapon","B","offense-off","3000","21600","32","32","0","32","32","0","0","128","8119","174137","96","0","670","10695510","461","0","45","0","196","0","1204843","52125","3475","21192","1396","3854330","0","1396","11045","0","0","0","240134","47518","369","40882","96000","192000","671","1300190","671","0","0","534957","96","0","32000","4852","3003","212445","10","4480","10732","255","290557","32","7855","7855","32","78060","0","128","113","244452","308","160"
"r3","weapon","B","offense-off","3300","21600","32","32","0","32","32","0","0","128","8501","222673","103","0","810","12587859","492","0","49","0","210","0","1407269","63570","4238","23200","1488","4639702","0","1488","12601","0","0","0","298600","59240","394","39768","230400","96000","728","1510561","728","0","0","615213","96","0","32000","5987","3029","215431","6","4480","11279","268","361424","32","9016","9016","32","95669","0","128","113","304113","322","160"
"r3","weapon","B","offense-off","3600","21600","32","32","0","32","32","0","0","128","8738","273181","111","0","950","14565004","524","0","51","0","224","0","1623036","77325","5155","27480","1645","5482922","0","1645","14172","0","0","0","357876","68222","418","38672","288000","268800","750","1732657","750","0","0","693041","96","0","32000","6909","3285","233722","10","4480","11588","277","415992","32","10194","10194","64","110236","0","128","113","349083","342","160"
"r3","weapon","B","offense-off","3900","21600","32","32","0","32","32","0","0","128","8859","328010","119","0","1090","16456612","562","0","54","0","240","0","1855247","88350","5890","28820","1728","6422328","0","1728","15722","0","0","0","421470","81536","445","37428","96000","268800","810","1970591","810","0","0","811166","96","0","32000","8228","3712","267561","3","4480","11835","281","496087","32","11940","11940","64","129216","0","128","114","414389","364","160"
"r3","weapon","B","offense-off","4200","21600","32","32","0","32","32","0","0","128","9053","386774","122","0","1233","18660667","593","0","58","0","257","0","2102295","102480","6832","30124","1798","7434967","0","1798","17394","0","0","0","497014","94474","469","36128","153600","96000","870","2222660","870","0","0","900375","96","0","32000","9465","3796","269547","4","4480","12105","288","576329","32","13261","13261","64","147688","0","128","115","483140","386","160"
"r3","weapon","B","offense-off","4500","21600","32","32","0","32","32","0","0","128","9186","446698","124","0","1391","20817734","622","0","60","0","274","0","2360322","117045","7803","38306","2068","8455222","0","2068","18930","0","0","0","570334","105684","490","35212","288000","192000","878","2484929","878","0","0","991036","96","0","32000","10549","4035","285415","12","4480","12318","293","645643","32","14584","14584","64","165295","0","128","116","540326","410","160"
"r3","weapon","B","offense-off","4800","21600","32","31","1","31","31","0","0","124","8910","490236","120","0","1551","22423464","623","0","63","0","279","0","2547680","128430","8562","38432","2093","9317040","0","2093","19803","0","0","0","629336","118804","493","33386","148800","279000","909","2673335","909","0","0","1086653","93","0","31000","11828","4136","295864","6","4340","12094","287","724391","31","15964","15964","62","185840","0","124","114","604949","412","155"
"r3","weapon","B","offense-off","5100","21600","32","31","1","31","31","0","0","124","8928","554748","126","0","1711","24654831","649","0","65","0","293","0","2825997","142785","9519","40332","2173","10473349","0","2173","21374","0","0","0","706584","129620","515","32696","93000","111600","966","2954995","966","0","0","1175670","93","0","31000","12927","4354","314985","7","4340","12211","290","791118","31","17281","17281","62","203342","0","124","114","657343","428","155"
"r3","weapon","B","offense-off","5400","21600","32","31","1","31","31","0","0","124","8888","617742","130","0","1875","26740031","674","0","67","0","306","0","3114468","156225","10415","51706","2544","11655016","0","2544","22827","0","0","0","786226","143922","534","31906","279000","111600","960","3246460","960","0","0","1265283","93","0","31000","14253","4339","311383","3","4340","12288","291","877883","31","18592","18592","93","225494","0","124","114","728406","444","155"
"r3","weapon","B","offense-off","5700","21600","32","30","2","30","30","0","0","120","8586","664531","129","0","2045","28448164","678","0","66","0","308","0","3307154","169860","11324","50080","2471","12438203","0","2471","23387","0","0","0","851001","154428","533","30652","216000","270000","990","3438890","990","0","0","1354474","90","0","30000","15240","4712","333653","4","4200","12076","287","943154","30","19952","19952","90","244178","0","120","111","776643","447","150"
"r3","weapon","B","offense-off","6000","21600","32","30","2","30","30","0","0","120","8543","734474","137","0","2215","30629625","703","0","67","0","316","0","3609579","184305","12287","51474","2538","13736420","0","2538","24852","0","0","0","941820","166612","550","30356","90000","180000","1043","3743906","1043","0","0","1450350","90","0","30000","16448","4889","350025","3","4200","12126","289","1018481","30","21337","21337","90","266663","0","120","111","833662","457","150"
"r3","weapon","B","offense-off","6300","21600","32","30","2","30","30","0","0","120","8540","807821","145","0","2385","32962977","727","0","69","0","322","0","3924904","200070","13338","55786","2681","15104412","0","2681","26391","0","0","0","1043785","181992","566","29640","216000","90000","1059","4061585","1059","0","0","1544871","90","0","30000","17953","4775","343283","1","4200","12239","292","1110735","30","22728","22728","90","290693","0","120","113","910895","467","150"
"r3","weapon","B","offense-off","6600","21600","32","30","2","30","30","0","0","120","8550","879791","149","0","2565","35394504","744","0","72","0","328","0","4242170","218580","14572","68300","3076","16497924","0","3076","27879","0","0","0","1152292","194720","579","28502","270000","252000","1079","4380971","1079","0","0","1673838","90","0","30000","19168","5445","389786","21","4200","12353","296","1190037","30","24613","24613","90","311109","0","120","113","972943","476","150"
"r3","weapon","B","offense-off","6900","21600","32","30","2","30","30","0","0","120","8539","964120","153","0","2755","37665971","772","0","77","0","338","0","4572412","234450","15630","69330","3132","17982471","0","3132","29342","0","0","0","1252405","210092","598","27684","90000","252000","1135","4712927","1135","0","0","1767086","90","0","30000","20642","5385","382920","1","4200","12399","296","1283116","30","26027","26027","90","339540","0","120","113","1044626","492","150"
"r3","weapon","B","offense-off","7200","21600","32","30","2","30","30","0","0","120","8533","1050796","158","0","2945","40248666","789","0","80","0","343","0","4916271","251970","16798","70460","3181","19529826","0","3181","31009","0","0","0","1363506","224502","611","27090","144000","90000","1161","5058149","1161","0","0","1861828","90","0","30000","22014","5419","380814","6","4200","12489","300","1372387","30","27433","27433","120","360899","0","120","113","1120115","498","150"
"r3","weapon","B","offense-off","7500","21600","32","30","2","30","30","0","0","120","8526","1132659","164","0","3135","42701420","812","0","80","0","353","0","5265004","270690","18046","88266","3737","21063722","0","3737","32382","0","0","0","1474470","238620","627","26848","270000","180000","1163","5408084","1163","0","0","1999933","90","0","30000","23371","6090","429688","2","4200","12555","300","1459111","30","29461","29461","120","385415","0","120","114","1184830","512","150"
"r3","weapon","B","offense-off","7800","21600","32","29","3","29","29","0","0","116","8193","1175374","161","0","3328","43912700","801","0","79","0","350","0","5426742","281910","18794","85942","3655","21837685","0","3655","32763","0","0","0","1533024","248856","619","26014","139200","261000","1177","5568163","1177","0","0","2032399","87","0","29000","24322","5649","392493","2","4060","12249","290","1520679","29","29971","29971","116","409636","0","116","111","1230270","505","145"
"r3","weapon","B","offense-off","8100","21600","32","29","3","29","29","0","0","116","8207","1268427","167","0","3530","46438645","818","0","83","0","355","0","5783199","300180","20012","87426","3718","23500547","0","3718","34268","0","0","0","1650880","261196","634","25620","87000","104400","1200","5925543","1200","0","0","2132374","87","0","29000","25569","5858","412966","2","4060","12362","296","1596633","29","31427","31427","116","432915","0","116","111","1286493","511","145"
"r3","weapon","B","offense-off","8400","21600","32","27","5","27","27","0","0","108","7579","1295768","154","0","3740","45797509","779","0","81","0","340","0","5714685","300285","20019","100366","4065","23429829","0","4065","32993","0","0","0","1672312","260360","602","25260","243000","97200","1104","5850903","1104","0","0","2113088","81","0","27000","25386","5809","401939","4","3780","11568","277","1591207","27","31195","31195","108","453331","0","108","104","1257818","489","135"
"r3","weapon","B","offense-off","8700","21600","32","27","5","27","27","0","0","108","7574","1386667","157","0","3950","48509117","800","0","83","0","347","0","6052582","320160","21344","100728","4085","25044507","0","4085","34591","0","0","0","1791229","274724","614","24544","194400","243000","1154","6189450","1154","0","0","2207983","81","0","27000","26755","5834","403130","4","3780","11673","280","1679582","27","32589","32589","108","478170","0","108","104","1326683","502","135"
"r3","weapon","B","offense-off","9000","21600","32","27","5","27","27","0","0","108","7563","1485728","161","0","4160","50967517","816","0","83","0","355","0","6402441","337590","22506","102042","4152","26712047","0","4152","36028","0","0","0","1894943","287304","626","24332","81000","162000","1177","6539932","1177","0","0","2302708","81","0","27000","28020","5950","416067","1","3780","11777","280","1756770","27","33970","33970","135","506525","0","108","105","1380116","512","135"
"r3","weapon","B","offense-off","9300","21600","32","27","5","27","27","0","0","108","7530","1586382","164","0","4370","53602767","832","0","85","0","362","0","6765280","355740","23716","105660","4277","28452571","0","4277","37633","0","0","0","2007706","306306","638","23852","194400","81000","1217","6903411","1217","0","0","2437184","81","0","27000","29824","6131","431547","2","3780","11826","283","1871402","27","35955","35955","135","536803","0","108","105","1468834","521","135"
"r3","weapon","B","offense-off","9600","21600","32","27","5","27","27","0","0","108","7546","1679661","166","0","4582","56305371","853","0","87","0","369","0","7121438","377310","25154","122672","4804","30147811","0","4804","39075","0","0","0","2129396","320224","649","23672","243000","226800","1213","7260165","1213","0","0","2537914","81","0","27000","31123","6312","440114","2","3780","11877","284","1957303","27","37435","37435","135","560087","0","108","105","1537713","533","135"
"r3","weapon","B","offense-off","9900","21600","32","27","5","27","27","0","0","108","7507","1782365","172","0","4802","58747372","865","0","87","0","372","0","7489392","394875","26325","123358","4841","31942273","0","4841","40514","0","0","0","2244564","336116","658","23258","81000","226800","1239","7628745","1239","0","0","2636185","81","0","27000","32591","6312","434067","0","3780","11915","285","2054547","27","38903","38903","135","596206","0","108","105","1605912","536","135"
"r3","weapon","B","offense-off","10200","21600","32","27","5","27","27","0","0","108","7515","1888531","175","0","5024","61564857","886","0","92","0","380","0","7871026","414585","27639","124324","4885","33819287","0","4885","42251","0","0","0","2366639","352504","674","22968","129600","81000","1289","8010823","1289","0","0","2771932","81","0","27000","34163","6732","463397","3","3780","11989","285","2155574","27","40895","40895","135","623920","0","108","105","1684615","546","135"
"r3","weapon","B","offense-off","10500","21600","32","27","5","27","27","0","0","108","7515","1988146","178","0","5259","64368333","894","0","93","0","384","0","8251364","435780","29052","145646","5535","35616463","0","5535","43831","0","0","0","2484777","368494","682","22668","243000","162000","1270","8391442","1270","0","0","2873210","81","0","27000","35564","6820","467838","3","3780","11978","284","2255166","27","42384","42384","135","653963","0","108","106","1751409","550","135"
"r3","weapon","B","offense-off","10800","21600","32","27","5","27","27","0","0","108","7467","2098531","181","0","5499","67258412","901","0","93","0","387","0","8636459","455985","30399","145846","5550","37522107","0","5550","45455","0","0","0","2604211","388018","688","22332","129600","243000","1294","8776861","1294","0","0","2971685","81","0","27000","37429","6439","440628","0","3780","12069","288","2372533","27","43868","43868","162","692135","0","108","106","1838922","554","135"
"r3","weapon","B","offense-off","11100","21600","32","27","5","27","27","0","0","108","7456","2212212","189","0","5739","70200608","928","0","96","0","396","0","9032899","476475","31765","146824","5593","39823064","0","5593","47169","0","0","0","2774336","404464","708","21874","81000","97200","1334","9173641","1334","0","0","3258355","81","0","27000","39114","8974","619130","10","3780","12051","288","2474253","54","48088","48088","162","723906","0","108","106","1915319","568","135"
"r3","weapon","B","offense-off","11400","21600","32","27","5","27","27","0","0","108","7407","2324337","190","0","5979","73528085","938","0","97","0","400","0","9430895","495060","33004","169284","6303","42307308","0","6303","49538","0","0","0","2970640","435498","714","20810","243000","97200","1298","9571901","1298","0","0","3469926","81","0","27000","41958","9272","633721","6","3780","11963","285","2664997","54","51230","51230","162","787056","0","108","106","2049149","575","135"
"r3","weapon","B","offense-off","11700","21600","32","27","5","27","27","0","0","108","7399","2436078","197","0","6219","77693924","964","0","99","0","410","0","9823290","516780","34452","169708","6327","44960858","0","6327","52663","0","0","0","3182075","466552","733","19310","194400","243000","1316","9964490","1316","0","0","3682854","81","0","27000","44933","9435","642026","2","3780","12094","287","2857277","54","54368","54368","162","846620","0","108","106","2194208","588","135"
"r3","weapon","B","offense-off","12000","21600","32","26","6","26","26","0","0","104","6988","2381024","184","0","6143","78903232","935","0","98","0","405","0","9871114","521400","34760","160198","6046","45800350","0","6046","53583","0","0","0","3279887","476258","713","18598","78000","156000","1308","10009862","1308","0","0","3822912","78","0","26000","45935","10531","719506","6","3640","11565","276","2917574","52","56466","56466","156","883339","0","104","102","2220067","576","130"
"r3","weapon","B","offense-off","12300","21600","32","23","9","23","23","0","0","92","6112","2387706","168","0","5963","74083258","862","0","89","0","372","0","9103556","488280","32552","142288","5414","42287262","0","5414","49595","0","0","0","3093539","457922","652","17748","165600","69000","1167","9231863","1167","0","0","3567306","69","0","23000","44106","8586","584678","1","3220","10256","244","2802928","46","52692","52692","138","878595","0","92","90","2104033","534","115"
"r3","weapon","B","offense-off","12600","21600","32","22","10","22","22","0","0","88","6085","2353975","161","0","5815","75403660","844","0","86","0","368","0","8983280","496770","33118","158010","5884","43406672","0","5884","50239","0","0","0","3204839","468130","637","17302","198000","184800","1065","9107301","1065","0","0","3638030","66","0","22000","45147","8643","592158","4","3080","10187","240","2865141","44","53790","53790","154","879060","0","88","88","2166812","526","110"
"r3","weapon","B","offense-off","12900","21600","32","21","11","21","21","0","0","84","6025","2339513","156","0","5832","77061384","828","0","86","0","360","0","8973881","506190","33746","155654","5781","44482712","0","5781","51182","0","0","0","3311010","485984","623","16462","63000","176400","1058","9093200","1058","0","0","3794449","63","0","21000","46830","9254","640276","2","2940","10085","241","2972793","42","56084","56084","147","927368","0","84","84","2226805","517","105"
"r3","weapon","B","offense-off","13200","21600","32","21","11","21","21","0","0","84","6040","2440484","157","0","6012","80587130","841","0","86","0","370","0","9294198","523680","34912","156540","5828","47077170","0","5828","53792","0","0","0","3501771","512674","634","15730","100800","63000","1078","9413537","1078","0","0","3976309","63","0","21000","49370","9408","644681","5","2940","10110","242","3137411","42","58778","58778","147","975396","0","84","84","2356232","529","105"
"r3","weapon","B","offense-off","13500","21600","32","20","12","20","20","0","0","80","5724","2508813","153","0","6010","79347735","814","0","82","0","356","0","9230919","511560","34104","160584","5942","46638016","0","5942","52829","0","0","0","3530981","517694","611","15290","180000","120000","995","9346604","995","0","0","3946968","60","0","20000","49610","8766","590354","3","2800","9602","231","3170790","40","58376","58376","140","1002306","0","80","80","2354308","510","100"
"r3","weapon","B","offense-off","13800","21600","32","20","12","20","20","0","0","80","5710","2608031","156","0","6180","82659308","833","0","82","0","364","0","9534161","527535","35169","161076","5966","49136649","0","5966","55381","0","0","0","3694561","551338","622","14288","96000","180000","1016","9649867","1016","0","0","4179981","60","0","20000","52820","8998","608437","1","2800","9705","232","3372942","40","61818","61818","140","1066115","0","80","80","2505429","525","100"
"r3","weapon","B","offense-off","14100","21600","32","20","12","20","20","0","0","80","5735","2712181","159","0","6350","86038684","843","0","82","0","368","0","9841242","544860","36324","162510","6036","51723337","0","6036","58015","0","0","0","3864111","572822","629","13976","60000","72000","1033","9956965","1033","0","0","4353529","60","0","20000","54941","9455","641540","4","2800","9794","235","3506068","40","64396","64396","140","1108809","0","80","80","2603180","531","100"
"r3","weapon","B","offense-off","14400","21600","32","20","12","20","20","0","0","80","5713","2814105","161","0","6520","89214634","855","0","83","0","374","0","10147746","559410","37294","178056","6527","54285014","0","6527","60769","0","0","0","4015500","604392","638","13440","180000","72000","987","10263423","987","0","0","4526254","60","0","20000","57810","9140","619957","1","2800","9802","235","3698562","40","66950","66950","160","1172149","0","80","80","2734148","539","100"
"r3","weapon","B","offense-off","14700","21600","32","18","14","18","18","0","0","72","5128","2822371","147","0","6518","84505534","780","0","80","0","341","0","9404095","532215","35481","158184","5857","50969920","0","5857","57046","0","0","0","3631595","574380","586","12708","129600","162000","920","9509897","920","0","0","4317118","54","0","18000","54857","8905","603131","2","2520","8934","215","3517625","36","63762","63762","144","1159086","0","72","72","2554901","490","90"
"r3","weapon","B","offense-off","15000","21600","32","17","15","17","17","0","0","68","4839","2837315","143","0","6678","83843482","747","0","79","0","322","0","9163589","532635","35509","150638","5500","50511089","0","5500","55825","0","0","0","3596691","568532","561","12426","51000","102000","878","9266020","878","0","0","4262962","51","0","17000","54187","8713","583190","0","2380","8510","204","3484041","34","62900","62900","136","1200040","0","68","68","2479732","462","85"
"r3","weapon","B","offense-off","15300","21600","32","16","16","16","16","0","0","64","4491","2593101","132","0","6370","80412945","717","0","73","0","314","0","8796167","505965","33731","152500","5531","49709255","0","5531","54400","0","0","0","3511721","558436","535","11894","115200","48000","812","8894304","812","0","0","4135325","48","0","16000","53277","7723","517536","1","2240","7955","190","3418862","32","61000","61000","128","1190613","0","64","64","2427176","452","80"
"r3","weapon","B","offense-off","15600","21600","32","16","16","16","16","0","0","64","4525","2671759","133","0","6520","83209086","723","0","73","0","319","0","9021669","522360","34824","176164","6259","51939392","0","6259","56410","0","0","0","3641516","579090","541","11620","144000","134400","759","9119748","759","0","0","4334456","48","0","16000","55301","8617","584588","1","2240","7999","192","3545723","32","63918","63918","128","1232932","0","64","64","2516936","457","80"
"r3","weapon","B","offense-off","15900","21600","32","15","17","15","15","0","0","60","4212","2605699","128","0","6282","80517901","680","0","69","0","302","0","8806729","506385","33759","150808","5440","50768203","0","5440","54252","0","0","0","3500276","566724","514","11330","45000","126000","764","8899739","764","0","0","4206566","45","0","15000","54062","7956","538560","0","2100","7482","177","3468321","30","62018","62018","120","1215236","0","60","60","2452770","427","75"
"r3","weapon","B","offense-off","16200","21600","32","15","17","15","15","0","0","60","4234","2693606","129","0","6422","83232210","691","0","70","0","305","0","9037193","520425","34695","151710","5478","53065967","0","5478","56306","0","0","0","3628062","588552","519","10724","72000","45000","771","9130208","771","0","0","4346381","45","0","15000","56080","7984","533134","2","2100","7551","179","3603945","30","64064","64064","135","1258201","0","60","60","2555046","433","75"
"r3","weapon","B","offense-off","16500","21600","32","15","17","15","15","0","0","60","4233","2779653","131","0","6562","85706900","697","0","70","0","308","0","9260751","535470","35698","166176","5952","55345028","0","5952","58233","0","0","0","3751698","612214","524","10486","135000","90000","732","9353727","732","0","0","4542651","45","0","15000","58171","8755","587122","1","2100","7416","176","3750690","30","66926","66926","135","1308851","0","60","60","2646678","436","75"
"r3","weapon","B","offense-off","16800","21600","32","15","17","15","15","0","0","60","4222","2868706","133","0","6702","88335045","709","0","72","0","313","0","9482721","549375","36625","166848","5986","57726954","0","5986","60311","0","0","0","3884306","640044","533","9842","72000","135000","748","9575713","748","0","0","4688774","45","0","15000","60804","8262","552064","4","2100","7524","179","3918200","30","69066","69066","135","1369421","0","60","60","2767289","442","75"
"r3","weapon","B","offense-off","17100","21600","32","15","17","15","15","0","0","60","4245","2961989","135","0","6842","90914682","713","0","72","0","314","0","9708181","563970","37598","167920","6038","60171687","0","6038","62222","0","0","0","4016659","658144","536","9582","45000","54000","754","9801179","754","0","0","4830457","45","0","15000","62581","8613","574492","3","2100","7565","181","4030291","30","71194","71194","135","1412538","0","60","60","2843427","443","75"
"r3","weapon","B","offense-off","17400","21600","32","15","17","15","15","0","0","60","4221","3051556","135","0","6982","93400752","722","0","72","0","322","0","9929048","576810","38454","192388","6790","62532724","0","6790","64356","0","0","0","4145810","695678","544","9104","135000","54000","683","10021975","683","0","0","5022925","45","0","15000","65607","8453","541132","5","2100","7471","178","4263176","30","74060","74060","135","1469418","0","60","60","3012375","452","75"
"r3","weapon","B","offense-off","17700","21600","32","14","18","14","14","0","0","56","3922","3022977","127","0","6708","91159288","684","0","70","0","306","0","9467967","571140","38076","176118","6264","59668972","0","6264","62157","0","0","0","4018360","677872","517","8506","100800","126000","661","9557608","661","0","0","4851682","42","0","14000","63931","7590","491503","7","1960","7089","170","4154319","28","71521","71521","126","1431410","0","56","56","2928769","425","70"
"r3","weapon","B","offense-off","18000","21600","32","14","18","14","14","0","0","56","3928","3108503","127","0","6838","93410416","688","0","71","0","309","0","9667035","585000","39000","177246","6325","61846492","0","6325","63750","0","0","0","4138725","697328","521","8278","42000","84000","664","9756679","664","0","0","4989806","42","0","14000","65815","7712","504615","0","1960","7113","171","4272708","28","73527","73527","140","1480132","0","56","56","3005059","428","70"
"r3","weapon","B","offense-off","18300","21600","32","13","19","14","14","0","0","52","3896","3043250","124","0","6409","92199296","660","0","69","0","291","0","9118178","582735","38849","174064","6178","60928335","0","6178","62599","0","0","0","4052947","694132","497","7826","93600","39000","618","9199594","618","0","0","4938045","39","0","13000","65435","7393","483200","0","1820","7076","169","4251891","26","72828","72828","130","1440646","0","52","52","3014199","404","65"
"r3","weapon","B","offense-off","18600","21600","32","13","19","13","13","0","0","52","3894","3124478","125","0","6539","94796280","667","0","70","0","294","0","9299557","598650","39910","182284","6438","62984214","0","6438","64405","0","0","0","4174626","714744","502","7716","117000","109200","612","9380967","612","0","0","5075898","39","0","13000","67351","7497","498268","0","1820","7096","171","4379140","26","74848","74848","130","1481750","0","52","52","3095880","407","65"
"r3","weapon","B","offense-off","18900","21600","32","13","19","13","13","0","0","52","3900","3210619","126","0","6669","96967431","673","0","70","0","298","0","9484162","611670","40778","182730","6469","65089521","0","6469","65989","0","0","0","4286837","737424","507","7328","39000","109200","617","9565577","617","0","0","5209977","39","0","13000","69508","7348","487985","0","1820","7112","172","4516348","26","76856","76856","130","1542278","0","52","52","3179714","412","65"
"r3","weapon","B","offense-off","19200","21600","32","12","20","12","12","0","0","48","3598","3146018","118","0","6214","92598287","631","0","64","0","280","0","8904112","590820","39388","169008","6045","61269664","0","6045","62461","0","0","0","4063195","707300","474","7216","57600","36000","576","8978455","576","0","0","5000036","36","0","12000","66512","7209","476826","1","1680","6584","159","4334503","24","73721","73721","120","1478236","0","48","48","3044974","386","60"
"r3","weapon","B","offense-off","19500","21600","32","12","20","12","12","0","0","48","3600","3225146","119","0","6334","94895575","639","0","65","0","283","0","9075024","605235","40349","176082","6286","63193947","0","6286","64152","0","0","0","4176031","730116","479","7060","108000","72000","571","9149362","571","0","0","5124138","36","0","12000","68491","7104","465680","0","1680","6526","156","4477022","24","75595","75595","120","1525137","0","48","48","3133321","389","60"
"r3","weapon","B","offense-off","19800","21600","32","12","20","12","12","0","0","48","3600","3306855","119","0","6454","97286843","645","0","65","0","288","0","9247764","618315","41221","176456","6317","65148799","0","6317","65942","0","0","0","4296809","754968","484","6726","57600","108000","577","9322107","577","0","0","5249650","36","0","12000","70847","6618","430143","4","1680","6634","159","4625811","24","77465","77465","132","1581056","0","48","48","3238451","395","60"
"r3","weapon","B","offense-off","20100","21600","32","12","20","12","12","0","0","48","3598","3390456","119","0","6574","99569685","647","0","65","0","289","0","9422310","632010","42134","177150","6360","67191357","0","6360","67553","0","0","0","4422224","771298","485","6548","36000","43200","584","9496660","584","0","0","5424979","36","0","12000","72440","7637","501564","1","1680","6652","159","4727327","24","80077","80077","132","1619176","0","48","48","3304239","397","60"
"r3","weapon","B","offense-off","20400","21600","32","11","21","11","11","0","0","44","3298","3204774","108","0","6080","93222497","603","0","63","0","268","0","8821264","593895","39593","169860","6109","61720604","0","6109","63283","0","0","0","4154840","729880","450","6294","99000","39600","508","8889305","508","0","0","5091327","33","0","11000","68592","6606","436094","0","1540","6063","145","4473018","22","75198","75198","121","1559298","0","44","44","3095935","368","55"
"r3","weapon","B","offense-off","20700","21600","32","11","21","11","11","0","0","44","3298","3274744","109","0","6190","95591354","611","0","64","0","271","0","8976026","607995","40533","170096","6124","63580367","0","6124","65004","0","0","0","4270910","750776","455","5980","79200","99000","519","9044074","519","0","0","5213069","33","0","11000","70582","6408","424156","1","1540","6145","147","4600046","22","76990","76990","121","1602735","0","44","44","3186178","373","55"
"r3","weapon","B","offense-off","21000","21600","32","11","21","11","11","0","0","44","3300","3349939","110","0","6300","97528072","614","0","64","0","272","0","9134273","620805","41387","170800","6166","65491412","0","6166","66284","0","0","0","4379695","768650","457","5888","33000","66000","532","9202332","532","0","0","5377107","33","0","11000","72281","7115","473996","0","1540","6137","147","4710478","22","79396","79396","121","1650484","0","44","44","3252627","374","55"
"r3","weapon","B","offense-off","21300","21600","32","11","21","11","11","0","0","44","3298","3428415","111","0","6410","99663656","623","0","67","0","274","0","9296178","632130","42142","174158","6327","67440876","0","6327","67900","0","0","0","4496159","792982","463","5482","79200","33000","542","9364239","542","0","0","5498078","33","0","11000","74484","6712","439564","1","1540","6154","148","4859181","22","81196","81196","121","1702871","0","44","44","3355643","377","55"
"r3","weapon","B","offense-off","21600","21600","32","11","21","11","11","0","0","44","3294","3505481","112","0","6520","101861299","627","0","67","0","276","0","9454126","646755","43117","180360","6528","69368944","0","6528","69394","0","0","0","4613684","811412","466","5388","99000","92400","528","9522173","528","0","0","5615689","33","0","11000","76250","6736","444430","0","1540","6132","146","4972555","22","82986","82986","132","1747288","0","44","44","3423971","380","55"
"r3","weapon","C","both-off","0","21600","32","32","0","32","32","0","0","128","2880","0","0","0","0","0","0","0","0","0","0","0","0","0","0","0","0","0","0","0","0","0","0","0","0","0","32","57600","192000","192000","192","0","192","0","0","0","96","0","32000","0","0","0","0","4480","2880","64","0","32","0","0","0","0","0","128","32","0","32","160"
"r3","weapon","C","both-off","300","21600","32","32","0","32","32","0","0","128","2866","0","0","0","0","201108","2","0","1","0","1","0","51808","0","0","0","308","99006","0","0","96","0","0","0","1710","400","34","56586","230400","96000","224","61440","224","0","0","44017","96","0","32000","44","596","40202","20","4480","3092","64","2532","32","640","640","0","1961","0","128","33","1854","33","160"
"r3","weapon","C","both-off","600","21600","32","32","0","32","32","0","0","128","2835","426","14","0","0","644816","76","0","6","0","31","0","118944","975","65","0","840","306860","0","0","664","0","17","0","16339","1876","83","52632","288000","268800","288","138240","288","0","0","77078","96","0","32000","198","922","61369","46","4480","3368","64","12097","32","1120","1120","0","6756","0","128","55","8953","83","160"
"r3","weapon","C","both-off","900","21600","32","32","0","32","32","0","0","128","2619","1314","23","0","8","1327959","125","0","9","0","57","0","199471","1365","91","0","2621","563575","0","0","1571","0","71","0","26398","4706","121","49774","96000","268800","319","230845","325","0","0","108987","96","0","32000","464","1136","71981","15","4480","3486","65","30835","32","1600","1600","0","11807","0","128","70","25199","118","160"
"r3","weapon","C","both-off","1200","21600","32","32","0","32","32","0","0","128","2550","2757","36","0","23","2354369","179","7","13","0","79","0","295007","2715","181","0","4464","852275","0","0","3002","0","157","0","41682","8920","160","48532","153600","96000","379","342426","394","0","0","153573","96","0","32000","898","1355","87469","12","4480","3711","77","56574","32","2253","2253","0","17054","0","128","76","49050","145","160"
"r3","weapon","C","both-off","1500","21600","32","32","0","32","32","0","0","128","3007","4137","48","0","71","3387513","228","22","18","0","100","0","395115","6990","466","0","7323","1172371","0","0","4460","0","211","0","55632","12496","198","46536","288000","192000","430","472931","479","0","0","188305","96","0","32000","1289","1492","98243","29","4480","4356","95","77647","32","2781","2781","0","23348","0","128","85","66714","170","160"
"r3","weapon","C","both-off","1800","21600","32","32","0","32","32","0","0","128","3476","6786","54","0","139","4456456","275","71","22","0","125","0","501448","11835","789","0","9557","1531997","0","0","6058","0","246","0","70278","18210","233","44274","153600","288000","450","625272","528","0","0","227134","96","0","32000","1879","1467","98396","6","4480","5011","110","112069","32","3346","3346","32","32635","0","128","94","96103","203","160"
"r3","weapon","C","both-off","2100","21600","32","32","0","32","32","0","0","128","4102","12450","60","0","229","5612825","318","134","27","0","146","0","612339","17925","1195","0","12352","1951902","0","0","7501","0","299","0","87818","23150","265","43334","96000","115200","517","800856","618","0","0","292619","96","0","32000","2393","1917","132190","5","4480","5876","129","142384","32","4310","4310","32","39589","0","128","100","120840","231","160"
"r3","weapon","C","both-off","2400","21600","32","32","0","32","32","0","0","128","4955","18554","71","0","319","6819193","361","213","32","0","162","0","733482","25410","1694","0","16274","2429438","0","0","8831","0","345","0","109469","30612","297","42290","288000","115200","527","997270","690","0","0","346801","96","0","32000","3155","1949","139762","3","4480","7021","158","186759","32","5104","5104","32","49919","0","128","105","157120","251","160"
"r3","weapon","C","both-off","2700","21600","32","32","0","32","32","0","0","128","5964","23986","80","0","436","8068778","402","306","35","0","181","0","854063","34920","2328","0","20680","2983973","0","0","10327","0","374","0","133763","37498","328","40446","230400","288000","577","1213789","750","0","0","404948","96","0","32000","3843","2133","150181","13","4480","8155","188","229073","32","5976","5976","32","62363","0","128","107","192404","275","160"
"r3","weapon","C","both-off","3000","21600","32","32","0","32","32","0","0","128","6535","31924","83","0","553","9299883","437","425","39","0","199","0","986845","44340","2956","0","25783","3606884","0","0","11635","0","418","0","164515","45310","353","39636","96000","192000","609","1452219","819","0","0","491802","96","0","32000","4641","2616","186959","3","4480","8946","208","276744","32","7257","7257","32","74321","0","128","110","230522","301","160"
"r3","weapon","C","both-off","3300","21600","32","32","0","32","32","0","0","128","7116","38989","90","0","686","10723780","466","532","43","0","213","0","1121391","55350","3690","0","31849","4291278","0","0","13287","0","459","0","197749","55364","378","38658","230400","96000","622","1710442","901","0","0","560765","96","0","32000","5615","2650","187361","2","4480","9640","225","338040","32","8265","8265","32","88903","0","128","113","284501","317","160"
"r3","weapon","C","both-off","3600","21600","32","32","0","32","32","0","0","128","7495","46485","100","0","844","12189671","508","668","46","0","227","0","1251434","67695","4513","0","39304","5042680","0","0","14963","0","484","0","233227","63080","405","37370","288000","268800","641","1991914","962","0","0","630812","96","0","32000","6426","2879","204956","9","4480","10125","239","385010","32","9305","9305","64","102156","0","128","114","323700","337","160"
"r3","weapon","C","both-off","3900","21600","32","32","0","32","32","0","0","128","7560","55223","103","0","1021","13401790","541","813","48","0","245","0","1372950","77910","5194","0","46610","5864148","0","0","16719","0","517","0","265352","74332","428","36178","96000","268800","645","2296214","1048","0","0","736871","96","0","32000","7553","3327","240454","1","4480","10169","240","452711","32","10880","10880","64","120146","0","128","117","376271","365","160"
"r3","weapon","C","both-off","4200","21600","32","32","0","32","32","0","0","128","7684","66308","109","0","1201","14948395","567","981","48","0","260","0","1505306","89940","5996","0","55412","6759194","0","0","18701","0","548","0","303636","85512","449","35224","153600","96000","677","2623584","1130","0","0","816734","96","0","32000","8616","3449","244533","6","4480","10423","245","521942","32","12065","12065","64","137310","0","128","117","434891","383","160"
"r3","weapon","C","both-off","4500","21600","32","32","0","32","32","0","0","128","7789","78806","115","0","1385","16538261","590","1165","50","0","271","0","1643639","102720","6848","0","68307","7683274","0","0","20614","0","562","0","347583","96510","468","34384","288000","192000","690","2969179","1169","0","0","895635","96","0","32000","9676","3568","250657","6","4480","10651","250","589980","32","13244","13244","64","155208","0","128","120","489770","396","160"
"r3","weapon","C","both-off","4800","21600","32","32","0","32","32","0","0","128","7698","90686","119","0","1593","18214433","615","1358","53","0","283","0","1771313","113745","7583","0","77902","8666158","0","0","22946","0","573","0","387792","110494","487","32782","153600","288000","702","3335013","1249","0","0","1004458","96","0","32000","11043","3811","268884","1","4480","10635","250","674242","32","14854","14854","64","177482","0","128","120","558092","414","160"
"r3","weapon","C","both-off","5100","21600","32","32","0","32","32","0","0","128","7663","101735","122","0","1803","19786959","638","1548","56","0","296","0","1902212","125715","8381","0","86077","9698085","0","0","24972","0","588","0","431237","120848","506","32338","96000","115200","712","3721584","1326","0","0","1085902","96","0","32000","12084","3965","282525","3","4480","10661","252","737789","32","16049","16049","64","195044","0","128","120","608333","427","160"
"r3","weapon","C","both-off","5400","21600","32","32","0","32","32","0","0","128","7508","109711","125","0","2027","21271399","656","1745","59","0","305","0","2024559","136680","9112","0","102373","10754162","0","0","27069","0","605","0","467767","133524","521","31624","288000","115200","702","4127608","1381","0","0","1166474","96","0","32000","13288","3946","281051","1","4480","10588","250","814332","32","17234","17234","96","217421","0","128","120","668002","439","160"
"r3","weapon","C","both-off","5700","21600","32","32","0","32","32","0","0","128","7463","118539","130","0","2255","23092885","677","1974","60","0","315","0","2154861","150210","10014","0","113598","11911266","0","0","29475","0","618","0","504057","145666","537","30456","230400","288000","739","4555039","1444","0","0","1286834","96","0","32000","14455","4530","320275","6","4480","10724","251","889121","32","18985","18985","96","238993","0","128","121","727566","453","160"
"r3","weapon","C","both-off","6000","21600","32","32","0","32","32","0","0","128","7448","124944","137","0","2489","24615273","698","2199","62","0","323","0","2278731","162270","10818","0","123295","13113530","0","0","31640","0","636","0","533534","157556","554","30012","96000","192000","747","4998518","1513","0","0","1376749","96","0","32000","15647","4636","334312","6","4480","10719","251","961979","32","20283","20283","96","262313","0","128","123","780124","464","160"
"r3","weapon","C","both-off","6300","21600","32","32","0","32","32","0","0","128","7499","130965","140","0","2718","26313117","711","2438","66","0","328","0","2407608","175275","11685","0","138212","14370600","0","0","33995","0","668","0","568844","172172","566","29446","230400","96000","758","5457786","1542","0","0","1463609","96","0","32000","17041","4531","323858","1","4480","10896","258","1050575","32","21572","21572","96","287808","0","128","123","851943","470","160"
"r3","weapon","C","both-off","6600","21600","32","32","0","32","32","0","0","128","7518","137733","147","0","2941","28140704","742","2668","67","0","340","0","2548891","190305","12687","0","154782","15700272","0","0","36318","0","691","0","606600","183734","586","28848","288000","268800","781","5930940","1594","0","0","1580715","96","0","32000","18177","5168","364702","4","4480","11018","262","1121152","32","23345","23345","96","308782","0","128","123","907231","488","160"
"r3","weapon","C","both-off","6900","21600","32","32","0","32","32","0","0","128","7387","144747","148","0","3160","29776362","755","2880","68","0","347","0","2692353","202275","13485","0","169799","17061642","0","0","38650","0","722","0","645967","198464","595","28170","96000","268800","817","6416752","1643","0","0","1670366","96","0","32000","19605","5059","360864","3","4480","11067","263","1210331","32","24664","24664","96","336321","0","128","123","973181","497","160"
"r3","weapon","C","both-off","7200","21600","32","31","1","31","31","0","0","124","7394","150365","141","0","3256","30897236","762","2973","71","0","356","0","2782540","214605","14307","0","176887","18035862","0","0","39768","0","763","0","679277","206914","599","27688","148800","93000","731","6715200","1618","0","0","1724036","93","0","31000","20368","5061","357199","0","4340","10927","258","1263230","31","25429","25429","124","349142","0","124","121","1017695","510","155"
"r3","weapon","C","both-off","7500","21600","32","31","1","31","31","0","0","124","7457","156178","144","0","3469","32727711","775","3196","72","0","363","0","2924529","230505","15367","0","201364","19491299","0","0","42195","0","827","0","720042","219402","610","27444","279000","186000","796","7206956","1648","0","0","1849982","93","0","31000","21590","5715","402249","2","4340","10974","259","1339627","31","27305","27305","124","373295","0","124","121","1074438","517","155"
"r3","weapon","C","both-off","7800","21600","32","30","2","30","30","0","0","120","7027","161852","139","0","3665","33465795","766","3400","72","0","364","0","2865227","238815","15921","0","209286","20131002","0","0","43774","0","884","0","706056","228658","605","26574","144000","270000","790","7494201","1630","0","0","1878606","90","0","30000","22425","5291","371933","4","4200","10612","248","1395317","30","27716","27716","120","396931","0","120","117","1109742","516","150"
"r3","weapon","C","both-off","8100","21600","32","30","2","30","30","0","0","120","7100","169128","140","0","3878","35355315","786","3605","73","0","374","0","3001523","254310","16954","0","221154","21626067","0","0","46324","0","938","0","741735","240094","617","26394","90000","108000","738","7985210","1642","0","0","1968901","90","0","30000","23581","5472","387228","0","4200","10724","255","1465485","30","29053","29053","120","418709","0","120","117","1162964","533","150"
"r3","weapon","C","both-off","8400","21600","32","30","2","30","30","0","0","120","6969","176304","140","0","4070","37260349","803","3794","77","0","382","0","3144772","267390","17826","0","253050","23183022","0","0","48757","0","993","0","778207","255294","629","26024","270000","108000","748","8481799","1661","0","0","2093380","90","0","30000","25009","5881","412265","3","4200","10944","260","1557422","30","30890","30890","120","449732","0","120","117","1231383","544","150"
"r3","weapon","C","both-off","8700","21600","32","29","3","29","29","0","0","116","6846","159380","136","0","4270","38036478","800","3989","77","0","381","0","3026670","278820","18588","0","271699","23908292","0","0","50027","0","1024","0","763915","262236","623","25476","208800","261000","703","8724839","1626","0","0","2121913","87","0","29000","25630","5675","395165","5","4060","10721","254","1601739","29","31305","31305","116","468293","0","116","114","1258455","541","145"
"r3","weapon","C","both-off","9000","21600","32","29","3","29","29","0","0","116","6675","165687","138","0","4470","39814185","812","4198","79","0","385","0","3152130","292920","19528","0","284276","25492483","0","0","52367","0","1072","0","798915","273932","631","25412","87000","174000","704","9213899","1633","0","0","2213254","87","0","29000","26770","5858","408246","0","4060","10580","253","1674101","29","32628","32628","145","496835","0","116","114","1308173","547","145"
"r3","weapon","C","both-off","9300","21600","32","29","3","29","29","0","0","116","6769","172619","142","0","4658","41982912","829","4399","79","0","394","0","3278717","308385","20559","0","299254","27156746","0","0","55030","0","1129","0","833140","290606","644","25038","208800","87000","767","9705995","1645","0","0","2342890","87","0","29000","28342","6215","428470","0","4060","10955","258","1775046","29","34557","34557","145","527698","0","116","114","1386722","558","145"
"r3","weapon","C","both-off","9600","21600","32","29","3","29","29","0","0","116","6862","180553","145","0","4856","44073718","845","4587","79","0","404","0","3408849","326745","21783","0","330395","28859764","0","0","57586","0","1183","0","874956","305050","657","24862","261000","243600","732","10201096","1659","0","0","2441242","87","0","29000","29685","6317","438179","6","4060","11112","262","1863695","29","36002","36002","145","551573","0","116","114","1451490","570","145"
"r3","weapon","C","both-off","9900","21600","32","28","4","28","28","0","0","112","6357","175328","140","0","4961","43770963","834","4684","78","0","396","0","3334212","328230","21882","0","333860","29172928","0","0","58074","0","1223","0","868298","309926","642","24346","84000","235200","669","10363999","1608","0","0","2438823","84","0","28000","30077","5915","408905","0","3920","10646","253","1893245","28","35992","35992","140","575625","0","112","110","1454293","563","140"
"r3","weapon","C","both-off","10200","21600","32","28","4","28","28","0","0","112","6529","183345","145","0","5159","45914344","855","4881","80","0","403","0","3455238","346050","23070","0","347157","30898534","0","0","60786","0","1260","0","909483","324464","656","23942","134400","84000","680","10846918","1613","0","0","2569056","84","0","28000","31456","6435","442870","1","3920","10809","260","1982885","28","37891","37891","140","600605","0","112","110","1525581","571","140"
"r3","weapon","C","both-off","10500","21600","32","28","4","28","28","0","0","112","6628","191145","147","0","5342","47930597","861","5074","82","0","405","0","3572209","365025","24335","0","378157","32639745","0","0","63246","0","1318","0","950393","339560","662","23576","252000","168000","705","11330933","1616","0","0","2664411","84","0","28000","32829","6480","442597","2","3920","10827","259","2076215","28","39309","39309","140","631165","0","112","110","1590649","573","140"
"r3","weapon","C","both-off","10800","21600","32","27","5","27","27","0","0","108","6168","199622","143","0","5458","47607797","846","5199","83","0","398","0","3451836","360630","24042","0","379035","32979021","0","0","63600","0","1346","0","934601","340870","651","23182","129600","243000","685","11433858","1557","0","0","2638942","81","0","27000","32966","6004","409785","2","3780","10502","247","2082072","27","38970","38970","162","651584","0","108","107","1577573","560","135"
"r3","weapon","C","both-off","11100","21600","32","27","5","27","27","0","0","108","6217","210065","147","0","5643","49769751","856","5379","84","0","400","0","3562255","377790","25186","0","389551","35064052","0","0","66154","0","1388","0","994766","355856","658","22988","81000","97200","652","11900958","1557","0","0","2904397","81","0","27000","34468","8388","577468","5","3780","10353","246","2175405","54","42856","42856","162","680334","0","108","107","1646595","563","135"
"r3","weapon","C","both-off","11400","21600","32","26","6","26","26","0","0","104","6037","221647","143","0","5634","51171354","844","5370","84","0","397","0","3566781","385830","25722","0","412012","36359932","0","0","68169","0","1417","0","1033278","371940","650","22032","234000","93600","594","11950783","1505","0","0","3025254","78","0","26000","36004","8600","591843","6","3640","10068","237","2273321","52","44604","44604","156","727826","0","104","103","1705585","557","130"
"r3","weapon","C","both-off","11700","21600","32","26","6","26","26","0","0","104","5967","234119","145","0","5807","53945435","859","5544","86","0","404","0","3667009","402795","26853","0","435287","38749977","0","0","73081","0","1468","0","1096778","399380","661","20708","187200","234000","602","12402283","1505","0","0","3211635","78","0","26000","38563","8787","597788","2","3640","9775","232","2444970","52","47350","47350","156","785081","0","104","103","1828766","568","130"
"r3","weapon","C","both-off","12000","21600","32","26","6","26","26","0","0","104","5847","248094","149","0","5966","56749288","873","5720","87","0","410","0","3773654","415725","27715","0","451625","41228627","0","0","77769","0","1503","0","1169260","425046","672","20056","78000","156000","652","12853783","1505","0","0","3460974","78","0","26000","41079","9959","682812","3","3640","9832","233","2602456","52","51038","51038","156","853007","0","104","103","1925155","576","130"
"r3","weapon","C","both-off","12300","21600","32","26","6","26","26","0","0","104","5676","260371","154","0","6129","59607123","896","5881","88","0","421","0","3880795","427830","28522","0","473043","43795310","0","0","82788","0","1547","0","1237415","459544","689","18714","187200","78000","659","13305283","1505","0","0","3644559","78","0","26000","44269","9507","643013","1","3640","9702","228","2811955","52","53776","53776","156","932373","0","104","103","2069173","591","130"
"r3","weapon","C","both-off","12600","21600","32","25","7","25","25","0","0","100","5432","149629","148","0","6293","57817139","860","6043","85","0","406","0","3507850","413595","27573","0","490260","43762810","0","0","84640","0","1591","0","1047061","465478","664","18142","225000","210000","572","13268083","1445","0","0","3645158","75","0","25000","44726","9013","614103","2","3500","9103","216","2849829","50","53739","53739","175","975097","0","100","99","2055958","570","125"
"r3","weapon","C","both-off","12900","21600","32","24","8","24","24","0","0","96","4815","148906","146","0","6178","58228849","843","5945","86","0","394","0","3539311","404580","26972","0","470568","43709070","0","0","84447","0","1616","0","1085022","475726","650","16934","72000","201600","563","13137665","1387","0","0","3719132","72","0","24000","45601","9241","629902","1","3360","8691","205","2911739","48","54842","54842","168","1023992","0","96","96","2065238","552","120"
"r3","weapon","C","both-off","13200","21600","32","23","9","23","23","0","0","92","5046","142065","140","0","6097","58089044","820","5858","83","0","386","0","3471428","403770","26918","0","464132","44171043","0","0","84924","0","1666","0","1102054","483716","632","16074","110400","69000","489","13002168","1328","0","0","3741720","69","0","23000","46243","8929","597568","6","3220","8502","200","2963215","46","55172","55172","161","1051737","0","92","92","2092415","540","115"
"r3","weapon","C","both-off","13500","21600","32","23","9","23","23","0","0","92","4984","146784","142","0","6228","60426774","836","6009","83","0","395","0","3554447","416100","27740","0","497624","46588988","0","0","89033","0","1703","0","1154875","508588","643","15440","207000","138000","554","13400568","1328","0","0","3907907","69","0","23000","48629","9043","602207","3","3220","8470","200","3117081","46","57672","57672","161","1118379","0","92","92","2187321","554","115"
"r3","weapon","C","both-off","13800","21600","32","23","9","23","23","0","0","92","4836","151239","143","0","6369","62954820","847","6148","83","0","402","0","3642984","426345","28423","0","522544","49110595","0","0","93567","0","1750","0","1213712","539058","651","14326","110400","207000","552","13798968","1328","0","0","4142561","69","0","23000","51494","9562","638725","1","3220","8430","201","3302159","46","61056","61056","161","1195998","0","92","92","2307838","564","115"
"r3","weapon","C","both-off","14100","21600","32","23","9","23","23","0","0","92","4899","156832","144","0","6513","65446463","859","6286","84","0","409","0","3728722","439125","29275","0","541216","51725167","0","0","97673","0","1790","0","1275027","561856","660","13710","69000","82800","527","14197368","1328","0","0","4314093","69","0","23000","53783","9799","664104","13","3220","8495","202","3441048","46","63582","63582","161","1246856","0","92","92","2403133","572","115"
"r3","weapon","C","both-off","14400","21600","32","22","10","22","22","0","0","88","4409","162562","137","0","6334","64760209","823","6121","83","0","397","0","3696974","430830","28722","0","557216","52106266","0","0","96833","0","1825","0","1292132","566910","639","13020","198000","79200","495","13910538","1268","0","0","4283328","66","0","22000","54056","9037","603419","0","3080","8123","193","3473445","44","63093","63093","176","1261646","0","88","88","2418263","548","110"
"r3","weapon","C","both-off","14700","21600","32","21","11","21","21","0","0","84","4602","162426","134","0","6175","65515250","808","5966","82","0","387","0","3630615","436380","29092","0","560982","52858839","0","0","98212","0","1851","0","1320878","577420","624","11606","151200","189000","484","13704546","1223","0","0","4386461","63","0","21000","54993","9693","637675","6","2940","8160","195","3539868","42","64686","64686","168","1294099","0","84","84","2454687","535","105"
"r3","weapon","C","both-off","15000","21600","32","21","11","21","21","0","0","84","4531","166589","136","0","6302","67808911","820","6091","85","0","392","0","3707700","448050","29870","0","582365","55473795","0","0","102286","0","1893","0","1373647","600290","634","11356","63000","126000","460","14071506","1224","0","0","4553943","63","0","21000","57233","9925","657343","2","2940","8035","191","3679877","42","67158","67158","168","1360757","0","84","84","2535843","541","105"
"r3","weapon","C","both-off","15300","21600","32","18","14","18","18","0","0","72","3582","149008","113","0","5357","58813436","698","5182","77","0","335","0","3285790","385530","25702","0","525862","49800773","0","0","91375","0","1951","0","1241148","528902","543","10524","129600","54000","428","12254867","1044","0","0","3976501","54","0","18000","50448","8161","529403","2","2520","6619","159","3241191","36","58609","58609","144","1213926","0","72","72","2233172","462","90"
"r3","weapon","C","both-off","15600","21600","32","18","14","18","18","0","0","72","3701","153094","113","0","5463","61131831","709","5295","78","0","341","0","3363111","397095","26473","0","573796","52178321","0","0","94904","0","2005","0","1301856","547716","550","10208","162000","151200","455","12568102","1045","0","0","4167582","54","0","18000","52307","9128","599992","4","2520","6836","162","3356693","36","61435","61435","144","1258723","0","72","72","2308867","470","90"
"r3","weapon","C","both-off","15900","21600","32","18","14","18","18","0","0","72","3474","157365","115","0","5564","63024799","722","5382","78","0","346","0","3429887","404445","26963","0","597863","54584838","0","0","98489","0","2063","0","1349172","572276","557","9606","54000","151200","401","12881602","1045","0","0","4309806","54","0","18000","54657","8874","587880","0","2520","6697","159","3505024","36","63531","63531","144","1326942","0","72","72","2394984","481","90"
"r3","weapon","C","both-off","16200","21600","32","18","14","18","18","0","0","72","3672","162505","115","0","5667","65450691","728","5495","78","0","351","0","3501273","416160","27744","0","620562","57060944","0","0","102311","0","2109","0","1395203","594046","562","8888","86400","54000","427","13195137","1046","0","0","4451989","54","0","18000","56699","8950","585230","4","2520","6935","163","3640004","36","65649","65649","162","1375213","0","72","72","2491546","487","90"
"r3","weapon","C","both-off","16500","21600","32","17","15","17","17","0","0","68","3483","159633","105","0","5340","62706101","689","5170","74","0","337","0","3455286","396405","26427","0","602826","55473113","0","0","96948","0","695","0","1396498","574206","533","8620","153000","102000","394","12692207","989","0","0","4342808","51","0","17000","54810","9271","610646","4","2380","6329","149","3518466","34","64081","64081","153","1327579","0","68","68","2404583","466","85"
"r3","weapon","C","both-off","16800","21600","32","15","17","15","15","0","0","60","3003","131216","92","0","4663","58382558","612","4512","66","0","307","0","3246011","364665","24311","0","576910","52900724","0","0","89726","0","634","0","1342763","533638","480","7746","72000","135000","355","11653586","883","0","0","4010314","45","0","15000","50990","8141","541024","1","2100","5695","137","3266862","30","59131","59131","135","1232905","0","60","60","2236385","415","75"
"r3","weapon","C","both-off","17100","21600","32","15","17","15","15","0","0","60","3124","134494","92","0","4740","60257328","617","4594","66","0","311","0","3309545","374745","24983","0","592929","55207225","0","0","92730","0","640","0","1382320","550002","484","7626","45000","54000","391","11918650","887","0","0","4131392","45","0","15000","52656","8309","555482","2","2100","5903","140","3366495","30","60965","60965","135","1269330","0","60","60","2306580","420","75"
"r3","weapon","C","both-off","17400","21600","32","15","17","15","15","0","0","60","2994","139829","94","0","4825","62111736","627","4677","66","0","316","0","3383157","382125","25475","0","639966","57550957","0","0","95811","0","644","0","1422681","572680","491","7102","135000","54000","386","12184750","887","0","0","4300588","45","0","15000","54714","8759","581488","0","2100","5862","138","3505507","30","63473","63473","135","1322494","0","60","60","2396606","427","75"
"r3","weapon","C","both-off","17700","21600","32","13","19","13","13","0","0","52","2856","141097","85","0","4249","56310231","553","4120","60","0","270","0","2973098","346665","23111","0","576949","50986218","0","0","81363","0","523","0","1318791","513898","428","6406","93600","117000","331","10750080","770","0","0","3824047","39","0","13000","49037","7496","492974","2","1820","5275","125","3146382","26","56533","56533","117","1193080","0","52","52","2137993","368","65"
"r3","weapon","C","both-off","18000","21600","32","13","19","13","13","0","0","52","2771","144577","85","0","4307","57735804","562","4176","61","0","275","0","3029614","354675","23645","0","591492","53066365","0","0","83854","0","523","0","1357333","529442","434","6280","39000","78000","334","10981080","770","0","0","3933970","39","0","13000","50561","7592","504499","1","1820","5010","118","3241658","26","58153","58153","130","1233328","0","52","52","2196143","376","65"
"r3","weapon","C","both-off","18300","21600","32","12","20","12","12","0","0","48","2614","147038","78","0","3980","56600189","526","3864","56","0","261","0","2945524","343350","22890","0","575689","51207798","0","0","81081","0","520","0","1362965","515758","407","5916","86400","36000","323","10348758","710","0","0","3833433","36","0","12000","49274","7498","497072","0","1680","5132","123","3155433","24","56772","56772","120","1172687","0","48","48","2163674","357","60"
"r3","weapon","C","both-off","18600","21600","32","12","20","12","12","0","0","48","2872","151165","79","0","4042","58290301","533","3929","56","0","265","0","3008710","353040","23536","0","622536","53263032","0","0","83528","0","520","0","1414713","533828","412","5698","108000","100800","337","10561943","713","0","0","3943595","36","0","12000","50886","7522","497638","2","1680","5203","125","3267708","24","58408","58408","120","1203423","0","48","48","2242534","363","60"
"r3","weapon","C","both-off","18900","21600","32","12","20","12","12","0","0","48","2763","154637","79","0","4108","59808784","539","3987","57","0","269","0","3068620","358650","23910","0","639990","55337902","0","0","86125","0","520","0","1460389","552626","417","5330","36000","100800","306","10775843","713","0","0","4055750","36","0","12000","52661","7387","490183","0","1680","5234","126","3381743","24","60048","60048","120","1254252","0","48","48","2311315","368","60"
"r3","weapon","C","both-off","19200","21600","32","12","20","12","12","0","0","48","2860","157785","79","0","4157","61373459","542","4037","57","0","271","0","3120467","367320","24488","0","655194","57502221","0","0","88911","0","520","0","1508307","569530","419","4968","57600","36000","307","10989743","713","0","0","4204944","36","0","12000","54258","8008","526078","5","1680","5119","124","3486498","24","62266","62266","120","1292916","0","48","48","2385950","371","60"
"r3","weapon","C","both-off","19500","21600","32","12","20","12","12","0","0","48","2891","162579","80","0","4216","63075931","547","4100","57","0","274","0","3183921","375660","25044","0","688491","59667212","0","0","91471","0","520","0","1546260","586978","423","4696","108000","72000","328","11203852","715","0","0","4319450","36","0","12000","55854","8064","530972","0","1680","5268","126","3594335","24","63918","63918","120","1335256","0","48","48","2453222","374","60"
"r3","weapon","C","both-off","19800","21600","32","11","21","11","11","0","0","44","2626","151494","74","0","3804","57050706","501","3695","54","0","252","0","2872858","339915","22661","0","607991","54925814","0","0","85748","0","520","0","1407790","550636","391","4282","52800","99000","294","10393448","658","0","0","3996892","33","0","11000","52263","6817","441788","0","1540","4905","119","3372195","22","59080","59080","121","1308595","0","44","44","2246509","340","55"
"r3","weapon","C","both-off","20100","21600","32","11","21","11","11","0","0","44","2707","155414","74","0","3860","58415315","503","3743","54","0","253","0","2927431","348270","23218","0","621043","56962589","0","0","87904","0","520","0","1445398","564046","392","4152","33000","39600","287","10590888","660","0","0","4138832","33","0","11000","53615","7603","496256","3","1540","4760","113","3454936","22","61218","61218","121","1335669","0","44","44","2306907","342","55"
"r3","weapon","C","both-off","20400","21600","32","11","21","11","11","0","0","44","2624","158783","76","0","3905","59635295","507","3797","55","0","254","0","2977167","354030","23602","0","662623","59029011","0","0","90157","0","520","0","1480330","582176","396","3776","99000","39600","306","10788888","660","0","0","4245392","33","8","11000","55305","7475","486381","0","1540","4600","109","3564907","22","62780","62788","121","1381123","0","44","44","2377888","343","55"
"r3","weapon","C","both-off","20700","21600","32","10","22","10","10","0","0","40","2630","163971","73","0","3496","58016307","479","3396","51","0","238","0","2836935","348300","23220","0","637036","57473482","0","0","86814","0","483","0","1469385","564554","372","3286","72000","90000","253","10119268","600","0","0","4088612","30","47","10000","53614","6912","446317","1","1400","4710","111","3457852","20","60526","60573","110","1331209","0","40","40","2311086","323","50"
"r3","weapon","C","both-off","21000","21600","32","9","23","9","9","0","0","36","2384","127744","63","0","3111","52060342","430","3031","48","0","213","0","2664856","312270","20818","0","558764","51804312","0","0","77822","0","486","0","1392700","513266","333","3086","27000","54000","267","9287350","540","0","0","3722381","27","93","9000","48739","6508","421935","1","1260","4284","103","3142957","18","55247","55340","99","1259355","0","36","36","2041091","289","45"
"r3","weapon","C","both-off","21300","21600","32","9","23","9","9","0","0","36","2346","131188","65","0","3152","53311112","433","3067","48","0","214","0","2711566","317700","21180","0","574366","53558307","0","0","80038","0","491","0","1426140","529408","336","2820","64800","27000","239","9449350","540","0","0","3809322","27","137","9000","50280","6265","406233","0","1260","4103","98","3239343","18","56545","56682","99","1297255","0","36","36","2105834","290","45"
"r3","weapon","C","both-off","21600","21600","32","9","23","9","9","0","0","36","2467","134512","67","0","3195","54696265","438","3104","48","0","215","0","2755727","325080","21672","0","590949","55321091","0","0","82124","0","492","0","1458877","542454","339","2648","81000","75600","225","9611350","540","0","0","3895393","27","189","9000","51474","6333","411349","0","1260","4282","102","3320370","18","57807","57996","108","1325796","0","36","36","2158248","292","45"
"r3","weapon","C","control","0","21600","32","32","0","32","32","0","0","128","2880","0","0","0","0","0","0","0","0","0","0","0","0","0","0","0","0","0","0","0","0","0","0","0","0","0","32","57600","192000","192000","192","0","192","0","0","0","96","0","32000","0","0","0","0","4480","2880","64","0","32","0","0","0","0","0","128","32","0","32","160"
"r3","weapon","C","control","300","21600","32","32","0","32","32","1236","0","128","2866","0","1","0","0","202295","5","0","0","0","2","0","51808","0","0","154","11","97395","0","11","86","0","0","0","1740","556","35","56680","230400","96000","224","61440","224","1236","0","43442","96","0","32000","61","579","38608","20","4480","3094","64","3473","32","640","640","0","1899","0","128","33","1699","36","160"
"r3","weapon","C","control","600","21600","32","32","0","32","32","5863","0","128","2830","765","19","0","11","623427","85","0","10","0","34","0","116979","960","64","452","33","294813","0","33","547","0","0","0","15903","2528","95","53862","288000","268800","278","138410","292","5949","0","76018","96","0","32000","272","848","56487","24","4480","3364","64","15812","32","1120","1120","0","6483","86","128","55","7099","80","160"
"r3","weapon","C","control","900","21600","32","32","0","32","32","11018","0","128","2653","2358","23","0","41","1237867","125","8","12","0","63","0","192128","1605","107","1106","69","529230","0","69","1345","0","0","0","24826","5730","130","51230","96000","268800","332","235062","344","11578","0","108996","96","0","32000","597","1003","65932","19","4480","3491","65","35807","32","1600","1600","0","11936","560","128","67","19550","114","160"
"r3","weapon","C","control","1200","21600","32","32","0","32","32","17609","0","128","2683","6348","34","0","78","2140766","190","37","18","0","90","0","281385","3615","241","1728","104","789432","0","104","2571","0","0","0","39328","10720","174","50068","153600","96000","383","352404","415","18992","0","152851","96","0","32000","1072","1181","76067","8","4480","3850","86","66960","32","2253","2253","0","18223","1383","128","81","39569","155","160"
"r3","weapon","C","control","1500","21600","32","32","0","32","32","24601","0","128","3259","13881","43","0","118","3165363","242","74","19","0","123","0","383791","8640","576","2572","141","1066623","0","141","3649","0","0","0","54100","15826","217","48880","288000","192000","448","487810","486","27023","0","189235","96","0","32000","1581","1221","81240","17","4480","4734","102","97574","32","2802","2802","0","24380","2422","128","92","56592","194","160"
"r3","weapon","C","control","1800","21600","32","32","0","32","32","29451","0","128","3864","23770","52","0","160","4267078","283","117","24","0","143","0","498936","14235","949","3180","167","1370241","0","167","4834","0","0","0","71631","22334","251","47368","153600","288000","455","639338","518","32662","0","229895","96","0","32000","2219","1188","79337","4","4480","5619","123","137074","32","3407","3407","32","31620","3211","128","101","86276","217","160"
"r3","weapon","C","control","2100","21600","32","32","0","32","32","41590","0","128","4839","36777","58","0","222","5403032","334","156","31","0","166","0","619874","21945","1463","4004","205","1725832","0","205","6018","0","0","0","95241","29112","287","46450","96000","115200","503","809503","593","46130","0","299824","96","0","32000","2835","1607","108651","12","4480","6718","151","179248","32","4442","4442","32","37354","4540","128","105","107689","249","160"
"r3","weapon","C","control","2400","21600","32","32","0","32","32","54358","0","128","5870","49338","70","0","297","6634892","381","213","38","0","184","0","747103","30225","2015","5478","275","2114510","0","275","7158","0","0","0","119434","38324","324","45950","288000","115200","548","998814","669","61257","0","360675","96","0","32000","3701","1608","111952","5","4480","8046","188","234914","32","5309","5309","32","46436","6899","128","108","141030","274","160"
"r3","weapon","C","control","2700","21600","32","32","0","32","32","60087","0","128","6970","61920","77","0","395","7957052","414","289","39","0","201","0","876214","39720","2648","6784","333","2562103","0","333","8557","0","0","0","150176","47412","349","44050","230400","288000","582","1207940","724","71339","0","424076","96","0","32000","4527","1743","116946","7","4480","9309","219","291426","32","6270","6270","32","56078","11252","128","110","179713","298","160"
"r3","weapon","C","control","3000","21600","32","32","0","32","32","70732","0","128","7525","76554","84","0","499","9257055","445","386","43","0","218","0","1013674","48915","3261","8182","400","3059224","0","400","9788","0","0","0","188297","57336","377","43354","96000","192000","603","1437203","786","85967","0","520278","96","0","32000","5472","2200","152190","6","4480","10073","238","352939","32","7672","7672","32","65608","15235","128","116","216513","317","160"
"r3","weapon","C","control","3300","21600","32","32","0","32","32","78311","0","128","7931","92310","92","0","609","10845054","478","491","45","0","235","0","1157732","60030","4002","9866","487","3604440","0","487","11409","0","0","0","231606","69750","404","42270","230400","96000","641","1684638","860","98479","0","595559","96","0","32000","6625","2145","148281","4","4480","10689","252","428233","32","8770","8770","32","77111","20168","128","118","271688","338","160"
"r3","weapon","C","control","3600","21600","32","32","0","32","32","88523","0","128","8161","110133","98","0","734","12420916","509","592","47","0","253","0","1302275","72465","4831","11432","563","4184122","0","563","13062","0","0","0","274328","80018","430","41202","288000","268800","639","1950736","909","115027","0","671593","96","0","32000","7586","2309","159564","14","4480","10959","259","491746","32","9895","9895","64","88004","26504","128","118","308998","359","160"
"r3","weapon","C","control","3900","21600","32","32","0","32","32","96092","0","128","8190","127947","102","0","857","14006673","542","714","48","0","270","0","1462497","82455","5497","14278","703","4812476","0","703","14693","0","0","0","321832","94396","452","40260","96000","268800","716","2238275","986","129121","0","784527","96","0","32000","8928","2641","186092","1","4480","11235","264","579384","32","11569","11569","64","102979","33029","128","118","366335","382","160"
"r3","weapon","C","control","4200","21600","32","32","0","32","32","109923","0","128","8406","144367","109","0","980","15819610","570","832","52","0","280","0","1630425","96180","6412","15960","784","5486333","0","784","16639","0","0","0","375119","108102","473","39034","153600","96000","774","2543436","1052","150122","0","871348","96","0","32000","10142","2691","185358","14","4480","11416","270","664647","32","12833","12833","64","114798","40199","128","119","421070","396","160"
"r3","weapon","C","control","4500","21600","32","32","0","32","32","126370","0","128","8515","161821","114","0","1103","17651927","600","958","55","0","295","0","1809731","110070","7338","18874","924","6164280","0","924","18500","0","0","0","429731","121782","496","38060","288000","192000","781","2865293","1091","174976","0","957114","96","0","32000","11384","2724","186869","10","4480","11629","277","749426","32","14108","14108","64","128831","48606","128","121","466438","416","160"
"r3","weapon","C","control","4800","21600","32","32","0","32","32","130996","0","128","8478","180271","120","0","1245","19712390","629","1092","59","0","308","0","1995733","122130","8142","20742","1008","6895665","0","1008","20646","0","0","0","487587","137904","519","36708","153600","288000","778","3205847","1155","188676","0","1073399","96","0","32000","12922","2928","198034","3","4480","11810","278","847464","32","15850","15850","64","147830","57680","128","121","538859","433","160"
"r3","weapon","C","control","5100","21600","32","32","0","32","32","142977","0","128","8628","198592","121","0","1409","21513666","651","1218","62","0","320","0","2167718","135690","9046","22670","1115","7632224","0","1115","22460","0","0","0","538925","151824","535","36176","96000","115200","776","3564485","1234","212595","0","1160719","96","0","32000","14212","2931","199618","8","4480","12011","285","933287","32","17143","17143","64","161758","69618","128","122","586748","448","160"
"r3","weapon","C","control","5400","21600","32","32","0","32","32","158106","0","128","8620","217873","128","0","1569","23259238","673","1376","62","0","333","0","2343042","148020","9868","25622","1262","8345501","0","1262","24345","0","0","0","587701","169076","555","35652","288000","115200","820","3942315","1279","241338","0","1246567","96","0","32000","15754","2683","182040","1","4480","12145","286","1039379","32","18437","18437","96","179247","83232","128","122","643942","463","160"
"r3","weapon","C","control","5700","21600","32","32","0","32","32","164849","0","128","8681","238474","132","0","1730","25467172","697","1540","62","0","345","0","2538714","163815","10921","28222","1380","9118780","0","1380","26531","0","0","0","646676","184060","571","34634","230400","288000","865","4338999","1341","260737","0","1375832","96","0","32000","17131","3216","215578","3","4480","12392","291","1132449","32","20347","20347","96","194858","95888","128","122","704659","480","160"
"r3","weapon","C","control","6000","21600","32","32","0","32","32","175378","0","128","8653","259816","140","0","1891","27331147","723","1687","63","0","354","0","2734537","177360","11824","30598","1514","9912545","0","1514","28564","0","0","0","700479","198128","589","34154","96000","192000","948","4752804","1420","285642","0","1470387","96","0","32000","18466","3308","225200","4","4480","12377","293","1218928","32","21774","21774","96","208893","110264","128","123","750652","492","160"
"r3","weapon","C","control","6300","21600","32","32","0","32","32","188356","0","128","8608","281079","144","0","2047","29548169","746","1848","64","0","365","0","2945547","192150","12810","32854","1632","10734400","0","1632","30809","0","0","0","760957","218054","605","33068","230400","96000","926","5184000","1448","312496","0","1567184","96","0","32000","20293","2908","198459","5","4480","12432","296","1339828","32","23201","23201","96","228366","124140","128","124","827863","509","160"
"r3","weapon","C","control","6600","21600","32","32","0","32","32","201180","0","128","8606","299311","151","0","2221","31774939","764","2005","67","0","371","0","3150889","209595","13973","35091","1751","11566872","0","1751","32903","0","0","0","819154","232688","621","32490","288000","268800","898","5630380","1506","340317","0","1696545","96","0","32000","21646","3485","238014","1","4480","12516","297","1430178","32","25131","25131","96","242521","139137","128","126","875693","517","160"
"r3","weapon","C","control","6900","21600","32","32","0","32","32","207534","0","128","8486","318377","155","0","2387","33711330","781","2166","68","0","378","0","3361034","222735","14849","38653","1927","12405268","0","1927","34935","0","0","0","871326","250954","633","31664","96000","268800","935","6091559","1565","364587","0","1792851","96","0","32000","23334","3228","223325","2","4480","12563","297","1541870","32","26562","26562","96","264992","157053","128","126","939947","527","160"
"r3","weapon","C","control","7200","21600","32","32","0","32","32","218932","0","128","8597","338014","160","0","2557","35900641","805","2335","68","0","391","0","3574427","239955","15997","41103","2065","13276104","0","2065","37137","0","0","0","932754","267138","651","31242","153600","96000","962","6566095","1589","391165","0","1888468","96","0","32000","24792","3202","214927","1","4480","12670","301","1641732","32","27994","27994","128","279107","172233","128","126","1003269","543","160"
"r3","weapon","C","control","7500","21600","32","32","0","32","32","235143","0","128","8655","358590","166","0","2722","38010338","835","2500","69","0","403","0","3798784","257340","17156","43543","2193","14170506","0","2193","39212","0","0","0","993841","284044","670","30846","288000","192000","985","7050893","1631","424171","0","2030902","96","0","32000","26308","3762","256917","1","4480","12688","302","1746377","32","30070","30070","128","296210","189028","128","126","1053604","560","160"
"r3","weapon","C","control","7800","21600","32","31","1","31","31","228253","0","124","8314","376197","167","0","2889","39181718","822","2669","70","0","392","0","3831870","267915","17861","45991","2319","14597510","0","2319","40467","0","0","0","1007077","294480","660","30370","148800","279000","1027","7337400","1629","432422","0","2071055","93","0","31000","27271","3388","229195","4","4340","12516","297","1809426","31","30659","30659","124","315413","204169","124","123","1094025","543","155"
"r3","weapon","C","control","8100","21600","32","31","1","31","31","238889","0","124","8382","397948","170","0","3053","41321200","838","2830","71","0","401","0","4055991","284940","18996","47823","2427","15517834","0","2427","42628","0","0","0","1061885","309858","673","29952","93000","111600","987","7829058","1647","457951","0","2173253","93","0","31000","28740","3412","237884","2","4340","12576","298","1904346","31","32152","32152","124","327806","219062","124","124","1149612","555","155"
"r3","weapon","C","control","8400","21600","32","31","1","31","31","251794","0","124","8303","420519","174","0","3219","43457056","861","2990","74","0","410","0","4289672","300960","20064","51243","2610","16460097","0","2610","44626","0","0","0","1119340","329566","689","29526","279000","111600","1025","8329342","1675","490765","0","2311192","93","0","31000","30498","3698","253753","1","4340","12751","304","2025549","31","34196","34196","124","350119","238971","124","124","1216555","569","155"
"r3","weapon","C","control","8700","21600","32","31","1","31","31","257641","0","124","8399","442840","177","0","3392","45787247","873","3150","74","0","417","0","4517326","320580","21372","53391","2708","17419023","0","2708","46890","0","0","0","1178616","347524","699","28888","223200","279000","1007","8837543","1713","512848","0","2414505","93","0","31000","32127","3600","244845","4","4340","12781","304","2136307","31","35727","35727","124","366918","255207","124","124","1289894","576","155"
"r3","weapon","C","control","9000","21600","32","31","1","31","31","269839","0","124","8385","466336","182","0","3564","48002431","893","3325","75","0","425","0","4748116","337740","22516","56723","2893","18366449","0","2893","49087","0","0","0","1236682","363270","713","28784","93000","186000","1048","9354488","1731","544741","0","2516563","93","0","31000","33563","3685","248443","0","4340","12874","307","2234538","31","37248","37248","155","384644","274902","124","124","1338735","589","155"
"r3","weapon","C","control","9300","21600","32","31","1","31","31","279305","0","124","8316","491257","186","0","3737","50458288","919","3492","77","0","433","0","4990839","356910","23794","59899","3054","19382538","0","3054","51548","0","0","0","1304001","385130","727","28372","223200","93000","1097","9879453","1758","572851","0","2666681","93","0","31000","35537","3907","263686","3","4340","12834","303","2368434","31","39444","39444","155","407695","293546","124","124","1422449","605","155"
"r3","weapon","C","control","9600","21600","32","31","1","31","31","290272","0","124","8294","515992","190","0","3894","52986906","941","3649","79","0","442","0","5229161","377490","25166","61989","3169","20400690","0","3169","54040","0","0","0","1367987","402024","742","28122","279000","260400","1089","10411584","1789","602234","0","2773951","93","0","31000","37099","3964","269579","1","4340","12747","305","2472909","31","41063","41063","155","421370","311962","124","124","1480768","620","155"
"r3","weapon","C","control","9900","21600","32","30","2","30","30","291245","0","120","7832","540858","184","0","3907","53503747","919","3661","78","0","435","0","5359832","381240","25416","62227","3203","20650859","0","3203","54066","0","0","0","1389322","407424","727","27304","90000","252000","1088","10602747","1740","606912","0","2787154","90","0","30000","37588","3646","250525","0","4200","12434","295","2504888","30","41234","41234","150","430976","315667","120","120","1498741","608","150"
"r3","weapon","C","control","10200","21600","32","30","2","30","30","300581","0","120","7812","566695","186","0","4053","56122860","934","3811","79","0","443","0","5614360","400560","26704","64996","3345","21681107","0","3345","56706","0","0","0","1455148","425416","738","26798","144000","90000","1096","11129218","1753","631930","0","2929505","90","0","30000","39224","4129","279495","1","4200","12339","298","2615619","30","43353","43353","150","447527","331349","120","120","1570553","618","150"
"r3","weapon","C","control","10500","21600","32","30","2","30","30","316893","0","120","7768","593727","191","0","4206","58467159","946","3962","79","0","449","0","5864326","419355","27957","67778","3491","22704440","0","3491","59002","0","0","0","1519458","443394","749","26466","270000","180000","1096","11656024","1758","669402","0","3035962","90","0","30000","40873","4047","278814","5","4200","12300","292","2726422","30","44920","44920","150","467783","352509","120","120","1619963","625","150"
"r3","weapon","C","control","10800","21600","32","30","2","30","30","320058","0","120","7704","621198","192","0","4357","60905622","961","4119","81","0","460","0","6122106","437310","29154","70974","3642","23746759","0","3642","61288","0","0","0","1585635","465518","763","25616","144000","270000","1088","12183247","1756","690274","0","3141167","90","0","30000","42883","3598","244454","0","4200","12433","297","2861624","30","46481","46481","180","493579","370216","120","120","1712860","637","150"
"r3","weapon","C","control","11100","21600","32","30","2","30","30","333279","0","120","7767","647607","195","0","4518","63447132","972","4277","82","0","466","0","6363671","456945","30463","73663","3793","25161207","0","3793","63799","0","0","0","1691111","484972","773","25292","90000","108000","1065","12710330","1759","721230","0","3443585","90","0","30000","44716","6233","424901","7","4200","12277","294","2983118","60","50949","50949","180","511482","387951","120","120","1785972","644","150"
"r3","weapon","C","control","11400","21600","32","30","2","30","30","350315","0","120","7646","673525","199","0","4681","66359169","988","4422","83","0","473","0","6600733","472755","31517","79867","4158","26788642","0","4158","67479","0","0","0","1804949","516322","785","24264","270000","108000","1030","13237033","1756","771757","0","3667945","90","0","30000","47708","6535","450103","6","4200","12204","291","3175797","60","54243","54243","180","552296","421442","120","120","1893789","654","150"
"r3","weapon","C","control","11700","21600","32","29","3","29","29","331537","0","116","7317","682666","192","0","4850","67199240","972","4578","82","0","469","0","6400569","475935","31729","84321","4398","27430195","0","4398","70256","0","0","0","1809678","531648","772","22274","208800","261000","937","13330756","1695","781840","0","3754180","87","0","29000","49076","6419","437304","7","4060","11624","275","3272396","58","55495","55495","174","581024","450303","116","116","1954012","647","145"
"r3","weapon","C","control","12000","21600","32","29","3","29","29","343206","0","116","7154","706359","194","0","5014","70468621","990","4745","82","0","482","0","6608182","490515","32701","91108","4801","29167887","0","4801","75045","0","0","0","1922020","563052","787","21584","87000","174000","962","13839296","1693","830379","0","4041479","87","0","29000","52041","7682","530413","7","4060","11591","276","3466543","58","59723","59723","174","620697","487173","116","116","2059990","663","145"
"r3","weapon","C","control","12300","21600","32","29","3","29","29","351917","0","116","7004","729497","195","0","5191","73861750","1005","4910","82","0","492","0","6813455","504870","33658","100348","5274","30980374","0","5274","80162","0","0","0","2030231","605570","798","19622","208800","87000","927","14347092","1688","876978","0","4251945","87","0","29000","55912","6959","470751","5","4060","11441","273","3725455","58","62871","62871","174","675266","525061","116","116","2228950","677","145"
"r3","weapon","C","control","12600","21600","32","28","4","28","28","340879","0","112","6713","582357","188","0","5351","74550848","983","5082","81","0","487","0","6537153","507165","33811","107110","5650","31396050","0","5650","82683","0","0","0","2018371","615122","784","18862","252000","235200","942","14370172","1628","902542","0","4300545","84","0","28000","56880","6757","464702","1","3920","11128","265","3783941","56","63637","63637","196","703781","561663","112","112","2229520","665","140"
"r3","weapon","C","control","12900","21600","32","26","6","26","26","318591","0","104","5802","487424","175","0","5233","72010615","921","4958","77","0","460","0","6155465","477600","31840","110456","5760","30498535","0","5760","80794","0","0","0","1952541","603684","738","17660","78000","218400","804","13800749","1503","885506","0","4238208","78","0","26000","55781","6894","474784","1","3640","10031","238","3712503","52","62675","62675","182","711404","566915","104","104","2166514","624","130"
"r3","weapon","C","control","13200","21600","32","26","6","26","26","325422","0","104","5880","502701","176","0","5406","75287480","930","5120","78","0","465","0","6308464","492375","32825","118188","6148","32217763","0","6148","85632","0","0","0","2043989","636614","745","16176","124800","78000","785","14251753","1503","927030","0","4435829","78","0","26000","58717","6880","464071","10","3640","10029","238","3917052","52","65597","65597","182","748379","601608","104","104","2296349","630","130"
"r3","weapon","C","control","13500","21600","32","25","7","25","25","305666","0","100","5541","380666","167","0","5580","74070355","906","5285","77","0","458","0","5927974","485685","32379","126710","6582","31858348","0","6582","86805","0","0","0","1949228","641160","727","15762","225000","150000","707","14164021","1435","947645","0","4438188","75","0","25000","59133","6454","443795","2","3500","9291","221","3946652","50","65587","65587","175","765388","641979","100","100","2281360","620","125"
"r3","weapon","C","control","13800","21600","32","24","8","24","24","275876","0","96","5028","386440","162","0","5749","72723685","881","5461","76","0","443","0","5513841","470250","31350","137011","7047","31565742","0","7047","88153","0","0","0","1797639","648990","705","14086","115200","216000","684","14037039","1361","953966","0","4474844","72","0","24000","59785","6325","426107","8","3360","8899","211","3993055","48","66110","66110","168","799926","678090","96","96","2294845","602","120"
"r3","weapon","C","control","14100","21600","32","22","10","22","22","255149","0","88","4795","332058","149","0","5507","68779300","817","5254","67","0","412","0","5125842","434265","28951","124828","6575","29506080","0","6575","83519","0","0","0","1729115","614664","650","13652","66000","79200","653","13291004","1254","906226","0","4220692","66","0","22000","56750","5779","392632","9","3080","8291","197","3779605","44","62529","62529","154","767436","651077","88","88","2154398","565","110"
"r3","weapon","C","control","14400","21600","32","20","12","20","20","219721","0","80","4070","297345","133","0","5248","62507148","743","4993","62","0","379","0","4543048","385545","25703","127111","6638","27467623","0","6638","79242","0","0","0","1454243","575916","594","12590","180000","72000","542","12385422","1124","864487","0","3908362","60","0","20000","53189","4756","324655","0","2800","7009","166","3539207","40","57945","57945","160","752919","644766","80","80","1966301","514","100"
"r3","weapon","C","control","14700","21600","32","19","13","19","19","209113","0","76","4198","284539","132","0","5209","63052697","722","4961","60","0","366","0","4370699","388275","25885","132560","6883","27337907","0","6883","80149","0","0","0","1440118","579352","577","11538","136800","171000","535","12119465","1065","861241","0","3961918","57","0","19000","53489","5323","360010","5","2660","7241","171","3560318","38","58812","58812","152","764960","652128","76","76","1975707","495","95"
"r3","weapon","C","control","15000","21600","32","18","14","18","18","178508","0","72","3895","207475","122","0","5348","60998410","692","5088","58","0","354","0","3841810","378900","25260","141550","7328","26330675","0","7328","80284","0","0","0","1293987","570358","552","11258","54000","108000","490","11809454","1005","864906","0","3884819","54","0","18000","52663","4973","338473","2","2520","6604","156","3505202","36","57636","57636","144","764443","686398","72","72","1916997","479","90"
"r3","weapon","C","control","15300","21600","32","17","15","17","17","151923","0","68","3515","152469","116","0","5352","58251780","663","5096","55","0","338","0","3477701","356520","23768","144602","7483","25138899","0","7483","78668","0","0","0","1195817","559248","526","10188","122400","51000","451","11468582","934","845982","0","3760839","51","0","17000","51618","4198","281508","1","2380","6084","143","3435427","34","55816","55816","136","778165","694059","68","68","1855184","460","85"
"r3","weapon","C","control","15600","21600","32","17","15","17","17","153984","0","68","3741","158088","119","0","5479","60361624","672","5231","55","0","341","0","3551698","367020","24468","152974","7894","26286792","0","7894","81745","0","0","0","1237214","580206","532","9780","153000","142800","508","11751355","942","878792","0","3938526","51","0","17000","53564","4898","334471","9","2380","6411","152","3564690","34","58462","58462","136","806535","724808","68","68","1918728","464","85"
"r3","weapon","C","control","15900","21600","32","16","16","16","16","124996","0","64","3264","151100","114","0","5503","56210349","638","5237","52","0","319","0","3111451","333210","22214","157996","8137","24690863","0","8137","79241","0","0","0","1093960","561478","501","8946","48000","134400","428","11352600","873","861678","0","3773281","48","0","16000","51804","4156","284690","2","2240","5770","137","3449216","32","55960","55960","128","825254","736682","64","64","1801659","437","80"
"r3","weapon","C","control","16200","21600","32","16","16","16","16","128116","0","64","3344","156686","116","0","5615","58133470","646","5346","52","0","322","0","3174015","341730","22782","166352","8562","25745893","0","8562","82482","0","0","0","1124868","582492","506","8328","76800","48000","481","11615990","881","893028","0","3895003","48","0","16000","53690","4094","274504","1","2240","5858","140","3579493","32","57784","57784","144","852198","764912","64","64","1875273","443","80"
"r3","weapon","C","control","16500","21600","32","16","16","16","16","131393","0","64","3474","162633","117","0","5736","60021367","655","5462","52","0","329","0","3246549","351780","23452","177485","9105","26818468","0","9105","85544","0","0","0","1169371","604084","514","7766","144000","96000","492","11877956","867","928779","0","4072218","48","0","16000","55654","4746","323444","2","2240","5937","143","3713378","32","60400","60400","144","884363","797386","64","64","1935632","451","80"
"r3","weapon","C","control","16800","21600","32","15","17","15","15","126917","0","60","3202","168376","109","0","5465","56780890","619","5208","48","0","310","0","3144130","323520","21568","168295","8574","25743803","0","8574","81531","0","0","0","1153139","581160","482","6826","72000","135000","411","11340105","812","887433","0","3881511","45","0","15000","53519","4038","271811","3","2100","5520","130","3571782","30","57557","57557","135","843732","760516","60","60","1878535","429","75"
"r3","weapon","C","control","17100","21600","32","13","19","13","13","110484","0","52","2794","136358","93","0","4805","50659979","546","4594","43","0","272","0","2837631","282465","18831","140962","7310","22621292","0","7310","71293","0","0","0","1062382","513936","421","6630","39000","46800","420","10010246","709","771569","0","3426695","39","0","13000","47414","3501","239180","5","1820","4844","116","3157994","26","50915","50915","117","786131","661085","52","52","1629815","379","65"
"r3","weapon","C","control","17400","21600","32","13","19","13","13","112786","0","52","2709","142012","93","0","4903","52319524","553","4690","43","0","276","0","2912278","287745","19183","148690","7716","23517254","0","7716","73783","0","0","0","1101147","534684","425","5848","117000","46800","419","10222432","702","800064","0","3572576","39","0","13000","49322","3737","254888","4","1820","4951","119","3285265","26","53059","53059","117","826646","687278","52","52","1690978","386","65"
"r3","weapon","C","control","17700","21600","32","13","19","13","13","113483","0","52","2950","148360","94","0","5002","54059568","557","4769","43","0","279","0","2968635","297195","19813","154774","8016","24431089","0","8016","76366","0","0","0","1139946","553572","429","5352","93600","117000","387","10432685","696","824957","0","3682197","39","0","13000","51003","3668","247441","3","1820","5054","119","3402904","26","54671","54671","117","849151","711474","52","52","1760648","389","65"
"r3","weapon","C","control","18000","21600","32","11","21","11","11","108089","0","44","2549","125978","78","0","4137","46889850","473","3938","38","0","239","0","2631210","259200","17280","138331","7180","21250806","0","7180","66013","0","0","0","1008867","479822","366","5140","33000","66000","374","8860736","579","711542","0","3188611","33","0","11000","44321","3127","213616","1","1540","4459","105","2949364","22","47448","47448","110","728300","603453","44","44","1535153","329","55"
"r3","weapon","C","control","18300","21600","32","10","22","10","10","104487","0","40","2244","131767","70","0","3708","42583948","430","3520","32","0","221","0","2519915","232590","15506","128640","6669","19771775","0","6669","59282","0","0","0","969532","442694","333","4518","72000","30000","316","8138560","515","657547","0","2955519","30","0","10000","40884","3026","209130","4","1400","3973","95","2720588","20","43910","43910","100","643306","553060","40","40","1445536","304","50"
"r3","weapon","C","control","18600","21600","32","10","22","10","10","107000","0","40","2278","137323","72","0","3784","43875263","437","3588","32","0","224","0","2565360","239280","15952","134904","6966","20528330","0","6966","61282","0","0","0","998200","456660","338","4292","90000","84000","312","8293296","520","679984","0","3045417","30","0","10000","42181","3045","214539","2","1400","3948","94","2807276","20","45226","45226","100","658248","572984","40","40","1492646","309","50"
"r3","weapon","C","control","18900","21600","32","9","23","9","9","104939","0","36","1924","109194","59","0","3305","39339081","391","3137","29","0","204","0","2432270","207405","13827","122458","6276","18711248","0","6276","55353","0","0","0","936265","414422","301","3742","27000","75600","301","7461816","443","614835","0","2752621","27","0","9000","38237","2582","179578","0","1260","3497","83","2547962","18","40819","40819","90","591121","509896","36","36","1367087","283","45"
"r3","weapon","C","control","19200","21600","32","8","24","8","8","104133","0","32","1822","113704","51","0","2916","37345205","351","2772","27","0","189","0","2336861","197745","13183","115562","5961","18114713","0","5961","51749","0","0","0","920324","392722","275","3536","38400","24000","248","6757919","387","566561","0","2620515","24","0","8000","36230","2657","180783","0","1120","3151","75","2414443","16","38887","38887","80","562236","462428","32","32","1310935","257","40"
"r3","weapon","C","control","19500","21600","32","8","24","8","8","107741","0","32","1820","117252","51","0","2972","38316327","355","2822","27","0","191","0","2378115","202620","13508","121709","6251","18759968","0","6251","53201","0","0","0","945790","404062","277","3298","72000","48000","250","6873588","385","584887","0","2694230","24","0","8000","37259","2686","184944","1","1120","3123","73","2484767","16","39945","39945","80","580504","477146","32","32","1343895","261","40"
"r3","weapon","C","control","19800","21600","32","8","24","8","8","108159","0","32","1839","121755","53","0","3027","39413043","360","2866","27","0","193","0","2419900","207030","13802","129124","6600","19411334","0","6600","54788","0","0","0","973534","418498","281","2874","38400","72000","258","6988412","380","597597","0","2765931","24","0","8000","38575","2432","164989","0","1120","3236","76","2572998","16","41007","41007","88","601343","489438","32","32","1402002","263","40"
"r3","weapon","C","control","20100","21600","32","8","24","8","8","110508","0","32","1843","125679","53","0","3088","40427397","362","2915","27","0","195","0","2460952","212580","14172","135064","6891","20106524","0","6891","56353","0","0","0","1007342","429176","283","2680","24000","28800","264","7103259","385","613607","0","2864411","24","0","8000","39591","2910","198564","1","1120","3191","78","2638697","16","42501","42501","88","613959","503099","32","32","1438281","265","40"
"r3","weapon","C","control","20400","21600","32","8","24","8","8","113564","0","32","1819","130271","53","0","3141","41378553","366","2965","28","0","196","0","2501906","216180","14412","143159","7276","20803347","0","7276","58010","0","0","0","1039848","442620","285","2474","72000","28800","245","7217980","375","631773","0","2938049","24","0","8000","40807","2798","186427","0","1120","3190","76","2721105","16","43605","43605","88","638883","518209","32","32","1480966","266","40"
"r3","weapon","C","control","20700","21600","32","5","27","5","5","33045","0","20","1206","53955","30","0","2232","24703634","232","2126","17","0","125","0","1209013","122985","8199","96309","4951","12382691","0","4951","38968","0","0","0","464770","283446","177","1970","36000","45000","142","4624567","240","414377","0","1860104","15","0","5000","26031","1514","97505","1","700","2042","49","1744003","10","27545","27545","55","453812","381332","20","20","894410","174","25"
"r3","weapon","C","control","21000","21600","32","5","27","5","5","33166","0","20","1207","56159","31","0","2271","25286670","235","2161","17","0","127","0","1228725","125610","8374","100633","5158","12776636","0","5158","39910","0","0","0","479171","290774","180","1932","15000","30000","131","4695854","235","424945","0","1924584","15","0","5000","26723","1764","116909","0","700","2004","48","1789004","10","28487","28487","55","469327","391779","20","20","913403","176","25"
"r3","weapon","C","control","21300","21600","32","5","27","5","5","33264","0","20","1207","58404","31","0","2312","25897603","236","2194","17","0","128","0","1245399","127920","8528","104157","5331","13186999","0","5331","40968","0","0","0","490699","301032","181","1614","36000","15000","143","4767345","239","434971","0","1973239","15","0","5000","27636","1559","102354","0","700","2071","49","1851987","10","29195","29195","55","489117","401707","20","20","946797","177","25"
"r3","weapon","C","control","21600","21600","32","5","27","5","5","33292","0","20","1205","60643","32","0","2354","26516544","237","2235","17","0","128","0","1264183","131355","8757","108363","5531","13591948","0","5531","41977","0","0","0","502012","308516","182","1422","45000","42000","153","4839016","236","445465","0","2020463","15","0","5000","28328","1567","105663","1","700","2100","50","1898215","10","29895","29895","60","501057","412173","20","20","968278","177","25"
"r3","weapon","C","interception-off","0","21600","32","32","0","32","32","0","0","128","2880","0","0","0","0","0","0","0","0","0","0","0","0","0","0","0","0","0","0","0","0","0","0","0","0","0","32","57600","192000","192000","192","0","192","0","0","0","96","0","32000","0","0","0","0","4480","2880","64","0","32","0","0","0","0","0","128","32","0","32","160"
"r3","weapon","C","interception-off","300","21600","32","32","0","32","32","1236","0","128","2866","0","1","0","0","202295","5","0","0","0","2","0","51808","0","0","0","171","97756","0","0","86","0","0","0","1740","556","35","56680","230400","96000","224","61440","224","1236","0","43442","96","0","32000","61","579","38608","20","4480","3094","64","3473","32","640","640","0","1899","0","128","33","1699","36","160"
"r3","weapon","C","interception-off","600","21600","32","32","0","32","32","5863","0","128","2830","765","19","0","11","624459","85","0","10","0","34","0","116979","960","64","0","478","295810","0","0","549","0","7","0","15943","2528","95","53862","288000","268800","278","138410","292","5949","0","76018","96","0","32000","272","848","56487","24","4480","3359","64","15812","32","1120","1120","0","6483","86","128","55","7099","80","160"
"r3","weapon","C","interception-off","900","21600","32","32","0","32","32","11093","0","128","2640","2106","23","0","41","1243341","127","8","12","0","63","0","192128","1530","102","0","1142","531136","0","0","1347","0","12","0","24839","5774","130","51270","96000","268800","332","235062","344","11653","0","108223","96","0","32000","602","998","64663","19","4480","3482","65","36073","32","1600","1600","0","11914","560","128","68","19993","116","160"
"r3","weapon","C","interception-off","1200","21600","32","32","0","32","32","18119","0","128","2671","5964","34","0","78","2160415","188","37","17","0","91","0","281385","3525","235","0","1775","790363","0","0","2581","0","15","0","39206","10754","174","50146","153600","96000","383","352404","415","19502","0","151934","96","0","32000","1083","1171","74701","9","4480","3837","83","66973","32","2254","2254","0","18063","1383","128","81","39668","155","160"
"r3","weapon","C","interception-off","1500","21600","32","32","0","32","32","25014","0","128","3246","12564","43","0","118","3190988","240","74","19","0","123","0","383791","8565","571","0","2707","1065892","0","0","3654","0","15","0","52990","15826","217","48972","288000","192000","448","487810","486","27436","0","187568","96","0","32000","1594","1207","79341","14","4480","4731","103","97203","32","2801","2801","0","24221","2422","128","93","56570","192","160"
"r3","weapon","C","interception-off","1800","21600","32","32","0","32","32","30066","0","128","3848","20932","54","0","158","4284653","279","117","22","0","143","0","499256","14145","943","0","3290","1369909","0","0","4763","0","15","0","70543","22428","251","47556","153600","288000","463","639338","518","33277","0","228816","96","0","32000","2241","1166","77525","5","4480","5629","123","137226","32","3407","3407","32","31278","3211","128","102","86736","214","160"
"r3","weapon","C","interception-off","2100","21600","32","32","0","32","32","42276","0","128","4820","32361","61","0","212","5466740","328","155","29","0","165","0","624476","21840","1456","0","3753","1722619","0","0","5899","0","16","0","92489","29328","287","46502","96000","115200","500","808394","586","46693","0","298831","96","0","32000","2863","1584","107875","9","4480","6784","151","180030","32","4447","4447","32","36788","4417","128","104","107475","244","160"
"r3","weapon","C","interception-off","2400","21600","32","32","0","32","32","54675","0","128","5882","43293","73","0","287","6697033","379","202","35","0","185","0","751512","30240","2016","0","4896","2108373","0","0","7080","0","16","0","114033","38622","325","45734","288000","115200","548","995925","666","61284","0","358812","96","0","32000","3735","1583","109448","3","4480","8097","187","236415","32","5318","5318","32","45610","6609","128","107","142470","271","160"
"r3","weapon","C","interception-off","2700","21600","32","32","0","32","32","59795","0","128","6992","54144","79","0","385","8027313","413","278","37","0","201","0","880431","39810","2654","0","5948","2553786","0","0","8451","0","17","0","143959","47226","349","43980","230400","288000","581","1204138","721","70222","0","421823","96","0","32000","4537","1748","117043","9","4480","9407","223","289696","32","6285","6285","32","54998","10427","128","108","179560","292","160"
"r3","weapon","C","interception-off","3000","21600","32","32","0","32","32","70740","0","128","7704","68000","84","0","489","9394917","448","376","41","0","221","0","1018103","49635","3309","0","6881","3053589","0","0","9742","0","17","0","182308","57294","378","43090","96000","192000","604","1432979","786","85371","0","518619","96","0","32000","5493","2214","152230","8","4480","10339","245","351924","32","7707","7707","32","64318","14631","128","116","216700","317","160"
"r3","weapon","C","interception-off","3300","21600","32","32","0","32","32","79451","0","128","8106","83467","90","0","596","11050758","479","480","43","0","240","0","1162996","60945","4063","0","8596","3604834","0","0","11397","0","19","0","224598","69724","405","42198","230400","96000","657","1680416","861","99256","0","595064","96","0","32000","6664","2165","149522","3","4480","10971","259","426946","32","8829","8829","32","75595","19805","128","118","270691","340","160"
"r3","weapon","C","interception-off","3600","21600","32","32","0","32","32","91685","0","128","8310","99609","96","0","711","12732752","508","580","45","0","257","0","1314320","73905","4927","0","9748","4188368","0","0","13093","0","20","0","267101","80336","430","41230","288000","268800","655","1946041","905","117025","0","671738","96","0","32000","7650","2326","159401","10","4480","11272","267","492659","32","9976","9976","64","85841","25340","128","118","309471","359","160"
"r3","weapon","C","interception-off","3900","21600","32","32","0","32","32","100260","0","128","8295","116026","101","0","824","14406813","543","693","47","0","274","0","1481693","84285","5619","0","11998","4826986","0","0","14762","0","22","0","315924","94894","454","40070","96000","268800","732","2232351","982","131883","0","787099","96","0","32000","9023","2659","187559","4","4480","11526","272","580989","32","11682","11682","64","99693","31623","128","119","367964","383","160"
"r3","weapon","C","interception-off","4200","21600","32","32","0","32","32","114374","0","128","8471","131239","106","0","937","16322119","573","799","51","0","287","0","1656790","98730","6582","0","13459","5509225","0","0","16690","0","22","0","369536","108878","476","39066","153600","96000","792","2536537","1050","153068","0","875135","96","0","32000","10274","2693","186076","12","4480","11667","275","667897","32","12967","12967","64","110861","38694","128","122","425130","401","160"
"r3","weapon","C","interception-off","4500","21600","32","32","0","32","32","133172","0","128","8539","146614","111","0","1050","18251803","599","916","54","0","302","0","1844040","113115","7541","0","15287","6198271","0","0","18571","0","22","0","422582","122582","499","38006","288000","192000","800","2857781","1089","179399","0","962823","96","0","32000","11505","2754","189390","13","4480","11849","281","753120","32","14259","14259","64","122594","46227","128","123","471440","418","160"
"r3","weapon","C","interception-off","4800","21600","32","32","0","32","32","137885","0","128","8505","163763","117","0","1183","20421440","631","1039","58","0","315","0","2037053","126630","8442","0","16852","6931768","0","0","20703","0","22","0","477345","139622","522","36942","153600","288000","801","3197822","1155","193353","0","1081180","96","0","32000","13108","2913","197579","9","4480","12019","284","857067","32","16021","16021","64","140179","55468","128","123","550069","437","160"
"r3","weapon","C","interception-off","5100","21600","32","32","0","32","32","152135","0","128","8632","181657","118","0","1326","22418002","654","1157","61","0","330","0","2224018","141030","9402","0","18553","7668116","0","0","22635","0","22","0","528144","153332","541","36232","96000","115200","829","3556488","1233","217683","0","1171098","96","0","32000","14376","2957","202007","7","4480","12243","292","941878","32","17333","17333","64","151528","65548","128","124","599880","456","160"
"r3","weapon","C","interception-off","5400","21600","32","31","1","31","31","160519","0","124","8329","192040","115","0","1465","23350467","658","1295","61","0","336","0","2312532","148170","9878","0","19393","8079090","0","0","23728","0","22","0","551691","164856","543","35666","279000","111600","829","3823196","1242","237921","0","1216923","93","0","31000","15404","2605","179891","1","4340","11904","282","1012076","31","18009","18009","93","163394","77402","124","122","635717","465","155"
"r3","weapon","C","interception-off","5700","21600","32","31","1","31","31","167507","0","124","8380","209533","120","0","1606","25598943","680","1436","62","0","344","0","2515083","164760","10984","0","20904","8847297","0","0","25764","0","22","0","610736","179428","557","34940","223200","279000","865","4208304","1305","255095","0","1344384","93","0","31000","16710","3168","213136","1","4340","12102","287","1102973","31","19878","19878","93","176941","87588","124","122","699212","479","155"
"r3","weapon","C","interception-off","6000","21600","32","31","1","31","31","180936","0","124","8357","227893","126","0","1747","27527753","707","1565","63","0","356","0","2719593","178950","11930","0","22589","9628078","0","0","27678","0","22","0","666444","193984","576","34706","93000","186000","954","4610871","1381","279956","0","1437743","93","0","31000","18079","3191","218096","2","4340","12110","286","1192568","31","21270","21270","93","189034","99020","124","122","750657","496","155"
"r3","weapon","C","interception-off","6300","21600","32","31","1","31","31","192384","0","124","8321","245450","129","0","1883","29720753","728","1703","64","0","368","0","2938257","193620","12908","0","24586","10430981","0","0","29831","0","22","0","726452","213274","592","33646","223200","93000","930","5030510","1410","302630","0","1530786","93","0","31000","19837","2823","192463","4","4340","12212","292","1309650","31","22660","22660","93","206331","110246","124","123","829362","512","155"
"r3","weapon","C","interception-off","6600","21600","32","31","1","31","31","207085","0","124","8380","260004","134","0","2034","32026988","746","1844","67","0","373","0","3156827","211920","14128","0","25963","11246206","0","0","31792","0","22","0","784562","227810","605","33238","279000","260400","945","5464993","1466","330121","0","1660246","93","0","31000","21182","3373","232415","2","4340","12353","294","1399690","31","24555","24555","93","218922","123036","124","123","878788","520","155"
"r3","weapon","C","interception-off","6900","21600","32","31","1","31","31","215079","0","124","8281","274623","138","0","2181","33945561","769","1982","67","0","386","0","3379447","225675","15045","0","28214","12077975","0","0","33613","0","22","0","843788","245168","622","32732","93000","260400","977","5913491","1521","355189","0","1756509","93","0","31000","22794","3166","221603","1","4340","12416","296","1505482","31","25960","25960","93","237497","140110","124","123","942220","536","155"
"r3","weapon","C","interception-off","7200","21600","32","31","1","31","31","228783","0","124","8375","287825","140","0","2339","36153259","787","2127","68","0","396","0","3601819","243375","16225","0","29851","12941143","0","0","35559","0","22","0","904566","261724","635","32464","148800","93000","956","6374478","1546","383111","0","1850727","93","0","31000","24260","3113","210062","3","4340","12566","298","1607871","31","27373","27373","124","249350","154328","124","123","1008204","550","155"
"r3","weapon","C","interception-off","7500","21600","32","31","1","31","31","245101","0","124","8390","300635","146","0","2495","38351977","817","2282","69","0","410","0","3827976","261945","17463","0","31693","13823006","0","0","37478","0","22","0","966240","278672","656","32132","279000","186000","1001","6847241","1590","416081","0","1986665","93","0","31000","25750","3670","244144","0","4340","12594","299","1713308","31","29420","29420","124","264089","170980","124","123","1062351","570","155"
"r3","weapon","C","interception-off","7800","21600","32","31","1","31","31","250408","0","124","8309","313817","148","0","2646","40753559","831","2438","70","0","415","0","4063472","279630","18642","0","33457","14721386","0","0","39719","0","22","0","1025797","298646","664","31622","148800","279000","1068","7330909","1633","437368","0","2092529","93","0","31000","27602","3347","224426","2","4340","12655","302","1834188","31","30949","30949","124","283704","186960","124","123","1147031","578","155"
"r3","weapon","C","interception-off","8100","21600","32","31","1","31","31","262630","0","124","8378","327538","154","0","2799","43092193","854","2589","71","0","424","0","4303136","297585","19839","0","34978","15640146","0","0","41905","0","22","0","1086525","313992","680","31280","93000","111600","1021","7824110","1653","465556","0","2193151","93","0","31000","29050","3406","229890","5","4340","12813","305","1929140","31","32456","32456","124","295745","202926","124","123","1201960","590","155"
"r3","weapon","C","interception-off","8400","21600","32","31","1","31","31","275963","0","124","8324","342123","155","0","2958","45410016","874","2737","72","0","436","0","4540229","313995","20933","0","37926","16574405","0","0","44141","0","22","0","1144660","333950","694","30630","279000","111600","1058","8327715","1691","498340","0","2335206","93","0","31000","30826","3699","250474","3","4340","12992","310","2051480","31","34525","34525","124","315606","222377","124","123","1270786","607","155"
"r3","weapon","C","interception-off","8700","21600","32","31","1","31","31","283047","0","124","8378","355759","158","0","3130","47946844","892","2890","76","0","443","0","4773508","335115","22341","0","39551","17530194","0","0","46557","0","22","0","1204999","352058","708","29932","223200","279000","978","8839813","1722","521871","0","2439842","93","0","31000","32453","3632","240597","1","4340","12955","311","2163424","31","36085","36085","124","331429","238824","124","123","1345945","615","155"
"r3","weapon","C","interception-off","9000","21600","32","31","1","31","31","293798","0","124","8354","368899","163","0","3308","50250563","906","3065","77","0","449","0","4991273","352725","23515","0","41307","18470338","0","0","48736","0","22","0","1262567","369134","720","29756","93000","186000","1024","9359951","1746","555628","0","2544202","93","0","31000","34030","3586","239654","0","4340","13107","312","2269843","31","37616","37616","155","348129","261830","124","123","1400791","622","155"
"r3","weapon","C","interception-off","9300","21600","32","30","2","30","30","285394","0","120","8003","382074","155","0","3477","50561105","891","3232","80","0","445","0","4939687","358710","23914","0","41356","18699451","0","0","49502","0","21","0","1262042","377248","710","29100","216000","90000","996","9598670","1721","565518","0","2598967","90","0","30000","34707","3735","241827","3","4200","12650","301","2319208","30","38442","38442","150","357991","280124","120","119","1433631","617","150"
"r3","weapon","C","interception-off","9600","21600","32","30","2","30","30","297674","0","120","8110","397249","160","0","3641","53059988","909","3399","81","0","452","0","5153251","379665","25311","0","42820","19654246","0","0","52038","0","21","0","1319003","393714","723","28654","270000","252000","1007","10118979","1748","596558","0","2704973","90","0","30000","36241","3786","249389","2","4200","12802","305","2420489","30","40027","40027","150","371660","298884","120","119","1487366","628","150"
"r3","weapon","C","interception-off","9900","21600","32","30","2","30","30","304441","0","120","7963","413302","164","0","3813","55344856","919","3566","81","0","457","0","5375841","395415","26361","0","44422","20606957","0","0","54612","0","21","0","1371732","413160","732","28042","90000","252000","1003","10645422","1760","624734","0","2812686","90","0","30000","38041","3565","237469","1","4200","12908","306","2538819","30","41606","41606","150","395213","320293","120","119","1555270","634","150"
"r3","weapon","C","interception-off","10200","21600","32","30","2","30","30","313860","0","120","8084","429494","170","0","3964","58048890","937","3722","82","0","464","0","5604404","416430","27762","0","46112","21608701","0","0","57319","0","21","0","1430360","431604","746","27602","144000","90000","1027","11173665","1762","651389","0","2961816","90","0","30000","39716","4061","271075","0","4200","12982","310","2653005","30","43777","43777","150","410079","337529","120","119","1629273","642","150"
"r3","weapon","C","interception-off","10500","21600","32","30","2","30","30","326952","0","120","8084","447127","172","0","4113","60408409","950","3870","83","0","473","0","5825602","436515","29101","0","47906","22613687","0","0","59644","0","21","0","1489180","449728","758","27328","270000","180000","1003","11702505","1765","687613","0","3069694","90","0","30000","41380","4016","268066","0","4200","12969","309","2765156","30","45396","45396","150","428803","360661","120","119","1685212","652","150"
"r3","weapon","C","interception-off","10800","21600","32","30","2","30","30","331330","0","120","8008","464061","174","0","4269","63003337","967","4031","83","0","483","0","6052389","456495","30433","0","49580","23617234","0","0","62228","0","21","0","1548927","472544","770","26744","144000","270000","1037","12232185","1766","712021","0","3178415","90","0","30000","43452","3558","232969","0","4200","13184","315","2904657","30","47010","47010","180","451546","380691","120","119","1781879","667","150"
"r3","weapon","C","interception-off","11100","21600","32","30","2","30","30","342479","0","120","8087","481171","176","0","4412","65715282","986","4179","84","0","492","0","6281744","477990","31866","0","51542","25008441","0","0","64887","0","21","0","1641737","493514","782","26440","90000","108000","1029","12762189","1769","744949","0","3494962","90","0","30000","45449","6171","418295","9","4200","13182","312","3034791","60","51620","51620","180","468999","402470","120","120","1862719","680","150"
"r3","weapon","C","interception-off","11400","21600","32","29","3","29","29","335138","0","116","7744","400715","168","0","4568","65883041","970","4321","84","0","486","0","6101982","479040","31936","0","54026","25416617","0","0","66879","0","21","0","1622387","507470","767","25166","261000","104400","937","12876189","1709","774633","0","3598575","87","0","29000","46825","6316","433320","1","4060","12613","300","3121386","58","53141","53141","174","500671","439495","116","116","1889951","670","145"
"r3","weapon","C","interception-off","11700","21600","32","29","3","29","29","341406","0","116","7796","414343","175","0","4702","69454717","992","4463","84","0","496","0","6310246","499800","33320","0","57201","27121794","0","0","71916","0","21","0","1727768","541294","784","23182","208800","261000","950","13388889","1709","810566","0","3819132","87","0","29000","49948","6479","437052","8","4060","12560","300","3331102","58","56427","56427","174","534360","469160","116","116","2037154","684","145"
"r3","weapon","C","interception-off","12000","21600","32","27","5","27","27","305667","0","108","7058","387266","164","0","4847","68049239","950","4611","82","0","473","0","5643582","491115","32741","0","58050","26601092","0","0","72704","0","21","0","1614772","537686","746","22460","81000","162000","844","12996189","1589","814640","0","3849588","81","0","27000","49656","7209","491278","2","3780","11812","280","3310536","54","56865","56865","162","558213","508973","108","108","1985457","653","135"
"r3","weapon","C","interception-off","12300","21600","32","26","6","26","26","307719","0","104","6656","398984","160","0","4780","69431748","928","4563","79","0","463","0","5718159","490485","32699","0","60234","27235014","0","0","73906","0","20","0","1679024","555404","728","20982","187200","78000","828","12973128","1529","819183","0","3901036","78","0","26000","51320","6365","428081","7","3640","11409","269","3415585","52","57685","57685","156","580478","511464","104","104","2073294","640","130"
"r3","weapon","C","interception-off","12600","21600","32","26","6","26","26","316870","0","104","6776","410639","161","0","4916","72749548","943","4697","80","0","473","0","5891449","508650","33910","0","64019","28910213","0","0","78473","0","20","0","1770837","584754","740","20446","234000","218400","823","13431828","1529","863796","0","4098690","78","0","26000","54135","6472","446845","3","3640","11427","274","3594824","52","60607","60607","182","612238","546926","104","104","2175811","653","130"
"r3","weapon","C","interception-off","12900","21600","32","26","6","26","26","326394","0","104","6416","422246","164","0","5046","75796494","959","4831","81","0","480","0","6070624","520530","34702","0","70104","30676661","0","0","83009","0","21","0","1863855","621230","751","18364","78000","218400","842","13890555","1530","909643","0","4380651","78","0","26000","57525","7272","501047","1","3640","11490","274","3817297","52","64797","64797","182","663938","583249","104","104","2306023","663","130"
"r3","weapon","C","interception-off","13200","21600","32","24","8","24","24","290511","0","96","5990","361489","154","0","5037","70143092","890","4813","74","0","445","0","5425648","471315","31421","0","71151","29198395","0","0","81675","0","18","0","1729279","597156","697","17436","115200","72000","694","13297425","1413","890748","0","4166953","72","0","24000","55232","6486","436627","9","3360","9988","234","3670899","48","61718","61718","168","654884","600237","96","96","2184694","615","120"
"r3","weapon","C","interception-off","13500","21600","32","23","9","23","23","272190","0","92","5669","362583","151","0","5140","68918894","867","4938","72","0","430","0","5048127","460320","30688","0","75246","29053579","0","0","82901","0","17","0","1667638","600382","676","16914","207000","138000","723","13178625","1353","911348","0","4153264","69","0","23000","55526","5982","406081","2","3220","9543","228","3691424","46","61508","61508","161","684304","639158","92","92","2151531","596","115"
"r3","weapon","C","interception-off","13800","21600","32","22","10","22","22","264991","0","88","5169","318570","144","0","5065","68892819","835","4868","70","0","419","0","4951744","454515","30301","0","78223","29214536","0","0","83781","0","17","0","1675238","607058","655","15456","105600","198000","666","13017120","1293","913181","0","4201465","66","0","22000","56107","6158","411568","5","3080","9224","220","3730515","44","62265","62265","154","696472","648190","88","88","2180244","577","110"
"r3","weapon","C","interception-off","14100","21600","32","22","10","22","22","276280","0","88","5398","329267","146","0","5166","71613535","850","4966","71","0","428","0","5081367","470430","31362","0","82454","30767971","0","0","87778","0","18","0","1754253","634288","667","15128","66000","79200","656","13405080","1294","959248","0","4377056","66","0","22000","58703","6146","423225","6","3080","9229","218","3897196","44","64849","64849","154","718551","682968","88","88","2276032","588","110"
"r3","weapon","C","interception-off","14400","21600","32","22","10","22","22","284286","0","88","5030","340063","147","0","5263","74186618","854","5072","71","0","431","0","5216467","480960","32064","0","89645","32319882","0","0","91611","0","18","0","1829147","665574","671","14064","198000","79200","678","13793280","1294","1004028","0","4549689","66","0","22000","61553","5826","399557","1","3080","9193","221","4088281","44","67379","67379","176","761653","719742","88","88","2384451","591","110"
"r3","weapon","C","interception-off","14700","21600","32","22","10","22","22","290086","0","88","5216","351499","154","0","5382","77039928","873","5178","71","0","438","0","5352159","497235","33149","0","94822","33966911","0","0","95690","0","18","0","1910326","697674","685","12784","158400","198000","642","14181638","1297","1044431","0","4797606","66","0","22000","64436","6619","449823","7","3080","9266","220","4287494","44","71055","71055","176","796312","754345","88","88","2507040","599","110"
"r3","weapon","C","interception-off","15000","21600","32","20","12","20","20","246391","0","80","4716","300229","136","0","5340","71450727","793","5148","67","0","403","0","4583530","460620","30708","0","91782","31411446","0","0","91296","0","13","0","1646202","655628","626","12146","60000","120000","573","13304908","1177","1003624","0","4496392","60","0","20000","60558","6010","409910","2","2800","8356","200","4031351","40","66568","66568","160","791236","757233","80","80","2291622","548","100"
"r3","weapon","C","interception-off","15300","21600","32","20","12","20","20","253054","0","80","4634","310595","139","0","5437","73977911","804","5246","67","0","408","0","4694341","472620","31508","0","97560","32902667","0","0","95185","0","13","0","1712191","689008","634","11090","144000","60000","557","13658008","1177","1043313","0","4662630","60","0","20000","63548","5480","366436","2","2800","8264","197","4235534","40","69028","69028","160","829757","790259","80","80","2423124","556","100"
"r3","weapon","C","interception-off","15600","21600","32","20","12","20","20","261366","0","80","4771","321974","140","0","5525","76977445","817","5358","67","0","415","0","4814657","488685","32579","0","102058","34434347","0","0","98936","0","13","0","1785338","715680","642","10630","180000","168000","625","14011108","1177","1086716","0","4883704","60","0","20000","66017","6317","427945","2","2800","8655","207","4400164","40","72334","72334","160","857043","825350","80","80","2512000","567","100"
"r3","weapon","C","interception-off","15900","21600","32","18","14","18","18","209622","0","72","4108","159365","119","0","5290","68481835","736","5118","60","0","382","0","4065505","421470","28098","0","96525","31005882","0","0","91907","0","11","0","1521913","660668","579","9466","54000","151200","492","12925809","1057","1005343","0","4455752","54","0","18000","60893","5077","344679","0","2520","7390","174","4060942","36","65970","65970","144","840922","795721","72","72","2264808","520","90"
"r3","weapon","C","interception-off","16200","21600","32","18","14","18","18","216019","0","72","4158","166044","120","0","5373","70852603","745","5203","60","0","387","0","4156598","433410","28894","0","101118","32350461","0","0","95321","0","11","0","1585710","685448","585","8664","86400","54000","502","13242909","1057","1042129","0","4605749","54","0","18000","63117","5043","337263","1","2520","7367","174","4215629","36","68160","68160","162","864748","826110","72","72","2361609","528","90"
"r3","weapon","C","interception-off","16500","21600","32","16","16","16","16","211957","0","64","3584","173461","106","0","4663","64058630","664","4519","51","0","349","0","4001940","386280","25752","0","88569","29334804","0","0","83456","0","8","0","1560979","620440","522","8242","144000","96000","447","11964723","937","941339","0","4206252","48","0","16000","57098","5066","343613","0","2240","6276","149","3817819","32","62164","62164","144","780844","729382","64","64","2140456","478","80"
"r3","weapon","C","interception-off","16800","21600","32","14","18","14","14","196368","0","56","2906","141018","92","0","4087","57397096","582","3967","46","0","307","0","3770948","335970","22398","0","74492","26560349","0","0","72986","0","6","0","1495693","556368","459","7214","67200","126000","416","10666771","817","832765","0","3732277","42","0","14000","51127","4086","269836","13","1960","5329","126","3422310","28","55213","55213","126","693167","636397","56","56","1936509","420","70"
"r3","weapon","C","interception-off","17100","21600","32","14","18","14","14","201009","0","56","3004","147207","93","0","4146","59181998","586","4028","46","0","309","0","3852319","345330","23022","0","77211","27636906","0","0","75556","0","6","0","1559072","574258","462","6972","42000","50400","417","10911871","817","860628","0","3848435","42","0","14000","52832","4083","276917","1","1960","5393","126","3532357","28","56915","56915","126","712259","659619","56","56","1998631","423","70"
"r3","weapon","C","interception-off","17400","21600","32","12","20","12","12","146175","0","48","2233","153001","77","0","3826","50966210","504","3727","41","0","269","0","3069844","293175","19545","0","70693","24092688","0","0","67171","0","6","0","1272815","509052","399","6188","108000","43200","341","9633136","697","771165","0","3402665","36","0","12000","46782","3529","238484","3","1680","4217","99","3131276","24","50311","50311","108","676273","624990","48","48","1716743","366","60"
"r3","weapon","C","interception-off","17700","21600","32","11","21","11","11","140601","0","44","2299","148191","72","0","3526","49113561","476","3435","38","0","251","0","2908825","284265","18951","0","67788","23443179","0","0","64389","0","6","0","1261085","489486","372","5594","79200","99000","317","8976268","637","726624","0","3261723","33","0","11000","44998","3282","218438","5","1540","4116","96","3011772","22","48280","48280","99","650468","586023","44","44","1666193","345","55"
"r3","weapon","C","interception-off","18000","21600","32","11","21","11","11","143243","0","44","2247","154169","72","0","3577","50398824","481","3487","38","0","255","0","2973582","290625","19375","0","69807","24299693","0","0","66200","0","6","0","1314125","503212","376","5358","33000","66000","320","9167368","637","750205","0","3351626","33","0","11000","46272","3336","223960","0","1540","4016","95","3096354","22","49608","49608","110","671112","606962","44","44","1706349","350","55"
"r3","weapon","C","interception-off","18300","21600","32","10","22","10","10","139800","0","40","1873","136791","66","0","3189","46288075","440","3111","34","0","233","0","2897090","260010","17334","0","61267","22346727","0","0","59685","0","5","0","1300025","465464","343","4808","72000","30000","298","8440738","577","681864","0","3097477","30","0","10000","42748","3108","203532","1","1400","3504","81","2863224","20","45856","45856","100","624651","542064","40","40","1587430","322","50"
"r3","weapon","C","interception-off","18600","21600","32","10","22","10","10","142577","0","40","1970","141540","66","0","3239","47487609","441","3155","35","0","233","0","2955362","266175","17745","0","64136","23130694","0","0","61519","0","5","0","1339202","478782","344","4498","90000","84000","284","8613936","580","704681","0","3182368","30","0","10000","44005","3091","208856","3","1400","3525","82","2945313","20","47096","47096","100","639834","562104","40","40","1628997","322","50"
"r3","weapon","C","interception-off","18900","21600","32","10","22","10","10","144495","0","40","1797","146513","67","0","3286","48627935","449","3196","36","0","235","0","3018532","270105","18007","0","65889","23906895","0","0","63268","0","5","0","1375517","494052","348","3964","30000","84000","262","8787936","580","725299","0","3263739","30","0","10000","45400","2926","193682","0","1400","3378","80","3038970","20","48326","48326","100","667324","580804","40","40","1677434","327","50"
"r3","weapon","C","interception-off","19200","21600","32","10","22","10","10","147906","0","40","1957","151238","67","0","3320","49814288","454","3237","36","0","239","0","3071880","276135","18409","0","68210","24712720","0","0","65326","0","5","0","1413675","508952","352","3718","48000","30000","284","8961963","581","746070","0","3374558","30","0","10000","46761","3229","213151","1","1400","3393","80","3130737","20","49990","49990","100","681584","598164","40","40","1733753","332","50"
"r3","weapon","C","interception-off","19500","21600","32","9","23","9","9","74055","0","36","1574","65012","58","0","3364","42558693","397","3282","34","0","212","0","2251114","227325","15155","0","66361","21210521","0","0","61552","0","5","0","851662","456958","313","3504","81000","54000","235","8233563","521","693090","0","3010425","27","0","9000","42015","2639","175889","2","1260","2850","66","2809955","18","44654","44654","90","683988","619035","36","36","1457458","290","45"
"r3","weapon","C","interception-off","19800","21600","32","9","23","9","9","74733","0","36","1506","66897","58","0","3410","43662189","399","3330","34","0","214","0","2293873","230715","15381","0","68704","21851079","0","0","63353","0","5","0","873814","471656","315","2932","43200","81000","244","8389863","521","711510","0","3083921","27","0","9000","43350","2378","153887","1","1260","2853","67","2899847","18","45728","45728","99","710005","636777","36","36","1508519","292","45"
"r3","weapon","C","interception-off","20100","21600","32","9","23","9","9","75405","0","36","1617","68945","58","0","3456","44635349","407","3367","34","0","219","0","2338165","235980","15732","0","70094","22529613","0","0","64928","0","5","0","902668","482914","320","2806","27000","32400","214","8546197","522","730236","0","3185405","27","0","9000","44423","2829","188595","3","1260","2834","66","2968905","18","47252","47252","99","723641","654831","36","36","1542933","300","45"
"r3","weapon","C","interception-off","20400","21600","32","8","24","8","8","71236","0","32","1208","70498","52","0","2992","40257947","362","2914","32","0","192","0","2124414","211125","14075","0","65510","20278973","0","0","58829","0","5","0","809863","435612","284","2342","72000","28800","199","7644709","462","661496","0","2855054","24","0","8000","40073","2290","155774","0","1120","2400","57","2677002","16","42363","42363","88","629142","590260","32","32","1408642","263","40"
"r3","weapon","C","interception-off","20700","21600","32","8","24","8","8","71847","0","32","1228","73363","53","0","3031","41374188","364","2960","32","0","193","0","2162508","215055","14337","0","68730","20863637","0","0","60541","0","5","0","831136","447352","286","1914","57600","72000","244","7783464","465","676418","0","2922253","24","0","8000","41096","2251","150748","3","1120","2458","57","2749876","16","43347","43347","88","645040","604571","32","32","1450047","264","40"
"r3","weapon","C","interception-off","21000","21600","32","7","25","7","7","67363","0","28","1208","75194","49","0","2716","39111709","325","2644","31","0","170","0","1958562","206790","13786","0","65455","19802859","0","0","56943","0","5","0","784726","419476","257","1814","21000","42000","156","7126614","416","634948","0","2752105","21","0","7000","38586","2263","152344","0","980","2212","52","2577893","14","40849","40849","77","606153","567585","28","28","1358660","232","35"
"r3","weapon","C","interception-off","21300","21600","32","7","25","7","7","67866","0","28","1132","77044","49","0","2743","39914466","330","2674","31","0","174","0","1980597","209280","13952","0","67512","20351404","0","0","58485","0","5","0","799721","431026","261","1570","50400","21000","177","7251414","416","649348","0","2811373","21","0","7000","39620","2099","138059","0","980","2176","51","2648543","14","41719","41719","77","624190","581482","28","28","1399776","237","35"
"r3","weapon","C","interception-off","21600","21600","32","6","26","6","6","55273","0","24","1104","79295","41","0","2429","35871498","282","2368","28","0","152","0","1621311","192945","12863","0","63035","18215450","0","0","52605","0","5","0","692386","387864","227","1456","54000","50400","156","6334392","357","578981","0","2520594","18","0","6000","35637","1775","119279","0","840","2142","52","2383620","12","37412","37412","72","544288","523708","24","24","1278046","204","30"
"r3","weapon","C","offense-off","0","21600","32","32","0","32","32","0","0","128","2880","0","0","0","0","0","0","0","0","0","0","0","0","0","0","0","0","0","0","0","0","0","0","0","0","0","32","57600","192000","192000","192","0","192","0","0","0","96","0","32000","0","0","0","0","4480","2880","64","0","32","0","0","0","0","0","128","32","0","32","160"
"r3","weapon","C","offense-off","300","21600","32","32","0","32","32","0","0","128","2866","0","0","0","0","201108","2","0","1","0","1","0","51808","0","0","210","15","98462","0","15","96","0","0","0","1710","400","34","56586","230400","96000","224","61440","224","0","0","44017","96","0","32000","44","596","40202","20","4480","3092","64","2532","32","640","640","0","1961","0","128","33","1854","33","160"
"r3","weapon","C","offense-off","600","21600","32","32","0","32","32","0","0","128","2835","426","14","0","0","642080","76","0","6","0","31","0","118944","975","65","764","59","304920","0","59","657","0","0","0","16325","1876","83","52632","288000","268800","288","138240","288","0","0","77078","96","0","32000","198","922","61369","46","4480","3381","64","12097","32","1120","1120","0","6756","0","128","55","8953","83","160"
"r3","weapon","C","offense-off","900","21600","32","32","0","32","32","0","0","128","2660","1593","21","0","14","1253133","127","0","11","0","58","0","197980","1590","106","3610","273","558259","0","273","1578","0","0","0","26448","4708","122","49760","96000","268800","316","231141","329","0","0","109864","96","0","32000","465","1135","72384","15","4480","3514","65","30810","32","1600","1600","0","12025","0","128","71","25455","120","160"
"r3","weapon","C","offense-off","1200","21600","32","32","0","32","32","0","0","128","2676","3758","29","0","39","2204668","183","12","17","0","88","0","290334","3405","227","5926","442","847006","0","442","2948","0","0","0","42747","9082","166","48654","153600","96000","378","344724","401","0","0","154753","96","0","32000","900","1356","87175","7","4480","3834","83","57879","32","2256","2256","0","17600","0","128","81","49978","155","160"
"r3","weapon","C","offense-off","1500","21600","32","32","0","32","32","0","0","128","3156","7158","39","0","103","3166334","228","38","20","0","109","0","384160","7830","522","8758","622","1167286","0","622","4347","0","0","0","57005","12734","200","47160","288000","192000","424","477559","489","0","0","191432","96","0","32000","1293","1507","99415","23","4480","4533","101","79710","32","2800","2800","0","24464","0","128","88","67553","183","160"
"r3","weapon","C","offense-off","1800","21600","32","32","0","32","32","0","0","128","3539","10799","52","0","187","4153114","272","103","24","0","129","0","483156","12285","819","12436","820","1523741","0","820","5947","0","0","0","72597","18658","237","45008","153600","288000","450","633517","542","0","0","229681","96","0","32000","1905","1469","98070","13","4480","5139","113","115356","32","3374","3374","32","33419","0","128","91","98192","209","160"
"r3","weapon","C","offense-off","2100","21600","32","32","0","32","32","0","0","128","4257","15896","61","0","285","5193226","316","183","29","0","146","0","589729","18825","1255","15934","990","1939101","0","990","7416","0","0","0","89684","23640","268","43808","96000","115200","474","811958","619","0","0","297602","96","0","32000","2411","1943","134334","11","4480","6006","133","146190","32","4354","4354","32","39912","0","128","93","123356","234","160"
"r3","weapon","C","offense-off","2400","21600","32","32","0","32","32","0","0","128","5077","21781","70","0","403","6280064","365","268","31","0","166","0","697013","26250","1750","20944","1219","2418808","0","1219","8824","0","0","0","110420","30118","299","42984","288000","115200","547","1011502","707","0","0","351688","96","0","32000","3094","2058","146568","3","4480","7004","161","184458","32","5152","5152","32","49657","0","128","99","155463","267","160"
"r3","weapon","C","offense-off","2700","21600","32","32","0","32","32","0","0","128","5940","28671","79","0","529","7509096","406","387","35","0","182","0","811214","34500","2300","26168","1443","2977823","0","1443","10399","0","0","0","136962","37522","328","41682","230400","288000","554","1230206","751","0","0","409939","96","0","32000","3831","2190","154629","5","4480","8049","185","229525","32","6021","6021","32","61100","0","128","104","194210","290","160"
"r3","weapon","C","offense-off","3000","21600","32","32","0","32","32","0","0","128","6405","39726","88","0","666","8701307","441","518","40","0","192","0","929924","42480","2832","30950","1669","3598017","0","1669","11820","0","0","0","167344","45026","352","40814","96000","192000","583","1469335","820","0","0","496321","96","0","32000","4587","2706","193064","12","4480","8719","204","275347","32","7293","7293","32","72373","0","128","107","230884","305","160"
"r3","weapon","C","offense-off","3300","21600","32","32","0","32","32","0","0","128","6778","51418","98","0","799","10013899","471","648","41","0","204","0","1054998","51405","3427","38004","1923","4274688","0","1923","13474","0","0","0","201546","55148","375","39914","230400","96000","640","1724964","882","0","0","565023","96","0","32000","5559","2723","195102","5","4480","9244","217","336518","32","8282","8282","32","86328","0","128","107","283593","319","160"
"r3","weapon","C","offense-off","3600","21600","32","32","0","32","32","0","0","128","7286","65142","105","0","935","11417852","502","786","42","0","218","0","1190843","63420","4228","45808","2220","5008027","0","2220","15111","0","0","0","234588","62682","397","38858","288000","268800","624","1995052","910","0","0","633395","96","0","32000","6355","2950","212572","10","4480","9763","232","381769","32","9305","9305","64","98030","0","128","109","322793","340","160"
"r3","weapon","C","offense-off","3900","21600","32","32","0","32","32","0","0","128","7497","80841","110","0","1069","12850580","537","913","45","0","236","0","1338569","72870","4858","52352","2497","5825001","0","2497","16732","0","0","0","271706","74474","423","37558","96000","268800","670","2279354","963","0","0","739104","96","0","32000","7499","3367","243840","3","4480","10166","239","453674","32","10866","10866","64","112936","0","128","112","382328","366","160"
"r3","weapon","C","offense-off","4200","21600","32","32","0","32","32","0","0","128","8016","96848","115","0","1211","14463775","565","1040","46","0","251","0","1491251","85380","5692","58472","2728","6712326","0","2728","18606","0","0","0","315784","85410","444","36540","153600","96000","700","2578273","1023","0","0","820390","96","0","32000","8548","3511","253052","4","4480","10588","250","521079","32","12059","12059","64","125100","0","128","114","442238","387","160"
"r3","weapon","C","offense-off","4500","21600","32","32","0","32","32","0","0","128","8256","111285","119","0","1366","16053766","595","1183","50","0","263","0","1642565","96975","6465","70600","3178","7622474","0","3178","20493","0","0","0","359062","95282","464","35658","288000","192000","681","2887221","1036","0","0","902243","96","0","32000","9517","3743","269586","13","4480","10885","257","581952","32","13260","13260","64","139861","0","128","115","492796","406","160"
"r3","weapon","C","offense-off","4800","21600","32","31","1","31","31","0","0","124","7900","107001","118","0","1522","17121704","600","1342","53","0","266","0","1716455","104325","6955","77756","3445","8359215","0","3445","21774","0","0","0","385492","106446","468","33798","148800","279000","725","3121525","1058","0","0","985893","93","0","31000","10595","3888","279307","6","4340","10725","251","649202","31","14483","14483","62","158258","0","124","113","548328","407","155"
"r3","weapon","C","offense-off","5100","21600","32","31","1","31","31","0","0","124","7911","120437","123","0","1672","18730772","624","1486","54","0","278","0","1872299","115665","7711","85058","3723","9391249","0","3723","23720","0","0","0","426753","116482","486","33204","93000","111600","730","3445563","1099","0","0","1067266","93","0","31000","11603","4076","297327","5","4340","10768","255","710861","31","15679","15679","62","172488","0","124","114","597451","423","155"
"r3","weapon","C","offense-off","5400","21600","32","31","1","31","31","0","0","124","7906","132583","125","0","1831","20212680","645","1631","57","0","288","0","2030356","126075","8405","101966","4319","10432527","0","4319","25673","0","0","0","469199","129714","501","32442","279000","111600","718","3777113","1103","0","0","1149060","93","0","31000","12840","4029","289600","3","4340","10770","254","791306","31","16869","16869","93","193870","0","124","114","665590","437","155"
"r3","weapon","C","offense-off","5700","21600","32","30","2","30","30","0","0","120","7614","126689","122","0","1992","21261054","656","1790","58","0","294","0","2084273","135780","9052","107836","4496","11055963","0","4496","26786","0","0","0","488914","138924","504","31000","216000","270000","718","4011153","1124","0","0","1228235","90","0","30000","13724","4341","311714","2","4200","10489","247","848336","30","18065","18065","90","209168","0","120","111","707353","446","150"
"r3","weapon","C","offense-off","6000","21600","32","30","2","30","30","0","0","120","7433","138488","126","0","2155","22848181","669","1937","60","0","298","0","2238793","146715","9781","116533","4849","12195348","0","4849","28752","0","0","0","534940","149586","514","30638","90000","180000","765","4355519","1173","0","0","1314045","90","0","30000","14779","4537","329109","3","4200","10384","245","914071","30","19316","19316","90","228115","0","120","111","756821","450","150"
"r3","weapon","C","offense-off","6300","21600","32","30","2","30","30","0","0","120","7304","150111","132","0","2315","24479588","700","2100","62","0","310","0","2398681","157830","10522","130611","5365","13381264","0","5365","30840","0","0","0","585980","163960","534","29808","216000","90000","755","4705690","1160","0","0","1398900","90","0","30000","16145","4409","318465","2","4200","10366","243","1001152","30","20554","20554","90","251343","0","120","113","829092","468","150"
"r3","weapon","C","offense-off","6600","21600","32","30","2","30","30","0","0","120","7284","161616","135","0","2488","26254609","713","2256","65","0","314","0","2557825","171765","11451","147603","5950","14602572","0","5950","32937","0","0","0","638019","175246","544","28568","270000","252000","743","5057230","1180","0","0","1512799","90","0","30000","17240","4993","355796","21","4200","10420","247","1070732","30","22233","22233","90","270068","0","120","114","886935","472","150"
"r3","weapon","C","offense-off","6900","21600","32","30","2","30","30","0","0","120","7151","175652","138","0","2668","27801621","732","2416","67","0","322","0","2707163","182040","12136","159609","6419","15867682","0","6419","35023","0","0","0","682149","189298","557","27732","90000","252000","740","5417793","1220","0","0","1596138","90","0","30000","18600","4884","351962","1","4200","10425","246","1155610","30","23484","23484","90","293850","0","120","114","950326","483","150"
"r3","weapon","C","offense-off","7200","21600","32","30","2","30","30","0","0","120","7269","190640","142","0","2847","29550949","760","2587","72","0","330","0","2858557","196065","13071","171981","6869","17192099","0","6869","37194","0","0","0","728234","201954","574","27298","144000","90000","760","5787499","1232","0","0","1679842","90","0","30000","19810","4913","350069","3","4200","10566","251","1233718","30","24723","24723","120","312688","0","120","114","1017085","496","150"
"r3","weapon","C","offense-off","7500","21600","32","30","2","30","30","0","0","120","7286","204514","147","0","3032","31209294","773","2766","72","0","335","0","3017701","209505","13967","192969","7623","18543741","0","7623","39211","0","0","0","775201","213648","584","26974","270000","180000","787","6158009","1230","0","0","1802312","90","0","30000","20957","5588","396322","7","4200","10674","254","1305401","30","26545","26545","120","335059","0","120","114","1070931","502","150"
"r3","weapon","C","offense-off","7800","21600","32","29","3","29","29","0","0","116","7005","172506","146","0","3220","31628206","763","2937","70","0","332","0","2980546","215850","14390","204443","8033","19095628","0","8033","40186","0","0","0","769131","221438","577","26194","139200","261000","757","6334299","1223","0","0","1826413","87","0","29000","21703","5198","368342","3","4060","10436","243","1351841","29","26901","26901","116","354459","0","116","111","1103612","495","145"
"r3","weapon","C","offense-off","8100","21600","32","29","3","29","29","0","0","116","7114","183214","150","0","3412","33376581","784","3114","73","0","340","0","3125409","229920","15328","218551","8565","20547563","0","8565","42275","0","0","0","819303","232472","592","25826","87000","104400","727","6701969","1218","0","0","1914277","87","0","29000","22803","5407","385424","1","4060","10514","248","1419711","29","28210","28210","116","373210","0","116","112","1155643","507","145"
"r3","weapon","C","offense-off","8400","21600","32","27","5","27","27","0","0","108","6368","127526","136","0","3608","31840621","738","3289","71","0","323","0","2830830","224070","14938","233912","9106","20271490","0","9106","41769","0","0","0","771930","229140","557","25314","243000","97200","638","6633104","1151","0","0","1881272","81","0","27000","22415","5363","375122","5","3780","9703","230","1398312","27","27778","27778","108","391753","0","108","105","1114397","480","135"
"r3","weapon","C","offense-off","8700","21600","32","27","5","27","27","0","0","108","6440","134620","140","0","3807","33546342","753","3474","72","0","329","0","2944054","238530","15902","251988","9754","21672763","0","9754","44091","0","0","0","818010","241714","568","24764","194400","243000","644","6980780","1165","0","0","1966147","81","0","27000","23609","5407","376416","1","3780","9881","235","1476411","27","29016","29016","108","415099","0","108","105","1174632","488","135"
"r3","weapon","C","offense-off","9000","21600","32","27","5","27","27","0","0","108","6382","142295","142","0","4007","34993170","766","3656","73","0","336","0","3057576","250365","16691","265030","10274","23107529","0","10274","46094","0","0","0","861313","253498","578","24588","81000","162000","669","7330192","1164","0","0","2047276","81","0","27000","24801","5444","382737","0","3780","9832","233","1548224","27","30245","30245","135","441685","0","108","105","1222854","496","135"
"r3","weapon","C","offense-off","9300","21600","32","27","5","27","27","0","0","108","6386","150359","149","0","4199","36791037","784","3851","74","0","342","0","3182925","263940","17596","282655","10923","24615426","0","10923","48299","0","0","0","904336","268776","592","24068","194400","81000","702","7684966","1177","0","0","2168252","81","0","27000","26245","5791","403389","3","3780","10014","237","1640481","27","32036","32036","135","466742","0","108","105","1298121","503","135"
"r3","weapon","C","offense-off","9600","21600","32","27","5","27","27","0","0","108","6485","156367","151","0","4392","38592908","799","4033","75","0","348","0","3295469","280185","18679","311986","11913","26105914","0","11913","50483","0","0","0","946981","281940","601","23798","243000","226800","661","8025904","1136","0","0","2259594","81","0","27000","27504","5864","408817","3","3780","10104","240","1721495","27","33368","33368","135","489314","0","108","105","1361463","512","135"
"r3","weapon","C","offense-off","9900","21600","32","27","5","27","27","0","0","108","6415","164785","155","0","4594","40075684","809","4207","75","0","353","0","3401243","291525","19435","333457","12703","27660337","0","12703","52576","0","0","0","987028","296118","610","23136","81000","226800","596","8363764","1123","0","0","2351239","81","0","27000","28840","5856","409438","0","3780","10178","240","1807805","27","34696","34696","135","520857","0","108","105","1420944","517","135"
"r3","weapon","C","offense-off","10200","21600","32","27","5","27","27","0","0","108","6541","171927","157","0","4797","41866053","824","4387","79","0","357","0","3504491","306930","20462","348069","13259","29325692","0","13259","55020","0","0","0","1030644","309378","620","22786","129600","81000","638","8707985","1149","0","0","2478085","81","0","27000","30086","6427","448033","2","3780","10271","242","1890152","27","36513","36513","135","543622","0","108","105","1486430","522","135"
"r3","weapon","C","offense-off","10500","21600","32","27","5","27","27","0","0","108","6592","177623","160","0","5014","43481397","844","4568","81","0","364","0","3595000","322950","21530","370801","14105","30978063","0","14105","57334","0","0","0","1067966","324056","632","22446","243000","162000","593","9050197","1139","0","0","2570939","81","0","27000","31396","6469","452344","3","3780","10041","239","1981279","27","37865","37865","135","571522","0","108","106","1547073","535","135"
"r3","weapon","C","offense-off","10800","21600","32","27","5","27","27","0","0","108","6483","185235","162","0","5240","45249890","852","4778","82","0","368","0","3676552","335265","22351","395341","14986","32658633","0","14986","59975","0","0","0","1104380","340854","639","21828","129600","243000","618","9393512","1146","0","0","2661363","81","0","27000","32946","6262","430931","1","3780","10236","244","2083414","27","39208","39208","162","607005","0","108","106","1623427","539","135"
"r3","weapon","C","offense-off","11100","21600","32","27","5","27","27","0","0","108","6539","192716","168","0","5461","47162588","867","4986","82","0","374","0","3768836","349425","23295","412502","15639","34724045","0","15639","62634","0","0","0","1161804","356928","651","21466","81000","97200","646","9743088","1167","0","0","2923174","81","0","27000","34570","8488","589781","8","3780","10140","240","2182436","54","43058","43058","162","635977","0","108","106","1697416","546","135"
"r3","weapon","C","offense-off","11400","21600","32","26","6","26","26","0","0","104","6169","200224","163","0","5639","46859879","850","5154","80","0","370","0","3551152","347220","23148","436381","16653","35278349","0","16653","64016","0","0","0","1126420","369516","639","20400","234000","93600","583","9728188","1075","0","0","2987026","78","0","26000","35658","8354","580197","1","3640","9568","225","2259951","52","44012","44012","156","679330","0","104","102","1727499","541","130"
"r3","weapon","C","offense-off","11700","21600","32","24","8","24","24","0","0","96","5595","178724","148","0","5547","45396381","804","5095","75","0","352","0","3333275","331905","22127","432269","16573","34503971","0","16573","63758","0","0","0","1081266","367378","599","18092","172800","216000","524","9475875","938","0","0","2939523","72","0","24000","35448","7872","541065","20","3360","8668","205","2249143","48","43320","43320","144","689886","0","96","94","1708572","515","120"
"r3","weapon","C","offense-off","12000","21600","32","24","8","24","24","0","0","96","5520","185309","151","0","5731","47351075","818","5252","76","0","360","0","3411719","342045","22803","453979","17529","36646707","0","17529","67876","0","0","0","1134044","389972","611","17132","72000","144000","534","9758786","933","0","0","3163379","72","0","24000","37649","8981","621274","4","3360","8395","200","2389104","48","46630","46630","144","743443","0","96","94","1798662","523","120"
"r3","weapon","C","offense-off","12300","21600","32","22","10","22","22","0","0","88","5286","155837","142","0","5562","47217984","772","5082","70","0","341","0","3227958","335505","22367","452349","17532","36076201","0","17532","67418","0","0","0","1123025","392534","575","15866","158400","66000","551","9345515","877","0","0","3113891","66","0","22000","37821","8175","553031","4","3080","8237","194","2403374","44","45996","45996","132","764487","0","88","87","1796373","498","110"
"r3","weapon","C","offense-off","12600","21600","32","22","10","22","22","0","0","88","5252","162059","143","0","5729","49293173","789","5229","71","0","352","0","3296693","346605","23107","483567","18747","38198122","0","18747","71612","0","0","0","1172456","414152","588","15010","198000","184800","502","9596353","825","0","0","3268908","66","0","22000","39972","8304","570406","3","3080","8069","190","2534861","44","48276","48276","154","816839","0","88","87","1881663","513","110"
"r3","weapon","C","offense-off","12900","21600","32","22","10","22","22","0","0","88","5021","167981","145","0","5893","51032450","792","5353","71","0","353","0","3366086","352830","23522","512474","19902","40428386","0","19902","75675","0","0","0","1220631","439626","591","13546","66000","184800","478","9838634","784","0","0","3487850","66","0","22000","42440","9070","627010","3","3080","7892","186","2689315","44","51510","51510","154","884357","0","88","87","1976483","514","110"
"r3","weapon","C","offense-off","13200","21600","32","20","12","20","20","0","0","80","4821","174301","130","0","5421","49417498","737","4923","65","0","333","0","3246277","336405","22427","469629","18312","39278086","0","18312","72799","0","0","0","1227384","425510","548","12320","96000","60000","455","9268660","740","0","0","3359380","60","0","20000","41119","8517","592189","12","2800","7463","177","2603152","40","49636","49636","140","860736","0","80","79","1906455","480","100"
"r3","weapon","C","offense-off","13500","21600","32","20","12","20","20","0","0","80","4782","180000","132","0","5572","50965788","753","5036","65","0","341","0","3305601","344760","22984","504003","19619","41446051","0","19619","76500","0","0","0","1278199","448616","558","11564","180000","120000","424","9480712","683","0","0","3507613","60","0","20000","43277","8547","587222","6","2800","7179","171","2745257","40","51824","51824","140","915519","0","80","79","2004872","494","100"
"r3","weapon","C","offense-off","13800","21600","32","18","14","18","18","0","0","72","4131","184203","117","0","5208","48493246","683","4756","60","0","314","0","3004063","322590","21506","469815","18249","39322005","0","18249","72574","0","0","0","1223769","427668","509","10044","86400","162000","391","8745963","589","0","0","3336490","54","0","18000","41121","8117","555815","5","2520","6566","156","2616980","36","49238","49238","126","871906","0","72","71","1908769","458","90"
"r3","weapon","C","offense-off","14100","21600","32","17","15","17","17","0","0","68","3910","190480","114","0","5138","46993911","654","4682","56","0","299","0","2865225","306615","20441","461725","17967","38384491","0","17967","71235","0","0","0","1199842","418838","486","9528","51000","61200","361","8518008","566","0","0","3251346","51","0","17000","40294","7737","532257","11","2380","6165","145","2562308","34","48031","48031","119","872012","0","68","67","1847077","437","85"
"r3","weapon","C","offense-off","14400","21600","32","17","15","17","17","0","0","68","3853","196101","114","0","5253","48459368","659","4768","56","0","304","0","2920056","311625","20775","487185","18976","40385383","0","18976","74582","0","0","0","1236510","440296","491","8520","153000","61200","352","8683153","527","0","0","3375066","51","0","17000","42354","7527","520007","1","2380","6280","150","2692179","34","49881","49881","136","930861","0","68","67","1924198","442","85"
"r3","weapon","C","offense-off","14700","21600","32","13","19","13","13","0","0","52","3349","150593","85","0","4493","40334852","521","4059","47","0","244","0","2210982","259065","17271","419233","16546","32853863","0","16546","63837","0","0","0","806813","367176","389","7356","93600","117000","304","7187829","436","0","0","2830567","39","0","13000","35263","6584","454674","1","1820","5301","125","2246096","26","41847","41847","104","779573","0","52","52","1596320","355","65"
"r3","weapon","C","offense-off","15000","21600","32","12","20","12","12","0","0","48","3025","66057","80","0","4596","37758777","491","4118","45","0","227","0","1734413","249675","16645","429102","16864","31623980","0","16864","63165","0","0","0","657108","354134","364","6892","36000","72000","237","6796002","380","0","0","2717563","36","0","12000","33941","6178","424196","1","1680","4558","108","2166980","24","40119","40119","96","805529","0","48","48","1487838","332","60"
"r3","weapon","C","offense-off","15300","21600","32","11","21","11","11","0","0","44","2642","47597","71","0","4400","35297614","447","3906","41","0","212","0","1571894","232200","15480","422217","16610","29742194","0","16610","60265","0","0","0","597476","338058","335","6182","79200","33000","223","6419910","317","0","0","2563112","33","0","11000","32356","5469","374999","2","1540","4114","98","2068160","22","37825","37825","88","758590","0","44","44","1429523","306","55"
"r3","weapon","C","offense-off","15600","21600","32","11","21","11","11","0","0","44","2682","50078","74","0","4492","36237883","459","3967","41","0","218","0","1589962","238305","15887","445255","17457","31221977","0","17457","62637","0","0","0","613291","350696","344","5848","99000","92400","212","6509697","294","0","0","2681119","33","0","11000","33622","5943","413361","0","1540","4154","99","2144596","22","39565","39565","88","786673","0","44","44","1481085","313","55"
"r3","weapon","C","offense-off","15900","21600","32","10","22","10","10","0","0","40","2241","48045","69","0","4112","33746382","424","3631","39","0","196","0","1482543","224595","14973","404593","15941","29608666","0","15941","58600","0","0","0","585326","334148","314","5250","30000","84000","194","6076616","267","0","0","2527646","30","0","10000","31948","5278","372183","3","1400","3671","86","2043609","20","37226","37226","80","773882","0","40","40","1381581","285","50"
"r3","weapon","C","offense-off","16200","21600","32","9","23","9","9","0","0","36","2039","22322","60","0","3693","30532496","382","3270","36","0","179","0","1377502","205335","13689","360286","14264","28051600","0","14264","54405","0","0","0","547301","308684","284","4738","43200","27000","178","5535485","239","0","0","2328152","27","0","9000","29469","4804","334926","0","1260","3200","76","1889109","18","34273","34273","81","705901","0","36","36","1287325","260","45"
"r3","weapon","C","offense-off","16500","21600","32","9","23","9","9","0","0","36","2018","23914","61","0","3767","31151486","386","3315","36","0","182","0","1388434","210000","14000","381202","15007","29328044","0","15007","56250","0","0","0","559256","320174","288","4466","81000","54000","158","5604695","221","0","0","2426196","27","0","9000","30546","5175","357599","0","1260","3013","70","1959314","18","35721","35721","81","734749","0","36","36","1333848","263","45"
"r3","weapon","C","offense-off","16800","21600","32","9","23","9","9","0","0","36","1912","25050","62","0","3843","31833712","389","3357","38","0","182","0","1398891","212745","14183","397456","15634","30667883","0","15634","58262","0","0","0","570197","332886","291","3834","43200","81000","150","5671456","217","0","0","2496749","27","0","9000","31713","5078","343274","1","1260","3022","71","2037303","18","36791","36791","81","768660","0","36","36","1384815","263","45"
"r3","weapon","C","offense-off","17100","21600","32","9","23","9","9","0","0","36","1948","25873","62","0","3910","32449865","392","3395","38","0","184","0","1409345","217500","14500","410606","16161","32042622","0","16161","60160","0","0","0","582006","342184","293","3770","27000","32400","153","5735847","210","0","0","2567926","27","0","9000","32659","5192","357769","0","1260","2900","69","2093529","18","37851","37851","81","789868","0","36","36","1420289","266","45"
"r3","weapon","C","offense-off","17400","21600","32","8","24","8","8","0","0","32","1629","26542","58","0","3467","30105675","352","3081","34","0","164","0","1342374","195750","13050","352966","13846","29454620","0","13846","54664","0","0","0","551612","316426","264","3302","72000","28800","122","5235416","169","0","0","2357222","24","0","8000","30071","4674","313640","1","1120","2650","63","1936322","16","34745","34745","72","761625","0","32","32","1281957","236","40"
"r3","weapon","C","offense-off","17700","21600","32","6","26","6","6","0","0","24","1244","20807","40","0","2588","24956031","269","2372","27","0","128","0","1114522","164190","10946","246277","9707","22255235","0","9707","42380","0","0","0","466396","248268","201","2750","43200","54000","94","4107815","113","0","0","1823428","18","0","6000","23480","3357","220729","7","840","2091","49","1521184","12","26837","26837","54","598327","0","24","24","1004372","182","30"
"r3","weapon","C","offense-off","18000","21600","32","5","27","5","5","0","0","20","1202","18403","30","0","2100","22015786","232","1917","24","0","112","0","924087","150690","10046","210008","8227","20477920","0","8227","38406","0","0","0","419118","218590","171","2626","15000","30000","65","3343136","76","0","0","1620618","15","0","5000","20810","3069","203690","0","700","1853","45","1337732","10","23879","23879","50","506619","0","20","20","910309","162","25"
"r3","weapon","C","offense-off","18300","21600","32","5","27","5","5","0","0","20","1180","19049","30","0","2140","22399192","237","1941","25","0","114","0","927971","152325","10155","216830","8499","21328904","0","8499","39713","0","0","0","427287","226032","174","2380","36000","15000","73","3368389","89","0","0","1679624","15","0","5000","21491","3258","214086","0","700","1856","44","1383327","10","24749","24749","50","529392","0","20","20","936146","164","25"
"r3","weapon","C","offense-off","18600","21600","32","5","27","5","5","0","0","20","1192","19077","30","0","2181","22706115","238","1965","25","0","115","0","930797","154875","10325","225934","8858","22194569","0","8858","40871","0","0","0","433223","232272","175","2310","45000","42000","81","3393970","88","0","0","1724094","15","0","5000","22126","3259","220338","3","700","1735","40","1420800","10","25385","25385","50","546531","0","20","20","957225","165","25"
"r3","weapon","C","offense-off","18900","21600","32","5","27","5","5","0","0","20","1144","19863","30","0","2223","23051344","239","1984","25","0","116","0","934841","155625","10375","236646","9275","23060741","0","9275","42047","0","0","0","437947","239572","176","1956","15000","42000","78","3420020","86","0","0","1768324","15","0","5000","22807","3234","216798","0","700","1878","44","1465171","10","26041","26041","50","574424","0","20","20","977102","166","25"
"r3","weapon","C","offense-off","19200","21600","32","5","27","5","5","0","0","20","1183","20596","30","0","2264","23382908","240","2002","25","0","117","0","938489","157995","10533","244052","9586","23970557","0","9586","43312","0","0","0","443791","246656","177","1860","24000","15000","75","3446041","80","0","0","1826848","15","0","5000","23445","3454","229780","1","700","1761","41","1509299","10","26899","26899","50","591868","0","20","20","1005200","167","25"
"r3","weapon","C","offense-off","19500","21600","32","5","27","5","5","0","0","20","1201","21284","31","0","2306","23650511","242","2016","25","0","118","0","941122","160275","10685","253138","9946","24879173","0","9946","44511","0","0","0","449834","253094","179","1802","45000","30000","72","3469162","78","0","0","1871907","15","0","5000","24055","3484","234256","0","700","1729","41","1548981","10","27539","27539","50","611317","0","20","20","1026334","168","25"
"r3","weapon","C","offense-off","19800","21600","32","5","27","5","5","0","0","20","1178","21985","31","0","2347","24024210","244","2033","25","0","120","0","944371","161745","10783","262398","10325","25811551","0","10325","45753","0","0","0","455946","261060","181","1600","24000","45000","77","3493401","80","0","0","1914832","15","0","5000","24775","3402","223342","0","700","1864","45","1597819","10","28177","28177","55","636420","0","20","20","1055070","170","25"
"r3","weapon","C","offense-off","20100","21600","32","5","27","5","5","0","0","20","1192","22817","31","0","2390","24387345","244","2058","25","0","120","0","948017","164175","10945","269996","10638","26777729","0","10638","46940","0","0","0","463635","266850","181","1524","15000","18000","81","3519639","91","0","0","1976022","15","0","5000","25360","3723","247525","2","700","1820","43","1633435","10","29083","29083","55","650642","0","20","20","1077855","170","25"
"r3","weapon","C","offense-off","20400","21600","32","5","27","5","5","0","0","20","1170","23645","31","0","2431","24720072","245","2075","25","0","121","0","951682","165120","11008","281710","11119","27754825","0","11119","48149","0","0","0","471826","274286","182","1276","45000","18000","70","3545216","75","0","0","2021841","15","0","5000","26061","3704","245987","0","700","1862","45","1678253","10","29765","29765","55","677480","0","20","20","1098374","171","25"
"r3","weapon","C","offense-off","20700","21600","32","3","29","3","3","0","0","12","597","2248","14","0","1158","15038448","153","969","15","0","76","0","746953","95115","6341","151310","5819","16320914","0","5819","24897","0","0","0","354469","161770","108","1162","21600","27000","39","2010922","39","0","0","1176160","9","0","3000","15319","1973","124015","0","420","860","21","990420","6","17292","17292","33","418641","0","12","12","633504","115","15"
"r3","weapon","C","offense-off","21000","21600","32","3","29","3","3","0","0","12","603","2248","14","0","1181","15163006","153","975","15","0","76","0","747795","96585","6439","155790","6013","16877070","0","6013","25484","0","0","0","358098","165576","108","1162","9000","18000","43","2022935","47","0","0","1209978","9","0","3000","15667","2125","133120","0","420","869","20","1014375","6","17792","17792","33","432693","0","12","12","644165","115","15"
"r3","weapon","C","offense-off","21300","21600","32","3","29","3","3","0","0","12","587","2248","14","0","1202","15363014","155","985","15","0","77","0","749460","97005","6467","160686","6213","17447296","0","6213","26202","0","0","0","362635","169958","109","1066","21600","9000","42","2036253","43","0","0","1234727","9","15","3000","16068","2097","129400","0","420","992","23","1040988","6","18165","18180","33","449811","0","12","12","655516","117","15"
"r3","weapon","C","offense-off","21600","21600","32","3","29","3","3","0","0","12","595","2248","15","0","1223","15535867","157","997","15","0","78","0","751189","98280","6552","165974","6420","18022949","0","6420","26890","0","0","0","366740","173600","111","1054","27000","25200","39","2048747","41","0","0","1260038","9","40","3000","16441","2089","131984","0","420","935","22","1062773","6","18530","18570","36","461462","0","12","12","666592","118","15"
