"caseId","tick","lordX","lordY","lordHealth","level","food","harvests","killExperience","harvestExperience","taxExperience","weaponDamage","toolActivationDamage","toolGrowthDamage","allyDamage","weaponSlots","toolSlots","charterSlots","interception_eligibleEnemyAttackCount","interception_candidatePersonCount","interception_interceptCount","interception_originalTargetInRangeCount","interception_unknownOriginalTargetCount","interception_targetRefreshDueCount","interception_actualPersonHpDamage","interception_guardZeroDamageCount","interception_preventedByModifierAmount","interception_reroutedAttackCount","growth_workerTicks","growth_boostedWorkerTicks","growth_laborGrowthBonus","growth_draftEvents","growth_returnEvents","growth_weaponSlotExcluded","growth_toolSlotExcluded","growth_charterSlotExcluded","growth_weaponChoices","growth_toolChoices","growth_charterChoices","growth_rankIncrements","threat_spawnRequested","threat_spawnAdmitted","threat_capRejected","threat_admittedHp","threat_killedCount","threat_removedHp","threat_liveEnemyCount","threat_liveHp","threat_nearLordCount","threat_nearLordRadius","threat_enemyCap","threat_baseSpawnCount","threat_timeRamp","threat_prosperity","threat_prosperityContribution","threat_seasonMultiplier","weaponCount","weaponRankSum","peopleEntities","peopleMembers","peopleMemberTicks","personAppliedDamage","buildingAppliedDamage"
"r2__weapon__A__42__control","21600","9000","8400","194","30","18","740","38964","11100","0","132394","68472","38901","4336","5","4","4","2627605","34","34","5876","37945","0","952","0","0","0","35072","0","268725","43","0","0","0","0","23","3","3","36","3926","3926","0","269538","3633","239009","293","25435","2","140","1000","3","12","55","1","2","4","31","44","60","1139146","43237","0"
"r2__weapon__A__43__control","13464","9000","5136","0","30","300","1397","26422","20955","0","106307","25409","0","31943","5","4","4","2070099","45","45","3126","192833","0","974","0","0","0","530585","137967","4010296","0","0","0","0","0","14","3","12","39","2892","2892","0","191869","2488","160876","404","28210","1","140","1000","3","7","501","12","2","4","19","60","60","533847","31943","0"
"r2__weapon__A__44__control","16170","4080","3000","0","36","121","2512","42470","37680","0","175802","33953","23434","30534","5","4","4","2513168","41","41","4954","178234","0","692","0","0","0","493745","11595","4553033","12","0","0","0","0","24","4","7","42","4214","4214","0","283540","3964","260312","250","19817","1","140","1000","3","8","192","4","2","4","32","12","60","697746","53968","0"
"r2__weapon__A__45__control","13608","9000","8592","0","28","211","1107","21672","16605","0","67051","43228","24967","2173","5","4","4","1300216","26","26","3668","14663","0","698","0","0","0","16919","0","174083","47","0","0","0","0","16","3","8","31","2352","2352","0","159402","2074","132976","278","21983","1","140","1000","3","7","257","6","2","4","19","48","60","697199","27140","0"
"r2__weapon__A__46__control","14469","9000","5256","0","28","0","876","25544","13140","0","85053","43170","27304","4404","5","4","4","1504642","36","36","4641","22382","0","868","0","0","0","44576","0","478595","41","0","0","0","0","21","2","4","31","2657","2657","0","178314","2426","156055","231","18383","4","140","1000","3","8","55","1","2","4","24","42","60","697200","31708","0"
"r2__weapon__A__47__control","21566","9000","7584","0","32","27","921","44292","13815","0","153066","75049","42661","6723","5","4","4","2816777","26","26","6636","46470","0","680","0","0","0","80903","0","658566","35","0","0","0","0","25","3","3","43","4443","4443","0","303809","4125","271867","318","26310","2","140","1000","3","11","79","1","2","4","33","36","60","1085673","49384","0"
"r2__weapon__A__48__control","13766","5616","9000","0","31","300","1469","28354","22035","0","134441","11912","0","30553","5","4","4","1753742","37","37","2451","171795","0","622","0","0","0","548705","128958","3649591","0","0","0","0","0","18","3","9","43","2968","2968","0","200559","2626","174703","342","23653","3","140","1000","3","7","457","11","2","4","26","60","60","554951","30553","0"
"r2__weapon__A__49__control","18838","3888","9000","0","38","300","2675","57062","40125","0","257909","35248","0","59672","5","4","4","3953354","46","46","5326","441926","0","844","0","0","0","853025","59394","7454336","0","0","0","0","0","25","2","10","46","5802","5802","0","391233","5285","350421","517","38404","2","140","1000","3","10","515","12","2","4","34","60","60","859398","59672","0"
"r2__weapon__A__50__control","15809","4584","9000","0","31","33","1449","32924","21735","0","126513","36101","38389","4422","5","4","4","1962234","28","28","5704","25980","0","742","0","0","0","47197","0","516342","40","0","0","0","0","21","2","7","41","3359","3359","0","228725","3086","201795","273","23300","2","140","1000","3","8","110","2","2","4","30","41","60","774870","42811","0"
"r2__weapon__A__51__control","15091","3000","3816","0","28","93","924","24224","13860","0","53123","72528","24569","2451","5","4","4","1123364","10","10","4111","16195","0","248","0","0","0","7372","0","65829","51","0","0","0","0","14","5","8","38","2485","2485","0","167838","2273","149455","212","15167","1","140","1000","3","8","154","3","2","4","19","52","60","793626","27020","0"
"r2__weapon__A__52__control","21600","9000","8400","1136","33","57","1150","46812","17250","0","75973","175581","36206","2493","5","4","4","2093397","9","9","7101","28742","0","230","0","0","0","2801","0","18747","54","0","0","0","0","16","9","7","43","4545","4545","0","309099","4321","287490","224","18846","0","140","1000","3","12","128","3","2","4","22","55","60","1198382","38699","0"
"r2__weapon__A__53__control","21600","9000","8400","402","32","24","959","43222","14385","0","141826","79993","41279","7008","5","4","4","2437028","33","33","6313","46732","0","784","0","0","0","81191","0","795629","35","0","0","0","0","22","4","5","42","4341","4341","0","292609","4067","265378","274","22503","0","140","1000","3","12","96","2","2","4","32","36","60","1087529","48287","0"
"r2__weapon__A__54__control","21600","9000","8400","380","27","3","128","34298","1920","0","115868","59514","35424","3558","5","4","4","2041022","4","4","4577","51020","0","122","0","0","0","17143","0","131106","26","0","0","0","0","20","1","5","36","3477","3477","0","233746","3232","209971","245","19382","2","140","1000","3","12","12","0","2","4","29","27","39","781923","38982","0"
"r2__weapon__A__55__control","18522","9000","6528","0","25","6","178","24804","2670","0","83315","37131","32840","1934","5","4","4","1571986","30","30","3480","37849","0","678","0","0","0","20895","0","138307","44","0","0","0","0","18","2","4","31","2587","2587","0","172023","2361","151897","226","16803","1","140","1000","3","10","11","0","2","4","22","45","57","935590","34774","0"
"r2__weapon__A__56__control","21600","9000","8400","468","38","33","2185","59774","32775","0","217134","73039","41860","36684","5","4","4","3500971","37","37","7314","241734","0","712","0","0","0","587045","11901","4790034","12","0","0","0","0","21","7","9","52","5885","5885","0","392160","5607","365486","278","23443","2","140","1000","3","12","79","1","2","4","34","12","60","1025891","78544","0"
"r2__weapon__A__57__control","10449","9000","4776","0","25","243","813","14328","12195","0","52812","19199","12933","6248","5","4","4","871133","44","44","2424","26964","0","1116","0","0","0","88878","4272","823291","35","0","0","0","0","14","1","9","29","1508","1508","0","104174","1346","88595","162","12982","2","140","1000","3","5","334","8","1","4","17","35","60","410690","19181","0"
"r2__weapon__A__58__control","16964","3000","6864","0","33","6","1605","37402","24075","0","147423","35016","36525","13378","5","4","4","1986272","50","50","5855","58567","0","1270","0","0","0","141679","27732","1469944","27","0","0","0","0","20","2","10","39","3787","3787","0","257268","3511","229447","276","24926","1","140","1000","3","9","79","1","2","4","26","28","60","775620","49903","0"
"r2__weapon__A__59__control","11530","9000","6720","0","26","295","996","17894","14940","0","76509","10609","0","25081","5","4","4","1066501","39","39","2000","104746","0","848","0","0","0","414545","14178","2627442","0","0","0","0","0","13","2","10","34","1972","1972","0","131919","1684","109770","288","19720","2","140","1000","3","6","435","10","2","4","19","60","60","422336","25081","0"
"r2__weapon__A__60__control","13175","4200","3000","0","28","300","1088","24250","16320","0","119507","8070","0","23802","5","4","4","1582674","20","20","2376","149278","0","324","0","0","0","513245","172362","3004442","0","0","0","0","0","18","1","8","40","2583","2583","0","175623","2245","149137","338","24244","2","140","1000","3","7","405","10","2","4","27","60","60","518041","23802","0"
"r2__weapon__A__61__control","15565","9000","7560","0","30","96","1158","30158","17370","0","97539","55589","32389","3588","5","4","4","1751918","19","19","5540","25756","0","572","0","0","0","22997","3659","267539","46","0","0","0","0","16","3","10","36","3171","3171","0","211657","2886","183991","285","22552","3","140","1000","3","8","161","4","2","4","21","47","60","799215","35977","0"
"r2__weapon__A__62__control","14743","6168","9000","0","30","240","1230","30612","18450","0","123960","34622","0","33993","5","4","4","2179428","36","36","3143","186661","0","618","0","0","0","607325","82659","3939369","0","0","0","0","0","16","2","11","38","3256","3256","0","219084","2849","188363","407","26509","2","140","1000","3","8","377","9","2","4","21","60","60","613076","33993","0"
"r2__weapon__A__63__control","11174","4176","3000","0","23","100","543","14288","8145","0","64991","6533","0","17214","5","4","4","954858","25","25","1624","85486","0","534","0","0","0","393185","36808","1767725","0","0","0","0","0","14","1","7","26","1514","1514","0","103849","1302","88210","212","15111","1","140","1000","3","6","156","3","2","4","19","60","60","396464","17214","0"
"r2__weapon__A__64__control","16160","3840","3000","0","27","6","714","24812","10710","0","83071","40124","29854","2908","5","4","4","1444193","14","14","4030","28923","0","366","0","0","0","27530","3586","229698","45","0","0","0","0","15","2","9","34","2555","2555","0","174215","2331","152462","224","18258","1","140","1000","3","8","49","1","2","4","21","46","60","825782","32762","0"
"r2__weapon__A__65__control","12294","7056","3000","0","25","125","737","18368","11055","0","64830","26292","18873","5039","5","4","4","1012904","44","44","3137","27820","0","1270","0","0","0","85763","0","889362","35","0","0","0","0","14","3","7","33","1924","1924","0","131057","1729","112560","195","16023","1","140","1000","3","6","190","4","2","4","18","35","60","522987","23912","0"
"r2__weapon__A__66__control","16085","3000","3960","0","33","72","1783","37120","26745","0","150308","28895","24208","27614","5","4","4","2117065","36","36","4463","129656","0","866","0","0","0","411005","58204","3137868","12","0","0","0","0","22","4","6","40","3632","3632","0","249802","3404","228706","228","18777","2","140","1000","3","8","159","3","2","4","31","12","60","690723","51822","0"
"r2__weapon__A__67__control","16764","5664","9000","0","33","75","1682","37488","25230","0","157180","24614","28737","22677","5","4","4","2010288","56","56","4862","129564","0","1122","0","0","0","386980","38745","2933801","12","0","0","0","0","23","1","8","44","3730","3730","0","253411","3476","230491","254","20203","4","140","1000","3","9","133","3","2","4","36","12","60","737505","51414","0"
"r2__weapon__A__68__control","13149","3576","3000","0","32","108","2101","27922","31515","0","106400","31292","14869","21130","5","4","4","1605260","53","53","3250","110479","0","1034","0","0","0","366005","72299","3582890","12","0","0","0","0","17","4","10","36","2806","2806","0","190596","2597","171362","209","16905","1","140","1000","3","7","192","4","2","4","20","12","60","515851","35999","0"
"r2__weapon__A__69__control","13080","3000","4080","0","24","6","666","15768","9990","0","55829","21648","20340","1757","5","4","4","959698","5","5","2893","13298","0","156","0","0","0","3575","339","15289","53","0","0","0","0","12","1","10","29","1727","1727","0","117706","1497","96886","230","18132","1","140","1000","3","7","86","2","2","4","16","54","60","681976","22097","0"
"r2__weapon__A__70__control","17170","4080","3000","0","25","3","376","21534","5640","0","68791","36003","30852","644","5","4","4","1377303","12","12","3565","24307","0","360","0","0","0","3039","0","18176","54","0","0","0","0","14","2","8","34","2257","2257","0","154704","2032","132394","225","18414","2","140","1000","3","9","19","0","2","4","21","55","60","852345","31496","0"
"r2__weapon__A__71__control","18649","8424","9000","0","28","6","546","30684","8190","0","91829","59271","29289","11118","5","4","4","1653131","28","28","4442","62390","0","618","0","0","0","145369","0","904708","27","0","0","0","0","18","2","7","35","3144","3144","0","212437","2889","188443","255","20930","3","140","1000","3","10","55","1","2","4","24","28","60","875100","40407","0"
"r2__weapon__A__72__control","19539","9000","6936","0","28","0","605","30724","9075","0","61465","97671","30284","4697","5","4","4","1944032","34","34","4884","34815","0","904","0","0","0","27130","0","239202","45","0","0","0","0","13","5","9","34","3199","3199","0","214672","2920","188132","279","20555","1","140","1000","3","10","14","0","2","4","16","46","60","1029066","34981","0"
"r2__weapon__A__73__control","7761","5736","9000","0","20","300","411","9018","6165","0","41908","3054","0","12102","5","4","4","499833","32","32","1071","47534","0","702","0","0","0","202205","3474","1224276","0","0","0","0","0","15","0","4","27","972","972","0","66681","826","55606","146","9617","1","140","1000","3","4","418","10","1","3","23","48","48","208162","12102","0"
"r2__weapon__B__42__control","17077","3000","4152","0","35","300","1911","45862","28665","0","168278","74387","22109","22499","5","4","4","2814635","37","37","4261","268973","0","770","0","0","0","747365","204120","5567397","477","0","0","0","0","23","3","8","45","4613","4613","0","315440","4208","281858","405","28167","1","140","1000","3","9","493","12","2","4","33","60","60","755094","44608","0"
"r2__weapon__B__43__control","13464","9000","5136","0","30","300","1397","26422","20955","0","106307","25409","0","31943","5","4","4","2070099","45","45","3126","192833","0","974","0","0","0","530585","137967","4010296","0","0","0","0","0","14","3","12","39","2892","2892","0","191869","2488","160876","404","28210","1","140","1000","3","7","501","12","2","4","19","60","60","533847","31943","0"
"r2__weapon__B__44__control","18292","7008","3000","0","40","300","3694","58956","55410","0","267576","38395","6085","54449","5","4","4","3943664","45","45","5513","341577","0","726","0","0","0","820265","61667","8445184","187","0","0","0","0","27","3","9","47","5992","5992","0","404118","5443","362260","549","37613","2","140","1000","3","10","591","14","2","4","36","60","60","825066","60534","0"
"r2__weapon__B__45__control","19241","5784","3000","0","39","277","3038","61558","45570","0","211059","130996","23745","19060","5","4","4","3436808","35","35","5155","301182","0","550","0","0","0","877205","236446","7438290","583","0","0","0","0","20","6","12","47","6103","6103","0","415281","5629","378648","474","30421","1","140","1000","3","10","535","13","2","4","24","60","60","884735","42805","0"
"r2__weapon__B__46__control","17649","8424","9000","0","39","300","3444","54728","51660","0","209498","90365","22556","18618","5","4","4","3319303","30","30","4898","286590","0","464","0","0","0","781685","274568","7743833","481","0","0","0","0","24","5","9","52","5563","5563","0","375147","5049","336239","514","34110","2","140","1000","3","9","596","14","2","4","32","60","60","790699","41174","0"
"r2__weapon__B__47__control","19716","6816","9000","0","38","300","2240","59578","33600","0","228256","88539","14715","40802","5","4","4","3424397","32","32","5049","322524","0","482","0","0","0","903365","110760","6803991","505","0","0","0","0","30","3","4","57","5923","5923","0","403601","5460","366867","463","31289","1","140","1000","3","10","484","12","2","4","49","60","60","915578","55517","0"
"r2__weapon__B__48__control","13766","5616","9000","0","31","300","1469","28354","22035","0","134441","11912","0","30553","5","4","4","1753742","37","37","2451","171795","0","622","0","0","0","548705","128958","3649591","0","0","0","0","0","18","3","9","43","2968","2968","0","200559","2626","174703","342","23653","3","140","1000","3","7","457","11","2","4","26","60","60","554951","30553","0"
"r2__weapon__B__49__control","18838","3888","9000","0","38","300","2675","57062","40125","0","257909","35248","0","59672","5","4","4","3953354","46","46","5326","441926","0","844","0","0","0","853025","59394","7454336","0","0","0","0","0","25","2","10","46","5802","5802","0","391233","5285","350421","517","38404","2","140","1000","3","10","515","12","2","4","34","60","60","859398","59672","0"
"r2__weapon__B__50__control","18635","8760","9000","0","41","247","3922","61136","58830","0","256091","60299","36771","28831","5","4","4","4124503","41","41","5392","426328","0","884","0","0","0","840845","300218","8994538","511","0","0","0","0","25","3","12","51","6212","6212","0","422388","5606","376117","606","40396","3","140","1000","3","10","542","13","2","4","35","60","60","848591","65602","0"
"r2__weapon__B__51__control","17168","4032","3000","0","34","250","1827","44418","27405","0","156157","83106","19096","20942","5","4","4","2871635","42","42","3984","259189","0","778","0","0","0","752825","178901","5650719","540","0","0","0","0","20","3","10","42","4547","4547","0","309059","4106","273707","441","29758","2","140","1000","3","9","397","9","2","4","25","60","60","759079","40038","0"
"r2__weapon__B__52__control","21600","9000","8400","748","42","300","3330","76450","49950","0","241474","181849","42862","6956","5","4","4","4344448","36","36","6654","429044","0","626","0","0","0","1016945","646670","9689787","705","0","0","0","0","25","4","12","58","7455","7455","0","504049","6992","468469","463","30908","0","140","1000","3","12","528","13","2","4","36","60","60","1028692","49818","0"
"r2__weapon__B__53__control","15625","9000","9000","0","33","244","1682","35834","25230","0","148184","40019","17634","19426","5","4","4","2284678","28","28","3561","195720","0","454","0","0","0","660245","153820","4553046","369","0","0","0","0","21","3","8","38","3757","3757","0","252478","3341","220621","416","27215","1","140","1000","3","8","379","9","2","4","27","60","60","669816","37060","0"
"r2__weapon__B__54__control","21600","9000","8400","148","38","300","2084","64652","31260","0","196605","155310","28183","19509","5","4","4","3506592","31","31","5290","368469","0","482","0","0","0","896705","310549","6568549","661","0","0","0","0","22","6","9","49","6384","6384","0","427336","5982","396890","402","27729","0","140","1000","3","12","520","13","2","4","29","60","60","908749","47692","0"
"r2__weapon__B__55__control","14756","5856","9000","0","29","132","1007","29034","15105","0","92870","58149","13993","18664","5","4","4","1862783","40","40","2795","157685","0","788","0","0","0","607745","134010","3268351","425","0","0","0","0","14","6","8","34","2992","2992","0","202825","2693","178729","299","19149","3","140","1000","3","8","228","5","2","4","18","60","60","618012","32657","0"
"r2__weapon__B__56__control","21600","9000","8400","556","41","300","3199","73530","47985","0","299320","82664","10384","62842","5","4","4","5098430","35","35","6886","427706","0","566","0","0","0","1018745","92913","9421213","246","0","0","0","0","24","8","8","56","7397","7397","0","495955","6821","450629","576","40745","0","140","1000","3","12","564","14","2","4","37","60","60","1025891","73226","0"
"r2__weapon__B__57__control","14474","9000","5376","0","35","300","2435","36188","36525","0","133115","58394","8549","26951","5","4","4","2188724","46","46","3173","219388","0","1006","0","0","0","591185","88519","5330314","322","0","0","0","0","23","2","9","43","3717","3717","0","254911","3321","223049","396","27902","3","140","1000","3","8","565","14","2","4","31","60","60","595110","35500","0"
"r2__weapon__B__58__control","21147","3528","3000","0","44","300","4535","78464","68025","0","322894","96668","16664","54829","5","4","4","5194195","62","62","6734","482981","0","1350","0","0","0","991406","299684","10319884","496","0","0","0","0","29","4","10","59","7712","7712","0","527150","7146","484112","566","36095","3","140","1000","3","11","588","14","2","4","42","60","60","998633","71493","0"
"r2__weapon__B__59__control","11530","9000","6720","0","26","295","996","17894","14940","0","76509","10609","0","25081","5","4","4","1066501","39","39","2000","104746","0","848","0","0","0","414545","14178","2627442","0","0","0","0","0","13","2","10","34","1972","1972","0","131919","1684","109770","288","19720","2","140","1000","3","6","435","10","2","4","19","60","60","422336","25081","0"
"r2__weapon__B__60__control","13175","4200","3000","0","28","300","1088","24250","16320","0","119507","8070","0","23802","5","4","4","1582674","20","20","2376","149278","0","324","0","0","0","513245","172362","3004442","0","0","0","0","0","18","1","8","40","2583","2583","0","175623","2245","149137","338","24244","2","140","1000","3","7","405","10","2","4","27","60","60","518041","23802","0"
"r2__weapon__B__61__control","20365","8760","3000","0","42","298","3739","70254","56085","0","266275","110718","32614","28842","5","4","4","4953716","26","26","6198","372045","0","520","0","0","0","944645","332901","9184068","608","0","0","0","0","22","6","13","60","7092","7092","0","476181","6492","430746","600","37732","1","140","1000","3","11","598","14","2","4","33","60","60","953337","61456","0"
"r2__weapon__B__62__control","14743","6168","9000","0","30","240","1230","30612","18450","0","123960","34622","0","33993","5","4","4","2179428","36","36","3143","186661","0","618","0","0","0","607325","82659","3939369","0","0","0","0","0","16","2","11","38","3256","3256","0","219084","2849","188363","407","26509","2","140","1000","3","8","377","9","2","4","21","60","60","613076","33993","0"
"r2__weapon__B__63__control","11174","4176","3000","0","23","100","543","14288","8145","0","64991","6533","0","17214","5","4","4","954858","25","25","1624","85486","0","534","0","0","0","393185","36808","1767725","0","0","0","0","0","14","1","7","26","1514","1514","0","103849","1302","88210","212","15111","1","140","1000","3","6","156","3","2","4","19","60","60","396464","17214","0"
"r2__weapon__B__64__control","21600","9000","8400","760","41","298","2919","72606","43785","0","261243","123819","29785","38827","5","4","4","4649829","48","48","6462","419580","0","676","0","0","0","1017125","282154","9166477","641","0","0","0","0","21","6","13","54","7260","7260","0","489516","6702","445756","558","35842","0","140","1000","3","12","566","14","2","4","31","60","60","1028621","68612","0"
"r2__weapon__B__65__control","13060","3000","4560","0","30","300","1538","26096","23070","0","89207","51401","7178","16618","5","4","4","1629081","41","41","2834","130094","0","936","0","0","0","506345","61250","3986294","278","0","0","0","0","18","4","7","40","2814","2814","0","190761","2409","160571","405","26357","3","140","1000","3","7","520","13","2","4","24","60","60","509223","23796","0"
"r2__weapon__B__66__control","15142","3408","3000","0","34","300","2251","37842","33765","0","166236","27086","3164","40235","5","4","4","2468094","39","39","3279","236303","0","862","0","0","0","631265","102072","5387079","128","0","0","0","0","24","4","5","43","3936","3936","0","267613","3491","233449","445","30892","1","140","1000","3","8","519","12","2","4","35","60","60","634143","43399","0"
"r2__weapon__B__67__control","21249","5976","3000","0","43","300","3916","75976","58740","0","343953","53701","12140","63651","5","4","4","5064034","62","62","6407","589555","0","1194","0","0","0","996940","134458","10232060","345","0","0","0","0","33","1","8","60","7628","7628","0","516663","6991","466686","637","43218","4","140","1000","3","11","588","14","2","4","52","60","60","1006605","75791","0"
"r2__weapon__B__68__control","16313","7512","3000","0","39","300","3440","47960","51600","0","193763","64708","3655","39692","5","4","4","3164248","54","54","4091","254834","0","1092","0","0","0","701525","174530","6743176","192","0","0","0","0","23","5","10","44","4884","4884","0","335692","4394","295305","490","33874","1","140","1000","3","9","589","14","2","4","27","60","60","705691","43347","0"
"r2__weapon__B__69__control","21600","9000","8400","670","43","300","3969","77290","59535","0","283734","141995","35256","21490","5","4","4","4959740","35","35","6246","451671","0","470","0","0","0","1025675","441778","9751315","701","0","0","0","0","33","3","6","57","7679","7679","0","519383","7113","475392","566","36908","0","140","1000","3","12","591","14","2","4","45","60","60","1037193","56746","0"
"r2__weapon__B__70__control","18115","3000","3240","0","34","271","1530","45728","22950","0","160900","79081","28992","17757","5","4","4","2742108","27","27","4405","285214","0","432","0","0","0","809285","326586","5435954","588","0","0","0","0","23","3","7","47","4651","4651","0","316244","4203","281608","448","29514","1","140","1000","3","10","398","9","2","4","37","60","60","819566","46749","0"
"r2__weapon__B__71__control","21328","7872","3000","0","40","256","2772","71278","41580","0","254991","102886","19572","61310","5","4","4","2931898","64","64","5310","390605","0","1092","0","0","0","1002065","221958","7185946","499","0","0","0","0","22","2","15","50","6780","6780","0","456593","6555","437957","225","17834","1","140","1000","3","11","436","10","2","4","26","60","60","1012316","80882","0"
"r2__weapon__B__72__control","21600","9000","8400","38","44","300","4208","80692","63120","0","275934","157133","35883","34657","5","4","4","5356022","40","40","6404","546001","0","680","0","0","0","1018745","280711","9873080","641","0","0","0","0","23","5","15","58","7925","7925","0","537955","7402","496731","523","34348","0","140","1000","3","12","597","14","2","4","33","60","60","1026797","70540","0"
"r2__weapon__B__73__control","7761","5736","9000","0","20","300","411","9018","6165","0","41908","3054","0","12102","5","4","4","499833","32","32","1071","47534","0","702","0","0","0","202205","3474","1224276","0","0","0","0","0","15","0","4","27","972","972","0","66681","826","55606","146","9617","1","140","1000","3","4","418","10","1","3","23","48","48","208162","12102","0"
"r2__weapon__C__42__control","17593","9000","8232","0","32","298","1274","38966","19110","0","131700","42141","62723","5567","5","4","4","1647322","602","602","5195","69051","0","11425","0","0","0","217881","9521","3838342","411","393","0","0","0","23","3","5","34","3845","3845","0","262229","3561","239873","284","20098","5","140","1000","3","9","461","11","2","4","27","35","59","857484","68290","0"
"r2__weapon__C__43__control","13464","9000","5136","0","30","300","1397","26422","20955","0","106307","25409","0","31943","5","4","4","2070099","45","45","3126","192833","0","974","0","0","0","530585","137967","4010296","0","0","0","0","0","14","3","12","39","2892","2892","0","191869","2488","160876","404","28210","1","140","1000","3","7","501","12","2","4","19","60","60","533847","31943","0"
"r2__weapon__C__44__control","15199","4776","3000","0","36","289","2631","39972","39465","0","179801","21611","16317","30612","5","4","4","2475181","241","241","4966","176738","0","4910","0","0","0","506611","11922","5556901","84","73","0","0","0","25","3","7","42","4114","4114","0","274666","3708","245451","406","26325","1","140","1000","3","8","487","12","2","4","33","16","59","637593","46929","0"
"r2__weapon__C__45__control","14649","8424","9000","0","32","294","1490","33476","22350","0","103916","54436","47409","3129","5","4","4","1429319","427","427","5063","46325","0","7948","0","0","0","143224","5278","3513220","388","373","0","0","0","18","3","10","41","3393","3393","0","228486","3081","205759","312","19596","2","140","1000","3","8","480","12","2","4","27","26","60","700960","50538","0"
"r2__weapon__C__46__control","12626","8976","9000","0","29","235","1340","23908","20100","0","74279","38623","32062","4163","5","4","4","1132496","315","315","4227","18056","0","5660","0","0","0","73565","1299","2291033","297","281","0","0","0","18","3","7","34","2518","2518","0","168346","2235","146697","283","19219","5","140","1000","3","7","397","9","2","4","22","19","60","537598","36225","0"
"r2__weapon__C__47__control","20628","8928","9000","0","37","296","1716","59992","25740","0","197087","83131","86023","6411","5","4","4","2868250","1034","1034","9566","83607","0","20218","0","0","0","188773","9348","5269260","515","491","0","0","0","26","4","6","46","5914","5914","0","398838","5487","368863","427","26186","1","140","1000","3","11","520","13","2","4","36","27","57","993087","92434","0"
"r2__weapon__C__48__control","13766","5616","9000","0","31","300","1469","28354","22035","0","134441","11912","0","30553","5","4","4","1753742","37","37","2451","171795","0","622","0","0","0","548705","128958","3649591","0","0","0","0","0","18","3","9","43","2968","2968","0","200559","2626","174703","342","23653","3","140","1000","3","7","457","11","2","4","26","60","60","554951","30553","0"
"r2__weapon__C__49__control","18838","3888","9000","0","38","300","2675","57062","40125","0","257909","35248","0","59672","5","4","4","3953354","46","46","5326","441926","0","844","0","0","0","853025","59394","7454336","0","0","0","0","0","25","2","10","46","5802","5802","0","391233","5285","350421","517","38404","2","140","1000","3","10","515","12","2","4","34","60","60","859398","59672","0"
"r2__weapon__C__50__control","13129","3096","3000","0","32","296","1966","29300","29490","0","98013","35095","44514","5520","5","4","4","1360913","393","393","4818","42624","0","7249","0","0","0","141942","5113","3965063","301","286","0","0","0","16","5","10","37","3008","3008","0","202802","2710","180370","298","19660","1","140","1000","3","7","556","13","2","4","20","27","60","581548","50034","0"
"r2__weapon__C__51__control","20652","8352","9000","0","39","300","2289","66514","34335","0","196976","125602","84635","3009","5","4","4","2739433","1135","1135","7745","153650","0","20052","0","0","0","293227","26965","6282003","574","548","0","0","0","20","5","13","51","6374","6374","0","429972","6097","409046","277","19750","1","140","1000","3","11","531","13","2","4","30","41","58","1052738","87644","0"
"r2__weapon__C__52__control","21600","9000","8400","98","39","300","2273","71650","34095","0","186348","161950","92662","2688","5","4","4","2984485","1160","1160","8704","149428","0","21318","0","0","0","265284","40353","6381842","633","606","0","0","0","21","7","10","44","6848","6848","0","465213","6537","440823","311","21565","0","140","1000","3","12","462","11","2","4","26","32","60","1134673","95350","0"
"r2__weapon__C__53__control","20646","8496","9000","0","39","300","2438","68704","36570","0","243672","81649","92489","6557","5","4","4","3052989","1263","1263","7837","125301","0","25276","0","0","0","332128","18608","6738829","495","466","0","0","0","29","4","5","54","6501","6501","0","446078","6213","423267","288","21711","4","140","1000","3","11","536","13","2","4","43","35","59","988899","99046","0"
"r2__weapon__C__54__control","21600","9000","8400","292","31","210","796","42680","11940","0","123298","89153","48789","4749","5","4","4","1785625","1016","1016","6738","39249","0","23480","0","0","0","118195","0","2799640","427","389","0","0","0","21","3","6","40","4197","4197","0","283407","3941","261874","256","17418","0","140","1000","3","12","288","7","2","4","29","27","36","654710","53538","0"
"r2__weapon__C__55__control","19638","8688","9000","0","33","300","1274","41734","19110","0","141422","43859","69463","4687","5","4","4","1580021","824","824","6267","62227","0","16670","0","0","0","186696","216","3960551","486","463","0","0","0","24","2","6","38","4128","4128","0","280914","3829","257028","299","21483","2","140","1000","3","10","449","11","2","4","29","33","60","879301","74150","0"
"r2__weapon__C__56__control","21600","9000","8400","140","41","300","2988","73184","44820","0","281415","81215","52988","36881","5","4","4","4816579","617","617","8699","300823","0","13164","0","0","0","715572","26447","8818475","228","217","0","0","0","23","7","10","58","7379","7379","0","493055","6793","447612","586","40556","0","140","1000","3","12","580","14","2","4","37","31","57","1021115","89869","0"
"r2__weapon__C__57__control","12642","8592","9000","0","28","120","1148","23224","17220","0","76024","29459","35682","6387","5","4","4","1299004","533","533","3707","34171","0","12743","0","0","0","107766","5286","2024567","253","231","0","0","0","18","2","7","32","2359","2359","0","162701","2113","144068","246","15149","2","140","1000","3","7","257","6","2","4","22","23","59","504648","42069","0"
"r2__weapon__C__58__control","17169","4056","3000","0","37","259","2406","50454","36090","0","203962","37457","63067","11844","5","4","4","2637953","931","931","8007","83029","0","18918","0","0","0","213535","38810","5466986","354","334","0","0","0","24","2","10","48","5013","5013","0","345756","4578","311604","435","29426","1","140","1000","3","9","524","13","2","4","33","24","54","756824","74911","0"
"r2__weapon__C__59__control","11530","9000","6720","0","26","295","996","17894","14940","0","76509","10609","0","25081","5","4","4","1066501","39","39","2000","104746","0","848","0","0","0","414545","14178","2627442","0","0","0","0","0","13","2","10","34","1972","1972","0","131919","1684","109770","288","19720","2","140","1000","3","6","435","10","2","4","19","60","60","422336","25081","0"
"r2__weapon__C__60__control","13175","4200","3000","0","28","300","1088","24250","16320","0","119507","8070","0","23802","5","4","4","1582674","20","20","2376","149278","0","324","0","0","0","513245","172362","3004442","0","0","0","0","0","18","1","8","40","2583","2583","0","175623","2245","149137","338","24244","2","140","1000","3","7","405","10","2","4","27","60","60","518041","23802","0"
"r2__weapon__C__61__control","17115","3000","3240","0","35","237","1915","47818","28725","0","160517","59253","74266","4516","5","4","4","2288883","986","986","7549","43856","0","19812","0","0","0","93651","8142","3990624","472","447","0","0","0","23","3","8","42","4731","4731","0","323056","4364","294661","367","24504","1","140","1000","3","9","479","11","2","4","28","37","57","828468","78782","0"
"r2__weapon__C__62__control","14743","6168","9000","0","30","240","1230","30612","18450","0","123960","34622","0","33993","5","4","4","2179428","36","36","3143","186661","0","618","0","0","0","607325","82659","3939369","0","0","0","0","0","16","2","11","38","3256","3256","0","219084","2849","188363","407","26509","2","140","1000","3","8","377","9","2","4","21","60","60","613076","33993","0"
"r2__weapon__C__63__control","11174","4176","3000","0","23","100","543","14288","8145","0","64991","6533","0","17214","5","4","4","954858","25","25","1624","85486","0","534","0","0","0","393185","36808","1767725","0","0","0","0","0","14","1","7","26","1514","1514","0","103849","1302","88210","212","15111","1","140","1000","3","6","156","3","2","4","19","60","60","396464","17214","0"
"r2__weapon__C__64__control","21600","9000","8400","76","39","298","2210","72294","33150","0","230031","112166","103236","5056","5","4","4","3282475","1469","1469","10588","119880","0","28742","0","0","0","219076","36904","6998353","580","539","0","0","0","24","4","10","50","7032","7032","0","479034","6616","445018","416","28545","0","140","1000","3","12","555","13","2","4","32","33","53","1086321","108292","0"
"r2__weapon__C__65__control","9748","6048","9000","0","24","245","707","13648","10605","0","47885","16730","15049","5120","5","4","4","740635","130","130","2388","28693","0","3006","0","0","0","119681","0","1722735","162","152","0","0","0","13","2","8","32","1409","1409","0","93539","1278","83952","131","8755","1","140","1000","3","5","361","9","1","4","18","25","60","337798","20169","0"
"r2__weapon__C__66__control","15686","7536","9000","0","34","252","2040","39942","30600","0","161526","30688","29793","27758","5","4","4","2478093","345","345","5391","133197","0","7282","0","0","0","436204","59869","4778967","146","135","0","0","0","24","4","5","41","4058","4058","0","276671","3657","246573","401","26906","1","140","1000","3","8","449","11","2","4","33","18","57","662447","57551","0"
"r2__weapon__C__67__control","19069","3000","4344","0","37","267","2245","55596","33675","0","236498","38272","51769","22943","5","4","4","3281523","1480","1480","8527","144513","0","37742","0","0","0","410567","39996","5272778","269","212","0","0","0","28","1","7","49","5686","5686","0","384209","5177","340574","509","34727","2","140","1000","3","10","384","9","2","4","40","19","22","801884","74712","0"
"r2__weapon__C__68__control","15615","9000","8760","0","36","240","2565","40702","38475","0","147714","53629","30701","21241","5","4","4","2451487","515","515","5611","116952","0","10360","0","0","0","378496","73246","4967629","150","127","0","0","0","20","6","9","43","4144","4144","0","277545","3773","249383","371","24260","3","140","1000","3","8","417","10","2","4","24","18","58","661376","51942","0"
"r2__weapon__C__69__control","21600","9000","8400","4","42","300","3205","76350","48075","0","253221","116601","103758","3459","5","4","4","3528048","1836","1836","10124","125265","0","40546","0","0","0","228265","51655","7556421","621","556","0","0","0","29","3","9","60","7465","7465","0","505450","7043","469816","422","28411","0","140","1000","3","12","566","14","2","4","44","38","43","1113425","107217","0"
"r2__weapon__C__70__control","19270","6480","3000","0","31","108","1044","35892","15660","0","114831","43539","62345","3260","5","4","4","1316994","631","631","5586","46986","0","12900","0","0","0","143135","0","3239015","452","425","0","0","0","19","2","9","45","3556","3556","0","242260","3283","221126","273","18285","1","140","1000","3","10","250","6","2","4","30","34","60","841947","65605","0"
"r2__weapon__C__71__control","21136","3264","3000","0","36","282","1637","57578","24555","0","184458","83173","81612","10836","5","4","4","2652737","983","983","6991","135810","0","19510","0","0","0","391971","12063","5547466","426","401","0","0","0","27","2","6","45","5669","5669","0","383479","5309","354955","360","23400","1","140","1000","3","11","470","11","2","4","35","37","56","1004362","92448","0"
"r2__weapon__C__72__control","18834","3984","9000","0","38","289","2207","59678","33105","0","161290","122015","79129","4922","5","4","4","2210275","1043","1043","9802","56302","0","19666","0","0","0","136044","0","5574696","503","477","0","0","0","19","7","11","52","5833","5833","0","387053","5553","365594","280","19697","1","140","1000","3","10","500","12","2","4","27","26","59","925499","84051","0"
"r2__weapon__C__73__control","7761","5736","9000","0","20","300","411","9018","6165","0","41908","3054","0","12102","5","4","4","499833","32","32","1071","47534","0","702","0","0","0","202205","3474","1224276","0","0","0","0","0","15","0","4","27","972","972","0","66681","826","55606","146","9617","1","140","1000","3","4","418","10","1","3","23","48","48","208162","12102","0"
"r3__people__A__42__both-off","16129","3096","3000","0","28","138","963","25526","14445","0","57159","111150","0","0","5","4","4","2664446","1266","0","4313","23631","0","0","0","0","6","15947","553","146333","48","0","0","0","0","10","6","11","39","2912","2912","0","197424","2475","155666","437","29115","2","140","1000","3","8","207","5","2","4","12","49","60","850031","0","0"
"r3__people__A__42__control","21600","9000","8400","968","32","75","1112","42910","16680","0","95664","134993","36056","3141","5","4","4","2558078","16","16","7147","28905","0","468","0","0","0","4295","0","23218","53","0","0","0","0","14","9","8","46","4328","4328","0","293718","4018","262863","310","23864","0","140","1000","3","12","138","3","2","4","24","54","60","1180338","39197","0"
"r3__people__A__42__interception-off","21600","9000","8400","968","32","75","1112","42910","16680","0","95664","134993","36056","3141","5","4","4","2558828","247","0","7147","28905","0","0","0","0","0","4295","0","23218","53","0","0","0","0","14","9","8","46","4328","4328","0","293718","4018","262863","310","23864","0","140","1000","3","12","138","3","2","4","24","54","60","1180338","39197","0"
"r3__people__A__42__offense-off","7138","3312","3000","0","20","300","543","6784","8145","0","32418","14022","0","0","5","4","4","852057","180","180","1684","21695","0","3582","0","0","0","65098","24721","814283","41","0","0","0","0","5","4","10","23","944","944","0","65164","696","41164","248","18724","2","140","1000","3","3","399","9","1","3","6","41","60","211543","0","0"
"r3__people__A__43__both-off","21600","9000","8400","316","31","18","815","38476","12225","0","98355","153889","0","0","5","4","4","5455359","2875","0","6744","44427","0","0","0","0","6","26965","1117","322508","45","0","0","0","0","12","11","7","38","4214","4214","0","288367","3680","235763","534","36123","0","140","1000","3","12","31","0","2","4","19","46","60","1153446","0","0"
"r3__people__A__43__control","18689","7464","9000","0","29","3","846","32198","12690","0","61121","111855","29218","2277","5","4","4","1934798","22","22","5180","33164","0","600","0","0","0","14835","2180","129684","48","0","0","0","0","13","7","8","34","3275","3275","0","222254","3030","197526","245","17783","1","140","1000","3","10","39","0","2","4","15","49","60","1007295","31495","0"
"r3__people__A__43__interception-off","16606","9000","8544","0","27","6","690","23002","10350","0","61570","59649","21087","3177","5","4","4","1380140","739","0","3746","24785","0","0","0","0","3","19572","4465","167151","47","0","0","0","0","11","4","11","33","2391","2391","0","162980","2165","140960","226","17497","1","140","1000","3","9","28","0","2","4","13","48","60","869880","24264","0"
"r3__people__A__43__offense-off","21600","9000","8400","168","34","10","1438","47618","21570","0","91247","216771","0","0","5","4","4","4578628","116","116","7938","31870","0","1756","0","0","0","4805","0","31443","55","0","0","0","0","12","8","13","47","5013","5013","0","339499","4504","291743","509","31481","0","140","1000","3","12","65","1","2","4","17","55","60","1195285","0","0"
"r3__people__A__44__both-off","12166","3984","3000","0","21","0","406","9912","6090","0","26969","41645","0","0","5","4","4","1268528","2248","0","2162","9190","0","0","0","0","1","22295","2945","183320","46","0","0","0","0","6","5","9","28","1255","1255","0","85286","992","60691","263","16672","2","140","1000","3","6","78","1","2","2","11","47","60","558925","0","0"
"r3__people__A__44__control","18937","3000","7512","0","30","3","884","33646","13260","0","69081","109732","30636","1257","5","4","4","1769308","20","20","5771","24003","0","430","0","0","0","10077","2414","108241","50","0","0","0","0","10","6","13","37","3439","3439","0","228875","3188","205947","251","18169","3","140","1000","3","10","95","2","2","3","15","51","60","1015296","31893","0"
"r3__people__A__44__interception-off","21600","9000","8400","876","31","66","869","38588","13035","0","80391","122736","35262","3267","5","4","4","2288009","319","0","7652","38174","0","0","0","0","1","13495","3027","136907","49","0","0","0","0","16","5","9","38","3923","3923","0","260238","3665","235315","258","18582","1","140","1000","3","12","146","3","2","4","23","50","60","1181058","38529","0"
"r3__people__A__44__offense-off","20157","3768","3000","0","29","6","832","30048","12480","0","74496","122040","0","0","5","4","4","3494901","83","83","5333","34337","0","1274","0","0","0","7655","0","62686","52","0","0","0","0","16","7","5","36","3377","3377","0","226893","2925","183496","452","30357","1","140","1000","3","11","30","0","2","4","23","52","59","1103872","0","0"
"r3__people__A__45__both-off","8644","8544","9000","0","21","300","593","8628","8895","0","39274","20036","0","0","5","4","4","1123484","3514","0","2240","17146","0","0","0","0","10","68603","18842","837653","37","0","0","0","0","6","4","10","25","1148","1148","0","77645","875","52358","273","18335","2","140","1000","3","4","381","9","1","3","8","38","60","320765","0","0"
"r3__people__A__45__control","21600","9000","8400","314","31","9","790","40110","11850","0","54543","159352","33137","2360","5","4","4","2062558","24","24","5960","30103","0","458","0","0","0","8513","1878","88239","51","0","0","0","0","12","6","12","38","3945","3945","0","266666","3729","245832","216","17274","0","140","1000","3","12","39","0","2","4","16","52","60","1161768","35497","0"
"r3__people__A__45__interception-off","21187","4488","3000","0","35","72","1537","50616","23055","0","111313","157989","45658","3646","5","4","4","3143218","439","0","7880","34190","0","0","0","0","2","16013","5086","170823","48","0","0","0","0","13","5","16","42","5083","5083","0","345426","4734","310460","349","26820","1","140","1000","3","11","140","3","2","4","16","49","60","1153400","49304","0"
"r3__people__A__45__offense-off","21600","9000","8400","728","35","75","1622","51472","24330","0","112553","213466","0","0","5","4","4","4325589","136","136","8169","32258","0","2050","0","0","0","16766","4979","192493","50","0","0","0","0","13","8","13","47","5242","5242","0","360230","4791","317186","451","34211","0","140","1000","3","12","151","3","2","4","20","50","60","1174893","0","0"
"r3__people__A__46__both-off","21600","9000","8400","1350","34","48","1359","49044","20385","0","102862","204490","0","0","5","4","4","3868048","1387","0","7611","34806","0","0","0","0","7","26085","54","239285","45","0","0","0","0","13","11","9","43","5005","5005","0","336886","4597","300499","408","29534","0","140","1000","3","12","122","3","2","4","20","46","60","1155634","0","0"
"r3__people__A__46__control","20533","9000","6792","0","33","90","1324","43356","19860","0","115634","116394","36859","3953","5","4","4","2414406","14","14","7223","29015","0","300","0","0","0","12965","0","97215","49","0","0","0","0","17","5","10","45","4444","4444","0","299181","4103","265992","341","26341","1","140","1000","3","11","144","3","2","4","27","50","60","1114371","40812","0"
"r3__people__A__46__interception-off","15148","3552","3000","0","30","63","1152","30274","17280","0","69935","89575","23830","4606","5","4","4","1315283","375","0","4919","23115","0","0","0","0","2","48995","2596","433104","40","0","0","0","0","11","6","12","36","3008","3008","0","201302","2820","185374","188","13356","1","140","1000","3","8","152","3","2","4","13","41","60","732466","28436","0"
"r3__people__A__46__offense-off","11627","8952","9000","0","25","115","957","14396","14355","0","77078","19855","0","0","5","4","4","2132856","251","251","2275","99391","0","6044","0","0","0","212908","162315","1807677","30","0","0","0","0","8","4","12","34","1865","1865","0","126965","1451","87517","414","30032","3","140","1000","3","6","138","3","2","3","11","30","60","391257","0","0"
"r3__people__A__47__both-off","21600","9000","8400","236","27","6","211","31006","3165","0","62031","142674","0","0","5","4","4","3897337","1620","0","4165","53153","0","0","0","0","0","5722","932","36085","24","0","0","0","0","12","7","7","34","3453","3453","0","235564","2972","190042","481","30859","0","140","1000","3","12","7","0","2","4","16","25","32","663450","0","0"
"r3__people__A__47__control","18449","9000","4776","0","25","6","227","25848","3405","0","82452","49268","26029","4178","5","4","4","1600101","20","20","3689","37405","0","472","0","0","0","61917","0","326883","38","0","0","0","0","15","2","7","30","2636","2636","0","177611","2432","158327","204","15684","1","140","1000","3","10","14","0","2","4","19","39","60","915636","30207","0"
"r3__people__A__47__interception-off","18449","9000","4776","0","25","6","227","25848","3405","0","82452","49268","26029","4178","5","4","4","1601182","311","0","3689","37405","0","0","0","0","0","61917","0","326883","38","0","0","0","0","15","2","7","30","2636","2636","0","177611","2432","158327","204","15684","1","140","1000","3","10","14","0","2","4","19","39","60","915636","30207","0"
"r3__people__A__47__offense-off","21600","9000","8400","134","27","9","215","30678","3225","0","60619","141260","0","0","5","4","4","3879321","78","78","4320","49639","0","1180","0","0","0","5722","932","36085","24","0","0","0","0","14","5","7","34","3453","3453","0","234765","2965","187372","488","32886","0","140","1000","3","12","13","0","2","3","20","24","29","647036","0","0"
"r3__people__A__48__both-off","15943","3000","7368","0","25","0","651","17036","9765","0","72026","43001","0","0","5","4","4","2325025","3839","0","5407","14756","0","0","0","0","10","7412","0","60558","51","0","0","0","0","11","2","11","32","2181","2181","0","148182","1709","104090","472","33155","2","140","1000","3","8","56","1","2","3","16","52","60","812556","0","0"
"r3__people__A__48__control","21600","9000","8400","500","28","9","343","35804","5145","0","87758","97854","35552","3993","5","4","4","2130015","18","18","5105","41207","0","336","0","0","0","32913","0","242170","43","0","0","0","0","15","5","7","38","3618","3618","0","243999","3371","219850","247","18842","0","140","1000","3","12","24","0","2","4","24","44","60","1143063","39545","0"
"r3__people__A__48__interception-off","21600","9000","8400","500","28","9","343","35804","5145","0","87758","97854","35552","3993","5","4","4","2130741","224","0","5105","41207","0","0","0","0","0","32913","0","242170","43","0","0","0","0","15","5","7","38","3618","3618","0","243999","3371","219850","247","18842","0","140","1000","3","12","24","0","2","4","24","44","60","1143063","39545","0"
"r3__people__A__48__offense-off","19032","3000","5232","0","25","3","397","23252","5955","0","108994","43177","0","0","5","4","4","2998159","126","126","4591","30681","0","1946","0","0","0","7349","0","53738","44","0","0","0","0","17","1","6","32","2779","2779","0","186487","2303","142365","476","34316","2","140","1000","3","10","12","0","2","4","24","44","49","828271","0","0"
"r3__people__A__49__both-off","21600","9000","8400","400","32","39","1094","41372","16410","0","78659","187970","0","0","5","4","4","3975640","1792","0","7065","33465","0","0","0","0","17","10877","2444","109867","50","0","0","0","0","9","10","12","39","4387","4387","0","294800","3944","253968","443","28171","0","140","1000","3","12","111","2","2","4","13","51","60","1182900","0","0"
"r3__people__A__49__control","21600","9000","8400","334","35","66","1523","53600","22845","0","109669","179009","46114","4126","5","4","4","2940083","36","36","8156","41975","0","888","0","0","0","36359","21","329122","43","0","0","0","0","15","7","12","43","5301","5301","0","359547","5015","330135","286","20629","0","140","1000","3","12","133","3","2","4","20","44","60","1136834","50240","0"
"r3__people__A__49__interception-off","21600","9000","8400","334","35","66","1523","53600","22845","0","109669","179009","46114","4126","5","4","4","2942334","536","0","8156","41975","0","0","0","0","0","36359","21","329122","43","0","0","0","0","15","7","12","43","5301","5301","0","359547","5015","330135","286","20629","0","140","1000","3","12","133","3","2","4","20","44","60","1136834","50240","0"
"r3__people__A__49__offense-off","21600","9000","8400","140","32","57","1137","40952","17055","0","134424","131584","0","0","5","4","4","5669749","204","204","8314","35321","0","3156","0","0","0","10903","4109","108835","56","0","0","0","0","15","5","11","48","4666","4666","0","315843","3994","250266","672","49835","0","140","1000","3","12","145","3","2","4","25","56","60","1148724","0","0"
"r3__people__A__50__both-off","14141","3384","3000","0","27","148","1024","21416","15360","0","72265","69547","0","0","5","4","4","2470735","2140","0","4244","15978","0","0","0","0","1","21977","0","235498","47","0","0","0","0","11","4","11","38","2590","2590","0","175902","2110","130508","480","34090","1","140","1000","3","7","212","5","2","3","14","48","60","715595","0","0"
"r3__people__A__50__control","15085","3000","3960","0","25","3","670","18522","10050","0","40060","54848","21407","1377","5","4","4","1143126","24","24","3316","15291","0","612","0","0","0","5903","17","41448","52","0","0","0","0","5","3","16","37","1968","1968","0","132235","1767","113039","201","14543","2","140","1000","3","8","65","1","2","3","8","53","60","782213","22784","0"
"r3__people__A__50__interception-off","19112","3000","3312","0","26","9","375","26952","5625","0","57802","82571","28378","1553","5","4","4","1747082","311","0","4588","28978","0","0","0","0","1","5885","0","39575","42","0","0","0","0","12","6","7","32","2820","2820","0","190465","2560","165294","260","20161","2","140","1000","3","10","19","0","2","4","16","43","50","857604","29931","0"
"r3__people__A__50__offense-off","14627","8952","9000","0","29","121","1202","23738","18030","0","66477","90262","0","0","5","4","4","2601746","91","91","4544","18617","0","1778","0","0","0","12185","600","100492","51","0","0","0","0","10","5","13","32","2744","2744","0","186747","2295","144633","449","30008","1","140","1000","3","8","219","5","2","4","13","51","60","761195","0","0"
"r3__people__A__51__both-off","15074","3000","4224","0","27","24","926","22474","13890","0","75559","74206","0","0","5","4","4","2543064","2211","0","4696","18644","0","0","0","0","1","27230","8632","322836","45","0","0","0","0","9","3","14","38","2654","2654","0","177917","2225","137414","429","28152","2","140","1000","3","8","75","1","2","3","14","46","60","761030","0","0"
"r3__people__A__51__control","21600","9000","8400","1178","32","45","1014","42998","15210","0","79858","148373","38354","2978","5","4","4","2479864","8","8","6991","31200","0","170","0","0","0","2270","0","12366","54","0","0","0","0","12","13","6","41","4316","4316","0","289511","4060","263900","256","19948","0","140","1000","3","12","113","2","2","4","20","55","60","1176962","41332","0"
"r3__people__A__51__interception-off","21600","9000","8400","1178","32","45","1014","42998","15210","0","79858","148373","38354","2978","5","4","4","2480178","121","0","6991","31200","0","0","0","0","0","2270","0","12366","54","0","0","0","0","12","13","6","41","4316","4316","0","289511","4060","263900","256","19948","0","140","1000","3","12","113","2","2","4","20","55","60","1176962","41332","0"
"r3__people__A__51__offense-off","21600","9000","8400","558","32","54","1042","39828","15630","0","96103","161963","0","0","5","4","4","4185912","111","111","7148","30867","0","1854","0","0","0","22130","8516","276013","49","0","0","0","0","11","6","14","45","4339","4339","0","291291","3854","243458","485","33225","0","140","1000","3","12","163","4","2","4","19","49","60","1157245","0","0"
"r3__people__A__52__both-off","21600","9000","8400","910","34","18","1227","48084","18405","0","94160","207596","0","0","5","4","4","3960003","1228","0","7269","28696","0","0","0","0","0","9798","28","105778","51","0","0","0","0","15","9","9","48","4865","4865","0","335379","4425","295830","440","33623","0","140","1000","3","12","119","2","2","4","25","52","60","1174230","0","0"
"r3__people__A__52__control","20273","6552","3000","0","33","33","1304","43566","19560","0","112008","109938","48436","2957","5","4","4","2728595","6","6","7086","28195","0","106","0","0","0","2780","12","18333","54","0","0","0","0","9","6","17","47","4446","4446","0","299709","4115","266186","331","26370","1","140","1000","3","11","133","3","2","4","14","55","60","1113098","51393","0"
"r3__people__A__52__interception-off","20273","6552","3000","0","33","33","1304","43566","19560","0","112008","109938","48436","2957","5","4","4","2728957","123","0","7086","28195","0","0","0","0","0","2780","12","18333","54","0","0","0","0","9","6","17","47","4446","4446","0","299709","4115","266186","331","26370","1","140","1000","3","11","133","3","2","4","14","55","60","1113098","51393","0"
"r3__people__A__52__offense-off","21600","9000","8400","910","34","133","1265","47568","18975","0","92165","206729","0","0","5","4","4","3975747","81","81","7300","29794","0","1512","0","0","0","9798","28","105778","53","0","0","0","0","11","8","14","46","4853","4853","0","332795","4402","292273","451","33901","0","140","1000","3","12","205","5","2","4","17","53","60","1173914","0","0"
"r3__people__A__53__both-off","21600","9000","8400","404","33","87","1175","43954","17625","0","102401","180083","0","0","5","4","4","4640258","1668","0","7661","33630","0","0","0","0","11","17126","2094","184413","47","0","0","0","0","16","6","10","38","4726","4726","0","317593","4208","267930","518","35109","0","140","1000","3","12","169","4","2","4","19","48","60","1172534","0","0"
"r3__people__A__53__control","18193","4632","3000","0","28","6","772","29294","11580","0","70677","80139","32277","1642","5","4","4","1779150","18","18","5029","23369","0","412","0","0","0","17677","25","177176","47","0","0","0","0","13","5","9","38","3042","3042","0","204997","2777","179626","265","20262","1","140","1000","3","10","75","1","2","4","17","48","60","935901","33919","0"
"r3__people__A__53__interception-off","21150","3600","3000","0","29","15","635","35610","9525","0","90748","96490","33987","1713","5","4","4","2168464","278","0","5958","33404","0","0","0","0","0","17625","25","172810","47","0","0","0","0","13","7","8","35","3649","3649","0","243888","3391","217185","258","20950","1","140","1000","3","11","50","1","2","4","16","48","60","1119567","35700","0"
"r3__people__A__53__offense-off","20653","8328","9000","0","31","111","1030","35196","15450","0","139827","90394","0","0","5","4","4","5186300","170","170","6546","39531","0","2772","0","0","0","19776","0","209183","51","0","0","0","0","13","4","13","39","4165","4165","0","278261","3485","213839","680","48040","4","140","1000","3","11","151","3","2","4","18","51","60","1108338","0","0"
"r3__people__A__54__both-off","16033","3000","5208","0","25","33","577","19936","8655","0","64339","66339","0","0","5","4","4","1979911","1086","0","4083","18896","0","0","0","0","3","15515","0","143384","48","0","0","0","0","11","5","8","35","2349","2349","0","156742","1970","121287","379","26064","4","140","1000","3","8","91","2","2","4","18","49","60","734847","0","0"
"r3__people__A__54__control","21600","9000","8400","756","28","9","362","34126","5430","0","76410","104424","32328","1731","5","4","4","2142210","8","8","4860","37700","0","242","0","0","0","5849","6","42853","34","0","0","0","0","15","5","7","41","3512","3512","0","234264","3257","208601","255","19371","0","140","1000","3","12","13","0","2","4","24","35","42","803588","34059","0"
"r3__people__A__54__interception-off","21600","9000","8400","756","28","9","362","34126","5430","0","76410","104424","32328","1731","5","4","4","2142888","121","0","4860","37700","0","0","0","0","0","5849","6","42853","34","0","0","0","0","15","5","7","41","3512","3512","0","234264","3257","208601","255","19371","0","140","1000","3","12","13","0","2","4","24","35","42","803588","34059","0"
"r3__people__A__54__offense-off","20132","3168","3000","0","28","0","603","28996","9045","0","66401","123583","0","0","5","4","4","3082365","81","81","5136","30044","0","1482","0","0","0","18593","2998","166977","48","0","0","0","0","8","9","10","35","3213","3213","0","215577","2820","177066","393","25593","1","140","1000","3","11","10","0","2","4","11","48","59","1020355","0","0"
"r3__people__A__55__both-off","21600","9000","8400","754","28","9","294","32746","4410","0","62257","146616","0","0","5","4","4","2835195","860","0","6507","39547","0","0","0","0","1","2752","0","10901","33","0","0","0","0","14","4","9","33","3466","3466","0","233613","3098","200351","368","24740","0","140","1000","3","12","21","0","2","4","19","34","39","783834","0","0"
"r3__people__A__55__control","19587","9000","8088","0","27","3","464","28844","6960","0","78980","69507","29511","2888","5","4","4","1647942","11","11","4431","32114","0","324","0","0","0","7355","0","45136","50","0","0","0","0","15","2","9","30","2952","2952","0","199053","2721","177121","231","18167","7","140","1000","3","10","24","0","2","3","18","51","59","930622","32399","0"
"r3__people__A__55__interception-off","15592","9000","8208","0","25","24","590","19134","8850","0","64972","29643","23427","2245","5","4","4","1102333","145","0","3531","17100","0","0","0","0","1","7355","0","45136","51","0","0","0","0","9","3","12","30","2051","2051","0","138050","1830","117239","221","17763","4","140","1000","3","8","88","2","2","3","13","52","60","732707","25672","0"
"r3__people__A__55__offense-off","21600","9000","8400","1268","31","42","790","38418","11850","0","73660","167225","0","0","5","4","4","2586956","72","72","7837","29587","0","1004","0","0","0","2773","12","13885","55","0","0","0","0","16","9","5","42","3941","3941","0","265345","3614","235327","327","24460","0","140","1000","3","12","109","2","2","4","23","55","60","1021080","0","0"
"r3__people__A__56__both-off","20570","9000","7680","0","27","9","527","28892","7905","0","113931","72689","0","0","5","4","4","3837025","3576","0","5623","34877","0","0","0","0","2","14555","0","135235","43","0","0","0","0","14","5","7","34","3362","3362","0","226218","2819","175848","543","39598","1","140","1000","3","11","31","0","2","4","19","44","55","984826","0","0"
"r3__people__A__56__control","21600","9000","8400","1502","34","46","1273","49206","19095","0","74291","190944","36943","3497","5","4","4","2351985","11","11","7843","32111","0","258","0","0","0","5345","0","37881","52","0","0","0","0","11","12","10","42","4819","4819","0","325211","4574","301792","245","19536","0","140","1000","3","12","105","2","2","4","15","53","60","1181478","40440","0"
"r3__people__A__56__interception-off","21600","9000","8400","826","34","81","1390","49974","20850","0","134282","128844","46638","3860","5","4","4","2818912","132","0","7942","33164","0","0","0","0","0","5345","0","37881","52","0","0","0","0","20","5","8","46","4975","4975","0","337031","4676","307094","299","23407","0","140","1000","3","12","167","4","2","4","30","53","60","1176648","50498","0"
"r3__people__A__56__offense-off","21600","9000","8400","4","35","48","1734","50508","26010","0","111988","213247","0","0","5","4","4","5125355","110","110","8971","34916","0","1810","0","0","0","9305","0","90743","54","0","0","0","0","11","7","16","42","5345","5345","0","361554","4804","309197","541","36319","0","140","1000","3","12","110","2","2","4","12","54","60","1185415","0","0"
"r3__people__A__57__both-off","19078","3000","4128","0","28","66","839","28282","12585","0","66709","117993","0","0","5","4","4","3168742","1903","0","5274","26398","0","0","0","0","0","2885","0","13069","54","0","0","0","0","9","5","13","34","3173","3173","0","211996","2752","172034","421","27294","1","140","1000","3","10","102","2","2","4","11","55","60","1012756","0","0"
"r3__people__A__57__control","17028","3000","5328","0","31","84","1262","33414","18930","0","70993","107060","31776","2494","5","4","4","1859424","9","9","5383","20097","0","278","0","0","0","2465","0","10066","54","0","0","0","0","13","7","10","42","3441","3441","0","233608","3135","205252","306","21285","1","140","1000","3","9","160","4","2","4","16","55","60","914657","34270","0"
"r3__people__A__57__interception-off","17028","3000","5328","0","31","84","1262","33414","18930","0","70993","107060","31776","2494","5","4","4","1859828","117","0","5383","20097","0","0","0","0","0","2465","0","10066","54","0","0","0","0","13","7","10","42","3441","3441","0","233608","3135","205252","306","21285","1","140","1000","3","9","160","4","2","4","16","55","60","914657","34270","0"
"r3__people__A__57__offense-off","21600","9000","8400","562","34","60","1526","47672","22890","0","85394","215845","0","0","5","4","4","4455692","103","103","8626","33431","0","1762","0","0","0","2885","0","13069","56","0","0","0","0","14","8","11","45","4939","4939","0","333859","4497","293097","442","32620","0","140","1000","3","12","122","3","2","4","21","56","60","1175718","0","0"
"r3__people__A__58__both-off","21600","9000","8400","552","31","39","842","37738","12630","0","70632","169467","0","0","5","4","4","3434697","1514","0","6046","36283","0","0","0","0","0","12594","3384","119841","49","0","0","0","0","11","7","12","49","4016","4016","0","268505","3615","230602","401","28406","0","140","1000","3","12","91","2","2","4","18","50","60","1182760","0","0"
"r3__people__A__58__control","21600","9000","8400","88","35","39","1675","51516","25125","0","160245","96255","54980","11056","5","4","4","3247906","39","39","7991","71976","0","876","0","0","0","127763","40231","1290170","28","0","0","0","0","13","8","13","47","5187","5187","0","350959","4860","316148","327","28423","1","140","1000","3","12","124","3","2","4","21","29","60","1060030","66036","0"
"r3__people__A__58__interception-off","21600","9000","8400","340","34","54","1311","48986","19665","0","143047","113143","43717","5966","5","4","4","2680645","497","0","7913","60540","0","0","0","0","0","78800","33699","883520","35","0","0","0","0","15","8","10","46","4929","4929","0","328570","4644","300076","285","22697","0","140","1000","3","12","145","3","2","4","24","36","60","1089798","49683","0"
"r3__people__A__58__offense-off","21600","9000","8400","552","31","39","842","37738","12630","0","70632","169467","0","0","5","4","4","3430720","74","74","6046","36283","0","1318","0","0","0","12594","3384","119841","49","0","0","0","0","11","7","12","49","4016","4016","0","268505","3615","230602","401","28406","0","140","1000","3","12","91","2","2","4","18","49","58","1171887","0","0"
"r3__people__A__59__both-off","5234","5616","3000","0","13","127","141","2274","2115","0","10158","6039","0","0","5","4","4","359837","2498","0","829","20760","0","0","0","0","5","99627","9375","627812","0","0","0","0","0","3","1","8","16","394","394","0","26992","248","13453","146","10795","1","140","1000","3","2","174","4","1","2","4","35","35","104890","0","0"
"r3__people__A__59__control","21600","9000","8400","432","33","36","1068","45534","16020","0","104659","128785","45498","6813","5","4","4","3107655","33","33","7513","58408","0","946","0","0","0","81299","50821","859105","35","0","0","0","0","16","4","12","49","4679","4679","0","312961","4332","277882","347","27206","0","140","1000","3","12","120","3","2","4","25","36","60","1087460","52311","0"
"r3__people__A__59__interception-off","21600","9000","8400","432","33","36","1068","45534","16020","0","104659","128785","45498","6813","5","4","4","3110274","554","0","7513","58408","0","0","0","0","0","81299","50821","859105","35","0","0","0","0","16","4","12","49","4679","4679","0","312961","4332","277882","347","27206","0","140","1000","3","12","120","3","2","4","25","36","60","1087460","52311","0"
"r3__people__A__59__offense-off","21600","9000","8400","794","32","30","1083","41440","16245","0","86855","180626","0","0","5","4","4","4587168","87","87","7124","29595","0","1526","0","0","0","7985","0","54815","52","0","0","0","0","11","12","8","42","4474","4474","0","301345","3976","253403","498","33864","0","140","1000","3","12","80","2","2","4","16","52","59","1151815","0","0"
"r3__people__A__60__both-off","4352","8448","3000","0","16","300","332","3098","4980","0","18353","2569","0","0","5","4","4","287837","1707","0","812","19051","0","0","0","0","31","72184","28297","961715","0","0","0","0","0","4","1","10","21","482","482","0","32102","329","18665","153","11180","2","140","1000","3","2","449","11","1","3","6","30","30","76560","0","0"
"r3__people__A__60__control","21600","9000","8400","368","31","39","880","40228","13200","0","98227","112984","37770","4479","5","4","4","2477825","22","22","6105","38652","0","460","0","0","0","30391","18321","231753","44","0","0","0","0","14","4","12","44","4066","4066","0","275281","3781","246283","285","21821","1","140","1000","3","12","89","2","2","4","21","45","60","1146834","42249","0"
"r3__people__A__60__interception-off","16601","9000","8424","0","30","25","1235","31660","18525","0","107302","53587","35819","3074","5","4","4","1864370","299","0","5483","24464","0","0","0","0","2","14576","5542","136037","48","0","0","0","0","14","2","13","43","3322","3322","0","222953","3031","193752","291","23171","2","140","1000","3","9","103","2","2","4","21","49","60","882434","38893","0"
"r3__people__A__60__offense-off","21099","3000","3624","0","31","3","1061","38782","15915","0","93772","161264","0","0","5","4","4","4533247","125","125","6664","32598","0","1952","0","0","0","13389","1873","129267","52","0","0","0","0","12","5","13","39","4316","4316","0","291070","3760","237240","556","36034","1","140","1000","3","11","80","2","2","4","17","52","60","1138671","0","0"
"r3__people__A__61__both-off","21594","9000","8256","0","30","9","820","36822","12300","0","110252","129425","0","0","5","4","4","5155384","2873","0","6855","37103","0","0","0","0","1","35900","0","351118","43","0","0","0","0","14","5","10","36","4185","4185","0","282263","3593","224298","592","42586","2","140","1000","3","11","41","1","2","4","18","44","60","1137018","0","0"
"r3__people__A__61__control","12119","3000","3144","0","26","36","950","18292","14250","0","59445","32002","17546","7065","5","4","4","1068528","43","43","2876","32772","0","962","0","0","0","91492","15789","973148","34","0","0","0","0","9","2","14","35","1943","1943","0","131548","1737","112256","206","15490","1","140","1000","3","6","73","1","2","4","12","34","60","510339","24611","0"
"r3__people__A__61__interception-off","11574","9000","7776","0","26","246","1008","17196","15120","0","67635","15661","16986","8083","5","4","4","1030578","970","0","2663","32506","0","0","0","0","0","91492","15789","973082","33","0","0","0","0","9","1","15","35","1864","1864","0","126292","1625","105419","239","17927","1","140","1000","3","6","261","6","2","4","13","34","60","478746","25069","0"
"r3__people__A__61__offense-off","17665","8040","9000","0","29","48","941","28226","14115","0","58852","126933","0","0","5","4","4","3146751","77","77","4963","22417","0","1408","0","0","0","5092","0","25554","53","0","0","0","0","10","6","12","40","3196","3196","0","218382","2725","173050","471","32597","2","140","1000","3","9","134","3","2","4","16","53","60","935929","0","0"
"r3__people__A__62__both-off","21600","9000","8400","250","29","15","691","34032","10365","0","92433","128680","0","0","5","4","4","4484233","4296","0","6386","45993","0","0","0","0","59","47105","2877","414332","40","0","0","0","0","15","5","8","34","3805","3805","0","254429","3318","207063","487","33316","0","140","1000","3","12","47","1","2","4","21","41","60","1122121","0","0"
"r3__people__A__62__control","21600","9000","8400","690","28","18","328","34232","4920","0","66015","114198","33707","2910","5","4","4","2132154","22","22","4835","47847","0","480","0","0","0","11235","3336","95361","26","0","0","0","0","14","6","7","36","3501","3501","0","236756","3238","209904","263","19926","0","140","1000","3","12","34","0","2","4","18","27","36","732331","36617","0"
"r3__people__A__62__interception-off","21600","9000","8400","842","30","18","617","38992","9255","0","76474","132292","31245","6567","5","4","4","2345756","951","0","5648","52766","0","0","0","0","6","78695","42283","615876","35","0","0","0","0","15","6","8","43","3922","3922","0","266824","3653","238805","269","20246","0","140","1000","3","12","52","1","2","4","20","36","60","1089870","37812","0"
"r3__people__A__62__offense-off","17714","6864","9000","0","24","0","287","20238","4305","0","76637","55815","0","0","5","4","4","2350699","193","193","3994","28539","0","2972","0","0","0","15713","2304","114901","47","0","0","0","0","12","2","9","32","2393","2393","0","159253","2011","122847","382","26801","2","140","1000","3","9","17","0","2","4","19","47","53","877470","0","0"
"r3__people__A__63__both-off","21600","9000","8400","912","28","27","367","32192","5505","0","107303","99927","0","0","5","4","4","3306854","1965","0","5353","45038","0","0","0","0","5","19822","0","131424","46","0","0","0","0","15","4","8","38","3574","3574","0","238397","3130","196834","444","31167","1","140","1000","3","12","48","1","2","4","23","47","59","1150310","0","0"
"r3__people__A__63__control","21098","3000","3648","0","29","6","572","34268","8580","0","79283","96430","36990","2573","5","4","4","2069404","9","9","5196","31584","0","280","0","0","0","2787","18","17559","54","0","0","0","0","13","3","12","40","3518","3518","0","235111","3254","209600","264","19835","1","140","1000","3","11","46","1","2","4","23","55","60","1027276","39563","0"
"r3__people__A__63__interception-off","21098","3000","3648","0","29","6","572","34268","8580","0","79283","96430","36990","2573","5","4","4","2070127","134","0","5196","31584","0","0","0","0","0","2787","18","17559","54","0","0","0","0","13","3","12","40","3518","3518","0","235111","3254","209600","264","19835","1","140","1000","3","11","46","1","2","4","23","55","60","1027276","39563","0"
"r3__people__A__63__offense-off","21600","9000","8400","262","28","18","468","32612","7020","0","77809","133657","0","0","5","4","4","4073852","97","97","6260","30352","0","1576","0","0","0","6823","0","42550","52","0","0","0","0","14","7","6","36","3634","3634","0","245847","3156","199980","478","34381","0","140","1000","3","12","54","1","2","3","19","52","58","1036970","0","0"
"r3__people__A__64__both-off","21600","9000","8400","900","32","30","992","40710","14880","0","75381","187126","0","0","5","4","4","4563617","2692","0","9354","34191","0","0","0","0","113","21078","168","209300","47","0","0","0","0","9","8","14","39","4375","4375","0","296345","3872","249675","503","33838","0","140","1000","3","12","106","2","2","4","13","48","60","1165008","0","0"
"r3__people__A__64__control","15087","3000","3912","0","28","18","914","24604","13710","0","74992","50768","24919","3687","5","4","4","1316533","16","16","4350","19741","0","350","0","0","0","22001","4178","157626","47","0","0","0","0","12","3","12","36","2578","2578","0","174066","2335","150817","243","19700","3","140","1000","3","8","104","2","2","4","20","48","60","772320","28606","0"
"r3__people__A__64__interception-off","15087","3000","3912","0","28","18","914","24604","13710","0","74992","50768","24919","3687","5","4","4","1317317","238","0","4350","19741","0","0","0","0","0","22001","4178","157626","47","0","0","0","0","12","3","12","36","2578","2578","0","174066","2335","150817","243","19700","3","140","1000","3","8","104","2","2","4","20","48","60","772320","28606","0"
"r3__people__A__64__offense-off","21600","9000","8400","850","32","18","1110","41118","16650","0","116132","151610","0","0","5","4","4","4866535","109","109","7557","35055","0","1666","0","0","0","13855","48","125818","52","0","0","0","0","10","9","12","40","4576","4576","0","305568","4018","250798","558","37826","0","140","1000","3","12","100","2","2","4","17","52","60","1169749","0","0"
"r3__people__A__65__both-off","14430","9000","4320","0","24","6","644","16226","9660","0","71808","32962","0","0","5","4","4","2197941","2783","0","3613","18168","0","0","0","0","4","31429","12884","335267","44","0","0","0","0","9","2","12","29","1976","1976","0","133180","1612","99398","364","28410","1","140","1000","3","8","36","0","2","4","13","45","60","714840","0","0"
"r3__people__A__65__control","21600","9000","8400","460","33","135","1103","45094","16545","0","91411","147869","40061","3724","5","4","4","2612712","16","16","7348","37077","0","380","0","0","0","22001","8","216663","46","0","0","0","0","15","6","11","47","4523","4523","0","305462","4228","276440","295","22397","0","140","1000","3","12","183","4","2","4","21","47","60","1163800","43785","0"
"r3__people__A__65__interception-off","21600","9000","8400","460","33","135","1103","45094","16545","0","91411","147869","40061","3724","5","4","4","2613658","329","0","7348","37077","0","0","0","0","1","22001","8","216663","46","0","0","0","0","15","6","11","47","4523","4523","0","305462","4228","276440","295","22397","0","140","1000","3","12","183","4","2","4","21","47","60","1163800","43785","0"
"r3__people__A__65__offense-off","20107","3000","3432","0","30","0","958","31632","14370","0","86362","121681","0","0","5","4","4","4318790","101","101","7341","28217","0","1586","0","0","0","5972","1037","46006","53","0","0","0","0","13","6","10","34","3617","3617","0","244495","3066","193696","551","36452","1","140","1000","3","11","34","0","2","4","16","53","59","1081680","0","0"
"r3__people__A__66__both-off","21600","9000","8400","418","33","69","1274","45106","19110","0","102013","191501","0","0","5","4","4","6313898","3367","0","11232","35218","0","0","0","0","18","32651","0","364300","43","0","0","0","0","13","8","11","39","4949","4949","0","337523","4323","275974","626","44009","0","140","1000","3","12","147","3","2","4","18","44","60","1143804","0","0"
"r3__people__A__66__control","16044","3000","4944","0","27","12","684","23964","10260","0","64192","57302","23607","5049","5","4","4","1348566","54","54","3877","32335","0","1294","0","0","0","72189","23731","641058","37","0","0","0","0","8","6","12","33","2433","2433","0","165013","2242","147408","191","14863","1","140","1000","3","8","42","1","2","3","10","37","60","759839","28656","0"
"r3__people__A__66__interception-off","17976","3000","6576","0","29","15","868","30496","13020","0","89891","63898","31434","6054","5","4","4","1712671","745","0","5088","32491","0","0","0","0","0","51515","15347","457066","39","0","0","0","0","13","6","9","34","3103","3103","0","208969","2863","187285","240","17692","1","140","1000","3","9","47","1","2","4","17","40","60","899403","37488","0"
"r3__people__A__66__offense-off","13048","3000","4848","0","26","85","833","18184","12495","0","59923","59602","0","0","5","4","4","2401333","121","121","4111","27757","0","2436","0","0","0","53887","8381","592004","43","0","0","0","0","10","4","11","32","2242","2242","0","150059","1820","110443","422","30534","1","140","1000","3","7","133","3","2","4","14","43","60","597226","0","0"
"r3__people__A__67__both-off","21600","9000","8400","600","34","84","1456","46826","21840","0","95673","205690","0","0","5","4","4","4459830","1190","0","7685","34290","0","0","0","0","0","2787","0","15417","54","0","0","0","0","13","8","12","47","4950","4950","0","336589","4432","286846","518","35226","1","140","1000","3","12","148","3","2","4","21","55","60","1187416","0","0"
"r3__people__A__67__control","19548","9000","7152","0","28","0","621","30236","9315","0","58159","99989","31824","2305","5","4","4","1744474","10","10","4523","22764","0","208","0","0","0","4992","0","29873","52","0","0","0","0","10","9","8","39","3079","3079","0","210565","2828","185888","251","18288","3","140","1000","3","10","28","0","2","4","17","53","60","1094826","34129","0"
"r3__people__A__67__interception-off","19548","9000","7152","0","28","0","621","30236","9315","0","58159","99989","31824","2305","5","4","4","1745000","215","0","4523","22764","0","0","0","0","0","4992","0","29873","52","0","0","0","0","10","9","8","39","3079","3079","0","210565","2828","185888","251","18288","3","140","1000","3","10","28","0","2","4","17","53","60","1094826","34129","0"
"r3__people__A__67__offense-off","21600","9000","8400","1014","30","21","857","37208","12855","0","82857","156888","0","0","5","4","4","3351502","76","76","6006","25320","0","1118","0","0","0","2794","18","16480","55","0","0","0","0","17","6","6","46","3934","3934","0","266844","3511","228199","423","27099","0","140","1000","3","12","62","1","2","4","28","55","59","1124300","0","0"
"r3__people__A__68__both-off","4226","5424","3000","0","16","281","326","2416","4890","0","15276","2457","0","0","5","4","4","320159","1767","0","1021","18066","0","0","0","0","9","68625","24922","923458","0","0","0","0","0","3","1","11","19","456","456","0","30643","272","14324","184","12910","5","140","1000","3","2","418","10","1","4","4","29","29","72874","0","0"
"r3__people__A__68__control","15111","3000","3336","0","31","3","1369","30238","20535","0","87795","68830","25664","9640","5","4","4","1740942","39","39","4978","41946","0","932","0","0","0","114405","10942","1300048","30","0","0","0","0","10","5","15","42","3091","3091","0","210178","2838","185580","253","18249","1","140","1000","3","8","91","2","2","4","15","31","60","677044","35304","0"
"r3__people__A__68__interception-off","15111","3000","3336","0","31","3","1369","30238","20535","0","87803","68830","25656","9640","5","4","4","1743525","775","0","4978","41917","0","0","0","0","1","114405","10942","1300048","30","0","0","0","0","10","5","15","42","3091","3091","0","210178","2838","185580","253","18249","1","140","1000","3","8","91","2","2","4","15","31","60","677044","35296","0"
"r3__people__A__68__offense-off","21600","9000","8400","50","31","15","909","40080","13635","0","94826","165634","0","0","5","4","4","4821378","130","130","6241","45910","0","2186","0","0","0","29789","21043","295306","46","0","0","0","0","14","5","11","48","4270","4270","0","293671","3775","246197","495","33211","0","140","1000","3","12","53","1","2","4","23","46","58","1134044","0","0"
"r3__people__A__69__both-off","12627","8952","9000","0","26","69","749","18536","11235","0","38920","80649","0","0","5","4","4","1859581","3175","0","3166","24681","0","0","0","0","36","43741","21318","512909","41","0","0","0","0","8","4","13","39","2074","2074","0","141900","1764","114225","310","22331","1","140","1000","3","7","130","3","2","3","12","42","60","587910","0","0"
"r3__people__A__69__control","21600","9000","8400","798","33","57","1216","46660","18240","0","80852","173198","33381","3029","5","4","4","2538184","8","8","7628","29030","0","266","0","0","0","3575","339","15289","53","0","0","0","0","10","11","11","41","4634","4634","0","311394","4370","285371","264","20934","0","140","1000","3","12","124","3","2","4","15","54","60","1194648","36410","0"
"r3__people__A__69__interception-off","21600","9000","8400","798","33","57","1216","46660","18240","0","80852","173198","33381","3029","5","4","4","2538836","144","0","7628","29030","0","0","0","0","0","3575","339","15289","53","0","0","0","0","10","11","11","41","4634","4634","0","311394","4370","285371","264","20934","0","140","1000","3","12","124","3","2","4","15","54","60","1194648","36410","0"
"r3__people__A__69__offense-off","21600","9000","8400","614","33","93","1210","44170","18150","0","101029","185109","0","0","5","4","4","4766622","107","107","7399","32429","0","1672","0","0","0","20825","2967","208588","50","0","0","0","0","16","6","10","47","4721","4721","0","321019","4203","270444","518","34881","0","140","1000","3","12","157","3","2","4","26","50","60","1165004","0","0"
"r3__people__A__70__both-off","21600","9000","8400","540","28","12","397","32606","5955","0","103374","106224","0","0","5","4","4","3327251","1222","0","5246","39062","0","0","0","0","3","21329","0","152445","41","0","0","0","0","19","3","5","43","3572","3572","0","242369","3115","199524","457","32771","0","140","1000","3","12","39","0","2","4","27","42","54","1037740","0","0"
"r3__people__A__70__control","17661","8136","9000","0","26","9","543","23482","8145","0","74065","42813","30419","594","5","4","4","1417484","7","7","3991","25358","0","182","0","0","0","3039","50","19911","54","0","0","0","0","11","3","11","38","2440","2440","0","167817","2209","144094","231","19926","3","140","1000","3","9","19","0","2","3","19","55","60","928095","31013","0"
"r3__people__A__70__interception-off","17661","8136","9000","0","26","9","543","23482","8145","0","74065","42813","30419","594","5","4","4","1417913","91","0","3991","25358","0","0","0","0","0","3039","50","19911","54","0","0","0","0","11","3","11","38","2440","2440","0","167817","2209","144094","231","19926","3","140","1000","3","9","19","0","2","3","19","55","60","928095","31013","0"
"r3__people__A__70__offense-off","17502","9000","6048","0","29","16","919","28972","13785","0","133278","52509","0","0","5","4","4","3747262","224","224","5762","36167","0","3570","0","0","0","48269","36767","481004","46","0","0","0","0","13","2","13","43","3415","3415","0","230929","2843","176331","572","45142","5","140","1000","3","9","104","2","2","4","20","46","60","860785","0","0"
"r3__people__A__71__both-off","21600","9000","8400","52","28","9","382","31474","5730","0","68692","136280","0","0","5","4","4","4230071","2252","0","4852","54866","0","0","0","0","1","43341","19322","293353","41","0","0","0","0","11","6","10","35","3602","3602","0","241455","3099","191383","503","36483","0","140","1000","3","12","12","0","2","4","17","42","60","1127070","0","0"
"r3__people__A__71__control","21600","9000","8400","726","28","9","306","34318","4590","0","80243","101137","32251","2890","5","4","4","1999576","9","9","4318","36636","0","260","0","0","0","6470","0","46681","36","0","0","0","0","14","5","8","35","3480","3480","0","234931","3247","211545","233","18410","1","140","1000","3","12","14","0","2","4","20","37","45","899522","35141","0"
"r3__people__A__71__interception-off","21600","9000","8400","726","28","9","306","34318","4590","0","80243","101137","32251","2890","5","4","4","2000133","151","0","4318","36636","0","0","0","0","0","6470","0","46681","36","0","0","0","0","14","5","8","35","3480","3480","0","234931","3247","211545","233","18410","1","140","1000","3","12","14","0","2","4","20","37","45","899522","35141","0"
"r3__people__A__71__offense-off","21600","9000","8400","964","28","15","490","33254","7350","0","100087","115763","0","0","5","4","4","4390238","94","94","4841","52198","0","1552","0","0","0","59945","33166","409700","38","0","0","0","0","10","6","11","38","3698","3698","0","251295","3209","203070","489","35445","0","140","1000","3","12","27","0","2","4","19","38","57","1080451","0","0"
"r3__people__A__72__both-off","13645","8520","9000","0","24","6","620","14652","9300","0","48979","48059","0","0","5","4","4","2008389","2945","0","3246","20049","0","0","0","0","0","38285","0","353265","42","0","0","0","0","9","4","10","27","1822","1822","0","123726","1465","89474","357","26688","2","140","1000","3","7","47","1","2","3","12","43","60","656819","0","0"
"r3__people__A__72__control","21600","9000","8400","190","30","30","721","37858","10815","0","73074","125636","37967","2527","5","4","4","2148141","20","20","5641","32624","0","506","0","0","0","14492","1913","113720","48","0","0","0","0","9","11","9","41","3808","3808","0","257647","3556","232744","252","18443","0","140","1000","3","12","50","1","2","4","12","49","60","1174986","40494","0"
"r3__people__A__72__interception-off","21600","9000","8400","190","30","30","721","37858","10815","0","73074","125636","37967","2527","5","4","4","2149475","375","0","5641","32624","0","0","0","0","0","14492","1913","113720","48","0","0","0","0","9","11","9","41","3808","3808","0","257647","3556","232744","252","18443","0","140","1000","3","12","50","1","2","4","12","49","60","1174986","40494","0"
"r3__people__A__72__offense-off","14981","3000","6456","0","25","9","648","17048","9720","0","60623","53040","0","0","5","4","4","2479339","123","123","3508","26500","0","2540","0","0","0","38285","0","353265","44","0","0","0","0","10","5","9","30","2116","2116","0","143850","1706","104071","410","30187","1","140","1000","3","8","35","0","2","3","14","44","59","735292","0","0"
"r3__people__A__73__both-off","18587","9000","8088","0","28","21","853","26158","12795","0","65279","109323","0","0","5","4","4","3618341","2399","0","5073","25351","0","0","0","0","4","13031","3810","116577","49","0","0","0","0","8","6","13","35","3119","3119","0","210401","2596","158960","523","35799","1","140","1000","3","10","98","2","2","3","12","50","60","969092","0","0"
"r3__people__A__73__control","15943","3000","7368","0","27","3","687","24922","10305","0","53416","75051","25040","5362","5","4","4","1682250","39","39","4170","33128","0","922","0","0","0","50705","9073","486679","39","0","0","0","0","10","4","12","37","2598","2598","0","178309","2345","152778","253","19440","2","140","1000","3","8","40","1","2","4","15","40","60","778501","30402","0"
"r3__people__A__73__interception-off","21600","9000","8400","1126","32","33","1067","43126","16005","0","78533","156563","31291","2947","5","4","4","2201256","206","0","6443","28253","0","0","0","0","1","5345","0","38004","52","0","0","0","0","16","7","8","48","4191","4191","0","287370","3952","265437","239","18036","0","140","1000","3","12","107","2","2","4","23","53","60","1152796","34238","0"
"r3__people__A__73__offense-off","21600","9000","8400","822","34","48","1395","46932","20925","0","111219","190984","0","0","5","4","4","4856847","169","169","9079","35586","0","2660","0","0","0","17962","5405","174547","51","0","0","0","0","9","12","12","46","4967","4967","0","337157","4450","287377","517","34954","0","140","1000","3","12","99","2","2","4","15","51","60","1168530","0","0"
"r3__people__B__42__both-off","21600","9000","8400","356","43","300","4484","73290","67260","0","274750","202585","0","0","5","4","4","8929328","53377","0","6642","502651","0","0","0","0","7","1007046","783385","11213519","602","0","0","0","0","14","8","20","51","7941","7930","11","538672","7000","447208","930","61337","0","140","1000","3","12","597","14","2","4","20","60","60","1028700","0","0"
"r3__people__B__42__control","21600","9000","8400","1256","41","300","2849","73502","42735","0","180638","223026","35668","16451","5","4","4","3982726","46","46","5814","473473","0","698","0","0","0","1016405","372186","8430504","698","0","0","0","0","15","10","15","53","7054","7054","0","482889","6653","453835","401","27106","0","140","1000","3","12","477","11","2","4","20","60","60","1028620","52119","0"
"r3__people__B__42__interception-off","21600","9000","8400","1160","41","300","2814","73556","42210","0","182882","218640","39436","15965","5","4","4","3972922","916","0","6033","444296","0","0","0","0","0","1007046","446926","8917314","698","0","0","0","0","14","9","17","54","7052","7052","0","483672","6641","454067","411","26749","0","140","1000","3","12","470","11","2","4","17","60","60","1028700","55401","0"
"r3__people__B__42__offense-off","21600","9000","8400","184","43","300","3972","74212","59580","0","224073","248356","0","0","5","4","4","7569656","865","865","6294","488665","0","25034","0","0","0","852533","532111","10029497","577","0","0","0","0","14","9","19","56","7713","7713","0","523907","6972","456282","741","51478","0","140","1000","3","12","590","14","2","4","18","37","37","854854","0","0"
"r3__people__B__43__both-off","21600","9000","8400","714","44","300","4444","76620","66660","0","196981","284305","0","0","5","4","4","5697809","32066","0","6098","492760","0","0","0","0","8","1044316","716038","10032468","642","0","0","0","0","12","14","17","55","7593","7593","0","516393","7133","470677","460","35107","0","140","1000","3","12","595","14","2","4","16","60","60","1065963","0","0"
"r3__people__B__43__control","21600","9000","8400","944","44","300","4407","82504","66105","0","227755","222940","39081","19093","5","4","4","4357648","34","34","6246","524818","0","490","0","0","0","1018745","757511","10633933","644","0","0","0","0","9","13","21","59","7908","7908","0","540205","7488","507543","420","31336","0","140","1000","3","12","597","14","2","4","15","60","60","1026261","58174","0"
"r3__people__B__43__interception-off","21600","9000","8400","214","44","300","4182","80386","62730","0","255602","179416","33659","30179","5","4","4","5234777","2154","0","6710","488756","0","0","0","0","3","1007046","499120","11168683","656","0","0","0","0","15","12","16","57","7824","7824","0","531661","7340","494307","484","32805","0","140","1000","3","12","597","14","2","4","20","60","60","1028700","63838","0"
"r3__people__B__43__offense-off","21600","9000","8400","1058","40","300","2910","68784","43650","0","205635","227670","0","0","5","4","4","6367427","542","542","6117","432336","0","12254","0","0","0","912367","288793","8002695","696","0","0","0","0","15","10","14","52","7131","7131","0","480578","6486","420244","645","47273","0","140","1000","3","12","476","11","2","4","21","60","60","922015","0","0"
"r3__people__B__44__both-off","14002","3000","5952","0","31","300","1528","27492","22920","0","114292","66230","0","0","5","4","4","2916293","20722","0","2926","192802","0","0","0","0","2","558764","166381","4008098","397","0","0","0","0","12","6","12","45","3111","3111","0","208573","2637","168384","474","28051","1","140","1000","3","7","472","11","2","4","22","60","60","572820","0","0"
"r3__people__B__44__control","21600","9000","8400","688","42","298","3223","76168","48345","0","199689","217188","31753","21472","5","4","4","4547196","32","32","6783","431074","0","514","0","0","0","1018745","588950","9842319","680","0","0","0","0","17","10","14","50","7457","7457","0","501824","7017","467433","440","31722","0","140","1000","3","12","594","14","2","4","24","60","60","1025793","53225","0"
"r3__people__B__44__interception-off","21600","9000","8400","638","40","300","2479","71022","37185","0","181394","206503","33060","19775","5","4","4","3950303","1092","0","6019","413907","0","0","0","0","1","1007046","480953","8277599","670","0","0","0","0","16","7","16","54","6917","6917","0","465523","6526","436391","391","24791","0","140","1000","3","12","489","12","2","4","19","60","60","1028700","52835","0"
"r3__people__B__44__offense-off","21600","9000","8400","702","44","300","4383","77104","65745","0","156077","327527","0","0","5","4","4","6320392","1089","1089","6745","744841","0","32260","0","0","0","951024","849035","11250860","552","0","0","0","0","12","11","20","62","7895","7895","0","530560","7244","472349","651","46956","0","140","1000","3","12","597","14","2","4","20","51","51","958678","0","0"
"r3__people__B__45__both-off","21600","9000","8400","38","43","300","4173","75600","62595","0","265359","215521","0","0","5","4","4","7421695","6655","0","7488","420446","0","0","0","0","10","1007046","503203","11443810","582","0","0","0","0","15","8","19","58","7818","7818","0","528804","7098","462884","720","47924","0","140","1000","3","12","594","14","2","4","23","60","60","1028700","0","0"
"r3__people__B__45__control","21600","9000","8400","758","39","300","2186","67646","32790","0","113789","234787","28938","39872","5","4","4","2615253","68","68","4200","330137","0","1108","0","0","0","1017168","622876","6015421","684","0","0","0","0","16","9","13","46","6383","6383","0","432401","6173","415640","210","15015","0","140","1000","3","12","419","10","2","4","22","60","60","1028414","68810","0"
"r3__people__B__45__interception-off","21600","9000","8400","748","43","298","3675","78332","55125","0","248703","181815","31987","23474","5","4","4","4219504","1430","0","5884","448693","0","0","0","0","2","1007046","804430","9348090","660","0","0","0","0","15","9","18","59","7616","7616","0","517765","7144","482204","472","31786","0","140","1000","3","12","579","14","2","4","22","60","60","1028700","55461","0"
"r3__people__B__45__offense-off","21600","9000","8400","994","43","298","4145","77610","62175","0","262112","224589","0","0","5","4","4","6042110","297","297","6001","413891","0","6234","0","0","0","1001284","577301","10491480","662","0","0","0","0","15","13","14","58","7789","7789","0","527638","7201","476318","588","40937","0","140","1000","3","12","590","14","2","4","21","60","60","1006432","0","0"
"r3__people__B__46__both-off","21600","9000","8400","1658","43","298","4328","76412","64920","0","242420","233796","0","0","5","4","4","4058809","3383","0","5352","397132","0","0","0","0","31","1007046","308027","9111545","644","0","0","0","0","14","12","16","65","7455","7455","0","502960","7083","468277","372","26744","0","140","1000","3","12","552","13","2","4","22","60","60","1028700","0","0"
"r3__people__B__46__control","21600","9000","8400","680","42","300","3361","75156","50415","0","208818","209828","33771","11514","5","4","4","3989518","36","36","5530","366140","0","502","0","0","0","1016045","448453","8635462","671","0","0","0","0","13","9","19","53","7376","7376","0","494457","6936","461103","440","30526","0","140","1000","3","12","579","14","2","4","18","60","60","1028636","45285","0"
"r3__people__B__46__interception-off","21600","9000","8400","94","44","298","4337","81416","65055","0","265286","186815","28084","23824","5","4","4","4539134","1204","0","6046","391621","0","0","0","0","2","1007046","381575","10002915","607","0","0","0","0","16","10","17","53","7921","7921","0","534867","7463","500032","458","30858","0","140","1000","3","12","588","14","2","4","22","60","60","1028700","51908","0"
"r3__people__B__46__offense-off","12054","3000","4704","0","28","285","1307","17784","19605","0","92409","27239","0","0","5","4","4","2433096","283","283","2055","162249","0","7326","0","0","0","369996","277270","3067358","120","0","0","0","0","8","5","14","38","2270","2270","0","155021","1766","108798","504","35373","1","140","1000","3","6","456","11","2","3","11","50","50","373498","0","0"
"r3__people__B__47__both-off","11278","6672","3000","0","22","294","564","11176","8460","0","38275","38536","0","0","5","4","4","1635746","4079","0","1714","89217","0","0","0","0","156","398048","64218","2073710","349","0","0","0","0","5","5","11","24","1547","1547","0","104695","1144","67728","403","27884","1","140","1000","3","6","457","11","2","3","6","60","60","409380","0","0"
"r3__people__B__47__control","21178","4272","3000","0","33","33","1120","43804","16800","0","122168","109681","24202","17282","5","4","4","2317408","32","32","3863","238627","0","482","0","0","0","988385","304904","4713754","576","0","0","0","0","15","3","14","47","4293","4293","0","290678","4023","269952","270","17345","1","140","1000","3","11","110","2","2","4","24","60","60","1003163","41484","0"
"r3__people__B__47__interception-off","21600","9000","8400","284","34","185","1302","48456","19530","0","134326","122662","24435","20348","5","4","4","2535587","819","0","4381","265698","0","0","0","0","0","1007046","296250","5253568","590","0","0","0","0","17","5","11","46","4741","4741","0","321082","4449","298293","292","19311","0","140","1000","3","12","304","7","2","4","25","60","60","1028700","44783","0"
"r3__people__B__47__offense-off","21600","9000","8400","278","41","300","2979","70926","44685","0","131213","317314","0","0","5","4","4","6469971","418","418","6353","458871","0","7952","0","0","0","986146","376439","8649609","693","0","0","0","0","12","15","13","50","7322","7322","0","495544","6659","435087","663","47017","0","140","1000","3","12","540","13","2","4","16","59","59","993181","0","0"
"r3__people__B__48__both-off","21600","9000","8400","564","32","70","1063","40470","15945","0","67891","193116","0","0","5","4","4","4971838","4668","0","3996","304827","0","0","0","0","383","970329","274157","4656134","688","0","0","0","0","10","8","13","42","4344","4344","0","293544","3859","248216","485","32537","0","140","1000","3","12","154","3","2","3","15","57","57","991980","0","0"
"r3__people__B__48__control","21600","9000","8400","730","36","300","1718","57804","25770","0","167340","149683","28075","13589","5","4","4","3589024","31","31","5151","310218","0","574","0","0","0","1006865","336325","6110439","631","0","0","0","0","15","8","12","50","5755","5755","0","388400","5327","354560","428","29713","0","140","1000","3","12","450","11","2","4","24","60","60","1014000","41664","0"
"r3__people__B__48__interception-off","20634","8784","9000","0","32","25","1050","40326","15750","0","119580","93736","24937","14143","5","4","4","2812666","1065","0","3838","215123","0","0","0","0","0","927866","336019","4229598","599","0","0","0","0","14","6","11","46","4006","4006","0","272147","3678","248070","328","19751","1","140","1000","3","11","78","1","2","4","24","58","58","948552","39080","0"
"r3__people__B__48__offense-off","21600","9000","8400","972","36","300","1763","55160","26445","0","123624","225890","0","0","5","4","4","5025205","118","118","5384","354309","0","2312","0","0","0","1010387","597857","6781003","688","0","0","0","0","15","9","11","43","5739","5739","0","388281","5184","338222","555","38767","0","140","1000","3","12","418","10","2","4","20","60","60","1017034","0","0"
"r3__people__B__49__both-off","21600","9000","8400","1106","42","300","3621","75150","54315","0","198046","270728","0","0","5","4","4","3767352","14129","0","5489","390238","0","0","0","0","32","1007046","432400","9039045","677","0","0","0","0","9","18","14","56","7218","7218","0","491262","6900","463545","318","22488","0","140","1000","3","12","549","13","2","4","13","60","60","1028700","0","0"
"r3__people__B__49__control","13520","9000","6480","0","32","255","1889","28956","28335","0","108401","40694","20378","12115","5","4","4","1815178","44","44","3082","214038","0","816","0","0","0","533945","227635","4828097","356","0","0","0","0","11","6","14","38","3079","3079","0","209916","2674","178262","405","28328","2","140","1000","3","7","455","11","2","4","15","60","60","540690","32493","0"
"r3__people__B__49__interception-off","21600","9000","8400","368","43","298","3983","79144","59745","0","197672","226898","49249","17504","5","4","4","4466639","1988","0","6941","502617","0","0","0","0","0","1007046","544745","11137545","626","0","0","0","0","13","14","15","54","7716","7716","0","522053","7272","487850","444","30730","0","140","1000","3","12","595","14","2","4","17","60","60","1028700","66753","0"
"r3__people__B__49__offense-off","21600","9000","8400","902","43","300","4072","78074","61080","0","221016","266525","0","0","5","4","4","6413873","1264","1264","7217","584515","0","30418","0","0","0","869068","747909","10781007","676","0","0","0","0","8","14","20","60","7774","7774","0","525344","7219","478687","555","37803","0","140","1000","3","12","598","14","2","3","12","51","51","881148","0","0"
"r3__people__B__50__both-off","21600","9000","8400","824","43","298","4001","78416","60015","0","272278","218788","0","0","5","4","4","5551701","14784","0","6186","479154","0","0","0","0","2","1007046","494487","10073303","652","0","0","0","0","16","10","16","63","7807","7807","0","533956","7203","482202","604","42890","0","140","1000","3","12","589","14","2","4","23","60","60","1028700","0","0"
"r3__people__B__50__control","21600","9000","8400","1262","42","300","3380","76976","50700","0","161690","260482","38992","13667","5","4","4","3935433","50","50","6654","423884","0","1012","0","0","0","1015505","526736","10138020","693","0","0","0","0","15","16","10","55","7431","7431","0","504469","7032","472918","399","29638","0","140","1000","3","12","596","14","2","4","21","60","60","1028573","52659","0"
"r3__people__B__50__interception-off","21600","9000","8400","1252","42","300","3254","76158","48810","0","144437","270703","39776","16580","5","4","4","3838783","1233","0","6648","412891","0","0","0","0","0","1007046","528455","10105847","693","0","0","0","0","16","13","12","60","7373","7373","0","500142","6969","468141","404","28646","0","140","1000","3","12","539","13","2","4","26","60","60","1028700","56356","0"
"r3__people__B__50__offense-off","21600","9000","8400","276","45","300","5141","78310","77115","0","176774","316067","0","0","5","4","4","5788323","1521","1521","6581","514445","0","36270","0","0","0","1006780","808015","11786578","540","0","0","0","0","13","15","16","62","7824","7824","0","528742","7330","479909","494","35901","0","140","1000","3","12","596","14","2","4","16","60","60","1015412","0","0"
"r3__people__B__51__both-off","21600","9000","8400","1170","41","300","3303","71404","49545","0","200863","252214","0","0","5","4","4","6370703","25649","0","6081","501426","0","0","0","0","1","1007046","900550","9680663","530","0","0","0","0","11","10","19","61","7349","7349","0","499807","6694","439708","655","46730","0","140","1000","3","12","566","14","2","4","18","60","60","1028700","0","0"
"r3__people__B__51__control","21600","9000","8400","280","38","300","2054","68454","30810","0","168316","200320","42312","14252","5","4","4","3810068","32","32","5692","373855","0","432","0","0","0","1034853","620584","8093411","707","0","0","0","0","15","9","13","45","6696","6696","0","456011","6261","421661","435","30811","0","140","1000","3","12","492","12","2","4","19","60","60","1045997","56564","0"
"r3__people__B__51__interception-off","21600","9000","8400","618","39","300","2094","68254","31410","0","159525","205738","41127","16791","5","4","4","3520219","1326","0","5991","393387","0","0","0","0","0","1024414","623836","8680165","707","0","0","0","0","13","10","15","48","6708","6708","0","449601","6305","419876","403","26420","0","140","1000","3","12","520","13","2","4","15","60","60","1046066","57918","0"
"r3__people__B__51__offense-off","21600","9000","8400","632","41","298","3274","73802","49110","0","244615","224801","0","0","5","4","4","6912112","921","921","6630","488500","0","27000","0","0","0","974054","658598","9951560","651","0","0","0","0","14","9","17","50","7458","7458","0","509222","6844","454458","614","39806","0","140","1000","3","12","582","14","2","4","19","42","42","980657","0","0"
"r3__people__B__52__both-off","21600","9000","8400","1028","42","300","3670","75946","55050","0","227692","250532","0","0","5","4","4","6262067","21099","0","6029","481311","0","0","0","0","4","1007046","585804","10369045","680","0","0","0","0","14","13","14","52","7628","7628","0","522685","6998","467364","630","44461","0","140","1000","3","12","594","14","2","4","17","60","60","1028700","0","0"
"r3__people__B__52__control","21600","9000","8400","300","41","300","3204","75838","48060","0","157686","261289","42320","6535","5","4","4","4318328","32","32","5950","455837","0","658","0","0","0","1034811","610709","9410166","705","0","0","0","0","11","12","17","57","7347","7347","0","497654","6932","465815","415","29824","0","140","1000","3","12","561","14","2","4","20","60","60","1041530","48855","0"
"r3__people__B__52__interception-off","21600","9000","8400","218","40","300","2471","70726","37065","0","114775","273297","43055","7268","5","4","4","4163307","1161","0","5690","406290","0","0","0","0","0","1022752","807847","7897075","705","0","0","0","0","10","11","18","52","6846","6846","0","466729","6440","434731","406","28334","0","140","1000","3","12","466","11","2","4","14","60","60","1044404","50323","0"
"r3__people__B__52__offense-off","21600","9000","8400","800","45","300","4957","82422","74355","0","284476","235068","0","0","5","4","4","6446330","1127","1127","5775","480218","0","31772","0","0","0","932998","625730","10977693","616","0","0","0","0","9","14","21","61","7930","7930","0","543875","7553","506706","377","24331","0","140","1000","3","12","592","14","2","4","13","45","45","941614","0","0"
"r3__people__B__53__both-off","12101","3000","3576","0","31","300","2211","21452","33165","0","46539","94046","0","0","5","4","4","2267987","4954","0","2529","160961","0","0","0","0","14","489349","291447","4763773","345","0","0","0","0","8","8","14","42","2557","2557","0","172624","2102","130980","455","32039","1","140","1000","3","6","597","14","2","3","12","60","60","501498","0","0"
"r3__people__B__53__control","21600","9000","8400","834","41","298","3181","74554","47715","0","235665","179170","28624","17720","5","4","4","4012746","42","42","5962","373171","0","658","0","0","0","1018745","279948","8279481","661","0","0","0","0","17","10","13","51","7320","7320","0","494856","6859","457969","461","33677","0","140","1000","3","12","557","13","2","4","23","60","60","1026967","46344","0"
"r3__people__B__53__interception-off","17644","8544","9000","0","34","300","1590","44754","23850","0","150884","85106","26715","17464","5","4","4","2745840","1525","0","4288","239028","0","0","0","0","0","773642","267076","5265032","529","0","0","0","0","15","7","11","49","4573","4573","0","305797","4157","274730","416","25628","1","140","1000","3","9","459","11","2","4","23","60","60","791340","44179","0"
"r3__people__B__53__offense-off","21600","9000","8400","910","43","300","4232","74422","63480","0","250075","216967","0","0","5","4","4","4092241","292","292","4877","425887","0","6552","0","0","0","1009648","607600","8795335","656","0","0","0","0","9","11","22","54","7326","7326","0","494424","6922","456440","404","27382","0","140","1000","3","12","557","13","2","4","12","59","59","1020266","0","0"
"r3__people__B__54__both-off","15048","3000","4848","0","29","237","1068","26938","16020","0","88894","84607","0","0","5","4","4","2348923","2019","0","2797","174780","0","0","0","0","4","620478","348601","3741893","447","0","0","0","0","8","7","13","34","2970","2970","0","200023","2558","164219","412","26522","1","140","1000","3","8","346","8","2","4","10","60","60","635580","0","0"
"r3__people__B__54__control","21600","9000","8400","1102","41","300","3303","74668","49545","0","224507","184298","40638","11335","5","4","4","4187753","40","40","6026","448179","0","534","0","0","0","1039781","744048","9222556","693","0","0","0","0","15","6","19","55","7333","7333","0","490169","6915","457442","418","29391","0","140","1000","3","12","542","13","2","4","19","60","60","1049431","51973","0"
"r3__people__B__54__interception-off","21600","9000","8400","1220","42","298","3349","75306","50235","0","226302","190563","35036","13007","5","4","4","4050894","1014","0","6277","450039","0","0","0","0","0","1027902","781769","9419868","693","0","0","0","0","19","6","16","57","7363","7363","0","494676","6927","461513","436","29768","0","140","1000","3","12","573","14","2","4","23","60","60","1049553","48043","0"
"r3__people__B__54__offense-off","12149","3576","3000","0","23","9","539","13496","8085","0","34075","51619","0","0","5","4","4","1143606","108","108","1484","71771","0","2864","0","0","0","402374","155301","1671042","343","0","0","0","0","3","5","14","31","1422","1422","0","96681","1248","83008","174","10987","1","140","1000","3","6","72","1","2","3","5","46","46","408349","0","0"
"r3__people__B__55__both-off","21600","9000","8400","782","39","300","2398","65172","35970","0","156880","256317","0","0","5","4","4","6425243","6051","0","6576","393726","0","0","0","0","773","1007046","219366","8266273","705","0","0","0","0","13","10","15","52","6936","6936","0","462695","6241","398153","695","49498","0","140","1000","3","12","508","12","2","4","22","60","60","1028700","0","0"
"r3__people__B__55__control","19701","7176","9000","0","38","300","2503","61768","37545","0","178377","163201","30207","13044","5","4","4","3573986","36","36","5192","376162","0","470","0","0","0","925775","593916","7526750","624","0","0","0","0","10","7","20","48","6101","6101","0","413558","5661","379980","440","28729","2","140","1000","3","10","513","12","2","4","13","60","60","939277","43251","0"
"r3__people__B__55__interception-off","21600","9000","8400","230","42","300","3232","75972","48480","0","233435","183368","39087","16268","5","4","4","4451037","1207","0","5868","459381","0","0","0","0","0","1031616","695579","8950812","687","0","0","0","0","14","9","18","55","7425","7425","0","504692","6950","467873","475","32534","0","140","1000","3","12","600","15","2","4","17","60","60","1053267","55355","0"
"r3__people__B__55__offense-off","21600","9000","8400","1472","40","300","2636","69660","39540","0","115616","317006","0","0","5","4","4","4669184","884","884","7347","404420","0","11990","0","0","0","917235","339979","8641810","705","0","0","0","0","15","16","8","60","6997","6997","0","469493","6496","427086","501","36871","0","140","1000","3","12","479","11","2","4","28","60","60","931240","0","0"
"r3__people__B__56__both-off","21600","9000","8400","558","42","300","3391","73900","50865","0","296049","167149","0","0","5","4","4","7002271","30652","0","6464","546203","0","0","0","0","6","1007046","639852","9258048","667","0","0","0","0","16","9","16","51","7482","7482","0","499432","6877","452035","605","36234","0","140","1000","3","12","572","14","2","4","21","60","60","1028700","0","0"
"r3__people__B__56__control","21600","9000","8400","688","42","300","3414","76222","51210","0","232873","183809","43367","11425","5","4","4","4546565","38","38","6923","436004","0","522","0","0","0","1016585","497242","10120144","694","0","0","0","0","11","8","22","52","7471","7471","0","502471","7021","467401","450","30997","0","140","1000","3","12","579","14","2","4","15","60","60","1028589","54792","0"
"r3__people__B__56__interception-off","21600","9000","8400","446","42","300","3385","75726","50775","0","242390","167290","46637","13851","5","4","4","4601161","1123","0","6764","413233","0","0","0","0","0","1007046","530738","9818329","694","0","0","0","0","13","9","19","56","7445","7445","0","500876","6978","464795","467","30708","0","140","1000","3","12","556","13","2","4","19","60","60","1028700","60488","0"
"r3__people__B__56__offense-off","21600","9000","8400","608","44","300","4519","75678","67785","0","237665","243807","0","0","5","4","4","6971181","1201","1201","6664","468764","0","33118","0","0","0","897796","685024","10744669","678","0","0","0","0","17","9","17","59","7718","7718","0","520093","7175","463265","543","38621","0","140","1000","3","12","596","14","2","4","24","59","59","902298","0","0"
"r3__people__B__57__both-off","21600","9000","8400","192","41","300","3255","74100","48825","0","247972","218257","0","0","5","4","4","6846411","27388","0","6732","464296","0","0","0","0","137","1007046","409310","9228426","704","0","0","0","0","14","9","17","52","7461","7461","0","505496","6857","455010","604","39267","0","140","1000","3","12","591","14","2","4","19","60","60","1028700","0","0"
"r3__people__B__57__control","21600","9000","8400","858","42","300","3391","75416","50865","0","97494","311843","47318","7537","5","4","4","3981671","34","34","6298","570789","0","476","0","0","0","1016945","687762","9666846","706","0","0","0","0","9","16","16","57","7364","7364","0","493286","6972","462525","392","29094","0","140","1000","3","12","504","12","2","4","17","60","60","1028543","54855","0"
"r3__people__B__57__interception-off","21600","9000","8400","898","43","300","3859","78248","57885","0","132859","289693","49183","10719","5","4","4","4059105","1122","0","6633","552162","0","0","0","0","0","1007046","683004","10642202","706","0","0","0","0","10","15","17","57","7676","7676","0","510997","7256","479293","420","28543","0","140","1000","3","12","597","14","2","4","14","60","60","1028700","59902","0"
"r3__people__B__57__offense-off","21600","9000","8400","798","41","298","3234","69364","48510","0","243881","205624","0","0","5","4","4","6901117","835","835","6583","478254","0","23972","0","0","0","906632","680387","9515614","704","0","0","0","0","14","8","18","55","7335","7335","0","498048","6564","425762","771","48543","0","140","1000","3","12","552","13","2","4","20","60","60","917353","0","0"
"r3__people__B__58__both-off","21600","9000","8400","296","41","300","3457","71730","51855","0","110904","340685","0","0","5","4","4","6562027","23986","0","6216","526759","0","0","0","0","4","1007046","732728","9396030","672","0","0","0","0","7","14","19","50","7374","7374","0","496410","6726","439417","648","44821","0","140","1000","3","12","508","12","2","4","8","60","60","1028700","0","0"
"r3__people__B__58__control","21600","9000","8400","272","43","300","3921","77332","58815","0","209012","204752","32794","32465","5","4","4","5157247","44","44","7037","496698","0","800","0","0","0","1018745","626752","10462436","523","0","0","0","0","14","10","18","62","7686","7686","0","515420","7167","475160","519","36397","0","140","1000","3","12","599","14","2","4","21","60","60","1024982","65259","0"
"r3__people__B__58__interception-off","21600","9000","8400","1182","42","300","3296","75864","49440","0","199547","214344","8920","49860","5","4","4","4305668","1705","0","6284","498847","0","0","0","0","0","1007046","460395","9432388","571","0","0","0","0","14","13","14","52","7339","7339","0","500149","6911","468302","428","27478","0","140","1000","3","12","499","12","2","4","20","60","60","1028700","58780","0"
"r3__people__B__58__offense-off","21600","9000","8400","556","42","300","3610","71860","54150","0","104275","347450","0","0","5","4","4","6569812","689","689","6008","541388","0","19942","0","0","0","901289","663440","9640191","672","0","0","0","0","15","11","15","51","7424","7424","0","503780","6727","441227","697","52055","0","140","1000","3","12","524","13","2","4","17","56","56","908910","0","0"
"r3__people__B__59__both-off","5234","5616","3000","0","13","127","141","2274","2115","0","10158","6039","0","0","5","4","4","359837","2498","0","829","20760","0","0","0","0","5","99627","9375","627812","0","0","0","0","0","3","1","8","16","394","394","0","26992","248","13453","146","10795","1","140","1000","3","2","174","4","1","2","4","35","35","104890","0","0"
"r3__people__B__59__control","21600","9000","8400","1112","42","300","3638","76792","54570","0","234015","173900","24415","44663","5","4","4","5132907","54","54","6764","500278","0","1078","0","0","0","1033088","779977","10118907","568","0","0","0","0","16","8","17","59","7629","7629","0","515604","7067","471185","562","38611","0","140","1000","3","12","600","15","2","4","25","60","60","1042284","69078","0"
"r3__people__B__59__interception-off","21600","9000","8400","1088","42","300","3393","75658","50895","0","225524","178129","21264","44653","5","4","4","4769437","1984","0","6446","556040","0","0","0","0","0","1020849","773536","9445535","566","0","0","0","0","18","8","15","59","7513","7513","0","503247","7020","463824","493","33677","0","140","1000","3","12","569","14","2","4","28","60","60","1042500","65917","0"
"r3__people__B__59__offense-off","21600","9000","8400","1342","42","300","3799","74628","56985","0","202592","262613","0","0","5","4","4","4395858","373","373","5837","498147","0","8808","0","0","0","979105","471309","10149975","685","0","0","0","0","13","14","14","55","7314","7314","0","493664","6925","457530","389","28459","0","140","1000","3","12","588","14","2","4","20","60","60","988763","0","0"
"r3__people__B__60__both-off","4352","8448","3000","0","16","300","332","3098","4980","0","18353","2569","0","0","5","4","4","287837","1707","0","812","19051","0","0","0","0","31","72184","28297","961715","0","0","0","0","0","4","1","10","21","482","482","0","32102","329","18665","153","11180","2","140","1000","3","2","449","11","1","3","6","30","30","76560","0","0"
"r3__people__B__60__control","21600","9000","8400","422","43","300","3868","77758","58020","0","282396","147222","15342","35363","5","4","4","4490423","33","33","5787","460208","0","476","0","0","0","1043971","799935","9110183","635","0","0","0","0","18","9","15","60","7693","7693","0","514044","7206","476461","487","33721","0","140","1000","3","12","592","14","2","4","26","60","60","1054990","50705","0"
"r3__people__B__60__interception-off","13709","6984","9000","0","33","300","2159","31186","32385","0","115441","49192","13367","17309","5","4","4","1673113","873","0","3339","173890","0","0","0","0","2","597718","484097","5350508","404","0","0","0","0","14","3","15","41","3258","3258","0","221309","2875","191816","383","26000","2","140","1000","3","7","576","14","2","4","19","60","60","611472","30676","0"
"r3__people__B__60__offense-off","21600","9000","8400","132","40","300","2829","70644","42435","0","244686","197541","0","0","5","4","4","6274039","189","189","6267","398433","0","3464","0","0","0","989628","725196","8275503","670","0","0","0","0","12","11","16","53","7091","7091","0","476778","6562","432930","529","34551","0","140","1000","3","12","542","13","2","4","16","60","60","999218","0","0"
"r3__people__B__61__both-off","21600","9000","8400","660","43","300","4111","75852","61665","0","313142","169916","0","0","5","4","4","7268854","7240","0","6715","449068","0","0","0","0","1","1007046","344118","9729520","626","0","0","0","0","16","8","18","53","7820","7820","0","525930","7114","465190","706","42872","0","140","1000","3","12","591","14","2","4","22","60","60","1028700","0","0"
"r3__people__B__61__control","20096","3000","3696","0","44","300","5222","73592","78330","0","266503","126505","19786","42313","5","4","4","2891496","48","48","4811","354682","0","838","0","0","0","928402","418446","9789112","507","0","0","0","0","13","8","22","56","7023","7023","0","477443","6714","452844","309","22336","1","140","1000","3","11","595","14","2","4","17","60","60","933242","62099","0"
"r3__people__B__61__interception-off","14098","3000","3648","0","35","300","2677","33938","40155","0","131018","47600","4180","28299","5","4","4","1444022","1043","0","2493","169069","0","0","0","0","0","564428","190374","4783355","307","0","0","0","0","13","2","19","50","3363","3363","0","230185","3109","208997","254","19088","2","140","1000","3","7","515","12","2","4","18","60","60","578580","32479","0"
"r3__people__B__61__offense-off","21600","9000","8400","122","37","298","1957","56818","29355","0","185590","182850","0","0","5","4","4","5909677","213","213","5167","342538","0","4690","0","0","0","986328","506632","7095785","695","0","0","0","0","12","8","16","43","6091","6091","0","409055","5404","347893","687","40615","0","140","1000","3","12","490","12","2","4","16","60","60","997917","0","0"
"r3__people__B__62__both-off","21600","9000","8400","840","43","300","4309","72250","64635","0","282297","174124","0","0","5","4","4","5099638","9315","0","5440","414625","0","0","0","0","305","1007046","340997","9175192","609","0","0","0","0","14","10","18","62","7312","7312","0","489689","6842","441465","470","33268","0","140","1000","3","12","571","14","2","4","28","60","60","1028700","0","0"
"r3__people__B__62__control","21600","9000","8400","1094","34","40","1371","46632","20565","0","82231","175796","11733","20130","5","4","4","2778456","34","34","4030","252930","0","520","0","0","0","1035465","550332","5619023","676","0","0","0","0","12","9","12","46","4587","4587","0","310103","4283","286620","304","20213","0","140","1000","3","12","127","3","2","4","16","60","60","1044659","31863","0"
"r3__people__B__62__interception-off","21600","9000","8400","464","38","298","1833","65392","27495","0","147265","195978","21122","44356","5","4","4","4326474","1820","0","6066","412965","0","0","0","0","6","1007046","603455","7580596","571","0","0","0","0","16","7","14","50","6460","6460","0","436208","6023","401902","437","27487","0","140","1000","3","12","442","11","2","4","22","60","60","1028700","65478","0"
"r3__people__B__62__offense-off","21600","9000","8400","300","36","298","1640","56350","24600","0","174277","193090","0","0","5","4","4","6536614","297","297","5655","370597","0","6646","0","0","0","957707","396358","6613844","662","0","0","0","0","13","8","14","42","6053","6053","0","407025","5383","343815","670","39658","0","140","1000","3","12","444","11","2","4","18","60","60","960527","0","0"
"r3__people__B__63__both-off","21600","9000","8400","442","32","63","1248","38342","18720","0","98972","152945","0","0","5","4","4","4833101","3517","0","4168","242974","0","0","0","0","2","837865","708140","5068479","642","0","0","0","0","13","5","13","42","4255","4255","0","289964","3700","234641","555","38047","0","140","1000","3","12","143","3","2","4","19","55","55","859510","0","0"
"r3__people__B__63__control","21600","9000","8400","952","44","300","4318","79134","64770","0","208390","209176","23250","47987","5","4","4","3136201","48","48","5009","413876","0","700","0","0","0","1016585","754722","9102322","705","0","0","0","0","17","10","16","57","7495","7495","0","509800","7226","487362","269","20997","0","140","1000","3","12","569","14","2","4","23","60","60","1028625","71237","0"
"r3__people__B__63__interception-off","21600","9000","8400","1094","44","300","4582","80072","68730","0","207789","213648","21250","51348","5","4","4","3103563","1130","0","5332","431136","0","0","0","0","0","1007046","702120","9307990","705","0","0","0","0","18","11","14","63","7585","7585","0","511505","7352","492709","233","17470","0","140","1000","3","12","598","14","2","4","27","60","60","1028700","72598","0"
"r3__people__B__63__offense-off","21600","9000","8400","616","39","300","2484","68682","37260","0","217096","215005","0","0","5","4","4","5805042","249","249","6096","398641","0","5644","0","0","0","1005467","333097","7854575","689","0","0","0","0","16","7","15","51","6926","6926","0","466657","6389","421720","537","34556","0","140","1000","3","12","492","12","2","4","26","60","60","1014147","0","0"
"r3__people__B__64__both-off","21600","9000","8400","188","43","300","4701","66610","70515","0","310040","134152","0","0","5","4","4","9875181","51974","0","7084","609447","0","0","0","0","80","1007046","444253","11445408","653","0","0","0","0","19","5","18","57","7985","7378","607","501095","6413","407791","965","56903","0","140","1000","3","12","594","14","2","4","27","60","60","1028700","0","0"
"r3__people__B__64__control","21600","9000","8400","766","43","300","3696","78950","55440","0","217558","215290","33116","23328","5","4","4","4167540","45","45","6136","442249","0","646","0","0","0","1018025","592566","10380541","651","0","0","0","0","10","16","16","59","7657","7657","0","520739","7214","486032","443","31447","0","140","1000","3","12","595","14","2","4","17","60","60","1028641","56444","0"
"r3__people__B__64__interception-off","21600","9000","8400","820","42","300","3575","78030","53625","0","215696","214736","29946","24164","5","4","4","4140479","1113","0","5815","472091","0","0","0","0","0","1007046","611601","9312358","651","0","0","0","0","11","15","15","64","7599","7599","0","516024","7139","480650","460","31482","0","140","1000","3","12","598","14","2","4","20","60","60","1028700","54110","0"
"r3__people__B__64__offense-off","21600","9000","8400","1044","38","296","2173","66498","32595","0","203667","222553","0","0","5","4","4","5983995","1036","1036","6008","385800","0","31748","0","0","0","749912","354130","7460081","670","0","0","0","0","15","10","12","49","6789","6789","0","464081","6176","408511","613","37861","0","140","1000","3","12","484","12","2","4","22","30","30","753912","0","0"
"r3__people__B__65__both-off","21600","9000","8400","14","43","300","4270","70446","64050","0","260952","199320","0","0","5","4","4","8976322","43515","0","7186","532838","0","0","0","0","9","1007046","448955","11137999","634","0","0","0","0","18","7","17","55","7829","7723","106","523022","6802","429831","921","62750","0","140","1000","3","12","599","14","2","4","28","60","60","1028700","0","0"
"r3__people__B__65__control","18294","7056","3000","0","37","300","2211","54188","33165","0","162136","129356","25296","20118","5","4","4","3317522","52","52","4728","294499","0","1076","0","0","0","820385","223040","6050314","541","0","0","0","0","12","7","17","49","5376","5376","0","362338","4990","333055","386","25432","1","140","1000","3","10","503","12","2","4","16","60","60","825132","45414","0"
"r3__people__B__65__interception-off","17313","7512","3000","0","34","291","1699","45428","25485","0","138395","102874","23859","20109","5","4","4","2909399","1635","0","4302","252559","0","0","0","0","1","754113","238336","5400524","508","0","0","0","0","11","8","14","42","4582","4582","0","309934","4182","278666","400","24697","1","140","1000","3","9","480","12","2","4","14","60","60","771480","43968","0"
"r3__people__B__65__offense-off","21600","9000","8400","314","43","300","3971","76114","59565","0","215797","265829","0","0","5","4","4","6659886","948","948","7254","479383","0","27440","0","0","0","811797","637899","10853930","693","0","0","0","0","13","12","17","54","7801","7801","0","528057","7125","466441","676","46431","0","140","1000","3","12","597","14","2","4","16","53","53","815362","0","0"
"r3__people__B__66__both-off","21600","9000","8400","838","45","300","5354","75824","80310","0","268029","212627","0","0","5","4","4","5408458","3295","0","48484","250178","0","0","0","0","49","1007046","243300","11897620","632","0","0","0","0","15","12","17","59","7722","7722","0","525278","6967","467918","755","44622","0","140","1000","3","12","578","14","2","4","22","60","60","1028700","0","0"
"r3__people__B__66__control","19637","8712","9000","0","40","300","3109","63250","46635","0","229833","110923","17596","37780","5","4","4","4434824","39","39","5141","401942","0","856","0","0","0","900965","386283","8227594","512","0","0","0","0","15","9","15","51","6393","6393","0","434586","5810","389625","583","38454","2","140","1000","3","10","556","13","2","4","19","60","60","904251","55376","0"
"r3__people__B__66__interception-off","18298","7152","3000","0","38","300","2512","55040","37680","0","175990","116955","21409","29689","5","4","4","3488615","1692","0","4511","315994","0","0","0","0","0","812228","594636","6893262","493","0","0","0","0","11","8","18","47","5486","5486","0","373061","5045","338516","441","29018","2","140","1000","3","10","517","12","2","4","13","60","60","830580","51098","0"
"r3__people__B__66__offense-off","21600","9000","8400","784","44","298","4357","78000","65355","0","242162","249714","0","0","5","4","4","6943191","780","780","6758","509920","0","23872","0","0","0","726571","465662","10314258","600","0","0","0","0","16","12","15","59","7925","7925","0","541304","7256","479689","669","49428","0","140","1000","3","12","589","14","2","4","21","52","52","729925","0","0"
"r3__people__B__67__both-off","21600","9000","8400","816","37","105","1877","59550","28155","0","183154","196931","0","0","5","4","4","6043176","18546","0","5375","374342","0","0","0","0","90","1007046","463155","7247416","705","0","0","0","0","15","6","15","50","6009","6009","0","411295","5482","366437","527","31210","1","140","1000","3","12","212","5","2","4","21","60","60","1028700","0","0"
"r3__people__B__67__control","21600","9000","8400","1374","43","300","4073","79584","61095","0","211123","228231","40254","10485","5","4","4","4261365","36","36","6748","475097","0","548","0","0","0","1016405","547267","10395448","696","0","0","0","0","16","15","11","61","7705","7705","0","521165","7285","487842","420","31072","0","140","1000","3","12","558","13","2","4","24","60","60","1028530","50739","0"
"r3__people__B__67__interception-off","21600","9000","8400","1360","44","300","4184","81210","62760","0","216265","233662","39102","13126","5","4","4","4321134","1018","0","6721","483437","0","0","0","0","0","1007046","540588","10924233","696","0","0","0","0","13","15","15","69","7805","7805","0","531927","7379","499425","426","29772","0","140","1000","3","12","594","14","2","4","20","60","60","1028700","52228","0"
"r3__people__B__67__offense-off","21600","9000","8400","1510","41","300","3023","72914","45345","0","199011","258504","0","0","5","4","4","5806019","600","600","5617","557091","0","16524","0","0","0","922993","570183","8805359","705","0","0","0","0","13","11","16","57","7302","7302","0","501730","6692","448866","610","44215","0","140","1000","3","12","568","14","2","4","18","50","50","935212","0","0"
"r3__people__B__68__both-off","4226","5424","3000","0","16","281","326","2416","4890","0","15276","2457","0","0","5","4","4","320159","1767","0","1021","18066","0","0","0","0","9","68625","24922","923458","0","0","0","0","0","3","1","11","19","456","456","0","30643","272","14324","184","12910","5","140","1000","3","2","418","10","1","4","4","29","29","72874","0","0"
"r3__people__B__68__control","17219","5256","3000","0","39","300","3419","53028","51285","0","235019","53454","13357","29959","5","4","4","3553280","41","41","4945","277492","0","882","0","0","0","755885","290050","7891596","389","0","0","0","0","16","5","17","49","5360","5360","0","366428","4835","326554","525","34639","2","140","1000","3","9","594","14","2","4","22","60","60","762160","43316","0"
"r3__people__B__68__interception-off","17680","7680","9000","0","39","300","3369","55510","50535","0","216860","80571","14072","35109","5","4","4","3678476","1795","0","5027","261315","0","0","0","0","1","775766","312381","7961654","404","0","0","0","0","17","4","17","55","5552","5552","0","379718","5047","341308","505","33106","5","140","1000","3","9","592","14","2","4","23","60","60","793500","49181","0"
"r3__people__B__68__offense-off","11618","9000","8832","0","28","296","1408","18786","21120","0","65734","58615","0","0","5","4","4","1881936","127","127","2065","121245","0","2990","0","0","0","428627","297737","3564309","303","0","0","0","0","4","6","17","37","2197","2197","0","149046","1792","114505","405","24697","2","140","1000","3","6","573","14","2","3","7","60","60","432589","0","0"
"r3__people__B__69__both-off","5944","3000","7344","0","19","300","539","5128","8085","0","19255","17506","0","0","5","4","4","601568","2430","0","1021","41059","0","0","0","0","36","126326","96509","1304826","92","0","0","0","0","6","1","11","25","768","768","0","52897","539","31191","229","16136","1","140","1000","3","3","455","11","1","3","7","42","42","132303","0","0"
"r3__people__B__69__control","21600","9000","8400","1466","44","298","4543","81594","68145","0","230832","227107","32091","14701","5","4","4","4131134","42","42","5952","476381","0","556","0","0","0","1025495","516120","10548905","701","0","0","0","0","13","17","13","59","7908","7908","0","536475","7450","502957","458","31744","0","140","1000","3","12","568","14","2","4","17","60","60","1037080","46792","0"
"r3__people__B__69__interception-off","21600","9000","8400","316","44","300","4512","80754","67680","0","214373","229602","46226","11880","5","4","4","4663781","1023","0","6430","510962","0","0","0","0","2","1016616","742102","9969662","701","0","0","0","0","10","15","18","49","7835","7835","0","534356","7350","498076","485","32275","0","140","1000","3","12","589","14","2","3","12","60","60","1038268","58106","0"
"r3__people__B__69__offense-off","21600","9000","8400","1112","43","300","3822","76734","57330","0","239593","238733","0","0","5","4","4","5455560","220","220","6089","517448","0","4754","0","0","0","1010164","878396","9942642","605","0","0","0","0","12","9","21","67","7627","7627","0","513611","7110","471689","517","35285","0","140","1000","3","12","536","13","2","4","22","60","60","1016730","0","0"
"r3__people__B__70__both-off","21600","9000","8400","850","35","298","1591","49876","23865","0","152068","170147","0","0","5","4","4","4522304","3100","0","4462","307626","0","0","0","0","6","1007046","434440","5992646","653","0","0","0","0","15","5","14","48","5167","5167","0","358121","4612","307461","555","35906","0","140","1000","3","12","468","11","2","4","22","60","60","1028700","0","0"
"r3__people__B__70__control","21600","9000","8400","1244","37","300","1914","63270","28710","0","170040","184201","31332","6001","5","4","4","3115970","36","36","5059","371714","0","480","0","0","0","888837","673334","6612904","688","0","0","0","0","13","8","15","53","6145","6145","0","416314","5781","389112","364","24740","0","140","1000","3","12","466","11","2","4","21","60","60","902849","37333","0"
"r3__people__B__70__interception-off","21600","9000","8400","1492","36","300","1783","53492","26745","0","100324","194259","29835","7034","5","4","4","2403418","774","0","4214","295180","0","0","0","0","1","915968","663294","6562632","695","0","0","0","0","10","9","16","50","5164","5164","0","351999","4868","329635","296","20547","0","140","1000","3","12","473","11","2","3","17","60","60","937614","36869","0"
"r3__people__B__70__offense-off","21600","9000","8400","890","43","300","3877","76088","58155","0","228415","249041","0","0","5","4","4","6301792","505","505","6439","502063","0","8578","0","0","0","972049","732642","9712717","603","0","0","0","0","11","12","19","55","7685","7685","0","524163","7066","467916","619","46707","0","140","1000","3","12","598","14","2","4","16","60","60","975784","0","0"
"r3__people__B__71__both-off","21600","9000","8400","1396","34","39","1258","48990","18870","0","97092","211219","0","0","5","4","4","4622579","3767","0","4874","309966","0","0","0","0","3","1007046","414247","5739930","615","0","0","0","0","13","10","10","47","5040","5040","0","337254","4622","299223","418","28943","0","140","1000","3","12","113","2","2","4","21","60","60","1028700","0","0"
"r3__people__B__71__control","21600","9000","8400","306","36","298","1698","57884","25470","0","159733","154898","36166","8951","5","4","4","3611730","31","31","4577","337867","0","510","0","0","0","975905","503999","5717712","690","0","0","0","0","19","6","10","46","5752","5752","0","388372","5334","355600","418","28624","2","140","1000","3","12","439","10","2","4","25","60","60","988468","45117","0"
"r3__people__B__71__interception-off","21600","9000","8400","666","36","298","1654","58090","24810","0","146444","168744","32632","13352","5","4","4","3511673","978","0","4717","306221","0","0","0","0","0","967806","433163","6218931","690","0","0","0","0","15","9","11","44","5702","5702","0","386223","5329","357315","373","25051","0","140","1000","3","12","444","11","2","4","20","60","60","989460","45984","0"
"r3__people__B__71__offense-off","21600","9000","8400","1080","40","300","3086","69304","46290","0","176604","265159","0","0","5","4","4","6509333","237","237","6674","476390","0","5514","0","0","0","1021558","763946","8970657","592","0","0","0","0","10","11","18","55","7182","7182","0","488194","6499","424649","683","46431","0","140","1000","3","12","514","12","2","4","17","60","60","1027280","0","0"
"r3__people__B__72__both-off","21600","9000","8400","686","44","300","4381","78390","65715","0","272966","223293","0","0","5","4","4","7588405","43564","0","6994","524436","0","0","0","0","1","1007046","333593","10747250","622","0","0","0","0","14","13","16","52","7924","7924","0","536427","7298","480818","626","40168","0","140","1000","3","12","594","14","2","4","18","60","60","1028700","0","0"
"r3__people__B__72__control","21600","9000","8400","688","38","298","2164","62960","32460","0","133730","207713","30406","17665","5","4","4","3420873","41","41","5119","348453","0","772","0","0","0","1034534","682262","6865077","668","0","0","0","0","11","9","17","48","6158","6158","0","416249","5790","387318","368","26735","0","140","1000","3","12","500","12","2","4","18","60","60","1047528","48071","0"
"r3__people__B__72__interception-off","21600","9000","8400","664","37","298","1823","60210","27345","0","118051","208451","28708","17696","5","4","4","3265951","1026","0","5317","326950","0","0","0","0","0","1026075","727461","6785354","668","0","0","0","0","9","8","19","47","5858","5858","0","397019","5508","369512","350","24113","0","140","1000","3","12","433","10","2","4","16","60","60","1047726","46404","0"
"r3__people__B__72__offense-off","21600","9000","8400","868","43","300","4152","80060","62280","0","267480","230156","0","0","5","4","4","6071916","825","825","6968","508449","0","24894","0","0","0","721272","470900","10726933","622","0","0","0","0","12","11","19","51","7905","7905","0","535363","7364","492192","541","37727","0","140","1000","3","12","594","14","2","4","15","52","52","725508","0","0"
"r3__people__B__73__both-off","13645","8520","9000","0","26","6","762","19092","11430","0","53039","70768","0","0","5","4","4","2041394","10235","0","1794","120593","0","0","0","0","4","575186","362289","2519269","406","0","0","0","0","8","5","12","39","2018","2018","0","138879","1767","117722","251","15072","1","140","1000","3","7","71","1","2","4","14","60","60","588880","0","0"
"r3__people__B__73__control","21600","9000","8400","386","42","300","3289","75550","49335","0","223673","182615","37277","28967","5","4","4","5472538","39","39","6286","535070","0","686","0","0","0","1018745","524272","9927472","604","0","0","0","0","12","6","23","52","7421","7421","0","508414","6870","465343","551","35882","0","140","1000","3","12","525","13","2","4","18","60","60","1023281","66244","0"
"r3__people__B__73__interception-off","21600","9000","8400","1160","43","300","3886","78672","58290","0","199800","227121","48102","12198","5","4","4","4326128","1285","0","6214","460563","0","0","0","0","3","1023456","701872","10050396","694","0","0","0","0","12","11","19","53","7639","7639","0","517478","7208","483953","431","30257","0","140","1000","3","12","597","14","2","4","20","60","60","1045108","60300","0"
"r3__people__B__73__offense-off","21600","9000","8400","930","45","300","5376","79644","80640","0","279594","229335","0","0","5","4","4","7023296","973","973","5361","486255","0","27156","0","0","0","799238","605158","10597159","552","0","0","0","0","12","12","20","56","7967","7967","0","546183","7438","490288","529","37254","0","140","1000","3","12","587","14","2","4","17","37","37","804292","0","0"
"r3__people__C__42__both-off","21600","9000","8400","440","42","298","3580","76682","53700","0","226377","258227","0","0","5","4","4","6297573","61693","0","10668","119021","0","0","0","0","6","188561","42423","7763707","474","464","0","0","0","11","10","20","52","7674","7674","0","523439","7063","471466","611","38835","0","140","1000","3","12","564","14","2","4","17","21","60","1111208","0","0"
"r3__people__C__42__control","21600","9000","8400","590","40","300","2714","74888","40710","0","201605","166769","93295","3387","5","4","4","3327169","1145","1145","7748","206502","0","22006","0","0","0","336912","108242","7499906","578","553","0","0","0","16","10","13","53","7153","7153","0","489696","6789","461609","364","24640","0","140","1000","3","12","587","14","2","4","25","40","59","1144395","96682","0"
"r3__people__C__42__interception-off","21600","9000","8400","840","41","300","2791","76934","41865","0","199235","180869","89957","5263","5","4","4","2750567","7081","0","8432","194900","0","0","0","0","0","301058","93512","7642646","452","444","0","0","0","19","9","12","58","7284","7284","0","494685","7020","474124","264","19361","0","140","1000","3","12","581","14","2","4","28","30","60","1149366","95220","0"
"r3__people__C__42__offense-off","6466","9000","5184","0","19","300","505","5868","7575","0","30041","10770","0","0","5","4","4","685815","396","396","1491","21481","0","10356","0","0","0","67436","24968","1012030","72","50","0","0","0","5","3","10","21","846","846","0","58150","608","35612","238","17339","2","140","1000","3","3","431","10","1","3","6","16","32","135990","0","0"
"r3__people__C__43__both-off","13095","3000","3720","0","27","186","1067","20776","16005","0","69621","73636","0","0","5","4","4","2755739","34517","0","4040","41846","0","0","0","0","5","118367","20139","2816834","304","292","0","0","0","6","9","11","33","2548","2548","0","174525","2042","127189","506","31268","1","140","1000","3","7","285","7","2","4","8","18","60","599781","0","0"
"r3__people__C__43__control","21102","3000","3552","0","41","300","3061","71930","45915","0","233972","117904","91461","3392","5","4","4","3777590","1129","1129","7135","264308","0","20786","0","0","0","371043","178719","7894671","569","547","0","0","0","12","9","19","48","7105","7105","0","478898","6622","441644","483","32169","1","140","1000","3","11","597","14","2","4","16","45","60","1095517","94853","0"
"r3__people__C__43__interception-off","17760","5760","9000","0","37","264","2308","54396","34620","0","161411","97569","72130","5215","5","4","4","2143920","8471","0","7863","92365","0","0","0","0","3","194236","36133","5880247","420","405","0","0","0","15","8","13","46","5256","5256","0","355943","4967","333709","289","19618","1","140","1000","3","9","515","12","2","4","21","21","60","891030","77345","0"
"r3__people__C__43__offense-off","18118","3000","3168","0","33","300","1490","39300","22350","0","68649","190806","0","0","5","4","4","4116073","2630","2630","9057","41363","0","64796","0","0","0","63577","7357","3408270","576","485","0","0","0","10","8","14","43","4578","4578","0","308440","3833","239106","745","48985","1","140","1000","3","10","462","11","2","4","17","16","17","680097","0","0"
"r3__people__C__44__both-off","12059","3000","4584","0","24","227","814","12606","12210","0","41310","44860","0","0","5","4","4","1480309","27215","0","2772","20356","0","0","0","0","2","87857","9332","1745014","292","280","0","0","0","4","5","14","33","1669","1669","0","111916","1287","76535","382","25746","1","140","1000","3","6","346","8","2","2","7","20","60","521110","0","0"
"r3__people__C__44__control","20627","8952","9000","0","41","298","3289","72094","49335","0","220410","135776","88250","3510","5","4","4","3577205","1269","1269","8477","188212","0","23236","0","0","0","294326","112928","7918099","570","541","0","0","0","14","4","22","52","7110","7110","0","477963","6643","442743","467","30017","1","140","1000","3","11","573","14","2","3","18","29","58","1069940","91760","0"
"r3__people__C__44__interception-off","21600","9000","8400","134","34","300","1333","50156","19995","0","120696","113026","70021","5426","5","4","4","1935645","5463","0","6243","140874","0","0","0","0","1","309574","88002","4835772","432","419","0","0","0","12","6","15","40","4867","4867","0","325392","4631","307756","236","16223","0","140","1000","3","12","450","11","2","4","15","19","60","1039660","75447","0"
"r3__people__C__44__offense-off","21600","9000","8400","36","38","299","2066","64912","30990","0","157180","262137","0","0","5","4","4","6092270","3972","3972","10511","80538","0","102716","0","0","0","150703","42364","5978586","686","488","0","0","0","15","9","13","46","6884","6884","0","467486","6145","398529","739","48169","0","140","1000","3","12","506","12","2","4","21","26","26","735204","0","0"
"r3__people__C__45__both-off","7630","8880","9000","0","21","285","623","7442","9345","0","37501","13992","0","0","5","4","4","911372","11830","0","1916","27212","0","0","0","0","10","109948","22740","1740631","115","105","0","0","0","7","3","10","25","1031","1031","0","68846","774","44639","257","17353","2","140","1000","3","4","438","10","1","3","10","25","60","232121","0","0"
"r3__people__C__45__control","21600","9000","8400","1112","34","15","1249","50402","18735","0","96519","145144","66716","2950","5","4","4","1716481","739","739","7221","39240","0","14234","0","0","0","50075","3011","2490067","522","505","0","0","0","16","8","9","51","4779","4779","0","322309","4623","309891","156","10980","0","140","1000","3","12","68","1","2","4","26","13","38","1062340","69666","0"
"r3__people__C__45__interception-off","21600","9000","8400","290","40","300","2514","73978","37710","0","164753","199252","87853","6076","5","4","4","3021048","7862","0","8484","147966","0","0","0","0","2","238667","91362","6544079","472","462","0","0","0","10","12","17","53","7060","7060","0","479637","6745","455558","315","21703","0","140","1000","3","12","519","12","2","4","14","26","60","1114270","93929","0"
"r3__people__C__45__offense-off","21600","9000","8400","926","39","296","2267","68746","34005","0","167085","262710","0","0","5","4","4","4606035","3719","3719","10967","49704","0","84550","0","0","0","61989","15845","4407354","662","495","0","0","0","18","7","13","55","6954","6954","0","470924","6410","422263","544","41129","0","140","1000","3","12","469","11","2","4","26","32","33","839895","0","0"
"r3__people__C__46__both-off","21600","9000","8400","1466","42","298","3331","74408","49965","0","233290","233065","0","0","5","4","4","5601437","35691","0","8940","159995","0","0","0","0","7","286050","60321","7967897","415","407","0","0","0","16","13","12","50","7584","7584","0","506780","6989","455716","595","40425","0","140","1000","3","12","581","14","2","4","22","28","60","1105936","0","0"
"r3__people__C__46__control","21600","9000","8400","450","40","300","2487","72394","37305","0","188747","151335","100685","5091","5","4","4","2496557","1257","1257","9592","110008","0","24846","0","0","0","226397","70374","6906741","518","478","0","0","0","16","8","15","54","6979","6979","0","465185","6699","443845","280","19327","0","140","1000","3","12","549","13","2","4","25","39","58","1135015","105776","0"
"r3__people__C__46__interception-off","20751","5976","9000","0","42","248","3469","74680","52035","0","246446","137379","70501","7879","5","4","4","3702563","6127","0","9193","146882","0","0","0","0","2","339937","38565","8039626","457","447","0","0","0","16","9","16","56","7280","7280","0","490889","6843","457850","437","28684","1","140","1000","3","11","532","13","2","4","24","26","60","1038436","78380","0"
"r3__people__C__46__offense-off","12413","9000","3912","0","27","266","1086","18386","16290","0","95552","27007","0","0","5","4","4","2510912","590","590","3037","102187","0","15440","0","0","0","222725","163051","2435720","132","119","0","0","0","9","5","12","38","2336","2336","0","159026","1841","111913","495","36467","3","140","1000","3","6","397","9","2","4","14","12","37","372688","0","0"
"r3__people__C__47__both-off","21600","9000","8400","178","37","300","1792","61292","26880","0","140116","247651","0","0","5","4","4","4638889","37598","0","9692","64528","0","0","0","0","0","110010","17177","4982307","562","554","0","0","0","10","10","16","44","6257","6257","0","421630","5731","375892","526","33863","0","140","1000","3","12","523","13","2","4","13","29","60","1095810","0","0"
"r3__people__C__47__control","21600","9000","8400","678","30","22","533","39492","7995","0","85772","108488","45902","5490","5","4","4","1668655","495","495","5184","41963","0","10594","0","0","0","113050","5033","1973651","362","353","0","0","0","12","8","9","36","3774","3774","0","257425","3586","243294","188","11773","0","140","1000","3","12","59","1","2","4","16","11","24","771974","51392","0"
"r3__people__C__47__interception-off","21600","9000","8400","1106","32","193","923","43456","13845","0","87284","121325","52240","6429","5","4","4","1544287","4002","0","5931","68174","0","0","0","0","0","196527","12017","3295621","374","361","0","0","0","14","7","10","44","4179","4179","0","280525","3995","266222","184","13247","0","140","1000","3","12","294","7","2","4","22","26","60","937302","58669","0"
"r3__people__C__47__offense-off","21600","9000","8400","938","34","298","1297","49206","19455","0","69993","239065","0","0","5","4","4","3371491","1512","1512","7843","40594","0","34003","0","0","0","67382","10122","3307316","656","621","0","0","0","9","15","9","38","5058","5058","0","341977","4604","302607","454","32919","0","140","1000","3","12","436","10","2","4","12","21","42","875361","0","0"
"r3__people__C__48__both-off","21600","9000","8400","888","31","43","995","38726","14925","0","81141","165328","0","0","5","4","4","3343560","30521","0","5780","60828","0","0","0","0","320","213842","17423","3385585","527","515","0","0","0","15","7","8","43","3969","3969","0","268914","3615","238419","354","22445","0","140","1000","3","12","115","2","2","4","21","13","60","1138720","0","0"
"r3__people__C__48__control","21600","9000","8400","1256","29","2","431","37672","6465","0","67811","117929","44612","4845","5","4","4","1620882","515","515","5137","43284","0","10570","0","0","0","70821","1976","1373407","418","412","0","0","0","13","8","7","37","3693","3693","0","250295","3460","231691","233","15098","0","140","1000","3","12","16","0","2","4","19","6","16","795415","49457","0"
"r3__people__C__48__interception-off","21600","9000","8400","1140","30","24","451","39034","6765","0","59574","127276","48857","5708","5","4","4","1594186","3624","0","5253","41590","0","0","0","0","3","84884","3183","1732145","442","433","0","0","0","13","9","7","39","3703","3703","0","251460","3557","240781","146","10045","0","140","1000","3","12","64","1","2","4","19","13","49","928674","54565","0"
"r3__people__C__48__offense-off","21600","9000","8400","176","29","1","556","34156","8340","0","88824","132846","0","0","5","4","4","3339534","1726","1726","5666","35398","0","44406","0","0","0","42462","2554","1361101","354","263","0","0","0","13","5","10","37","3686","3686","0","247338","3277","208803","409","25668","0","140","1000","3","12","55","1","2","4","18","4","4","400476","0","0"
"r3__people__C__49__both-off","21600","9000","8400","98","36","121","1753","53920","26295","0","129509","217882","0","0","5","4","4","5174494","59395","0","9415","43284","0","0","0","0","16","69991","8048","3775481","523","511","0","0","0","11","12","12","49","5688","5688","0","381403","5131","330240","557","34012","0","140","1000","3","12","235","5","2","4","19","13","60","1125660","0","0"
"r3__people__C__49__control","21600","9000","8400","136","37","300","1721","60922","25815","0","136475","152799","83794","5112","5","4","4","2324019","1082","1082","9108","72746","0","21394","0","0","0","176523","18444","5229559","539","501","0","0","0","16","9","11","43","5853","5853","0","397735","5587","374896","266","19555","0","140","1000","3","12","459","11","2","4","21","32","60","1075508","88906","0"
"r3__people__C__49__interception-off","21600","9000","8400","596","40","298","2281","74252","34215","0","145271","218470","88849","7483","5","4","4","2928711","9541","0","9279","159155","0","0","0","0","0","305478","31410","7127630","374","368","0","0","0","18","12","9","47","7054","7054","0","480195","6741","457384","313","20122","0","140","1000","3","12","538","13","2","4","23","36","60","1092592","96332","0"
"r3__people__C__49__offense-off","21600","9000","8400","716","38","296","1905","65254","28575","0","118782","293491","0","0","5","4","4","4752093","2086","2086","9468","125034","0","47363","0","0","0","227426","57871","6483257","672","643","0","0","0","13","11","13","51","6612","6612","0","451441","6032","401068","580","39168","0","140","1000","3","12","429","10","2","4","15","18","37","1014556","0","0"
"r3__people__C__50__both-off","21600","9000","8400","84","40","298","2569","69432","38535","0","216215","231698","0","0","5","4","4","7138114","119488","0","11019","85686","0","0","0","0","1","160882","17539","6382613","448","438","0","0","0","16","11","12","51","7302","7302","0","495017","6567","425364","735","47104","0","140","1000","3","12","583","14","2","3","21","28","60","1109359","0","0"
"r3__people__C__50__control","21600","9000","8400","1018","40","300","2641","73716","39615","0","188612","180608","83436","3107","5","4","4","3151920","958","958","7503","208487","0","16274","0","0","0","320660","106524","7267566","587","566","0","0","0","10","11","18","54","7097","7097","0","481515","6730","453611","367","25752","0","140","1000","3","12","541","13","2","4","16","37","59","1145585","86543","0"
"r3__people__C__50__interception-off","21600","9000","8400","1096","40","300","2439","72422","36585","0","178039","185338","79739","5335","5","4","4","3048411","6344","0","8427","169808","0","0","0","0","0","299752","71183","7116689","487","479","0","0","0","14","10","15","53","6985","6985","0","471729","6637","445608","348","23278","0","140","1000","3","12","542","13","2","4","21","29","60","1148192","85074","0"
"r3__people__C__50__offense-off","15446","9000","4704","0","30","290","1162","29434","17430","0","83561","108947","0","0","5","4","4","2664388","2282","2282","7042","22494","0","60146","0","0","0","29435","1495","1482065","468","353","0","0","0","8","6","15","38","3406","3406","0","226575","2889","179024","517","34067","3","140","1000","3","8","363","9","2","4","11","21","22","531509","0","0"
"r3__people__C__51__both-off","21600","9000","8400","538","39","300","2378","65568","35670","0","211576","213091","0","0","5","4","4","7240282","101174","0","10745","103038","0","0","0","0","1","189483","44259","6903595","560","551","0","0","0","19","5","14","50","7148","7148","0","485025","6280","401863","868","60358","0","140","1000","3","12","582","14","2","4","29","25","60","1094990","0","0"
"r3__people__C__51__control","21600","9000","8400","1120","40","298","2541","72678","38115","0","184172","168119","94229","3888","5","4","4","2726484","1619","1619","11332","62651","0","31589","0","0","0","97807","17308","6116421","647","617","0","0","0","17","7","15","45","7008","7008","0","472499","6691","447333","317","22091","0","140","1000","3","12","536","13","2","4","21","33","55","1078588","98117","0"
"r3__people__C__51__interception-off","21600","9000","8400","1496","41","300","2949","76214","44235","0","171667","208851","87168","4652","5","4","4","2697776","9441","0","10863","83962","0","0","0","0","0","118039","26892","6670136","488","476","0","0","0","18","10","12","52","7164","7164","0","490465","6886","471063","278","18127","0","140","1000","3","12","494","12","2","4","25","17","60","1120146","91820","0"
"r3__people__C__51__offense-off","21600","9000","8400","246","37","294","1664","60954","24960","0","165986","229107","0","0","5","4","4","5683871","4251","4251","10744","68244","0","110692","0","0","0","130797","42568","5157753","648","383","0","0","0","17","7","12","48","6584","6584","0","445863","5836","373547","748","50770","0","140","1000","3","12","398","9","2","4","24","27","27","671711","0","0"
"r3__people__C__52__both-off","21600","9000","8400","534","42","300","3635","74562","54525","0","238612","232484","0","0","5","4","4","6466468","70993","0","9653","157997","0","0","0","0","0","237935","66185","7922086","503","495","0","0","0","15","8","18","53","7655","7655","0","520051","6963","457907","692","48955","0","140","1000","3","12","582","14","2","4","20","34","60","1123800","0","0"
"r3__people__C__52__control","21600","9000","8400","1002","40","300","2798","72986","41970","0","189677","167551","89907","3703","5","4","4","2779543","1250","1250","7374","262037","0","21712","0","0","0","364842","191199","7485030","585","545","0","0","0","19","6","14","52","6969","6969","0","471501","6660","448769","309","20663","0","140","1000","3","12","564","14","2","4","27","38","60","1145522","93610","0"
"r3__people__C__52__interception-off","21600","9000","8400","978","38","300","1845","66174","27675","0","141080","182582","79842","4887","5","4","4","2441292","6631","0","6699","226883","0","0","0","0","0","352349","165814","6137810","451","444","0","0","0","10","10","17","50","6329","6329","0","426023","6069","407404","260","17632","0","140","1000","3","12","437","10","2","4","15","38","60","1148912","84729","0"
"r3__people__C__52__offense-off","21600","9000","8400","826","41","300","3069","74270","46035","0","210585","265167","0","0","5","4","4","5374410","3115","3115","10866","97138","0","73694","0","0","0","140417","47314","6899671","680","565","0","0","0","14","11","15","51","7478","7478","0","512172","6832","456556","646","36420","0","140","1000","3","12","524","13","2","4","19","29","31","880678","0","0"
"r3__people__C__53__both-off","21600","9000","8400","216","41","300","3425","69846","51375","0","201889","253475","0","0","5","4","4","7322037","83603","0","8637","195622","0","0","0","0","11","282845","134985","8081722","442","434","0","0","0","13","10","17","54","7533","7533","0","511070","6671","426588","862","55706","0","140","1000","3","12","585","14","2","4","17","34","60","1130654","0","0"
"r3__people__C__53__control","19761","5736","9000","0","34","127","1372","46294","20580","0","111620","99050","71397","3492","5","4","4","1666862","691","691","6314","66982","0","12790","0","0","0","209504","45896","4224034","465","438","0","0","0","11","6","16","44","4463","4463","0","299257","4263","284049","200","13698","1","140","1000","3","10","297","7","2","3","16","29","60","989703","74889","0"
"r3__people__C__53__interception-off","15561","9000","7464","0","30","300","1066","31078","15990","0","81010","66087","42232","4483","5","4","4","1399887","3561","0","3731","80607","0","0","0","0","0","211286","55642","3212157","401","392","0","0","0","12","5","12","40","3175","3175","0","213073","2885","190865","290","19261","1","140","1000","3","8","433","10","2","3","18","27","60","748416","46715","0"
"r3__people__C__53__offense-off","12093","3000","3768","0","26","300","1033","16726","15495","0","63918","51233","0","0","5","4","4","2089293","1084","1084","3354","27041","0","29506","0","0","0","90042","16575","2249104","339","318","0","0","0","8","5","12","28","2164","2164","0","147326","1670","102278","494","32175","2","140","1000","3","6","453","11","2","3","9","20","33","374003","0","0"
"r3__people__C__54__both-off","15134","3216","3000","0","24","3","545","16310","8175","0","53404","54917","0","0","5","4","4","1542958","16771","0","4634","15223","0","0","0","0","22","38308","891","1073757","310","299","0","0","0","11","4","8","29","1909","1909","0","128261","1588","100074","321","19940","2","140","1000","3","8","59","1","2","4","14","12","49","584953","0","0"
"r3__people__C__54__control","21600","9000","8400","856","38","298","2038","66432","30570","0","180537","136166","91797","2835","5","4","4","2745407","1166","1166","7526","195005","0","21466","0","0","0","354748","93770","6428654","534","507","0","0","0","17","7","13","45","6446","6446","0","435277","6111","408673","335","23942","0","140","1000","3","12","516","12","2","4","23","45","59","1104913","94632","0"
"r3__people__C__54__interception-off","21600","9000","8400","1188","37","298","1603","63304","24045","0","125919","180742","78860","4550","5","4","4","2199577","6395","0","7692","123443","0","0","0","0","0","286004","54053","5495656","446","437","0","0","0","13","11","12","42","6022","6022","0","407188","5790","388772","232","17117","0","140","1000","3","12","453","11","2","4","16","29","60","1108677","83410","0"
"r3__people__C__54__offense-off","21600","9000","8400","266","29","89","523","36218","7845","0","59588","166730","0","0","5","4","4","2614954","1091","1091","5875","30994","0","27036","0","0","0","43214","5899","1386483","419","367","0","0","0","10","8","10","39","3749","3749","0","249729","3424","221680","325","23411","0","140","1000","3","12","187","4","2","4","14","25","28","491737","0","0"
"r3__people__C__55__both-off","21600","9000","8400","1104","33","103","1249","44842","18735","0","87466","196882","0","0","5","4","4","3541554","25821","0","7455","46984","0","0","0","0","2","100866","10031","3457865","575","566","0","0","0","12","9","11","41","4609","4609","0","309707","4200","275142","409","25359","0","140","1000","3","12","225","5","2","4","17","25","60","1096684","0","0"
"r3__people__C__55__control","15750","6000","9000","0","26","13","666","21566","9990","0","54905","43607","33138","3175","5","4","4","917043","251","251","3213","31508","0","5236","0","0","0","98141","13395","1879263","438","430","0","0","0","11","2","12","30","2132","2132","0","145617","1968","133203","164","10792","1","140","1000","3","8","74","1","2","4","13","18","43","638020","36313","0"
"r3__people__C__55__interception-off","21600","9000","8400","338","33","300","1205","47116","18075","0","92603","129689","65402","5078","5","4","4","1792388","4993","0","6576","56226","0","0","0","0","0","134397","23607","3684175","520","508","0","0","0","13","7","12","39","4547","4547","0","309016","4304","290802","243","16244","0","140","1000","3","12","410","10","2","4","16","18","60","1008664","70480","0"
"r3__people__C__55__offense-off","21600","9000","8400","398","36","300","1450","58264","21750","0","146853","229341","0","0","5","4","4","5030183","3316","3316","9634","59527","0","85382","0","0","0","90705","18133","3683731","690","515","0","0","0","11","8","16","45","6193","6193","0","419017","5532","355784","661","42823","0","140","1000","3","12","403","10","2","4","18","19","21","768278","0","0"
"r3__people__C__56__both-off","18652","8352","9000","0","27","1","742","24448","11130","0","95536","66960","0","0","5","4","4","3301709","72796","0","4479","50318","0","0","0","0","8","110046","24451","2210408","323","314","0","0","0","9","5","12","29","2941","2941","0","198607","2432","149107","509","36111","1","140","1000","3","10","25","0","2","4","11","15","44","670730","0","0"
"r3__people__C__56__control","21600","9000","8400","2","32","66","1126","41008","16890","0","77579","118345","54098","3795","5","4","4","1736730","538","538","5823","82311","0","10147","0","0","0","231551","51201","3996988","462","451","0","0","0","9","8","14","42","4045","4045","0","266653","3833","250567","212","12836","0","140","1000","3","12","165","4","2","4","13","27","36","865136","57893","0"
"r3__people__C__56__interception-off","19056","3000","4656","0","32","300","1302","38060","19530","0","86368","80330","65902","4188","5","4","4","1421923","5646","0","5002","78347","0","0","0","0","0","192888","65835","3936433","417","401","0","0","0","10","5","16","45","3776","3776","0","255035","3509","234481","267","18247","1","140","1000","3","10","484","12","2","4","16","19","60","898620","70090","0"
"r3__people__C__56__offense-off","21600","9000","8400","876","41","300","3019","71404","45285","0","177958","269207","0","0","5","4","4","4940017","2593","2593","7589","263549","0","60562","0","0","0","336301","160613","7902888","671","613","0","0","0","9","14","17","58","7253","7253","0","489542","6689","437817","564","42377","0","140","1000","3","12","553","13","2","4","16","33","37","987847","0","0"
"r3__people__C__57__both-off","13147","3528","3000","0","28","300","1164","20098","17460","0","77440","58541","0","0","5","4","4","2017431","32598","0","4315","59289","0","0","0","0","2","140112","29286","2885083","346","334","0","0","0","8","2","17","37","2485","2485","0","168663","1978","123563","507","32682","2","140","1000","3","7","435","10","2","3","12","22","60","625300","0","0"
"r3__people__C__57__control","21600","9000","8400","596","39","300","2103","68426","31545","0","171227","167225","82517","3414","5","4","4","2805538","1117","1117","10044","73312","0","19395","0","0","0","124417","20508","5439439","668","649","0","0","0","17","8","13","49","6595","6595","0","449385","6224","422141","371","25002","0","140","1000","3","12","488","12","2","4","24","25","59","1125207","85931","0"
"r3__people__C__57__interception-off","17131","3144","3000","0","33","240","1389","40020","20835","0","110789","77094","58866","3764","5","4","4","1604412","8523","0","6508","33940","0","0","0","0","0","51035","5636","2848121","477","464","0","0","0","12","5","15","38","4011","4011","0","272817","3668","246741","343","22304","5","140","1000","3","9","397","9","2","4","16","16","60","866168","62630","0"
"r3__people__C__57__offense-off","21600","9000","8400","344","39","300","2178","68976","32670","0","165512","264603","0","0","5","4","4","4610351","3762","3762","10980","69904","0","88562","0","0","0","116661","14208","5902624","698","542","0","0","0","10","9","19","45","6899","6899","0","464861","6385","423203","514","34746","0","140","1000","3","12","555","13","2","4","15","35","38","841654","0","0"
"r3__people__C__58__both-off","21600","9000","8400","560","38","300","2098","67072","31470","0","151766","269240","0","0","5","4","4","5162779","50166","0","10487","96052","0","0","0","0","0","196584","33507","6570983","461","451","0","0","0","10","9","18","49","6848","6848","0","458550","6296","410517","552","37544","0","140","1000","3","12","468","11","2","4","16","26","60","1128020","0","0"
"r3__people__C__58__control","21600","9000","8400","268","42","298","3311","76358","49665","0","197267","177683","96146","8965","5","4","4","4464892","2396","2396","11929","133590","0","56644","0","0","0","249532","70008","8065187","501","429","0","0","0","22","7","12","62","7610","7610","0","515200","7061","469272","549","35139","0","140","1000","3","12","472","11","2","4","37","23","25","941866","105111","0"
"r3__people__C__58__interception-off","21600","9000","8400","402","39","298","2122","72124","31830","0","186391","156872","93256","9501","5","4","4","3098531","10390","0","10356","123897","0","0","0","0","0","214598","76021","6608266","349","338","0","0","0","15","8","15","51","6905","6905","0","463701","6637","443626","268","17681","1","140","1000","3","12","451","11","2","4","22","16","60","1059286","102757","0"
"r3__people__C__58__offense-off","21600","9000","8400","860","41","298","3282","73248","49230","0","209567","255251","0","0","5","4","4","6436965","2478","2478","8633","205183","0","62498","0","0","0","293390","112138","8435285","672","630","0","0","0","11","12","17","55","7547","7547","0","512270","6865","449251","682","47452","0","140","1000","3","12","533","13","2","4","16","28","30","901962","0","0"
"r3__people__C__59__both-off","5234","5616","3000","0","13","127","141","2274","2115","0","10158","6039","0","0","5","4","4","359837","2498","0","829","20760","0","0","0","0","5","99627","9375","627812","0","0","0","0","0","3","1","8","16","394","394","0","26992","248","13453","146","10795","1","140","1000","3","2","174","4","1","2","4","35","35","104890","0","0"
"r3__people__C__59__control","21600","9000","8400","868","37","89","1826","59950","27390","0","135369","133830","91441","9774","5","4","4","2220905","1286","1286","9394","92475","0","27734","0","0","0","200233","77339","5563449","507","473","0","0","0","15","7","14","50","5701","5701","0","384526","5498","368292","203","14112","0","140","1000","3","12","237","5","2","4","22","31","52","1045168","101215","0"
"r3__people__C__59__interception-off","21600","9000","8400","628","38","300","1962","65270","29430","0","157536","139531","98554","9416","5","4","4","2687704","15355","0","9933","91281","0","0","0","0","0","192720","71897","6009030","395","384","0","0","0","15","6","16","52","6293","6293","0","425513","5978","400505","315","20476","0","140","1000","3","12","557","13","2","4","20","22","60","1080620","107970","0"
"r3__people__C__59__offense-off","21600","9000","8400","716","30","1","799","37124","11985","0","79185","160993","0","0","5","4","4","3928752","1493","1493","5821","41238","0","38772","0","0","0","91072","5952","1988807","466","420","0","0","0","10","7","12","40","3955","3955","0","269870","3507","227943","448","29692","0","140","1000","3","12","26","0","2","4","15","5","5","615012","0","0"
"r3__people__C__60__both-off","4352","8448","3000","0","16","300","332","3098","4980","0","18353","2569","0","0","5","4","4","287837","1707","0","812","19051","0","0","0","0","31","72184","28297","961715","0","0","0","0","0","4","1","10","21","482","482","0","32102","329","18665","153","11180","2","140","1000","3","2","449","11","1","3","6","30","30","76560","0","0"
"r3__people__C__60__control","21600","9000","8400","1236","35","62","1502","52232","22530","0","96286","154393","68113","3602","5","4","4","1819214","835","835","7377","55634","0","14665","0","0","0","123214","36095","3959942","524","505","0","0","0","12","9","13","50","4967","4967","0","335416","4785","321574","182","13022","0","140","1000","3","12","185","4","2","4","19","31","60","1061970","71715","0"
"r3__people__C__60__interception-off","21600","9000","8400","748","39","300","2114","69432","31710","0","172942","162565","90680","5494","5","4","4","2842771","25511","0","9702","84061","0","0","0","0","2","139134","33341","5397792","438","429","0","0","0","21","6","11","59","6726","6726","0","454864","6395","426762","331","23183","0","140","1000","3","12","521","13","2","4","33","31","60","1127596","96174","0"
"r3__people__C__60__offense-off","21600","9000","8400","70","34","12","1275","47520","19125","0","150266","164605","0","0","5","4","4","5956846","3713","3713","10366","52603","0","96048","0","0","0","59832","6108","2659879","607","387","0","0","0","15","4","14","43","5321","5321","0","358664","4628","290107","693","43793","1","140","1000","3","12","45","1","2","4","20","15","15","591535","0","0"
"r3__people__C__61__both-off","21600","9000","8400","442","40","300","2735","68684","41025","0","276400","168088","0","0","5","4","4","7017619","75266","0","10953","68144","0","0","0","0","1","140736","8673","6249497","456","447","0","0","0","19","7","13","49","7327","7327","0","493524","6529","420960","798","49036","0","140","1000","3","12","569","14","2","4","24","25","60","1087488","0","0"
"r3__people__C__61__control","14148","3552","3000","0","33","238","1928","33814","28920","0","109226","56475","38814","7255","5","4","4","1728763","331","331","5100","42849","0","6156","0","0","0","132744","19602","3566026","308","293","0","0","0","11","6","15","42","3447","3447","0","235035","3101","208364","346","23265","2","140","1000","3","7","443","11","2","4","15","15","59","593289","46069","0"
"r3__people__C__61__interception-off","14136","3264","3000","0","33","237","1908","33576","28620","0","108258","52393","39975","9530","5","4","4","1576302","4161","0","4659","56682","0","0","0","0","0","167915","26284","3916314","233","224","0","0","0","13","3","16","44","3411","3411","0","231481","3080","207061","331","21325","3","140","1000","3","7","518","12","2","4","17","25","60","608820","49505","0"
"r3__people__C__61__offense-off","21600","9000","8400","1250","40","300","2865","69552","42975","0","171836","264911","0","0","5","4","4","5256272","1706","1706","7382","183912","0","38462","0","0","0","403771","50968","7155944","670","656","0","0","0","9","15","15","51","7117","7117","0","478344","6521","426430","596","41597","0","140","1000","3","12","586","14","2","4","12","37","59","1070889","0","0"
"r3__people__C__62__both-off","16964","3000","6864","0","31","258","1270","35062","19050","0","119096","114948","0","0","5","4","4","4004870","58647","0","6562","35164","0","0","0","0","59","71631","4163","2512285","331","318","0","0","0","16","3","11","39","4061","4061","0","277969","3388","215114","673","43925","2","140","1000","3","9","368","9","2","4","23","14","60","810825","0","0"
"r3__people__C__62__control","21600","9000","8400","1072","38","300","2195","66290","32925","0","159345","179311","67631","2527","5","4","4","3127729","654","654","6238","236692","0","11518","0","0","0","384668","108587","6408717","560","546","0","0","0","14","9","14","50","6479","6479","0","433434","6118","406799","361","24620","0","140","1000","3","12","475","11","2","4","19","41","60","1088926","70158","0"
"r3__people__C__62__interception-off","21600","9000","8400","1192","34","102","1453","49152","21795","0","84923","148413","60032","10014","5","4","4","1980616","6577","0","6813","76961","0","0","0","0","6","217370","63339","4406566","427","416","0","0","0","12","7","14","49","4742","4742","0","317064","4549","301376","193","13682","0","140","1000","3","12","188","4","2","4","15","20","60","1067020","70046","0"
"r3__people__C__62__offense-off","16553","9000","7272","0","25","29","594","19294","8910","0","82160","48773","0","0","5","4","4","2376818","1407","1407","4388","34517","0","36752","0","0","0","113986","14125","1902111","412","358","0","0","0","15","2","7","30","2396","2396","0","159444","1945","116902","451","28511","3","140","1000","3","9","37","0","2","3","21","17","17","473793","0","0"
"r3__people__C__63__both-off","21600","9000","8400","1154","29","13","603","34838","9045","0","71444","148805","0","0","5","4","4","2983300","28955","0","4537","81786","0","0","0","0","9","228010","39471","2629267","353","345","0","0","0","15","7","6","42","3675","3675","0","243251","3339","212592","336","23002","0","140","1000","3","12","57","1","2","4","25","24","51","973710","0","0"
"r3__people__C__63__control","13717","6792","9000","0","29","278","1125","26360","16875","0","88184","35032","38443","3326","5","4","4","1044790","338","338","3706","52938","0","6502","0","0","0","152680","15821","2976797","390","376","0","0","0","12","2","14","39","2676","2676","0","181715","2412","162578","264","16730","1","140","1000","3","7","416","10","2","4","20","27","60","641019","41769","0"
"r3__people__C__63__interception-off","16651","8376","9000","0","34","300","1893","43600","28395","0","150181","66706","51411","4035","5","4","4","2006704","4187","0","4249","161614","0","0","0","0","0","281856","94448","4740683","438","435","0","0","0","14","5","14","45","4360","4360","0","297008","3984","268290","376","24675","4","140","1000","3","9","542","13","2","4","21","54","60","818448","55446","0"
"r3__people__C__63__offense-off","16458","9000","4992","0","24","1","399","17988","5985","0","82820","34652","0","0","5","4","4","1958640","815","815","4517","19853","0","20874","0","0","0","34906","3192","996415","303","271","0","0","0","11","2","10","30","2114","2114","0","143990","1741","110443","373","26518","2","140","1000","3","9","22","0","2","4","16","2","2","337211","0","0"
"r3__people__C__64__both-off","21600","9000","8400","888","39","300","2499","67388","37485","0","207837","230656","0","0","5","4","4","6596806","98334","0","11184","147189","0","0","0","0","735","189059","43345","6806199","490","483","0","0","0","14","9","15","52","7063","7063","0","482530","6310","413530","753","44037","0","140","1000","3","12","590","14","2","4","20","34","60","1116054","0","0"
"r3__people__C__64__control","21600","9000","8400","576","37","300","1853","64054","27795","0","151438","159217","83466","4481","5","4","4","2899865","1013","1013","10267","40987","0","18932","0","0","0","76418","7547","4163328","626","611","0","0","0","16","6","14","48","6236","6236","0","423548","5851","395000","385","24946","0","140","1000","3","12","455","11","2","4","22","14","60","1094049","87947","0"
"r3__people__C__64__interception-off","21600","9000","8400","394","37","300","1791","63530","26865","0","144344","156428","85238","6709","5","4","4","2703014","10334","0","9872","60204","0","0","0","0","0","102883","16882","4667462","462","453","0","0","0","12","6","18","48","6138","6138","0","412085","5874","390003","264","19366","0","140","1000","3","12","481","12","2","4","17","25","60","1103310","91947","0"
"r3__people__C__64__offense-off","21600","9000","8400","718","28","0","548","32870","8220","0","85026","131830","0","0","5","4","4","3898249","1343","1343","5237","60133","0","36784","0","0","0","57206","10869","1291426","365","301","0","0","0","13","6","8","34","3681","3681","0","249525","3171","201368","510","32669","0","140","1000","3","12","13","0","2","4","19","1","1","384592","0","0"
"r3__people__C__65__both-off","21600","9000","8400","306","39","300","2419","68378","36285","0","172212","258045","0","0","5","4","4","5830308","60026","0","9092","178845","0","0","0","0","4","319367","80944","7292416","468","459","0","0","0","15","9","14","49","7012","7012","0","473031","6406","419082","606","42774","0","140","1000","3","12","558","13","2","4","21","25","60","1100800","0","0"
"r3__people__C__65__control","21600","9000","8400","176","37","300","1788","61100","26820","0","141442","154472","78508","4056","5","4","4","2538618","1023","1023","8762","57650","0","17914","0","0","0","114381","15541","4670789","610","590","0","0","0","12","10","14","51","5910","5910","0","401263","5590","376485","320","22785","0","140","1000","3","12","494","12","2","4","18","23","59","1109856","82564","0"
"r3__people__C__65__interception-off","17647","8472","9000","0","31","300","1297","35230","19455","0","88355","76768","48851","5251","5","4","4","1454476","4074","0","5732","27208","0","0","0","0","1","64586","3493","2635675","457","446","0","0","0","11","9","10","42","3556","3556","0","240341","3239","216691","317","21116","1","140","1000","3","9","463","11","2","4","17","22","60","879590","54102","0"
"r3__people__C__65__offense-off","21600","9000","8400","684","34","44","1214","47974","18210","0","91479","213633","0","0","5","4","4","4454196","3463","3463","7707","40310","0","82540","0","0","0","62527","14700","3061055","633","470","0","0","0","14","11","8","46","4966","4966","0","336236","4493","294186","473","31124","0","140","1000","3","12","140","3","2","4","21","26","27","730293","0","0"
"r3__people__C__66__both-off","21600","9000","8400","140","41","300","3486","70734","52290","0","240551","222487","0","0","5","4","4","8943560","70089","0","14987","144969","0","0","0","0","172","241383","36975","8408898","517","507","0","0","0","15","9","16","53","7724","7702","22","523756","6771","433193","931","60718","0","140","1000","3","12","514","12","2","4","23","21","60","1095592","0","0"
"r3__people__C__66__control","12178","4272","3000","0","26","253","913","18792","13695","0","62296","22187","28453","5149","5","4","4","1059412","316","316","3372","35271","0","6866","0","0","0","97035","26217","1887196","244","227","0","0","0","10","7","8","32","2005","2005","0","135193","1740","115810","265","17108","1","140","1000","3","6","418","10","2","4","13","19","60","497073","33602","0"
"r3__people__C__66__interception-off","21600","9000","8400","150","34","90","1391","50762","20865","0","103679","136119","66422","8486","5","4","4","2471481","5906","0","7599","54771","0","0","0","0","0","116431","27719","3438548","470","460","0","0","0","13","7","13","41","4858","4858","0","328026","4647","312027","211","13320","0","140","1000","3","12","190","4","2","4","15","21","60","1076598","74908","0"
"r3__people__C__66__offense-off","14089","3000","3864","0","30","298","1453","26300","21795","0","78161","96164","0","0","5","4","4","2918042","1694","1694","5246","34077","0","45230","0","0","0","68260","9742","1991550","349","271","0","0","0","9","7","13","38","3106","3106","0","209202","2580","160016","526","34877","3","140","1000","3","7","364","9","2","3","13","19","21","399978","0","0"
"r3__people__C__67__both-off","21600","9000","8400","1452","35","59","1651","51074","24765","0","76476","243645","0","0","5","4","4","3772191","27408","0","8344","58024","0","0","0","0","2","103755","16526","4271339","578","567","0","0","0","12","9","13","50","5173","5173","0","350659","4751","313994","422","30538","0","140","1000","3","12","181","4","2","4","15","17","60","1150586","0","0"
"r3__people__C__67__control","21600","9000","8400","1412","43","300","3835","81226","57525","0","200525","214539","85652","3322","5","4","4","3531703","1123","1123","8545","266357","0","19095","0","0","0","332053","115464","8912804","612","589","0","0","0","13","12","17","63","7765","7765","0","531812","7374","500725","391","27774","0","140","1000","3","12","582","14","2","4","20","41","58","1148565","88974","0"
"r3__people__C__67__interception-off","21600","9000","8400","1326","42","300","3266","79254","48990","0","195156","209575","80220","5572","5","4","4","3285677","7817","0","10397","145157","0","0","0","0","0","227784","43543","7914712","506","494","0","0","0","13","13","15","55","7577","7577","0","514445","7226","487183","351","23922","0","140","1000","3","12","482","12","2","4","19","13","60","1152306","85792","0"
"r3__people__C__67__offense-off","21600","9000","8400","1168","40","299","2898","70626","43470","0","104120","339979","0","0","5","4","4","5369990","4256","4256","11672","56136","0","98576","0","0","0","87290","19247","5869486","702","482","0","0","0","16","11","12","58","7236","7236","0","490283","6583","433904","653","46184","0","140","1000","3","12","456","11","2","4","24","29","29","843565","0","0"
"r3__people__C__68__both-off","4226","5424","3000","0","16","281","326","2416","4890","0","15276","2457","0","0","5","4","4","320159","1767","0","1021","18066","0","0","0","0","9","68625","24922","923458","0","0","0","0","0","3","1","11","19","456","456","0","30643","272","14324","184","12910","5","140","1000","3","2","418","10","1","4","4","29","29","72874","0","0"
"r3__people__C__68__control","21600","9000","8400","162","42","298","3432","80056","51480","0","263854","127941","91549","9611","5","4","4","3551800","1210","1210","10709","94216","0","22129","0","0","0","231004","30178","7508785","449","419","0","0","0","14","8","19","54","7558","7558","0","510427","7315","491949","243","17472","0","140","1000","3","12","561","14","2","4","21","33","59","1037985","101160","0"
"r3__people__C__68__interception-off","21600","9000","8400","556","43","300","3989","80778","59835","0","274982","137265","73607","12583","5","4","4","4407343","6155","0","8327","204289","0","0","0","0","1","415849","59601","8949277","407","400","0","0","0","17","10","15","57","7829","7829","0","528543","7390","494870","439","30106","0","140","1000","3","12","590","14","2","4","23","33","60","1044592","86190","0"
"r3__people__C__68__offense-off","16079","3000","4104","0","33","300","1614","38118","24210","0","97047","149627","0","0","5","4","4","3351383","1715","1715","5999","33721","0","41786","0","0","0","50522","22838","2341618","451","420","0","0","0","8","7","17","43","4042","4042","0","281302","3538","234644","504","34628","1","140","1000","3","8","439","10","2","4","11","15","27","564775","0","0"
"r3__people__C__69__both-off","11439","9000","4536","0","26","247","1008","15214","15120","0","63326","38204","0","0","5","4","4","1887628","29773","0","3196","27628","0","0","0","0","36","89590","26358","2058118","244","231","0","0","0","11","2","12","35","1930","1930","0","131348","1501","92997","429","29818","1","140","1000","3","6","394","9","2","4","17","20","60","477220","0","0"
"r3__people__C__69__control","21600","9000","8400","340","40","300","2386","71638","35790","0","198241","155709","88426","3855","5","4","4","3658512","863","863","10008","125062","0","15564","0","0","0","189924","55332","6761741","682","673","0","0","0","16","8","15","54","7061","7061","0","476045","6596","441181","465","29814","0","140","1000","3","12","570","14","2","4","26","37","60","1136258","92281","0"
"r3__people__C__69__interception-off","21600","9000","8400","444","40","300","2345","73060","35175","0","174509","186622","85056","5415","5","4","4","3228474","7927","0","11198","55042","0","0","0","0","0","92638","11074","5664753","546","537","0","0","0","7","12","20","52","7038","7038","0","474860","6710","448680","328","23258","0","140","1000","3","12","525","13","2","4","12","25","60","1141809","90471","0"
"r3__people__C__69__offense-off","21600","9000","8400","394","37","299","1633","60924","24495","0","148152","242050","0","0","5","4","4","6038185","4167","4167","10658","45825","0","106126","0","0","0","37753","4189","2278302","653","389","0","0","0","12","7","17","50","6536","6536","0","439508","5820","372277","716","49306","0","140","1000","3","12","438","10","2","4","18","26","26","616279","0","0"
"r3__people__C__70__both-off","21600","9000","8400","1082","35","298","1584","48500","23760","0","154074","156010","0","0","5","4","4","3976095","69863","0","6621","83816","0","0","0","0","36","209488","26752","4694231","477","462","0","0","0","18","7","9","48","5043","5043","0","341597","4527","297544","516","31513","0","140","1000","3","12","425","10","2","4","29","18","60","1042950","0","0"
"r3__people__C__70__control","21600","9000","8400","1386","33","109","1206","43922","18090","0","87473","129474","50654","4204","5","4","4","1455993","544","544","5552","65262","0","9215","0","0","0","191409","53027","3666888","535","516","0","0","0","16","8","8","41","4150","4150","0","282861","3993","271167","157","11056","0","140","1000","3","12","201","5","2","4","19","40","60","947356","54858","0"
"r3__people__C__70__interception-off","21600","9000","8400","906","36","300","1700","55380","25500","0","132242","134126","71627","4852","5","4","4","2377341","7052","0","6587","131394","0","0","0","0","0","262564","68563","5193288","542","534","0","0","0","16","7","12","44","5392","5392","0","364903","5077","340678","315","22056","0","140","1000","3","12","482","12","2","4","19","33","60","1088814","76479","0"
"r3__people__C__70__offense-off","17084","3000","3984","0","33","296","1436","39250","21540","0","159018","94052","0","0","5","4","4","4006718","3034","3034","7438","43312","0","75068","0","0","0","92815","47568","3300509","452","270","0","0","0","13","6","13","47","4469","4469","0","302981","3803","239690","666","49911","1","140","1000","3","9","412","10","2","4","21","22","22","482672","0","0"
"r3__people__C__71__both-off","21600","9000","8400","960","39","300","2592","64980","38880","0","208204","212636","0","0","5","4","4","6818240","55904","0","7230","212472","0","0","0","0","2","374687","138767","7208220","404","395","0","0","0","9","8","21","52","6916","6916","0","467592","6154","398519","762","46752","0","140","1000","3","12","511","12","2","4","14","30","60","1094895","0","0"
"r3__people__C__71__control","21600","9000","8400","8","38","300","1943","66764","29145","0","167743","147677","91516","4805","5","4","4","2327918","1287","1287","8956","91373","0","23992","0","0","0","172552","42060","5561145","585","555","0","0","0","12","8","17","44","6353","6353","0","427763","6120","410823","233","16022","0","140","1000","3","12","434","10","2","4","16","30","60","1099901","96321","0"
"r3__people__C__71__interception-off","21600","9000","8400","834","38","300","2029","67660","30435","0","174549","147382","91267","4893","5","4","4","2509124","7656","0","7409","134787","0","0","0","0","0","225695","69521","5500252","419","411","0","0","0","14","8","15","41","6398","6398","0","436672","6154","417101","244","18581","0","140","1000","3","12","467","11","2","4","17","33","60","1107578","96160","0"
"r3__people__C__71__offense-off","21600","9000","8400","580","32","5","879","42494","13185","0","119926","155990","0","0","5","4","4","4656503","1870","1870","6288","66457","0","47796","0","0","0","150784","50401","2701860","426","353","0","0","0","13","6","12","44","4487","4487","0","305041","3991","261179","496","29125","0","140","1000","3","12","15","0","2","4","21","8","8","660419","0","0"
"r3__people__C__72__both-off","21600","9000","8400","112","42","300","3619","78840","54285","0","252728","244236","0","0","5","4","4","6300833","102684","0","9725","170164","0","0","0","0","0","273098","69327","8313750","427","421","0","0","0","12","11","18","54","7710","7710","0","528189","7185","485717","525","31225","1","140","1000","3","12","590","14","2","3","18","37","60","1106353","0","0"
"r3__people__C__72__control","21600","9000","8400","34","40","298","2750","74074","41250","0","195926","169830","88838","3271","5","4","4","3187910","1111","1111","10083","115038","0","19374","0","0","0","167652","43433","6945358","635","618","0","0","0","10","10","19","51","7163","7163","0","486840","6760","455877","403","28975","0","140","1000","3","12","554","13","2","4","13","24","58","1117830","92109","0"
"r3__people__C__72__interception-off","17218","5232","3000","0","35","270","1810","46668","27150","0","116666","108045","61317","4495","5","4","4","1830595","6502","0","6958","61130","0","0","0","0","1","104073","23060","4390467","424","415","0","0","0","9","8","17","48","4627","4627","0","312224","4297","286805","330","21701","3","140","1000","3","9","546","13","2","4","14","30","60","861750","65812","0"
"r3__people__C__72__offense-off","21600","9000","8400","216","39","298","2155","68984","32325","0","159003","276916","0","0","5","4","4","5564704","3233","3233","9792","150108","0","80874","0","0","0","233918","51082","6749566","622","499","0","0","0","13","11","14","45","6969","6969","0","472192","6400","424223","569","36273","0","140","1000","3","12","453","11","2","4","16","25","28","744961","0","0"
"r3__people__C__73__both-off","12417","9000","4008","0","22","19","587","10482","8805","0","36044","36345","0","0","5","4","4","1635576","21441","0","1841","25774","0","0","0","0","4","115874","24846","1454399","298","289","0","0","0","5","4","12","30","1350","1350","0","94343","1043","64126","307","21954","2","140","1000","3","6","100","2","2","3","7","25","60","579722","0","0"
"r3__people__C__73__control","21600","9000","8400","1110","42","300","3437","80468","51555","0","224468","190417","79726","4067","5","4","4","4036204","669","669","9309","202718","0","12088","0","0","0","322507","71362","8615384","551","540","0","0","0","13","8","20","62","7724","7724","0","528585","7296","496075","428","29907","0","140","1000","3","12","555","13","2","4","25","28","60","1080797","83793","0"
"r3__people__C__73__interception-off","21600","9000","8400","1152","38","298","2019","64294","30285","0","129974","180074","84489","5089","5","4","4","2768410","10389","0","9887","56700","0","0","0","0","1","84692","10807","4822019","586","576","0","0","0","15","10","12","50","6228","6228","0","423726","5868","396382","360","24100","0","140","1000","3","12","556","13","2","4","22","24","60","1118797","89578","0"
"r3__people__C__73__offense-off","21600","9000","8400","692","39","298","2202","68870","33030","0","170374","269651","0","0","5","4","4","5960070","3969","3969","11259","50507","0","97802","0","0","0","79018","22642","5181149","659","454","0","0","0","9","12","17","48","7077","7077","0","483438","6429","424015","648","43413","0","140","1000","3","12","510","12","2","4","14","28","31","636825","0","0"
"r3__weapon__A__42__both-off","20021","3000","5496","0","32","30","1429","38888","21435","0","195947","55651","0","0","5","4","4","5014196","4362","0","7989","29350","0","0","0","0","3","4295","0","25144","53","0","0","0","0","24","1","6","38","4463","4463","0","304702","3766","237295","697","53104","1","140","1000","3","11","113","2","2","4","31","54","60","1087577","0","0"
"r3__weapon__A__42__control","21600","9000","8400","234","31","45","789","39704","11835","0","133816","70941","40849","4386","5","4","4","2639531","34","34","6116","35063","0","952","0","0","0","35072","0","268739","43","0","0","0","0","23","3","4","36","4010","4010","0","274915","3703","243856","307","24923","0","140","1000","3","12","98","2","2","4","30","44","60","1139146","45235","0"
"r3__weapon__A__42__interception-off","21600","9000","8400","234","31","45","789","39704","11835","0","133816","70941","40849","4386","5","4","4","2642496","715","0","6116","35063","0","0","0","0","0","35072","0","268739","43","0","0","0","0","23","3","4","36","4010","4010","0","274915","3703","243856","307","24923","0","140","1000","3","12","98","2","2","4","30","44","60","1139146","45235","0"
"r3__weapon__A__42__offense-off","20668","7968","9000","0","32","51","1325","40066","19875","0","162290","98195","0","0","5","4","4","5339969","143","143","7617","28401","0","2438","0","0","0","4295","0","24636","57","0","0","0","0","23","4","4","37","4558","4558","0","310824","3883","244780","675","50339","4","140","1000","3","11","132","3","2","4","28","57","60","1121784","0","0"
"r3__weapon__A__43__both-off","21600","9000","8400","6","32","55","1159","40362","17385","0","137409","125318","0","0","5","4","4","5603811","3060","0","7442","35181","0","0","0","0","9","13184","0","129166","49","0","0","0","0","21","4","6","44","4562","4562","0","310904","3908","247287","654","48177","3","140","1000","3","12","131","3","2","4","31","50","60","1186950","0","0"
"r3__weapon__A__43__control","13464","9000","5136","0","30","300","1397","26422","20955","0","106307","25409","0","31943","5","4","4","2070099","45","45","3126","192833","0","974","0","0","0","530585","137967","4010342","0","0","0","0","0","14","3","12","39","2892","2892","0","191869","2488","160876","404","28210","1","140","1000","3","7","501","12","2","4","19","60","60","533847","31943","0"
"r3__weapon__A__43__interception-off","14640","8640","9000","0","29","30","1096","27132","16440","0","106490","27769","19701","15045","5","4","4","1470891","1165","0","3998","72371","0","0","0","0","3","243251","23773","1948256","17","0","0","0","0","16","3","9","39","2710","2710","0","186570","2513","166372","197","17565","1","140","1000","3","8","61","1","2","4","23","18","60","613660","34746","0"
"r3__weapon__A__43__offense-off","21600","9000","8400","262","30","15","876","34240","13140","0","108895","113853","0","0","5","4","4","4552487","133","133","6157","42102","0","2058","0","0","0","4805","0","31443","54","0","0","0","0","20","5","4","36","3886","3886","0","262877","3328","209058","558","40129","0","140","1000","3","12","39","0","2","4","27","54","58","1196806","0","0"
"r3__weapon__A__44__both-off","13212","5088","3000","0","24","0","692","15720","10380","0","70226","34637","0","0","5","4","4","2098590","5039","0","3532","20524","0","0","0","0","5","44002","5754","418992","41","0","0","0","0","14","3","6","28","1966","1966","0","134536","1559","96444","407","29673","2","140","1000","3","7","57","1","2","4","18","42","60","622740","0","0"
"r3__weapon__A__44__control","16170","4080","3000","0","36","121","2512","42470","37680","0","175802","33953","23434","30534","5","4","4","2513168","41","41","4954","178229","0","692","0","0","0","493745","11595","4553033","12","0","0","0","0","24","4","7","42","4214","4214","0","283540","3964","260312","250","19817","1","140","1000","3","8","192","4","2","4","32","12","60","697746","53968","0"
"r3__weapon__A__44__interception-off","13474","9000","5376","0","31","300","1761","28282","26415","0","134417","8144","0","34355","5","4","4","1773965","2228","0","2823","147203","0","0","0","0","1","527612","10848","4015560","0","0","0","0","0","23","2","5","35","3006","3006","0","205019","2616","173841","390","28103","2","140","1000","3","7","518","12","2","4","29","60","60","541140","34355","0"
"r3__weapon__A__44__offense-off","7682","7632","9000","0","20","283","444","7298","6660","0","40878","6253","0","0","5","4","4","875845","105","105","1283","57782","0","2678","0","0","0","189589","45977","1374492","0","0","0","0","0","9","3","7","28","995","995","0","67503","735","44358","260","20372","2","140","1000","3","4","358","8","1","3","15","42","42","192331","0","0"
"r3__weapon__A__45__both-off","18025","3000","5400","0","29","0","866","30056","12990","0","86933","112417","0","0","5","4","4","3240625","1959","0","5219","27237","0","0","0","0","3","27680","26","354445","45","0","0","0","0","20","2","6","34","3377","3377","0","229706","2905","183656","472","30356","1","140","1000","3","10","28","0","2","4","23","46","60","937478","0","0"
"r3__weapon__A__45__control","13608","9000","8592","0","28","211","1107","21672","16605","0","67051","43228","24967","2173","5","4","4","1300216","26","26","3668","14640","0","698","0","0","0","16919","0","174083","47","0","0","0","0","16","3","8","31","2352","2352","0","159402","2074","132976","278","21983","1","140","1000","3","7","257","6","2","4","19","48","60","697199","27140","0"
"r3__weapon__A__45__interception-off","14600","9000","8400","0","28","24","977","26116","14655","0","93525","38783","24424","7811","5","4","4","1566807","869","0","4739","26756","0","0","0","0","1","84335","0","965711","34","0","0","0","0","18","4","5","36","2694","2694","0","182110","2473","160222","221","17567","1","140","1000","3","8","75","1","2","4","26","35","60","665377","32235","0"
"r3__weapon__A__45__offense-off","19084","3000","3984","0","30","63","1025","34348","15375","0","98206","128781","0","0","5","4","4","4015504","143","143","5877","26110","0","2480","0","0","0","32279","0","380999","47","0","0","0","0","14","6","9","37","3824","3824","0","262239","3294","210106","530","35252","3","140","1000","3","10","140","3","2","4","18","47","60","988352","0","0"
"r3__weapon__A__46__both-off","19570","9000","7680","0","34","3","1738","42238","26070","0","164666","106137","0","0","5","4","4","4871993","3156","0","7737","45527","0","0","0","0","19","76510","3508","798884","35","0","0","0","0","23","3","7","42","4674","4674","0","314031","4089","257476","585","43228","8","140","1000","3","10","66","1","2","4","30","36","60","970074","0","0"
"r3__weapon__A__46__control","13564","9000","7536","0","27","6","819","22876","12285","0","75815","39786","23671","4251","5","4","4","1323598","36","36","4234","21531","0","868","0","0","0","44576","0","478616","41","0","0","0","0","21","2","3","30","2407","2407","0","161740","2191","139478","216","18217","3","140","1000","3","7","73","1","2","4","24","42","60","642900","27922","0"
"r3__weapon__A__46__interception-off","15278","6672","3000","0","33","126","1856","33274","27840","0","137892","31654","24165","14613","5","4","4","1621909","423","0","4926","62939","0","0","0","0","3","222567","0","2191217","19","0","0","0","0","23","4","5","42","3324","3324","0","227130","3084","204953","240","18806","1","140","1000","3","8","205","5","2","4","31","20","60","654286","38778","0"
"r3__weapon__A__46__offense-off","20022","3000","5472","0","31","42","1109","36492","16635","0","173015","60055","0","0","5","4","4","4591365","175","175","7633","31313","0","2920","0","0","0","20437","0","187480","52","0","0","0","0","23","3","4","42","4167","4167","0","280440","3550","222357","617","47370","1","140","1000","3","11","122","3","2","4","33","51","59","1067644","0","0"
"r3__weapon__A__47__both-off","8656","8256","9000","0","19","243","366","7430","5490","0","42693","6814","0","0","5","4","4","870812","3317","0","1315","50907","0","0","0","0","32","247040","23962","1284842","0","0","0","0","0","10","3","5","20","957","957","0","63831","747","44671","210","14324","1","140","1000","3","4","283","7","1","4","13","54","54","255744","0","0"
"r3__weapon__A__47__control","20460","9000","5040","0","31","12","846","40830","12690","0","125102","87922","36756","6460","5","4","4","2465991","26","26","6249","43811","0","680","0","0","0","80903","0","658592","35","0","0","0","0","22","4","4","45","4083","4083","0","279655","3798","250489","285","23415","1","140","1000","3","11","52","1","2","4","31","36","60","1019313","43216","0"
"r3__weapon__A__47__interception-off","20460","9000","5040","0","31","12","846","40830","12690","0","125102","87922","36756","6460","5","4","4","2467879","353","0","6249","43811","0","0","0","0","0","80903","0","658592","35","0","0","0","0","22","4","4","45","4083","4083","0","279655","3798","250489","285","23415","1","140","1000","3","11","52","1","2","4","31","36","60","1019313","43216","0"
"r3__weapon__A__47__offense-off","11474","9000","5376","0","18","0","264","7420","3960","0","24223","25337","0","0","5","4","4","938454","73","73","1688","10394","0","1396","0","0","0","23564","4722","195121","36","0","0","0","0","8","2","7","25","944","944","0","63098","738","45350","206","13538","1","140","1000","3","6","9","0","2","3","15","36","48","419769","0","0"
"r3__weapon__A__48__both-off","19119","3000","3144","0","26","39","434","25204","6510","0","102043","61466","0","0","5","4","4","2884226","2087","0","4610","26531","0","0","0","0","11","18011","0","147335","36","0","0","0","0","19","1","5","32","2919","2919","0","198427","2441","153381","478","34918","2","140","1000","3","10","90","2","2","4","24","37","49","847756","0","0"
"r3__weapon__A__48__control","12619","9000","8856","0","29","240","1321","23074","19815","0","108209","10235","0","25765","5","4","4","1423366","35","35","1996","138717","0","598","0","0","0","479885","109455","3171742","0","0","0","0","0","18","2","8","41","2468","2468","0","169674","2121","142140","347","25465","3","140","1000","3","7","391","9","2","4","28","60","60","486131","25765","0"
"r3__weapon__A__48__interception-off","17548","9000","7152","0","30","9","948","33094","14220","0","125154","38249","31815","11175","5","4","4","1742060","789","0","4665","60702","0","0","0","0","0","173013","47957","1302269","23","0","0","0","0","19","3","7","43","3310","3310","0","225841","3080","203529","230","19448","1","140","1000","3","9","34","0","2","4","27","24","60","800730","42990","0"
"r3__weapon__A__48__offense-off","13597","9000","8328","0","21","3","326","12230","4890","0","54024","28766","0","0","5","4","4","1990314","148","148","2334","29839","0","2778","0","0","0","67797","0","450735","38","0","0","0","0","10","2","8","29","1614","1614","0","111776","1216","74566","398","28986","3","140","1000","3","7","10","0","2","4","16","38","58","611077","0","0"
"r3__weapon__A__49__both-off","10130","3120","3000","0","26","279","1249","13410","18735","0","76638","11687","0","0","5","4","4","1303507","12450","0","1890","54758","0","0","0","0","19","231202","0","1981505","18","0","0","0","0","16","2","7","38","1577","1577","0","108678","1302","82060","275","20353","2","140","1000","3","5","379","9","1","3","27","19","60","344370","0","0"
"r3__weapon__A__49__control","13708","7008","9000","0","32","300","1792","29426","26880","0","127932","21665","0","32881","5","4","4","1936913","39","39","3061","230429","0","700","0","0","0","545225","5898","4373192","0","0","0","0","0","19","1","11","37","3183","3183","0","214610","2732","180680","451","32132","2","140","1000","3","7","575","14","2","4","24","60","60","551490","32881","0"
"r3__weapon__A__49__interception-off","17118","3000","3168","0","37","240","2516","48196","37740","0","213787","28996","0","56448","5","4","4","3099538","4409","0","4812","296937","0","0","0","0","0","742608","0","6268844","0","0","0","0","0","25","2","9","45","5012","5012","0","335388","4476","295164","536","36157","1","140","1000","3","9","525","13","2","4","34","60","60","759780","56448","0"
"r3__weapon__A__49__offense-off","11938","3000","7488","0","28","246","1430","19234","21450","0","106717","15557","0","0","5","4","4","2170046","450","450","2644","85755","0","11734","0","0","0","252425","20694","2680001","35","0","0","0","0","13","4","10","32","2180","2180","0","149124","1803","118039","377","26850","1","140","1000","3","6","291","7","2","4","17","35","60","331866","0","0"
"r3__weapon__A__50__both-off","15990","3000","6240","0","26","3","655","20094","9825","0","98830","29483","0","0","5","4","4","2342788","2535","0","4248","25906","0","0","0","0","1","52986","2935","499982","39","0","0","0","0","16","2","7","34","2358","2358","0","156630","1976","122842","382","28317","1","140","1000","3","8","35","0","2","4","25","40","60","778234","0","0"
"r3__weapon__A__50__control","15809","4584","9000","0","31","33","1449","32924","21735","0","126513","36101","38389","4422","5","4","4","1962234","28","28","5704","25953","0","742","0","0","0","47197","0","516359","40","0","0","0","0","21","2","7","41","3359","3359","0","228725","3086","201795","273","23300","2","140","1000","3","8","110","2","2","4","30","41","60","774870","42811","0"
"r3__weapon__A__50__interception-off","15809","4584","9000","0","31","33","1449","32924","21735","0","126513","36101","38389","4422","5","4","4","1964580","516","0","5704","25953","0","0","0","0","0","47197","0","516359","40","0","0","0","0","21","2","7","41","3359","3359","0","228725","3086","201795","273","23300","2","140","1000","3","8","110","2","2","4","30","41","60","774870","42811","0"
"r3__weapon__A__50__offense-off","21600","9000","8400","34","41","80","3422","66266","51330","0","351970","85306","0","0","5","4","4","8120532","1133","1133","8904","248575","0","33578","0","0","0","528680","0","7341050","55","0","0","0","0","28","6","6","57","7234","7234","0","494197","6347","405943","887","56921","0","140","1000","3","12","171","4","2","4","41","55","60","701049","0","0"
"r3__weapon__A__51__both-off","16606","9000","8544","0","30","112","1202","28984","18030","0","129235","58812","0","0","5","4","4","3611340","4016","0","5840","55028","0","0","0","0","1","97663","15645","958473","32","0","0","0","0","20","1","8","42","3429","3429","0","229685","2871","176167","558","41638","1","140","1000","3","9","177","4","2","4","29","33","60","776703","0","0"
"r3__weapon__A__51__control","15091","3000","3816","0","28","93","924","24224","13860","0","53123","72528","24569","2451","5","4","4","1123364","10","10","4111","16179","0","248","0","0","0","7372","0","65829","51","0","0","0","0","14","5","8","38","2485","2485","0","167838","2273","149455","212","15167","1","140","1000","3","8","154","3","2","4","19","52","60","793626","27020","0"
"r3__weapon__A__51__interception-off","15091","3000","3816","0","28","93","924","24224","13860","0","53123","72528","24569","2451","5","4","4","1123952","168","0","4111","16179","0","0","0","0","0","7372","0","65829","51","0","0","0","0","14","5","8","38","2485","2485","0","167838","2273","149455","212","15167","1","140","1000","3","8","154","3","2","4","19","52","60","793626","27020","0"
"r3__weapon__A__51__offense-off","21600","9000","8400","152","35","144","1832","47010","27480","0","197668","104746","0","0","5","4","4","7129496","340","340","8783","77680","0","8214","0","0","0","187278","0","2102429","37","0","0","0","0","22","5","7","48","5334","5334","0","360055","4596","287215","738","57641","0","140","1000","3","12","201","5","2","4","33","37","60","985290","0","0"
"r3__weapon__A__52__both-off","15199","4776","3000","0","28","33","1014","23510","15210","0","71574","84320","0","0","5","4","4","2367520","1275","0","4319","15908","0","0","0","0","0","9798","0","104197","51","0","0","0","0","13","3","11","41","2666","2666","0","181763","2264","144305","402","25869","2","140","1000","3","8","113","2","2","4","24","52","60","789330","0","0"
"r3__weapon__A__52__control","21600","9000","8400","1000","33","45","1189","47236","17835","0","80661","173292","36967","2559","5","4","4","2128781","9","9","6997","27278","0","230","0","0","0","2801","0","18747","54","0","0","0","0","18","7","7","46","4583","4583","0","312300","4348","289791","235","18821","0","140","1000","3","12","138","3","2","4","26","55","60","1198382","39526","0"
"r3__weapon__A__52__interception-off","21600","9000","8400","1000","33","45","1189","47236","17835","0","80661","173292","36967","2559","5","4","4","2129279","132","0","6997","27278","0","0","0","0","0","2801","0","18747","54","0","0","0","0","18","7","7","46","4583","4583","0","312300","4348","289791","235","18821","0","140","1000","3","12","138","3","2","4","26","55","60","1198382","39526","0"
"r3__weapon__A__52__offense-off","15199","4776","3000","0","28","33","1014","23510","15210","0","71574","84320","0","0","5","4","4","2363425","64","64","4319","15908","0","1210","0","0","0","9798","0","104197","52","0","0","0","0","13","3","11","41","2666","2666","0","181763","2264","144305","402","25869","2","140","1000","3","8","113","2","2","4","24","52","60","789300","0","0"
"r3__weapon__A__53__both-off","16546","9000","7104","0","29","3","1088","28248","16320","0","128317","52915","0","0","5","4","4","2893999","3156","0","5080","48659","0","0","0","0","12","117297","26549","1100846","30","0","0","0","0","18","2","8","37","3177","3177","0","213596","2740","172201","437","32364","2","140","1000","3","9","38","0","2","4","26","31","60","761376","0","0"
"r3__weapon__A__53__control","21600","9000","8400","556","32","66","968","42282","14520","0","136574","80765","40426","6921","5","4","4","2444645","33","33","6248","47175","0","784","0","0","0","81191","0","795668","35","0","0","0","0","21","4","6","40","4279","4279","0","286791","4008","259453","271","22105","0","140","1000","3","12","94","2","2","4","29","36","60","1087529","47347","0"
"r3__weapon__A__53__interception-off","21600","9000","8400","556","32","66","968","42282","14520","0","136574","80765","40426","6921","5","4","4","2446791","679","0","6248","47175","0","0","0","0","0","81191","0","795668","35","0","0","0","0","21","4","6","40","4279","4279","0","286791","4008","259453","271","22105","0","140","1000","3","12","94","2","2","4","29","36","60","1087529","47347","0"
"r3__weapon__A__53__offense-off","13258","6192","3000","0","28","3","1075","20960","16125","0","111914","23328","0","0","5","4","4","1999128","149","149","3630","44141","0","3060","0","0","0","151253","0","1248201","30","0","0","0","0","20","1","6","37","2419","2419","0","162114","2041","128229","378","26872","2","140","1000","3","7","57","1","2","4","27","30","60","543844","0","0"
"r3__weapon__A__54__both-off","10624","9000","8976","0","18","6","316","6230","4740","0","28854","12634","0","0","5","4","4","903728","2033","0","1900","10354","0","0","0","0","3","43043","0","346878","41","0","0","0","0","8","1","8","25","834","834","0","54060","653","37197","181","12572","1","140","1000","3","5","54","1","1","4","12","42","60","445970","0","0"
"r3__weapon__A__54__control","21600","9000","8400","644","29","39","513","35810","7695","0","112534","73290","35058","3718","5","4","4","1910308","18","18","5816","30414","0","522","0","0","0","17155","0","132487","47","0","0","0","0","24","2","2","36","3700","3700","0","245839","3420","219072","280","21239","2","140","1000","3","12","87","2","2","4","32","48","60","910518","38776","0"
"r3__weapon__A__54__interception-off","21600","9000","8400","644","29","39","513","35810","7695","0","112534","73290","35058","3718","5","4","4","1911644","405","0","5816","30414","0","0","0","0","0","17155","0","132487","47","0","0","0","0","24","2","2","36","3700","3700","0","245839","3420","219072","280","21239","2","140","1000","3","12","87","2","2","4","32","48","60","910518","38776","0"
"r3__weapon__A__54__offense-off","4609","9000","8616","0","14","295","175","2504","2625","0","15199","1914","0","0","5","4","4","249256","42","42","760","18725","0","946","0","0","0","79560","18124","627651","0","0","0","0","0","7","0","6","20","403","403","0","25305","268","15137","135","8192","4","140","1000","3","2","394","9","1","3","13","29","29","82572","0","0"
"r3__weapon__A__55__both-off","12096","3000","3696","0","20","3","385","9836","5775","0","48047","16818","0","0","5","4","4","1096510","1886","0","1980","19098","0","0","0","0","7","76895","0","420366","35","0","0","0","0","10","3","6","27","1199","1199","0","80756","958","60188","241","15891","1","140","1000","3","6","19","0","2","4","14","36","60","521370","0","0"
"r3__weapon__A__55__control","16597","9000","8328","0","23","3","158","19554","2370","0","65200","30976","24659","1769","5","4","4","1245430","29","29","2956","31697","0","666","0","0","0","20895","0","138309","44","0","0","0","0","14","2","6","29","2071","2071","0","137790","1848","120101","223","15186","3","140","1000","3","9","5","0","2","4","17","45","57","825865","26428","0"
"r3__weapon__A__55__interception-off","16597","9000","8328","0","23","3","158","19554","2370","0","65200","30976","24659","1769","5","4","4","1247313","424","0","2956","31698","0","0","0","0","2","20895","0","138309","44","0","0","0","0","14","2","6","29","2071","2071","0","137790","1848","120101","223","15186","3","140","1000","3","9","5","0","2","4","17","45","57","825865","26428","0"
"r3__weapon__A__55__offense-off","17420","9000","4080","0","24","3","303","19974","4545","0","97287","32799","0","0","5","4","4","2787527","160","160","3088","57875","0","2944","0","0","0","173585","30105","666910","7","0","0","0","0","15","3","5","31","2359","2359","0","161567","1951","122043","408","31481","2","140","1000","3","9","11","0","2","4","21","7","28","468982","0","0"
"r3__weapon__A__56__both-off","17476","9000","5424","0","30","3","1103","30996","16545","0","147804","50562","0","0","5","4","4","3887834","10912","0","4878","110471","0","0","0","0","2","372513","0","2301837","12","0","0","0","0","23","3","3","39","3541","3541","0","236829","3028","189032","513","38463","1","140","1000","3","9","42","1","2","4","31","13","60","781260","0","0"
"r3__weapon__A__56__control","20664","8064","9000","0","41","300","3184","68080","47760","0","291467","54801","0","73219","5","4","4","4819778","34","34","6431","428030","0","604","0","0","0","962585","30216","8502326","0","0","0","0","0","26","6","8","55","6987","6987","0","467374","6322","417479","665","47887","10","140","1000","3","11","556","13","2","4","38","60","60","969731","73219","0"
"r3__weapon__A__56__interception-off","20121","3000","3096","0","35","0","1698","48014","25470","0","153683","79484","44952","18268","5","4","4","2634312","1243","0","7531","86549","0","0","0","0","0","245867","0","2114321","17","0","0","0","0","19","6","9","49","4821","4821","0","324042","4520","293629","301","27655","1","140","1000","3","11","103","2","2","4","31","18","60","942245","63220","0"
"r3__weapon__A__56__offense-off","12437","9000","4488","0","26","151","912","17778","13680","0","91701","23577","0","0","5","4","4","2050320","242","242","3073","95196","0","6362","0","0","0","300868","0","2191154","22","0","0","0","0","12","4","9","39","2194","2194","0","146887","1757","108447","437","31609","1","140","1000","3","6","229","5","2","4","18","22","60","430889","0","0"
"r3__weapon__A__57__both-off","8232","5568","3000","0","21","224","600","8036","9000","0","46403","7104","0","0","5","4","4","983448","5401","0","1470","41207","0","0","0","0","5","169685","11059","1355902","24","0","0","0","0","11","2","7","24","1077","1077","0","72899","818","49177","259","19392","2","140","1000","3","4","312","7","1","4","15","25","60","242358","0","0"
"r3__weapon__A__57__control","10449","9000","4776","0","25","243","813","14328","12195","0","52812","19199","12933","6248","5","4","4","871121","44","44","2424","26849","0","1116","0","0","0","88878","4227","822988","35","0","0","0","0","14","1","9","29","1508","1508","0","104174","1346","88595","162","12982","2","140","1000","3","5","334","8","1","4","17","35","60","410690","19181","0"
"r3__weapon__A__57__interception-off","5152","3648","3000","0","18","284","349","5074","5235","0","21357","4144","0","7184","5","4","4","294730","997","0","678","23989","0","0","0","0","0","96908","6999","832859","0","0","0","0","0","10","1","6","26","606","606","0","41580","476","31261","130","8895","2","140","1000","3","2","463","11","1","3","15","34","34","102088","7184","0"
"r3__weapon__A__57__offense-off","5513","9000","6312","0","15","297","214","3004","3210","0","17589","3457","0","0","5","4","4","474152","146","146","1042","26965","0","3082","0","0","0","99281","17776","736032","0","0","0","0","0","8","2","4","15","528","528","0","36939","317","18610","211","15893","4","140","1000","3","3","359","8","1","3","9","29","29","102596","0","0"
"r3__weapon__A__58__both-off","12519","9000","6456","0","31","300","2027","21058","30405","0","123296","15238","0","0","5","4","4","2583121","22590","0","2692","258227","0","0","0","0","3","471267","122847","4491186","0","0","0","0","0","17","3","10","45","2735","2735","0","182466","2101","128018","634","43932","5","140","1000","3","6","591","14","2","4","24","60","60","483840","0","0"
"r3__weapon__A__58__control","16964","3000","6864","0","33","6","1605","37402","24075","0","147423","35016","36525","13378","5","4","4","1986272","50","50","5855","58536","0","1270","0","0","0","141679","27732","1469955","27","0","0","0","0","20","2","10","39","3787","3787","0","257268","3511","229447","276","24926","1","140","1000","3","9","79","1","2","4","26","28","60","775620","49903","0"
"r3__weapon__A__58__interception-off","16964","3000","6864","0","33","6","1605","37402","24075","0","147423","35016","36525","13378","5","4","4","1989455","814","0","5855","58553","0","0","0","0","0","141679","27732","1469955","27","0","0","0","0","20","2","10","39","3787","3787","0","257268","3511","229447","276","24926","1","140","1000","3","9","79","1","2","4","26","28","60","775620","49903","0"
"r3__weapon__A__58__offense-off","17605","9000","8520","0","30","18","1065","29862","15975","0","120686","76417","0","0","5","4","4","4472949","191","191","5595","71793","0","4590","0","0","0","141774","15640","1369005","33","0","0","0","0","19","3","7","44","3544","3544","0","242275","2924","181825","620","45172","2","140","1000","3","9","66","1","2","4","29","33","59","800842","0","0"
"r3__weapon__A__59__both-off","13647","8472","9000","0","20","6","273","11058","4095","0","45746","27256","0","0","5","4","4","1560182","1971","0","2850","15510","0","0","0","0","5","26237","0","221968","44","0","0","0","0","12","2","5","25","1414","1414","0","96061","1109","67287","305","23059","1","140","1000","3","7","22","0","2","4","16","45","59","662347","0","0"
"r3__weapon__A__59__control","11530","9000","6720","0","26","295","996","17894","14940","0","76509","10609","0","25081","5","4","4","1066501","39","39","2000","104746","0","848","0","0","0","414545","14178","2627442","0","0","0","0","0","13","2","10","34","1972","1972","0","131919","1684","109770","288","19720","2","140","1000","3","6","435","10","2","4","19","60","60","422336","25081","0"
"r3__weapon__A__59__interception-off","11711","6936","9000","0","27","246","1011","18454","15165","0","80944","9917","0","24271","5","4","4","1087975","1556","0","2113","107010","0","0","0","0","0","423595","13227","2725414","0","0","0","0","0","14","2","10","34","2044","2044","0","135947","1742","113062","302","20815","3","140","1000","3","6","390","9","2","4","20","60","60","435360","24271","0"
"r3__weapon__A__59__offense-off","19001","3000","5976","0","27","12","582","27344","8730","0","104919","73705","0","0","5","4","4","4039776","174","174","4855","47301","0","3906","0","0","0","100884","0","834112","36","0","0","0","0","16","4","6","37","3202","3202","0","216088","2681","166849","521","37464","2","140","1000","3","10","46","1","2","4","24","36","57","893780","0","0"
"r3__weapon__A__60__both-off","15146","3504","3000","0","29","81","1150","24878","17250","0","82598","81844","0","0","5","4","4","2744310","2141","0","4495","16395","0","0","0","0","12","16785","2616","164642","48","0","0","0","0","14","3","11","35","2895","2895","0","195119","2433","151992","462","30677","3","140","1000","3","8","154","3","2","4","17","49","60","788998","0","0"
"r3__weapon__A__60__control","12480","9000","5520","0","27","271","991","21008","14865","0","100212","8007","0","22945","5","4","4","1371407","21","21","2072","122721","0","336","0","0","0","471545","167970","2742935","0","0","0","0","0","14","1","11","38","2266","2266","0","153321","1948","129525","318","22157","3","140","1000","3","6","371","9","2","4","24","60","60","476341","22945","0"
"r3__weapon__A__60__interception-off","15771","5496","9000","0","36","300","2564","41332","38460","0","190367","18856","0","48971","5","4","4","2761891","3855","0","3781","271804","0","0","0","0","2","663135","171777","5556929","0","0","0","0","0","18","5","12","43","4369","4369","0","293127","3847","253993","522","34933","2","140","1000","3","8","585","14","2","4","23","60","60","678960","48971","0"
"r3__weapon__A__60__offense-off","17750","6000","9000","0","30","7","1196","30224","17940","0","99525","95919","0","0","5","4","4","3750645","165","165","6871","20837","0","2650","0","0","0","10481","0","93552","55","0","0","0","0","13","5","11","40","3516","3516","0","233733","2986","183235","530","38289","1","140","1000","3","9","67","1","2","4","21","55","60","956138","0","0"
"r3__weapon__A__61__both-off","17121","3000","3096","0","29","22","1033","28778","15495","0","82476","106974","0","0","5","4","4","2772076","1496","0","5501","18512","0","0","0","0","1","11152","0","101136","50","0","0","0","0","13","4","11","35","3243","3243","0","219110","2790","176041","453","29660","1","140","1000","3","9","62","1","2","4","16","51","60","888360","0","0"
"r3__weapon__A__61__control","15729","6504","9000","0","30","3","1140","29198","17100","0","90064","60359","31501","3623","5","4","4","1868566","19","19","5153","23682","0","572","0","0","0","22997","3659","267539","46","0","0","0","0","16","4","9","35","3037","3037","0","206642","2764","178966","273","21095","2","140","1000","3","8","65","1","2","4","20","47","60","809055","35124","0"
"r3__weapon__A__61__interception-off","15729","6504","9000","0","30","3","1140","29198","17100","0","90064","60359","31501","3623","5","4","4","1870170","351","0","5153","23682","0","0","0","0","0","22997","3659","267539","46","0","0","0","0","16","4","9","35","3037","3037","0","206642","2764","178966","273","21095","2","140","1000","3","8","65","1","2","4","20","47","60","809055","35124","0"
"r3__weapon__A__61__offense-off","8126","3024","3000","0","22","263","739","9178","11085","0","57246","3226","0","0","5","4","4","855853","104","104","1510","47060","0","2574","0","0","0","204809","33933","1808826","0","0","0","0","0","13","0","8","28","1145","1145","0","78899","901","56249","244","18427","2","140","1000","3","4","417","10","1","3","18","44","44","208504","0","0"
"r3__weapon__A__62__both-off","20511","9000","6264","0","26","3","311","27586","4665","0","122959","56016","0","0","5","4","4","4027792","3796","0","4847","50476","0","0","0","0","41","42935","5631","350871","41","0","0","0","0","13","2","10","34","3317","3317","0","222779","2741","167718","576","43804","5","140","1000","3","11","13","0","2","4","20","42","60","1062150","0","0"
"r3__weapon__A__62__control","14743","6168","9000","0","30","240","1230","30612","18450","0","123960","34622","0","33993","5","4","4","2179428","36","36","3143","186654","0","618","0","0","0","607325","82659","3939453","0","0","0","0","0","16","2","11","38","3256","3256","0","219084","2849","188363","407","26509","2","140","1000","3","8","377","9","2","4","21","60","60","613076","33993","0"
"r3__weapon__A__62__interception-off","14886","3000","8736","0","33","300","1974","34472","29610","0","168440","9556","0","37588","5","4","4","2319218","3110","0","3133","254179","0","0","0","0","3","610920","33204","4569301","0","0","0","0","0","24","1","7","47","3702","3702","0","247979","3237","211158","465","32395","1","140","1000","3","8","555","13","2","4","34","60","60","625860","37588","0"
"r3__weapon__A__62__offense-off","14999","3000","6024","0","29","300","1045","27648","15675","0","164893","11410","0","0","5","4","4","2924772","417","417","3452","175738","0","8678","0","0","0","519247","89540","3730573","0","0","0","0","0","21","2","5","37","3314","3314","0","221772","2733","168740","581","45469","1","140","1000","3","8","461","11","2","4","30","60","60","522631","0","0"
"r3__weapon__A__63__both-off","17075","3000","4200","0","25","9","568","20896","8520","0","90191","44150","0","0","5","4","4","2621038","3340","0","4242","34229","0","0","0","0","1","53761","0","332959","39","0","0","0","0","17","2","5","38","2534","2534","0","167942","2098","126355","436","33601","1","140","1000","3","9","55","1","2","4","25","40","60","842634","0","0"
"r3__weapon__A__63__control","17934","3000","7584","0","28","3","493","29786","7395","0","105443","37732","28384","13203","5","4","4","1728116","25","25","3664","82346","0","534","0","0","0","238319","20058","1197477","18","0","0","0","0","16","2","9","34","2987","2987","0","200973","2782","182540","205","16211","1","140","1000","3","9","7","0","2","4","22","18","60","806222","41587","0"
"r3__weapon__A__63__interception-off","11961","3000","6936","0","25","225","627","17490","9405","0","80243","6845","0","23304","5","4","4","1110043","1241","0","1833","100979","0","0","0","0","0","438345","26347","2026749","0","0","0","0","0","18","1","5","30","1812","1812","0","126643","1576","108191","236","16251","2","140","1000","3","6","312","7","2","4","25","60","60","450360","23304","0"
"r3__weapon__A__63__offense-off","14695","7320","9000","0","26","12","718","21784","10770","0","101414","39840","0","0","5","4","4","2329632","138","138","3262","81640","0","3252","0","0","0","293159","0","1653272","18","0","0","0","0","17","3","5","39","2529","2529","0","167586","2149","131766","380","26332","1","140","1000","3","8","39","0","2","4","27","18","60","597342","0","0"
"r3__weapon__A__64__both-off","21600","9000","8400","266","41","300","3531","66698","52965","0","358673","66707","0","0","5","4","4","8548154","56333","0","7490","727346","0","0","0","0","202","1007046","35715","9628589","0","0","0","0","0","29","3","8","55","7543","7354","189","496711","6402","407100","952","71331","0","140","1000","3","12","594","14","2","4","44","60","60","1028700","0","0"
"r3__weapon__A__64__control","16967","3000","6792","0","28","21","781","26860","11715","0","89452","44960","30896","2926","5","4","4","1586762","14","14","4441","26574","0","366","0","0","0","27530","3586","229725","45","0","0","0","0","16","2","9","36","2815","2815","0","189839","2552","164334","263","21605","3","140","1000","3","9","82","2","2","4","23","46","60","874202","33822","0"
"r3__weapon__A__64__interception-off","16967","3000","6792","0","28","21","781","26860","11715","0","89452","44960","30896","2926","5","4","4","1587859","223","0","4441","26574","0","0","0","0","0","27530","3586","229725","45","0","0","0","0","16","2","9","36","2815","2815","0","189839","2552","164334","263","21605","3","140","1000","3","9","82","2","2","4","23","46","60","874202","33822","0"
"r3__weapon__A__64__offense-off","14645","8520","9000","0","32","300","1800","30398","27000","0","166278","29564","0","0","5","4","4","3340013","574","574","3346","364926","0","17424","0","0","0","454117","43571","4357351","0","0","0","0","0","18","2","11","42","3484","3484","0","234118","2908","186046","576","38276","3","140","1000","3","8","465","11","2","4","24","32","32","458214","0","0"
"r3__weapon__A__65__both-off","7607","9000","8568","0","19","262","376","7248","5640","0","41547","6533","0","0","5","4","4","831747","6334","0","1151","52714","0","0","0","0","1","194947","0","1178028","0","0","0","0","0","10","2","6","27","951","951","0","64569","721","44210","230","16489","2","140","1000","3","4","328","8","1","4","15","48","48","202596","0","0"
"r3__weapon__A__65__control","12576","9000","7824","0","25","27","681","16942","10215","0","60787","24352","16343","5039","5","4","4","975268","44","44","2835","26380","0","1270","0","0","0","85763","0","889362","35","0","0","0","0","12","3","9","34","1769","1769","0","119839","1596","103842","173","13318","2","140","1000","3","6","63","1","2","4","14","35","60","539907","21382","0"
"r3__weapon__A__65__interception-off","9081","3000","4056","0","24","291","858","12786","12870","0","54254","10355","0","15927","5","4","4","735554","1912","0","1670","57315","0","0","0","0","1","269905","0","2074015","0","0","0","0","0","12","1","10","34","1338","1338","0","90085","1198","78602","140","9549","1","140","1000","3","5","482","12","1","4","17","56","56","279036","15927","0"
"r3__weapon__A__65__offense-off","11769","5544","9000","0","20","0","385","9246","5775","0","41087","20297","0","0","5","4","4","1420903","108","108","2031","14880","0","2184","0","0","0","29846","2608","293132","46","0","0","0","0","13","1","5","26","1192","1192","0","80062","940","56188","252","18678","2","140","1000","3","6","4","0","2","4","19","46","59","554903","0","0"
"r3__weapon__A__66__both-off","14626","8976","9000","0","26","15","838","18280","12570","0","87211","31559","0","0","5","4","4","2218992","3981","0","3604","36319","0","0","0","0","2","97061","9555","973507","32","0","0","0","0","15","3","7","36","2161","2161","0","147492","1793","111487","368","28722","1","140","1000","3","8","39","0","2","4","24","33","60","658422","0","0"
"r3__weapon__A__66__control","13986","3000","6336","0","31","31","1640","30180","24600","0","122252","18457","18673","27787","5","4","4","1748819","40","40","3322","129128","0","962","0","0","0","412865","58480","3163955","12","0","0","0","0","20","3","7","37","2952","2952","0","201761","2778","185938","174","14592","1","140","1000","3","7","104","2","2","4","27","12","60","564783","46460","0"
"r3__weapon__A__66__interception-off","11246","5904","3000","0","27","280","1107","17114","16605","0","78045","6525","0","22419","5","4","4","1193068","1876","0","1766","114632","0","0","0","0","0","396160","95542","2662731","0","0","0","0","0","15","1","10","33","1825","1825","0","123254","1577","104963","248","16265","2","140","1000","3","6","422","10","2","4","21","60","60","407460","22419","0"
"r3__weapon__A__66__offense-off","13095","3000","3720","0","24","15","681","15094","10215","0","74218","22575","0","0","5","4","4","1817679","164","164","3263","24024","0","2966","0","0","0","69302","3964","660781","40","0","0","0","0","16","3","4","31","1811","1811","0","122680","1479","92085","332","25887","1","140","1000","3","7","46","1","2","3","24","40","59","579918","0","0"
"r3__weapon__A__67__both-off","18436","9000","4464","0","28","6","885","27578","13275","0","97858","82384","0","0","5","4","4","3106563","1620","0","5496","23470","0","0","0","0","3","26110","0","233888","45","0","0","0","0","16","2","9","38","3200","3200","0","213843","2714","167975","486","33601","2","140","1000","3","10","116","2","2","4","26","46","60","965760","0","0"
"r3__weapon__A__67__control","14352","8448","3000","0","34","300","2316","35412","34740","0","173779","8161","0","37624","5","4","4","2038803","42","42","3063","292001","0","758","0","0","0","583865","42682","5062302","0","0","0","0","0","24","1","8","46","3634","3634","0","248393","3232","218404","402","28829","1","140","1000","3","7","588","14","2","4","36","60","60","592021","37624","0"
"r3__weapon__A__67__interception-off","19253","6072","3000","0","41","276","3553","64480","53295","0","309435","15845","0","75103","5","4","4","4173392","4934","0","5439","586324","0","0","0","0","0","868573","88834","8427445","0","0","0","0","0","28","2","10","61","6414","6414","0","437345","5905","397346","509","36962","4","140","1000","3","10","570","14","2","4","45","60","60","887880","75103","0"
"r3__weapon__A__67__offense-off","12746","6096","9000","0","24","82","725","15190","10875","0","68880","31430","0","0","5","4","4","1666316","107","107","3192","13178","0","1888","0","0","0","20345","0","142499","49","0","0","0","0","13","2","8","31","1921","1921","0","130885","1498","93063","423","30575","2","140","1000","3","7","178","4","2","3","19","49","60","635396","0","0"
"r3__weapon__A__68__both-off","21600","9000","8400","582","34","144","1548","45312","23220","0","196061","97843","0","0","5","4","4","5819682","4181","0","8691","33092","0","0","0","0","4","10139","0","80577","50","0","0","0","0","28","2","3","52","5086","5086","0","345902","4369","277246","717","51998","1","140","1000","3","12","211","5","2","4","47","51","60","1179851","0","0"
"r3__weapon__A__68__control","15473","9000","5352","0","33","39","1925","34240","28875","0","137659","30936","23983","20677","5","4","4","2067060","44","44","4301","107792","0","854","0","0","0","375365","58027","3211153","12","0","0","0","0","19","7","6","41","3420","3420","0","233624","3182","210123","238","20369","4","140","1000","3","8","115","2","2","4","24","12","60","655351","44660","0"
"r3__weapon__A__68__interception-off","13152","3648","3000","0","33","300","2304","29178","34560","0","138314","10907","0","33807","5","4","4","1813851","2305","0","2659","154862","0","0","0","0","0","508614","72481","4553796","0","0","0","0","0","23","2","7","43","3100","3100","0","211713","2688","179491","412","28685","2","140","1000","3","7","592","14","2","4","34","60","60","521820","33807","0"
"r3__weapon__A__68__offense-off","18233","5592","3000","0","31","102","1229","34252","18435","0","170717","48907","0","0","5","4","4","4183178","160","160","7482","27664","0","2590","0","0","0","14270","0","137721","53","0","0","0","0","24","1","5","42","3925","3925","0","268374","3298","209542","627","48750","3","140","1000","3","10","186","4","2","4","36","53","59","980840","0","0"
"r3__weapon__A__69__both-off","15705","7080","9000","0","30","94","1272","28768","19080","0","111938","75152","0","0","5","4","4","2830995","2660","0","5485","28942","0","0","0","0","93","48005","0","474381","40","0","0","0","0","22","1","6","36","3284","3284","0","219875","2810","175241","474","32785","1","140","1000","3","8","175","4","2","4","27","41","60","767197","0","0"
"r3__weapon__A__69__control","13080","3000","4080","0","24","6","666","15768","9990","0","55829","21648","20340","1757","5","4","4","959698","5","5","2893","13293","0","156","0","0","0","3575","339","15289","53","0","0","0","0","12","1","10","29","1727","1727","0","117706","1497","96886","230","18132","1","140","1000","3","7","86","2","2","4","16","54","60","681976","22097","0"
"r3__weapon__A__69__interception-off","13080","3000","4080","0","24","6","666","15768","9990","0","55829","21648","20340","1757","5","4","4","960104","72","0","2893","13293","0","0","0","0","0","3575","339","15289","53","0","0","0","0","12","1","10","29","1727","1727","0","117706","1497","96886","230","18132","1","140","1000","3","7","86","2","2","4","16","54","60","681976","22097","0"
"r3__weapon__A__69__offense-off","15700","7200","9000","0","26","16","769","19858","11535","0","95033","34354","0","0","5","4","4","2290055","104","104","4263","18389","0","1790","0","0","0","10395","0","77059","53","0","0","0","0","19","2","4","30","2356","2356","0","159858","1942","121587","414","30471","1","140","1000","3","8","59","1","2","4","24","53","60","828862","0","0"
"r3__weapon__A__70__both-off","14785","5160","9000","0","25","3","652","17630","9780","0","80720","36590","0","0","5","4","4","2511881","4414","0","3270","28862","0","0","0","0","3","79035","0","620510","35","0","0","0","0","13","3","8","30","2122","2122","0","146284","1725","107906","397","28974","1","140","1000","3","8","30","0","2","4","18","36","60","680484","0","0"
"r3__weapon__A__70__control","16692","7392","9000","0","24","6","365","20412","5475","0","66577","33923","27863","612","5","4","4","1284444","12","12","3396","23579","0","360","0","0","0","3039","0","18176","54","0","0","0","0","14","2","7","33","2135","2135","0","145943","1923","125515","212","16968","1","140","1000","3","9","36","0","2","4","21","55","60","823665","28475","0"
"r3__weapon__A__70__interception-off","16692","7392","9000","0","24","6","365","20412","5475","0","66577","33923","27863","612","5","4","4","1285366","118","0","3396","23579","0","0","0","0","0","3039","0","18176","54","0","0","0","0","14","2","7","33","2135","2135","0","145943","1923","125515","212","16968","1","140","1000","3","9","36","0","2","4","21","55","60","823665","28475","0"
"r3__weapon__A__70__offense-off","21600","9000","8400","666","28","48","558","32354","8370","0","157361","50040","0","0","5","4","4","3808624","139","139","6359","36876","0","2126","0","0","0","10775","0","75756","49","0","0","0","0","21","2","4","35","3672","3672","0","250030","3130","198106","542","42629","1","140","1000","3","12","78","1","2","4","30","49","54","1045972","0","0"
"r3__weapon__A__71__both-off","18008","3000","5808","0","24","0","266","20748","3990","0","82715","55647","0","0","5","4","4","2692693","1652","0","3957","27034","0","0","0","0","1","8097","0","61119","40","0","0","0","0","17","1","5","28","2465","2465","0","169699","2017","127254","448","31337","3","140","1000","3","10","9","0","2","4","21","41","49","716926","0","0"
"r3__weapon__A__71__control","20619","9000","8856","0","29","9","555","36592","8325","0","109856","71092","36641","11564","5","4","4","2062238","28","28","5073","67594","0","618","0","0","0","145369","0","904769","27","0","0","0","0","18","2","8","34","3712","3712","0","252680","3428","225156","284","23527","2","140","1000","3","11","30","0","2","4","22","28","60","993300","48205","0"
"r3__weapon__A__71__interception-off","20619","9000","8856","0","29","9","555","36592","8325","0","109856","71092","36641","11564","5","4","4","2063589","512","0","5073","67594","0","0","0","0","0","145369","0","904769","27","0","0","0","0","18","2","8","34","3712","3712","0","252680","3428","225156","284","23527","2","140","1000","3","11","30","0","2","4","22","28","60","993300","48205","0"
"r3__weapon__A__71__offense-off","17587","9000","8088","0","24","6","272","20118","4080","0","79052","52830","0","0","5","4","4","2403822","88","88","3960","24781","0","1628","0","0","0","8097","0","61119","40","0","0","0","0","17","1","5","29","2343","2343","0","158555","1963","123302","380","26673","1","140","1000","3","9","20","0","2","4","22","40","47","686463","0","0"
"r3__weapon__A__72__both-off","16513","9000","6312","0","26","0","761","20236","11415","0","90543","41423","0","0","5","4","4","2476610","2108","0","4473","18904","0","0","0","0","0","15945","0","130617","48","0","0","0","0","16","3","6","31","2494","2494","0","165142","2036","123032","458","33176","4","140","1000","3","9","89","2","2","4","22","49","60","873718","0","0"
"r3__weapon__A__72__control","20104","3000","3504","0","29","0","656","32870","9840","0","66551","105826","31564","4623","5","4","4","2140236","34","34","5421","29961","0","904","0","0","0","27130","0","239202","45","0","0","0","0","14","6","8","36","3407","3407","0","230409","3116","201185","291","21845","2","140","1000","3","11","44","1","2","4","16","46","60","1062966","36187","0"
"r3__weapon__A__72__interception-off","20104","3000","3504","0","29","0","656","32870","9840","0","66551","105826","31564","4623","5","4","4","2142180","603","0","5421","29961","0","0","0","0","0","27130","0","239202","45","0","0","0","0","14","6","8","36","3407","3407","0","230409","3116","201185","291","21845","2","140","1000","3","11","44","1","2","4","16","46","60","1062966","36187","0"
"r3__weapon__A__72__offense-off","18069","3000","4344","0","27","6","783","24014","11745","0","106064","49041","0","0","5","4","4","3080503","91","91","5188","24394","0","1440","0","0","0","15945","0","130617","50","0","0","0","0","17","4","5","32","2888","2888","0","190315","2409","145817","479","35210","1","140","1000","3","10","44","1","2","4","23","50","60","964760","0","0"
"r3__weapon__A__73__both-off","21600","9000","8400","356","34","63","1743","44546","26145","0","163346","126737","0","0","5","4","4","6298189","5941","0","6643","93535","0","0","0","0","8","310268","5268","2299720","12","0","0","0","0","20","6","7","48","4970","4970","0","338021","4312","271941","658","47938","0","140","1000","3","12","124","3","2","4","27","13","60","1028700","0","0"
"r3__weapon__A__73__control","7761","5736","9000","0","20","300","411","9018","6165","0","41908","3054","0","12102","5","4","4","499833","32","32","1071","47531","0","702","0","0","0","202205","3474","1224310","0","0","0","0","0","15","0","4","27","972","972","0","66681","826","55606","146","9617","1","140","1000","3","4","418","10","1","3","23","48","48","208162","12102","0"
"r3__weapon__A__73__interception-off","18452","9000","4848","0","33","6","1439","40686","21585","0","134168","72695","48025","2732","5","4","4","2469799","322","0","6628","28243","0","0","0","0","3","21905","0","226544","47","0","0","0","0","21","4","7","41","4153","4153","0","284240","3817","250678","336","26620","1","140","1000","3","10","105","2","2","4","27","48","60","974360","50757","0"
"r3__weapon__A__73__offense-off","8177","4248","3000","0","19","266","359","7834","5385","0","46368","6693","0","0","5","4","4","789789","112","112","1162","42984","0","2726","0","0","0","206934","29590","1214425","0","0","0","0","0","8","3","7","25","970","970","0","67335","770","48092","200","14274","2","140","1000","3","4","368","9","1","4","14","44","44","210045","0","0"
"r3__weapon__B__42__both-off","21600","9000","8400","476","43","300","4581","73656","68715","0","357795","123979","0","0","5","4","4","6554152","37187","0","6637","502873","0","0","0","0","207","1007046","318316","9855687","698","0","0","0","0","26","6","10","56","7624","7624","0","517504","7006","451401","618","35730","0","140","1000","3","12","573","14","2","4","36","60","60","1028700","0","0"
"r3__weapon__B__42__control","21600","9000","8400","46","39","300","2242","68942","33630","0","206758","162346","27673","33062","5","4","4","4403351","57","57","5756","374659","0","1124","0","0","0","1018745","233661","7301655","628","0","0","0","0","24","6","8","47","6789","6789","0","458972","6336","424156","453","29133","0","140","1000","3","12","448","11","2","4","28","60","60","1026514","60735","0"
"r3__weapon__B__42__interception-off","21600","9000","8400","144","40","300","2554","72426","38310","0","210876","172462","30098","36900","5","4","4","4104196","1436","0","5666","386650","0","0","0","0","0","1007046","262705","7355551","628","0","0","0","0","24","6","9","56","6955","6955","0","476089","6574","446821","381","25753","0","140","1000","3","12","466","11","2","4","34","60","60","1028700","66998","0"
"r3__weapon__B__42__offense-off","21600","9000","8400","620","43","300","3973","74652","59595","0","293284","186134","0","0","5","4","4","6878884","1065","1065","6509","452093","0","31852","0","0","0","654764","318670","9547092","698","0","0","0","0","24","8","10","52","7809","7809","0","528222","7021","457750","788","48804","0","140","1000","3","12","586","14","2","4","32","20","20","660567","0","0"
"r3__weapon__B__43__both-off","11627","8952","9000","0","26","298","1124","16234","16860","0","73635","36471","0","0","5","4","4","2125493","13950","0","2049","136576","0","0","0","0","5","418639","140991","2884105","339","0","0","0","0","9","6","10","32","2061","2061","0","139264","1598","99154","463","29158","3","140","1000","3","6","430","10","2","3","15","60","60","430320","0","0"
"r3__weapon__B__43__control","13464","9000","5136","0","30","300","1397","26422","20955","0","106307","25409","0","31943","5","4","4","2070099","45","45","3126","192833","0","974","0","0","0","530585","137967","4010342","0","0","0","0","0","14","3","12","39","2892","2892","0","191869","2488","160876","404","28210","1","140","1000","3","7","501","12","2","4","19","60","60","533847","31943","0"
"r3__weapon__B__43__interception-off","18649","8424","9000","0","39","258","2894","57276","43410","0","241366","54124","10734","52181","5","4","4","4115368","3882","0","5771","385659","0","0","0","0","3","832937","150685","8129992","341","0","0","0","0","21","4","13","51","5884","5884","0","397254","5271","351717","613","38849","8","140","1000","3","10","541","13","2","4","32","60","60","851640","62915","0"
"r3__weapon__B__43__offense-off","21600","9000","8400","1078","40","300","2966","67626","44490","0","247468","190498","0","0","5","4","4","8004402","727","727","6182","467472","0","20416","0","0","0","846205","543141","8620443","696","0","0","0","0","18","9","12","60","7305","7305","0","498731","6445","413922","860","60765","0","140","1000","3","12","519","12","2","4","26","45","45","852900","0","0"
"r3__weapon__B__44__both-off","16130","3120","3000","0","33","300","1997","35218","29955","0","176770","61491","0","0","5","4","4","4356369","25704","0","3845","260929","0","0","0","0","6","684316","207887","5179801","432","0","0","0","0","22","2","8","37","4206","4206","0","283189","3490","215143","716","44928","1","140","1000","3","8","509","12","2","4","25","60","60","700500","0","0"
"r3__weapon__B__44__control","18292","7008","3000","0","40","300","3694","58956","55410","0","267576","38395","6085","54449","5","4","4","3943664","45","45","5513","341577","0","726","0","0","0","820265","61667","8445184","187","0","0","0","0","27","3","9","47","5992","5992","0","404118","5443","362260","549","37613","2","140","1000","3","10","591","14","2","4","36","60","60","825066","60534","0"
"r3__weapon__B__44__interception-off","13474","9000","5376","0","31","300","1761","28282","26415","0","134417","8144","0","34355","5","4","4","1773965","2228","0","2823","147203","0","0","0","0","1","527612","10848","4015560","0","0","0","0","0","23","2","5","35","3006","3006","0","205019","2616","173841","390","28103","2","140","1000","3","7","518","12","2","4","29","60","60","541140","34355","0"
"r3__weapon__B__44__offense-off","7682","7632","9000","0","20","283","444","7298","6660","0","40878","6253","0","0","5","4","4","875845","105","105","1283","57782","0","2678","0","0","0","189589","45977","1374492","0","0","0","0","0","9","3","7","28","995","995","0","67503","735","44358","260","20372","2","140","1000","3","4","358","8","1","3","15","42","42","192331","0","0"
"r3__weapon__B__45__both-off","15655","8280","9000","0","31","234","1385","34148","20775","0","112038","105367","0","0","5","4","4","2718012","2421","0","3433","216487","0","0","0","0","3","656291","270732","4361887","442","0","0","0","0","17","3","10","45","3655","3655","0","245270","3219","209109","436","27865","7","140","1000","3","8","369","9","2","4","24","60","60","672000","0","0"
"r3__weapon__B__45__control","19241","5784","3000","0","39","277","3038","61558","45570","0","211059","130996","23745","19060","5","4","4","3436808","35","35","5155","301178","0","550","0","0","0","877205","236446","7438331","583","0","0","0","0","20","6","12","47","6103","6103","0","415281","5629","378648","474","30421","1","140","1000","3","10","535","13","2","4","24","60","60","884735","42805","0"
"r3__weapon__B__45__interception-off","21600","9000","8400","108","44","300","4416","81770","66240","0","290872","157768","13685","45660","5","4","4","4711137","1782","0","7010","359672","0","0","0","0","1","1007046","101064","10108400","564","0","0","0","0","29","5","9","55","7923","7923","0","538847","7453","503350","470","30862","0","140","1000","3","12","592","14","2","4","35","60","60","1028700","59345","0"
"r3__weapon__B__45__offense-off","21600","9000","8400","148","45","298","5298","81886","79470","0","354862","157804","0","0","5","4","4","4690082","399","399","6770","370138","0","9308","0","0","0","993052","212022","10771385","631","0","0","0","0","27","5","12","62","7903","7903","0","537131","7538","503967","365","24465","0","140","1000","3","12","590","14","2","4","39","60","60","995829","0","0"
"r3__weapon__B__46__both-off","21600","9000","8400","656","46","300","5862","82404","87930","0","390318","126234","0","0","5","4","4","5100064","5189","0","5371","421886","0","0","0","0","24","1007046","280494","10588545","573","0","0","0","0","29","6","10","57","7978","7978","0","540149","7619","506353","359","23597","0","140","1000","3","12","596","14","2","4","37","60","60","1028700","0","0"
"r3__weapon__B__46__control","17649","8424","9000","0","39","300","3444","54728","51660","0","209498","90365","22556","18618","5","4","4","3319303","30","30","4898","286588","0","464","0","0","0","781685","274568","7743975","481","0","0","0","0","24","5","9","52","5563","5563","0","375147","5049","336239","514","34110","2","140","1000","3","9","596","14","2","4","32","60","60","790699","41174","0"
"r3__weapon__B__46__interception-off","14790","5040","9000","0","36","300","2814","38888","42210","0","182781","30880","5352","24590","5","4","4","2148822","918","0","3631","197196","0","0","0","0","3","605256","40038","5723893","225","0","0","0","0","23","5","7","43","3995","3995","0","269832","3589","239607","406","26229","1","140","1000","3","8","596","14","2","4","28","60","60","620100","29942","0"
"r3__weapon__B__46__offense-off","21600","9000","8400","930","42","298","3445","72906","51675","0","273374","185787","0","0","5","4","4","6123735","334","334","6037","431624","0","8212","0","0","0","995249","551847","9554034","654","0","0","0","0","27","6","8","55","7393","7393","0","499394","6784","447320","609","40233","0","140","1000","3","12","549","13","2","4","33","59","59","1002929","0","0"
"r3__weapon__B__47__both-off","8656","8256","9000","0","19","243","366","7430","5490","0","42693","6814","0","0","5","4","4","870812","3317","0","1315","50907","0","0","0","0","32","247040","23962","1284842","0","0","0","0","0","10","3","5","20","957","957","0","63831","747","44671","210","14324","1","140","1000","3","4","283","7","1","4","13","54","54","255744","0","0"
"r3__weapon__B__47__control","18952","3000","7152","0","37","257","2185","56132","32775","0","213906","85437","16148","34517","5","4","4","3162168","33","33","5219","305994","0","492","0","0","0","858605","125424","6782350","480","0","0","0","0","25","4","7","56","5562","5562","0","378946","5124","345525","438","28938","1","140","1000","3","10","457","11","2","4","40","60","60","869652","50665","0"
"r3__weapon__B__47__interception-off","21600","9000","8400","114","41","300","3062","74278","45930","0","294041","104303","16898","45880","5","4","4","4420275","2026","0","6515","409229","0","0","0","0","0","1007046","124803","8799533","568","0","0","0","0","31","4","5","62","7286","7286","0","494982","6764","455980","522","33860","0","140","1000","3","12","562","14","2","4","47","60","60","1028700","62778","0"
"r3__weapon__B__47__offense-off","12532","9000","6768","0","24","71","727","13452","10905","0","44564","47107","0","0","5","4","4","1285811","92","92","1896","82197","0","1926","0","0","0","452568","133683","2266261","346","0","0","0","0","12","4","7","28","1556","1556","0","106221","1295","82646","261","14550","1","140","1000","3","6","145","3","2","3","17","60","60","456812","0","0"
"r3__weapon__B__48__both-off","19623","9000","8952","0","36","297","1913","50060","28695","0","193849","126214","0","0","5","4","4","4506049","7175","0","4643","337095","0","0","0","0","13","890403","329820","6124524","594","0","0","0","0","18","3","14","45","5405","5405","0","363350","4737","306918","668","43287","1","140","1000","3","10","558","13","2","4","26","60","60","910080","0","0"
"r3__weapon__B__48__control","12619","9000","8856","0","29","240","1321","23074","19815","0","108209","10235","0","25765","5","4","4","1423366","35","35","1996","138717","0","598","0","0","0","479885","109455","3171742","0","0","0","0","0","18","2","8","41","2468","2468","0","169674","2121","142140","347","25465","3","140","1000","3","7","391","9","2","4","28","60","60","486131","25765","0"
"r3__weapon__B__48__interception-off","21600","9000","8400","6","41","300","3176","75032","47640","0","299060","97609","17706","53460","5","4","4","5019731","2793","0","6248","471645","0","0","0","0","0","1007046","356475","9081081","487","0","0","0","0","28","5","7","58","7386","7386","0","500577","6870","461013","516","32742","0","140","1000","3","12","538","13","2","4","40","60","60","1028700","71166","0"
"r3__weapon__B__48__offense-off","12173","4152","3000","0","24","212","624","15892","9360","0","75160","31359","0","0","5","4","4","1805558","176","176","1979","117273","0","4748","0","0","0","423020","58313","2213664","269","0","0","0","0","14","2","7","26","1965","1965","0","130564","1566","96756","399","24045","1","140","1000","3","6","276","6","2","4","17","59","59","426313","0","0"
"r3__weapon__B__49__both-off","9410","9000","3840","0","26","300","1339","12814","20085","0","74723","9381","0","0","5","4","4","1136950","10976","0","1458","64990","0","0","0","0","19","288278","6750","2365248","40","0","0","0","0","16","2","7","37","1475","1475","0","101298","1240","78557","235","17194","1","140","1000","3","5","507","12","1","3","26","58","58","297740","0","0"
"r3__weapon__B__49__control","13708","7008","9000","0","32","300","1792","29426","26880","0","127932","21665","0","32881","5","4","4","1936913","39","39","3061","230429","0","700","0","0","0","545225","5898","4373192","0","0","0","0","0","19","1","11","37","3183","3183","0","214610","2732","180680","451","32132","2","140","1000","3","7","575","14","2","4","24","60","60","551490","32881","0"
"r3__weapon__B__49__interception-off","17118","3000","3168","0","37","240","2516","48196","37740","0","213787","28996","0","56448","5","4","4","3099538","4409","0","4812","296937","0","0","0","0","0","742608","0","6268844","0","0","0","0","0","25","2","9","45","5012","5012","0","335388","4476","295164","536","36157","1","140","1000","3","9","525","13","2","4","34","60","60","759780","56448","0"
"r3__weapon__B__49__offense-off","12052","3000","4752","0","29","300","1608","20514","24120","0","114619","16858","0","0","5","4","4","2255196","391","391","2472","114885","0","10608","0","0","0","312202","34855","3403252","57","0","0","0","0","15","4","9","35","2351","2351","0","160635","1916","126036","435","29158","1","140","1000","3","6","512","12","2","4","21","40","40","315484","0","0"
"r3__weapon__B__50__both-off","18678","7728","9000","0","38","275","2912","54366","43680","0","280039","68947","0","0","5","4","4","5804162","18166","0","5513","472276","0","0","0","0","3","834648","193598","7470934","504","0","0","0","0","26","3","8","51","5919","5919","0","398660","5137","332154","782","49674","4","140","1000","3","10","553","13","2","4","36","60","60","853380","0","0"
"r3__weapon__B__50__control","17644","8544","9000","0","39","300","3343","54454","50145","0","229357","57694","33398","21728","5","4","4","3572117","38","38","4996","317074","0","820","0","0","0","780125","340225","8285413","478","0","0","0","0","20","4","14","51","5526","5526","0","377021","4985","335612","541","34844","3","140","1000","3","9","593","14","2","4","26","60","60","791279","55126","0"
"r3__weapon__B__50__interception-off","18703","7128","9000","0","40","300","3493","59274","52395","0","246471","62119","35699","27401","5","4","4","4109483","1837","0","5344","389320","0","0","0","0","0","836123","369729","8713380","513","0","0","0","0","24","4","11","53","6004","6004","0","406705","5453","363957","551","35015","2","140","1000","3","10","556","13","2","4","34","60","60","854880","63100","0"
"r3__weapon__B__50__offense-off","21600","9000","8400","348","43","300","4237","75324","63555","0","404401","79153","0","0","5","4","4","7258044","1174","1174","9183","287386","0","35880","0","0","0","565376","31134","9545334","118","0","0","0","0","30","7","5","58","7842","7842","0","531486","7193","460451","649","47932","0","140","1000","3","12","565","14","2","4","42","12","12","570117","0","0"
"r3__weapon__B__51__both-off","21600","9000","8400","364","40","300","2690","68104","40350","0","285610","146985","0","0","5","4","4","6743208","23725","0","6398","473903","0","0","0","0","2","1007046","291792","8125106","551","0","0","0","0","24","4","11","58","7151","7151","0","479880","6438","416753","713","47285","0","140","1000","3","12","575","14","2","4","36","60","60","1028700","0","0"
"r3__weapon__B__51__control","17331","7944","3000","0","35","294","1852","46206","27780","0","163552","81920","19719","24159","5","4","4","2934225","41","41","4024","246617","0","762","0","0","0","762605","180846","5696940","545","0","0","0","0","24","3","7","46","4643","4643","0","317919","4224","284809","419","28569","1","140","1000","3","9","467","11","2","4","32","60","60","768859","43878","0"
"r3__weapon__B__51__interception-off","21600","9000","8400","112","41","300","2979","73870","44685","0","254481","134212","41089","31203","5","4","4","4861643","2014","0","6592","458965","0","0","0","0","0","1007046","345339","8986936","687","0","0","0","0","26","3","11","56","7270","7270","0","495730","6747","454852","523","34745","0","140","1000","3","12","523","13","2","4","37","60","60","1028700","72292","0"
"r3__weapon__B__51__offense-off","13430","9000","4320","0","31","300","1960","24344","29400","0","125868","32190","0","0","5","4","4","2917775","575","575","3318","144713","0","18010","0","0","0","372812","29784","4447259","180","0","0","0","0","21","4","5","42","3068","3068","0","208186","2416","148630","652","50128","2","140","1000","3","7","480","12","2","4","32","21","21","376404","0","0"
"r3__weapon__B__52__both-off","21600","9000","8400","294","41","300","3519","67442","52785","0","271887","174403","0","0","5","4","4","8457547","63529","0","6512","464155","0","0","0","0","1","1007046","333955","8928485","680","0","0","0","0","28","5","7","53","7411","7403","8","503540","6460","412310","943","57250","0","140","1000","3","12","545","13","2","4","37","60","60","1028700","0","0"
"r3__weapon__B__52__control","21600","9000","8400","834","42","298","3466","77520","51990","0","241864","184254","43930","8093","5","4","4","4370805","36","36","6448","443976","0","626","0","0","0","1016945","634407","10179009","705","0","0","0","0","22","5","14","58","7527","7527","0","508936","7094","474921","433","30795","0","140","1000","3","12","593","14","2","4","30","60","60","1028692","52023","0"
"r3__weapon__B__52__interception-off","21600","9000","8400","758","43","300","3757","78580","56355","0","250817","175376","48775","10785","5","4","4","4232613","1408","0","6457","465576","0","0","0","0","0","1007046","651954","10431479","705","0","0","0","0","25","4","13","57","7665","7665","0","516832","7204","481707","461","31079","0","140","1000","3","12","596","14","2","4","32","60","60","1028700","59560","0"
"r3__weapon__B__52__offense-off","21600","9000","8400","284","42","300","3848","71658","57720","0","300122","165672","0","0","5","4","4","7594228","980","980","6013","436842","0","26156","0","0","0","714092","417409","9121227","680","0","0","0","0","22","6","13","61","7565","7565","0","512083","6859","437709","706","46289","0","140","1000","3","12","541","13","2","4","33","40","40","724120","0","0"
"r3__weapon__B__53__both-off","17651","8376","9000","0","38","300","3175","49596","47625","0","246420","68145","0","0","5","4","4","2997623","4844","0","3506","250357","0","0","0","0","14","774055","200603","6163212","401","0","0","0","0","20","4","13","53","5098","5098","0","343897","4675","303453","423","29332","4","140","1000","3","9","506","12","2","4","31","60","60","791760","0","0"
"r3__weapon__B__53__control","17477","9000","5448","0","35","266","1916","45676","28740","0","187330","50577","26309","21674","5","4","4","2970972","29","29","4179","254695","0","464","0","0","0","771365","218340","5533239","430","0","0","0","0","24","3","7","44","4647","4647","0","318629","4185","282065","462","32739","2","140","1000","3","9","399","9","2","4","34","60","60","780936","47983","0"
"r3__weapon__B__53__interception-off","21600","9000","8400","14","41","300","2966","72092","44490","0","254760","127592","34301","32887","5","4","4","4836752","1781","0","6315","363175","0","0","0","0","0","1007046","318537","8769949","568","0","0","0","0","27","3","10","56","7144","7144","0","483087","6631","442690","513","33547","0","140","1000","3","12","498","12","2","4","39","60","60","1028700","67188","0"
"r3__weapon__B__53__offense-off","21600","9000","8400","172","45","300","5020","82034","75300","0","361045","143828","0","0","5","4","4","3807129","203","203","5279","359638","0","4086","0","0","0","1004082","163318","9548021","502","0","0","0","0","28","5","11","64","7768","7768","0","523983","7511","504221","257","19110","0","140","1000","3","12","587","14","2","4","43","59","59","1008893","0","0"
"r3__weapon__B__54__both-off","5714","6864","9000","0","14","113","155","3142","2325","0","14114","7329","0","0","5","4","4","345391","1090","0","899","23991","0","0","0","0","3","116393","15240","683032","86","0","0","0","0","6","1","6","18","461","461","0","29556","339","18749","122","8113","2","140","1000","3","3","169","4","1","3","9","37","37","122138","0","0"
"r3__weapon__B__54__control","21600","9000","8400","336","38","300","1958","63904","29370","0","193396","152630","28410","21248","5","4","4","3480017","32","32","5341","370054","0","492","0","0","0","896705","310549","6482009","661","0","0","0","0","22","6","9","51","6300","6300","0","424646","5889","392079","411","28962","0","140","1000","3","12","469","11","2","4","30","60","60","908749","49658","0"
"r3__weapon__B__54__interception-off","21600","9000","8400","92","38","298","1956","64220","29340","0","197911","150350","29260","21091","5","4","4","3460916","987","0","5397","376448","0","0","0","0","0","888966","334381","6641725","661","0","0","0","0","23","6","8","54","6304","6304","0","424370","5915","394361","389","25758","0","140","1000","3","12","480","12","2","4","33","60","60","910620","50351","0"
"r3__weapon__B__54__offense-off","4609","9000","8616","0","14","295","175","2504","2625","0","15199","1914","0","0","5","4","4","249256","42","42","760","18725","0","946","0","0","0","79560","18124","627651","0","0","0","0","0","7","0","6","20","403","403","0","25305","268","15137","135","8192","4","140","1000","3","2","394","9","1","3","13","29","29","82572","0","0"
"r3__weapon__B__55__both-off","9142","3408","3000","0","20","287","452","8572","6780","0","43387","14997","0","0","5","4","4","874225","2372","0","1043","67269","0","0","0","0","7","273260","27792","1251705","157","0","0","0","0","11","2","6","28","1056","1056","0","72136","847","52562","209","13752","3","140","1000","3","5","400","10","1","4","16","56","56","282452","0","0"
"r3__weapon__B__55__control","14756","5856","9000","0","29","132","1007","29034","15105","0","92870","58149","13993","18664","5","4","4","1862783","40","40","2795","157682","0","788","0","0","0","607745","134010","3268400","425","0","0","0","0","14","6","8","34","2992","2992","0","202825","2693","178729","299","19149","3","140","1000","3","8","228","5","2","4","18","60","60","618012","32657","0"
"r3__weapon__B__55__interception-off","15155","3720","3000","0","30","290","1091","31430","16365","0","105736","59469","14291","19091","5","4","4","2000098","1233","0","2946","174798","0","0","0","0","0","626791","140652","3782610","439","0","0","0","0","16","6","7","34","3292","3292","0","220664","2939","193474","353","22077","1","140","1000","3","8","429","10","2","4","20","60","60","642000","33382","0"
"r3__weapon__B__55__offense-off","12722","6672","9000","0","21","17","378","11060","5670","0","58169","17003","0","0","5","4","4","1408671","149","149","1325","67580","0","3300","0","0","0","328518","114635","1355643","167","0","0","0","0","12","2","6","26","1340","1340","0","91869","1075","67714","265","16697","1","140","1000","3","7","87","2","2","4","15","32","32","333245","0","0"
"r3__weapon__B__56__both-off","14997","3000","6072","0","31","300","1508","30332","22620","0","158237","39494","0","0","5","4","4","3100568","15656","0","3187","209375","0","0","0","0","2","617469","37350","4254784","144","0","0","0","0","22","3","5","39","3509","3509","0","236324","2934","185202","575","38593","1","140","1000","3","8","464","11","2","4","27","60","60","632520","0","0"
"r3__weapon__B__56__control","20664","8064","9000","0","41","300","3184","68080","47760","0","291467","54801","0","73219","5","4","4","4819778","34","34","6431","428030","0","604","0","0","0","962585","30216","8502326","0","0","0","0","0","26","6","8","55","6987","6987","0","467374","6322","417479","665","47887","10","140","1000","3","11","556","13","2","4","38","60","60","969731","73219","0"
"r3__weapon__B__56__interception-off","21600","9000","8400","678","43","298","4112","77946","61680","0","300697","103263","28447","53461","5","4","4","5467411","4055","0","7120","474337","0","0","0","0","0","1007046","200872","10443974","438","0","0","0","0","24","8","10","63","7835","7835","0","525336","7216","477321","619","39468","0","140","1000","3","12","594","14","2","4","40","60","60","1028700","81908","0"
"r3__weapon__B__56__offense-off","12081","3000","4056","0","27","290","1082","17820","16230","0","94094","20384","0","0","5","4","4","1999223","187","187","2520","136854","0","5402","0","0","0","397595","11172","2961200","65","0","0","0","0","14","4","8","39","2240","2240","0","149334","1751","108585","489","34856","2","140","1000","3","6","504","12","2","4","20","59","59","401478","0","0"
"r3__weapon__B__57__both-off","8637","8712","9000","0","22","300","766","9056","11490","0","51489","8445","0","0","5","4","4","1094527","8556","0","1403","58717","0","0","0","0","7","246037","25701","1873059","57","0","0","0","0","12","2","7","25","1185","1185","0","80512","917","55461","268","20578","1","140","1000","3","4","483","12","1","4","16","53","53","254721","0","0"
"r3__weapon__B__57__control","14089","3000","3864","0","33","300","1963","31634","29445","0","118868","45725","11280","23958","5","4","4","1990268","41","41","3045","209811","0","954","0","0","0","568085","114648","4543139","309","0","0","0","0","21","1","10","41","3327","3327","0","225184","2937","195263","390","25353","1","140","1000","3","7","501","12","2","4","29","60","60","572010","35238","0"
"r3__weapon__B__57__interception-off","5152","3648","3000","0","18","284","349","5074","5235","0","21357","4144","0","7184","5","4","4","294730","997","0","678","23989","0","0","0","0","0","96908","6999","832859","0","0","0","0","0","10","1","6","26","606","606","0","41580","476","31261","130","8895","2","140","1000","3","2","463","11","1","3","15","34","34","102088","7184","0"
"r3__weapon__B__57__offense-off","5513","9000","6312","0","15","297","214","3004","3210","0","17589","3457","0","0","5","4","4","474152","146","146","1042","26965","0","3082","0","0","0","99281","17776","736032","0","0","0","0","0","8","2","4","15","528","528","0","36939","317","18610","211","15893","4","140","1000","3","3","359","8","1","3","9","29","29","102596","0","0"
"r3__weapon__B__58__both-off","12519","9000","6456","0","31","300","2027","21058","30405","0","123296","15238","0","0","5","4","4","2583121","22590","0","2692","258227","0","0","0","0","3","471267","122847","4491186","0","0","0","0","0","17","3","10","45","2735","2735","0","182466","2101","128018","634","43932","5","140","1000","3","6","591","14","2","4","24","60","60","483840","0","0"
"r3__weapon__B__58__control","21147","3528","3000","0","44","300","4535","78464","68025","0","322894","96668","16664","54829","5","4","4","5194195","62","62","6734","482969","0","1350","0","0","0","991406","299684","10319968","496","0","0","0","0","29","4","10","59","7712","7712","0","527150","7146","484112","566","36095","3","140","1000","3","11","588","14","2","4","42","60","60","998633","71493","0"
"r3__weapon__B__58__interception-off","20097","3000","3672","0","42","298","3940","70826","59100","0","253504","123579","16031","48437","5","4","4","4235739","1561","0","5786","443367","0","0","0","0","0","918369","299692","9095262","461","0","0","0","0","24","4","13","55","7052","7052","0","478289","6511","434739","541","36738","1","140","1000","3","11","563","14","2","4","32","60","60","938520","64468","0"
"r3__weapon__B__58__offense-off","21600","9000","8400","276","41","300","3321","69430","49815","0","274721","177799","0","0","5","4","4","7812820","779","779","6402","567067","0","23376","0","0","0","687915","314382","9056657","508","0","0","0","0","22","6","12","56","7502","7502","0","509622","6605","425420","897","57102","0","140","1000","3","12","598","14","2","4","32","56","56","691835","0","0"
"r3__weapon__B__59__both-off","14518","9000","6432","0","26","16","742","21078","11130","0","64980","74068","0","0","5","4","4","2655256","8983","0","2520","155960","0","0","0","0","7","589208","122193","2862525","407","0","0","0","0","12","5","8","34","2459","2459","0","165553","2061","128445","398","26505","2","140","1000","3","8","78","1","2","4","15","60","60","603780","0","0"
"r3__weapon__B__59__control","11530","9000","6720","0","26","295","996","17894","14940","0","76509","10609","0","25081","5","4","4","1066501","39","39","2000","104746","0","848","0","0","0","414545","14178","2627442","0","0","0","0","0","13","2","10","34","1972","1972","0","131919","1684","109770","288","19720","2","140","1000","3","6","435","10","2","4","19","60","60","422336","25081","0"
"r3__weapon__B__59__interception-off","11711","6936","9000","0","27","246","1011","18454","15165","0","80944","9917","0","24271","5","4","4","1087975","1556","0","2113","107010","0","0","0","0","0","423595","13227","2725414","0","0","0","0","0","14","2","10","34","2044","2044","0","135947","1742","113062","302","20815","3","140","1000","3","6","390","9","2","4","20","60","60","435360","24271","0"
"r3__weapon__B__59__offense-off","17528","9000","6672","0","33","300","1416","41360","21240","0","186814","87042","0","0","5","4","4","5061524","549","549","4510","255172","0","16770","0","0","0","662009","109044","5039212","408","0","0","0","0","18","4","10","45","4595","4595","0","312085","3937","253186","658","38229","2","140","1000","3","9","438","10","2","4","29","38","38","665311","0","0"
"r3__weapon__B__60__both-off","21600","9000","8400","1082","46","300","6065","81934","90975","0","347214","160070","0","0","5","4","4","3292902","3458","0","4656","354168","0","0","0","0","31","1007046","584119","11289373","663","0","0","0","0","25","7","13","61","7763","7763","0","524858","7527","502945","236","17574","0","140","1000","3","12","594","14","2","4","34","60","60","1028700","0","0"
"r3__weapon__B__60__control","12480","9000","5520","0","27","271","991","21008","14865","0","100212","8007","0","22945","5","4","4","1371407","21","21","2072","122721","0","336","0","0","0","471545","167970","2742935","0","0","0","0","0","14","1","11","38","2266","2266","0","153321","1948","129525","318","22157","3","140","1000","3","6","371","9","2","4","24","60","60","476341","22945","0"
"r3__weapon__B__60__interception-off","15771","5496","9000","0","36","300","2564","41332","38460","0","190367","18856","0","48971","5","4","4","2761891","3855","0","3781","271804","0","0","0","0","2","663135","171777","5556929","0","0","0","0","0","18","5","12","43","4369","4369","0","293127","3847","253993","522","34933","2","140","1000","3","8","585","14","2","4","23","60","60","678960","48971","0"
"r3__weapon__B__60__offense-off","21600","9000","8400","900","43","298","4051","74428","60765","0","285601","190526","0","0","5","4","4","7572624","267","267","6260","490586","0","6458","0","0","0","1005350","283889","9600030","679","0","0","0","0","28","6","8","51","7763","7763","0","517911","7062","454768","701","41784","0","140","1000","3","12","594","14","2","4","33","60","60","1008569","0","0"
"r3__weapon__B__61__both-off","21600","9000","8400","360","40","300","2978","68246","44670","0","296090","142743","0","0","5","4","4","6910465","5672","0","6230","389401","0","0","0","0","2","1007046","235638","8848265","677","0","0","0","0","31","3","5","58","7258","7258","0","489902","6461","418313","797","51069","0","140","1000","3","12","564","14","2","4","47","60","60","1028700","0","0"
"r3__weapon__B__61__control","20365","8760","3000","0","42","298","3739","70254","56085","0","266275","110718","32614","28842","5","4","4","4953716","26","26","6198","372045","0","520","0","0","0","944645","332901","9184141","608","0","0","0","0","22","6","13","60","7092","7092","0","476181","6492","430746","600","37732","1","140","1000","3","11","598","14","2","4","33","60","60","953337","61456","0"
"r3__weapon__B__61__interception-off","18690","7440","9000","0","39","284","3040","58820","45600","0","198381","115690","25008","29295","5","4","4","3832574","1395","0","5045","309176","0","0","0","0","0","835356","274464","7289139","552","0","0","0","0","19","5","14","54","5884","5884","0","398567","5406","362514","478","30193","5","140","1000","3","10","569","14","2","4","27","60","60","854100","54303","0"
"r3__weapon__B__61__offense-off","8126","3024","3000","0","22","263","739","9178","11085","0","57246","3226","0","0","5","4","4","855853","104","104","1510","47060","0","2574","0","0","0","204809","33933","1808826","0","0","0","0","0","13","0","8","28","1145","1145","0","78899","901","56249","244","18427","2","140","1000","3","4","417","10","1","3","18","44","44","208504","0","0"
"r3__weapon__B__62__both-off","21600","9000","8400","472","41","298","3004","70956","45060","0","303700","140481","0","0","5","4","4","4126186","7727","0","5205","380749","0","0","0","0","57","1007046","307291","7553420","615","0","0","0","0","27","6","7","52","6972","6972","0","467587","6610","435087","362","23406","0","140","1000","3","12","539","13","2","4","33","60","60","1028700","0","0"
"r3__weapon__B__62__control","14743","6168","9000","0","30","240","1230","30612","18450","0","123960","34622","0","33993","5","4","4","2179428","36","36","3143","186654","0","618","0","0","0","607325","82659","3939453","0","0","0","0","0","16","2","11","38","3256","3256","0","219084","2849","188363","407","26509","2","140","1000","3","8","377","9","2","4","21","60","60","613076","33993","0"
"r3__weapon__B__62__interception-off","14886","3000","8736","0","33","300","1974","34472","29610","0","168440","9556","0","37588","5","4","4","2319218","3110","0","3133","254179","0","0","0","0","3","610920","33204","4569301","0","0","0","0","0","24","1","7","47","3702","3702","0","247979","3237","211158","465","32395","1","140","1000","3","8","555","13","2","4","34","60","60","625860","37588","0"
"r3__weapon__B__62__offense-off","14999","3000","6024","0","29","300","1045","27648","15675","0","164893","11410","0","0","5","4","4","2924772","417","417","3452","175738","0","8678","0","0","0","519247","89540","3730573","0","0","0","0","0","21","2","5","37","3314","3314","0","221772","2733","168740","581","45469","1","140","1000","3","8","461","11","2","4","30","60","60","522631","0","0"
"r3__weapon__B__63__both-off","19966","3000","6816","0","33","26","1447","41472","21705","0","208562","68225","0","0","5","4","4","5918873","5745","0","4163","281042","0","0","0","0","5","910640","268465","5180871","546","0","0","0","0","24","3","5","45","4673","4673","0","317572","3992","253830","681","40785","1","140","1000","3","11","119","2","2","4","35","60","60","930660","0","0"
"r3__weapon__B__63__control","12966","3000","6816","0","25","9","621","19212","9315","0","74891","24557","1930","18056","5","4","4","1279024","25","25","1992","102978","0","534","0","0","0","500705","74851","2247428","154","0","0","0","0","14","2","8","30","1973","1973","0","134822","1760","118179","213","15388","1","140","1000","3","7","61","1","2","4","19","60","60","503984","19986","0"
"r3__weapon__B__63__interception-off","11961","3000","6936","0","25","225","627","17490","9405","0","80243","6845","0","23304","5","4","4","1110043","1241","0","1833","100979","0","0","0","0","0","438345","26347","2026749","0","0","0","0","0","18","1","5","30","1812","1812","0","126643","1576","108191","236","16251","2","140","1000","3","6","312","7","2","4","25","60","60","450360","23304","0"
"r3__weapon__B__63__offense-off","14628","8928","9000","0","30","298","1255","27802","18825","0","144286","36781","0","0","5","4","4","2597672","127","127","3065","185402","0","2986","0","0","0","584873","44294","3968410","170","0","0","0","0","23","2","4","44","3260","3260","0","215809","2739","168582","521","34742","5","140","1000","3","8","492","12","2","4","34","60","60","590676","0","0"
"r3__weapon__B__64__both-off","21600","9000","8400","266","41","300","3531","66698","52965","0","358673","66707","0","0","5","4","4","8548154","56333","0","7490","727346","0","0","0","0","202","1007046","35715","9628589","0","0","0","0","0","29","3","8","55","7543","7354","189","496711","6402","407100","952","71331","0","140","1000","3","12","594","14","2","4","44","60","60","1028700","0","0"
"r3__weapon__B__64__control","21600","9000","8400","760","41","298","2919","72606","43785","0","261243","123819","29785","38827","5","4","4","4649829","48","48","6462","419560","0","676","0","0","0","1017125","282172","9166725","641","0","0","0","0","21","6","13","54","7260","7260","0","489516","6702","445756","558","35842","0","140","1000","3","12","566","14","2","4","31","60","60","1028621","68612","0"
"r3__weapon__B__64__interception-off","21600","9000","8400","492","39","288","2143","68060","32145","0","224239","132985","23392","44561","5","4","4","4135185","2179","0","6292","377885","0","0","0","0","0","1007046","233381","7891140","641","0","0","0","0","22","5","11","55","6702","6702","0","454979","6242","419080","460","29802","0","140","1000","3","12","426","10","2","4","33","60","60","1028700","67953","0"
"r3__weapon__B__64__offense-off","14645","8520","9000","0","32","300","1800","30398","27000","0","166278","29564","0","0","5","4","4","3340013","574","574","3346","364926","0","17424","0","0","0","454117","43571","4357351","0","0","0","0","0","18","2","11","42","3484","3484","0","234118","2908","186046","576","38276","3","140","1000","3","8","465","11","2","4","24","32","32","458214","0","0"
"r3__weapon__B__65__both-off","7607","9000","8568","0","19","262","376","7248","5640","0","41547","6533","0","0","5","4","4","831747","6334","0","1151","52714","0","0","0","0","1","194947","0","1178028","0","0","0","0","0","10","2","6","27","951","951","0","64569","721","44210","230","16489","2","140","1000","3","4","328","8","1","4","15","48","48","202596","0","0"
"r3__weapon__B__65__control","12168","4032","3000","0","29","300","1495","22254","22425","0","87815","27987","7919","15474","5","4","4","1419219","38","38","2672","129001","0","892","0","0","0","452825","77250","3622623","249","0","0","0","0","16","3","9","40","2424","2424","0","164345","2057","137104","367","25150","1","140","1000","3","6","547","13","2","4","22","60","60","455703","23393","0"
"r3__weapon__B__65__interception-off","9081","3000","4056","0","24","291","858","12786","12870","0","54254","10355","0","15927","5","4","4","735554","1912","0","1670","57315","0","0","0","0","1","269905","0","2074015","0","0","0","0","0","12","1","10","34","1338","1338","0","90085","1198","78602","140","9549","1","140","1000","3","5","482","12","1","4","17","56","56","279036","15927","0"
"r3__weapon__B__65__offense-off","11734","6384","9000","0","26","259","874","17008","13110","0","85501","26318","0","0","5","4","4","1858122","357","357","1991","108399","0","11052","0","0","0","343566","167931","2485057","307","0","0","0","0","11","1","13","36","1998","1998","0","135970","1617","104390","381","24151","1","140","1000","3","6","401","10","2","4","19","38","38","346048","0","0"
"r3__weapon__B__66__both-off","15712","6912","9000","0","35","300","2489","38128","37335","0","188724","57070","0","0","5","4","4","2809429","22468","0","3495","227507","0","0","0","0","2","659654","165892","5314326","355","0","0","0","0","18","6","10","53","4062","4062","0","277129","3629","233560","433","31335","1","140","1000","3","8","485","12","2","4","30","60","60","675420","0","0"
"r3__weapon__B__66__control","14561","9000","7464","0","34","300","2125","34722","31875","0","151226","23688","2908","39481","5","4","4","2283131","36","36","2942","210903","0","820","0","0","0","596405","95190","4904337","108","0","0","0","0","21","4","8","43","3608","3608","0","245739","3201","213985","407","28436","1","140","1000","3","8","532","13","2","4","29","60","60","599283","42389","0"
"r3__weapon__B__66__interception-off","11246","5904","3000","0","27","280","1107","17114","16605","0","78045","6525","0","22419","5","4","4","1193068","1876","0","1766","114632","0","0","0","0","0","396160","95542","2662731","0","0","0","0","0","15","1","10","33","1825","1825","0","123254","1577","104963","248","16265","2","140","1000","3","6","422","10","2","4","21","60","60","407460","22419","0"
"r3__weapon__B__66__offense-off","15647","8472","9000","0","33","288","1923","35042","28845","0","154037","75570","0","0","5","4","4","3417633","870","870","3925","262025","0","26310","0","0","0","442392","152035","5083752","380","0","0","0","0","21","5","6","52","3950","3950","0","268210","3378","214847","572","38603","2","140","1000","3","8","470","11","2","4","37","16","16","447477","0","0"
"r3__weapon__B__67__both-off","21600","9000","8400","256","42","300","3687","75482","55305","0","318571","159250","0","0","5","4","4","8520066","45083","0","6549","670303","0","0","0","0","4","1007046","405946","10251193","643","0","0","0","0","18","7","16","58","7731","7731","0","519201","7024","462644","707","41380","0","140","1000","3","12","598","14","2","4","29","60","60","1028700","0","0"
"r3__weapon__B__67__control","14352","8448","3000","0","34","300","2316","35412","34740","0","173779","8161","0","37624","5","4","4","2038803","42","42","3063","292001","0","758","0","0","0","583865","42682","5062302","0","0","0","0","0","24","1","8","46","3634","3634","0","248393","3232","218404","402","28829","1","140","1000","3","7","588","14","2","4","36","60","60","592021","37624","0"
"r3__weapon__B__67__interception-off","19253","6072","3000","0","41","276","3553","64480","53295","0","309435","15845","0","75103","5","4","4","4173392","4934","0","5439","586324","0","0","0","0","0","868573","88834","8427445","0","0","0","0","0","28","2","10","61","6414","6414","0","437345","5905","397346","509","36962","4","140","1000","3","10","570","14","2","4","45","60","60","887880","75103","0"
"r3__weapon__B__67__offense-off","20209","5016","3000","0","40","300","3312","63652","49680","0","295362","112185","0","0","5","4","4","7340740","794","794","5928","377913","0","23812","0","0","0","765532","262067","8382083","608","0","0","0","0","23","3","13","51","6719","6719","0","457262","5896","390053","823","49715","1","140","1000","3","11","513","12","2","4","31","38","38","771802","0","0"
"r3__weapon__B__68__both-off","21537","9000","6888","0","43","300","4248","73056","63720","0","325520","144406","0","0","5","4","4","6104383","15817","0","6886","387695","0","0","0","0","5","1003329","286391","10278517","677","0","0","0","0","25","7","10","57","7561","7561","0","513334","6910","447291","651","43408","1","140","1000","3","11","563","14","2","4","35","60","60","1024920","0","0"
"r3__weapon__B__68__control","14757","5832","9000","0","35","281","2538","37372","38070","0","168385","29825","4644","31376","5","4","4","2490154","46","46","3447","200334","0","878","0","0","0","608165","117251","5375843","135","0","0","0","0","20","7","7","42","3870","3870","0","264632","3419","229925","451","30402","1","140","1000","3","8","543","13","2","4","23","60","60","612391","36020","0"
"r3__weapon__B__68__interception-off","13152","3648","3000","0","33","300","2304","29178","34560","0","138314","10907","0","33807","5","4","4","1813851","2305","0","2659","154862","0","0","0","0","0","508614","72481","4553796","0","0","0","0","0","23","2","7","43","3100","3100","0","211713","2688","179491","412","28685","2","140","1000","3","7","592","14","2","4","34","60","60","521820","33807","0"
"r3__weapon__B__68__offense-off","21600","9000","8400","392","44","300","4664","79026","69960","0","376374","116294","0","0","5","4","4","4573025","311","311","5346","384355","0","7020","0","0","0","987537","464940","9571576","669","0","0","0","0","26","5","12","60","7613","7613","0","516562","7269","485248","344","23894","0","140","1000","3","12","567","14","2","4","36","60","60","994283","0","0"
"r3__weapon__B__69__both-off","20898","3000","8448","0","43","300","4192","71202","62880","0","298544","157630","0","0","5","4","4","6310614","6373","0","6114","409833","0","0","0","0","94","965628","350487","9509893","585","0","0","0","0","27","5","10","51","7492","7492","0","505182","6729","436133","763","49008","1","140","1000","3","11","592","14","2","4","34","60","60","986580","0","0"
"r3__weapon__B__69__control","21600","9000","8400","670","43","300","3969","77290","59535","0","283734","141995","35256","21490","5","4","4","4959740","35","35","6246","451671","0","470","0","0","0","1025675","441778","9751419","701","0","0","0","0","33","3","6","57","7679","7679","0","519383","7113","475392","566","36908","0","140","1000","3","12","591","14","2","4","45","60","60","1037193","56746","0"
"r3__weapon__B__69__interception-off","21600","9000","8400","538","42","300","3699","76408","55485","0","282153","130984","43513","20464","5","4","4","4866267","1848","0","6320","468606","0","0","0","0","2","1046736","556172","10228304","701","0","0","0","0","23","5","13","53","7539","7539","0","510385","7015","470521","524","33271","0","140","1000","3","12","596","14","2","4","30","60","60","1068385","63977","0"
"r3__weapon__B__69__offense-off","15232","5568","3000","0","36","300","2749","39794","41235","0","183517","67948","0","0","5","4","4","3166039","126","126","3658","230858","0","2602","0","0","0","627480","346106","6442492","466","0","0","0","0","15","6","14","45","4216","4216","0","285112","3710","244607","506","33647","1","140","1000","3","8","595","14","2","4","21","60","60","631768","0","0"
"r3__weapon__B__70__both-off","13501","9000","6024","0","29","240","1186","23748","17790","0","116967","40330","0","0","5","4","4","2619428","6780","0","2617","146865","0","0","0","0","3","529205","53502","3364410","300","0","0","0","0","16","4","8","41","2754","2754","0","190838","2243","146456","511","33541","2","140","1000","3","7","361","9","2","4","24","60","60","542760","0","0"
"r3__weapon__B__70__control","21600","9000","8400","626","38","298","1957","65952","29355","0","185942","168805","40826","14872","5","4","4","3767520","29","29","5464","361445","0","442","0","0","0","1017665","484239","7477459","705","0","0","0","0","28","5","4","47","6431","6431","0","437350","6039","406606","392","26905","0","140","1000","3","12","428","10","2","4","36","60","60","1028659","55698","0"
"r3__weapon__B__70__interception-off","20645","8520","9000","0","38","300","2371","63282","35565","0","237548","99187","42986","15781","5","4","4","3930032","1579","0","5388","384610","0","0","0","0","1","950701","496688","7897936","673","0","0","0","0","24","3","10","52","6327","6327","0","428637","5804","389532","523","33135","2","140","1000","3","11","543","13","2","4","36","60","60","971400","58767","0"
"r3__weapon__B__70__offense-off","18300","7200","3000","0","30","21","981","33748","14715","0","118226","97834","0","0","5","4","4","3144520","259","259","3067","208990","0","5886","0","0","0","750533","151436","3672107","567","0","0","0","0","21","3","5","39","3519","3519","0","240084","3142","207675","377","24024","1","140","1000","3","10","81","2","2","4","28","51","51","758766","0","0"
"r3__weapon__B__71__both-off","18665","8040","9000","0","35","260","1723","48120","25845","0","158733","148309","0","0","5","4","4","3237784","4188","0","3847","262786","0","0","0","0","2","833881","196029","5128229","587","0","0","0","0","17","4","13","43","4936","4936","0","331424","4563","294079","373","24382","3","140","1000","3","10","364","9","2","4","22","60","60","852600","0","0"
"r3__weapon__B__71__control","21600","9000","8400","290","41","300","3023","73862","45345","0","272922","102948","18798","61496","5","4","4","3025002","57","57","5574","404679","0","1000","0","0","0","1018385","223614","7609885","508","0","0","0","0","28","3","9","50","7014","7014","0","475928","6769","454913","245","19764","2","140","1000","3","12","517","12","2","4","34","60","60","1028636","80294","0"
"r3__weapon__B__71__interception-off","21600","9000","8400","96","39","300","2243","69296","33645","0","209527","136315","19161","63146","5","4","4","2897180","1771","0","5348","374511","0","0","0","0","0","1007046","254651","7139736","508","0","0","0","0","24","3","11","51","6584","6584","0","445143","6360","426771","224","16994","0","140","1000","3","12","431","10","2","4","31","60","60","1028700","82307","0"
"r3__weapon__B__71__offense-off","21600","9000","8400","240","38","300","2294","62442","34410","0","252719","153793","0","0","5","4","4","5053971","289","289","5413","366483","0","7596","0","0","0","1000504","204729","6925500","685","0","0","0","0","24","4","9","48","6523","6523","0","440564","5963","381779","560","34052","0","140","1000","3","12","436","10","2","4","31","57","57","1012131","0","0"
"r3__weapon__B__72__both-off","16154","3696","3000","0","31","300","1304","35332","19560","0","164412","68830","0","0","5","4","4","4091665","19187","0","3759","232993","0","0","0","0","0","685732","96030","4651882","483","0","0","0","0","20","4","6","36","3983","3983","0","269129","3380","216084","603","35887","1","140","1000","3","8","498","12","2","4","25","60","60","701940","0","0"
"r3__weapon__B__72__control","21600","9000","8400","38","44","300","4208","80692","63120","0","275934","157133","35883","34657","5","4","4","5356022","40","40","6404","545992","0","680","0","0","0","1018745","280711","9873178","641","0","0","0","0","23","5","15","58","7925","7925","0","537955","7402","496731","523","34348","0","140","1000","3","12","597","14","2","4","33","60","60","1026797","70540","0"
"r3__weapon__B__72__interception-off","21600","9000","8400","190","44","300","4161","80548","62415","0","272526","159464","27446","42351","5","4","4","5175671","1613","0","6803","515429","0","0","0","0","0","1007046","211016","10453069","641","0","0","0","0","28","4","11","58","7925","7925","0","534242","7417","494488","508","32455","0","140","1000","3","12","596","14","2","4","40","60","60","1028700","69797","0"
"r3__weapon__B__72__offense-off","19026","3000","5376","0","36","298","2291","50508","34365","0","224480","106650","0","0","5","4","4","5889522","518","518","5127","339760","0","15258","0","0","0","758641","147208","6708754","579","0","0","0","0","21","6","8","46","5755","5755","0","388884","4884","308395","871","57754","1","140","1000","3","10","515","12","2","4","30","50","50","765722","0","0"
"r3__weapon__B__73__both-off","21600","9000","8400","332","42","298","4094","70932","61410","0","304462","148670","0","0","5","4","4","6040088","26595","0","5145","394842","0","0","0","0","11","1007046","155828","8937646","400","0","0","0","0","24","7","10","61","7311","7311","0","498473","6716","435672","595","45341","0","140","1000","3","12","543","13","2","4","32","60","60","1028700","0","0"
"r3__weapon__B__73__control","7761","5736","9000","0","20","300","411","9018","6165","0","41908","3054","0","12102","5","4","4","499833","32","32","1071","47531","0","702","0","0","0","202205","3474","1224310","0","0","0","0","0","15","0","4","27","972","972","0","66681","826","55606","146","9617","1","140","1000","3","4","418","10","1","3","23","48","48","208162","12102","0"
"r3__weapon__B__73__interception-off","21600","9000","8400","504","44","298","4367","81162","65505","0","314492","125090","21678","46666","5","4","4","5127387","2732","0","6249","429574","0","0","0","0","3","1007046","159335","10462994","652","0","0","0","0","29","5","9","55","7939","7939","0","544215","7391","501384","548","36289","0","140","1000","3","12","589","14","2","4","37","60","60","1028700","68344","0"
"r3__weapon__B__73__offense-off","8177","4248","3000","0","19","266","359","7834","5385","0","46368","6693","0","0","5","4","4","789789","112","112","1162","42984","0","2726","0","0","0","206934","29590","1214425","0","0","0","0","0","8","3","7","25","970","970","0","67335","770","48092","200","14274","2","140","1000","3","4","368","9","1","4","14","44","44","210045","0","0"
"r3__weapon__C__42__both-off","17633","8808","9000","0","34","300","1744","41760","26160","0","169834","109303","0","0","5","4","4","4572303","50727","0","11614","37895","0","0","0","0","128","85734","2602","4174056","499","489","0","0","0","24","4","5","40","4683","4683","0","324715","3988","256086","695","45578","1","140","1000","3","9","512","12","2","4","32","21","60","902199","0","0"
"r3__weapon__C__42__control","17077","3000","4152","0","32","277","1241","38366","18615","0","131394","37096","65558","5860","5","4","4","1691335","776","776","5315","59651","0","16567","0","0","0","199632","8072","3737964","407","381","0","0","0","24","2","5","36","3759","3759","0","260817","3474","236824","285","20909","1","140","1000","3","9","414","10","2","4","29","34","56","824185","71418","0"
"r3__weapon__C__42__interception-off","17629","8904","9000","0","31","41","1089","35768","16335","0","110784","45677","57823","6851","5","4","4","1544814","5303","0","4917","60027","0","0","0","0","0","224726","10683","3351411","358","349","0","0","0","21","3","6","32","3429","3429","0","234607","3247","219914","182","13472","1","140","1000","3","9","129","3","2","4","24","34","60","861708","64674","0"
"r3__weapon__C__42__offense-off","20618","9000","8832","0","40","296","2865","64650","42975","0","224031","192656","0","0","5","4","4","5655528","2852","2852","10394","82133","0","69216","0","0","0","153301","21717","6529170","662","575","0","0","0","23","7","9","47","6901","6901","0","469230","6112","396302","789","52543","1","140","1000","3","11","520","13","2","4","26","16","18","798609","0","0"
"r3__weapon__C__43__both-off","16218","5232","3000","0","34","237","2040","40830","30600","0","165716","97853","0","0","5","4","4","3990525","59294","0","8791","49397","0","0","0","0","1429","118434","7265","4736721","423","412","0","0","0","17","5","11","45","4422","4422","0","300650","3820","250994","602","37081","1","140","1000","3","9","487","12","2","4","25","17","60","799920","0","0"
"r3__weapon__C__43__control","13464","9000","5136","0","30","300","1397","26422","20955","0","106307","25409","0","31943","5","4","4","2070099","45","45","3126","192833","0","974","0","0","0","530585","137967","4010342","0","0","0","0","0","14","3","12","39","2892","2892","0","191869","2488","160876","404","28210","1","140","1000","3","7","501","12","2","4","19","60","60","533847","31943","0"
"r3__weapon__C__43__interception-off","14716","6816","9000","0","31","179","1414","33726","21210","0","129177","30198","34951","15560","5","4","4","1784805","5359","0","4885","82205","0","0","0","0","3","284139","28839","3668962","141","129","0","0","0","16","3","11","40","3327","3327","0","227377","3071","207679","256","17491","2","140","1000","3","8","335","8","2","4","24","23","60","616090","50511","0"
"r3__weapon__C__43__offense-off","21600","9000","8400","188","30","1","710","36606","10650","0","100819","137647","0","0","5","4","4","4239193","1180","1180","6665","52861","0","29992","0","0","0","57877","2248","1563770","436","403","0","0","0","19","4","6","46","3990","3990","0","269501","3505","224051","485","31035","0","140","1000","3","12","13","0","2","4","32","3","3","650132","0","0"
"r3__weapon__C__44__both-off","12672","7872","9000","0","27","244","1165","18658","17475","0","91058","33536","0","0","5","4","4","2471041","41254","0","4418","22558","0","0","0","0","5","65154","6777","1952954","266","253","0","0","0","19","1","6","32","2435","2435","0","164118","1888","113185","547","39524","2","140","1000","3","7","379","9","2","4","25","14","60","550500","0","0"
"r3__weapon__C__44__control","15629","8904","9000","0","36","241","2693","42060","40395","0","187012","23664","19533","30639","5","4","4","2627076","265","265","5390","178648","0","5422","0","0","0","508957","11991","5788636","99","88","0","0","0","25","3","7","42","4346","4346","0","290277","3912","258047","434","29429","1","140","1000","3","8","453","11","2","4","33","16","59","662943","50172","0"
"r3__weapon__C__44__interception-off","13474","9000","5376","0","31","300","1761","28282","26415","0","134417","8144","0","34355","5","4","4","1773965","2228","0","2823","147203","0","0","0","0","1","527612","10848","4015560","0","0","0","0","0","23","2","5","35","3006","3006","0","205019","2616","173841","390","28103","2","140","1000","3","7","518","12","2","4","29","60","60","541140","34355","0"
"r3__weapon__C__44__offense-off","7682","7632","9000","0","20","283","444","7298","6660","0","40878","6253","0","0","5","4","4","875845","105","105","1283","57782","0","2678","0","0","0","189589","45977","1374492","0","0","0","0","0","9","3","7","28","995","995","0","67503","735","44358","260","20372","2","140","1000","3","4","358","8","1","3","15","42","42","192331","0","0"
"r3__weapon__C__45__both-off","15144","3456","3000","0","31","250","1365","32648","20475","0","122500","85134","0","0","5","4","4","2428977","31289","0","5223","36744","0","0","0","0","3","92438","3776","2983277","320","310","0","0","0","22","1","7","41","3478","3478","0","234516","3061","200661","417","26882","7","140","1000","3","8","415","10","2","4","28","24","60","711660","0","0"
"r3__weapon__C__45__control","14138","3312","3000","0","31","252","1519","31966","22785","0","101957","53144","40598","3434","5","4","4","1341353","325","325","4898","36427","0","5765","0","0","0","103735","2277","3352645","406","396","0","0","0","16","4","10","37","3258","3258","0","220100","2943","196327","315","20967","2","140","1000","3","7","471","11","2","4","22","21","58","670055","44032","0"
"r3__weapon__C__45__interception-off","12257","6168","3000","0","28","244","1114","22608","16710","0","80106","20905","32321","7907","5","4","4","1035003","3793","0","3683","23760","0","0","0","0","1","102214","0","2138679","201","187","0","0","0","16","3","8","34","2276","2276","0","157179","2055","139415","221","15940","1","140","1000","3","6","410","10","2","4","20","15","60","497181","40228","0"
"r3__weapon__C__45__offense-off","13664","8064","9000","0","28","274","1095","22934","16425","0","85175","68311","0","0","5","4","4","2260792","1931","1931","4320","18885","0","49066","0","0","0","51943","2072","1801718","366","270","0","0","0","10","4","13","38","2747","2747","0","185780","2248","140070","499","32294","1","140","1000","3","7","358","8","2","4","11","25","27","427067","0","0"
"r3__weapon__C__46__both-off","21600","9000","8400","822","41","298","3227","68168","48405","0","298062","148691","0","0","5","4","4","7965738","105182","0","11068","113721","0","0","0","0","53","242379","19141","7533932","348","336","0","0","0","26","7","7","49","7483","7483","0","504839","6551","416412","932","58086","0","140","1000","3","12","545","13","2","4","33","18","60","1064982","0","0"
"r3__weapon__C__46__control","12626","8976","9000","0","29","235","1340","23908","20100","0","74279","38623","32062","4163","5","4","4","1132498","315","315","4227","18045","0","5660","0","0","0","73565","1299","2291171","297","281","0","0","0","18","3","7","34","2518","2518","0","168346","2235","146697","283","19219","5","140","1000","3","7","397","9","2","4","22","19","60","537598","36225","0"
"r3__weapon__C__46__interception-off","13135","3240","3000","0","33","300","2210","29796","33150","0","125202","26914","19517","14533","5","4","4","1470275","1919","0","3684","79893","0","0","0","0","3","300964","0","4234229","142","134","0","0","0","19","5","8","42","3057","3057","0","208362","2739","183368","318","22196","1","140","1000","3","7","588","14","2","4","24","28","60","523704","34050","0"
"r3__weapon__C__46__offense-off","17149","3576","3000","0","33","165","1583","38576","23745","0","192897","62469","0","0","5","4","4","3822934","2986","2986","7397","40106","0","74820","0","0","0","75172","0","2873644","506","342","0","0","0","23","4","5","45","4402","4402","0","298717","3733","235961","669","43351","2","140","1000","3","9","215","5","2","4","33","25","25","555441","0","0"
"r3__weapon__C__47__both-off","8656","8256","9000","0","19","243","366","7430","5490","0","42693","6814","0","0","5","4","4","870812","3317","0","1315","50907","0","0","0","0","32","247040","23962","1284842","0","0","0","0","0","10","3","5","20","957","957","0","63831","747","44671","210","14324","1","140","1000","3","4","283","7","1","4","13","54","54","255744","0","0"
"r3__weapon__C__47__control","21600","9000","8400","74","37","296","1793","64916","26895","0","213667","88824","93651","6461","5","4","4","3131132","1154","1154","10135","85557","0","23001","0","0","0","199372","10575","5603043","548","522","0","0","0","26","3","7","48","6354","6354","0","428590","5978","398386","376","25987","1","140","1000","3","12","495","12","2","4","38","36","58","1051195","100112","0"
"r3__weapon__C__47__interception-off","21600","9000","8400","350","37","300","1621","63098","24315","0","175325","120973","84780","8544","5","4","4","2397022","9976","0","8634","80182","0","0","0","0","0","189855","9247","4554605","370","361","0","0","0","28","4","4","50","5980","5980","0","404739","5755","388218","225","15117","0","140","1000","3","12","444","11","2","4","40","30","60","1060590","93324","0"
"r3__weapon__C__47__offense-off","11638","8688","9000","0","21","295","440","9546","6600","0","31832","32052","0","0","5","4","4","878568","761","761","2204","15198","0","20372","0","0","0","44375","7741","912716","253","210","0","0","0","12","3","5","25","1238","1238","0","83804","943","58289","295","19920","4","140","1000","3","6","378","9","2","4","17","29","35","263924","0","0"
"r3__weapon__C__48__both-off","20415","9000","3960","0","30","51","893","33404","13395","0","131754","88588","0","0","5","4","4","3536070","46477","0","5730","54009","0","0","0","0","38","188926","0","3245884","458","442","0","0","0","19","4","6","36","3681","3681","0","251039","3173","204742","508","30697","1","140","1000","3","11","174","4","2","4","24","35","60","850520","0","0"
"r3__weapon__C__48__control","12619","9000","8856","0","29","240","1321","23074","19815","0","108209","10235","0","25765","5","4","4","1423366","35","35","1996","138717","0","598","0","0","0","479885","109455","3171742","0","0","0","0","0","18","2","8","41","2468","2468","0","169674","2121","142140","347","25465","3","140","1000","3","7","391","9","2","4","28","60","60","486131","25765","0"
"r3__weapon__C__48__interception-off","13734","6384","9000","0","30","300","1209","27910","18135","0","105001","32754","27009","11281","5","4","4","1413842","2739","0","3471","75890","0","0","0","0","0","239769","55834","3016410","203","195","0","0","0","18","3","8","45","2855","2855","0","194986","2553","172588","302","18941","1","140","1000","3","7","440","11","2","4","29","29","60","563445","38290","0"
"r3__weapon__C__48__offense-off","13034","3000","5184","0","23","18","524","14700","7860","0","65821","31462","0","0","5","4","4","1594303","1016","1016","2434","30764","0","28676","0","0","0","140069","0","1540665","243","215","0","0","0","12","3","7","29","1659","1659","0","113721","1383","90288","276","16438","2","140","1000","3","7","45","1","2","4","19","9","12","368146","0","0"
"r3__weapon__C__49__both-off","10633","8808","9000","0","27","300","1379","16100","20685","0","92156","14265","0","0","5","4","4","1407109","16357","0","2115","57710","0","0","0","0","19","242777","297","2495188","81","70","0","0","0","15","2","9","38","1731","1731","0","119254","1498","99236","233","12833","4","140","1000","3","5","499","12","1","3","24","17","60","371860","0","0"
"r3__weapon__C__49__control","13708","7008","9000","0","32","300","1792","29426","26880","0","127932","21665","0","32881","5","4","4","1936913","39","39","3061","230429","0","700","0","0","0","545225","5898","4373192","0","0","0","0","0","19","1","11","37","3183","3183","0","214610","2732","180680","451","32132","2","140","1000","3","7","575","14","2","4","24","60","60","551490","32881","0"
"r3__weapon__C__49__interception-off","17118","3000","3168","0","37","240","2516","48196","37740","0","213787","28996","0","56448","5","4","4","3099538","4409","0","4812","296937","0","0","0","0","0","742608","0","6268844","0","0","0","0","0","25","2","9","45","5012","5012","0","335388","4476","295164","536","36157","1","140","1000","3","9","525","13","2","4","34","60","60","759780","56448","0"
"r3__weapon__C__49__offense-off","11631","8856","9000","0","28","300","1472","18408","22080","0","103500","14212","0","0","5","4","4","2078764","480","480","2650","86213","0","13000","0","0","0","259472","20982","3072013","43","32","0","0","0","13","4","10","32","2158","2158","0","146809","1721","112907","437","29097","5","140","1000","3","6","483","12","2","4","17","20","40","300981","0","0"
"r3__weapon__C__50__both-off","15197","4728","3000","0","30","263","1265","30936","18975","0","130758","70403","0","0","5","4","4","2944094","24862","0","4967","78325","0","0","0","0","1","201226","9881","3697486","337","328","0","0","0","18","4","7","39","3497","3497","0","235246","2990","188734","507","34085","1","140","1000","3","8","387","9","2","4","25","25","60","703558","0","0"
"r3__weapon__C__50__control","16709","6984","9000","0","36","300","2393","48362","35895","0","148497","79888","65794","5526","5","4","4","2142328","1057","1057","7318","57906","0","20152","0","0","0","170942","0","5219939","392","358","0","0","0","22","4","9","42","4781","4781","0","320357","4471","296461","310","20652","2","140","1000","3","9","558","13","2","4","27","44","56","792975","71320","0"
"r3__weapon__C__50__interception-off","15645","8520","9000","0","36","241","2594","42880","38910","0","157594","40479","61804","7145","5","4","4","2060940","7140","0","6636","59373","0","0","0","0","0","196744","0","5280779","332","323","0","0","0","21","3","11","48","4291","4291","0","288671","3958","263282","333","21649","1","140","1000","3","8","523","13","2","4","31","32","60","736399","68949","0"
"r3__weapon__C__50__offense-off","21600","9000","8400","248","42","296","3676","69510","55140","0","370786","86710","0","0","5","4","4","8149237","1980","1980","9490","250589","0","55206","0","0","0","536648","0","8298019","118","51","0","0","0","29","6","6","57","7644","7604","40","517258","6653","425280","951","59762","0","140","1000","3","12","472","11","2","4","41","14","14","595524","0","0"
"r3__weapon__C__51__both-off","20806","4656","9000","0","39","260","2827","64288","42405","0","313188","111712","0","0","5","4","4","7486317","95645","0","11048","118333","0","0","0","0","1","223552","41961","7348181","422","412","0","0","0","25","3","10","49","7129","7103","26","485666","6115","394996","988","60766","2","140","1000","3","11","517","12","2","4","34","21","60","1000278","0","0"
"r3__weapon__C__51__control","20636","8736","9000","0","39","297","2588","67800","38820","0","216475","99789","100371","4107","5","4","4","2546032","1741","1741","8624","137839","0","32592","0","0","0","257645","42143","6826733","558","509","0","0","0","25","3","10","49","6601","6601","0","444031","6252","417628","349","23289","1","140","1000","3","11","567","14","2","4","33","38","52","1043288","104478","0"
"r3__weapon__C__51__interception-off","16590","9000","8160","0","33","273","1432","40602","21480","0","111567","80141","57143","3795","5","4","4","1527246","6467","0","6291","41058","0","0","0","0","2","96711","0","3213265","371","358","0","0","0","22","3","7","48","4014","4014","0","272281","3743","250102","271","19635","1","140","1000","3","9","328","8","2","4","32","19","60","812208","60938","0"
"r3__weapon__C__51__offense-off","14045","3000","4920","0","31","296","1643","26398","24645","0","135426","36567","0","0","5","4","4","3035959","1100","1100","4877","62896","0","28394","0","0","0","197983","273","3181665","201","173","0","0","0","21","4","5","40","3209","3209","0","221084","2586","161980","623","49091","1","140","1000","3","7","398","9","2","4","30","15","24","404032","0","0"
"r3__weapon__C__52__both-off","21600","9000","8400","404","39","283","2447","69744","36705","0","184780","252865","0","0","5","4","4","5316913","33872","0","11203","41408","0","0","0","0","0","74142","6126","5138918","593","581","0","0","0","16","8","14","53","7048","7048","0","479745","6457","428576","591","42100","0","140","1000","3","12","471","11","2","4","23","13","60","1123620","0","0"
"r3__weapon__C__52__control","17845","3720","9000","0","34","236","1626","47504","24390","0","135641","95128","64154","3110","5","4","4","2235406","687","687","5998","98316","0","13350","0","0","0","222759","10815","4493111","501","483","0","0","0","22","2","9","45","4723","4723","0","321286","4357","291990","366","23253","1","140","1000","3","9","374","9","2","4","33","31","59","901358","67264","0"
"r3__weapon__C__52__interception-off","20294","7056","3000","0","37","269","1850","60318","27750","0","173030","117622","82166","4811","5","4","4","2894726","7467","0","7829","113551","0","0","0","0","0","249262","0","5399556","498","489","0","0","0","28","2","6","46","5949","5949","0","402669","5548","371292","401","25040","2","140","1000","3","11","414","10","2","4","38","24","60","1051728","86977","0"
"r3__weapon__C__52__offense-off","16175","4200","3000","0","33","294","1641","37098","24615","0","145365","94455","0","0","5","4","4","2963182","2348","2348","6312","50639","0","60954","0","0","0","120502","26732","3973074","500","402","0","0","0","19","3","10","46","4107","4107","0","278911","3561","226642","546","39091","1","140","1000","3","8","398","9","2","4","28","21","24","621747","0","0"
"r3__weapon__C__53__both-off","16650","8400","9000","0","35","295","2082","43508","31230","0","183064","96892","0","0","5","4","4","3252531","20519","0","6448","62291","0","0","0","0","12","181153","32623","4562749","363","353","0","0","0","19","6","9","48","4608","4608","0","311344","4091","267106","517","31388","5","140","1000","3","9","558","13","2","4","29","21","60","746115","0","0"
"r3__weapon__C__53__control","21600","9000","8400","230","39","300","2393","70854","35895","0","229659","109061","94115","6469","5","4","4","3243167","1176","1176","8622","140765","0","21698","0","0","0","380769","21488","6914118","495","473","0","0","0","28","4","6","51","6815","6815","0","459920","6498","435204","317","20616","0","140","1000","3","12","488","12","2","4","38","42","58","1058687","100584","0"
"r3__weapon__C__53__interception-off","21600","9000","8400","72","37","66","1718","61856","25770","0","201448","82156","89915","9352","5","4","4","2744099","10025","0","8712","98868","0","0","0","0","0","289326","0","5226077","361","350","0","0","0","27","4","5","45","5894","5894","0","396323","5707","380737","187","13452","0","140","1000","3","12","175","4","2","4","35","20","60","1062396","99267","0"
"r3__weapon__C__53__offense-off","14654","8304","9000","0","31","299","1551","30864","23265","0","141516","58807","0","0","5","4","4","2555180","888","888","4863","63271","0","23056","0","0","0","219995","0","3667444","271","259","0","0","0","20","2","8","44","3438","3438","0","231520","2959","188359","479","31197","5","140","1000","3","8","466","11","2","4","30","16","39","543320","0","0"
"r3__weapon__C__54__both-off","7162","3888","3000","0","16","116","226","4076","3390","0","19399","8211","0","0","5","4","4","449928","3779","0","1259","8720","0","0","0","0","3","51875","439","640154","130","119","0","0","0","5","1","9","21","557","557","0","36774","419","24709","138","9164","1","140","1000","3","3","213","5","1","3","8","17","47","196524","0","0"
"r3__weapon__C__54__control","21600","9000","8400","924","29","9","466","36380","6990","0","97997","87957","35108","5085","5","4","4","1492181","440","440","4719","46107","0","9302","0","0","0","118931","0","1810042","303","295","0","0","0","23","2","3","38","3564","3564","0","239447","3366","223736","198","13300","0","140","1000","3","12","20","0","2","4","31","7","11","602114","40193","0"
"r3__weapon__C__54__interception-off","20833","4008","9000","0","31","5","840","38166","12600","0","119714","58836","54556","5061","5","4","4","1632725","4506","0","5036","68904","0","0","0","0","0","242071","0","3175284","357","348","0","0","0","23","1","6","41","3750","3750","0","253224","3516","235073","234","15057","2","140","1000","3","11","110","2","2","4","32","27","49","788167","59617","0"
"r3__weapon__C__54__offense-off","4609","9000","8616","0","14","295","175","2504","2625","0","15199","1914","0","0","5","4","4","249256","42","42","760","18725","0","946","0","0","0","79560","18124","627651","0","0","0","0","0","7","0","6","20","403","403","0","25305","268","15137","135","8192","4","140","1000","3","2","394","9","1","3","13","29","29","82572","0","0"
"r3__weapon__C__55__both-off","11303","7272","3000","0","20","23","390","8994","5850","0","43667","16483","0","0","5","4","4","993646","9453","0","1750","18781","0","0","0","0","12","98003","0","916773","187","178","0","0","0","11","2","6","27","1078","1078","0","74658","861","55530","217","14508","1","140","1000","3","6","85","2","2","4","15","20","52","412231","0","0"
"r3__weapon__C__55__control","20631","8856","9000","0","30","11","759","35142","11385","0","119522","50360","48271","4937","5","4","4","1710442","831","831","5651","37383","0","19732","0","0","0","111699","7866","2492783","403","384","0","0","0","22","2","5","34","3586","3586","0","241724","3273","215674","313","18634","3","140","1000","3","11","80","2","2","4","25","12","12","685730","53208","0"
"r3__weapon__C__55__interception-off","21600","9000","8400","214","32","72","1022","42206","15330","0","138353","48180","68158","5600","5","4","4","1703292","8800","0","5568","72488","0","0","0","0","3","225678","8432","3584283","420","406","0","0","0","24","2","5","37","4068","4068","0","273429","3883","259025","185","13138","0","140","1000","3","12","174","4","2","4","30","31","57","928672","73758","0"
"r3__weapon__C__55__offense-off","12163","3912","3000","0","19","0","233","8842","3495","0","42634","17135","0","0","5","4","4","1203686","265","265","1632","35869","0","6428","0","0","0","179530","30614","846838","86","80","0","0","0","10","3","5","23","1124","1124","0","76766","874","53979","250","16997","1","140","1000","3","6","20","0","2","3","13","6","17","287621","0","0"
"r3__weapon__C__56__both-off","17640","8640","9000","0","32","55","1385","35840","20775","0","172797","59032","0","0","5","4","4","4320767","41348","0","6025","109545","0","0","0","0","2","390049","0","3629026","157","145","0","0","0","24","3","4","40","4079","4079","0","274776","3482","219101","597","42947","1","140","1000","3","9","153","3","2","4","30","13","60","791100","0","0"
"r3__weapon__C__56__control","20664","8064","9000","0","41","300","3184","68080","47760","0","291467","54801","0","73219","5","4","4","4819778","34","34","6431","428030","0","604","0","0","0","962585","30216","8502326","0","0","0","0","0","26","6","8","55","6987","6987","0","467374","6322","417479","665","47887","10","140","1000","3","11","556","13","2","4","38","60","60","969731","73219","0"
"r3__weapon__C__56__interception-off","21600","9000","8400","334","42","300","3469","78138","52035","0","295091","91302","80331","19472","5","4","4","4693590","10026","0","10360","199841","0","0","0","0","0","459317","0","9145836","349","340","0","0","0","21","8","12","55","7770","7770","0","521933","7212","479616","558","35737","0","140","1000","3","12","565","14","2","4","32","25","60","1028700","99803","0"
"r3__weapon__C__56__offense-off","11278","6672","3000","0","25","299","884","14644","13260","0","78786","16234","0","0","5","4","4","1640562","269","269","2388","92170","0","7372","0","0","0","304144","0","2364845","38","28","0","0","0","12","4","8","37","1842","1842","0","124370","1435","89529","407","29350","3","140","1000","3","6","436","10","2","4","18","16","52","355172","0","0"
"r3__weapon__C__57__both-off","9880","3000","8880","0","24","300","882","11308","13230","0","63131","12584","0","0","5","4","4","1411815","13858","0","1994","47466","0","0","0","0","5","200742","12501","2155427","97","86","0","0","0","13","2","8","28","1440","1440","0","98485","1133","69091","307","22770","2","140","1000","3","5","497","12","1","4","16","22","60","335005","0","0"
"r3__weapon__C__57__control","13820","4320","9000","0","29","3","1204","27400","18060","0","87863","36322","43175","6395","5","4","4","1516787","677","677","4389","36038","0","16176","0","0","0","109736","5366","2230062","288","265","0","0","0","19","2","7","33","2715","2715","0","187801","2490","169811","225","14046","1","140","1000","3","7","127","3","2","4","23","18","50","569052","49570","0"
"r3__weapon__C__57__interception-off","5152","3648","3000","0","18","284","349","5074","5235","0","21357","4144","0","7184","5","4","4","294730","997","0","678","23989","0","0","0","0","0","96908","6999","832859","0","0","0","0","0","10","1","6","26","606","606","0","41580","476","31261","130","8895","2","140","1000","3","2","463","11","1","3","15","34","34","102088","7184","0"
"r3__weapon__C__57__offense-off","5513","9000","6312","0","15","297","214","3004","3210","0","17589","3457","0","0","5","4","4","474152","146","146","1042","26965","0","3082","0","0","0","99281","17776","736032","0","0","0","0","0","8","2","4","15","528","528","0","36939","317","18610","211","15893","4","140","1000","3","3","359","8","1","3","9","29","29","102596","0","0"
"r3__weapon__C__58__both-off","12519","9000","6456","0","31","300","2027","21058","30405","0","123296","15238","0","0","5","4","4","2583121","22590","0","2692","258227","0","0","0","0","3","471267","122847","4491186","0","0","0","0","0","17","3","10","45","2735","2735","0","182466","2101","128018","634","43932","5","140","1000","3","6","591","14","2","4","24","60","60","483840","0","0"
"r3__weapon__C__58__control","16812","4512","9000","0","35","195","2027","45266","30405","0","169449","42558","58463","11850","5","4","4","2372829","848","848","7635","64998","0","18022","0","0","0","166451","29353","4080240","346","331","0","0","0","20","3","11","45","4569","4569","0","307672","4194","277744","375","25352","1","140","1000","3","9","383","9","2","4","29","16","50","734018","70313","0"
"r3__weapon__C__58__interception-off","16637","8712","9000","0","36","300","2480","47742","37200","0","187223","38338","59821","13973","5","4","4","2372534","11177","0","7119","87122","0","0","0","0","0","219737","39214","5377916","272","260","0","0","0","23","3","9","44","4769","4769","0","325380","4379","294225","390","26025","1","140","1000","3","9","557","13","2","4","31","21","60","744464","73794","0"
"r3__weapon__C__58__offense-off","15138","3312","3000","0","31","300","1412","31600","21180","0","123257","83556","0","0","5","4","4","3391675","1085","1085","5644","77159","0","27660","0","0","0","186843","20053","3599750","292","275","0","0","0","15","5","10","48","3682","3682","0","250181","3060","193312","622","43368","3","140","1000","3","8","509","12","2","4","26","25","36","481735","0","0"
"r3__weapon__C__59__both-off","14602","9000","8448","0","24","19","539","16006","8085","0","73634","32094","0","0","5","4","4","1862765","22185","0","2825","36521","0","0","0","0","5","149987","5292","1767908","282","275","0","0","0","16","2","5","28","1847","1847","0","125000","1527","97854","320","19272","1","140","1000","3","8","81","2","2","4","20","25","49","582012","0","0"
"r3__weapon__C__59__control","11530","9000","6720","0","26","295","996","17894","14940","0","76509","10609","0","25081","5","4","4","1066501","39","39","2000","104746","0","848","0","0","0","414545","14178","2627442","0","0","0","0","0","13","2","10","34","1972","1972","0","131919","1684","109770","288","19720","2","140","1000","3","6","435","10","2","4","19","60","60","422336","25081","0"
"r3__weapon__C__59__interception-off","11711","6936","9000","0","27","246","1011","18454","15165","0","80944","9917","0","24271","5","4","4","1087975","1556","0","2113","107010","0","0","0","0","0","423595","13227","2725414","0","0","0","0","0","14","2","10","34","2044","2044","0","135947","1742","113062","302","20815","3","140","1000","3","6","390","9","2","4","20","60","60","435360","24271","0"
"r3__weapon__C__59__offense-off","17668","7968","9000","0","31","122","939","38624","14085","0","122622","125556","0","0","5","4","4","3755695","1491","1491","6467","63212","0","38610","0","0","0","189379","4251","3491967","413","388","0","0","0","15","5","10","41","4212","4212","0","283161","3680","235627","532","34983","1","140","1000","3","9","236","5","2","4","22","22","38","636680","0","0"
"r3__weapon__C__60__both-off","21600","9000","8400","86","40","300","2564","69222","38460","0","245886","192023","0","0","5","4","4","5313831","63564","0","10286","87605","0","0","0","0","12","158114","27070","5969865","370","359","0","0","0","24","4","11","54","7108","7108","0","478781","6477","424408","631","40872","0","140","1000","3","12","561","14","2","4","32","22","60","1134234","0","0"
"r3__weapon__C__60__control","12480","9000","5520","0","27","271","991","21008","14865","0","100212","8007","0","22945","5","4","4","1371407","21","21","2072","122721","0","336","0","0","0","471545","167970","2742935","0","0","0","0","0","14","1","11","38","2266","2266","0","153321","1948","129525","318","22157","3","140","1000","3","6","371","9","2","4","24","60","60","476341","22945","0"
"r3__weapon__C__60__interception-off","15771","5496","9000","0","36","300","2564","41332","38460","0","190367","18856","0","48971","5","4","4","2761891","3855","0","3781","271804","0","0","0","0","2","663135","171777","5556929","0","0","0","0","0","18","5","12","43","4369","4369","0","293127","3847","253993","522","34933","2","140","1000","3","8","585","14","2","4","23","60","60","678960","48971","0"
"r3__weapon__C__60__offense-off","20442","9000","4608","0","36","250","1996","53896","29940","0","261478","84031","0","0","5","4","4","6517522","2727","2727","13792","40838","0","67758","0","0","0","53628","0","3455015","640","541","0","0","0","24","3","8","47","6154","6154","0","415915","5202","328628","952","70406","2","140","1000","3","11","328","8","2","4","32","17","17","752200","0","0"
"r3__weapon__C__61__both-off","21600","9000","8400","286","33","114","1301","46174","19515","0","151547","143519","0","0","5","4","4","4323394","60980","0","7622","44091","0","0","0","0","12","86221","0","3064561","402","389","0","0","0","22","5","5","43","4749","4749","0","321589","4315","283843","434","26523","0","140","1000","3","12","193","4","2","4","31","14","60","1116432","0","0"
"r3__weapon__C__61__control","21600","9000","8400","52","39","300","2202","71890","33030","0","219953","118151","102607","4479","5","4","4","2713696","1692","1692","10933","63912","0","33933","0","0","0","135705","12185","5929864","574","537","0","0","0","26","5","7","51","6899","6899","0","465977","6599","442777","300","20787","0","140","1000","3","12","554","13","2","4","35","29","52","1091382","107086","0"
"r3__weapon__C__61__interception-off","18076","3000","4176","0","37","300","2388","54948","35820","0","185586","71281","80836","5826","5","4","4","2770455","11769","0","8511","63199","0","0","0","0","1","134264","22529","5439494","429","419","0","0","0","24","4","8","45","5472","5472","0","370165","5061","338225","411","26636","1","140","1000","3","10","578","14","2","4","30","22","60","904290","86662","0"
"r3__weapon__C__61__offense-off","8126","3024","3000","0","22","263","739","9178","11085","0","57246","3226","0","0","5","4","4","855853","104","104","1510","47060","0","2574","0","0","0","204809","33933","1808826","0","0","0","0","0","13","0","8","28","1145","1145","0","78899","901","56249","244","18427","2","140","1000","3","4","417","10","1","3","18","44","44","208504","0","0"
"r3__weapon__C__62__both-off","21600","9000","8400","168","31","300","1037","37756","15555","0","172605","74878","0","0","5","4","4","4905572","81476","0","7444","56448","0","0","0","0","53","152560","19839","3554250","363","351","0","0","0","19","3","8","40","4459","4459","0","296895","3738","229538","721","49412","0","140","1000","3","12","460","11","2","4","28","29","60","964721","0","0"
"r3__weapon__C__62__control","14743","6168","9000","0","30","240","1230","30612","18450","0","123960","34622","0","33993","5","4","4","2179428","36","36","3143","186654","0","618","0","0","0","607325","82659","3939453","0","0","0","0","0","16","2","11","38","3256","3256","0","219084","2849","188363","407","26509","2","140","1000","3","8","377","9","2","4","21","60","60","613076","33993","0"
"r3__weapon__C__62__interception-off","14886","3000","8736","0","33","300","1974","34472","29610","0","168440","9556","0","37588","5","4","4","2319218","3110","0","3133","254179","0","0","0","0","3","610920","33204","4569301","0","0","0","0","0","24","1","7","47","3702","3702","0","247979","3237","211158","465","32395","1","140","1000","3","8","555","13","2","4","34","60","60","625860","37588","0"
"r3__weapon__C__62__offense-off","14999","3000","6024","0","29","300","1045","27648","15675","0","164893","11410","0","0","5","4","4","2924772","417","417","3452","175738","0","8678","0","0","0","519247","89540","3730573","0","0","0","0","0","21","2","5","37","3314","3314","0","221772","2733","168740","581","45469","1","140","1000","3","8","461","11","2","4","30","60","60","522631","0","0"
"r3__weapon__C__63__both-off","21600","9000","8400","122","33","278","1304","41740","19560","0","180434","93313","0","0","5","4","4","5257038","52338","0","7205","112701","0","0","0","0","59","297922","0","4660826","414","403","0","0","0","27","4","1","42","4833","4833","0","321690","4096","254427","737","47943","0","140","1000","3","12","382","9","2","4","36","27","60","1060833","0","0"
"r3__weapon__C__63__control","14429","9000","4296","0","25","7","534","21172","8010","0","75690","22416","20613","13235","5","4","4","1401348","162","162","2738","63245","0","3018","0","0","0","265138","21600","1837086","171","160","0","0","0","16","2","6","30","2129","2129","0","146010","1927","130736","202","14056","2","140","1000","3","8","31","0","2","4","22","16","57","588636","33848","0"
"r3__weapon__C__63__interception-off","11961","3000","6936","0","25","225","627","17490","9405","0","80243","6845","0","23304","5","4","4","1110043","1241","0","1833","100979","0","0","0","0","0","438345","26347","2026749","0","0","0","0","0","18","1","5","30","1812","1812","0","126643","1576","108191","236","16251","2","140","1000","3","6","312","7","2","4","25","60","60","450360","23304","0"
"r3__weapon__C__63__offense-off","13616","9000","8784","0","27","237","803","22590","12045","0","112348","35508","0","0","5","4","4","2022302","555","555","3550","78794","0","14128","0","0","0","307826","0","2489196","136","124","0","0","0","20","2","4","39","2653","2653","0","176687","2208","137508","445","28831","5","140","1000","3","7","336","8","2","4","29","11","42","498401","0","0"
"r3__weapon__C__64__both-off","21600","9000","8400","266","41","300","3531","66698","52965","0","358673","66707","0","0","5","4","4","8548154","56333","0","7490","727346","0","0","0","0","202","1007046","35715","9628589","0","0","0","0","0","29","3","8","55","7543","7354","189","496711","6402","407100","952","71331","0","140","1000","3","12","594","14","2","4","44","60","60","1028700","0","0"
"r3__weapon__C__64__control","17710","6960","9000","0","33","79","1315","41320","19725","0","130909","53684","66284","4829","5","4","4","1756636","549","549","6475","67157","0","10982","0","0","0","169985","16007","4069102","445","426","0","0","0","21","3","8","43","3958","3958","0","269420","3774","254061","184","13714","1","140","1000","3","9","213","5","2","4","30","33","59","853425","71113","0"
"r3__weapon__C__64__interception-off","21600","9000","8400","2","37","66","1723","65070","25845","0","211015","77903","105548","6926","5","4","4","2902935","13503","0","9592","110427","0","0","0","0","0","212062","23091","5620832","409","399","0","0","0","24","3","9","47","6180","6180","0","415680","5988","399763","192","14288","0","140","1000","3","12","206","5","2","4","35","21","60","1099958","112474","0"
"r3__weapon__C__64__offense-off","14645","8520","9000","0","32","300","1800","30398","27000","0","166278","29564","0","0","5","4","4","3340013","574","574","3346","364926","0","17424","0","0","0","454117","43571","4357351","0","0","0","0","0","18","2","11","42","3484","3484","0","234118","2908","186046","576","38276","3","140","1000","3","8","465","11","2","4","24","32","32","458214","0","0"
"r3__weapon__C__65__both-off","7607","9000","8568","0","19","262","376","7248","5640","0","41547","6533","0","0","5","4","4","831747","6334","0","1151","52714","0","0","0","0","1","194947","0","1178028","0","0","0","0","0","10","2","6","27","951","951","0","64569","721","44210","230","16489","2","140","1000","3","4","328","8","1","4","15","48","48","202596","0","0"
"r3__weapon__C__65__control","9748","6048","9000","0","24","245","707","13648","10605","0","47885","16730","15049","5120","5","4","4","740635","130","130","2388","28690","0","3006","0","0","0","119681","0","1722814","162","152","0","0","0","13","2","8","32","1409","1409","0","93539","1278","83952","131","8755","1","140","1000","3","5","361","9","1","4","18","25","60","337798","20169","0"
"r3__weapon__C__65__interception-off","9081","3000","4056","0","24","291","858","12786","12870","0","54254","10355","0","15927","5","4","4","735554","1912","0","1670","57315","0","0","0","0","1","269905","0","2074015","0","0","0","0","0","12","1","10","34","1338","1338","0","90085","1198","78602","140","9549","1","140","1000","3","5","482","12","1","4","17","56","56","279036","15927","0"
"r3__weapon__C__65__offense-off","14567","9000","7608","0","24","17","563","17730","8445","0","62531","55742","0","0","5","4","4","2268190","1305","1305","3518","22214","0","37082","0","0","0","60372","7101","1352859","330","270","0","0","0","15","3","5","30","2081","2081","0","141604","1742","108030","339","23331","1","140","1000","3","8","41","1","2","4","20","15","15","355100","0","0"
"r3__weapon__C__66__both-off","13106","3000","3456","0","27","48","1032","18924","15480","0","93383","31054","0","0","5","4","4","1999526","25325","0","4043","40863","0","0","0","0","2","151157","12889","2620187","229","219","0","0","0","17","3","6","34","2272","2272","0","152990","1875","115103","397","28553","2","140","1000","3","7","131","3","2","4","23","22","60","546020","0","0"
"r3__weapon__C__66__control","15255","6120","3000","0","34","270","1999","37918","29985","0","158120","25809","24668","27864","5","4","4","2371553","310","310","5159","134534","0","6260","0","0","0","433735","60092","4707163","130","116","0","0","0","24","3","6","41","3890","3890","0","264226","3477","233589","413","27765","1","140","1000","3","8","475","11","2","4","31","15","59","638718","52532","0"
"r3__weapon__C__66__interception-off","11246","5904","3000","0","27","280","1107","17114","16605","0","78045","6525","0","22419","5","4","4","1193068","1876","0","1766","114632","0","0","0","0","0","396160","95542","2662731","0","0","0","0","0","15","1","10","33","1825","1825","0","123254","1577","104963","248","16265","2","140","1000","3","6","422","10","2","4","21","60","60","407460","22419","0"
"r3__weapon__C__66__offense-off","12009","3000","5784","0","25","126","753","15700","11295","0","79070","22329","0","0","5","4","4","1495664","845","845","3214","23593","0","21924","0","0","0","81925","4816","1457626","258","237","0","0","0","15","3","6","36","1868","1868","0","129356","1500","96290","368","27957","1","140","1000","3","6","199","4","2","4","22","18","40","393180","0","0"
"r3__weapon__C__67__both-off","14179","4296","3000","0","29","243","1144","26658","17160","0","105264","64330","0","0","5","4","4","2177157","30420","0","4779","37103","0","0","0","0","3","111463","0","2951737","310","297","0","0","0","17","2","9","45","2891","2891","0","194686","2505","162774","386","25092","1","140","1000","3","7","387","9","2","4","30","22","60","671970","0","0"
"r3__weapon__C__67__control","14352","8448","3000","0","34","300","2316","35412","34740","0","173779","8161","0","37624","5","4","4","2038803","42","42","3063","292001","0","758","0","0","0","583865","42682","5062302","0","0","0","0","0","24","1","8","46","3634","3634","0","248393","3232","218404","402","28829","1","140","1000","3","7","588","14","2","4","36","60","60","592021","37624","0"
"r3__weapon__C__67__interception-off","19253","6072","3000","0","41","276","3553","64480","53295","0","309435","15845","0","75103","5","4","4","4173392","4934","0","5439","586324","0","0","0","0","0","868573","88834","8427445","0","0","0","0","0","28","2","10","61","6414","6414","0","437345","5905","397346","509","36962","4","140","1000","3","10","570","14","2","4","45","60","60","887880","75103","0"
"r3__weapon__C__67__offense-off","17596","9000","8304","0","32","249","1440","38730","21600","0","189792","62303","0","0","5","4","4","4587166","3055","3055","7651","32738","0","78588","0","0","0","47514","2115","2330011","521","355","0","0","0","21","2","8","42","4586","4586","0","312058","3792","236238","794","59963","2","140","1000","3","9","313","7","2","4","32","18","18","538584","0","0"
"r3__weapon__C__68__both-off","15137","3288","3000","0","34","290","2198","36352","32970","0","173091","58522","0","0","5","4","4","2806698","22017","0","4969","74533","0","0","0","0","4","195566","8346","4625761","392","385","0","0","0","20","3","10","47","3904","3904","0","265232","3353","223462","551","33619","5","140","1000","3","8","566","14","2","4","30","33","60","743301","0","0"
"r3__weapon__C__68__control","14090","3000","3840","0","33","300","2097","33296","31455","0","141786","25445","20386","20791","5","4","4","2066539","238","238","4262","103054","0","4808","0","0","0","393455","59291","4508234","113","102","0","0","0","19","7","6","40","3418","3418","0","235684","3031","205124","387","27276","2","140","1000","3","7","521","13","2","4","23","16","59","571165","41177","0"
"r3__weapon__C__68__interception-off","13152","3648","3000","0","33","300","2304","29178","34560","0","138314","10907","0","33807","5","4","4","1813851","2305","0","2659","154862","0","0","0","0","0","508614","72481","4553796","0","0","0","0","0","23","2","7","43","3100","3100","0","211713","2688","179491","412","28685","2","140","1000","3","7","592","14","2","4","34","60","60","521820","33807","0"
"r3__weapon__C__68__offense-off","21600","9000","8400","618","39","298","2166","67484","32490","0","194987","237105","0","0","5","4","4","5634519","3260","3260","10735","63290","0","80776","0","0","0","156664","0","5674078","669","543","0","0","0","30","5","3","54","6936","6936","0","473279","6283","413442","653","41187","0","140","1000","3","12","450","11","2","4","45","22","24","803091","0","0"
"r3__weapon__C__69__both-off","21600","9000","8400","474","42","298","3570","76764","53550","0","296528","192468","0","0","5","4","4","6491608","49286","0","9605","139797","0","0","0","0","93","313826","14425","8037654","412","403","0","0","0","28","6","7","51","7722","7722","0","517762","7175","470659","547","28766","0","140","1000","3","12","573","14","2","4","35","25","60","1089128","0","0"
"r3__weapon__C__69__control","18647","8472","9000","0","38","258","2409","56582","36135","0","174271","93103","80701","3463","5","4","4","2494263","1049","1049","7598","88151","0","20150","0","0","0","180982","32149","5617830","537","508","0","0","0","21","3","13","47","5617","5617","0","375058","5246","347541","371","23520","4","140","1000","3","10","446","11","2","4","27","26","58","970110","84164","0"
"r3__weapon__C__69__interception-off","21600","9000","8400","484","42","300","3310","77496","49650","0","256814","123774","94976","5379","5","4","4","3774512","10705","0","9739","130580","0","0","0","0","2","245073","38525","7739865","520","512","0","0","0","28","7","6","48","7520","7520","0","508490","7092","476261","428","27547","0","140","1000","3","12","578","14","2","4","32","29","60","1154076","100355","0"
"r3__weapon__C__69__offense-off","13195","4680","3000","0","28","300","1249","21948","18735","0","106984","38247","0","0","5","4","4","1876326","1703","1703","4615","17210","0","42275","0","0","0","47959","0","2053369","395","330","0","0","0","16","3","8","34","2595","2595","0","174797","2118","134443","477","29566","4","140","1000","3","7","473","11","2","4","23","19","21","436239","0","0"
"r3__weapon__C__70__both-off","18149","3576","3000","0","31","13","1160","33394","17400","0","111439","108747","0","0","5","4","4","3965184","38176","0","5484","39131","0","0","0","0","3","147478","1155","2941169","392","380","0","0","0","18","5","7","41","3631","3631","0","251629","3149","205487","482","31443","2","140","1000","3","10","122","3","2","4","24","14","60","854262","0","0"
"r3__weapon__C__70__control","19125","3000","3000","0","31","162","1040","35522","15600","0","113035","43070","61272","3226","5","4","4","1289593","627","627","5363","45183","0","12708","0","0","0","142420","0","3163318","447","421","0","0","0","19","2","9","46","3480","3480","0","237020","3259","218757","221","16417","1","140","1000","3","10","318","7","2","4","31","32","60","833611","64498","0"
"r3__weapon__C__70__interception-off","17173","4152","3000","0","32","259","1308","36716","19620","0","129861","37394","58019","2931","5","4","4","1356940","6451","0","5546","42857","0","0","0","0","0","112999","1481","3379181","374","360","0","0","0","20","3","8","44","3610","3610","0","247093","3354","226372","256","18888","8","140","1000","3","9","498","12","2","4","29","27","60","733515","60950","0"
"r3__weapon__C__70__offense-off","17810","4560","9000","0","31","18","1078","36332","16170","0","118062","110258","0","0","5","4","4","2624793","1740","1740","5177","53129","0","42557","0","0","0","196368","3159","3322457","524","473","0","0","0","16","4","10","39","3618","3618","0","248003","3322","223670","296","19683","1","140","1000","3","9","124","3","2","4","20","24","40","791113","0","0"
"r3__weapon__C__71__both-off","16705","7080","9000","0","26","15","569","21394","8535","0","83045","56343","0","0","5","4","4","1672424","27793","0","4334","27555","0","0","0","0","54","89062","0","1772601","404","393","0","0","0","18","2","5","40","2304","2304","0","153907","2041","130856","263","14519","2","140","1000","3","9","75","1","2","4","32","27","49","575729","0","0"
"r3__weapon__C__71__control","21600","9000","8400","142","38","300","1903","64476","28545","0","207002","97064","86692","10798","5","4","4","3011772","1069","1069","7568","165671","0","20429","0","0","0","429406","16395","6259477","434","408","0","0","0","25","3","9","49","6263","6263","0","426529","5887","398112","376","24973","0","140","1000","3","12","543","13","2","4","35","39","57","1035638","97490","0"
"r3__weapon__C__71__interception-off","21502","9000","6048","0","35","28","1379","53016","20685","0","150048","93264","73050","13094","5","4","4","2656638","6404","0","7066","127688","0","0","0","0","0","394299","0","5014286","351","345","0","0","0","23","3","8","49","5151","5151","0","346034","4874","326060","277","16578","1","140","1000","3","11","135","3","2","4","34","42","60","1036036","86144","0"
"r3__weapon__C__71__offense-off","14630","8880","9000","0","21","0","229","12586","3435","0","40577","45127","0","0","5","4","4","1361605","442","442","2287","20680","0","11736","0","0","0","30262","0","480224","280","268","0","0","0","11","2","7","29","1549","1549","0","105392","1237","77474","312","19688","1","140","1000","3","8","0","0","2","3","18","1","1","292388","0","0"
"r3__weapon__C__72__both-off","19635","8760","9000","0","39","300","2880","56622","43200","0","291575","72710","0","0","5","4","4","6804972","101150","0","8326","170095","0","0","0","0","0","368338","14459","7716271","475","467","0","0","0","27","3","8","55","6448","6448","0","434211","5478","345229","970","69926","3","140","1000","3","10","582","14","2","4","41","29","60","1015404","0","0"
"r3__weapon__C__72__control","18117","3000","3192","0","37","291","2145","54828","32175","0","155559","109923","68395","4929","5","4","4","2254308","881","881","8806","72166","0","16323","0","0","0","166506","0","5671535","502","486","0","0","0","20","6","10","48","5422","5422","0","362842","5058","336433","364","24036","6","140","1000","3","10","524","13","2","4","27","27","60","885051","73324","0"
"r3__weapon__C__72__interception-off","16460","9000","5040","0","36","300","2213","45828","33195","0","158196","49566","71976","6155","5","4","4","2341437","11139","0","7351","69183","0","0","0","0","0","186720","0","5450001","393","382","0","0","0","21","6","8","45","4648","4648","0","311619","4256","281417","392","25726","2","140","1000","3","9","551","13","2","4","27","22","60","794766","78131","0"
"r3__weapon__C__72__offense-off","15712","6912","9000","0","30","239","1072","30050","16080","0","148251","51577","0","0","5","4","4","3031845","2344","2344","6152","43428","0","61682","0","0","0","122852","4398","3237289","468","367","0","0","0","22","2","5","35","3541","3541","0","236895","2954","182609","587","37067","1","140","1000","3","8","333","8","2","4","28","17","18","516131","0","0"
"r3__weapon__C__73__both-off","21600","9000","8400","20","39","296","2691","66188","40365","0","269733","161332","0","0","5","4","4","7198843","87918","0","10201","135760","0","0","0","0","8","423517","12196","7107670","293","282","0","0","0","24","8","6","51","7051","7051","0","477381","6263","405407","788","46316","0","140","1000","3","12","503","12","2","4","30","17","60","1028700","0","0"
"r3__weapon__C__73__control","7761","5736","9000","0","20","300","411","9018","6165","0","41908","3054","0","12102","5","4","4","499833","32","32","1071","47531","0","702","0","0","0","202205","3474","1224310","0","0","0","0","0","15","0","4","27","972","972","0","66681","826","55606","146","9617","1","140","1000","3","4","418","10","1","3","23","48","48","208162","12102","0"
"r3__weapon__C__73__interception-off","16225","5400","3000","0","34","238","1652","42258","24780","0","134088","63936","58806","5394","5","4","4","1983912","6871","0","7322","31142","0","0","0","0","3","67472","0","3379258","397","387","0","0","0","24","3","6","46","4242","4242","0","286644","3875","259348","367","24420","5","140","1000","3","9","481","12","2","4","33","21","60","781620","64200","0"
"r3__weapon__C__73__offense-off","8177","4248","3000","0","19","266","359","7834","5385","0","46368","6693","0","0","5","4","4","789789","112","112","1162","42984","0","2726","0","0","0","206934","29590","1214425","0","0","0","0","0","8","3","7","25","970","970","0","67335","770","48092","200","14274","2","140","1000","3","4","368","9","1","4","14","44","44","210045","0","0"
