"caseId","policy","peopleRule","seed","repeatCount","ticks","survived","endReason","deathCause","level","season","hash","randomDraws","weaponDamage","toolActivationDamage","toolGrowthDamage","allyDamage","killExperience","harvestExperience","taxExperience","foodFinal","estateTicks","spawnedEnemies","harvests","ruins","rebuilds","peasants","militia","vassals","equipmentIdsJson","charterIdsJson","charterRanksJson","itemStacksJson","evolutionIdsJson","evolutionActivationsJson","toolGrowthByTargetJson","sourceResultsPath","sourceResultsSha256","sourceMetricsPath","sourceMetricsSha256"
"weapon__A__42","weapon","A","42","3","21600","true","duration","","108","3","CC709D6E78D7EFC511FDBB77EA0F988410DA5671EE0A69ABA81BB54CC2DE8F00","19895","122945","118961","66499","147","50052","33555","5808","300","21021","4916","2237","5","5","0","59","1","[""core:ember_wand"",""core:harvest_scythe"",""core:iron_blade"",""core:ward_orbit"",""core:carpenter_hammer"",""core:hedge_drum"",""core:muster_horn"",""core:seed_bag""]","[""core:guarded_harvest"",""core:meal_oath"",""core:rally_boundary"",""core:repair_tithe""]","{""core:guarded_harvest"":19,""core:meal_oath"":1,""core:rally_boundary"":13,""core:repair_tithe"":6}","{""core:boundary_hinge"":1,""core:joiner_square"":2,""core:levy_bread_wrap"":2,""core:meadow_buckle"":4,""core:muster_roll"":3,""core:return_path_knot"":3,""core:root_binding_cord"":2,""core:ruin_keystone"":1,""core:seed_pouch_lining"":1,""core:wind_seed_flag"":5}","[""core:sheltered_sowing"",""core:sowing_sworddance""]","[{""tick"":0,""evolutionId"":""core:sowing_sworddance"",""baseId"":""core:iron_blade""},{""tick"":4082,""evolutionId"":""core:sheltered_sowing"",""baseId"":""core:seed_bag""}]","{""core:carpenter_hammer"":{""building"":25},""core:hedge_drum"":{""building"":14},""core:muster_horn"":{""people"":59},""core:seed_bag"":{""land"":262}}","raw/weapon__A__42.results.json","1de8b42a4ef6526cef6bb72edb925c0c926dda10d9d9c89ab169185c4fd81ec7","raw/weapon__A__42.metrics.json","8aa7ba61fbc09294f95f105e61a78c453d5339134ae7e341b41de9e83dc39469"
"weapon__A__43","weapon","A","43","3","21600","true","duration","","106","3","D61F25F3EA8AD1E7A0B34E392339EE1BE165E19A9DCBC862F58E75245FBCF0AA","19701","128569","97935","74020","195","48656","31125","6108","300","20758","4734","2075","8","8","0","59","1","[""core:ember_wand"",""core:harvest_scythe"",""core:iron_blade"",""core:ward_orbit"",""core:carpenter_hammer"",""core:hedge_drum"",""core:muster_horn"",""core:seed_bag""]","[""core:guarded_harvest"",""core:meal_oath"",""core:rally_boundary"",""core:repair_tithe""]","{""core:guarded_harvest"":21,""core:meal_oath"":6,""core:rally_boundary"":8,""core:repair_tithe"":1}","{""core:joiner_square"":3,""core:levy_bread_wrap"":1,""core:meadow_buckle"":1,""core:muster_roll"":4,""core:return_path_knot"":3,""core:root_binding_cord"":4,""core:ruin_keystone"":1,""core:scaffold_step"":1,""core:shock_absorber_pad"":4,""core:wind_seed_flag"":2}","[""core:sheltered_sowing"",""core:sowing_sworddance""]","[{""tick"":0,""evolutionId"":""core:sowing_sworddance"",""baseId"":""core:iron_blade""},{""tick"":1279,""evolutionId"":""core:sheltered_sowing"",""baseId"":""core:seed_bag""}]","{""core:carpenter_hammer"":{""building"":98},""core:hedge_drum"":{""building"":68},""core:muster_horn"":{""people"":59},""core:seed_bag"":{""land"":281}}","raw/weapon__A__43.results.json","159e8252b5f8ae3f13884f2c9964f7031ef4dd5b077609e97e612ee80d33beef","raw/weapon__A__43.metrics.json","ca7f792c516209921d3559ceb5b8fbfab923bbaa72ea85b60684151c2c821e02"
"weapon__A__44","weapon","A","44","3","21600","true","duration","","100","3","8B20FC557F1117F7766B559980566FBFE6F6683A27FD7A6B9B2316B2A2814F6D","19758","133541","162958","144","208","48184","27990","0","279","20675","4744","1866","0","0","0","59","1","[""core:ember_wand"",""core:harvest_scythe"",""core:iron_blade"",""core:ward_orbit"",""core:muster_horn"",""core:seed_bag""]","[""core:guarded_harvest"",""core:meal_oath"",""core:rally_boundary"",""core:repair_tithe""]","{""core:guarded_harvest"":19,""core:meal_oath"":2,""core:rally_boundary"":13,""core:repair_tithe"":2}","{""core:levy_bread_wrap"":1,""core:meadow_buckle"":6,""core:muster_roll"":1,""core:return_path_knot"":5,""core:root_binding_cord"":4,""core:seed_pouch_lining"":5,""core:wind_seed_flag"":2}","[""core:sowing_sworddance""]","[{""tick"":0,""evolutionId"":""core:sowing_sworddance"",""baseId"":""core:iron_blade""}]","{""core:muster_horn"":{""people"":59},""core:seed_bag"":{""land"":222}}","raw/weapon__A__44.results.json","7196a850f50d9c9307d122a9c8139c44c3c93ab1c4951ef85ae1b47bad5d21ef","raw/weapon__A__44.metrics.json","09dee6658e76cc0fd7fe61eccd92cc71fa0be896cf21b098e2f1d34d5c36ff47"
"weapon__A__45","weapon","A","45","3","21600","true","duration","","99","3","19A322D224AF7900C106C4AAC5B18194E7D915104AEE321984496DD831DDDB5D","19902","134645","152362","340","32","46768","27690","0","300","21074","4610","1846","0","0","0","59","1","[""core:ember_wand"",""core:harvest_scythe"",""core:iron_blade"",""core:ward_orbit"",""core:muster_horn"",""core:seed_bag""]","[""core:guarded_harvest"",""core:meal_oath"",""core:rally_boundary"",""core:repair_tithe""]","{""core:guarded_harvest"":18,""core:meal_oath"":5,""core:rally_boundary"":4,""core:repair_tithe"":1}","{""core:levy_bread_wrap"":2,""core:meadow_buckle"":2,""core:muster_roll"":4,""core:return_path_knot"":4,""core:root_binding_cord"":4,""core:seed_pouch_lining"":2,""core:wind_seed_flag"":5}","[""core:sowing_sworddance""]","[{""tick"":0,""evolutionId"":""core:sowing_sworddance"",""baseId"":""core:iron_blade""}]","{""core:muster_horn"":{""people"":59},""core:seed_bag"":{""land"":186}}","raw/weapon__A__45.results.json","d4fa0aa6ca9da1642018691c31a97c742eb140c04b38a25a47fd7313b57a9d2e","raw/weapon__A__45.metrics.json","47755cc5000ae775a28f375861af28320cada83c2f4756695ad565b52daaf128"
"weapon__A__46","weapon","A","46","3","21600","true","duration","","93","3","31153BBD586602A636CF030E6941D09DAC82B23E146C94284B4DC4501E5C88EA","15192","80060","83518","67571","9","37466","21555","6744","253","20987","3770","1437","7","5","0","59","1","[""core:ember_wand"",""core:harvest_scythe"",""core:iron_blade"",""core:ward_orbit"",""core:carpenter_hammer"",""core:hedge_drum"",""core:muster_horn"",""core:seed_bag""]","[""core:guarded_harvest"",""core:meal_oath"",""core:rally_boundary""]","{""core:guarded_harvest"":20,""core:meal_oath"":2,""core:rally_boundary"":7}","{""core:joiner_square"":3,""core:meadow_buckle"":3,""core:muster_roll"":1,""core:return_path_knot"":2,""core:root_binding_cord"":2,""core:ruin_keystone"":1,""core:scaffold_step"":2,""core:seed_pouch_lining"":4,""core:shock_absorber_pad"":3,""core:wind_seed_flag"":3}","[""core:sheltered_sowing"",""core:sowing_sworddance""]","[{""tick"":0,""evolutionId"":""core:sowing_sworddance"",""baseId"":""core:iron_blade""},{""tick"":3900,""evolutionId"":""core:sheltered_sowing"",""baseId"":""core:seed_bag""}]","{""core:carpenter_hammer"":{""building"":41},""core:hedge_drum"":{""building"":200,""people"":14},""core:muster_horn"":{""people"":59},""core:seed_bag"":{""land"":198}}","raw/weapon__A__46.results.json","ec2750fc6e57cf72c942d43c05a2909a5a1748fd85258c6fd67784b751f40b7a","raw/weapon__A__46.metrics.json","9443bdc63875fb7235dcd6db5bee8d630e4488f5025304f84dc4870cce503aca"
"weapon__A__47","weapon","A","47","3","21600","true","duration","","74","3","BAD248136368FE0EC10D974CC57BC1824774F448D735D9A7C7A19F0864404FF3","13783","92791","42957","26796","160","26366","13320","1968","99","20648","2650","888","26","20","0","59","1","[""core:ember_wand"",""core:harvest_scythe"",""core:iron_blade"",""core:ward_orbit"",""core:carpenter_hammer"",""core:muster_horn"",""core:seed_bag""]","[""core:guarded_harvest"",""core:meal_oath"",""core:rally_boundary""]","{""core:guarded_harvest"":14,""core:meal_oath"":7,""core:rally_boundary"":7}","{""core:boundary_hinge"":1,""core:joiner_square"":1,""core:levy_bread_wrap"":3,""core:meadow_buckle"":2,""core:muster_roll"":1,""core:return_path_knot"":6,""core:root_binding_cord"":2,""core:scaffold_step"":1,""core:seed_pouch_lining"":5,""core:wind_seed_flag"":2}","[""core:sheltered_sowing"",""core:sowing_sworddance""]","[{""tick"":0,""evolutionId"":""core:sowing_sworddance"",""baseId"":""core:iron_blade""},{""tick"":13347,""evolutionId"":""core:sheltered_sowing"",""baseId"":""core:seed_bag""}]","{""core:carpenter_hammer"":{""building"":137},""core:muster_horn"":{""people"":59},""core:seed_bag"":{""land"":149}}","raw/weapon__A__47.results.json","8133b70758286d46ad44830f0bab5f1bd732b1b5b6dfb1cae6ecdba43dd86dff","raw/weapon__A__47.metrics.json","d1be2b6e4084b4ddd28ed54b29c579a7ab2c63f0b362b5b340372bd692b7fbd1"
"weapon__A__48","weapon","A","48","3","21600","true","duration","","102","3","1E3AB7843B04C780939B1345D56EA2A23EF77ABF22CAABD02FB3651760080DC0","19770","133389","168276","139","267","49198","29775","0","288","20640","4873","1985","0","0","0","59","1","[""core:ember_wand"",""core:harvest_scythe"",""core:iron_blade"",""core:ward_orbit"",""core:muster_horn"",""core:seed_bag""]","[""core:guarded_harvest"",""core:meal_oath"",""core:rally_boundary""]","{""core:guarded_harvest"":28,""core:meal_oath"":3,""core:rally_boundary"":9}","{""core:levy_bread_wrap"":4,""core:meadow_buckle"":7,""core:muster_roll"":4,""core:root_binding_cord"":2,""core:seed_pouch_lining"":2,""core:wind_seed_flag"":5}","[""core:sowing_sworddance""]","[{""tick"":0,""evolutionId"":""core:sowing_sworddance"",""baseId"":""core:iron_blade""}]","{""core:muster_horn"":{""people"":59},""core:seed_bag"":{""land"":253}}","raw/weapon__A__48.results.json","a44ade53820572283a7cb502359807de5de6c1e30ad6a29ed694f9efca7c4858","raw/weapon__A__48.metrics.json","76e06dc3693b30f33d8b308cdf0fd192887488e9ea49a37594dc733028d244d4"
"weapon__A__49","weapon","A","49","3","21600","true","duration","","98","3","7D54DEFD74C7DE30362B08BAF597026D5B67D57AC85D48038C952754C19A56C2","19040","128267","155867","597","86","46304","27660","0","300","20898","4548","1844","0","0","0","59","1","[""core:ember_wand"",""core:harvest_scythe"",""core:iron_blade"",""core:ward_orbit"",""core:muster_horn"",""core:seed_bag""]","[""core:guarded_harvest"",""core:meal_oath"",""core:rally_boundary""]","{""core:guarded_harvest"":32,""core:meal_oath"":4,""core:rally_boundary"":7}","{""core:levy_bread_wrap"":2,""core:meadow_buckle"":2,""core:muster_roll"":2,""core:return_path_knot"":5,""core:root_binding_cord"":4,""core:seed_pouch_lining"":5,""core:wind_seed_flag"":4}","[""core:sowing_sworddance""]","[{""tick"":0,""evolutionId"":""core:sowing_sworddance"",""baseId"":""core:iron_blade""}]","{""core:muster_horn"":{""people"":59},""core:seed_bag"":{""land"":215}}","raw/weapon__A__49.results.json","d817c275c8cf28fdb6a6692997a4fa27ee7c69b5fcd720f086c570ae8ff2bada","raw/weapon__A__49.metrics.json","ca823f00edceba131ca484db611700972ad00989c4b42e0dc84db6ba0a73b729"
"weapon__A__50","weapon","A","50","3","21600","true","duration","","91","3","B59B545ACA01B30CF3758E1307D9583515FA7D46FF7204813A7873935214497A","18366","131520","117754","718","282","40554","23475","0","300","20969","4077","1565","0","0","0","59","1","[""core:ember_wand"",""core:harvest_scythe"",""core:iron_blade"",""core:ward_orbit"",""core:muster_horn"",""core:seed_bag""]","[""core:guarded_harvest"",""core:meal_oath"",""core:rally_boundary""]","{""core:guarded_harvest"":17,""core:meal_oath"":4,""core:rally_boundary"":6}","{""core:levy_bread_wrap"":1,""core:meadow_buckle"":7,""core:muster_roll"":2,""core:return_path_knot"":3,""core:root_binding_cord"":4,""core:seed_pouch_lining"":4,""core:wind_seed_flag"":2}","[""core:sowing_sworddance""]","[{""tick"":0,""evolutionId"":""core:sowing_sworddance"",""baseId"":""core:iron_blade""}]","{""core:muster_horn"":{""people"":59},""core:seed_bag"":{""land"":207}}","raw/weapon__A__50.results.json","4d3caa81a94a8679c18acb609efc8193a9d2461b426bb6b1f5ac14c420acfc18","raw/weapon__A__50.metrics.json","e14e271eceea2f73b74befd7d5896263c28c66f2b204be486acc3d98b6394ec7"
"weapon__A__51","weapon","A","51","3","21600","true","duration","","103","3","F6778D4728F40415C8CAE2250FDF38A1C7AF010F66289C6251799DC4C8F6A50D","21504","176527","127665","798","373","49568","32055","0","294","20843","4977","2137","0","0","0","59","1","[""core:ember_wand"",""core:harvest_scythe"",""core:iron_blade"",""core:ward_orbit"",""core:muster_horn"",""core:seed_bag""]","[""core:guarded_harvest"",""core:meal_oath"",""core:rally_boundary"",""core:repair_tithe""]","{""core:guarded_harvest"":16,""core:meal_oath"":6,""core:rally_boundary"":12,""core:repair_tithe"":2}","{""core:levy_bread_wrap"":2,""core:meadow_buckle"":6,""core:muster_roll"":6,""core:return_path_knot"":3,""core:root_binding_cord"":3,""core:wind_seed_flag"":4}","[""core:sowing_sworddance""]","[{""tick"":0,""evolutionId"":""core:sowing_sworddance"",""baseId"":""core:iron_blade""}]","{""core:muster_horn"":{""people"":59},""core:seed_bag"":{""land"":300}}","raw/weapon__A__51.results.json","26ac720774cb59196ebdec8d1c69a363289480630fae5a918e8f90d6e07c7293","raw/weapon__A__51.metrics.json","1bdc65e772cc09efbd6aee3c41e07af8a3f1e1b92a9ef9711af4bc3cff126a83"
"weapon__A__52","weapon","A","52","3","21600","true","duration","","108","3","4D2B5A4E389BCDE023742A8E5958EC6906AB0A967AF23BCED3EE8D223559859B","21101","131480","114723","75309","415","52310","30540","6036","300","20792","5108","2036","27","23","0","59","1","[""core:ember_wand"",""core:harvest_scythe"",""core:iron_blade"",""core:ward_orbit"",""core:carpenter_hammer"",""core:hedge_drum"",""core:muster_horn"",""core:seed_bag""]","[""core:guarded_harvest"",""core:meal_oath"",""core:rally_boundary""]","{""core:guarded_harvest"":26,""core:meal_oath"":3,""core:rally_boundary"":2}","{""core:joiner_square"":2,""core:levy_bread_wrap"":3,""core:meadow_buckle"":2,""core:muster_roll"":1,""core:return_path_knot"":2,""core:root_binding_cord"":6,""core:seed_pouch_lining"":2,""core:shock_absorber_pad"":1,""core:wind_seed_flag"":5}","[""core:sheltered_sowing"",""core:sowing_sworddance""]","[{""tick"":0,""evolutionId"":""core:sowing_sworddance"",""baseId"":""core:iron_blade""},{""tick"":7198,""evolutionId"":""core:sheltered_sowing"",""baseId"":""core:seed_bag""}]","{""core:carpenter_hammer"":{""building"":62},""core:hedge_drum"":{""building"":264,""people"":11},""core:muster_horn"":{""people"":59},""core:seed_bag"":{""land"":235}}","raw/weapon__A__52.results.json","15730fb1bde8e8710db50ea8d1fe2dc5fe373d1cd536a5dbd12602040859038a","raw/weapon__A__52.metrics.json","18f8367f061c493ac36894bbb61282d1d833c448c534b170d8af08992a027924"
"weapon__A__53","weapon","A","53","3","21600","true","duration","","108","3","EFB62904223F821A751620A42DC50ADD58E9515F8097B9F5BA4CCB64CA018564","19307","118050","121235","70996","17","50218","30930","8016","300","20781","4924","2062","9","9","0","59","1","[""core:ember_wand"",""core:harvest_scythe"",""core:iron_blade"",""core:ward_orbit"",""core:carpenter_hammer"",""core:hedge_drum"",""core:muster_horn"",""core:seed_bag""]","[""core:guarded_harvest"",""core:meal_oath"",""core:rally_boundary""]","{""core:guarded_harvest"":27,""core:meal_oath"":5,""core:rally_boundary"":10}","{""core:boundary_hinge"":2,""core:joiner_square"":3,""core:levy_bread_wrap"":3,""core:meadow_buckle"":3,""core:return_path_knot"":1,""core:root_binding_cord"":4,""core:ruin_keystone"":1,""core:scaffold_step"":1,""core:seed_pouch_lining"":2,""core:shock_absorber_pad"":2,""core:wind_seed_flag"":2}","[""core:sheltered_sowing"",""core:sowing_sworddance""]","[{""tick"":0,""evolutionId"":""core:sowing_sworddance"",""baseId"":""core:iron_blade""},{""tick"":457,""evolutionId"":""core:sheltered_sowing"",""baseId"":""core:seed_bag""}]","{""core:carpenter_hammer"":{""building"":117},""core:hedge_drum"":{""building"":164},""core:muster_horn"":{""people"":59},""core:seed_bag"":{""land"":268}}","raw/weapon__A__53.results.json","24547e65708714ca208466040f8911427e6c4473e327d2789af1c4c56f38448f","raw/weapon__A__53.metrics.json","af0602a677af0b03577a4f0f7a0883328ad2a9b23aea70c7dbc571e4e0ec9e9c"
"weapon__A__54","weapon","A","54","3","21600","true","duration","","106","3","24D0280C69EFB579AC86BA9F5AA1496A3942E9D92D40B508A5EC3E77CE661A2A","19674","137977","107474","59342","213","49550","30495","5616","300","20561","4933","2033","27","24","0","59","1","[""core:ember_wand"",""core:harvest_scythe"",""core:iron_blade"",""core:ward_orbit"",""core:hedge_drum"",""core:muster_horn"",""core:seed_bag""]","[""core:guarded_harvest"",""core:meal_oath"",""core:rally_boundary""]","{""core:guarded_harvest"":25,""core:meal_oath"":6,""core:rally_boundary"":17}","{""core:joiner_square"":2,""core:levy_bread_wrap"":3,""core:meadow_buckle"":6,""core:muster_roll"":1,""core:return_path_knot"":3,""core:root_binding_cord"":2,""core:scaffold_step"":3,""core:seed_pouch_lining"":1,""core:wind_seed_flag"":3}","[""core:sowing_sworddance""]","[{""tick"":0,""evolutionId"":""core:sowing_sworddance"",""baseId"":""core:iron_blade""}]","{""core:hedge_drum"":{""building"":289},""core:muster_horn"":{""people"":59},""core:seed_bag"":{""land"":275}}","raw/weapon__A__54.results.json","6369a42a1dcf47df1a00c333261aa0ce69b41ef69b5914c8d669f8520fe83838","raw/weapon__A__54.metrics.json","cf26316458c92d426478d015090898c7576bfdb28852c36af2fa76542d156999"
"weapon__A__55","weapon","A","55","3","21600","true","duration","","94","3","14532B8D7ECFB23A37304968BC24C3DCF7B4E831AA6C18903C5A6CFE0785654C","18505","116350","154955","243","168","44158","23145","0","300","20288","4346","1543","0","0","0","59","1","[""core:ember_wand"",""core:harvest_scythe"",""core:iron_blade"",""core:ward_orbit"",""core:muster_horn"",""core:seed_bag""]","[""core:guarded_harvest"",""core:meal_oath"",""core:rally_boundary""]","{""core:guarded_harvest"":17,""core:meal_oath"":8,""core:rally_boundary"":7}","{""core:meadow_buckle"":4,""core:muster_roll"":3,""core:return_path_knot"":5,""core:root_binding_cord"":3,""core:seed_pouch_lining"":5,""core:wind_seed_flag"":3}","[""core:sowing_sworddance""]","[{""tick"":0,""evolutionId"":""core:sowing_sworddance"",""baseId"":""core:iron_blade""}]","{""core:muster_horn"":{""people"":59},""core:seed_bag"":{""land"":201}}","raw/weapon__A__55.results.json","4cad64aba99e196dd1ce165ce7c55fcf1a5ea5934a23aa6966dda0f7fe4bb7c0","raw/weapon__A__55.metrics.json","353e2123eeecc8ac1c14a62faaafe2510ac4f099be552a6206157a1af136070d"
"weapon__A__56","weapon","A","56","3","21600","true","duration","","109","3","1912DAE46D0E6E472763DF4C1A3EB186E40C0AEBA357F7781E0E17D0890B0BFA","23763","223959","73279","9148","2919","50210","39810","0","300","20981","5009","2654","0","0","0","59","1","[""core:ember_wand"",""core:harvest_scythe"",""core:iron_blade"",""core:ward_orbit"",""core:muster_horn"",""core:seed_bag""]","[""core:guarded_harvest"",""core:meal_oath"",""core:rally_boundary""]","{""core:guarded_harvest"":20,""core:meal_oath"":11,""core:rally_boundary"":8}","{""core:levy_bread_wrap"":2,""core:meadow_buckle"":1,""core:muster_roll"":4,""core:return_path_knot"":3,""core:root_binding_cord"":5,""core:seed_pouch_lining"":2,""core:wind_seed_flag"":7}","[""core:sowing_sworddance""]","[{""tick"":0,""evolutionId"":""core:sowing_sworddance"",""baseId"":""core:iron_blade""}]","{""core:muster_horn"":{""people"":59},""core:seed_bag"":{""land"":247}}","raw/weapon__A__56.results.json","7f3daddefb2b96925f61ca58e4510affa3537362f10c7f77f702a536925a9c08","raw/weapon__A__56.metrics.json","d667484459ee9f280042db46615a1af033e952d17d5feb63ee54baf3bd9eef17"
"weapon__A__57","weapon","A","57","3","21600","true","duration","","98","3","A44CBAE19320BD5EBD48028662EF1C146FDDB7A3B393A8843EC0E877D39951C6","19917","138216","145310","208","55","46244","27555","0","300","20660","4606","1837","0","0","0","59","1","[""core:ember_wand"",""core:harvest_scythe"",""core:iron_blade"",""core:ward_orbit"",""core:muster_horn"",""core:seed_bag""]","[""core:guarded_harvest"",""core:meal_oath"",""core:rally_boundary""]","{""core:guarded_harvest"":22,""core:meal_oath"":13,""core:rally_boundary"":8}","{""core:levy_bread_wrap"":3,""core:meadow_buckle"":2,""core:muster_roll"":5,""core:return_path_knot"":5,""core:root_binding_cord"":2,""core:seed_pouch_lining"":3,""core:wind_seed_flag"":3}","[""core:sowing_sworddance""]","[{""tick"":0,""evolutionId"":""core:sowing_sworddance"",""baseId"":""core:iron_blade""}]","{""core:muster_horn"":{""people"":59},""core:seed_bag"":{""land"":273}}","raw/weapon__A__57.results.json","d49e4773f533f49de685419cd17990199fd42bad1dbb39f41b34344e81516fdb","raw/weapon__A__57.metrics.json","ee6d2e7dfbff98885731c07e6e1bc8cdd8e024fb336b5dae5e74d8a48d481daa"
"weapon__A__58","weapon","A","58","3","21600","true","duration","","94","3","ECC11E4A87B2E3189A91FF8B6660DB7F5BA26C0E82F71FFA3D159DBD21A38326","19517","140433","127952","531","279","43588","24330","0","282","20675","4410","1622","0","0","0","59","1","[""core:ember_wand"",""core:harvest_scythe"",""core:iron_blade"",""core:ward_orbit"",""core:muster_horn"",""core:seed_bag""]","[""core:guarded_harvest"",""core:meal_oath"",""core:rally_boundary"",""core:repair_tithe""]","{""core:guarded_harvest"":25,""core:meal_oath"":2,""core:rally_boundary"":4,""core:repair_tithe"":3}","{""core:levy_bread_wrap"":7,""core:meadow_buckle"":5,""core:muster_roll"":2,""core:return_path_knot"":2,""core:root_binding_cord"":4,""core:seed_pouch_lining"":2,""core:wind_seed_flag"":2}","[""core:sowing_sworddance""]","[{""tick"":0,""evolutionId"":""core:sowing_sworddance"",""baseId"":""core:iron_blade""}]","{""core:muster_horn"":{""people"":59},""core:seed_bag"":{""land"":245}}","raw/weapon__A__58.results.json","c0021f4e7a3aba4ff61673441c05945a7c097fa1636b939d6fe52019388e7b8c","raw/weapon__A__58.metrics.json","802a25b021036826ad53e3ef2ed45bb62cc4507019e4faa771d6d91adb839d3f"
"weapon__A__59","weapon","A","59","3","21600","true","duration","","109","3","1673ECA91E6DC2014A10BACA253E8F6FE88A390B3C7786500DF497A9E4DB0627","20017","147372","109305","65545","1356","52542","33540","5220","300","20897","5103","2236","23","23","0","59","1","[""core:ember_wand"",""core:harvest_scythe"",""core:iron_blade"",""core:ward_orbit"",""core:carpenter_hammer"",""core:muster_horn"",""core:seed_bag""]","[""core:guarded_harvest"",""core:meal_oath"",""core:rally_boundary"",""core:repair_tithe""]","{""core:guarded_harvest"":25,""core:meal_oath"":8,""core:rally_boundary"":5,""core:repair_tithe"":2}","{""core:boundary_hinge"":1,""core:joiner_square"":2,""core:meadow_buckle"":3,""core:muster_roll"":1,""core:return_path_knot"":2,""core:root_binding_cord"":4,""core:ruin_keystone"":1,""core:scaffold_step"":1,""core:seed_pouch_lining"":2,""core:shock_absorber_pad"":3,""core:wind_seed_flag"":4}","[""core:sheltered_sowing"",""core:sowing_sworddance""]","[{""tick"":0,""evolutionId"":""core:sowing_sworddance"",""baseId"":""core:iron_blade""},{""tick"":2974,""evolutionId"":""core:sheltered_sowing"",""baseId"":""core:seed_bag""}]","{""core:carpenter_hammer"":{""building"":164},""core:muster_horn"":{""people"":59},""core:seed_bag"":{""land"":257}}","raw/weapon__A__59.results.json","fab9af8c3051fede95355b606f79b9d79b3eb94a966cdd6eac44ee3bb8258a28","raw/weapon__A__59.metrics.json","c44b3a3684f4ba74d37923b06dbea274e218a1a6a4cf9951645942e31f86a46a"
"weapon__A__60","weapon","A","60","3","21600","true","duration","","90","3","2FAC4F565A8FE61E909019AA4E131608291A566CB0345520E4771C7C1570F56B","15035","76180","73448","73216","211","36114","18030","7512","16","20620","3531","1202","3","3","0","59","1","[""core:ember_wand"",""core:harvest_scythe"",""core:iron_blade"",""core:ward_orbit"",""core:carpenter_hammer"",""core:hedge_drum"",""core:muster_horn"",""core:seed_bag""]","[""core:guarded_harvest"",""core:meal_oath"",""core:rally_boundary"",""core:repair_tithe""]","{""core:guarded_harvest"":17,""core:meal_oath"":7,""core:rally_boundary"":3,""core:repair_tithe"":2}","{""core:boundary_hinge"":3,""core:levy_bread_wrap"":1,""core:meadow_buckle"":2,""core:muster_roll"":1,""core:root_binding_cord"":5,""core:ruin_keystone"":1,""core:scaffold_step"":3,""core:seed_pouch_lining"":5,""core:shock_absorber_pad"":3}","[""core:sheltered_sowing"",""core:sowing_sworddance""]","[{""tick"":0,""evolutionId"":""core:sowing_sworddance"",""baseId"":""core:iron_blade""},{""tick"":566,""evolutionId"":""core:sheltered_sowing"",""baseId"":""core:seed_bag""}]","{""core:carpenter_hammer"":{""building"":88},""core:hedge_drum"":{""building"":139,""people"":10},""core:muster_horn"":{""people"":59},""core:seed_bag"":{""land"":113}}","raw/weapon__A__60.results.json","003a5e923287b9bf8a3d97094de325c3dc3f715f45677f33efee7624b6979899","raw/weapon__A__60.metrics.json","cfa057ac13ced6d57453abc7dd6ceef095e87489b5d4c51602513f8f8772841d"
"weapon__A__61","weapon","A","61","3","21600","true","duration","","100","3","CFDE6C466FF36F254B5F3018DF0560F1616C544B3F87D91F04E0CF95AA698942","21550","163450","134763","875","435","48672","28455","0","300","20683","4791","1897","0","0","0","59","1","[""core:ember_wand"",""core:harvest_scythe"",""core:iron_blade"",""core:ward_orbit"",""core:muster_horn"",""core:seed_bag""]","[""core:guarded_harvest"",""core:meal_oath"",""core:rally_boundary""]","{""core:guarded_harvest"":21,""core:meal_oath"":7,""core:rally_boundary"":8}","{""core:levy_bread_wrap"":4,""core:meadow_buckle"":3,""core:return_path_knot"":3,""core:root_binding_cord"":6,""core:seed_pouch_lining"":5,""core:wind_seed_flag"":3}","[""core:sowing_sworddance""]","[{""tick"":0,""evolutionId"":""core:sowing_sworddance"",""baseId"":""core:iron_blade""}]","{""core:muster_horn"":{""people"":59},""core:seed_bag"":{""land"":234}}","raw/weapon__A__61.results.json","18166ba8e52e38c161a5d77d940bd87bf236f3afe60be9edcddeccd8113ca016","raw/weapon__A__61.metrics.json","bd3f8cb0a77f2cd298286d8a519a8040fc78e6ed863283f96f3b77b7458df5a6"
"weapon__A__62","weapon","A","62","3","21600","true","duration","","110","3","AC633742216EE151FC893BE416A7BDAB5E92F6F409D9AE01D7C3332577697563","20439","128610","111537","78051","380","51558","34875","5988","300","20701","5093","2325","11","11","0","59","1","[""core:ember_wand"",""core:harvest_scythe"",""core:iron_blade"",""core:ward_orbit"",""core:carpenter_hammer"",""core:hedge_drum"",""core:muster_horn"",""core:seed_bag""]","[""core:guarded_harvest"",""core:meal_oath"",""core:rally_boundary"",""core:repair_tithe""]","{""core:guarded_harvest"":19,""core:meal_oath"":10,""core:rally_boundary"":12,""core:repair_tithe"":5}","{""core:boundary_hinge"":4,""core:joiner_square"":2,""core:meadow_buckle"":2,""core:muster_roll"":1,""core:return_path_knot"":3,""core:root_binding_cord"":2,""core:ruin_keystone"":2,""core:scaffold_step"":3,""core:shock_absorber_pad"":2,""core:wind_seed_flag"":3}","[""core:sheltered_sowing"",""core:sowing_sworddance""]","[{""tick"":0,""evolutionId"":""core:sowing_sworddance"",""baseId"":""core:iron_blade""},{""tick"":849,""evolutionId"":""core:sheltered_sowing"",""baseId"":""core:seed_bag""}]","{""core:carpenter_hammer"":{""building"":55},""core:hedge_drum"":{""building"":49,""people"":8},""core:muster_horn"":{""people"":59},""core:seed_bag"":{""land"":294}}","raw/weapon__A__62.results.json","acf88e2b66811d6a6caaffd4672ff084fe4b062d68ed23c8581e5c3a0fafc24e","raw/weapon__A__62.metrics.json","de6876dc0d31d2de482c6284eb76a3780d06613477db464354b80a562a03eaca"
"weapon__A__63","weapon","A","63","3","21600","true","duration","","81","3","820BE66C7E0F533EDB8BB7354384B7D9099CF0D63DF635981896D81502E0C3F5","12809","69986","31830","69432","55","27796","16005","7104","53","20853","2779","1067","5","5","0","59","1","[""core:ember_wand"",""core:harvest_scythe"",""core:iron_blade"",""core:ward_orbit"",""core:carpenter_hammer"",""core:hedge_drum"",""core:muster_horn"",""core:seed_bag""]","[""core:guarded_harvest"",""core:meal_oath"",""core:rally_boundary"",""core:repair_tithe""]","{""core:guarded_harvest"":13,""core:meal_oath"":5,""core:rally_boundary"":6,""core:repair_tithe"":1}","{""core:boundary_hinge"":1,""core:joiner_square"":3,""core:levy_bread_wrap"":2,""core:meadow_buckle"":2,""core:return_path_knot"":3,""core:root_binding_cord"":2,""core:ruin_keystone"":2,""core:scaffold_step"":4,""core:seed_pouch_lining"":2,""core:shock_absorber_pad"":2,""core:wind_seed_flag"":1}","[""core:sheltered_sowing"",""core:sowing_sworddance""]","[{""tick"":0,""evolutionId"":""core:sowing_sworddance"",""baseId"":""core:iron_blade""},{""tick"":2933,""evolutionId"":""core:sheltered_sowing"",""baseId"":""core:seed_bag""}]","{""core:carpenter_hammer"":{""building"":28},""core:hedge_drum"":{""building"":143,""people"":47},""core:muster_horn"":{""people"":59},""core:seed_bag"":{""land"":155}}","raw/weapon__A__63.results.json","215e5a846a74f876f2833a11635bafd0bc774f76483d77d929c78e16666c3bf1","raw/weapon__A__63.metrics.json","8e3ccbd4ad337b63fbfd076d5842439b7a1ac75c1a5fe8580cb67ba4508b629d"
"weapon__A__64","weapon","A","64","3","21600","true","duration","","102","3","F5BB029F47115D63299EC07CA8B85C1F139F662A9F7F077AE437FF541F12C86A","20793","160117","142054","420","24","49012","29925","0","300","20696","4784","1995","0","0","0","59","1","[""core:ember_wand"",""core:harvest_scythe"",""core:iron_blade"",""core:ward_orbit"",""core:muster_horn"",""core:seed_bag""]","[""core:guarded_harvest"",""core:meal_oath"",""core:rally_boundary""]","{""core:guarded_harvest"":19,""core:meal_oath"":4,""core:rally_boundary"":10}","{""core:levy_bread_wrap"":5,""core:meadow_buckle"":3,""core:muster_roll"":3,""core:return_path_knot"":1,""core:root_binding_cord"":4,""core:seed_pouch_lining"":2,""core:wind_seed_flag"":6}","[""core:sowing_sworddance""]","[{""tick"":0,""evolutionId"":""core:sowing_sworddance"",""baseId"":""core:iron_blade""}]","{""core:muster_horn"":{""people"":59},""core:seed_bag"":{""land"":252}}","raw/weapon__A__64.results.json","04cd957a5266af9f7971e923cf22f35b72902bdf814af9f05735588cc42f5f31","raw/weapon__A__64.metrics.json","2568cb30c1accd60940631aa36fcd4cd5af13ae3382cb65093b5af7c5befa763"
"weapon__A__65","weapon","A","65","3","21600","true","duration","","101","3","94FBEC630932D00488B86F02E48EB5645E2843A4C97737459028C389FD9ED9D0","20593","141320","157975","464","375","48862","28710","0","294","20879","4858","1914","0","0","0","59","1","[""core:ember_wand"",""core:harvest_scythe"",""core:iron_blade"",""core:ward_orbit"",""core:muster_horn"",""core:seed_bag""]","[""core:guarded_harvest"",""core:meal_oath"",""core:rally_boundary""]","{""core:guarded_harvest"":29,""core:meal_oath"":9,""core:rally_boundary"":6}","{""core:levy_bread_wrap"":5,""core:meadow_buckle"":4,""core:muster_roll"":4,""core:return_path_knot"":5,""core:root_binding_cord"":1,""core:seed_pouch_lining"":3,""core:wind_seed_flag"":2}","[""core:sowing_sworddance""]","[{""tick"":0,""evolutionId"":""core:sowing_sworddance"",""baseId"":""core:iron_blade""}]","{""core:muster_horn"":{""people"":59},""core:seed_bag"":{""land"":257}}","raw/weapon__A__65.results.json","edb85c4ea9a80ff8638b6fb735ddfbcfcc2d705507d1a728df14bb0a5a1cf410","raw/weapon__A__65.metrics.json","18baf5237d770df581864bc89e5170ce75a7cda2e2c0fc13f5f9d192e4e6588e"
"weapon__A__66","weapon","A","66","3","21600","true","duration","","83","3","B111A9EF99C9EAE8198EE6774F7D5FBE5482FF40FDD5F4034D581FDCCA2EBB59","13187","62129","53832","68930","8","30064","16290","6420","45","20674","2890","1086","0","0","0","59","1","[""core:ember_wand"",""core:harvest_scythe"",""core:iron_blade"",""core:ward_orbit"",""core:carpenter_hammer"",""core:hedge_drum"",""core:muster_horn"",""core:seed_bag""]","[""core:guarded_harvest"",""core:meal_oath"",""core:rally_boundary"",""core:repair_tithe""]","{""core:guarded_harvest"":19,""core:meal_oath"":5,""core:rally_boundary"":8,""core:repair_tithe"":5}","{""core:boundary_hinge"":2,""core:joiner_square"":3,""core:levy_bread_wrap"":1,""core:meadow_buckle"":3,""core:muster_roll"":2,""core:root_binding_cord"":3,""core:ruin_keystone"":5,""core:scaffold_step"":1,""core:seed_pouch_lining"":3,""core:wind_seed_flag"":1}","[""core:sheltered_sowing"",""core:sowing_sworddance""]","[{""tick"":0,""evolutionId"":""core:sowing_sworddance"",""baseId"":""core:iron_blade""},{""tick"":457,""evolutionId"":""core:sheltered_sowing"",""baseId"":""core:seed_bag""}]","{""core:carpenter_hammer"":{""building"":79},""core:hedge_drum"":{""building"":23},""core:muster_horn"":{""people"":59},""core:seed_bag"":{""land"":150}}","raw/weapon__A__66.results.json","84315def2310e8d78f8ea4cf6ffc724f514a8faa20ddfae113f122b65ce809c9","raw/weapon__A__66.metrics.json","f8718d181f6134a0466c8676828c35dbf297afcf4849bb1536dbb68ae03d1579"
"weapon__A__67","weapon","A","67","3","21600","true","duration","","112","3","D01D646061CBF5B5D449B4C94B01C6FE761DCDC5C8F1F9FEC802AF0D105DF115","20684","140342","103122","80350","61","52482","36255","6612","298","21135","5080","2417","14","14","0","59","1","[""core:ember_wand"",""core:harvest_scythe"",""core:iron_blade"",""core:ward_orbit"",""core:carpenter_hammer"",""core:hedge_drum"",""core:muster_horn"",""core:seed_bag""]","[""core:guarded_harvest"",""core:meal_oath"",""core:rally_boundary"",""core:repair_tithe""]","{""core:guarded_harvest"":19,""core:meal_oath"":7,""core:rally_boundary"":8,""core:repair_tithe"":1}","{""core:boundary_hinge"":3,""core:joiner_square"":1,""core:levy_bread_wrap"":4,""core:meadow_buckle"":2,""core:muster_roll"":1,""core:return_path_knot"":2,""core:root_binding_cord"":3,""core:ruin_keystone"":3,""core:scaffold_step"":1,""core:seed_pouch_lining"":2,""core:wind_seed_flag"":2}","[""core:sheltered_sowing"",""core:sowing_sworddance""]","[{""tick"":0,""evolutionId"":""core:sowing_sworddance"",""baseId"":""core:iron_blade""},{""tick"":1651,""evolutionId"":""core:sheltered_sowing"",""baseId"":""core:seed_bag""}]","{""core:carpenter_hammer"":{""building"":48},""core:hedge_drum"":{""building"":140,""people"":141},""core:muster_horn"":{""people"":59},""core:seed_bag"":{""land"":261}}","raw/weapon__A__67.results.json","ae772da1cf1c77ba4ddf557a353620c6a1b82292afc1275073ce41921bf96526","raw/weapon__A__67.metrics.json","2c345ea6645829057aa063829f4d6bcd2ba6090c7dda615ab56bf2b1ba9f706c"
"weapon__A__68","weapon","A","68","3","21600","true","duration","","104","3","CF0FD16495424425FFBC75A7E6E9EFF307FF77EEB7492CD25F4A21A626D9D2C5","19751","123422","107101","67056","0","48314","29400","4668","300","20517","4750","1960","12","12","0","59","1","[""core:ember_wand"",""core:harvest_scythe"",""core:iron_blade"",""core:ward_orbit"",""core:hedge_drum"",""core:muster_horn"",""core:seed_bag""]","[""core:guarded_harvest"",""core:meal_oath"",""core:rally_boundary"",""core:repair_tithe""]","{""core:guarded_harvest"":16,""core:meal_oath"":12,""core:rally_boundary"":8,""core:repair_tithe"":4}","{""core:boundary_hinge"":1,""core:joiner_square"":1,""core:levy_bread_wrap"":1,""core:meadow_buckle"":6,""core:muster_roll"":3,""core:return_path_knot"":2,""core:root_binding_cord"":3,""core:scaffold_step"":1,""core:seed_pouch_lining"":4,""core:wind_seed_flag"":1}","[""core:sowing_sworddance""]","[{""tick"":0,""evolutionId"":""core:sowing_sworddance"",""baseId"":""core:iron_blade""}]","{""core:hedge_drum"":{""building"":41},""core:muster_horn"":{""people"":59},""core:seed_bag"":{""land"":270}}","raw/weapon__A__68.results.json","2916e23b1fa5abbb961c4b4f852b838c63c093d472cdddfbde7d8ff6ad2cc5a2","raw/weapon__A__68.metrics.json","28de45dcce975af46617e59e942512cc8562a48ccd027b90e7ec65c3ca99edf6"
"weapon__A__69","weapon","A","69","3","21600","true","duration","","95","3","EA95B9EB06F0B5A0029B22F9A023430B7691DA277259BC44C6DD5BB037D58EEF","15385","101054","50611","72263","1074","36752","25950","6276","193","20550","3640","1730","11","11","0","59","1","[""core:ember_wand"",""core:harvest_scythe"",""core:iron_blade"",""core:ward_orbit"",""core:carpenter_hammer"",""core:hedge_drum"",""core:muster_horn"",""core:seed_bag""]","[""core:guarded_harvest"",""core:meal_oath"",""core:rally_boundary"",""core:repair_tithe""]","{""core:guarded_harvest"":9,""core:meal_oath"":4,""core:rally_boundary"":5,""core:repair_tithe"":2}","{""core:boundary_hinge"":3,""core:joiner_square"":2,""core:meadow_buckle"":2,""core:muster_roll"":1,""core:return_path_knot"":1,""core:root_binding_cord"":3,""core:ruin_keystone"":2,""core:scaffold_step"":1,""core:seed_pouch_lining"":3,""core:shock_absorber_pad"":1,""core:wind_seed_flag"":5}","[""core:sheltered_sowing"",""core:sowing_sworddance""]","[{""tick"":0,""evolutionId"":""core:sowing_sworddance"",""baseId"":""core:iron_blade""},{""tick"":2509,""evolutionId"":""core:sheltered_sowing"",""baseId"":""core:seed_bag""}]","{""core:carpenter_hammer"":{""building"":115},""core:hedge_drum"":{""building"":13},""core:muster_horn"":{""people"":59},""core:seed_bag"":{""land"":179}}","raw/weapon__A__69.results.json","02485cf022b0d283294d5032f970706ee9f417ee91749c7a4b6a0f3748d8e3a2","raw/weapon__A__69.metrics.json","140f8d8545fe87a1916846436a0a268505966158479ddd3b66813a47ce848294"
"weapon__A__70","weapon","A","70","3","21600","true","duration","","85","3","3A3AE9339E7BFD3A84EBD54764F50E8FB16E9925AAF83BBD64AF1962C3648A2B","14591","89334","81901","35539","151","33568","19080","2760","201","20745","3323","1272","14","13","0","59","1","[""core:ember_wand"",""core:harvest_scythe"",""core:iron_blade"",""core:ward_orbit"",""core:hedge_drum"",""core:muster_horn"",""core:seed_bag""]","[""core:guarded_harvest"",""core:meal_oath"",""core:rally_boundary""]","{""core:guarded_harvest"":20,""core:meal_oath"":3,""core:rally_boundary"":10}","{""core:joiner_square"":2,""core:levy_bread_wrap"":2,""core:meadow_buckle"":4,""core:muster_roll"":3,""core:return_path_knot"":1,""core:root_binding_cord"":4,""core:seed_pouch_lining"":5,""core:wind_seed_flag"":3}","[""core:sowing_sworddance""]","[{""tick"":0,""evolutionId"":""core:sowing_sworddance"",""baseId"":""core:iron_blade""}]","{""core:hedge_drum"":{""building"":194},""core:muster_horn"":{""people"":59},""core:seed_bag"":{""land"":190}}","raw/weapon__A__70.results.json","224c72367e2ae5b9863ca7bc428c700a1cdfeeb260ef41d9ffc57fbc13621c56","raw/weapon__A__70.metrics.json","bcb5824498f568f36d0fdb78de8aeb63381c2c65d088d11c798170eefd4cd755"
"weapon__A__71","weapon","A","71","3","21600","true","duration","","85","3","F62C6B202F56BC703643BB1F08AA7D0A190401183DBDBBBD17062A7C42A57DA8","15375","93072","124524","129","0","35400","20550","0","69","20666","3476","1370","0","0","0","59","1","[""core:ember_wand"",""core:harvest_scythe"",""core:iron_blade"",""core:ward_orbit"",""core:muster_horn"",""core:seed_bag""]","[""core:guarded_harvest"",""core:meal_oath"",""core:rally_boundary""]","{""core:guarded_harvest"":21,""core:meal_oath"":9,""core:rally_boundary"":4}","{""core:levy_bread_wrap"":4,""core:meadow_buckle"":7,""core:muster_roll"":3,""core:return_path_knot"":2,""core:root_binding_cord"":7,""core:seed_pouch_lining"":1}","[""core:sowing_sworddance""]","[{""tick"":0,""evolutionId"":""core:sowing_sworddance"",""baseId"":""core:iron_blade""}]","{""core:muster_horn"":{""people"":59},""core:seed_bag"":{""land"":176}}","raw/weapon__A__71.results.json","ec21e5755e23282540d14d4a5d80bdee5baeff69e69ef15d8e2d4c35f6e4ce19","raw/weapon__A__71.metrics.json","a49b9d5b2b170367eaf63e738399521f4ede02ab06e87262a96f8f4ad8bf4949"
"weapon__A__72","weapon","A","72","3","21600","true","duration","","98","3","BA3EBE9EA094EB1EEA8BA774F18F43820784E0589BB33025EDAF8A553C5BD7C3","20772","140832","149029","714","717","47364","25635","0","282","20834","4711","1709","0","0","0","59","1","[""core:ember_wand"",""core:harvest_scythe"",""core:iron_blade"",""core:ward_orbit"",""core:muster_horn"",""core:seed_bag""]","[""core:guarded_harvest"",""core:meal_oath"",""core:rally_boundary""]","{""core:guarded_harvest"":24,""core:meal_oath"":10,""core:rally_boundary"":7}","{""core:levy_bread_wrap"":2,""core:meadow_buckle"":1,""core:muster_roll"":3,""core:return_path_knot"":5,""core:root_binding_cord"":3,""core:seed_pouch_lining"":3,""core:wind_seed_flag"":7}","[""core:sowing_sworddance""]","[{""tick"":0,""evolutionId"":""core:sowing_sworddance"",""baseId"":""core:iron_blade""}]","{""core:muster_horn"":{""people"":59},""core:seed_bag"":{""land"":178}}","raw/weapon__A__72.results.json","9fb73114819b653e2bf5bc24cd24d44bb73a3bf012402bf0e561eda3b647115d","raw/weapon__A__72.metrics.json","fe742f005db356236991d11e9100c42c7d9065beba19cce0439426c1ee902280"
"weapon__A__73","weapon","A","73","3","21600","true","duration","","110","3","B7C5E0299E6436B50FC0C414AFCEB33392F657308CD108B0394C4F99E841DB8A","19394","130370","115677","71416","159","51678","33435","6888","300","20415","5032","2229","6","6","0","59","1","[""core:ember_wand"",""core:harvest_scythe"",""core:iron_blade"",""core:ward_orbit"",""core:hedge_drum"",""core:muster_horn"",""core:seed_bag""]","[""core:guarded_harvest"",""core:meal_oath"",""core:rally_boundary"",""core:repair_tithe""]","{""core:guarded_harvest"":22,""core:meal_oath"":4,""core:rally_boundary"":4,""core:repair_tithe"":5}","{""core:boundary_hinge"":4,""core:joiner_square"":3,""core:levy_bread_wrap"":3,""core:meadow_buckle"":3,""core:muster_roll"":1,""core:return_path_knot"":6,""core:root_binding_cord"":3,""core:wind_seed_flag"":1}","[""core:sowing_sworddance""]","[{""tick"":0,""evolutionId"":""core:sowing_sworddance"",""baseId"":""core:iron_blade""}]","{""core:hedge_drum"":{""building"":66,""people"":57},""core:muster_horn"":{""people"":59},""core:seed_bag"":{""land"":300}}","raw/weapon__A__73.results.json","393e9f8aac0dbc198ed5eda8f12b4b3d591923272a4c8a8bd78504ed2b0dd13f","raw/weapon__A__73.metrics.json","124b14c10b00c53c705586a3771ec1892f55720cf81616a99773ae71cd6956d8"
"weapon__B__42","weapon","B","42","3","21600","true","duration","","152","3","A0879C8411F48B51B3C078C234D9F32CB5FC23CC4C58EA06ADE0DC5CE505A0F7","22387","318331","64428","1998","641","62708","112845","0","298","20926","6129","7523","0","0","59","0","1","[""core:ember_wand"",""core:harvest_scythe"",""core:iron_blade"",""core:ward_orbit"",""core:muster_horn"",""core:seed_bag""]","[""core:guarded_harvest"",""core:meal_oath"",""core:rally_boundary"",""core:repair_tithe""]","{""core:guarded_harvest"":28,""core:meal_oath"":12,""core:rally_boundary"":23,""core:repair_tithe"":1}","{""core:levy_bread_wrap"":5,""core:meadow_buckle"":2,""core:muster_roll"":2,""core:return_path_knot"":5,""core:root_binding_cord"":3,""core:seed_pouch_lining"":4,""core:wind_seed_flag"":3}","[""core:sowing_sworddance""]","[{""tick"":0,""evolutionId"":""core:sowing_sworddance"",""baseId"":""core:iron_blade""}]","{""core:muster_horn"":{""people"":608},""core:seed_bag"":{""land"":233}}","raw/weapon__B__42.results.json","31b9f8674a5a0d5590a2413481015c6a4d0f1c8ebc92ca8eb1f5e85cb9a25174","raw/weapon__B__42.metrics.json","72ec06582a64039ffa8a96a52fa8a0101df77ba9c229127ed513e3c2a62e7ee4"
"weapon__B__43","weapon","B","43","3","21600","true","duration","","151","3","CB28ED3EB0FFF856A926D08CABCDA5D42C8BF9361D0214919C1F304C7A07F3E7","22156","301750","82594","1912","347","62980","111165","0","300","20192","6148","7411","0","0","59","0","1","[""core:ember_wand"",""core:harvest_scythe"",""core:iron_blade"",""core:ward_orbit"",""core:muster_horn"",""core:seed_bag""]","[""core:guarded_harvest"",""core:meal_oath"",""core:rally_boundary""]","{""core:guarded_harvest"":29,""core:meal_oath"":17,""core:rally_boundary"":16}","{""core:levy_bread_wrap"":3,""core:meadow_buckle"":2,""core:muster_roll"":3,""core:return_path_knot"":5,""core:root_binding_cord"":2,""core:seed_pouch_lining"":5,""core:wind_seed_flag"":4}","[""core:sowing_sworddance""]","[{""tick"":0,""evolutionId"":""core:sowing_sworddance"",""baseId"":""core:iron_blade""}]","{""core:muster_horn"":{""people"":514},""core:seed_bag"":{""land"":244}}","raw/weapon__B__43.results.json","9e54585d16c440f59985f2c503a5316be3125fdd039850c6d39b01e7c1b9c9c2","raw/weapon__B__43.metrics.json","246a0022554bd66778fae6a1cc86eb3cd768713947ad08a655675d7144e28310"
"weapon__B__44","weapon","B","44","3","21600","true","duration","","139","3","71B10BD8ABC3828BF7FBF52539E8C58D751813A38AFF0FF8A7E4428FD2FF24F2","21557","281816","83540","2013","1747","60160","87015","0","298","21020","5908","5801","0","0","59","0","1","[""core:ember_wand"",""core:harvest_scythe"",""core:iron_blade"",""core:ward_orbit"",""core:muster_horn"",""core:seed_bag""]","[""core:guarded_harvest"",""core:meal_oath"",""core:rally_boundary"",""core:repair_tithe""]","{""core:guarded_harvest"":32,""core:meal_oath"":9,""core:rally_boundary"":19,""core:repair_tithe"":2}","{""core:levy_bread_wrap"":4,""core:meadow_buckle"":3,""core:muster_roll"":3,""core:return_path_knot"":4,""core:root_binding_cord"":4,""core:seed_pouch_lining"":4,""core:wind_seed_flag"":2}","[""core:sowing_sworddance""]","[{""tick"":0,""evolutionId"":""core:sowing_sworddance"",""baseId"":""core:iron_blade""}]","{""core:muster_horn"":{""people"":577},""core:seed_bag"":{""land"":228}}","raw/weapon__B__44.results.json","5697b61028e7162694860f714e33fc1fc64cb3899d4b7fba53d04dada4d331b0","raw/weapon__B__44.metrics.json","4f3c9c365511f8f8184f1496912cfd1b1392bdc9b9edcb48417dc745ee220f20"
"weapon__B__45","weapon","B","45","3","21600","true","duration","","152","3","076304504CB324A5A08F076B6DA771839F05BBB97650AF052B6FB37173AC40F1","21964","225318","87251","70285","181","62156","106785","7116","300","20536","6012","7119","2","2","47","0","1","[""core:ember_wand"",""core:harvest_scythe"",""core:iron_blade"",""core:ward_orbit"",""core:carpenter_hammer"",""core:hedge_drum"",""core:muster_horn"",""core:seed_bag""]","[""core:guarded_harvest"",""core:meal_oath"",""core:rally_boundary"",""core:repair_tithe""]","{""core:guarded_harvest"":19,""core:meal_oath"":20,""core:rally_boundary"":13,""core:repair_tithe"":1}","{""core:boundary_hinge"":1,""core:joiner_square"":1,""core:levy_bread_wrap"":3,""core:meadow_buckle"":1,""core:muster_roll"":1,""core:root_binding_cord"":3,""core:ruin_keystone"":2,""core:scaffold_step"":1,""core:seed_pouch_lining"":3,""core:shock_absorber_pad"":4,""core:wind_seed_flag"":4}","[""core:sheltered_sowing"",""core:sowing_sworddance""]","[{""tick"":0,""evolutionId"":""core:sowing_sworddance"",""baseId"":""core:iron_blade""},{""tick"":1471,""evolutionId"":""core:sheltered_sowing"",""baseId"":""core:seed_bag""}]","{""core:carpenter_hammer"":{""building"":68},""core:hedge_drum"":{""building"":32,""people"":464},""core:muster_horn"":{""people"":293},""core:seed_bag"":{""land"":208}}","raw/weapon__B__45.results.json","5e00c7787fc849b91ded211184b1dd8fc01da0be9d5c7c618c51178c5357f243","raw/weapon__B__45.metrics.json","04a4f9860afbb31e05b47a96dd361cd0aa45404125418f8f2b9b6c3f898065a8"
"weapon__B__46","weapon","B","46","3","21600","true","duration","","155","3","31355C2848D735DBF37D64C74485099B409C2A374CD7F10097B4F6CF6DC2BC42","22051","302158","78156","2873","625","62522","120375","0","300","20448","6105","8025","0","0","59","0","1","[""core:ember_wand"",""core:harvest_scythe"",""core:iron_blade"",""core:ward_orbit"",""core:muster_horn"",""core:seed_bag""]","[""core:guarded_harvest"",""core:meal_oath"",""core:rally_boundary""]","{""core:guarded_harvest"":21,""core:meal_oath"":20,""core:rally_boundary"":27}","{""core:levy_bread_wrap"":5,""core:meadow_buckle"":6,""core:muster_roll"":1,""core:return_path_knot"":1,""core:root_binding_cord"":2,""core:seed_pouch_lining"":5,""core:wind_seed_flag"":4}","[""core:sowing_sworddance""]","[{""tick"":0,""evolutionId"":""core:sowing_sworddance"",""baseId"":""core:iron_blade""}]","{""core:muster_horn"":{""people"":279},""core:seed_bag"":{""land"":218}}","raw/weapon__B__46.results.json","46126f7ee9248d177a0bda872ace82764c91f7f09a4f7b9ff6d27fadfe668aa5","raw/weapon__B__46.metrics.json","0e6ab6d48b20a786aab7973dded7dcaf7a48e1303e1ed4465c5c0f9fb1bec4ee"
"weapon__B__47","weapon","B","47","3","21600","true","duration","","118","3","6AD6A0923F234152FD6F157364019CD629A5043EA839EEFB302930E108F7B625","18728","178780","64482","66061","155","50366","48930","6708","298","20536","4975","3262","1","1","43","0","1","[""core:ember_wand"",""core:harvest_scythe"",""core:iron_blade"",""core:ward_orbit"",""core:carpenter_hammer"",""core:hedge_drum"",""core:muster_horn"",""core:seed_bag""]","[""core:guarded_harvest"",""core:meal_oath"",""core:rally_boundary"",""core:repair_tithe""]","{""core:guarded_harvest"":20,""core:meal_oath"":12,""core:rally_boundary"":10,""core:repair_tithe"":1}","{""core:boundary_hinge"":2,""core:joiner_square"":2,""core:levy_bread_wrap"":3,""core:meadow_buckle"":1,""core:muster_roll"":3,""core:return_path_knot"":2,""core:root_binding_cord"":2,""core:ruin_keystone"":2,""core:scaffold_step"":1,""core:seed_pouch_lining"":4,""core:shock_absorber_pad"":2}","[""core:sheltered_sowing"",""core:sowing_sworddance""]","[{""tick"":0,""evolutionId"":""core:sowing_sworddance"",""baseId"":""core:iron_blade""},{""tick"":2612,""evolutionId"":""core:sheltered_sowing"",""baseId"":""core:seed_bag""}]","{""core:carpenter_hammer"":{""building"":40},""core:hedge_drum"":{""building"":120,""people"":541},""core:muster_horn"":{""people"":405},""core:seed_bag"":{""land"":103}}","raw/weapon__B__47.results.json","ae8e6249ac1afdbfdd5df570419e32b933542198c066668fddd8a7e5b50d888c","raw/weapon__B__47.metrics.json","b8f86439c3dbb6e2ddfaf7e8add835625f2f45b2028b097cfd31a33b869225b3"
"weapon__B__48","weapon","B","48","3","21600","true","duration","","149","3","5CAC078FCB8988B15AC11B92E49B671734EFF010641F7966A3D88BA5D6C601AF","22947","321527","65135","2048","813","63468","105090","0","300","20436","6219","7006","0","0","59","0","1","[""core:ember_wand"",""core:harvest_scythe"",""core:iron_blade"",""core:ward_orbit"",""core:muster_horn"",""core:seed_bag""]","[""core:guarded_harvest"",""core:meal_oath"",""core:rally_boundary""]","{""core:guarded_harvest"":30,""core:meal_oath"":14,""core:rally_boundary"":20}","{""core:levy_bread_wrap"":3,""core:meadow_buckle"":2,""core:muster_roll"":5,""core:return_path_knot"":3,""core:root_binding_cord"":2,""core:seed_pouch_lining"":3,""core:wind_seed_flag"":6}","[""core:sowing_sworddance""]","[{""tick"":0,""evolutionId"":""core:sowing_sworddance"",""baseId"":""core:iron_blade""}]","{""core:muster_horn"":{""people"":329},""core:seed_bag"":{""land"":257}}","raw/weapon__B__48.results.json","5d1cc86a92c807bf165081dae7a83ae0a39697b59b66745b1c7b20c46497461a","raw/weapon__B__48.metrics.json","a7b997a19e0e590deda698817b5eaefda556776980d64602be734d3dd2e888f3"
"weapon__B__49","weapon","B","49","3","21600","true","duration","","139","3","1B17E0A86A63C785A8A1F6F945D32E87147177BA84F41F9FF1C69892AF07B81F","21786","278529","89779","4838","307","60864","85920","0","300","20741","5990","5728","0","0","59","0","1","[""core:ember_wand"",""core:harvest_scythe"",""core:iron_blade"",""core:ward_orbit"",""core:muster_horn"",""core:seed_bag""]","[""core:guarded_harvest"",""core:meal_oath"",""core:rally_boundary""]","{""core:guarded_harvest"":13,""core:meal_oath"":13,""core:rally_boundary"":10}","{""core:levy_bread_wrap"":1,""core:meadow_buckle"":2,""core:muster_roll"":3,""core:return_path_knot"":4,""core:root_binding_cord"":6,""core:seed_pouch_lining"":6,""core:wind_seed_flag"":2}","[""core:sowing_sworddance""]","[{""tick"":0,""evolutionId"":""core:sowing_sworddance"",""baseId"":""core:iron_blade""}]","{""core:muster_horn"":{""people"":705},""core:seed_bag"":{""land"":238}}","raw/weapon__B__49.results.json","fcbdd571616c05c932bffa48d0ee18f1fd01b3fa2f139b84c301ab1d38d3eb6b","raw/weapon__B__49.metrics.json","ffb968f01bb54e3bc5f71e4fc27cb8b0891fb067ae2074bb4b23c3e040cab8e2"
"weapon__B__50","weapon","B","50","3","21600","true","duration","","123","3","3DD8E1781BAE9B6A81EA2E49A62709D9A99434084DA44E7D3F8AF86E39A048E1","20240","237364","94199","2667","2758","54946","61155","0","300","20963","5383","4077","0","0","59","0","1","[""core:ember_wand"",""core:harvest_scythe"",""core:iron_blade"",""core:ward_orbit"",""core:muster_horn"",""core:seed_bag""]","[""core:guarded_harvest"",""core:meal_oath"",""core:rally_boundary""]","{""core:guarded_harvest"":27,""core:meal_oath"":12,""core:rally_boundary"":7}","{""core:levy_bread_wrap"":3,""core:meadow_buckle"":5,""core:muster_roll"":3,""core:return_path_knot"":2,""core:root_binding_cord"":2,""core:seed_pouch_lining"":6,""core:wind_seed_flag"":3}","[""core:sowing_sworddance""]","[{""tick"":0,""evolutionId"":""core:sowing_sworddance"",""baseId"":""core:iron_blade""}]","{""core:muster_horn"":{""people"":658},""core:seed_bag"":{""land"":178}}","raw/weapon__B__50.results.json","db3a62e25ece7f08cd805b338e1065f7166d03bac5ae3d8b37ed13c4cc32dfa1","raw/weapon__B__50.metrics.json","0f250c4bb720ea738589b2411d36285df323172be68a56a1027f51c253759444"
"weapon__B__51","weapon","B","51","3","21600","true","duration","","149","3","CD39112E90381AE75576365736792CE2329F4CF7E8378DDF4705489921160C0A","21801","287840","82138","1064","2822","60674","108030","0","298","20565","5934","7202","0","0","59","0","1","[""core:ember_wand"",""core:harvest_scythe"",""core:iron_blade"",""core:ward_orbit"",""core:muster_horn"",""core:seed_bag""]","[""core:guarded_harvest"",""core:meal_oath"",""core:rally_boundary"",""core:repair_tithe""]","{""core:guarded_harvest"":38,""core:meal_oath"":12,""core:rally_boundary"":27,""core:repair_tithe"":2}","{""core:levy_bread_wrap"":4,""core:meadow_buckle"":7,""core:muster_roll"":2,""core:return_path_knot"":3,""core:root_binding_cord"":1,""core:seed_pouch_lining"":4,""core:wind_seed_flag"":3}","[""core:sowing_sworddance""]","[{""tick"":0,""evolutionId"":""core:sowing_sworddance"",""baseId"":""core:iron_blade""}]","{""core:muster_horn"":{""people"":493},""core:seed_bag"":{""land"":206}}","raw/weapon__B__51.results.json","5568555d8bc48adfa95998fe670f09aa2a8e7b870221839400e7015ae24c644a","raw/weapon__B__51.metrics.json","b99f4442bdff52827a0019349353d9702038324d178bb0ad155de45f70296142"
"weapon__B__52","weapon","B","52","3","21600","true","duration","","151","3","708B1EC0C9655894E3BE367FFCE169612815ABF529C045485674C6378A62881E","21655","311431","69569","3023","3055","62892","111330","0","300","20798","6070","7422","0","0","59","0","1","[""core:ember_wand"",""core:harvest_scythe"",""core:iron_blade"",""core:ward_orbit"",""core:muster_horn"",""core:seed_bag""]","[""core:guarded_harvest"",""core:meal_oath"",""core:rally_boundary""]","{""core:guarded_harvest"":24,""core:meal_oath"":17,""core:rally_boundary"":13}","{""core:levy_bread_wrap"":2,""core:meadow_buckle"":3,""core:muster_roll"":4,""core:return_path_knot"":3,""core:root_binding_cord"":7,""core:seed_pouch_lining"":3,""core:wind_seed_flag"":2}","[""core:sowing_sworddance""]","[{""tick"":0,""evolutionId"":""core:sowing_sworddance"",""baseId"":""core:iron_blade""}]","{""core:muster_horn"":{""people"":196},""core:seed_bag"":{""land"":240}}","raw/weapon__B__52.results.json","815872b4a8428775a7dde8846b186845aca007cad3fac039381dbe23dcc03c46","raw/weapon__B__52.metrics.json","03f580ec31c1384c03dc5f4c607042d7146a6e6f87ba4f5ef27c26a99cfeaa34"
"weapon__B__53","weapon","B","53","3","21600","true","duration","","152","3","DF6AD067330A8FCA75DBD5DB274122AA24CC4E242D67A08410C7BFBE17C2FA40","21905","239605","72431","68694","57","61976","107415","6996","298","21054","6021","7161","0","0","49","0","1","[""core:ember_wand"",""core:harvest_scythe"",""core:iron_blade"",""core:ward_orbit"",""core:carpenter_hammer"",""core:hedge_drum"",""core:muster_horn"",""core:seed_bag""]","[""core:guarded_harvest"",""core:meal_oath"",""core:rally_boundary"",""core:repair_tithe""]","{""core:guarded_harvest"":21,""core:meal_oath"":22,""core:rally_boundary"":21,""core:repair_tithe"":6}","{""core:joiner_square"":2,""core:levy_bread_wrap"":5,""core:meadow_buckle"":3,""core:return_path_knot"":3,""core:root_binding_cord"":2,""core:ruin_keystone"":1,""core:seed_pouch_lining"":2,""core:shock_absorber_pad"":3,""core:wind_seed_flag"":3}","[""core:sheltered_sowing"",""core:sowing_sworddance""]","[{""tick"":0,""evolutionId"":""core:sowing_sworddance"",""baseId"":""core:iron_blade""},{""tick"":457,""evolutionId"":""core:sheltered_sowing"",""baseId"":""core:seed_bag""}]","{""core:carpenter_hammer"":{""building"":51},""core:hedge_drum"":{""people"":472},""core:muster_horn"":{""people"":198},""core:seed_bag"":{""land"":208}}","raw/weapon__B__53.results.json","cc8dea377f9972a2b6125426c5ec178f2c0e64bc4eeab04d114fda03d2c7a182","raw/weapon__B__53.metrics.json","31d60fbf2efd145e08b7285a5e67ec5876c0393e83269bfef0c4b3f12023f557"
"weapon__B__54","weapon","B","54","3","21600","true","duration","","145","3","490FAE6C951B590E1491099F4D810C1777A023EFA9DA728DF081991BB007137C","21922","295134","80025","5484","919","61926","98070","0","300","20502","6014","6538","0","0","59","0","1","[""core:ember_wand"",""core:harvest_scythe"",""core:iron_blade"",""core:ward_orbit"",""core:muster_horn"",""core:seed_bag""]","[""core:guarded_harvest"",""core:meal_oath"",""core:rally_boundary""]","{""core:guarded_harvest"":23,""core:meal_oath"":24,""core:rally_boundary"":15}","{""core:levy_bread_wrap"":2,""core:meadow_buckle"":3,""core:muster_roll"":2,""core:return_path_knot"":3,""core:root_binding_cord"":4,""core:seed_pouch_lining"":4,""core:wind_seed_flag"":6}","[""core:sowing_sworddance""]","[{""tick"":0,""evolutionId"":""core:sowing_sworddance"",""baseId"":""core:iron_blade""}]","{""core:muster_horn"":{""people"":206},""core:seed_bag"":{""land"":226}}","raw/weapon__B__54.results.json","511be084f30ca4aaf9e48ed8a2e4d237b74754b8d72b503bd5c74f89fdb2c77b","raw/weapon__B__54.metrics.json","2c771541802954130d0bad479cfb446765581705953139c86752fe715b6ca677"
"weapon__B__55","weapon","B","55","3","21600","true","duration","","146","3","2A89BEF9B55483B0AA3DA38B9AF3B4C0E242F5CFB58BE4DFB457D458072A094F","21068","262580","96830","2991","1957","59244","103905","0","298","20371","5761","6927","0","0","59","0","1","[""core:ember_wand"",""core:harvest_scythe"",""core:iron_blade"",""core:ward_orbit"",""core:muster_horn"",""core:seed_bag""]","[""core:guarded_harvest"",""core:meal_oath"",""core:rally_boundary""]","{""core:guarded_harvest"":21,""core:meal_oath"":19,""core:rally_boundary"":10}","{""core:levy_bread_wrap"":3,""core:meadow_buckle"":1,""core:muster_roll"":4,""core:return_path_knot"":3,""core:root_binding_cord"":1,""core:seed_pouch_lining"":5,""core:wind_seed_flag"":7}","[""core:sowing_sworddance""]","[{""tick"":0,""evolutionId"":""core:sowing_sworddance"",""baseId"":""core:iron_blade""}]","{""core:muster_horn"":{""people"":319},""core:seed_bag"":{""land"":183}}","raw/weapon__B__55.results.json","efc1585598e49f980727ce7f0a911747867fd03a49ff3119fe928b7057a5a484","raw/weapon__B__55.metrics.json","14eaf24882bf6239e0cd7d96c9fc5638150f3e485be53f376f2836fe882c6272"
"weapon__B__56","weapon","B","56","3","21600","true","duration","","155","3","A77A5F85BC59D2A673D53BB7C1D2C53556772738CA4707954892E9797E14F9C7","22687","331352","57206","478","3773","64022","119430","0","298","20811","6229","7962","0","0","59","0","1","[""core:ember_wand"",""core:harvest_scythe"",""core:iron_blade"",""core:ward_orbit"",""core:muster_horn"",""core:seed_bag""]","[""core:guarded_harvest"",""core:meal_oath"",""core:rally_boundary""]","{""core:guarded_harvest"":27,""core:meal_oath"":26,""core:rally_boundary"":14}","{""core:levy_bread_wrap"":1,""core:meadow_buckle"":4,""core:return_path_knot"":4,""core:root_binding_cord"":3,""core:seed_pouch_lining"":5,""core:wind_seed_flag"":7}","[""core:sowing_sworddance""]","[{""tick"":0,""evolutionId"":""core:sowing_sworddance"",""baseId"":""core:iron_blade""}]","{""core:muster_horn"":{""people"":92},""core:seed_bag"":{""land"":241}}","raw/weapon__B__56.results.json","006251682bb70393af92e618504c142c41ccad6d8a9739d14330913bf65937a0","raw/weapon__B__56.metrics.json","45399214e3e06ddd935d76437551674e5c3836c4be7f079ca03baa45ec18e990"
"weapon__B__57","weapon","B","57","3","21600","true","duration","","158","3","C5ED4A2E4F0EA028C08F7BB0703BFA16FCD075C03484F67D2C9E35DE8A7B1037","21702","260551","62955","65227","234","63146","119040","6348","298","20869","6120","7936","0","0","50","0","1","[""core:ember_wand"",""core:harvest_scythe"",""core:iron_blade"",""core:ward_orbit"",""core:carpenter_hammer"",""core:hedge_drum"",""core:muster_horn"",""core:seed_bag""]","[""core:guarded_harvest"",""core:meal_oath"",""core:rally_boundary"",""core:repair_tithe""]","{""core:guarded_harvest"":16,""core:meal_oath"":15,""core:rally_boundary"":15,""core:repair_tithe"":2}","{""core:boundary_hinge"":1,""core:joiner_square"":6,""core:meadow_buckle"":3,""core:muster_roll"":3,""core:return_path_knot"":2,""core:root_binding_cord"":1,""core:scaffold_step"":1,""core:seed_pouch_lining"":2,""core:shock_absorber_pad"":2,""core:wind_seed_flag"":3}","[""core:sheltered_sowing"",""core:sowing_sworddance""]","[{""tick"":0,""evolutionId"":""core:sowing_sworddance"",""baseId"":""core:iron_blade""},{""tick"":856,""evolutionId"":""core:sheltered_sowing"",""baseId"":""core:seed_bag""}]","{""core:carpenter_hammer"":{""building"":45},""core:hedge_drum"":{""building"":2,""people"":489},""core:muster_horn"":{""people"":626},""core:seed_bag"":{""land"":249}}","raw/weapon__B__57.results.json","2e0b8676c65d25c5a4b2d0bd719a7b02f00bdaa75051e8e484c4687eee72860a","raw/weapon__B__57.metrics.json","e3dbaf3cd7daa1f06309f0a549c9a4212a484618764680f268e75490fb2a0c8d"
"weapon__B__58","weapon","B","58","3","21600","true","duration","","117","3","0BE654C2DBB0180365E0A639FECF32DC76634FB28EE5C1C691EDF4236966EAFB","20462","241803","89278","6837","1919","55110","49650","0","298","20512","5369","3310","0","0","59","0","1","[""core:ember_wand"",""core:harvest_scythe"",""core:iron_blade"",""core:ward_orbit"",""core:muster_horn"",""core:seed_bag""]","[""core:guarded_harvest"",""core:meal_oath"",""core:rally_boundary"",""core:repair_tithe""]","{""core:guarded_harvest"":22,""core:meal_oath"":17,""core:rally_boundary"":5,""core:repair_tithe"":3}","{""core:levy_bread_wrap"":3,""core:meadow_buckle"":4,""core:muster_roll"":7,""core:return_path_knot"":2,""core:root_binding_cord"":2,""core:seed_pouch_lining"":4,""core:wind_seed_flag"":2}","[""core:sowing_sworddance""]","[{""tick"":0,""evolutionId"":""core:sowing_sworddance"",""baseId"":""core:iron_blade""}]","{""core:muster_horn"":{""people"":632},""core:seed_bag"":{""land"":145}}","raw/weapon__B__58.results.json","ec382af6d196a493ab8abfe3e295281402600cc3ed57f520e042b24eac5f2699","raw/weapon__B__58.metrics.json","70b64a84ab57abfa6d0fb672a5dae65c48a1249a723642d4fd4eb7e2c4328113"
"weapon__B__59","weapon","B","59","3","21600","true","duration","","153","3","DBBAB1CAD99C5DC7A0636626EA3CC77F661517A83AF52A6CAB50B8C2E9A7D1FE","21932","287643","49412","56955","1378","64472","107880","5172","298","20932","6265","7192","3","3","50","0","1","[""core:ember_wand"",""core:harvest_scythe"",""core:iron_blade"",""core:ward_orbit"",""core:carpenter_hammer"",""core:hedge_drum"",""core:muster_horn"",""core:seed_bag""]","[""core:guarded_harvest"",""core:meal_oath"",""core:rally_boundary"",""core:repair_tithe""]","{""core:guarded_harvest"":32,""core:meal_oath"":26,""core:rally_boundary"":20,""core:repair_tithe"":2}","{""core:boundary_hinge"":2,""core:joiner_square"":2,""core:meadow_buckle"":6,""core:muster_roll"":1,""core:return_path_knot"":1,""core:root_binding_cord"":4,""core:ruin_keystone"":1,""core:scaffold_step"":1,""core:seed_pouch_lining"":2,""core:shock_absorber_pad"":3,""core:wind_seed_flag"":1}","[""core:sheltered_sowing"",""core:sowing_sworddance""]","[{""tick"":0,""evolutionId"":""core:sowing_sworddance"",""baseId"":""core:iron_blade""},{""tick"":2974,""evolutionId"":""core:sheltered_sowing"",""baseId"":""core:seed_bag""}]","{""core:carpenter_hammer"":{""building"":59},""core:hedge_drum"":{""people"":270},""core:muster_horn"":{""people"":240},""core:seed_bag"":{""land"":239}}","raw/weapon__B__59.results.json","8123d58e02792a35d504d5d1fe006cac62c0ac1bda03dcbcd3a09f090d0486f8","raw/weapon__B__59.metrics.json","adfd44797d6aa45b03da463948acde69f99fc88f5a8464b5d8497148059b2998"
"weapon__B__60","weapon","B","60","3","21600","true","duration","","142","3","78D364978C8C8FA5F2B2D7454B739C5DBDC476BF587CBFC4F4256C38294650FA","22090","255512","53143","69144","256","61580","84465","6324","298","20722","6017","5631","3","3","48","0","1","[""core:ember_wand"",""core:harvest_scythe"",""core:iron_blade"",""core:ward_orbit"",""core:carpenter_hammer"",""core:hedge_drum"",""core:muster_horn"",""core:seed_bag""]","[""core:guarded_harvest"",""core:meal_oath"",""core:rally_boundary"",""core:repair_tithe""]","{""core:guarded_harvest"":35,""core:meal_oath"":14,""core:rally_boundary"":14,""core:repair_tithe"":1}","{""core:boundary_hinge"":2,""core:joiner_square"":5,""core:levy_bread_wrap"":3,""core:meadow_buckle"":1,""core:muster_roll"":1,""core:return_path_knot"":4,""core:root_binding_cord"":1,""core:seed_pouch_lining"":2,""core:shock_absorber_pad"":3,""core:wind_seed_flag"":2}","[""core:sheltered_sowing"",""core:sowing_sworddance""]","[{""tick"":0,""evolutionId"":""core:sowing_sworddance"",""baseId"":""core:iron_blade""},{""tick"":566,""evolutionId"":""core:sheltered_sowing"",""baseId"":""core:seed_bag""}]","{""core:carpenter_hammer"":{""building"":135},""core:hedge_drum"":{""building"":18,""people"":330},""core:muster_horn"":{""people"":571},""core:seed_bag"":{""land"":248}}","raw/weapon__B__60.results.json","0443da5a59391c1b07c8e3598c158635669c1e8d3bd1637ec803600e6d8d3622","raw/weapon__B__60.metrics.json","db5df361cd2c4f9d35b49f80cf09db92dd29c79ec7d8b5ec816ea7171e46d8e7"
"weapon__B__61","weapon","B","61","3","21600","true","duration","","146","3","A63FD619AA973C9BC5C01192AC6DEAF6C98E73147232C5FDE18FD8A327D9227A","21879","289578","91664","2022","593","62464","99300","0","298","20812","6097","6620","0","0","59","0","1","[""core:ember_wand"",""core:harvest_scythe"",""core:iron_blade"",""core:ward_orbit"",""core:muster_horn"",""core:seed_bag""]","[""core:guarded_harvest"",""core:meal_oath"",""core:rally_boundary""]","{""core:guarded_harvest"":41,""core:meal_oath"":11,""core:rally_boundary"":12}","{""core:levy_bread_wrap"":5,""core:meadow_buckle"":1,""core:muster_roll"":1,""core:return_path_knot"":4,""core:root_binding_cord"":4,""core:seed_pouch_lining"":5,""core:wind_seed_flag"":4}","[""core:sowing_sworddance""]","[{""tick"":0,""evolutionId"":""core:sowing_sworddance"",""baseId"":""core:iron_blade""}]","{""core:muster_horn"":{""people"":668},""core:seed_bag"":{""land"":236}}","raw/weapon__B__61.results.json","c540eb4173c396c06b0d294fd95e6f5b9b726d1372cf0b00525b865128dfc928","raw/weapon__B__61.metrics.json","515d26e73e4ce26053ff006205f8764fd1f7187e030a3e032270c13187c7ced5"
"weapon__B__62","weapon","B","62","3","21600","true","duration","","153","3","FDC4459DFF48122B4CB4E8FFED84F8A4D91E2D7609ABB4B44DD8263401950BA0","21782","230725","82172","67323","392","61888","109170","7296","298","21147","6045","7278","1","1","47","0","1","[""core:ember_wand"",""core:harvest_scythe"",""core:iron_blade"",""core:ward_orbit"",""core:carpenter_hammer"",""core:hedge_drum"",""core:muster_horn"",""core:seed_bag""]","[""core:guarded_harvest"",""core:meal_oath"",""core:rally_boundary""]","{""core:guarded_harvest"":35,""core:meal_oath"":26,""core:rally_boundary"":11}","{""core:boundary_hinge"":1,""core:joiner_square"":3,""core:levy_bread_wrap"":2,""core:meadow_buckle"":1,""core:muster_roll"":1,""core:return_path_knot"":1,""core:ruin_keystone"":4,""core:seed_pouch_lining"":4,""core:shock_absorber_pad"":1,""core:wind_seed_flag"":6}","[""core:sheltered_sowing"",""core:sowing_sworddance""]","[{""tick"":0,""evolutionId"":""core:sowing_sworddance"",""baseId"":""core:iron_blade""},{""tick"":849,""evolutionId"":""core:sheltered_sowing"",""baseId"":""core:seed_bag""}]","{""core:carpenter_hammer"":{""building"":114},""core:hedge_drum"":{""building"":66,""people"":434},""core:muster_horn"":{""people"":287},""core:seed_bag"":{""land"":189}}","raw/weapon__B__62.results.json","7d9bedefd8b33e657dda9f454153395e8a46e98aebfdb3b66cc10dab41744422","raw/weapon__B__62.metrics.json","8552de791ce97394f3f387274904addce84ee4d19be9503601f8ef4514701297"
"weapon__B__63","weapon","B","63","3","21600","true","duration","","130","3","1739D33AC9E59BA0D45B7691F9DB11E50314DE07E99704B570CD473D2100CCD6","20364","216504","66948","66971","148","56968","65940","6516","298","20620","5542","4396","0","0","52","0","1","[""core:ember_wand"",""core:harvest_scythe"",""core:iron_blade"",""core:ward_orbit"",""core:carpenter_hammer"",""core:hedge_drum"",""core:muster_horn"",""core:seed_bag""]","[""core:guarded_harvest"",""core:meal_oath"",""core:rally_boundary""]","{""core:guarded_harvest"":22,""core:meal_oath"":17,""core:rally_boundary"":25}","{""core:joiner_square"":4,""core:levy_bread_wrap"":1,""core:meadow_buckle"":2,""core:muster_roll"":3,""core:return_path_knot"":2,""core:root_binding_cord"":1,""core:ruin_keystone"":2,""core:scaffold_step"":3,""core:seed_pouch_lining"":4,""core:shock_absorber_pad"":1,""core:wind_seed_flag"":1}","[""core:sheltered_sowing"",""core:sowing_sworddance""]","[{""tick"":0,""evolutionId"":""core:sowing_sworddance"",""baseId"":""core:iron_blade""},{""tick"":9505,""evolutionId"":""core:sheltered_sowing"",""baseId"":""core:seed_bag""}]","{""core:carpenter_hammer"":{""building"":2},""core:hedge_drum"":{""building"":143,""people"":552},""core:muster_horn"":{""people"":426},""core:seed_bag"":{""land"":163}}","raw/weapon__B__63.results.json","6e70505d7e1600a78893bbb42ec9b66ef4a56afb3586b0856ee66cf3dd3a61de","raw/weapon__B__63.metrics.json","6f7a95ab19bb0646b0aaef228474bab07c3394b749d04a971b487dfc872ec6bd"
"weapon__B__64","weapon","B","64","3","21600","true","duration","","150","3","12BF15D1B752367F04608E534999606F15D35849BC13EB5B14E3D580BC4CB564","22540","275785","83935","30558","416","63380","105225","3060","298","20356","6148","7015","10","8","59","0","1","[""core:ember_wand"",""core:harvest_scythe"",""core:iron_blade"",""core:ward_orbit"",""core:carpenter_hammer"",""core:muster_horn"",""core:seed_bag""]","[""core:guarded_harvest"",""core:meal_oath"",""core:rally_boundary""]","{""core:guarded_harvest"":19,""core:meal_oath"":23,""core:rally_boundary"":22}","{""core:boundary_hinge"":1,""core:levy_bread_wrap"":1,""core:meadow_buckle"":3,""core:muster_roll"":1,""core:return_path_knot"":5,""core:root_binding_cord"":3,""core:ruin_keystone"":3,""core:seed_pouch_lining"":2,""core:shock_absorber_pad"":1,""core:wind_seed_flag"":4}","[""core:sheltered_sowing"",""core:sowing_sworddance""]","[{""tick"":0,""evolutionId"":""core:sowing_sworddance"",""baseId"":""core:iron_blade""},{""tick"":12459,""evolutionId"":""core:sheltered_sowing"",""baseId"":""core:seed_bag""}]","{""core:carpenter_hammer"":{""building"":137},""core:muster_horn"":{""people"":178},""core:seed_bag"":{""land"":232}}","raw/weapon__B__64.results.json","8f3e62803fe6667ea29b61ccfc2d82a698c120685c9fd8ec29f5e38ef6a6a9f2","raw/weapon__B__64.metrics.json","56dfcdedc145d7823c9ce6aad45755c9d43fcfae58dc54f93fd92c639b513cb2"
"weapon__B__65","weapon","B","65","3","21600","true","duration","","148","3","2C08223653B5AB6DB92B0D4F71DB0BCF1A459166AF0C960016DEE29BB3F49E60","21964","244697","78565","59149","558","62392","99165","5808","298","20827","6100","6611","0","0","44","0","1","[""core:ember_wand"",""core:harvest_scythe"",""core:iron_blade"",""core:ward_orbit"",""core:hedge_drum"",""core:muster_horn"",""core:seed_bag""]","[""core:guarded_harvest"",""core:meal_oath"",""core:rally_boundary""]","{""core:guarded_harvest"":39,""core:meal_oath"":20,""core:rally_boundary"":15}","{""core:boundary_hinge"":2,""core:joiner_square"":5,""core:levy_bread_wrap"":2,""core:meadow_buckle"":3,""core:muster_roll"":1,""core:return_path_knot"":2,""core:root_binding_cord"":3,""core:scaffold_step"":1,""core:seed_pouch_lining"":5}","[""core:sowing_sworddance""]","[{""tick"":0,""evolutionId"":""core:sowing_sworddance"",""baseId"":""core:iron_blade""}]","{""core:hedge_drum"":{""building"":154,""people"":507},""core:muster_horn"":{""people"":308},""core:seed_bag"":{""land"":175}}","raw/weapon__B__65.results.json","9d5c315512ce4c26561578aa17c2862df23de3e76d9a9f3f1688348fde0b0fcc","raw/weapon__B__65.metrics.json","e68e33d55073c2492111bacd40a12e03e5895816a4a78a6386b184a18b093dd6"
"weapon__B__66","weapon","B","66","3","21600","true","duration","","150","3","A8AC41ECDB789E098BECA3708CE6770ED5C29AC500E2A955DD72A826D27F6B35","22266","267841","51722","65990","13","62830","102180","5928","296","20588","6146","6812","0","0","46","0","1","[""core:ember_wand"",""core:harvest_scythe"",""core:iron_blade"",""core:ward_orbit"",""core:carpenter_hammer"",""core:hedge_drum"",""core:muster_horn"",""core:seed_bag""]","[""core:guarded_harvest"",""core:meal_oath"",""core:rally_boundary"",""core:repair_tithe""]","{""core:guarded_harvest"":34,""core:meal_oath"":9,""core:rally_boundary"":19,""core:repair_tithe"":1}","{""core:boundary_hinge"":2,""core:joiner_square"":4,""core:levy_bread_wrap"":1,""core:meadow_buckle"":2,""core:muster_roll"":1,""core:return_path_knot"":3,""core:root_binding_cord"":2,""core:ruin_keystone"":1,""core:scaffold_step"":2,""core:seed_pouch_lining"":2,""core:shock_absorber_pad"":1,""core:wind_seed_flag"":3}","[""core:sheltered_sowing"",""core:sowing_sworddance""]","[{""tick"":0,""evolutionId"":""core:sowing_sworddance"",""baseId"":""core:iron_blade""},{""tick"":457,""evolutionId"":""core:sheltered_sowing"",""baseId"":""core:seed_bag""}]","{""core:carpenter_hammer"":{""building"":45},""core:hedge_drum"":{""building"":40,""people"":493},""core:muster_horn"":{""people"":693},""core:seed_bag"":{""land"":250}}","raw/weapon__B__66.results.json","b2dd2b48dc12c1548f42087a7fcb1094b40f28b7f9f436fa6019cee8908796b5","raw/weapon__B__66.metrics.json","fbeca47d495babaf023ad07baeb0a12212efcd6c58ab3624e52d32be4fea2b2b"
"weapon__B__67","weapon","B","67","3","21600","true","duration","","158","3","B4005B91084F14CCFBE8F1CAD24D01EF3B7197B94461F8E991FA70C55DE28955","22181","272996","58440","66998","69","64776","117585","6432","300","20777","6283","7839","3","2","45","0","1","[""core:ember_wand"",""core:harvest_scythe"",""core:iron_blade"",""core:ward_orbit"",""core:carpenter_hammer"",""core:hedge_drum"",""core:muster_horn"",""core:seed_bag""]","[""core:guarded_harvest"",""core:meal_oath"",""core:rally_boundary""]","{""core:guarded_harvest"":24,""core:meal_oath"":19,""core:rally_boundary"":25}","{""core:boundary_hinge"":1,""core:joiner_square"":5,""core:levy_bread_wrap"":3,""core:meadow_buckle"":1,""core:muster_roll"":2,""core:root_binding_cord"":5,""core:scaffold_step"":2,""core:seed_pouch_lining"":1,""core:shock_absorber_pad"":1,""core:wind_seed_flag"":3}","[""core:sheltered_sowing"",""core:sowing_sworddance""]","[{""tick"":0,""evolutionId"":""core:sowing_sworddance"",""baseId"":""core:iron_blade""},{""tick"":1651,""evolutionId"":""core:sheltered_sowing"",""baseId"":""core:seed_bag""}]","{""core:carpenter_hammer"":{""building"":40},""core:hedge_drum"":{""building"":126,""people"":561},""core:muster_horn"":{""people"":320},""core:seed_bag"":{""land"":262}}","raw/weapon__B__67.results.json","10b7f07abb63b4b66a7bc768650407e9b32dbd0f4f114d282ab6bb7528657dcd","raw/weapon__B__67.metrics.json","d28b63102aaa933158d108e7d71737a0d8e0f35d3748504ab263bd871e49b964"
"weapon__B__68","weapon","B","68","3","21600","true","duration","","147","3","64F88414FEE278838831C5713219F1A45FBE8F11481969B16E2BE9ABA448DB7C","22734","277775","97660","2007","2657","61856","103125","0","298","20209","6084","6875","0","0","59","0","1","[""core:ember_wand"",""core:harvest_scythe"",""core:iron_blade"",""core:ward_orbit"",""core:muster_horn"",""core:seed_bag""]","[""core:guarded_harvest"",""core:meal_oath"",""core:rally_boundary""]","{""core:guarded_harvest"":31,""core:meal_oath"":10,""core:rally_boundary"":24}","{""core:levy_bread_wrap"":1,""core:meadow_buckle"":3,""core:muster_roll"":1,""core:return_path_knot"":6,""core:root_binding_cord"":7,""core:seed_pouch_lining"":1,""core:wind_seed_flag"":5}","[""core:sowing_sworddance""]","[{""tick"":0,""evolutionId"":""core:sowing_sworddance"",""baseId"":""core:iron_blade""}]","{""core:muster_horn"":{""people"":549},""core:seed_bag"":{""land"":243}}","raw/weapon__B__68.results.json","d2f2fcc131e049ccbdae24681ce46ccccf503e44905a3d81698ad7a1b3f81726","raw/weapon__B__68.metrics.json","5706bcf815e95964f4cec1c5de74ee39221224a3f9895f5f17de2b10005e6363"
"weapon__B__69","weapon","B","69","3","21600","true","duration","","127","3","2641B0DF865F9C3561050D698B150EDECABC24962C6B92C7B95BD065B041F98D","21347","234210","45268","71375","1203","57230","59340","6432","296","20695","5567","3956","8","8","59","0","1","[""core:ember_wand"",""core:harvest_scythe"",""core:iron_blade"",""core:ward_orbit"",""core:carpenter_hammer"",""core:muster_horn"",""core:seed_bag""]","[""core:guarded_harvest"",""core:meal_oath"",""core:rally_boundary"",""core:repair_tithe""]","{""core:guarded_harvest"":20,""core:meal_oath"":10,""core:rally_boundary"":9,""core:repair_tithe"":2}","{""core:boundary_hinge"":1,""core:joiner_square"":4,""core:levy_bread_wrap"":1,""core:meadow_buckle"":2,""core:muster_roll"":1,""core:root_binding_cord"":3,""core:scaffold_step"":4,""core:seed_pouch_lining"":3,""core:shock_absorber_pad"":1,""core:wind_seed_flag"":4}","[""core:sheltered_sowing"",""core:sowing_sworddance""]","[{""tick"":0,""evolutionId"":""core:sowing_sworddance"",""baseId"":""core:iron_blade""},{""tick"":2509,""evolutionId"":""core:sheltered_sowing"",""baseId"":""core:seed_bag""}]","{""core:carpenter_hammer"":{""building"":103},""core:muster_horn"":{""people"":404},""core:seed_bag"":{""land"":184}}","raw/weapon__B__69.results.json","5311e01de7aa581d3eef30fc223ad7ff395018c4e8c12957404ea2f634f9db8e","raw/weapon__B__69.metrics.json","99580a704da6b0c8d1bf1b9ffb59f6d93111f4b59dd62203cea9634677b6d7d0"
"weapon__B__70","weapon","B","70","3","21600","true","duration","","137","3","7BA01B1E70785E3A360EE02B003FB9367ADF79A5FB1173BC1B68B08D142479E8","21225","287520","72843","3316","1950","59538","83550","0","298","21019","5842","5570","0","0","59","0","1","[""core:ember_wand"",""core:harvest_scythe"",""core:iron_blade"",""core:ward_orbit"",""core:muster_horn"",""core:seed_bag""]","[""core:guarded_harvest"",""core:meal_oath"",""core:rally_boundary""]","{""core:guarded_harvest"":34,""core:meal_oath"":17,""core:rally_boundary"":15}","{""core:levy_bread_wrap"":3,""core:meadow_buckle"":4,""core:muster_roll"":5,""core:return_path_knot"":3,""core:root_binding_cord"":2,""core:seed_pouch_lining"":4,""core:wind_seed_flag"":3}","[""core:sowing_sworddance""]","[{""tick"":0,""evolutionId"":""core:sowing_sworddance"",""baseId"":""core:iron_blade""}]","{""core:muster_horn"":{""people"":571},""core:seed_bag"":{""land"":214}}","raw/weapon__B__70.results.json","be0305d49e3d00c326436b124fc7103d23ab853d90cbb99c1f2280498f9dd764","raw/weapon__B__70.metrics.json","5bfaf066b5852885add86f80ce5aef4a582096690dffbdc8d2233832c59580e7"
"weapon__B__71","weapon","B","71","3","21600","true","duration","","154","3","3BB82C67C65B7B452035E0CB1FAA7102F5EC0506BC9B1916D8E1A98B029FAD36","22222","251579","74906","58977","198","62638","111750","5988","298","20704","6151","7450","0","0","42","0","1","[""core:ember_wand"",""core:harvest_scythe"",""core:iron_blade"",""core:ward_orbit"",""core:carpenter_hammer"",""core:hedge_drum"",""core:muster_horn"",""core:seed_bag""]","[""core:guarded_harvest"",""core:meal_oath"",""core:rally_boundary"",""core:repair_tithe""]","{""core:guarded_harvest"":25,""core:meal_oath"":23,""core:rally_boundary"":18,""core:repair_tithe"":1}","{""core:boundary_hinge"":2,""core:joiner_square"":1,""core:levy_bread_wrap"":1,""core:meadow_buckle"":3,""core:muster_roll"":2,""core:return_path_knot"":3,""core:root_binding_cord"":1,""core:scaffold_step"":4,""core:seed_pouch_lining"":5,""core:shock_absorber_pad"":1,""core:wind_seed_flag"":1}","[""core:sheltered_sowing"",""core:sowing_sworddance""]","[{""tick"":0,""evolutionId"":""core:sowing_sworddance"",""baseId"":""core:iron_blade""},{""tick"":10306,""evolutionId"":""core:sheltered_sowing"",""baseId"":""core:seed_bag""}]","{""core:hedge_drum"":{""building"":96,""people"":495},""core:muster_horn"":{""people"":211},""core:seed_bag"":{""land"":206}}","raw/weapon__B__71.results.json","31115b4e4a220bc52bc8a41004147a6d8306aee3990cac31aecb2c34d3977c29","raw/weapon__B__71.metrics.json","a4ea006036fb08abe1d1d154d156a6cd4ed268d54a19faf28b4d3102fc8be709"
"weapon__B__72","weapon","B","72","3","21600","true","duration","","143","3","8F56253C720BD5EDF8CE5DB8657C62B3060FC0C9D673331501DBBFA5D0509F0E","21354","291649","71526","600","2074","59636","95610","0","298","20395","5820","6374","0","0","59","0","1","[""core:ember_wand"",""core:harvest_scythe"",""core:iron_blade"",""core:ward_orbit"",""core:muster_horn"",""core:seed_bag""]","[""core:guarded_harvest"",""core:meal_oath"",""core:rally_boundary""]","{""core:guarded_harvest"":37,""core:meal_oath"":24,""core:rally_boundary"":23}","{""core:levy_bread_wrap"":1,""core:meadow_buckle"":5,""core:muster_roll"":1,""core:return_path_knot"":2,""core:root_binding_cord"":1,""core:seed_pouch_lining"":8,""core:wind_seed_flag"":5}","[""core:sowing_sworddance""]","[{""tick"":0,""evolutionId"":""core:sowing_sworddance"",""baseId"":""core:iron_blade""}]","{""core:muster_horn"":{""people"":191},""core:seed_bag"":{""land"":175}}","raw/weapon__B__72.results.json","06e5a83f01074066416901d9675f9784c2b1bc62a6999c5ab6601fc42a67c698","raw/weapon__B__72.metrics.json","d35b8fe59148cd3883c9b91b16ac1c663a063119bbe1dfc91468e9111af69219"
"weapon__B__73","weapon","B","73","3","21600","true","duration","","163","3","D3A5B0D2702C16694E3B5C6BE9A8014934A6F4C4BC9410D3B27DAF8FC76793CA","22439","284805","54718","63863","159","65512","128280","7428","300","20537","6347","8552","0","0","41","0","1","[""core:ember_wand"",""core:harvest_scythe"",""core:iron_blade"",""core:ward_orbit"",""core:carpenter_hammer"",""core:hedge_drum"",""core:muster_horn"",""core:seed_bag""]","[""core:guarded_harvest"",""core:meal_oath"",""core:rally_boundary"",""core:repair_tithe""]","{""core:guarded_harvest"":20,""core:meal_oath"":24,""core:rally_boundary"":16,""core:repair_tithe"":1}","{""core:boundary_hinge"":4,""core:joiner_square"":1,""core:levy_bread_wrap"":2,""core:meadow_buckle"":2,""core:muster_roll"":2,""core:return_path_knot"":3,""core:root_binding_cord"":1,""core:scaffold_step"":2,""core:seed_pouch_lining"":1,""core:wind_seed_flag"":6}","[""core:sheltered_sowing"",""core:sowing_sworddance""]","[{""tick"":0,""evolutionId"":""core:sowing_sworddance"",""baseId"":""core:iron_blade""},{""tick"":4685,""evolutionId"":""core:sheltered_sowing"",""baseId"":""core:seed_bag""}]","{""core:hedge_drum"":{""building"":74,""people"":586},""core:muster_horn"":{""people"":293},""core:seed_bag"":{""land"":253}}","raw/weapon__B__73.results.json","035d2dec08fc4877e8ea125286fc2e8305a3dd8f1cdc102a99051d3a5b4f36ac","raw/weapon__B__73.metrics.json","ef5ef25b0125a7f7d20306cf828ab43cacfd43796079fb02930b11be1a45510e"
"weapon__C__42","weapon","C","42","3","21600","true","duration","","148","3","44D718EBE3DCB3935A8AF5AB507109731AAB12E92418DDBAB816A17A2909D30B","22032","295525","84024","2438","135","62274","104220","0","298","20755","6030","6948","0","0","30","29","1","[""core:ember_wand"",""core:harvest_scythe"",""core:iron_blade"",""core:ward_orbit"",""core:muster_horn"",""core:seed_bag""]","[""core:guarded_harvest"",""core:meal_oath"",""core:rally_boundary"",""core:repair_tithe""]","{""core:guarded_harvest"":25,""core:meal_oath"":18,""core:rally_boundary"":16,""core:repair_tithe"":1}","{""core:levy_bread_wrap"":4,""core:meadow_buckle"":3,""core:muster_roll"":6,""core:return_path_knot"":2,""core:root_binding_cord"":3,""core:seed_pouch_lining"":1,""core:wind_seed_flag"":4}","[""core:sowing_sworddance""]","[{""tick"":0,""evolutionId"":""core:sowing_sworddance"",""baseId"":""core:iron_blade""}]","{""core:muster_horn"":{""people"":1760},""core:seed_bag"":{""land"":234}}","raw/weapon__C__42.results.json","7a12761d9ccbd5fdaa4bc1d6f9420c705c544dba09cc24e478a336b18ed49971","raw/weapon__C__42.metrics.json","1270d891be50fd125d2466a041ef8151e29ac59a2ae63e8d1d9f5d08368092f8"
"weapon__C__43","weapon","C","43","3","21600","true","duration","","128","3","4C85D7DAF4C78F334FBDB868D60654B853B6372A6DD7EF0D032C2864664F329D","20634","166800","123450","48596","235","55042","66420","4152","298","20670","5335","4428","2","2","0","36","1","[""core:ember_wand"",""core:harvest_scythe"",""core:iron_blade"",""core:ward_orbit"",""core:hedge_drum"",""core:muster_horn"",""core:seed_bag""]","[""core:guarded_harvest"",""core:meal_oath"",""core:rally_boundary"",""core:repair_tithe""]","{""core:guarded_harvest"":19,""core:meal_oath"":12,""core:rally_boundary"":8,""core:repair_tithe"":3}","{""core:boundary_hinge"":3,""core:joiner_square"":2,""core:levy_bread_wrap"":2,""core:meadow_buckle"":4,""core:return_path_knot"":1,""core:seed_pouch_lining"":4,""core:wind_seed_flag"":7}","[""core:sowing_sworddance""]","[{""tick"":0,""evolutionId"":""core:sowing_sworddance"",""baseId"":""core:iron_blade""}]","{""core:hedge_drum"":{""building"":34,""people"":274},""core:muster_horn"":{""people"":2199},""core:seed_bag"":{""land"":188}}","raw/weapon__C__43.results.json","28b0caef99a4267c644e320fbe99f15a69dc8508936188d9aa9bfc037bfa555e","raw/weapon__C__43.metrics.json","c40365fb6c9ab4d3ca084f6b968f3b0bbb4e85cecbf76011c27893362f60e120"
"weapon__C__44","weapon","C","44","3","21600","true","duration","","142","3","80B73068A5C9C4144800CE06120D85706AEC86E2E4736563BCF880E3A6BBC9B0","22146","204369","98048","71092","200","60896","85890","6528","298","20200","5959","5726","4","4","20","16","1","[""core:ember_wand"",""core:harvest_scythe"",""core:iron_blade"",""core:ward_orbit"",""core:carpenter_hammer"",""core:hedge_drum"",""core:muster_horn"",""core:seed_bag""]","[""core:guarded_harvest"",""core:meal_oath"",""core:rally_boundary"",""core:repair_tithe""]","{""core:guarded_harvest"":32,""core:meal_oath"":17,""core:rally_boundary"":10,""core:repair_tithe"":2}","{""core:boundary_hinge"":2,""core:levy_bread_wrap"":1,""core:meadow_buckle"":5,""core:return_path_knot"":3,""core:root_binding_cord"":6,""core:ruin_keystone"":2,""core:shock_absorber_pad"":3,""core:wind_seed_flag"":2}","[""core:sheltered_sowing"",""core:sowing_sworddance""]","[{""tick"":0,""evolutionId"":""core:sowing_sworddance"",""baseId"":""core:iron_blade""},{""tick"":2700,""evolutionId"":""core:sheltered_sowing"",""baseId"":""core:seed_bag""}]","{""core:carpenter_hammer"":{""building"":4},""core:hedge_drum"":{""building"":37,""people"":426},""core:muster_horn"":{""people"":2300},""core:seed_bag"":{""land"":300}}","raw/weapon__C__44.results.json","68bb3a04912b33f96abc4c00f2baac2c706f10e5cf724ee759adbdce6cc6753b","raw/weapon__C__44.metrics.json","0f0629fc720df92355bf0ca4ec49cf263d52566e1c0f8dca4b6cbee505dd5e9c"
"weapon__C__45","weapon","C","45","3","21600","true","duration","","150","3","F113A835A2AEA3DB9C362E9D18A43B87287ACD5341BD97AD17F3D46C5430C5DA","21850","227420","92619","61378","24","61948","103455","5136","298","20660","6000","6897","3","3","7","32","1","[""core:ember_wand"",""core:harvest_scythe"",""core:iron_blade"",""core:ward_orbit"",""core:carpenter_hammer"",""core:hedge_drum"",""core:muster_horn"",""core:seed_bag""]","[""core:guarded_harvest"",""core:meal_oath"",""core:rally_boundary""]","{""core:guarded_harvest"":34,""core:meal_oath"":13,""core:rally_boundary"":11}","{""core:boundary_hinge"":1,""core:levy_bread_wrap"":2,""core:meadow_buckle"":3,""core:muster_roll"":3,""core:return_path_knot"":2,""core:root_binding_cord"":4,""core:ruin_keystone"":1,""core:scaffold_step"":1,""core:seed_pouch_lining"":2,""core:wind_seed_flag"":5}","[""core:sheltered_sowing"",""core:sowing_sworddance""]","[{""tick"":0,""evolutionId"":""core:sowing_sworddance"",""baseId"":""core:iron_blade""},{""tick"":9464,""evolutionId"":""core:sheltered_sowing"",""baseId"":""core:seed_bag""}]","{""core:carpenter_hammer"":{""building"":14},""core:hedge_drum"":{""building"":178,""people"":459},""core:muster_horn"":{""people"":1711},""core:seed_bag"":{""land"":246}}","raw/weapon__C__45.results.json","100069fcbee4810549decf4b3a052a423e149079b7135ccce6dfa8e91400a662","raw/weapon__C__45.metrics.json","f222c05f8c969eafad56c7e72dc74cf4e0a707c14c67717bebca24f4eafc4d88"
"weapon__C__46","weapon","C","46","3","21600","true","duration","","141","3","0F9563DD8722332919108D7CCD840A31B20840D1B6973F27194EE170118BB170","21664","262785","98729","6573","61","59916","92250","0","298","20759","5897","6150","0","0","20","35","1","[""core:ember_wand"",""core:harvest_scythe"",""core:iron_blade"",""core:ward_orbit"",""core:muster_horn"",""core:seed_bag""]","[""core:guarded_harvest"",""core:meal_oath"",""core:rally_boundary""]","{""core:guarded_harvest"":23,""core:meal_oath"":16,""core:rally_boundary"":7}","{""core:levy_bread_wrap"":4,""core:meadow_buckle"":5,""core:muster_roll"":2,""core:return_path_knot"":5,""core:root_binding_cord"":4,""core:seed_pouch_lining"":1,""core:wind_seed_flag"":3}","[""core:sowing_sworddance""]","[{""tick"":0,""evolutionId"":""core:sowing_sworddance"",""baseId"":""core:iron_blade""}]","{""core:muster_horn"":{""people"":2049},""core:seed_bag"":{""land"":273}}","raw/weapon__C__46.results.json","7ebc991aa1cfad6d49c4ce43e70e403c9ef3513c582f708a46198b6136acb82c","raw/weapon__C__46.metrics.json","6c41227e27beb4fcce57ec01d493880a49e91d69d7e348937dc0131078473715"
"weapon__C__47","weapon","C","47","3","21600","true","duration","","132","3","5CAFBA8D5B0BE18C7B3ACA3B3AE954C03CFB89C748BB46E667CE5BA3B9F8B02F","21742","223398","78833","47448","202","56818","72690","3636","298","20635","5490","4846","0","0","3","48","1","[""core:ember_wand"",""core:harvest_scythe"",""core:iron_blade"",""core:ward_orbit"",""core:hedge_drum"",""core:muster_horn"",""core:seed_bag""]","[""core:guarded_harvest"",""core:meal_oath"",""core:rally_boundary"",""core:repair_tithe""]","{""core:guarded_harvest"":28,""core:meal_oath"":14,""core:rally_boundary"":26,""core:repair_tithe"":3}","{""core:joiner_square"":1,""core:levy_bread_wrap"":7,""core:muster_roll"":3,""core:return_path_knot"":2,""core:root_binding_cord"":2,""core:scaffold_step"":1,""core:seed_pouch_lining"":3,""core:wind_seed_flag"":5}","[""core:sowing_sworddance""]","[{""tick"":0,""evolutionId"":""core:sowing_sworddance"",""baseId"":""core:iron_blade""}]","{""core:hedge_drum"":{""building"":29,""people"":321},""core:muster_horn"":{""people"":1748},""core:seed_bag"":{""land"":185}}","raw/weapon__C__47.results.json","18f623e3405274fcc335bec29f88f4a2ae8382c44fdd23dde4a0f08448039168","raw/weapon__C__47.metrics.json","4c7f250ae2003b4036ad21af45b13a844d0c6cdc161373ef4fec5cb9aef8306b"
"weapon__C__48","weapon","C","48","3","21600","true","duration","","143","3","336877326FE38562717760FEA9097D8A83CBC51AF0D3201C9670364DA1D15AE3","22310","268154","102394","4353","299","61190","94260","0","294","19962","6054","6284","0","0","20","19","1","[""core:ember_wand"",""core:harvest_scythe"",""core:iron_blade"",""core:ward_orbit"",""core:muster_horn"",""core:seed_bag""]","[""core:guarded_harvest"",""core:meal_oath"",""core:rally_boundary""]","{""core:guarded_harvest"":27,""core:meal_oath"":15,""core:rally_boundary"":19}","{""core:levy_bread_wrap"":2,""core:meadow_buckle"":5,""core:muster_roll"":4,""core:return_path_knot"":1,""core:root_binding_cord"":3,""core:seed_pouch_lining"":6,""core:wind_seed_flag"":3}","[""core:sowing_sworddance""]","[{""tick"":0,""evolutionId"":""core:sowing_sworddance"",""baseId"":""core:iron_blade""}]","{""core:muster_horn"":{""people"":1888},""core:seed_bag"":{""land"":240}}","raw/weapon__C__48.results.json","8d0c8f56b766ebbaf499f879d9c72ec6ecc5cc044f3debd5e6a83b68251be17d","raw/weapon__C__48.metrics.json","60f970c2faa3dba7624ad8ce58b1ce3307bb2e66d0f216131673d6bf235fddec"
"weapon__C__49","weapon","C","49","3","21600","true","duration","","148","3","A9A812D505E5555447387BCDCA8983CCC6F0EBBBD94004F143C4FDFE2920284B","22448","280919","91895","7640","90","61878","104550","0","300","20786","6137","6970","0","0","24","35","1","[""core:ember_wand"",""core:harvest_scythe"",""core:iron_blade"",""core:ward_orbit"",""core:muster_horn"",""core:seed_bag""]","[""core:guarded_harvest"",""core:meal_oath"",""core:rally_boundary""]","{""core:guarded_harvest"":17,""core:meal_oath"":22,""core:rally_boundary"":16}","{""core:levy_bread_wrap"":2,""core:meadow_buckle"":5,""core:muster_roll"":3,""core:return_path_knot"":4,""core:root_binding_cord"":2,""core:seed_pouch_lining"":1,""core:wind_seed_flag"":7}","[""core:sowing_sworddance""]","[{""tick"":0,""evolutionId"":""core:sowing_sworddance"",""baseId"":""core:iron_blade""}]","{""core:muster_horn"":{""people"":2182},""core:seed_bag"":{""land"":260}}","raw/weapon__C__49.results.json","d8274f76d0b71df4a6914c54956f4fdc30a919372db94dff5b47f003ba994082","raw/weapon__C__49.metrics.json","06f86a400aedf3bf8beb96692536f00133d1bbe3a757f5ea1f14f0bcbf7bcad1"
"weapon__C__50","weapon","C","50","3","21600","true","duration","","147","3","C1F103E6CF84662F96298A7337584DBF631BE38054A7624544C216A8FAF5A7D3","21801","261397","73605","46690","120","62130","99015","3636","298","20557","6029","6601","0","0","10","19","1","[""core:ember_wand"",""core:harvest_scythe"",""core:iron_blade"",""core:ward_orbit"",""core:hedge_drum"",""core:muster_horn"",""core:seed_bag""]","[""core:guarded_harvest"",""core:meal_oath"",""core:rally_boundary"",""core:repair_tithe""]","{""core:guarded_harvest"":33,""core:meal_oath"":11,""core:rally_boundary"":10,""core:repair_tithe"":2}","{""core:boundary_hinge"":2,""core:joiner_square"":6,""core:meadow_buckle"":3,""core:muster_roll"":4,""core:return_path_knot"":3,""core:root_binding_cord"":1,""core:scaffold_step"":2,""core:seed_pouch_lining"":1,""core:wind_seed_flag"":2}","[""core:sowing_sworddance""]","[{""tick"":0,""evolutionId"":""core:sowing_sworddance"",""baseId"":""core:iron_blade""}]","{""core:hedge_drum"":{""building"":127,""people"":333},""core:muster_horn"":{""people"":2000},""core:seed_bag"":{""land"":248}}","raw/weapon__C__50.results.json","f2e2bd542941caf99d3d75c802b466ef93ede0f30c634637f44a65fa70f31f3b","raw/weapon__C__50.metrics.json","c05475364cf140508ff481886b084a484b7d6fec84dc636e13de754ef1c220e7"
"weapon__C__51","weapon","C","51","3","21600","true","duration","","145","3","63A786F8D78810ACD4B9C6867B43202496BF4C84FDE3D226926CC3BBE7770E5E","22397","287351","89334","7448","337","62540","96690","0","300","20380","6116","6446","0","0","14","45","1","[""core:ember_wand"",""core:harvest_scythe"",""core:iron_blade"",""core:ward_orbit"",""core:muster_horn"",""core:seed_bag""]","[""core:guarded_harvest"",""core:meal_oath"",""core:rally_boundary"",""core:repair_tithe""]","{""core:guarded_harvest"":28,""core:meal_oath"":25,""core:rally_boundary"":20,""core:repair_tithe"":2}","{""core:levy_bread_wrap"":4,""core:meadow_buckle"":2,""core:muster_roll"":5,""core:return_path_knot"":2,""core:root_binding_cord"":3,""core:seed_pouch_lining"":4,""core:wind_seed_flag"":4}","[""core:sowing_sworddance""]","[{""tick"":0,""evolutionId"":""core:sowing_sworddance"",""baseId"":""core:iron_blade""}]","{""core:muster_horn"":{""people"":1659},""core:seed_bag"":{""land"":278}}","raw/weapon__C__51.results.json","03bb51b24907948648ff1265e61be0ec2d63ac411d7b5425fe7ebe28e8f9e9d3","raw/weapon__C__51.metrics.json","494db43316cc6caf8eea09a3b1fadc8660b8dd987748cf7b6a686b049d3c4a42"
"weapon__C__52","weapon","C","52","3","21600","true","duration","","129","3","DB31ECFA35D1925ACEB3C6380AC852D341E937ADD15F853F82F259234A503A08","21404","202970","79892","73916","399","58010","62610","6336","298","20852","5641","4174","1","1","2","36","1","[""core:ember_wand"",""core:harvest_scythe"",""core:iron_blade"",""core:ward_orbit"",""core:carpenter_hammer"",""core:hedge_drum"",""core:muster_horn"",""core:seed_bag""]","[""core:guarded_harvest"",""core:meal_oath"",""core:rally_boundary""]","{""core:guarded_harvest"":23,""core:meal_oath"":9,""core:rally_boundary"":5}","{""core:boundary_hinge"":2,""core:joiner_square"":5,""core:levy_bread_wrap"":3,""core:return_path_knot"":2,""core:root_binding_cord"":3,""core:ruin_keystone"":1,""core:scaffold_step"":4,""core:seed_pouch_lining"":2,""core:shock_absorber_pad"":1,""core:wind_seed_flag"":1}","[""core:sheltered_sowing"",""core:sowing_sworddance""]","[{""tick"":0,""evolutionId"":""core:sowing_sworddance"",""baseId"":""core:iron_blade""},{""tick"":17578,""evolutionId"":""core:sheltered_sowing"",""baseId"":""core:seed_bag""}]","{""core:carpenter_hammer"":{""building"":4},""core:hedge_drum"":{""building"":196,""people"":460},""core:muster_horn"":{""people"":1744},""core:seed_bag"":{""land"":240}}","raw/weapon__C__52.results.json","781eea51d0af1570b2649852eba69d91839a6bd8f40af097bdacf4f4032f9da3","raw/weapon__C__52.metrics.json","b5b36f6d74381b64425a1a9100f90b1f570e04ab917fb55f7dcd5836f6f267a2"
"weapon__C__53","weapon","C","53","3","21600","true","duration","","140","3","4E8E56EB63D28323890985CFE38AB1034EE827BFD7A267B209ED9190CB2C0FA1","21278","217705","81370","72071","17","60258","82260","6816","298","20547","5793","5484","4","4","7","3","1","[""core:ember_wand"",""core:harvest_scythe"",""core:iron_blade"",""core:ward_orbit"",""core:carpenter_hammer"",""core:hedge_drum"",""core:muster_horn"",""core:seed_bag""]","[""core:guarded_harvest"",""core:meal_oath"",""core:rally_boundary"",""core:repair_tithe""]","{""core:guarded_harvest"":25,""core:meal_oath"":9,""core:rally_boundary"":14,""core:repair_tithe"":1}","{""core:boundary_hinge"":3,""core:joiner_square"":2,""core:meadow_buckle"":2,""core:muster_roll"":2,""core:root_binding_cord"":2,""core:ruin_keystone"":4,""core:scaffold_step"":3,""core:seed_pouch_lining"":1,""core:shock_absorber_pad"":2,""core:wind_seed_flag"":3}","[""core:sheltered_sowing"",""core:sowing_sworddance""]","[{""tick"":0,""evolutionId"":""core:sowing_sworddance"",""baseId"":""core:iron_blade""},{""tick"":457,""evolutionId"":""core:sheltered_sowing"",""baseId"":""core:seed_bag""}]","{""core:carpenter_hammer"":{""building"":98},""core:hedge_drum"":{""building"":76,""people"":416},""core:muster_horn"":{""people"":2499},""core:seed_bag"":{""land"":228}}","raw/weapon__C__53.results.json","b5de2bfe979f8284629c7fda87de23268f0fd91957ceb71d69d628830dd761e5","raw/weapon__C__53.metrics.json","431d7c08c8c002520ed2c0720530fad45a62e645da0c2f3135733281084de405"
"weapon__C__54","weapon","C","54","3","21600","true","duration","","130","3","383DFFB17A1021DD6D98AFBBC0F64B62055EDF6BCE985D92B986A5D0CD5EED2F","21209","247829","101663","6122","250","57868","69990","0","300","20846","5661","4666","0","0","5","49","1","[""core:ember_wand"",""core:harvest_scythe"",""core:iron_blade"",""core:ward_orbit"",""core:muster_horn"",""core:seed_bag""]","[""core:guarded_harvest"",""core:meal_oath"",""core:rally_boundary""]","{""core:guarded_harvest"":24,""core:meal_oath"":15,""core:rally_boundary"":19}","{""core:levy_bread_wrap"":7,""core:meadow_buckle"":3,""core:muster_roll"":1,""core:return_path_knot"":5,""core:root_binding_cord"":5,""core:seed_pouch_lining"":3}","[""core:sowing_sworddance""]","[{""tick"":0,""evolutionId"":""core:sowing_sworddance"",""baseId"":""core:iron_blade""}]","{""core:muster_horn"":{""people"":1992},""core:seed_bag"":{""land"":199}}","raw/weapon__C__54.results.json","67cebbce044a429c6e2e4232a27352612b30a8ec13063a3205d6d8816eb54603","raw/weapon__C__54.metrics.json","4f51e1bf31cf96fb7a9a88ed2862b1aa4447af1d50b2fd6b363bd66ac974f493"
"weapon__C__55","weapon","C","55","3","21600","true","duration","","133","3","5F8FA0DFA290084FF7B7DBF60D41AB07E7A9529DFBD4636FE1D2E4D83FCBF3FD","20726","222584","116475","5333","161","56062","79200","0","298","20762","5505","5280","0","0","10","44","1","[""core:ember_wand"",""core:harvest_scythe"",""core:iron_blade"",""core:ward_orbit"",""core:muster_horn"",""core:seed_bag""]","[""core:guarded_harvest"",""core:meal_oath"",""core:rally_boundary""]","{""core:guarded_harvest"":28,""core:meal_oath"":11,""core:rally_boundary"":11}","{""core:levy_bread_wrap"":2,""core:meadow_buckle"":1,""core:muster_roll"":3,""core:return_path_knot"":5,""core:root_binding_cord"":2,""core:seed_pouch_lining"":5,""core:wind_seed_flag"":6}","[""core:sowing_sworddance""]","[{""tick"":0,""evolutionId"":""core:sowing_sworddance"",""baseId"":""core:iron_blade""}]","{""core:muster_horn"":{""people"":2171},""core:seed_bag"":{""land"":186}}","raw/weapon__C__55.results.json","7c9734e4728bf2cbcde8e611b9a4a0fa798363e7ed7589f6881ef4331b477e85","raw/weapon__C__55.metrics.json","48def90384776a8d7ab57b252890d47d7c375e446cfb7bf16e915abc3491ba8b"
"weapon__C__56","weapon","C","56","3","21600","true","duration","","150","3","8169EDF76CA32BC43675E7751C6AB8E50AF6639D0A3FC5604DC16FFF5565C927","22836","319051","58054","4395","2501","62504","107985","0","300","20535","6133","7199","0","0","30","24","1","[""core:ember_wand"",""core:harvest_scythe"",""core:iron_blade"",""core:ward_orbit"",""core:muster_horn"",""core:seed_bag""]","[""core:guarded_harvest"",""core:meal_oath"",""core:rally_boundary""]","{""core:guarded_harvest"":30,""core:meal_oath"":25,""core:rally_boundary"":24}","{""core:levy_bread_wrap"":1,""core:meadow_buckle"":3,""core:muster_roll"":4,""core:return_path_knot"":2,""core:root_binding_cord"":4,""core:seed_pouch_lining"":6,""core:wind_seed_flag"":4}","[""core:sowing_sworddance""]","[{""tick"":0,""evolutionId"":""core:sowing_sworddance"",""baseId"":""core:iron_blade""}]","{""core:muster_horn"":{""people"":1689},""core:seed_bag"":{""land"":234}}","raw/weapon__C__56.results.json","f26a94d610fb73205c2de543b9e6b5816dd6b051636ec5dbcbae2b2dccf06897","raw/weapon__C__56.metrics.json","f09662ad4252e5c637fbb81d4be54c4f82630f057155920ad9a3a843acbc9471"
"weapon__C__57","weapon","C","57","3","21600","true","duration","","130","3","705E88FDFDCAA9484DDCD87290A99FB6905CD3719FA0BB7D584E08C8D9C1FB15","21021","253607","94371","6364","71","57698","70275","0","298","20070","5671","4685","0","0","4","30","1","[""core:ember_wand"",""core:harvest_scythe"",""core:iron_blade"",""core:ward_orbit"",""core:muster_horn"",""core:seed_bag""]","[""core:guarded_harvest"",""core:meal_oath"",""core:rally_boundary""]","{""core:guarded_harvest"":21,""core:meal_oath"":20,""core:rally_boundary"":19}","{""core:meadow_buckle"":7,""core:muster_roll"":1,""core:return_path_knot"":3,""core:root_binding_cord"":7,""core:seed_pouch_lining"":5,""core:wind_seed_flag"":1}","[""core:sowing_sworddance""]","[{""tick"":0,""evolutionId"":""core:sowing_sworddance"",""baseId"":""core:iron_blade""}]","{""core:muster_horn"":{""people"":3201},""core:seed_bag"":{""land"":199}}","raw/weapon__C__57.results.json","b3c465ffd662cb76685665df30f67f0aaa455d4976cf41e30a64cd0a1ca310e2","raw/weapon__C__57.metrics.json","ea75b003843956efc6c6dafd33288a71e63c236e4170eef3d9925905598d5903"
"weapon__C__58","weapon","C","58","3","21600","true","duration","","132","3","F74C144B1DF4A0F2E2F899776EE6A4BA7E3A231EDF88A5D01F9DD5C8E455B5E6","19947","193391","79844","57409","270","53660","74235","5376","300","20661","5244","4949","0","0","7","39","1","[""core:ember_wand"",""core:harvest_scythe"",""core:iron_blade"",""core:ward_orbit"",""core:hedge_drum"",""core:muster_horn"",""core:seed_bag""]","[""core:guarded_harvest"",""core:meal_oath"",""core:rally_boundary"",""core:repair_tithe""]","{""core:guarded_harvest"":15,""core:meal_oath"":17,""core:rally_boundary"":9,""core:repair_tithe"":3}","{""core:boundary_hinge"":1,""core:joiner_square"":3,""core:levy_bread_wrap"":6,""core:meadow_buckle"":1,""core:muster_roll"":4,""core:return_path_knot"":1,""core:root_binding_cord"":1,""core:scaffold_step"":2,""core:seed_pouch_lining"":2,""core:wind_seed_flag"":3}","[""core:sowing_sworddance""]","[{""tick"":0,""evolutionId"":""core:sowing_sworddance"",""baseId"":""core:iron_blade""}]","{""core:hedge_drum"":{""building"":28,""people"":403},""core:muster_horn"":{""people"":1293},""core:seed_bag"":{""land"":212}}","raw/weapon__C__58.results.json","54de37f1ca3c414dc0d924b485804f7ea1301e113413321b9528f31a2deee2da","raw/weapon__C__58.metrics.json","23f64e95bc20962417b9a01795f4028a34b0aa2c6c1ff842dc406f0c6485a2f1"
"weapon__C__59","weapon","C","59","3","21600","true","duration","","146","3","762072A75C753403ED9F600C0F495DE9F2A3738287D3780AB1ACF0ACE4DEDA37","22247","273348","53294","61320","1359","63358","91635","6012","296","20648","6248","6109","7","7","14","45","1","[""core:ember_wand"",""core:harvest_scythe"",""core:iron_blade"",""core:ward_orbit"",""core:carpenter_hammer"",""core:muster_horn"",""core:seed_bag""]","[""core:guarded_harvest"",""core:meal_oath"",""core:rally_boundary"",""core:repair_tithe""]","{""core:guarded_harvest"":30,""core:meal_oath"":8,""core:rally_boundary"":12,""core:repair_tithe"":1}","{""core:joiner_square"":2,""core:levy_bread_wrap"":1,""core:meadow_buckle"":4,""core:muster_roll"":3,""core:return_path_knot"":4,""core:root_binding_cord"":2,""core:seed_pouch_lining"":4,""core:shock_absorber_pad"":1,""core:wind_seed_flag"":3}","[""core:sheltered_sowing"",""core:sowing_sworddance""]","[{""tick"":0,""evolutionId"":""core:sowing_sworddance"",""baseId"":""core:iron_blade""},{""tick"":2974,""evolutionId"":""core:sheltered_sowing"",""baseId"":""core:seed_bag""}]","{""core:carpenter_hammer"":{""building"":165},""core:muster_horn"":{""people"":2255},""core:seed_bag"":{""land"":261}}","raw/weapon__C__59.results.json","cac97c93a49cbbf605d62827f7c9fcab821d40377f2e67280b99fce4d73b1e70","raw/weapon__C__59.metrics.json","64f81c2dee39951741c5a4dfea0969c34cb9d9d2c010475c9d128d89e2a48751"
"weapon__C__60","weapon","C","60","3","21600","true","duration","","137","3","E532CDC4222E7C63A1DBCC834B71901F0CA85D7F3524761C3F1691CADEFDBFD5","21768","225912","72248","72502","211","60202","76035","7356","298","20342","5970","5069","3","3","5","19","1","[""core:ember_wand"",""core:harvest_scythe"",""core:iron_blade"",""core:ward_orbit"",""core:carpenter_hammer"",""core:muster_horn"",""core:seed_bag""]","[""core:guarded_harvest"",""core:meal_oath"",""core:rally_boundary"",""core:repair_tithe""]","{""core:guarded_harvest"":29,""core:meal_oath"":9,""core:rally_boundary"":21,""core:repair_tithe"":3}","{""core:boundary_hinge"":1,""core:joiner_square"":2,""core:muster_roll"":2,""core:return_path_knot"":2,""core:root_binding_cord"":3,""core:ruin_keystone"":1,""core:scaffold_step"":1,""core:seed_pouch_lining"":5,""core:shock_absorber_pad"":2,""core:wind_seed_flag"":5}","[""core:sheltered_sowing"",""core:sowing_sworddance""]","[{""tick"":0,""evolutionId"":""core:sowing_sworddance"",""baseId"":""core:iron_blade""},{""tick"":566,""evolutionId"":""core:sheltered_sowing"",""baseId"":""core:seed_bag""}]","{""core:carpenter_hammer"":{""building"":144},""core:muster_horn"":{""people"":2624},""core:seed_bag"":{""land"":231}}","raw/weapon__C__60.results.json","b527560877e703c11ec507c75e8385c43b0fabda6741b93574f3d9d5eaa6b612","raw/weapon__C__60.metrics.json","6837489a4e771a42cfdab6aa1106dac6dede709c0b8d38791947734d9586a5fd"
"weapon__C__61","weapon","C","61","3","21600","true","duration","","132","3","82735C941186C69E04FF72E7BF46404BBA405EE6CABAD78978E35204B9650806","21598","222551","126905","4928","450","57746","74760","0","300","20579","5644","4984","0","0","0","59","1","[""core:ember_wand"",""core:harvest_scythe"",""core:iron_blade"",""core:ward_orbit"",""core:muster_horn"",""core:seed_bag""]","[""core:guarded_harvest"",""core:meal_oath"",""core:rally_boundary""]","{""core:guarded_harvest"":32,""core:meal_oath"":11,""core:rally_boundary"":24}","{""core:levy_bread_wrap"":6,""core:meadow_buckle"":3,""core:return_path_knot"":3,""core:root_binding_cord"":4,""core:seed_pouch_lining"":2,""core:wind_seed_flag"":5}","[""core:sowing_sworddance""]","[{""tick"":0,""evolutionId"":""core:sowing_sworddance"",""baseId"":""core:iron_blade""}]","{""core:muster_horn"":{""people"":2427},""core:seed_bag"":{""land"":246}}","raw/weapon__C__61.results.json","bc60dec769be304e15668fbc2926938b7637893127460000d612e4d793f2eca9","raw/weapon__C__61.metrics.json","facec630bf708c9473f3a5edd05f304cdca2428a2358ea01d4e21e1b23b2dad3"
"weapon__C__62","weapon","C","62","3","21600","true","duration","","150","3","3D8D1260779DE461AFA25774419E7C7257F924C9DB3B1A15A0228AC8682CC6EA","22104","247076","66052","70314","385","62458","101370","7488","300","21169","6112","6758","0","0","1","25","1","[""core:ember_wand"",""core:harvest_scythe"",""core:iron_blade"",""core:ward_orbit"",""core:carpenter_hammer"",""core:hedge_drum"",""core:muster_horn"",""core:seed_bag""]","[""core:guarded_harvest"",""core:meal_oath"",""core:rally_boundary"",""core:repair_tithe""]","{""core:guarded_harvest"":33,""core:meal_oath"":12,""core:rally_boundary"":19,""core:repair_tithe"":2}","{""core:boundary_hinge"":3,""core:joiner_square"":2,""core:levy_bread_wrap"":2,""core:meadow_buckle"":3,""core:muster_roll"":1,""core:return_path_knot"":1,""core:root_binding_cord"":1,""core:ruin_keystone"":2,""core:scaffold_step"":1,""core:seed_pouch_lining"":3,""core:shock_absorber_pad"":4,""core:wind_seed_flag"":1}","[""core:sheltered_sowing"",""core:sowing_sworddance""]","[{""tick"":0,""evolutionId"":""core:sowing_sworddance"",""baseId"":""core:iron_blade""},{""tick"":849,""evolutionId"":""core:sheltered_sowing"",""baseId"":""core:seed_bag""}]","{""core:carpenter_hammer"":{""building"":69},""core:hedge_drum"":{""building"":1,""people"":351},""core:muster_horn"":{""people"":1798},""core:seed_bag"":{""land"":265}}","raw/weapon__C__62.results.json","d02017655480c0db9f37754673bc55a014d619923c0aecad355b89cd0c5289c2","raw/weapon__C__62.metrics.json","72bdc681cc69594eb01a91c20adfa1238080184c0a5ffe7d48afea8a21163eef"
"weapon__C__63","weapon","C","63","3","21600","true","duration","","126","3","49BF46249902E3F8300E0C7F6A54CCEEAACD9D33EB276D539BAB59DEBE276ED9","19655","196967","62174","70030","47","53334","59625","7296","300","20576","5329","3975","1","1","6","42","1","[""core:ember_wand"",""core:harvest_scythe"",""core:iron_blade"",""core:ward_orbit"",""core:carpenter_hammer"",""core:hedge_drum"",""core:muster_horn"",""core:seed_bag""]","[""core:guarded_harvest"",""core:meal_oath"",""core:rally_boundary"",""core:repair_tithe""]","{""core:guarded_harvest"":22,""core:meal_oath"":17,""core:rally_boundary"":12,""core:repair_tithe"":3}","{""core:boundary_hinge"":1,""core:joiner_square"":5,""core:levy_bread_wrap"":4,""core:meadow_buckle"":4,""core:muster_roll"":2,""core:return_path_knot"":2,""core:root_binding_cord"":1,""core:scaffold_step"":2,""core:seed_pouch_lining"":2,""core:wind_seed_flag"":1}","[""core:sheltered_sowing"",""core:sowing_sworddance""]","[{""tick"":0,""evolutionId"":""core:sowing_sworddance"",""baseId"":""core:iron_blade""},{""tick"":19081,""evolutionId"":""core:sheltered_sowing"",""baseId"":""core:seed_bag""}]","{""core:hedge_drum"":{""building"":101,""people"":534},""core:muster_horn"":{""people"":1988},""core:seed_bag"":{""land"":187}}","raw/weapon__C__63.results.json","320cb9920fee29ed3bce90c427ac067f02a37c5785a4facd643350247291f48c","raw/weapon__C__63.metrics.json","da28b09a815e73f9be747aa5ae54f6e73304392bbdc0052dc3da4ea13b657aa2"
"weapon__C__64","weapon","C","64","3","21600","true","duration","","151","3","EBAFFC0A4410A218E1FA4DB46841DD3C15D9B8CDF5493EF097031D722F4BC397","23130","306248","83415","4649","48","63944","109530","0","300","20955","6245","7302","0","0","40","14","1","[""core:ember_wand"",""core:harvest_scythe"",""core:iron_blade"",""core:ward_orbit"",""core:muster_horn"",""core:seed_bag""]","[""core:guarded_harvest"",""core:meal_oath"",""core:rally_boundary"",""core:repair_tithe""]","{""core:guarded_harvest"":22,""core:meal_oath"":15,""core:rally_boundary"":33,""core:repair_tithe"":2}","{""core:levy_bread_wrap"":2,""core:meadow_buckle"":2,""core:muster_roll"":3,""core:return_path_knot"":7,""core:root_binding_cord"":6,""core:seed_pouch_lining"":2,""core:wind_seed_flag"":2}","[""core:sowing_sworddance""]","[{""tick"":0,""evolutionId"":""core:sowing_sworddance"",""baseId"":""core:iron_blade""}]","{""core:muster_horn"":{""people"":2465},""core:seed_bag"":{""land"":282}}","raw/weapon__C__64.results.json","bfcb93e221253d40785919159c33080e71024d311dd9eee443c5c3e69f2a28da","raw/weapon__C__64.metrics.json","32f96e0370b6afb3c15bc8ba333ce2f9e1fff3a13b4a1d72dd4f07e39a7e0a13"
"weapon__C__65","weapon","C","65","3","21600","true","duration","","138","3","D5C87690D160B6D0CB5F015C7616A4DE8CB766F49DD790F24806CC1E0B26B69D","21415","265130","97297","6797","323","60162","84600","0","300","20766","5877","5640","0","0","14","45","1","[""core:ember_wand"",""core:harvest_scythe"",""core:iron_blade"",""core:ward_orbit"",""core:muster_horn"",""core:seed_bag""]","[""core:guarded_harvest"",""core:meal_oath"",""core:rally_boundary""]","{""core:guarded_harvest"":32,""core:meal_oath"":15,""core:rally_boundary"":13}","{""core:levy_bread_wrap"":7,""core:meadow_buckle"":3,""core:muster_roll"":3,""core:return_path_knot"":3,""core:root_binding_cord"":2,""core:seed_pouch_lining"":3,""core:wind_seed_flag"":3}","[""core:sowing_sworddance""]","[{""tick"":0,""evolutionId"":""core:sowing_sworddance"",""baseId"":""core:iron_blade""}]","{""core:muster_horn"":{""people"":1672},""core:seed_bag"":{""land"":258}}","raw/weapon__C__65.results.json","8ffd595abb9a6aac161ad4123cca54e8338964f6ec8de803d70aff0da765dceb","raw/weapon__C__65.metrics.json","a5799312eeba862e7a9f0e71826a45f357fbb242a76fe9e495b07925f1c975a5"
"weapon__C__66","weapon","C","66","3","21600","true","duration","","119","3","7C76D8B1CF4E7AE679DE876B136D082AFE2F790A49B3F58BA316002E3D548C6F","19076","158196","90828","70252","8","51842","48375","6888","298","20388","5145","3225","1","1","15","34","1","[""core:ember_wand"",""core:harvest_scythe"",""core:iron_blade"",""core:ward_orbit"",""core:carpenter_hammer"",""core:muster_horn"",""core:seed_bag""]","[""core:guarded_harvest"",""core:meal_oath"",""core:rally_boundary"",""core:repair_tithe""]","{""core:guarded_harvest"":17,""core:meal_oath"":11,""core:rally_boundary"":7,""core:repair_tithe"":1}","{""core:boundary_hinge"":2,""core:joiner_square"":3,""core:levy_bread_wrap"":1,""core:meadow_buckle"":1,""core:muster_roll"":2,""core:return_path_knot"":3,""core:root_binding_cord"":6,""core:ruin_keystone"":1,""core:scaffold_step"":1,""core:seed_pouch_lining"":2,""core:shock_absorber_pad"":2}","[""core:sheltered_sowing"",""core:sowing_sworddance""]","[{""tick"":0,""evolutionId"":""core:sowing_sworddance"",""baseId"":""core:iron_blade""},{""tick"":457,""evolutionId"":""core:sheltered_sowing"",""baseId"":""core:seed_bag""}]","{""core:carpenter_hammer"":{""building"":70},""core:muster_horn"":{""people"":2153},""core:seed_bag"":{""land"":131}}","raw/weapon__C__66.results.json","6d10fa6c04dd26413c2134afa0a20edbbf6a4d2848d36bb02334b3243bc0a350","raw/weapon__C__66.metrics.json","5616488ee298c6daff383f9baad1021555c7d67dedeed1969d96a8638820f655"
"weapon__C__67","weapon","C","67","3","21600","true","duration","","151","3","3E4981A9247A288FB4D59551C0020E9F35F16570138C9B2A6C165611A43720B4","21948","243601","72839","69670","73","62850","104730","6660","298","20943","6074","6982","0","0","27","12","1","[""core:ember_wand"",""core:harvest_scythe"",""core:iron_blade"",""core:ward_orbit"",""core:carpenter_hammer"",""core:hedge_drum"",""core:muster_horn"",""core:seed_bag""]","[""core:guarded_harvest"",""core:meal_oath"",""core:rally_boundary"",""core:repair_tithe""]","{""core:guarded_harvest"":20,""core:meal_oath"":26,""core:rally_boundary"":10,""core:repair_tithe"":5}","{""core:boundary_hinge"":2,""core:levy_bread_wrap"":2,""core:meadow_buckle"":1,""core:muster_roll"":3,""core:return_path_knot"":1,""core:root_binding_cord"":1,""core:scaffold_step"":2,""core:seed_pouch_lining"":4,""core:shock_absorber_pad"":2,""core:wind_seed_flag"":5}","[""core:sheltered_sowing"",""core:sowing_sworddance""]","[{""tick"":0,""evolutionId"":""core:sowing_sworddance"",""baseId"":""core:iron_blade""},{""tick"":1651,""evolutionId"":""core:sheltered_sowing"",""baseId"":""core:seed_bag""}]","{""core:carpenter_hammer"":{""building"":31},""core:hedge_drum"":{""building"":96,""people"":557},""core:muster_horn"":{""people"":1370},""core:seed_bag"":{""land"":234}}","raw/weapon__C__67.results.json","4ee6ef95190c9b3b7133e845c766532481f7e02e0b84777ccc6a642f6614854b","raw/weapon__C__67.metrics.json","bc584394b4485545fc5f85f898cbb32d937383161bbf72ae8cc43c4e8d32bd89"
"weapon__C__68","weapon","C","68","3","21600","true","duration","","137","3","E2D1EB0C7F5FF2C024AB7618FA3EA35C0B66DCED1B9261FB155F22A43EB1C329","20960","278412","77964","5487","8","58850","84540","0","296","21162","5786","5636","0","0","19","30","1","[""core:ember_wand"",""core:harvest_scythe"",""core:iron_blade"",""core:ward_orbit"",""core:muster_horn"",""core:seed_bag""]","[""core:guarded_harvest"",""core:meal_oath"",""core:rally_boundary""]","{""core:guarded_harvest"":20,""core:meal_oath"":13,""core:rally_boundary"":13}","{""core:levy_bread_wrap"":2,""core:meadow_buckle"":3,""core:muster_roll"":5,""core:return_path_knot"":2,""core:root_binding_cord"":4,""core:seed_pouch_lining"":4,""core:wind_seed_flag"":4}","[""core:sowing_sworddance""]","[{""tick"":0,""evolutionId"":""core:sowing_sworddance"",""baseId"":""core:iron_blade""}]","{""core:muster_horn"":{""people"":2309},""core:seed_bag"":{""land"":224}}","raw/weapon__C__68.results.json","a14b805e7b800b70cb46071d31aa6eac6abdee44ecca2c148b261a417e7695a9","raw/weapon__C__68.metrics.json","0ffe7d46bb476e384355ac5296548373217ddc0855cd7bc1accdcf0bfe51c437"
"weapon__C__69","weapon","C","69","3","21600","true","duration","","127","3","17D12AB9A579F66112140FF47E9D5F97FC98DF8E4340F9361AD8909E82C26E30","20405","206589","65090","69717","1042","55778","60840","6516","298","20495","5478","4056","8","8","7","17","1","[""core:ember_wand"",""core:harvest_scythe"",""core:iron_blade"",""core:ward_orbit"",""core:carpenter_hammer"",""core:hedge_drum"",""core:muster_horn"",""core:seed_bag""]","[""core:guarded_harvest"",""core:meal_oath"",""core:rally_boundary"",""core:repair_tithe""]","{""core:guarded_harvest"":18,""core:meal_oath"":11,""core:rally_boundary"":8,""core:repair_tithe"":1}","{""core:boundary_hinge"":3,""core:joiner_square"":2,""core:levy_bread_wrap"":1,""core:meadow_buckle"":4,""core:muster_roll"":2,""core:return_path_knot"":1,""core:root_binding_cord"":2,""core:ruin_keystone"":1,""core:seed_pouch_lining"":3,""core:shock_absorber_pad"":2,""core:wind_seed_flag"":3}","[""core:sheltered_sowing"",""core:sowing_sworddance""]","[{""tick"":0,""evolutionId"":""core:sowing_sworddance"",""baseId"":""core:iron_blade""},{""tick"":2509,""evolutionId"":""core:sheltered_sowing"",""baseId"":""core:seed_bag""}]","{""core:carpenter_hammer"":{""building"":106},""core:hedge_drum"":{""building"":4,""people"":264},""core:muster_horn"":{""people"":1190},""core:seed_bag"":{""land"":176}}","raw/weapon__C__69.results.json","47bb9f5a9bd89f8cc70b3f6aea3e206248e4d12c95d727f11546674dc92e9543","raw/weapon__C__69.metrics.json","f9c56b22ffea1bf38607ca3efb6d29854062bc62f1a711b5aab87846d483c56a"
"weapon__C__70","weapon","C","70","3","21600","true","duration","","124","3","558A888742B10C056C04C715CEEE72E5016A93BA53B13E4882FC85E98ED23839","20226","236566","103468","3676","136","55790","61155","0","298","20647","5391","4077","0","0","10","39","1","[""core:ember_wand"",""core:harvest_scythe"",""core:iron_blade"",""core:ward_orbit"",""core:muster_horn"",""core:seed_bag""]","[""core:guarded_harvest"",""core:meal_oath"",""core:rally_boundary""]","{""core:guarded_harvest"":26,""core:meal_oath"":7,""core:rally_boundary"":6}","{""core:levy_bread_wrap"":2,""core:meadow_buckle"":2,""core:muster_roll"":2,""core:return_path_knot"":6,""core:root_binding_cord"":4,""core:seed_pouch_lining"":6,""core:wind_seed_flag"":2}","[""core:sowing_sworddance""]","[{""tick"":0,""evolutionId"":""core:sowing_sworddance"",""baseId"":""core:iron_blade""}]","{""core:muster_horn"":{""people"":2619},""core:seed_bag"":{""land"":202}}","raw/weapon__C__70.results.json","71f9e29bf3bc659b6c4aaffe86925fe1d5b28de52e4fe8af0113424d9d58167f","raw/weapon__C__70.metrics.json","b76ba3d560295e7f00d671afbdf71c737b31089c7a6a28f9e185b1f79161218e"
"weapon__C__71","weapon","C","71","3","21600","true","duration","","149","3","75C5F061A126A8010A14CCDFEDF1C227951BE24DC34C352B3BF95110D196B309","22671","308865","86011","10290","85","65702","103830","0","300","20126","6359","6922","0","0","20","39","1","[""core:ember_wand"",""core:harvest_scythe"",""core:iron_blade"",""core:ward_orbit"",""core:muster_horn"",""core:seed_bag""]","[""core:guarded_harvest"",""core:meal_oath"",""core:rally_boundary""]","{""core:guarded_harvest"":23,""core:meal_oath"":14,""core:rally_boundary"":20}","{""core:levy_bread_wrap"":2,""core:meadow_buckle"":3,""core:muster_roll"":4,""core:return_path_knot"":6,""core:root_binding_cord"":7,""core:seed_pouch_lining"":1,""core:wind_seed_flag"":1}","[""core:sowing_sworddance""]","[{""tick"":0,""evolutionId"":""core:sowing_sworddance"",""baseId"":""core:iron_blade""}]","{""core:muster_horn"":{""people"":2033},""core:seed_bag"":{""land"":300}}","raw/weapon__C__71.results.json","2bd52933ff519db2826ef6817d6d2a5f1aa6408f7fb3f902c1aa095fe7f7696f","raw/weapon__C__71.metrics.json","9a1cc56c6d7ef8d2737a6ed1ccae7c503cfc352ab91045834b1a1ecf53cd8c6e"
"weapon__C__72","weapon","C","72","3","21600","true","duration","","141","3","3C89807BAFC6036D545A2B70835E94BC5184F6F485A39626E4953C4DCF1522E0","21464","216915","86259","63811","629","59852","85395","5712","298","20542","5891","5693","15","15","0","35","1","[""core:ember_wand"",""core:harvest_scythe"",""core:iron_blade"",""core:ward_orbit"",""core:carpenter_hammer"",""core:muster_horn"",""core:seed_bag""]","[""core:guarded_harvest"",""core:meal_oath"",""core:rally_boundary""]","{""core:guarded_harvest"":28,""core:meal_oath"":8,""core:rally_boundary"":10}","{""core:boundary_hinge"":3,""core:joiner_square"":3,""core:levy_bread_wrap"":2,""core:meadow_buckle"":3,""core:muster_roll"":1,""core:return_path_knot"":1,""core:ruin_keystone"":1,""core:scaffold_step"":1,""core:seed_pouch_lining"":4,""core:shock_absorber_pad"":1,""core:wind_seed_flag"":4}","[""core:sheltered_sowing"",""core:sowing_sworddance""]","[{""tick"":0,""evolutionId"":""core:sowing_sworddance"",""baseId"":""core:iron_blade""},{""tick"":3049,""evolutionId"":""core:sheltered_sowing"",""baseId"":""core:seed_bag""}]","{""core:carpenter_hammer"":{""building"":205},""core:muster_horn"":{""people"":2188},""core:seed_bag"":{""land"":196}}","raw/weapon__C__72.results.json","a5c59ed4c592c9f5134655bd21b3ac5d78629146062d0a307ba8ea2ec80dbfde","raw/weapon__C__72.metrics.json","91afd8efba2377385280b721d419f806ac5a50d941a90bb21d07d49d9347301c"
"weapon__C__73","weapon","C","73","3","21600","true","duration","","145","3","585E8759A9EE77BCC1AE354F47DD803AD5C17CD4B2BE65B59BB01505D5B7AC67","21043","244504","63287","66909","159","60928","91215","6960","298","20540","5912","6081","0","0","9","20","1","[""core:ember_wand"",""core:harvest_scythe"",""core:iron_blade"",""core:ward_orbit"",""core:carpenter_hammer"",""core:hedge_drum"",""core:muster_horn"",""core:seed_bag""]","[""core:guarded_harvest"",""core:meal_oath"",""core:rally_boundary"",""core:repair_tithe""]","{""core:guarded_harvest"":28,""core:meal_oath"":19,""core:rally_boundary"":5,""core:repair_tithe"":7}","{""core:boundary_hinge"":1,""core:joiner_square"":2,""core:levy_bread_wrap"":2,""core:meadow_buckle"":4,""core:muster_roll"":2,""core:return_path_knot"":1,""core:root_binding_cord"":2,""core:ruin_keystone"":2,""core:scaffold_step"":3,""core:seed_pouch_lining"":2,""core:shock_absorber_pad"":1,""core:wind_seed_flag"":2}","[""core:sheltered_sowing"",""core:sowing_sworddance""]","[{""tick"":0,""evolutionId"":""core:sowing_sworddance"",""baseId"":""core:iron_blade""},{""tick"":1889,""evolutionId"":""core:sheltered_sowing"",""baseId"":""core:seed_bag""}]","{""core:carpenter_hammer"":{""building"":10},""core:hedge_drum"":{""building"":52,""people"":576},""core:muster_horn"":{""people"":2021},""core:seed_bag"":{""land"":245}}","raw/weapon__C__73.results.json","e29b6e0f8cb963692c1d768b0aff5e1034790594b98b170916555eb4482c57e5","raw/weapon__C__73.metrics.json","8fbdaf3ab5a1448f4a3168461d727bf47049dc1a5731d6ac9238082c2d5ee20e"
"land__A__42","land","A","42","3","21600","true","duration","","73","3","F470A6184733BC013FDBA56DEFB9EA0189B88C915E2075ECAD67D00F486F0FA6","9532","18743","62022","60547","16","22998","7725","10140","15","21600","2289","515","7","7","0","44","1","[""core:ember_wand"",""core:harvest_scythe"",""core:iron_blade"",""core:ward_orbit"",""core:carpenter_hammer"",""core:hedge_drum"",""core:muster_horn"",""core:seed_bag""]","[""core:guarded_harvest"",""core:rally_boundary"",""core:repair_tithe""]","{""core:guarded_harvest"":7,""core:rally_boundary"":3,""core:repair_tithe"":4}","{""core:boundary_hinge"":1,""core:joiner_square"":3,""core:levy_bread_wrap"":2,""core:meadow_buckle"":3,""core:muster_roll"":2,""core:root_binding_cord"":2,""core:ruin_keystone"":1,""core:scaffold_step"":2,""core:seed_pouch_lining"":3,""core:shock_absorber_pad"":1,""core:wind_seed_flag"":4}","[""core:sheltered_sowing"",""core:sowing_sworddance""]","[{""tick"":0,""evolutionId"":""core:sowing_sworddance"",""baseId"":""core:iron_blade""},{""tick"":4705,""evolutionId"":""core:sheltered_sowing"",""baseId"":""core:seed_bag""}]","{""core:carpenter_hammer"":{""building"":8},""core:hedge_drum"":{""building"":91},""core:muster_horn"":{""people"":44},""core:seed_bag"":{""land"":39}}","raw/land__A__42.results.json","c7cda9341464a1fb5c3b5e1acee14ac7ca2636136958dfd65c1c77ce9bd89100","raw/land__A__42.metrics.json","e1860b1a9d7f645c0495e856728bbbaf04d8f6b87dd099bb32c12948097a8f86"
"land__A__43","land","A","43","3","21600","true","duration","","64","3","5E514CC31138FD3D05A5A89D2FF7CC29CC8E1A1CF3ABD8DCCEFC04B69B9F8937","13038","39210","93722","8428","391","22966","7290","1092","29","21249","2284","486","8","8","0","44","1","[""core:ember_wand"",""core:harvest_scythe"",""core:iron_blade"",""core:ward_orbit"",""core:carpenter_hammer"",""core:hedge_drum"",""core:muster_horn"",""core:seed_bag""]","[""core:guarded_harvest"",""core:meal_oath"",""core:rally_boundary"",""core:repair_tithe""]","{""core:guarded_harvest"":5,""core:meal_oath"":3,""core:rally_boundary"":8,""core:repair_tithe"":1}","{""core:levy_bread_wrap"":1,""core:meadow_buckle"":7,""core:muster_roll"":3,""core:return_path_knot"":3,""core:root_binding_cord"":2,""core:scaffold_step"":1,""core:seed_pouch_lining"":4,""core:shock_absorber_pad"":2,""core:wind_seed_flag"":1}","[""core:sheltered_sowing"",""core:sowing_sworddance""]","[{""tick"":0,""evolutionId"":""core:sowing_sworddance"",""baseId"":""core:iron_blade""},{""tick"":11293,""evolutionId"":""core:sheltered_sowing"",""baseId"":""core:seed_bag""}]","{""core:carpenter_hammer"":{""building"":72},""core:hedge_drum"":{""building"":17},""core:muster_horn"":{""people"":44},""core:seed_bag"":{""land"":40}}","raw/land__A__43.results.json","48a662328fff844aff7b840458cfcac4c1d519c660339844d52a543e46abe459","raw/land__A__43.metrics.json","2d426f4bb9a40a844b2d7ebef351e986cca29989eaa81b24301da5125a989dea"
"land__A__44","land","A","44","3","21600","true","duration","","71","3","21F1F6CC60FE9D04AECA25DBE9DD9094F9545F114EBFCA7E2EA4E20A5B331BD1","10306","23874","64583","49795","68","22510","8730","7320","15","21600","2296","582","4","4","0","42","1","[""core:ember_wand"",""core:harvest_scythe"",""core:iron_blade"",""core:ward_orbit"",""core:carpenter_hammer"",""core:hedge_drum"",""core:muster_horn"",""core:seed_bag""]","[""core:guarded_harvest"",""core:meal_oath"",""core:rally_boundary"",""core:repair_tithe""]","{""core:guarded_harvest"":6,""core:meal_oath"":4,""core:rally_boundary"":3,""core:repair_tithe"":7}","{""core:joiner_square"":2,""core:levy_bread_wrap"":2,""core:meadow_buckle"":3,""core:muster_roll"":2,""core:return_path_knot"":2,""core:root_binding_cord"":4,""core:seed_pouch_lining"":3,""core:shock_absorber_pad"":1,""core:wind_seed_flag"":5}","[""core:sheltered_sowing"",""core:sowing_sworddance""]","[{""tick"":0,""evolutionId"":""core:sowing_sworddance"",""baseId"":""core:iron_blade""},{""tick"":9600,""evolutionId"":""core:sheltered_sowing"",""baseId"":""core:seed_bag""}]","{""core:carpenter_hammer"":{""building"":10},""core:hedge_drum"":{""building"":98},""core:muster_horn"":{""people"":42},""core:seed_bag"":{""land"":35}}","raw/land__A__44.results.json","d147cdcded446524b50e502d42ad6be114ab957cc78b0b84fd5abc4b10fa861d","raw/land__A__44.metrics.json","1a9f21e0426aa4e24365397a0854795180b09c5dd38b3bad8ca1807c97ffdfc9"
"land__A__45","land","A","45","3","21600","true","duration","","75","3","96F29A2DADFDCF02E05F7E124ADD4D1C34375D1D7E9487A8D6F88119B302DD96","10292","28080","47276","68321","64","23372","8220","11748","6","21600","2361","548","10","9","0","52","1","[""core:ember_wand"",""core:harvest_scythe"",""core:iron_blade"",""core:ward_orbit"",""core:carpenter_hammer"",""core:hedge_drum"",""core:muster_horn"",""core:seed_bag""]","[""core:guarded_harvest"",""core:meal_oath"",""core:rally_boundary"",""core:repair_tithe""]","{""core:guarded_harvest"":2,""core:meal_oath"":5,""core:rally_boundary"":5,""core:repair_tithe"":6}","{""core:joiner_square"":1,""core:levy_bread_wrap"":2,""core:meadow_buckle"":2,""core:muster_roll"":1,""core:return_path_knot"":2,""core:root_binding_cord"":1,""core:ruin_keystone"":3,""core:scaffold_step"":3,""core:seed_pouch_lining"":4,""core:shock_absorber_pad"":1,""core:wind_seed_flag"":4}","[""core:sheltered_sowing"",""core:sowing_sworddance""]","[{""tick"":0,""evolutionId"":""core:sowing_sworddance"",""baseId"":""core:iron_blade""},{""tick"":3190,""evolutionId"":""core:sheltered_sowing"",""baseId"":""core:seed_bag""}]","{""core:carpenter_hammer"":{""building"":29},""core:hedge_drum"":{""building"":110},""core:muster_horn"":{""people"":52},""core:seed_bag"":{""land"":32}}","raw/land__A__45.results.json","23c71a5ff075fdf2f00ee4e0cee1803290340f83c319e6d62cdda6196c8499f3","raw/land__A__45.metrics.json","12d282b90fe12823ca869b7c946a1e4a7d675a9d0864e653f55c57c31eb8133a"
"land__A__46","land","A","46","3","21600","true","duration","","64","3","3AFDCF25B04BD72EE2013B32210A876C958D610764A5AEB768BF94AD69E8FEC4","12521","29735","111332","341","64","22944","8325","0","18","21526","2267","555","0","0","0","43","1","[""core:ember_wand"",""core:harvest_scythe"",""core:iron_blade"",""core:ward_orbit"",""core:muster_horn"",""core:seed_bag""]","[""core:guarded_harvest"",""core:meal_oath"",""core:rally_boundary"",""core:repair_tithe""]","{""core:guarded_harvest"":12,""core:meal_oath"":8,""core:rally_boundary"":4,""core:repair_tithe"":2}","{""core:levy_bread_wrap"":2,""core:meadow_buckle"":4,""core:muster_roll"":1,""core:return_path_knot"":3,""core:root_binding_cord"":3,""core:seed_pouch_lining"":5,""core:wind_seed_flag"":6}","[""core:sowing_sworddance""]","[{""tick"":0,""evolutionId"":""core:sowing_sworddance"",""baseId"":""core:iron_blade""}]","{""core:muster_horn"":{""people"":43},""core:seed_bag"":{""land"":34}}","raw/land__A__46.results.json","c834bda498326f1f7b186791a8098f19355ce2547127b77d7e065c455d96301b","raw/land__A__46.metrics.json","ac32801ac5290137723d1c7a1152f7f31ee2497888e93a4b150c3d1cabbd5ccd"
"land__A__47","land","A","47","3","21600","true","duration","","71","3","D260F473FABC879A49E13FE6688E03684A9DE1A6DF9AFE5CB1F210F9E04E7F74","10040","22183","51340","67833","610","23078","5580","9804","11","21600","2278","372","7","7","0","19","1","[""core:ember_wand"",""core:harvest_scythe"",""core:iron_blade"",""core:ward_orbit"",""core:carpenter_hammer"",""core:hedge_drum"",""core:muster_horn"",""core:seed_bag""]","[""core:guarded_harvest"",""core:meal_oath"",""core:rally_boundary"",""core:repair_tithe""]","{""core:guarded_harvest"":9,""core:meal_oath"":5,""core:rally_boundary"":6,""core:repair_tithe"":7}","{""core:boundary_hinge"":1,""core:joiner_square"":2,""core:levy_bread_wrap"":1,""core:meadow_buckle"":3,""core:muster_roll"":4,""core:return_path_knot"":2,""core:root_binding_cord"":2,""core:scaffold_step"":4,""core:seed_pouch_lining"":2,""core:shock_absorber_pad"":2,""core:wind_seed_flag"":1}","[""core:sheltered_sowing"",""core:sowing_sworddance""]","[{""tick"":0,""evolutionId"":""core:sowing_sworddance"",""baseId"":""core:iron_blade""},{""tick"":457,""evolutionId"":""core:sheltered_sowing"",""baseId"":""core:seed_bag""}]","{""core:carpenter_hammer"":{""building"":72},""core:hedge_drum"":{""building"":41},""core:muster_horn"":{""people"":19},""core:seed_bag"":{""land"":36}}","raw/land__A__47.results.json","1685836bb13c819d90f7f66b0000b8f1f4c97281e36b14af4e9761a661792bf5","raw/land__A__47.metrics.json","ae6aa31a2c952639cfac23f0c93bbb3e5543cf6dbb41b7c008716536629b176c"
"land__A__48","land","A","48","3","21600","true","duration","","77","3","81F8612BBA166F8FA30B22E5524C95A88502F95F3A9F002A9530DAA255036695","9819","31360","59871","58300","8","24280","10980","9924","14","21600","2389","732","14","13","0","43","1","[""core:ember_wand"",""core:harvest_scythe"",""core:iron_blade"",""core:ward_orbit"",""core:carpenter_hammer"",""core:hedge_drum"",""core:muster_horn"",""core:seed_bag""]","[""core:guarded_harvest"",""core:meal_oath"",""core:rally_boundary"",""core:repair_tithe""]","{""core:guarded_harvest"":7,""core:meal_oath"":10,""core:rally_boundary"":6,""core:repair_tithe"":7}","{""core:levy_bread_wrap"":5,""core:meadow_buckle"":1,""core:muster_roll"":1,""core:return_path_knot"":3,""core:root_binding_cord"":4,""core:ruin_keystone"":2,""core:seed_pouch_lining"":5,""core:wind_seed_flag"":3}","[""core:sheltered_sowing"",""core:sowing_sworddance""]","[{""tick"":0,""evolutionId"":""core:sowing_sworddance"",""baseId"":""core:iron_blade""},{""tick"":951,""evolutionId"":""core:sheltered_sowing"",""baseId"":""core:seed_bag""}]","{""core:carpenter_hammer"":{""building"":49},""core:hedge_drum"":{""building"":28},""core:muster_horn"":{""people"":43},""core:seed_bag"":{""land"":52}}","raw/land__A__48.results.json","fa57af374e120fe4ad566a4902f706456c0ea4728754b866372a15773f3c2898","raw/land__A__48.metrics.json","75922bedff72049318b4da0bfd167a3f1fd7eb725d40ce8f6c9d162732e52b86"
"land__A__49","land","A","49","3","21600","true","duration","","72","3","0AEEBA37A360901A54B7DB286CE9B113F0895B7004A351A7AD74877660ABD2FD","10544","27673","69584","50304","1542","24330","8085","7800","11","21600","2425","539","17","16","0","59","1","[""core:ember_wand"",""core:harvest_scythe"",""core:iron_blade"",""core:ward_orbit"",""core:carpenter_hammer"",""core:hedge_drum"",""core:muster_horn"",""core:seed_bag""]","[""core:guarded_harvest"",""core:meal_oath"",""core:rally_boundary"",""core:repair_tithe""]","{""core:guarded_harvest"":7,""core:meal_oath"":2,""core:rally_boundary"":7,""core:repair_tithe"":3}","{""core:boundary_hinge"":3,""core:joiner_square"":2,""core:levy_bread_wrap"":2,""core:meadow_buckle"":1,""core:muster_roll"":2,""core:return_path_knot"":2,""core:root_binding_cord"":4,""core:scaffold_step"":2,""core:seed_pouch_lining"":2,""core:shock_absorber_pad"":3,""core:wind_seed_flag"":1}","[""core:sheltered_sowing"",""core:sowing_sworddance""]","[{""tick"":0,""evolutionId"":""core:sowing_sworddance"",""baseId"":""core:iron_blade""},{""tick"":9367,""evolutionId"":""core:sheltered_sowing"",""baseId"":""core:seed_bag""}]","{""core:hedge_drum"":{""building"":93},""core:muster_horn"":{""people"":59},""core:seed_bag"":{""land"":33}}","raw/land__A__49.results.json","5ab98d20ab8be8c8ed568e752fc0ca01c033a4d2d42ac402b6c23dd399381aff","raw/land__A__49.metrics.json","675e3278087b2e99c100e483340f6c269f6267b6b038d295f60a37a920ff55b1"
"land__A__50","land","A","50","3","21600","true","duration","","61","3","EC90C6F614FA3C136633FB8377D66BBD6D0C087D935F09F58954D57EA44850FA","11784","24610","111768","152","879","22326","6675","0","21","21545","2264","445","0","0","0","37","1","[""core:ember_wand"",""core:harvest_scythe"",""core:iron_blade"",""core:ward_orbit"",""core:muster_horn"",""core:seed_bag""]","[""core:guarded_harvest"",""core:meal_oath"",""core:rally_boundary"",""core:repair_tithe""]","{""core:guarded_harvest"":10,""core:meal_oath"":3,""core:rally_boundary"":5,""core:repair_tithe"":4}","{""core:levy_bread_wrap"":4,""core:meadow_buckle"":2,""core:muster_roll"":3,""core:return_path_knot"":7,""core:root_binding_cord"":2,""core:seed_pouch_lining"":3,""core:wind_seed_flag"":3}","[""core:sowing_sworddance""]","[{""tick"":0,""evolutionId"":""core:sowing_sworddance"",""baseId"":""core:iron_blade""}]","{""core:muster_horn"":{""people"":37},""core:seed_bag"":{""land"":37}}","raw/land__A__50.results.json","93a0629e0284d7f7db63ebcad5f5c6cd10703c2eaec8ee39dec8e912e40a573a","raw/land__A__50.metrics.json","45173344a09c885acf42d99aac968d380f196775f02bc0f4854b57947b9b76f4"
"land__A__51","land","A","51","3","21600","true","duration","","74","3","ED8B6AFC8A032E8A3694BB347270DE416AAAC0DC6C42EADE6F3F038DE8396FC9","9824","17713","69374","59630","248","23888","7785","10392","8","21600","2356","519","2","2","0","45","1","[""core:ember_wand"",""core:harvest_scythe"",""core:iron_blade"",""core:ward_orbit"",""core:carpenter_hammer"",""core:hedge_drum"",""core:muster_horn"",""core:seed_bag""]","[""core:guarded_harvest"",""core:meal_oath"",""core:rally_boundary"",""core:repair_tithe""]","{""core:guarded_harvest"":13,""core:meal_oath"":1,""core:rally_boundary"":4,""core:repair_tithe"":8}","{""core:joiner_square"":3,""core:levy_bread_wrap"":1,""core:meadow_buckle"":2,""core:muster_roll"":4,""core:return_path_knot"":5,""core:root_binding_cord"":3,""core:scaffold_step"":1,""core:seed_pouch_lining"":1,""core:shock_absorber_pad"":1,""core:wind_seed_flag"":2}","[""core:sheltered_sowing"",""core:sowing_sworddance""]","[{""tick"":0,""evolutionId"":""core:sowing_sworddance"",""baseId"":""core:iron_blade""},{""tick"":2130,""evolutionId"":""core:sheltered_sowing"",""baseId"":""core:seed_bag""}]","{""core:carpenter_hammer"":{""building"":8},""core:hedge_drum"":{""building"":102,""people"":315},""core:muster_horn"":{""people"":45},""core:seed_bag"":{""land"":29}}","raw/land__A__51.results.json","a6fe48789091f7d4a237109bfc3655f55c080fcf20221937a01e0cd9574eca27","raw/land__A__51.metrics.json","d91748296a1855f7b1d22f64db35703099c0ee7e6ea2f59adbef3421e9998d2b"
"land__A__52","land","A","52","3","21600","true","duration","","59","3","4875147EB2A815B9CAF958E35060D2653FCE2BCC91FDCD39899AC02123543886","11572","41631","96243","190","0","22394","4935","0","6","21185","2256","329","0","0","0","46","1","[""core:ember_wand"",""core:harvest_scythe"",""core:iron_blade"",""core:ward_orbit"",""core:muster_horn"",""core:seed_bag""]","[""core:guarded_harvest"",""core:meal_oath"",""core:rally_boundary"",""core:repair_tithe""]","{""core:guarded_harvest"":11,""core:meal_oath"":3,""core:rally_boundary"":3,""core:repair_tithe"":1}","{""core:levy_bread_wrap"":1,""core:meadow_buckle"":6,""core:muster_roll"":4,""core:return_path_knot"":5,""core:root_binding_cord"":6,""core:seed_pouch_lining"":2}","[""core:sowing_sworddance""]","[{""tick"":0,""evolutionId"":""core:sowing_sworddance"",""baseId"":""core:iron_blade""}]","{""core:muster_horn"":{""people"":46},""core:seed_bag"":{""land"":37}}","raw/land__A__52.results.json","921e51cc47c55a3b38234e68b3ef12b0d24cb30d2b1f91248351ea7c2d576b5f","raw/land__A__52.metrics.json","64b03e30c8aef66614a2067890ce64955bbbb8aed649aa121824d6b83365a1dd"
"land__A__53","land","A","53","3","21600","true","duration","","68","3","E7D68BB1BFB89D924B6411560C524105494AB60A75EEA057945A203CD21BC617","9688","26856","76831","37367","181","23084","8670","4140","16","20982","2323","578","29","26","0","41","1","[""core:ember_wand"",""core:harvest_scythe"",""core:iron_blade"",""core:ward_orbit"",""core:carpenter_hammer"",""core:hedge_drum"",""core:muster_horn"",""core:seed_bag""]","[""core:guarded_harvest"",""core:meal_oath"",""core:rally_boundary"",""core:repair_tithe""]","{""core:guarded_harvest"":5,""core:meal_oath"":8,""core:rally_boundary"":3,""core:repair_tithe"":2}","{""core:boundary_hinge"":3,""core:joiner_square"":2,""core:levy_bread_wrap"":1,""core:meadow_buckle"":1,""core:muster_roll"":1,""core:return_path_knot"":2,""core:root_binding_cord"":2,""core:ruin_keystone"":2,""core:scaffold_step"":1,""core:seed_pouch_lining"":1,""core:shock_absorber_pad"":3,""core:wind_seed_flag"":3}","[""core:sheltered_sowing"",""core:sowing_sworddance""]","[{""tick"":0,""evolutionId"":""core:sowing_sworddance"",""baseId"":""core:iron_blade""},{""tick"":1730,""evolutionId"":""core:sheltered_sowing"",""baseId"":""core:seed_bag""}]","{""core:carpenter_hammer"":{""building"":11},""core:hedge_drum"":{""building"":93,""people"":47},""core:muster_horn"":{""people"":41},""core:seed_bag"":{""land"":37}}","raw/land__A__53.results.json","1d850aee0aedecdd1670ac1e3b678fabbedef9a5695d2d301941ec597f6b41e2","raw/land__A__53.metrics.json","476c5be8a920dcf468eef09f0d166a8d7c101aab72778c5043521a6e09c92f4b"
"land__A__54","land","A","54","3","21600","true","duration","","66","3","F5112BDC437A056A6EDB6635CB963AD0EB2AB994C9B88905111D8AABD8CA960C","11787","46083","58389","35357","2291","23098","6240","4140","6","21600","2328","416","13","8","0","29","1","[""core:ember_wand"",""core:harvest_scythe"",""core:iron_blade"",""core:ward_orbit"",""core:carpenter_hammer"",""core:hedge_drum"",""core:muster_horn"",""core:seed_bag""]","[""core:guarded_harvest"",""core:meal_oath"",""core:rally_boundary"",""core:repair_tithe""]","{""core:guarded_harvest"":10,""core:meal_oath"":3,""core:rally_boundary"":6,""core:repair_tithe"":3}","{""core:boundary_hinge"":1,""core:joiner_square"":1,""core:levy_bread_wrap"":1,""core:meadow_buckle"":7,""core:muster_roll"":2,""core:return_path_knot"":2,""core:root_binding_cord"":3,""core:scaffold_step"":2,""core:seed_pouch_lining"":2,""core:shock_absorber_pad"":3}","[""core:sheltered_sowing"",""core:sowing_sworddance""]","[{""tick"":0,""evolutionId"":""core:sowing_sworddance"",""baseId"":""core:iron_blade""},{""tick"":10575,""evolutionId"":""core:sheltered_sowing"",""baseId"":""core:seed_bag""}]","{""core:carpenter_hammer"":{""building"":98},""core:hedge_drum"":{""building"":77},""core:muster_horn"":{""people"":29},""core:seed_bag"":{""land"":33}}","raw/land__A__54.results.json","47dd7df79a8054baeabfab6e294b8d7d9ffaafd506bbf0e6de60de499b7fe819","raw/land__A__54.metrics.json","4a71611570ac4d64b3d9dc8825944d584065b2f27c975cb855ad87db5a6dd74d"
"land__A__55","land","A","55","3","21600","true","duration","","74","3","2CA195C62AE8E11FA81B94075D5BBC96945C5B502479503BDCF1D8D83A6DDD43","10095","25958","51454","63293","108","22814","9075","9756","12","21600","2324","605","4","4","0","44","1","[""core:ember_wand"",""core:harvest_scythe"",""core:iron_blade"",""core:ward_orbit"",""core:carpenter_hammer"",""core:hedge_drum"",""core:muster_horn"",""core:seed_bag""]","[""core:guarded_harvest"",""core:meal_oath"",""core:rally_boundary"",""core:repair_tithe""]","{""core:guarded_harvest"":9,""core:meal_oath"":2,""core:rally_boundary"":5,""core:repair_tithe"":5}","{""core:meadow_buckle"":2,""core:muster_roll"":1,""core:return_path_knot"":5,""core:root_binding_cord"":2,""core:ruin_keystone"":4,""core:scaffold_step"":2,""core:seed_pouch_lining"":2,""core:shock_absorber_pad"":2,""core:wind_seed_flag"":4}","[""core:sheltered_sowing"",""core:sowing_sworddance""]","[{""tick"":0,""evolutionId"":""core:sowing_sworddance"",""baseId"":""core:iron_blade""},{""tick"":4777,""evolutionId"":""core:sheltered_sowing"",""baseId"":""core:seed_bag""}]","{""core:carpenter_hammer"":{""building"":67},""core:hedge_drum"":{""building"":70},""core:muster_horn"":{""people"":44},""core:seed_bag"":{""land"":38}}","raw/land__A__55.results.json","6f54b9b0818a54527f48a254d90a14e87878f4f2f20f30e6f0abc6239f3ed5ea","raw/land__A__55.metrics.json","1a131e93b6fe7df867a97d13a4b9c2f226f9fe6f27c7c05c4844e14e705f2b2f"
"land__A__56","land","A","56","3","21600","true","duration","","62","3","F304A149C6D6A96378A5D469B2C73FF7211446E8852653EC0F1CEF0BC30AEBB9","10181","26014","111015","241","294","22202","7395","24","10","21544","2282","493","0","0","0","48","1","[""core:ember_wand"",""core:harvest_scythe"",""core:iron_blade"",""core:ward_orbit"",""core:carpenter_hammer"",""core:muster_horn"",""core:seed_bag""]","[""core:guarded_harvest"",""core:meal_oath"",""core:rally_boundary"",""core:repair_tithe""]","{""core:guarded_harvest"":6,""core:meal_oath"":5,""core:rally_boundary"":9,""core:repair_tithe"":1}","{""core:levy_bread_wrap"":5,""core:meadow_buckle"":4,""core:muster_roll"":5,""core:return_path_knot"":3,""core:root_binding_cord"":2,""core:seed_pouch_lining"":2,""core:wind_seed_flag"":3}","[""core:sheltered_sowing"",""core:sowing_sworddance""]","[{""tick"":0,""evolutionId"":""core:sowing_sworddance"",""baseId"":""core:iron_blade""},{""tick"":21036,""evolutionId"":""core:sheltered_sowing"",""baseId"":""core:seed_bag""}]","{""core:carpenter_hammer"":{""building"":13},""core:muster_horn"":{""people"":48},""core:seed_bag"":{""land"":47}}","raw/land__A__56.results.json","e9c1f2e77cb4eff9e8b7fc9f729385b26c3339902b4c60cbf202832324e69779","raw/land__A__56.metrics.json","7d28d472cb63c25d09c0b6dc693cfeecf2d5e35f785fef66b839db30927b91eb"
"land__A__57","land","A","57","3","21600","true","duration","","67","3","C48F6D2CDD2DBBD19282099791EB63F0CC8AFB82D8CC6FDE80EE68A31220DB55","11586","41141","46641","51953","466","22642","5490","6216","13","21408","2283","366","16","15","0","36","1","[""core:ember_wand"",""core:harvest_scythe"",""core:iron_blade"",""core:ward_orbit"",""core:carpenter_hammer"",""core:hedge_drum"",""core:muster_horn"",""core:seed_bag""]","[""core:guarded_harvest"",""core:meal_oath"",""core:rally_boundary"",""core:repair_tithe""]","{""core:guarded_harvest"":12,""core:meal_oath"":2,""core:rally_boundary"":2,""core:repair_tithe"":8}","{""core:boundary_hinge"":2,""core:joiner_square"":1,""core:levy_bread_wrap"":2,""core:meadow_buckle"":7,""core:muster_roll"":1,""core:return_path_knot"":1,""core:root_binding_cord"":2,""core:ruin_keystone"":2,""core:scaffold_step"":2,""core:seed_pouch_lining"":2,""core:shock_absorber_pad"":1,""core:wind_seed_flag"":1}","[""core:sheltered_sowing"",""core:sowing_sworddance""]","[{""tick"":0,""evolutionId"":""core:sowing_sworddance"",""baseId"":""core:iron_blade""},{""tick"":1200,""evolutionId"":""core:sheltered_sowing"",""baseId"":""core:seed_bag""}]","{""core:carpenter_hammer"":{""building"":54},""core:hedge_drum"":{""building"":98},""core:muster_horn"":{""people"":36},""core:seed_bag"":{""land"":39}}","raw/land__A__57.results.json","ca867cacc88a64a39bc9000efd752b022693e6dcb297264980a40e9ccac91778","raw/land__A__57.metrics.json","f4ea76c397fae85bbb80d34d5c413bf462912cc91447bbfd4b47f49010f8446c"
"land__A__58","land","A","58","3","21600","true","duration","","62","3","2C3F7C18CE172CD4800281C907EEBBE336EF5CA1458A5CBA5D2DA630728D2EA8","10743","25305","110343","121","24","22026","7800","0","21","21600","2257","520","0","0","0","41","1","[""core:ember_wand"",""core:harvest_scythe"",""core:iron_blade"",""core:ward_orbit"",""core:muster_horn"",""core:seed_bag""]","[""core:guarded_harvest"",""core:meal_oath"",""core:rally_boundary""]","{""core:guarded_harvest"":9,""core:meal_oath"":1,""core:rally_boundary"":3}","{""core:levy_bread_wrap"":1,""core:meadow_buckle"":2,""core:muster_roll"":5,""core:return_path_knot"":5,""core:root_binding_cord"":1,""core:seed_pouch_lining"":5,""core:wind_seed_flag"":5}","[""core:sowing_sworddance""]","[{""tick"":0,""evolutionId"":""core:sowing_sworddance"",""baseId"":""core:iron_blade""}]","{""core:muster_horn"":{""people"":41},""core:seed_bag"":{""land"":38}}","raw/land__A__58.results.json","d607ca5b328d3141cc04718b49719ad2e53a84da4df24135bae16629bbce6ccb","raw/land__A__58.metrics.json","4e3602d67cc3154fbdf5cebdd4c70fe52d0d7a4a4c7b3cfc04d018949c6b214a"
"land__A__59","land","A","59","3","21600","true","duration","","68","3","2AC8B68F7090B8EB174C0CDDAC25A8FA3C51679D4ACCAED28D4AEBC4D4C34625","10544","17649","76479","44803","79","22424","6435","6336","10","21351","2273","429","21","15","0","44","1","[""core:ember_wand"",""core:harvest_scythe"",""core:iron_blade"",""core:ward_orbit"",""core:carpenter_hammer"",""core:hedge_drum"",""core:muster_horn"",""core:seed_bag""]","[""core:guarded_harvest"",""core:meal_oath"",""core:rally_boundary"",""core:repair_tithe""]","{""core:guarded_harvest"":10,""core:meal_oath"":11,""core:rally_boundary"":1,""core:repair_tithe"":2}","{""core:boundary_hinge"":1,""core:joiner_square"":4,""core:levy_bread_wrap"":1,""core:meadow_buckle"":2,""core:muster_roll"":5,""core:return_path_knot"":4,""core:root_binding_cord"":2,""core:ruin_keystone"":2,""core:seed_pouch_lining"":2,""core:shock_absorber_pad"":1}","[""core:sheltered_sowing"",""core:sowing_sworddance""]","[{""tick"":0,""evolutionId"":""core:sowing_sworddance"",""baseId"":""core:iron_blade""},{""tick"":4407,""evolutionId"":""core:sheltered_sowing"",""baseId"":""core:seed_bag""}]","{""core:carpenter_hammer"":{""building"":30},""core:hedge_drum"":{""building"":161},""core:muster_horn"":{""people"":44},""core:seed_bag"":{""land"":26}}","raw/land__A__59.results.json","c9b6b209e60e31d65643b42c0cfd520b0cb2cb461e80ad46f95bfd95c7ab0ef2","raw/land__A__59.metrics.json","a91ae2581e881d09fd25a07e46a58dedb022f1e39ec7f6aa39291adf19044b4e"
"land__A__60","land","A","60","3","21600","true","duration","","74","3","BFDC06D4A107FDFEDB92C6B244AFDF25ABE3A4177EE578FF3935780360808381","10545","19926","47686","70574","3","22558","7740","12084","2","21586","2288","516","7","7","0","13","1","[""core:ember_wand"",""core:harvest_scythe"",""core:iron_blade"",""core:ward_orbit"",""core:carpenter_hammer"",""core:hedge_drum"",""core:muster_horn"",""core:seed_bag""]","[""core:guarded_harvest"",""core:meal_oath"",""core:rally_boundary"",""core:repair_tithe""]","{""core:guarded_harvest"":9,""core:meal_oath"":10,""core:rally_boundary"":6,""core:repair_tithe"":9}","{""core:boundary_hinge"":1,""core:joiner_square"":1,""core:levy_bread_wrap"":1,""core:meadow_buckle"":2,""core:muster_roll"":4,""core:root_binding_cord"":4,""core:seed_pouch_lining"":4,""core:shock_absorber_pad"":4,""core:wind_seed_flag"":3}","[""core:sheltered_sowing"",""core:sowing_sworddance""]","[{""tick"":0,""evolutionId"":""core:sowing_sworddance"",""baseId"":""core:iron_blade""},{""tick"":457,""evolutionId"":""core:sheltered_sowing"",""baseId"":""core:seed_bag""}]","{""core:carpenter_hammer"":{""building"":48},""core:hedge_drum"":{""building"":68,""people"":491},""core:muster_horn"":{""people"":13},""core:seed_bag"":{""land"":32}}","raw/land__A__60.results.json","f70e677013c91b3f2e0e651d8f2e4ab996f3e57bec38c81ff540773afa189731","raw/land__A__60.metrics.json","f24cd9ca0a8ea62e3d044ffb910be1e708fcf8ddbe14415cf9c520b589fe55d1"
"land__A__61","land","A","61","3","21600","true","duration","","64","3","9F0C9C2E4F45E90B477454016139CB353B3F26FA7B894693BCA9ADD024DA0C55","9980","18540","123585","0","0","23084","8775","0","15","21600","2258","585","0","0","0","39","1","[""core:ember_wand"",""core:harvest_scythe"",""core:iron_blade"",""core:ward_orbit"",""core:muster_horn"",""core:seed_bag""]","[""core:guarded_harvest"",""core:meal_oath"",""core:rally_boundary""]","{""core:guarded_harvest"":9,""core:meal_oath"":3,""core:rally_boundary"":13}","{""core:levy_bread_wrap"":8,""core:meadow_buckle"":3,""core:muster_roll"":1,""core:return_path_knot"":4,""core:root_binding_cord"":2,""core:seed_pouch_lining"":2,""core:wind_seed_flag"":4}","[""core:sowing_sworddance""]","[{""tick"":0,""evolutionId"":""core:sowing_sworddance"",""baseId"":""core:iron_blade""}]","{""core:muster_horn"":{""people"":39},""core:seed_bag"":{""land"":33}}","raw/land__A__61.results.json","8d2dfb916fed4ad460d995cb4e130f424b987d020682718308052d8e43838784","raw/land__A__61.metrics.json","1975719e339db9187c2da0ab819a1f6d3f6ef14276a1e29cfbcac62c3c45e105"
"land__A__62","land","A","62","3","21600","true","duration","","74","3","3F8EEA74A209817A8357AEE379E7924F70D8861A1E91A19D2EEAB2DC2E7CC917","9220","22275","49294","68876","56","22896","7215","11760","16","21600","2317","481","2","2","0","33","1","[""core:ember_wand"",""core:harvest_scythe"",""core:iron_blade"",""core:ward_orbit"",""core:carpenter_hammer"",""core:hedge_drum"",""core:muster_horn"",""core:seed_bag""]","[""core:guarded_harvest"",""core:meal_oath"",""core:rally_boundary"",""core:repair_tithe""]","{""core:guarded_harvest"":11,""core:meal_oath"":7,""core:rally_boundary"":5,""core:repair_tithe"":6}","{""core:boundary_hinge"":2,""core:joiner_square"":2,""core:levy_bread_wrap"":3,""core:meadow_buckle"":4,""core:muster_roll"":1,""core:return_path_knot"":2,""core:root_binding_cord"":3,""core:ruin_keystone"":1,""core:seed_pouch_lining"":1,""core:shock_absorber_pad"":3,""core:wind_seed_flag"":2}","[""core:sheltered_sowing"",""core:sowing_sworddance""]","[{""tick"":0,""evolutionId"":""core:sowing_sworddance"",""baseId"":""core:iron_blade""},{""tick"":5700,""evolutionId"":""core:sheltered_sowing"",""baseId"":""core:seed_bag""}]","{""core:carpenter_hammer"":{""building"":2},""core:hedge_drum"":{""building"":91,""people"":406},""core:muster_horn"":{""people"":33},""core:seed_bag"":{""land"":40}}","raw/land__A__62.results.json","9aaa020721aa684a9abab11456628c6907a0a83c048f50409017519dea019573","raw/land__A__62.metrics.json","e5b2cb19c46ecc43ebbe98db2f18c3b43ae4dae66516bea34e19919652895609"
"land__A__63","land","A","63","3","21600","true","duration","","62","3","3E1558C98841129F71D30369DB5DA3DB008FB8E68400E4E100930A068F1C9452","12845","30825","108147","369","2074","23028","6960","0","15","21589","2327","464","0","0","0","52","1","[""core:ember_wand"",""core:harvest_scythe"",""core:iron_blade"",""core:ward_orbit"",""core:muster_horn"",""core:seed_bag""]","[""core:guarded_harvest"",""core:meal_oath"",""core:rally_boundary""]","{""core:guarded_harvest"":11,""core:meal_oath"":9,""core:rally_boundary"":5}","{""core:levy_bread_wrap"":2,""core:meadow_buckle"":7,""core:muster_roll"":1,""core:return_path_knot"":1,""core:root_binding_cord"":4,""core:seed_pouch_lining"":4,""core:wind_seed_flag"":5}","[""core:sowing_sworddance""]","[{""tick"":0,""evolutionId"":""core:sowing_sworddance"",""baseId"":""core:iron_blade""}]","{""core:muster_horn"":{""people"":52},""core:seed_bag"":{""land"":27}}","raw/land__A__63.results.json","13d50e36db1dd936c32cd552765f2a6ea771e99a74efd4d753f57f30f6ecb232","raw/land__A__63.metrics.json","db21b2d029ec442c0c64e367315e92d7316e1ffb35361883c8fa13be643f0565"
"land__A__64","land","A","64","3","21600","true","duration","","65","3","72127B6020E968D9D03D83BEE8A0CBCE3FE2CF630F7192815D5E3BD2C5D962D3","9817","17236","94792","25761","16","22416","6810","3456","11","21384","2254","454","10","9","0","40","1","[""core:ember_wand"",""core:harvest_scythe"",""core:iron_blade"",""core:ward_orbit"",""core:carpenter_hammer"",""core:hedge_drum"",""core:muster_horn"",""core:seed_bag""]","[""core:guarded_harvest"",""core:meal_oath"",""core:rally_boundary"",""core:repair_tithe""]","{""core:guarded_harvest"":17,""core:meal_oath"":7,""core:rally_boundary"":7,""core:repair_tithe"":2}","{""core:boundary_hinge"":2,""core:joiner_square"":1,""core:levy_bread_wrap"":2,""core:meadow_buckle"":2,""core:muster_roll"":4,""core:return_path_knot"":4,""core:root_binding_cord"":2,""core:ruin_keystone"":1,""core:scaffold_step"":3,""core:seed_pouch_lining"":1,""core:wind_seed_flag"":2}","[""core:sheltered_sowing"",""core:sowing_sworddance""]","[{""tick"":0,""evolutionId"":""core:sowing_sworddance"",""baseId"":""core:iron_blade""},{""tick"":6618,""evolutionId"":""core:sheltered_sowing"",""baseId"":""core:seed_bag""}]","{""core:carpenter_hammer"":{""building"":57},""core:hedge_drum"":{""building"":36},""core:muster_horn"":{""people"":40},""core:seed_bag"":{""land"":36}}","raw/land__A__64.results.json","3c5e2c52d41a4c548a18f8c43ded281dab1fa9e563f615e5f978705c5f88f3c9","raw/land__A__64.metrics.json","eba81217b07fa1c326faaf9510597183698d70059b35e2867582c279935e061e"
"land__A__65","land","A","65","3","21600","true","duration","","61","3","7EBE9525A064713D29619B5C9BB8DAA9BAB664899B38120B41ED608994675A9F","10386","29461","108005","12","8","22174","6810","0","18","21574","2247","454","0","0","0","33","1","[""core:ember_wand"",""core:harvest_scythe"",""core:iron_blade"",""core:ward_orbit"",""core:muster_horn"",""core:seed_bag""]","[""core:guarded_harvest"",""core:meal_oath"",""core:rally_boundary""]","{""core:guarded_harvest"":10,""core:meal_oath"":2,""core:rally_boundary"":7}","{""core:levy_bread_wrap"":5,""core:meadow_buckle"":6,""core:muster_roll"":2,""core:return_path_knot"":4,""core:seed_pouch_lining"":3,""core:wind_seed_flag"":3}","[""core:sowing_sworddance""]","[{""tick"":0,""evolutionId"":""core:sowing_sworddance"",""baseId"":""core:iron_blade""}]","{""core:muster_horn"":{""people"":33},""core:seed_bag"":{""land"":35}}","raw/land__A__65.results.json","5dc0c8f5e3f12be001964d6ed8105a3b7fb04ddc0653174172abd95edbdb216e","raw/land__A__65.metrics.json","9fb20cd3091eea52f58d2d4c5fd2b815379a83461444270001050bee39980270"
"land__A__66","land","A","66","3","21600","true","duration","","65","3","D9D25184BFC49E206F6E0FEC5F82622CC1F940E93BA96BC534D8D0E2F95B535C","9947","75743","48892","18490","1433","23520","6390","2388","1","21600","2329","426","6","6","18","0","1","[""core:ember_wand"",""core:harvest_scythe"",""core:iron_blade"",""core:ward_orbit"",""core:hedge_drum"",""core:seed_bag""]","[""core:guarded_harvest"",""core:meal_oath"",""core:rally_boundary"",""core:repair_tithe""]","{""core:guarded_harvest"":12,""core:meal_oath"":5,""core:rally_boundary"":3,""core:repair_tithe"":1}","{""core:levy_bread_wrap"":5,""core:meadow_buckle"":3,""core:root_binding_cord"":3,""core:scaffold_step"":1,""core:seed_pouch_lining"":6,""core:wind_seed_flag"":6}","[""core:sowing_sworddance""]","[{""tick"":0,""evolutionId"":""core:sowing_sworddance"",""baseId"":""core:iron_blade""}]","{""core:hedge_drum"":{""building"":165,""people"":265},""core:seed_bag"":{""land"":5}}","raw/land__A__66.results.json","f7dfaf9c5014d59f83c6c1eb8a87484c312af397b821eb57e5a7719ede80a279","raw/land__A__66.metrics.json","e41c11791b17b47c68c05cfdddfad6fa4ec1feac1545d6bcd6251ea491821304"
"land__A__67","land","A","67","3","21600","true","duration","","72","3","59CB50F7138C9DD64E895985E7E7EB6319554C6E960487768974B7F5B50D97E7","10549","20158","63568","57584","417","23108","6720","9972","6","21600","2302","448","0","0","0","47","1","[""core:ember_wand"",""core:harvest_scythe"",""core:iron_blade"",""core:ward_orbit"",""core:carpenter_hammer"",""core:hedge_drum"",""core:muster_horn"",""core:seed_bag""]","[""core:guarded_harvest"",""core:meal_oath"",""core:rally_boundary"",""core:repair_tithe""]","{""core:guarded_harvest"":13,""core:meal_oath"":4,""core:rally_boundary"":5,""core:repair_tithe"":6}","{""core:boundary_hinge"":2,""core:joiner_square"":2,""core:levy_bread_wrap"":2,""core:meadow_buckle"":5,""core:return_path_knot"":3,""core:root_binding_cord"":2,""core:ruin_keystone"":1,""core:scaffold_step"":1,""core:seed_pouch_lining"":2,""core:shock_absorber_pad"":1,""core:wind_seed_flag"":3}","[""core:sheltered_sowing"",""core:sowing_sworddance""]","[{""tick"":0,""evolutionId"":""core:sowing_sworddance"",""baseId"":""core:iron_blade""},{""tick"":5227,""evolutionId"":""core:sheltered_sowing"",""baseId"":""core:seed_bag""}]","{""core:carpenter_hammer"":{""building"":51},""core:hedge_drum"":{""building"":49},""core:muster_horn"":{""people"":47},""core:seed_bag"":{""land"":26}}","raw/land__A__67.results.json","c6b3b83c4d148144811ae55c97709558cd3690812511dd02d23be3dd7d6fd7fb","raw/land__A__67.metrics.json","e308726cdfb98cd3040bfa59fb8f0a7e052284a6b8fdc9b2cd416de5f09288b1"
"land__A__68","land","A","68","3","21600","true","duration","","64","3","0A51EB17DB252BEA2804D5ECC2805ECC6005ECFCEEE60000BDE17E82F8C9EB15","11134","28472","115850","49","552","23470","7980","0","12","21600","2321","532","0","0","0","57","1","[""core:ember_wand"",""core:harvest_scythe"",""core:iron_blade"",""core:ward_orbit"",""core:muster_horn"",""core:seed_bag""]","[""core:guarded_harvest"",""core:meal_oath"",""core:rally_boundary""]","{""core:guarded_harvest"":9,""core:meal_oath"":10,""core:rally_boundary"":4}","{""core:levy_bread_wrap"":5,""core:meadow_buckle"":3,""core:muster_roll"":1,""core:return_path_knot"":6,""core:root_binding_cord"":3,""core:seed_pouch_lining"":4,""core:wind_seed_flag"":2}","[""core:sowing_sworddance""]","[{""tick"":0,""evolutionId"":""core:sowing_sworddance"",""baseId"":""core:iron_blade""}]","{""core:muster_horn"":{""people"":57},""core:seed_bag"":{""land"":36}}","raw/land__A__68.results.json","b322c93184f2166284ec35d86fc2d3fee027a881faf01d3fd7d78e8dddd7fe0d","raw/land__A__68.metrics.json","b2db56b0c5f0e77000db1b5b15dbdefda2d6eb64fcba286d582dc297c54261bb"
"land__A__69","land","A","69","3","21600","true","duration","","60","3","F7A834342B8B2E623C4133C889DB379D1B7202E7B1F12DCE3F57F5E8FEAA2F54","12772","33373","106275","214","1064","22730","4770","0","9","21581","2260","318","0","0","0","30","1","[""core:ember_wand"",""core:harvest_scythe"",""core:iron_blade"",""core:ward_orbit"",""core:muster_horn"",""core:seed_bag""]","[""core:guarded_harvest"",""core:meal_oath"",""core:rally_boundary""]","{""core:guarded_harvest"":10,""core:meal_oath"":1,""core:rally_boundary"":6}","{""core:levy_bread_wrap"":2,""core:meadow_buckle"":2,""core:return_path_knot"":3,""core:root_binding_cord"":7,""core:seed_pouch_lining"":4,""core:wind_seed_flag"":5}","[""core:sowing_sworddance""]","[{""tick"":0,""evolutionId"":""core:sowing_sworddance"",""baseId"":""core:iron_blade""}]","{""core:muster_horn"":{""people"":30},""core:seed_bag"":{""land"":27}}","raw/land__A__69.results.json","e72d3c5af73fd90f63b66acba2b83f336e97753ab296c8d828ec3b580ba039c5","raw/land__A__69.metrics.json","9456314221a02debdfc6535b45fedb888b89c3cb031ff7b24f2a34ea2b5bba0a"
"land__A__70","land","A","70","3","21600","true","duration","","61","3","9FAF992BA517CA3D1A82E573FDFFD4F8E2745E61EBD8F4821C67F20CFE79B9B4","10766","15945","120876","32","16","22262","6540","0","24","21600","2250","436","0","0","0","40","1","[""core:ember_wand"",""core:harvest_scythe"",""core:iron_blade"",""core:ward_orbit"",""core:muster_horn"",""core:seed_bag""]","[""core:guarded_harvest"",""core:meal_oath"",""core:rally_boundary"",""core:repair_tithe""]","{""core:guarded_harvest"":12,""core:meal_oath"":9,""core:rally_boundary"":6,""core:repair_tithe"":1}","{""core:levy_bread_wrap"":3,""core:meadow_buckle"":3,""core:muster_roll"":6,""core:return_path_knot"":4,""core:root_binding_cord"":2,""core:seed_pouch_lining"":1,""core:wind_seed_flag"":4}","[""core:sowing_sworddance""]","[{""tick"":0,""evolutionId"":""core:sowing_sworddance"",""baseId"":""core:iron_blade""}]","{""core:muster_horn"":{""people"":40},""core:seed_bag"":{""land"":29}}","raw/land__A__70.results.json","da1b42eb23fbdd50a4f72bae9ad20a15b14ed2fd8a1b116a1edda991a5fd0536","raw/land__A__70.metrics.json","331282130ebed293de64205654c924bcdf3c01a2e0c1bc7ff7d6f1dcb5e68c89"
"land__A__71","land","A","71","3","21600","true","duration","","70","3","AD90F4796FE3D11FDC13B32818980FD403696A2EB6DF618D81E3F3CC28CF52B2","10738","21295","70013","48160","96","22776","7080","7872","8","21600","2302","472","26","24","0","33","1","[""core:ember_wand"",""core:harvest_scythe"",""core:iron_blade"",""core:ward_orbit"",""core:carpenter_hammer"",""core:hedge_drum"",""core:muster_horn"",""core:seed_bag""]","[""core:guarded_harvest"",""core:meal_oath"",""core:rally_boundary"",""core:repair_tithe""]","{""core:guarded_harvest"":15,""core:meal_oath"":9,""core:rally_boundary"":8,""core:repair_tithe"":3}","{""core:joiner_square"":3,""core:levy_bread_wrap"":3,""core:meadow_buckle"":2,""core:return_path_knot"":2,""core:root_binding_cord"":1,""core:ruin_keystone"":1,""core:scaffold_step"":6,""core:seed_pouch_lining"":3,""core:shock_absorber_pad"":1,""core:wind_seed_flag"":2}","[""core:sheltered_sowing"",""core:sowing_sworddance""]","[{""tick"":0,""evolutionId"":""core:sowing_sworddance"",""baseId"":""core:iron_blade""},{""tick"":9366,""evolutionId"":""core:sheltered_sowing"",""baseId"":""core:seed_bag""}]","{""core:carpenter_hammer"":{""building"":5},""core:hedge_drum"":{""building"":119,""people"":102},""core:muster_horn"":{""people"":33},""core:seed_bag"":{""land"":32}}","raw/land__A__71.results.json","93c56568f11be9e537600a483f7477414db7c478720724c136b01f42fd93d040","raw/land__A__71.metrics.json","7d8238ab2ae82b695725a9ad37092ecb40c9b8cc7e5a8a97fdd55823ce7334af"
"land__A__72","land","A","72","3","21600","true","duration","","66","3","D9C46164AC0998BC369B06398442972F2F681C8DB99AB132B63F088AEA57A125","11272","28391","115568","93","118","23540","9615","0","24","21600","2355","641","0","0","0","59","1","[""core:ember_wand"",""core:harvest_scythe"",""core:iron_blade"",""core:ward_orbit"",""core:muster_horn"",""core:seed_bag""]","[""core:guarded_harvest"",""core:meal_oath"",""core:rally_boundary"",""core:repair_tithe""]","{""core:guarded_harvest"":6,""core:meal_oath"":12,""core:rally_boundary"":3,""core:repair_tithe"":2}","{""core:levy_bread_wrap"":4,""core:meadow_buckle"":5,""core:muster_roll"":2,""core:return_path_knot"":2,""core:root_binding_cord"":4,""core:seed_pouch_lining"":3,""core:wind_seed_flag"":4}","[""core:sowing_sworddance""]","[{""tick"":0,""evolutionId"":""core:sowing_sworddance"",""baseId"":""core:iron_blade""}]","{""core:muster_horn"":{""people"":59},""core:seed_bag"":{""land"":35}}","raw/land__A__72.results.json","429f8750f09e3110897ab26bfeb5e641b669bd61404e9718b889f16ed3c10ca9","raw/land__A__72.metrics.json","db9743d52463c05491c332856699793b3ffec1ba31494857a437b10adb8a98ac"
"land__A__73","land","A","73","3","21600","true","duration","","70","3","592F8B218A087490BCD2A6CB2F1DC8838FED5A69B469B876C760120076E9FCF7","10864","25561","71755","45785","488","23258","7665","6588","30","21488","2305","511","17","15","0","49","1","[""core:ember_wand"",""core:harvest_scythe"",""core:iron_blade"",""core:ward_orbit"",""core:carpenter_hammer"",""core:hedge_drum"",""core:muster_horn"",""core:seed_bag""]","[""core:guarded_harvest"",""core:meal_oath"",""core:rally_boundary""]","{""core:guarded_harvest"":15,""core:meal_oath"":7,""core:rally_boundary"":2}","{""core:boundary_hinge"":1,""core:joiner_square"":2,""core:levy_bread_wrap"":1,""core:meadow_buckle"":2,""core:muster_roll"":4,""core:return_path_knot"":1,""core:root_binding_cord"":4,""core:scaffold_step"":3,""core:seed_pouch_lining"":2,""core:shock_absorber_pad"":3,""core:wind_seed_flag"":1}","[""core:sheltered_sowing"",""core:sowing_sworddance""]","[{""tick"":0,""evolutionId"":""core:sowing_sworddance"",""baseId"":""core:iron_blade""},{""tick"":457,""evolutionId"":""core:sheltered_sowing"",""baseId"":""core:seed_bag""}]","{""core:carpenter_hammer"":{""building"":77},""core:hedge_drum"":{""building"":147},""core:muster_horn"":{""people"":49},""core:seed_bag"":{""land"":42}}","raw/land__A__73.results.json","b4f0edb48625391b617d0eeb799793c162861e3529befe6d73ca78006886f33f","raw/land__A__73.metrics.json","7de21ad51f515cae4da666c25f6753ed127867a0ef4dbaeb6220ea0a18505714"
"land__B__42","land","B","42","3","21600","true","duration","","71","3","5C1C53615619C591DB193DA5228B4F0D819B59DAC4E8E6EC9DC0E9F95B763F27","11853","39649","91556","16324","2694","24380","13065","1908","12","21600","2415","871","0","0","25","0","1","[""core:ember_wand"",""core:harvest_scythe"",""core:iron_blade"",""core:ward_orbit"",""core:hedge_drum"",""core:muster_horn"",""core:seed_bag""]","[""core:guarded_harvest"",""core:meal_oath"",""core:rally_boundary"",""core:repair_tithe""]","{""core:guarded_harvest"":10,""core:meal_oath"":9,""core:rally_boundary"":6,""core:repair_tithe"":2}","{""core:boundary_hinge"":1,""core:levy_bread_wrap"":2,""core:meadow_buckle"":2,""core:muster_roll"":7,""core:return_path_knot"":2,""core:root_binding_cord"":2,""core:seed_pouch_lining"":2,""core:wind_seed_flag"":6}","[""core:sowing_sworddance""]","[{""tick"":0,""evolutionId"":""core:sowing_sworddance"",""baseId"":""core:iron_blade""}]","{""core:hedge_drum"":{""building"":39,""people"":248},""core:muster_horn"":{""people"":480},""core:seed_bag"":{""land"":11}}","raw/land__B__42.results.json","a8c161ce715528e9ce0ceaf3e010b6fdbf20529dcfe1a1fb5e487e038ebd6550","raw/land__B__42.metrics.json","f9ed733136c665ad454137925b37032ebe731edca9732db0e9ec9acd50ac220f"
"land__B__43","land","B","43","3","21600","true","duration","","66","3","540C5BB9BF61AFB5A25E47832E36AD7CAED1A01A7A9340AEA7D2D11E85924EBB","11854","28567","112218","12","1171","23080","11040","0","1","21600","2298","736","0","0","28","0","1","[""core:ember_wand"",""core:harvest_scythe"",""core:iron_blade"",""core:ward_orbit"",""core:muster_horn"",""core:seed_bag""]","[""core:guarded_harvest"",""core:meal_oath"",""core:rally_boundary""]","{""core:guarded_harvest"":7,""core:meal_oath"":7,""core:rally_boundary"":5}","{""core:levy_bread_wrap"":2,""core:meadow_buckle"":6,""core:muster_roll"":4,""core:return_path_knot"":3,""core:root_binding_cord"":2,""core:seed_pouch_lining"":3,""core:wind_seed_flag"":4}","[""core:sowing_sworddance""]","[{""tick"":0,""evolutionId"":""core:sowing_sworddance"",""baseId"":""core:iron_blade""}]","{""core:muster_horn"":{""people"":613},""core:seed_bag"":{""land"":9}}","raw/land__B__43.results.json","68cdd596ab6e66895f994ce86e54bffd41de00bf8882673bdda9106ecc4378a9","raw/land__B__43.metrics.json","4e0a1b586f366b0435113c580f202ebede563302ece36939188c86067d05f405"
"land__B__44","land","B","44","3","21600","true","duration","","67","3","7D8C24E2520331EB1BE910F20E4AB48204BBD2309EC03E4180CA5DFB2648B96D","10701","16936","121562","281","158","22650","12075","0","12","21600","2261","805","0","0","19","0","1","[""core:ember_wand"",""core:harvest_scythe"",""core:iron_blade"",""core:ward_orbit"",""core:muster_horn"",""core:seed_bag""]","[""core:guarded_harvest"",""core:meal_oath"",""core:rally_boundary""]","{""core:guarded_harvest"":13,""core:meal_oath"":9,""core:rally_boundary"":13}","{""core:levy_bread_wrap"":3,""core:meadow_buckle"":1,""core:muster_roll"":3,""core:return_path_knot"":3,""core:root_binding_cord"":4,""core:seed_pouch_lining"":3,""core:wind_seed_flag"":5}","[""core:sowing_sworddance""]","[{""tick"":0,""evolutionId"":""core:sowing_sworddance"",""baseId"":""core:iron_blade""}]","{""core:muster_horn"":{""people"":138},""core:seed_bag"":{""land"":12}}","raw/land__B__44.results.json","f14eecfbc1da0275745f5573aecb2eab126095d3ba243ba2ec41bed4c25d7d92","raw/land__B__44.metrics.json","ff98697aaeb740ceb3e04c676ab89f11bd9b88b26fd4454808fc4e48ea5c387b"
"land__B__45","land","B","45","3","21600","true","duration","","67","3","56A2EA9C2C3E45BA94A4E739535D0262E5E0E51FD149E632AE5B1A2DD9F426DD","12763","19530","126236","0","64","23702","10545","0","2","21600","2356","703","0","0","33","0","1","[""core:ember_wand"",""core:harvest_scythe"",""core:iron_blade"",""core:ward_orbit"",""core:muster_horn"",""core:seed_bag""]","[""core:guarded_harvest"",""core:meal_oath"",""core:rally_boundary"",""core:repair_tithe""]","{""core:guarded_harvest"":5,""core:meal_oath"":6,""core:rally_boundary"":10,""core:repair_tithe"":1}","{""core:levy_bread_wrap"":3,""core:meadow_buckle"":1,""core:muster_roll"":5,""core:return_path_knot"":2,""core:root_binding_cord"":4,""core:seed_pouch_lining"":5,""core:wind_seed_flag"":3}","[""core:sowing_sworddance""]","[{""tick"":0,""evolutionId"":""core:sowing_sworddance"",""baseId"":""core:iron_blade""}]","{""core:muster_horn"":{""people"":661},""core:seed_bag"":{""land"":7}}","raw/land__B__45.results.json","a713f9202b3584a36a42e9bb211ee7a0d64dde9d4345ca32cabcf58f0db60e84","raw/land__B__45.metrics.json","abed1872dcf99c7874f36a45ca951690d1edcaa2fbb8f814b2ee60b2beef471a"
"land__B__46","land","B","46","3","21600","true","duration","","66","3","C29203F6B1BFA0D7BC910FE86F16A4D4E48E7F6D0641CDAB49C1CBC21008F126","10489","27049","91870","19803","728","22612","8775","2712","12","21573","2275","585","0","0","8","0","1","[""core:ember_wand"",""core:harvest_scythe"",""core:iron_blade"",""core:ward_orbit"",""core:carpenter_hammer"",""core:hedge_drum"",""core:muster_horn"",""core:seed_bag""]","[""core:guarded_harvest"",""core:meal_oath"",""core:rally_boundary"",""core:repair_tithe""]","{""core:guarded_harvest"":6,""core:meal_oath"":5,""core:rally_boundary"":7,""core:repair_tithe"":3}","{""core:boundary_hinge"":1,""core:joiner_square"":1,""core:levy_bread_wrap"":2,""core:meadow_buckle"":4,""core:muster_roll"":2,""core:return_path_knot"":3,""core:root_binding_cord"":3,""core:scaffold_step"":2,""core:seed_pouch_lining"":3,""core:wind_seed_flag"":3}","[""core:sheltered_sowing"",""core:sowing_sworddance""]","[{""tick"":0,""evolutionId"":""core:sowing_sworddance"",""baseId"":""core:iron_blade""},{""tick"":21259,""evolutionId"":""core:sheltered_sowing"",""baseId"":""core:seed_bag""}]","{""core:hedge_drum"":{""building"":36,""people"":343},""core:muster_horn"":{""people"":365},""core:seed_bag"":{""land"":14}}","raw/land__B__46.results.json","961f0e99e8c1710e46cd2ec8f7220d28e29d133a2c62945100d51f44aa475f99","raw/land__B__46.metrics.json","87c31bdb0a65cc2f656372a30909d426bc963780c703bce9c4d233ccc01b0328"
"land__B__47","land","B","47","3","21600","true","duration","","69","3","4A5FF9A6094D494D1A9EDCBFCF30A3FDCDF2FBEA1CD5AFCE20A88AB4C49E32BF","11146","21477","70110","45037","602","22408","9030","4992","6","21600","2269","602","8","8","4","0","1","[""core:ember_wand"",""core:harvest_scythe"",""core:iron_blade"",""core:ward_orbit"",""core:carpenter_hammer"",""core:hedge_drum"",""core:muster_horn"",""core:seed_bag""]","[""core:guarded_harvest"",""core:meal_oath"",""core:rally_boundary"",""core:repair_tithe""]","{""core:guarded_harvest"":7,""core:meal_oath"":4,""core:rally_boundary"":3,""core:repair_tithe"":8}","{""core:boundary_hinge"":1,""core:joiner_square"":2,""core:meadow_buckle"":2,""core:muster_roll"":2,""core:root_binding_cord"":1,""core:ruin_keystone"":4,""core:scaffold_step"":3,""core:seed_pouch_lining"":4,""core:shock_absorber_pad"":5}","[""core:sheltered_sowing"",""core:sowing_sworddance""]","[{""tick"":0,""evolutionId"":""core:sowing_sworddance"",""baseId"":""core:iron_blade""},{""tick"":457,""evolutionId"":""core:sheltered_sowing"",""baseId"":""core:seed_bag""}]","{""core:carpenter_hammer"":{""building"":26},""core:hedge_drum"":{""building"":42,""people"":300},""core:muster_horn"":{""people"":324},""core:seed_bag"":{""land"":8}}","raw/land__B__47.results.json","1f6de81d9347ffc024cabf98f50dfadbe6081db1dbdb3545b770329e483ca63d","raw/land__B__47.metrics.json","ab655690b1ce7771047fe4f96d3e63f8e106a48ff81cb0bc81b102042561458b"
"land__B__48","land","B","48","3","21600","true","duration","","70","3","EA78E305B10360A429A3E375F777F2313424D54E0AC9DB9C47B3A7A8A64D45ED","12147","27192","130621","0","82","25658","12120","0","2","21600","2506","808","0","0","41","0","1","[""core:ember_wand"",""core:harvest_scythe"",""core:iron_blade"",""core:ward_orbit"",""core:muster_horn"",""core:seed_bag""]","[""core:guarded_harvest"",""core:meal_oath"",""core:rally_boundary""]","{""core:guarded_harvest"":17,""core:meal_oath"":6,""core:rally_boundary"":5}","{""core:levy_bread_wrap"":3,""core:meadow_buckle"":4,""core:muster_roll"":4,""core:return_path_knot"":4,""core:root_binding_cord"":3,""core:seed_pouch_lining"":4,""core:wind_seed_flag"":1}","[""core:sowing_sworddance""]","[{""tick"":0,""evolutionId"":""core:sowing_sworddance"",""baseId"":""core:iron_blade""}]","{""core:muster_horn"":{""people"":705},""core:seed_bag"":{""land"":11}}","raw/land__B__48.results.json","4da78f5b4da137caf0fc978a5c297d4cf6165b41a1337d052a0f651849f8cf32","raw/land__B__48.metrics.json","69fea7c1a0fed32e4aeada9f30d97beef49e84e7441a6e7ff6d6fb8b1d1198b6"
"land__B__49","land","B","49","3","21600","true","duration","","70","3","5CCB0C398DF433F7AD64F70F9F9F36725CCED6E6CB23D0FFBB1C8B5F094F5277","11710","27648","122590","0","8312","25842","11760","0","2","21600","2550","784","0","0","46","0","1","[""core:ember_wand"",""core:harvest_scythe"",""core:iron_blade"",""core:ward_orbit"",""core:muster_horn"",""core:seed_bag""]","[""core:guarded_harvest"",""core:meal_oath"",""core:rally_boundary""]","{""core:guarded_harvest"":17,""core:meal_oath"":4,""core:rally_boundary"":5}","{""core:levy_bread_wrap"":3,""core:meadow_buckle"":4,""core:muster_roll"":4,""core:return_path_knot"":3,""core:root_binding_cord"":4,""core:seed_pouch_lining"":2,""core:wind_seed_flag"":3}","[""core:sowing_sworddance""]","[{""tick"":0,""evolutionId"":""core:sowing_sworddance"",""baseId"":""core:iron_blade""}]","{""core:muster_horn"":{""people"":605},""core:seed_bag"":{""land"":11}}","raw/land__B__49.results.json","1c04e503e2e944b48f41ac631adef68232b351a444f711738382cbc65c43cbe2","raw/land__B__49.metrics.json","833004adf805977f0979ee4a80de7cf81ec6b67b30ddfcd0337bb8a8732f85cf"
"land__B__50","land","B","50","3","21600","true","duration","","60","3","34FCC756A75162F76E9C0091861DA7770072E99A3A31E3ECA3AD493703E0E333","11446","14901","122160","464","1464","22520","5820","0","4","21504","2263","388","0","0","19","0","1","[""core:ember_wand"",""core:harvest_scythe"",""core:iron_blade"",""core:ward_orbit"",""core:muster_horn"",""core:seed_bag""]","[""core:guarded_harvest"",""core:meal_oath"",""core:repair_tithe""]","{""core:guarded_harvest"":12,""core:meal_oath"":1,""core:repair_tithe"":2}","{""core:levy_bread_wrap"":4,""core:meadow_buckle"":7,""core:muster_roll"":1,""core:return_path_knot"":5,""core:root_binding_cord"":4,""core:seed_pouch_lining"":2,""core:wind_seed_flag"":1}","[""core:sowing_sworddance""]","[{""tick"":0,""evolutionId"":""core:sowing_sworddance"",""baseId"":""core:iron_blade""}]","{""core:muster_horn"":{""people"":646},""core:seed_bag"":{""land"":10}}","raw/land__B__50.results.json","bf90748a26c1c319c9f5320624e213b0b9d21022e8eaaa04814fa858be970dd5","raw/land__B__50.metrics.json","69406ba502814f901ea2c2ee79223a4e9aeb75fcaddaff9d586f9c8325819030"
"land__B__51","land","B","51","3","21600","true","duration","","75","3","C82C14BC0918868D67694A4CA5789C2FD6489484546DA063CA855577090601B6","10266","21887","78171","43760","288","23450","12705","6900","1","21600","2333","847","19","18","15","0","1","[""core:ember_wand"",""core:harvest_scythe"",""core:iron_blade"",""core:ward_orbit"",""core:carpenter_hammer"",""core:hedge_drum"",""core:muster_horn"",""core:seed_bag""]","[""core:guarded_harvest"",""core:meal_oath"",""core:rally_boundary"",""core:repair_tithe""]","{""core:guarded_harvest"":11,""core:meal_oath"":8,""core:rally_boundary"":6,""core:repair_tithe"":1}","{""core:boundary_hinge"":3,""core:joiner_square"":2,""core:levy_bread_wrap"":3,""core:meadow_buckle"":1,""core:muster_roll"":1,""core:root_binding_cord"":2,""core:ruin_keystone"":1,""core:scaffold_step"":2,""core:seed_pouch_lining"":4,""core:shock_absorber_pad"":3,""core:wind_seed_flag"":2}","[""core:sheltered_sowing"",""core:sowing_sworddance""]","[{""tick"":0,""evolutionId"":""core:sowing_sworddance"",""baseId"":""core:iron_blade""},{""tick"":2130,""evolutionId"":""core:sheltered_sowing"",""baseId"":""core:seed_bag""}]","{""core:carpenter_hammer"":{""building"":2},""core:hedge_drum"":{""building"":58,""people"":699},""core:muster_horn"":{""people"":262},""core:seed_bag"":{""land"":14}}","raw/land__B__51.results.json","cceca8e210a91c18e82b9d5763970e69c7deefcf10bdcc014cab95f348a54d19","raw/land__B__51.metrics.json","ee44501397de27d55a880647041a25f3443b4a912170242c212c774994415837"
"land__B__52","land","B","52","3","21600","true","duration","","69","3","67AAAAD33FA65212D6BA9BC5A800EAD1BCA056D27FF6CDCD537127EA00520DB9","12642","32440","118479","0","14819","26798","10170","0","1","21575","2641","678","0","0","56","0","1","[""core:ember_wand"",""core:harvest_scythe"",""core:iron_blade"",""core:ward_orbit"",""core:muster_horn"",""core:seed_bag""]","[""core:guarded_harvest"",""core:meal_oath"",""core:rally_boundary""]","{""core:guarded_harvest"":9,""core:meal_oath"":1,""core:rally_boundary"":5}","{""core:levy_bread_wrap"":4,""core:meadow_buckle"":2,""core:muster_roll"":3,""core:return_path_knot"":4,""core:root_binding_cord"":4,""core:seed_pouch_lining"":4,""core:wind_seed_flag"":2}","[""core:sowing_sworddance""]","[{""tick"":0,""evolutionId"":""core:sowing_sworddance"",""baseId"":""core:iron_blade""}]","{""core:muster_horn"":{""people"":700},""core:seed_bag"":{""land"":11}}","raw/land__B__52.results.json","97290381de8c39524c5a14786c86b4261e4db0a0c7b903c4cbc22126903ccb22","raw/land__B__52.metrics.json","10d3a2e784065a8c8b09533b2b3db8d39e6ef691e53c00d510be615ff4bd5337"
"land__B__53","land","B","53","3","21600","true","duration","","74","3","3DAE154DC1BC9D0A9DA023F51BE2BCE37FD7B3328916044880EF3928FF13D4EB","9435","24909","64481","45207","181","21612","11760","8736","0","21499","2282","784","0","0","15","0","1","[""core:ember_wand"",""core:harvest_scythe"",""core:iron_blade"",""core:ward_orbit"",""core:carpenter_hammer"",""core:hedge_drum"",""core:muster_horn"",""core:seed_bag""]","[""core:guarded_harvest"",""core:meal_oath"",""core:rally_boundary"",""core:repair_tithe""]","{""core:guarded_harvest"":7,""core:meal_oath"":16,""core:rally_boundary"":3,""core:repair_tithe"":2}","{""core:boundary_hinge"":1,""core:joiner_square"":4,""core:levy_bread_wrap"":1,""core:meadow_buckle"":1,""core:muster_roll"":2,""core:return_path_knot"":3,""core:root_binding_cord"":2,""core:scaffold_step"":1,""core:seed_pouch_lining"":3,""core:wind_seed_flag"":3}","[""core:sheltered_sowing"",""core:sowing_sworddance""]","[{""tick"":0,""evolutionId"":""core:sowing_sworddance"",""baseId"":""core:iron_blade""},{""tick"":1730,""evolutionId"":""core:sheltered_sowing"",""baseId"":""core:seed_bag""}]","{""core:carpenter_hammer"":{""building"":7},""core:hedge_drum"":{""building"":57,""people"":693},""core:muster_horn"":{""people"":139},""core:seed_bag"":{""land"":13}}","raw/land__B__53.results.json","a5e1c500d5f23f48686af18121a4bf23a5f56da09a8e46d7aa462a7722487a78","raw/land__B__53.metrics.json","a6910fb9165c09aadd552f7a93dc744aaac5cd79227de50b07d7ef4c483bfe9d"
"land__B__54","land","B","54","3","21600","true","duration","","68","3","F7E1218D631B5AF24F3AE945075E67A6FB0743F305D5DF53A73C316EBCB2E703","11904","44055","89082","5406","3195","23008","11715","852","1","21600","2328","781","0","0","29","0","1","[""core:ember_wand"",""core:harvest_scythe"",""core:iron_blade"",""core:ward_orbit"",""core:carpenter_hammer"",""core:muster_horn"",""core:seed_bag""]","[""core:guarded_harvest"",""core:meal_oath"",""core:rally_boundary"",""core:repair_tithe""]","{""core:guarded_harvest"":9,""core:meal_oath"":6,""core:rally_boundary"":9,""core:repair_tithe"":4}","{""core:boundary_hinge"":1,""core:levy_bread_wrap"":1,""core:meadow_buckle"":8,""core:return_path_knot"":1,""core:root_binding_cord"":1,""core:ruin_keystone"":1,""core:seed_pouch_lining"":7,""core:shock_absorber_pad"":1,""core:wind_seed_flag"":3}","[""core:sheltered_sowing"",""core:sowing_sworddance""]","[{""tick"":0,""evolutionId"":""core:sowing_sworddance"",""baseId"":""core:iron_blade""},{""tick"":13308,""evolutionId"":""core:sheltered_sowing"",""baseId"":""core:seed_bag""}]","{""core:carpenter_hammer"":{""building"":10},""core:muster_horn"":{""people"":501},""core:seed_bag"":{""land"":14}}","raw/land__B__54.results.json","268d2188c13cd3f8808cc1e65c77c7e43bebacb4d4dbe9a44b4fb174a4ba9821","raw/land__B__54.metrics.json","23e69e7e6b04bf8caa18aee5449c09b9f75b702e43a689236e087e3046cde34c"
"land__B__55","land","B","55","3","21600","true","duration","","66","3","82DBF23A39440250E64D2156D3AC1B8927613FA806B585A209A628DACF94E09E","11494","14525","127490","371","80","23154","10185","0","7","21600","2271","679","0","0","36","0","1","[""core:ember_wand"",""core:harvest_scythe"",""core:iron_blade"",""core:ward_orbit"",""core:muster_horn"",""core:seed_bag""]","[""core:guarded_harvest"",""core:meal_oath"",""core:rally_boundary"",""core:repair_tithe""]","{""core:guarded_harvest"":5,""core:meal_oath"":9,""core:rally_boundary"":5,""core:repair_tithe"":1}","{""core:levy_bread_wrap"":5,""core:meadow_buckle"":3,""core:muster_roll"":3,""core:return_path_knot"":1,""core:root_binding_cord"":4,""core:seed_pouch_lining"":5,""core:wind_seed_flag"":1}","[""core:sowing_sworddance""]","[{""tick"":0,""evolutionId"":""core:sowing_sworddance"",""baseId"":""core:iron_blade""}]","{""core:muster_horn"":{""people"":616},""core:seed_bag"":{""land"":6}}","raw/land__B__55.results.json","821c2979ac7c75fc600238a3693dda44dbf38782a2b468e3a1c6e678583ef8fa","raw/land__B__55.metrics.json","c84435dc9450394ece3d22c43f63549d3bcb00ce2f140e779c07c648641c2c71"
"land__B__56","land","B","56","3","21600","true","duration","","68","3","4172B5B823F6F9587DB7ACC9CEA522C83ABA4D8540E69C27433FCEE722B4DBAC","10864","16472","126697","135","746","23466","12600","0","2","21567","2336","840","0","0","28","0","1","[""core:ember_wand"",""core:harvest_scythe"",""core:iron_blade"",""core:ward_orbit"",""core:muster_horn"",""core:seed_bag""]","[""core:guarded_harvest"",""core:meal_oath"",""core:rally_boundary"",""core:repair_tithe""]","{""core:guarded_harvest"":5,""core:meal_oath"":4,""core:rally_boundary"":14,""core:repair_tithe"":1}","{""core:levy_bread_wrap"":5,""core:meadow_buckle"":2,""core:muster_roll"":3,""core:return_path_knot"":1,""core:root_binding_cord"":5,""core:wind_seed_flag"":8}","[""core:sowing_sworddance""]","[{""tick"":0,""evolutionId"":""core:sowing_sworddance"",""baseId"":""core:iron_blade""}]","{""core:muster_horn"":{""people"":665},""core:seed_bag"":{""land"":13}}","raw/land__B__56.results.json","1fdcb1986dc63567ba3a1c89f2e87a90691815bf06abec90296e1a7e832da3c4","raw/land__B__56.metrics.json","f6fe5699024cadadc0fb577930d7d9d4f17d9199cb2487498edc121b6a647be3"
"land__B__57","land","B","57","3","21600","true","duration","","72","3","56A64439E2B56630C50EED5E7947DB2E06D62E90791577EE7CBD1FBF8F9EAB18","10811","19216","82351","40540","1520","23290","10530","6672","5","21600","2322","702","0","0","19","0","1","[""core:ember_wand"",""core:harvest_scythe"",""core:iron_blade"",""core:ward_orbit"",""core:carpenter_hammer"",""core:hedge_drum"",""core:muster_horn"",""core:seed_bag""]","[""core:guarded_harvest"",""core:meal_oath"",""core:rally_boundary"",""core:repair_tithe""]","{""core:guarded_harvest"":19,""core:meal_oath"":4,""core:rally_boundary"":9,""core:repair_tithe"":9}","{""core:joiner_square"":1,""core:levy_bread_wrap"":1,""core:meadow_buckle"":4,""core:muster_roll"":3,""core:return_path_knot"":1,""core:root_binding_cord"":1,""core:ruin_keystone"":3,""core:scaffold_step"":3,""core:seed_pouch_lining"":1,""core:shock_absorber_pad"":2,""core:wind_seed_flag"":3}","[""core:sheltered_sowing"",""core:sowing_sworddance""]","[{""tick"":0,""evolutionId"":""core:sowing_sworddance"",""baseId"":""core:iron_blade""},{""tick"":1200,""evolutionId"":""core:sheltered_sowing"",""baseId"":""core:seed_bag""}]","{""core:carpenter_hammer"":{""building"":23},""core:hedge_drum"":{""building"":6,""people"":350},""core:muster_horn"":{""people"":544},""core:seed_bag"":{""land"":10}}","raw/land__B__57.results.json","cc111520e72ded4ca5e9c86f0bc6aa9a7cf9bfcced3919007ebc403dad5b4e2d","raw/land__B__57.metrics.json","ec02c1597468fb6893aa58d17941cd0cfae84e143cf7d49314fb1909087ef091"
"land__B__58","land","B","58","3","21600","true","duration","","71","3","77995CE8F2CC268317695485210F6FEB9C18E90F6D796BBA1062E9ADC1F4B700","9875","26635","57440","58150","124","23002","8355","6984","0","21600","2297","557","24","16","12","0","1","[""core:ember_wand"",""core:harvest_scythe"",""core:iron_blade"",""core:ward_orbit"",""core:carpenter_hammer"",""core:hedge_drum"",""core:muster_horn"",""core:seed_bag""]","[""core:guarded_harvest"",""core:meal_oath"",""core:rally_boundary"",""core:repair_tithe""]","{""core:guarded_harvest"":6,""core:meal_oath"":2,""core:rally_boundary"":4,""core:repair_tithe"":4}","{""core:boundary_hinge"":4,""core:joiner_square"":1,""core:levy_bread_wrap"":2,""core:meadow_buckle"":1,""core:muster_roll"":3,""core:return_path_knot"":1,""core:root_binding_cord"":3,""core:ruin_keystone"":1,""core:seed_pouch_lining"":6,""core:shock_absorber_pad"":1}","[""core:sheltered_sowing"",""core:sowing_sworddance""]","[{""tick"":0,""evolutionId"":""core:sowing_sworddance"",""baseId"":""core:iron_blade""},{""tick"":902,""evolutionId"":""core:sheltered_sowing"",""baseId"":""core:seed_bag""}]","{""core:carpenter_hammer"":{""building"":35},""core:hedge_drum"":{""building"":72,""people"":660},""core:muster_horn"":{""people"":695},""core:seed_bag"":{""land"":5}}","raw/land__B__58.results.json","ce379056f63960b8188e19ff876d9e16d1b48f6e0f975695a8153dc475bb7395","raw/land__B__58.metrics.json","2e76a274f04c57a47007e907ba331d6fd6aff419ed7352d3db21c6d6f050ab16"
"land__B__59","land","B","59","3","21600","true","duration","","67","3","E5C42D42C501D4794370161047B8AFB361A6FF1B2DC628FB381B116EE43E8FE2","11403","19712","120382","65","183","22782","12330","0","10","21546","2268","822","0","0","19","0","1","[""core:ember_wand"",""core:harvest_scythe"",""core:iron_blade"",""core:ward_orbit"",""core:muster_horn"",""core:seed_bag""]","[""core:guarded_harvest"",""core:meal_oath"",""core:rally_boundary"",""core:repair_tithe""]","{""core:guarded_harvest"":7,""core:meal_oath"":13,""core:rally_boundary"":6,""core:repair_tithe"":1}","{""core:levy_bread_wrap"":2,""core:meadow_buckle"":4,""core:muster_roll"":2,""core:return_path_knot"":3,""core:root_binding_cord"":5,""core:seed_pouch_lining"":5,""core:wind_seed_flag"":1}","[""core:sowing_sworddance""]","[{""tick"":0,""evolutionId"":""core:sowing_sworddance"",""baseId"":""core:iron_blade""}]","{""core:muster_horn"":{""people"":100},""core:seed_bag"":{""land"":9}}","raw/land__B__59.results.json","08bb69617eedf21b60f69a5a0f35c34b82023ccd6dea335037f949ae62050b8b","raw/land__B__59.metrics.json","cb045378cc356b41a8c01763321bcfa569a9e3bec47e59cda0368bae14332009"
"land__B__60","land","B","60","3","21600","true","duration","","74","3","758298E5992F93FD7AFF80650880C6CCAF81067864C5F3508919251F0F10B651","10639","17152","65432","54416","3","22324","9945","10416","0","21600","2258","663","0","0","2","0","1","[""core:ember_wand"",""core:harvest_scythe"",""core:iron_blade"",""core:ward_orbit"",""core:carpenter_hammer"",""core:hedge_drum"",""core:muster_horn"",""core:seed_bag""]","[""core:guarded_harvest"",""core:meal_oath"",""core:rally_boundary"",""core:repair_tithe""]","{""core:guarded_harvest"":7,""core:meal_oath"":9,""core:rally_boundary"":8,""core:repair_tithe"":7}","{""core:boundary_hinge"":2,""core:joiner_square"":1,""core:levy_bread_wrap"":2,""core:meadow_buckle"":1,""core:muster_roll"":3,""core:return_path_knot"":2,""core:root_binding_cord"":5,""core:ruin_keystone"":1,""core:scaffold_step"":3,""core:seed_pouch_lining"":1,""core:shock_absorber_pad"":1,""core:wind_seed_flag"":1}","[""core:sheltered_sowing"",""core:sowing_sworddance""]","[{""tick"":0,""evolutionId"":""core:sowing_sworddance"",""baseId"":""core:iron_blade""},{""tick"":457,""evolutionId"":""core:sheltered_sowing"",""baseId"":""core:seed_bag""}]","{""core:carpenter_hammer"":{""building"":43},""core:hedge_drum"":{""building"":56,""people"":634},""core:seed_bag"":{""land"":12}}","raw/land__B__60.results.json","73671403265267810e5f41a75095c435a5a5087e4f8d021bfdbe0c43fa2c396e","raw/land__B__60.metrics.json","0d7ab46371051c12a043dca363bb55c0f3f13aaf62c6681a139b58b95ed7323e"
"land__B__61","land","B","61","3","21600","true","duration","","68","3","248C4CB41181297E62D8E110F38AC95A20EC036C3EA99CC72F84F1A53B28CD40","9635","33380","108659","0","0","23148","12240","0","10","21600","2299","816","0","0","27","0","1","[""core:ember_wand"",""core:harvest_scythe"",""core:iron_blade"",""core:ward_orbit"",""core:muster_horn"",""core:seed_bag""]","[""core:guarded_harvest"",""core:meal_oath"",""core:rally_boundary""]","{""core:guarded_harvest"":9,""core:meal_oath"":7,""core:rally_boundary"":6}","{""core:meadow_buckle"":2,""core:muster_roll"":3,""core:return_path_knot"":3,""core:root_binding_cord"":4,""core:seed_pouch_lining"":4,""core:wind_seed_flag"":6}","[""core:sowing_sworddance""]","[{""tick"":0,""evolutionId"":""core:sowing_sworddance"",""baseId"":""core:iron_blade""}]","{""core:muster_horn"":{""people"":705},""core:seed_bag"":{""land"":9}}","raw/land__B__61.results.json","c4092b0d48ac3bb988f62f4c989674f666a40ed22f0d9b508852df6a94be9ce9","raw/land__B__61.metrics.json","282c9c3f54ed0cd6933f14567ed9ad098ecedd6848a7b62e2b7c10d20a44b3bc"
"land__B__62","land","B","62","3","21600","true","duration","","78","3","E710C60801631773615AFEF47516DF81D0A57D4B86563ABD92AAE4A8FCFD6B83","10465","28394","68235","50947","84","24022","12855","9564","3","21600","2388","857","0","0","33","0","1","[""core:ember_wand"",""core:harvest_scythe"",""core:iron_blade"",""core:ward_orbit"",""core:carpenter_hammer"",""core:hedge_drum"",""core:muster_horn"",""core:seed_bag""]","[""core:guarded_harvest"",""core:meal_oath"",""core:rally_boundary"",""core:repair_tithe""]","{""core:guarded_harvest"":5,""core:meal_oath"":6,""core:rally_boundary"":4,""core:repair_tithe"":6}","{""core:boundary_hinge"":1,""core:joiner_square"":4,""core:meadow_buckle"":4,""core:muster_roll"":3,""core:return_path_knot"":1,""core:root_binding_cord"":3,""core:ruin_keystone"":1,""core:scaffold_step"":1,""core:seed_pouch_lining"":1,""core:shock_absorber_pad"":2,""core:wind_seed_flag"":1}","[""core:sheltered_sowing"",""core:sowing_sworddance""]","[{""tick"":0,""evolutionId"":""core:sowing_sworddance"",""baseId"":""core:iron_blade""},{""tick"":2700,""evolutionId"":""core:sheltered_sowing"",""baseId"":""core:seed_bag""}]","{""core:hedge_drum"":{""building"":56,""people"":695},""core:muster_horn"":{""people"":683},""core:seed_bag"":{""land"":10}}","raw/land__B__62.results.json","8fc1c221eff8a4b8354fad1fcf9ce41f803b583b3d016bfd4703c6a81288afb9","raw/land__B__62.metrics.json","50af01129d910801134354962c511005757cc22a3393600fc2b67309ebc51c85"
"land__B__63","land","B","63","3","21600","true","duration","","66","3","36C9B5142A32A25771BC8CF050F8D2D3E8D09378117C4CA3FFFB55A831ED4B47","10369","35316","99157","1362","5577","22896","10500","0","0","21589","2321","700","0","0","29","0","1","[""core:ember_wand"",""core:harvest_scythe"",""core:iron_blade"",""core:ward_orbit"",""core:muster_horn"",""core:seed_bag""]","[""core:guarded_harvest"",""core:meal_oath"",""core:rally_boundary""]","{""core:guarded_harvest"":7,""core:meal_oath"":3,""core:rally_boundary"":8}","{""core:levy_bread_wrap"":3,""core:meadow_buckle"":4,""core:muster_roll"":3,""core:return_path_knot"":3,""core:root_binding_cord"":3,""core:seed_pouch_lining"":3,""core:wind_seed_flag"":4}","[""core:sowing_sworddance""]","[{""tick"":0,""evolutionId"":""core:sowing_sworddance"",""baseId"":""core:iron_blade""}]","{""core:muster_horn"":{""people"":607},""core:seed_bag"":{""land"":8}}","raw/land__B__63.results.json","5611685b2070ef793c3fb85552877ae0a06f363393c9e16f030c671ecd9bdb1d","raw/land__B__63.metrics.json","93559817788b025903d70000d3a7d57b3f33b4d4415ccc5adcde56fb1dfc8ce6"
"land__B__64","land","B","64","3","21600","true","duration","","71","3","670986A366B9F3860A8C3CC76123A57D7AAF6DFBE94EB6E1A7660432F49E0EF8","9475","18374","86170","35694","112","22768","10170","6324","7","21571","2255","678","0","0","7","0","1","[""core:ember_wand"",""core:harvest_scythe"",""core:iron_blade"",""core:ward_orbit"",""core:carpenter_hammer"",""core:hedge_drum"",""core:muster_horn"",""core:seed_bag""]","[""core:guarded_harvest"",""core:meal_oath"",""core:rally_boundary"",""core:repair_tithe""]","{""core:guarded_harvest"":8,""core:meal_oath"":8,""core:rally_boundary"":7,""core:repair_tithe"":2}","{""core:boundary_hinge"":1,""core:joiner_square"":1,""core:levy_bread_wrap"":2,""core:meadow_buckle"":6,""core:muster_roll"":1,""core:return_path_knot"":3,""core:root_binding_cord"":1,""core:ruin_keystone"":1,""core:scaffold_step"":3,""core:seed_pouch_lining"":3,""core:wind_seed_flag"":2}","[""core:sheltered_sowing"",""core:sowing_sworddance""]","[{""tick"":0,""evolutionId"":""core:sowing_sworddance"",""baseId"":""core:iron_blade""},{""tick"":9900,""evolutionId"":""core:sheltered_sowing"",""baseId"":""core:seed_bag""}]","{""core:hedge_drum"":{""building"":44,""people"":695},""core:muster_horn"":{""people"":225},""core:seed_bag"":{""land"":10}}","raw/land__B__64.results.json","780d22251f9f60a8ce073e3d961e014e48027e6f7732d9a821622e4cd44310e2","raw/land__B__64.metrics.json","083d8d20bd9f9628c3becc50f8a2050f48bb1a750b382e099ec39d6a9ed80fbc"
"land__B__65","land","B","65","3","21600","true","duration","","74","3","18EE6E64CAB2FF0F8841ADE8372C65EB5790ACE32693341F038E746C97569C52","11024","23006","77392","40932","24","22994","12555","6588","6","21600","2288","837","0","0","13","0","1","[""core:ember_wand"",""core:harvest_scythe"",""core:iron_blade"",""core:ward_orbit"",""core:carpenter_hammer"",""core:hedge_drum"",""core:muster_horn"",""core:seed_bag""]","[""core:guarded_harvest"",""core:meal_oath"",""core:rally_boundary"",""core:repair_tithe""]","{""core:guarded_harvest"":4,""core:meal_oath"":7,""core:rally_boundary"":11,""core:repair_tithe"":4}","{""core:joiner_square"":2,""core:levy_bread_wrap"":2,""core:meadow_buckle"":4,""core:muster_roll"":3,""core:return_path_knot"":4,""core:root_binding_cord"":3,""core:ruin_keystone"":1,""core:scaffold_step"":1,""core:seed_pouch_lining"":3,""core:wind_seed_flag"":1}","[""core:sheltered_sowing"",""core:sowing_sworddance""]","[{""tick"":0,""evolutionId"":""core:sowing_sworddance"",""baseId"":""core:iron_blade""},{""tick"":16003,""evolutionId"":""core:sheltered_sowing"",""baseId"":""core:seed_bag""}]","{""core:hedge_drum"":{""building"":94,""people"":436},""core:muster_horn"":{""people"":265},""core:seed_bag"":{""land"":10}}","raw/land__B__65.results.json","2590d27c51f5bde28c4c7c3217008a519347f4b8d715a537c966f65099aa7359","raw/land__B__65.metrics.json","a908499baba6785322bda0853bf7e218efab1a882351c922f9dda01b0c6a7187"
"land__B__66","land","B","66","3","21600","true","duration","","65","3","51ACD8B7E1AAE2A9BFE789F3B14D76E0D37BC96E4B303C4C4663CEECF10D6650","9947","75743","48892","18490","1433","23520","6390","2388","1","21600","2329","426","6","6","18","0","1","[""core:ember_wand"",""core:harvest_scythe"",""core:iron_blade"",""core:ward_orbit"",""core:hedge_drum"",""core:seed_bag""]","[""core:guarded_harvest"",""core:meal_oath"",""core:rally_boundary"",""core:repair_tithe""]","{""core:guarded_harvest"":12,""core:meal_oath"":5,""core:rally_boundary"":3,""core:repair_tithe"":1}","{""core:levy_bread_wrap"":5,""core:meadow_buckle"":3,""core:root_binding_cord"":3,""core:scaffold_step"":1,""core:seed_pouch_lining"":6,""core:wind_seed_flag"":6}","[""core:sowing_sworddance""]","[{""tick"":0,""evolutionId"":""core:sowing_sworddance"",""baseId"":""core:iron_blade""}]","{""core:hedge_drum"":{""building"":165,""people"":265},""core:seed_bag"":{""land"":5}}","raw/land__B__66.results.json","85b5f45571f5171b696c58ac0504aa2f12ca841f176423e8455d3345b3927090","raw/land__B__66.metrics.json","64dfc43f31cede96dd8c480e2797bee618805da3f190f463a7e547ef747a7250"
"land__B__67","land","B","67","3","21600","true","duration","","67","3","C6FE30DDEA02937479AC43442AC612978FEFAF4EE783FE085A26E824F5363B24","12390","37396","102027","119","600","22850","11355","0","2","21600","2299","757","0","0","27","0","1","[""core:ember_wand"",""core:harvest_scythe"",""core:iron_blade"",""core:ward_orbit"",""core:muster_horn"",""core:seed_bag""]","[""core:guarded_harvest"",""core:meal_oath"",""core:rally_boundary"",""core:repair_tithe""]","{""core:guarded_harvest"":11,""core:meal_oath"":6,""core:rally_boundary"":6,""core:repair_tithe"":1}","{""core:levy_bread_wrap"":3,""core:meadow_buckle"":8,""core:muster_roll"":1,""core:return_path_knot"":3,""core:root_binding_cord"":3,""core:seed_pouch_lining"":3,""core:wind_seed_flag"":3}","[""core:sowing_sworddance""]","[{""tick"":0,""evolutionId"":""core:sowing_sworddance"",""baseId"":""core:iron_blade""}]","{""core:muster_horn"":{""people"":578},""core:seed_bag"":{""land"":12}}","raw/land__B__67.results.json","151c3f5bc518a29ce9035b74ce009b7c2f5051b5216d37d3760bee60451b2532","raw/land__B__67.metrics.json","c82087ff8fe7b036b32dd26f70f85b2f7976b1249e95e25944418db46d6ab509"
"land__B__68","land","B","68","3","21600","true","duration","","69","3","78E5B43AACD03BC0B1B019AECE6F848D478DD47FB5C975328BB8DCBDC2B292F9","11484","32078","104607","10116","838","24002","12525","0","13","21600","2344","835","0","0","33","0","1","[""core:ember_wand"",""core:harvest_scythe"",""core:iron_blade"",""core:ward_orbit"",""core:muster_horn"",""core:seed_bag""]","[""core:guarded_harvest"",""core:meal_oath"",""core:rally_boundary""]","{""core:guarded_harvest"":8,""core:meal_oath"":11,""core:rally_boundary"":7}","{""core:levy_bread_wrap"":4,""core:meadow_buckle"":1,""core:muster_roll"":1,""core:return_path_knot"":5,""core:root_binding_cord"":4,""core:seed_pouch_lining"":5,""core:wind_seed_flag"":1}","[""core:sowing_sworddance""]","[{""tick"":0,""evolutionId"":""core:sowing_sworddance"",""baseId"":""core:iron_blade""}]","{""core:muster_horn"":{""people"":239},""core:seed_bag"":{""land"":11}}","raw/land__B__68.results.json","2583a149d8d0428909616a1356e7d97eaf5004cd70261661ae7409f4f1a18d6f","raw/land__B__68.metrics.json","966d2d1ea6d36ace86d59a2571ebb9b9f4ec61fc70b8fc69993b42119833e061"
"land__B__69","land","B","69","3","21600","true","duration","","64","3","AE330FAB6826EC8B166D2DC3836800EA5EB1AA7D98228FD10F48E1F7D0FA89D1","11446","23166","117188","0","1124","22910","9045","0","10","21581","2259","603","0","0","18","0","1","[""core:ember_wand"",""core:harvest_scythe"",""core:iron_blade"",""core:ward_orbit"",""core:muster_horn"",""core:seed_bag""]","[""core:guarded_harvest"",""core:meal_oath"",""core:rally_boundary""]","{""core:guarded_harvest"":13,""core:meal_oath"":11,""core:rally_boundary"":4}","{""core:levy_bread_wrap"":2,""core:meadow_buckle"":4,""core:muster_roll"":4,""core:return_path_knot"":4,""core:root_binding_cord"":1,""core:seed_pouch_lining"":2,""core:wind_seed_flag"":5}","[""core:sowing_sworddance""]","[{""tick"":0,""evolutionId"":""core:sowing_sworddance"",""baseId"":""core:iron_blade""}]","{""core:muster_horn"":{""people"":386},""core:seed_bag"":{""land"":12}}","raw/land__B__69.results.json","d3805260666c8d60ec4aaa3b370e91a6453702f5a2f3c9b4b58fd795d3b7f8dd","raw/land__B__69.metrics.json","4f914327d0e540e545b9157ee4a4c119966a86d06012717809885bb97fe1827e"
"land__B__70","land","B","70","3","21600","true","duration","","76","3","9D518C718B1072A0A67CF7EF99C45D5704585B90E077B706644586144CFB863E","10088","21356","82320","42770","264","23914","13170","7380","9","21600","2343","878","0","0","18","0","1","[""core:ember_wand"",""core:harvest_scythe"",""core:iron_blade"",""core:ward_orbit"",""core:carpenter_hammer"",""core:hedge_drum"",""core:muster_horn"",""core:seed_bag""]","[""core:guarded_harvest"",""core:meal_oath"",""core:rally_boundary"",""core:repair_tithe""]","{""core:guarded_harvest"":6,""core:meal_oath"":7,""core:rally_boundary"":8,""core:repair_tithe"":2}","{""core:boundary_hinge"":1,""core:joiner_square"":1,""core:levy_bread_wrap"":1,""core:meadow_buckle"":3,""core:muster_roll"":2,""core:root_binding_cord"":2,""core:ruin_keystone"":3,""core:scaffold_step"":2,""core:seed_pouch_lining"":3,""core:shock_absorber_pad"":3,""core:wind_seed_flag"":2}","[""core:sheltered_sowing"",""core:sowing_sworddance""]","[{""tick"":0,""evolutionId"":""core:sowing_sworddance"",""baseId"":""core:iron_blade""},{""tick"":6128,""evolutionId"":""core:sheltered_sowing"",""baseId"":""core:seed_bag""}]","{""core:carpenter_hammer"":{""building"":41},""core:hedge_drum"":{""building"":38,""people"":462},""core:muster_horn"":{""people"":476},""core:seed_bag"":{""land"":12}}","raw/land__B__70.results.json","be3a2ce6bfdf2b17865f58ead14a68553e3cb2714f196de3af8e9a9e18b43140","raw/land__B__70.metrics.json","8d4bb9ce478289d45cb4bdd057a260417dee477e9e8087598469bafa3b73fc0e"
"land__B__71","land","B","71","3","21600","true","duration","","77","3","8A8D4AF42ADDD68BE7A155E53647AA1E44D820E60D361E497AFCEE2C17CE3AE5","9345","24368","67550","42525","7890","23134","15900","6432","9","21600","2296","1060","1","1","20","0","1","[""core:ember_wand"",""core:harvest_scythe"",""core:iron_blade"",""core:ward_orbit"",""core:carpenter_hammer"",""core:hedge_drum"",""core:muster_horn"",""core:seed_bag""]","[""core:guarded_harvest"",""core:meal_oath"",""core:rally_boundary"",""core:repair_tithe""]","{""core:guarded_harvest"":9,""core:meal_oath"":6,""core:rally_boundary"":6,""core:repair_tithe"":2}","{""core:boundary_hinge"":1,""core:joiner_square"":3,""core:levy_bread_wrap"":1,""core:meadow_buckle"":1,""core:muster_roll"":2,""core:return_path_knot"":1,""core:root_binding_cord"":3,""core:ruin_keystone"":2,""core:scaffold_step"":3,""core:seed_pouch_lining"":3,""core:shock_absorber_pad"":1,""core:wind_seed_flag"":3}","[""core:sheltered_sowing"",""core:sowing_sworddance""]","[{""tick"":0,""evolutionId"":""core:sowing_sworddance"",""baseId"":""core:iron_blade""},{""tick"":4191,""evolutionId"":""core:sheltered_sowing"",""baseId"":""core:seed_bag""}]","{""core:hedge_drum"":{""building"":44,""people"":703},""core:muster_horn"":{""people"":274},""core:seed_bag"":{""land"":16}}","raw/land__B__71.results.json","66503fddec8c933f883589a65a411cc51f47b909c9ec6eb81c1c6b4dc1dda142","raw/land__B__71.metrics.json","817edbb3ca39458681587ebd14b18940b0dd4eb0684628561f781c7255d56ff8"
"land__B__72","land","B","72","3","21600","true","duration","","71","3","4C6C992EF24B0BA3A4301AF90168D54FD594DF142521BA3E7D7717BF7398954F","10351","23434","104563","20612","91","24190","11640","3312","1","21600","2385","776","0","0","29","0","1","[""core:ember_wand"",""core:harvest_scythe"",""core:iron_blade"",""core:ward_orbit"",""core:carpenter_hammer"",""core:muster_horn"",""core:seed_bag""]","[""core:guarded_harvest"",""core:meal_oath"",""core:rally_boundary""]","{""core:guarded_harvest"":14,""core:meal_oath"":2,""core:rally_boundary"":3}","{""core:levy_bread_wrap"":2,""core:meadow_buckle"":2,""core:muster_roll"":1,""core:return_path_knot"":2,""core:root_binding_cord"":5,""core:ruin_keystone"":2,""core:scaffold_step"":1,""core:seed_pouch_lining"":2,""core:shock_absorber_pad"":2,""core:wind_seed_flag"":5}","[""core:sheltered_sowing"",""core:sowing_sworddance""]","[{""tick"":0,""evolutionId"":""core:sowing_sworddance"",""baseId"":""core:iron_blade""},{""tick"":10119,""evolutionId"":""core:sheltered_sowing"",""baseId"":""core:seed_bag""}]","{""core:carpenter_hammer"":{""building"":48},""core:muster_horn"":{""people"":665},""core:seed_bag"":{""land"":11}}","raw/land__B__72.results.json","8f5a68ad3fbb154849261be1d2be157eb2475d9de707b5e4da527eede00ee5b5","raw/land__B__72.metrics.json","03fdcb8d4800fd0825832de090f61a4b35333995e6dca6b9c1b85c8a71afd70d"
"land__B__73","land","B","73","3","21600","true","duration","","73","3","2DB09ECB9725765F13ABB66C68A346502DEB3A5CA5ADB6A75E96AD9F825853E8","11065","25030","77079","41336","965","23328","12825","5136","11","21558","2292","855","0","0","10","0","1","[""core:ember_wand"",""core:harvest_scythe"",""core:iron_blade"",""core:ward_orbit"",""core:carpenter_hammer"",""core:hedge_drum"",""core:muster_horn"",""core:seed_bag""]","[""core:guarded_harvest"",""core:meal_oath"",""core:rally_boundary""]","{""core:guarded_harvest"":7,""core:meal_oath"":6,""core:rally_boundary"":18}","{""core:boundary_hinge"":2,""core:joiner_square"":3,""core:levy_bread_wrap"":2,""core:meadow_buckle"":2,""core:muster_roll"":1,""core:return_path_knot"":4,""core:root_binding_cord"":2,""core:ruin_keystone"":1,""core:seed_pouch_lining"":3,""core:shock_absorber_pad"":1,""core:wind_seed_flag"":2}","[""core:sheltered_sowing"",""core:sowing_sworddance""]","[{""tick"":0,""evolutionId"":""core:sowing_sworddance"",""baseId"":""core:iron_blade""},{""tick"":457,""evolutionId"":""core:sheltered_sowing"",""baseId"":""core:seed_bag""}]","{""core:carpenter_hammer"":{""building"":24},""core:hedge_drum"":{""building"":42,""people"":393},""core:muster_horn"":{""people"":287},""core:seed_bag"":{""land"":12}}","raw/land__B__73.results.json","91d0626d853af04486831e710deed971276d1566333f2da8e07610c9145d54a3","raw/land__B__73.metrics.json","a5a4f3a6e14882dda13d75e0cfd722e1ce104c4bbb18e4d6b87ac209c69e0c9d"
"land__C__42","land","C","42","3","21600","true","duration","","76","3","9A754758DC3010F7A1A373E4094B96922AA86A4AEA575B5FCFE6CD8C1AA28918","10093","17535","77278","50317","16","23554","13305","7692","1","21600","2342","887","7","7","1","16","1","[""core:ember_wand"",""core:harvest_scythe"",""core:iron_blade"",""core:ward_orbit"",""core:carpenter_hammer"",""core:hedge_drum"",""core:muster_horn"",""core:seed_bag""]","[""core:guarded_harvest"",""core:meal_oath"",""core:rally_boundary"",""core:repair_tithe""]","{""core:guarded_harvest"":18,""core:meal_oath"":8,""core:rally_boundary"":9,""core:repair_tithe"":3}","{""core:boundary_hinge"":1,""core:levy_bread_wrap"":1,""core:meadow_buckle"":1,""core:muster_roll"":2,""core:return_path_knot"":2,""core:root_binding_cord"":5,""core:ruin_keystone"":5,""core:seed_pouch_lining"":1,""core:shock_absorber_pad"":3,""core:wind_seed_flag"":3}","[""core:sheltered_sowing"",""core:sowing_sworddance""]","[{""tick"":0,""evolutionId"":""core:sowing_sworddance"",""baseId"":""core:iron_blade""},{""tick"":1151,""evolutionId"":""core:sheltered_sowing"",""baseId"":""core:seed_bag""}]","{""core:carpenter_hammer"":{""building"":38},""core:hedge_drum"":{""building"":69,""people"":609},""core:muster_horn"":{""people"":1227},""core:seed_bag"":{""land"":28}}","raw/land__C__42.results.json","c4da458fe4cab9e11409ab3f43320a825db350ae1867511cfe3e9a5ff38c331d","raw/land__C__42.metrics.json","03a676b80fb3b251154d55278a45c249ee2512f7a653870cb245b5755b4f617f"
"land__C__43","land","C","43","3","21600","true","duration","","67","3","D4255CF1FC1D5523FB8BB0DF35CFBE21794B36EC73CA67F74785514759328AAF","10756","28675","102674","4263","392","21856","13080","0","14","21600","2290","872","0","0","9","25","1","[""core:ember_wand"",""core:harvest_scythe"",""core:iron_blade"",""core:ward_orbit"",""core:muster_horn"",""core:seed_bag""]","[""core:guarded_harvest"",""core:meal_oath"",""core:rally_boundary""]","{""core:guarded_harvest"":4,""core:meal_oath"":4,""core:rally_boundary"":4}","{""core:levy_bread_wrap"":2,""core:meadow_buckle"":6,""core:muster_roll"":3,""core:return_path_knot"":2,""core:root_binding_cord"":2,""core:seed_pouch_lining"":4,""core:wind_seed_flag"":5}","[""core:sowing_sworddance""]","[{""tick"":0,""evolutionId"":""core:sowing_sworddance"",""baseId"":""core:iron_blade""}]","{""core:muster_horn"":{""people"":1391},""core:seed_bag"":{""land"":18}}","raw/land__C__43.results.json","fe181b0ae067485e44f2393e9c0d52b5267781f1361d61a9213043f157e6074b","raw/land__C__43.metrics.json","b1e573ff34836b35699326124a40898799d325814ab81a4abd2fdc7e9bc92c7c"
"land__C__44","land","C","44","3","21600","true","duration","","77","3","88045960BEE9AE1E274470E6E72CC33EE28685714D66B41860C156360C448D3C","10998","44499","95759","11238","60","24648","21495","0","51","21600","2438","1433","0","0","13","35","1","[""core:ember_wand"",""core:harvest_scythe"",""core:iron_blade"",""core:ward_orbit"",""core:muster_horn"",""core:seed_bag""]","[""core:guarded_harvest"",""core:meal_oath"",""core:rally_boundary"",""core:repair_tithe""]","{""core:guarded_harvest"":10,""core:meal_oath"":8,""core:rally_boundary"":9,""core:repair_tithe"":3}","{""core:levy_bread_wrap"":4,""core:meadow_buckle"":1,""core:muster_roll"":6,""core:return_path_knot"":1,""core:root_binding_cord"":3,""core:seed_pouch_lining"":4,""core:wind_seed_flag"":4}","[""core:sowing_sworddance""]","[{""tick"":0,""evolutionId"":""core:sowing_sworddance"",""baseId"":""core:iron_blade""}]","{""core:muster_horn"":{""people"":1434},""core:seed_bag"":{""land"":35}}","raw/land__C__44.results.json","73d8bb61b88d4cf005abd1e1dfb4b10882ffc4c7129e62a938db0af2e8353c09","raw/land__C__44.metrics.json","fac3532127ca4fc6892799e69db929351fb6a30947220b32cf18f26cfdc903e2"
"land__C__45","land","C","45","3","21600","true","duration","","81","3","764326E9FF342AA9A4DA2431C78C3EEFB1299B40FA99DEB112AA1F3763D41FBD","10359","34918","65043","56310","56","25350","16425","8424","29","21600","2492","1095","4","4","8","3","1","[""core:ember_wand"",""core:harvest_scythe"",""core:iron_blade"",""core:ward_orbit"",""core:carpenter_hammer"",""core:hedge_drum"",""core:muster_horn"",""core:seed_bag""]","[""core:guarded_harvest"",""core:meal_oath"",""core:rally_boundary"",""core:repair_tithe""]","{""core:guarded_harvest"":11,""core:meal_oath"":8,""core:rally_boundary"":7,""core:repair_tithe"":6}","{""core:boundary_hinge"":2,""core:joiner_square"":2,""core:meadow_buckle"":2,""core:muster_roll"":2,""core:return_path_knot"":3,""core:root_binding_cord"":2,""core:ruin_keystone"":1,""core:scaffold_step"":1,""core:seed_pouch_lining"":2,""core:shock_absorber_pad"":3,""core:wind_seed_flag"":3}","[""core:sheltered_sowing"",""core:sowing_sworddance""]","[{""tick"":0,""evolutionId"":""core:sowing_sworddance"",""baseId"":""core:iron_blade""},{""tick"":4244,""evolutionId"":""core:sheltered_sowing"",""baseId"":""core:seed_bag""}]","{""core:carpenter_hammer"":{""building"":33},""core:hedge_drum"":{""building"":81,""people"":518},""core:muster_horn"":{""people"":1416},""core:seed_bag"":{""land"":26}}","raw/land__C__45.results.json","5622e83697334cbe00e4fbda1a58837dd801797bcc8b77813373404046881abc","raw/land__C__45.metrics.json","ad7661647f8175ecb69137d7cf1c63c8b6555ae4ac6f08881831f2ceac9b7fec"
"land__C__46","land","C","46","3","21600","true","duration","","73","3","6C37236BF7F525AD56973E91998CE766F95466522B44D597DF0439723F2AD5E9","9874","38127","82682","25448","75","23742","17040","0","25","21361","2319","1136","0","0","12","20","1","[""core:ember_wand"",""core:harvest_scythe"",""core:iron_blade"",""core:ward_orbit"",""core:muster_horn"",""core:seed_bag""]","[""core:guarded_harvest"",""core:meal_oath"",""core:rally_boundary""]","{""core:guarded_harvest"":8,""core:meal_oath"":3,""core:rally_boundary"":6}","{""core:levy_bread_wrap"":2,""core:meadow_buckle"":5,""core:muster_roll"":4,""core:return_path_knot"":4,""core:root_binding_cord"":5,""core:seed_pouch_lining"":2,""core:wind_seed_flag"":2}","[""core:sowing_sworddance""]","[{""tick"":0,""evolutionId"":""core:sowing_sworddance"",""baseId"":""core:iron_blade""}]","{""core:muster_horn"":{""people"":1304},""core:seed_bag"":{""land"":23}}","raw/land__C__46.results.json","fcace3a42e2ee4652313c3e28d6b57560e1f7475830ffa43a03f2e211a0f43d4","raw/land__C__46.metrics.json","4b712e1aa0d51fc44c69ba2866099d6e4ef8d3f68bb7343159a1ce1e94750d8b"
"land__C__47","land","C","47","3","21600","true","duration","","76","3","712C5A319A6D8409B4AAB753EB5B2AB79ACA0D911F776F9BEA23B8692AEF0872","9988","17641","65937","60945","602","23596","12075","9228","2","21600","2326","805","8","7","9","7","1","[""core:ember_wand"",""core:harvest_scythe"",""core:iron_blade"",""core:ward_orbit"",""core:carpenter_hammer"",""core:hedge_drum"",""core:muster_horn"",""core:seed_bag""]","[""core:guarded_harvest"",""core:meal_oath"",""core:rally_boundary"",""core:repair_tithe""]","{""core:guarded_harvest"":4,""core:meal_oath"":11,""core:rally_boundary"":5,""core:repair_tithe"":8}","{""core:joiner_square"":1,""core:levy_bread_wrap"":1,""core:meadow_buckle"":3,""core:muster_roll"":3,""core:return_path_knot"":2,""core:root_binding_cord"":3,""core:ruin_keystone"":2,""core:seed_pouch_lining"":4,""core:shock_absorber_pad"":3,""core:wind_seed_flag"":2}","[""core:sheltered_sowing"",""core:sowing_sworddance""]","[{""tick"":0,""evolutionId"":""core:sowing_sworddance"",""baseId"":""core:iron_blade""},{""tick"":457,""evolutionId"":""core:sheltered_sowing"",""baseId"":""core:seed_bag""}]","{""core:carpenter_hammer"":{""building"":45},""core:hedge_drum"":{""building"":13,""people"":308},""core:muster_horn"":{""people"":1063},""core:seed_bag"":{""land"":22}}","raw/land__C__47.results.json","ef163fc97ffd3d675a4e1bd4b50d49845862095e014d286703a7231e4d5eb2bb","raw/land__C__47.metrics.json","4f9442fd0c2d8079ff345d55bb7724c770aef078df4d3993d4b438ea44214260"
"land__C__48","land","C","48","3","21600","true","duration","","69","3","BE5AACCEB7AA12754383F7AA265A201F48855BBC3A4157B638960B43048D4DAF","9722","27160","101772","11668","8","22854","14340","0","13","21600","2260","956","0","0","11","14","1","[""core:ember_wand"",""core:harvest_scythe"",""core:iron_blade"",""core:ward_orbit"",""core:muster_horn"",""core:seed_bag""]","[""core:guarded_harvest"",""core:meal_oath"",""core:rally_boundary""]","{""core:guarded_harvest"":11,""core:meal_oath"":9,""core:rally_boundary"":4}","{""core:levy_bread_wrap"":3,""core:meadow_buckle"":2,""core:muster_roll"":8,""core:return_path_knot"":3,""core:root_binding_cord"":3,""core:seed_pouch_lining"":2,""core:wind_seed_flag"":3}","[""core:sowing_sworddance""]","[{""tick"":0,""evolutionId"":""core:sowing_sworddance"",""baseId"":""core:iron_blade""}]","{""core:muster_horn"":{""people"":1048},""core:seed_bag"":{""land"":18}}","raw/land__C__48.results.json","0ef0055260de0adf9a8a0c4d5a9c0bf871d18141834a3724e57942c6b121cc3f","raw/land__C__48.metrics.json","d93693e456000ebf950fc3ca77322f57a5bd40871ba80e9fb61a54a9312a3fae"
"land__C__49","land","C","49","3","21600","true","duration","","69","3","D4379792375AC5B065B02E3E156F6913EFE9CE8C93851E4BAA3EC790691C1A3F","13313","29564","103356","21131","1711","25322","11010","0","4","21600","2497","734","0","0","7","40","1","[""core:ember_wand"",""core:harvest_scythe"",""core:iron_blade"",""core:ward_orbit"",""core:muster_horn"",""core:seed_bag""]","[""core:guarded_harvest"",""core:meal_oath"",""core:rally_boundary""]","{""core:guarded_harvest"":15,""core:meal_oath"":7,""core:rally_boundary"":9}","{""core:levy_bread_wrap"":3,""core:meadow_buckle"":3,""core:muster_roll"":2,""core:return_path_knot"":4,""core:root_binding_cord"":5,""core:seed_pouch_lining"":2,""core:wind_seed_flag"":4}","[""core:sowing_sworddance""]","[{""tick"":0,""evolutionId"":""core:sowing_sworddance"",""baseId"":""core:iron_blade""}]","{""core:muster_horn"":{""people"":2090},""core:seed_bag"":{""land"":12}}","raw/land__C__49.results.json","52a498d67a3e6d17b03e0c72395bc7d3e2e22f50848a90459f4d27a2c73fda46","raw/land__C__49.metrics.json","47baf639138abe0111cfb405a514ae2f43e172293278881f0cebd140059e678d"
"land__C__50","land","C","50","3","21600","true","duration","","75","3","12645B29F575880DAFF8A0D13DC14F68DE2BBB9E324E02DC96F773F9009487B9","10248","23256","53935","65842","879","23558","9945","9528","10","21507","2355","663","12","12","8","5","1","[""core:ember_wand"",""core:harvest_scythe"",""core:iron_blade"",""core:ward_orbit"",""core:carpenter_hammer"",""core:hedge_drum"",""core:muster_horn"",""core:seed_bag""]","[""core:guarded_harvest"",""core:meal_oath"",""core:rally_boundary"",""core:repair_tithe""]","{""core:guarded_harvest"":10,""core:meal_oath"":1,""core:rally_boundary"":6,""core:repair_tithe"":7}","{""core:boundary_hinge"":1,""core:joiner_square"":1,""core:meadow_buckle"":3,""core:muster_roll"":2,""core:return_path_knot"":1,""core:root_binding_cord"":4,""core:ruin_keystone"":3,""core:scaffold_step"":2,""core:seed_pouch_lining"":2,""core:shock_absorber_pad"":2,""core:wind_seed_flag"":3}","[""core:sheltered_sowing"",""core:sowing_sworddance""]","[{""tick"":0,""evolutionId"":""core:sowing_sworddance"",""baseId"":""core:iron_blade""},{""tick"":2992,""evolutionId"":""core:sheltered_sowing"",""baseId"":""core:seed_bag""}]","{""core:carpenter_hammer"":{""building"":34},""core:hedge_drum"":{""building"":52,""people"":402},""core:muster_horn"":{""people"":947},""core:seed_bag"":{""land"":27}}","raw/land__C__50.results.json","e802b10bc73639876ac03b27bf4da4f93f58cc974a7e2d434206c12b9a6ed80f","raw/land__C__50.metrics.json","74e090d5567523a13ac97c59802f436d110fc85c11dc3b7ab4d8092dc62fa48c"
"land__C__51","land","C","51","3","21600","true","duration","","81","3","CA90F22B3C23C71F765BD242522036DC3A6C292F600AD5B17CB30D748E57900F","11109","33110","52452","69856","248","25332","14415","10476","18","21600","2528","961","1","1","1","4","1","[""core:ember_wand"",""core:harvest_scythe"",""core:iron_blade"",""core:ward_orbit"",""core:carpenter_hammer"",""core:hedge_drum"",""core:muster_horn"",""core:seed_bag""]","[""core:guarded_harvest"",""core:meal_oath"",""core:rally_boundary"",""core:repair_tithe""]","{""core:guarded_harvest"":11,""core:meal_oath"":1,""core:rally_boundary"":13,""core:repair_tithe"":2}","{""core:boundary_hinge"":4,""core:joiner_square"":2,""core:meadow_buckle"":2,""core:muster_roll"":3,""core:root_binding_cord"":3,""core:ruin_keystone"":3,""core:scaffold_step"":1,""core:seed_pouch_lining"":1,""core:shock_absorber_pad"":2,""core:wind_seed_flag"":3}","[""core:sheltered_sowing"",""core:sowing_sworddance""]","[{""tick"":0,""evolutionId"":""core:sowing_sworddance"",""baseId"":""core:iron_blade""},{""tick"":2130,""evolutionId"":""core:sheltered_sowing"",""baseId"":""core:seed_bag""}]","{""core:carpenter_hammer"":{""building"":16},""core:hedge_drum"":{""building"":107,""people"":690},""core:muster_horn"":{""people"":1168},""core:seed_bag"":{""land"":31}}","raw/land__C__51.results.json","699ad8ce3dc186f2a5956b357d273a163ea0014f7b2a30850979284b2f3afa50","raw/land__C__51.metrics.json","eb39340a2ad121c833a285bf7c27d4cf996a68e066b701f8849503b038157b81"
"land__C__52","land","C","52","3","21600","true","duration","","74","3","DB7C03339DC28C40D50A5B69F180F15B1BF4B5569A6FB39ED17134D83CC24536","9919","40741","61831","41981","0","23518","13680","5028","12","21421","2347","912","40","39","0","35","1","[""core:ember_wand"",""core:harvest_scythe"",""core:iron_blade"",""core:ward_orbit"",""core:carpenter_hammer"",""core:hedge_drum"",""core:muster_horn"",""core:seed_bag""]","[""core:guarded_harvest"",""core:meal_oath"",""core:rally_boundary"",""core:repair_tithe""]","{""core:guarded_harvest"":10,""core:meal_oath"":1,""core:rally_boundary"":8,""core:repair_tithe"":2}","{""core:joiner_square"":1,""core:levy_bread_wrap"":4,""core:meadow_buckle"":1,""core:return_path_knot"":3,""core:root_binding_cord"":5,""core:ruin_keystone"":1,""core:scaffold_step"":2,""core:seed_pouch_lining"":1,""core:shock_absorber_pad"":2,""core:wind_seed_flag"":4}","[""core:sheltered_sowing"",""core:sowing_sworddance""]","[{""tick"":0,""evolutionId"":""core:sowing_sworddance"",""baseId"":""core:iron_blade""},{""tick"":1481,""evolutionId"":""core:sheltered_sowing"",""baseId"":""core:seed_bag""}]","{""core:carpenter_hammer"":{""building"":41},""core:hedge_drum"":{""building"":42,""people"":93},""core:muster_horn"":{""people"":1966},""core:seed_bag"":{""land"":42}}","raw/land__C__52.results.json","f383900a612917ec21b7d86b12332cf60a7d0c9d88a10970c77dcd31cd3bc193","raw/land__C__52.metrics.json","82952ce6c77aaa8e18766cf8360d3bd8d71aa9bc66553014fa81893773d81f5d"
"land__C__53","land","C","53","3","21600","true","duration","","71","3","7C38C9FCE474210DED1C7D8690A7040C98C8D57058816AD90FA1D1160FE0FC3C","9637","30131","57655","54793","181","23080","10020","5928","5","21435","2293","668","29","28","5","11","1","[""core:ember_wand"",""core:harvest_scythe"",""core:iron_blade"",""core:ward_orbit"",""core:carpenter_hammer"",""core:hedge_drum"",""core:muster_horn"",""core:seed_bag""]","[""core:guarded_harvest"",""core:meal_oath"",""core:rally_boundary"",""core:repair_tithe""]","{""core:guarded_harvest"":11,""core:meal_oath"":9,""core:rally_boundary"":5,""core:repair_tithe"":5}","{""core:boundary_hinge"":1,""core:joiner_square"":1,""core:levy_bread_wrap"":2,""core:meadow_buckle"":2,""core:return_path_knot"":4,""core:root_binding_cord"":1,""core:ruin_keystone"":1,""core:scaffold_step"":2,""core:seed_pouch_lining"":5,""core:shock_absorber_pad"":2,""core:wind_seed_flag"":2}","[""core:sheltered_sowing"",""core:sowing_sworddance""]","[{""tick"":0,""evolutionId"":""core:sowing_sworddance"",""baseId"":""core:iron_blade""},{""tick"":1730,""evolutionId"":""core:sheltered_sowing"",""baseId"":""core:seed_bag""}]","{""core:carpenter_hammer"":{""building"":7},""core:hedge_drum"":{""building"":65,""people"":484},""core:muster_horn"":{""people"":1140},""core:seed_bag"":{""land"":27}}","raw/land__C__53.results.json","8bda62c90736a5018007285b700cefd7952aef91dc52276cfc49de5c305e5383","raw/land__C__53.metrics.json","345f55ddb8261acb84cc4a7cf7873309ad5c5afa5a4e343280b439ff0a300dfc"
"land__C__54","land","C","54","3","21600","true","duration","","74","3","5EA44A351B16A0CFD5800161A2541029DB3AD2BA853DF717507D58E807595DCF","11422","43256","87083","23752","2343","25468","16980","0","61","21600","2526","1132","0","0","19","35","1","[""core:ember_wand"",""core:harvest_scythe"",""core:iron_blade"",""core:ward_orbit"",""core:muster_horn"",""core:seed_bag""]","[""core:guarded_harvest"",""core:meal_oath"",""core:rally_boundary"",""core:repair_tithe""]","{""core:guarded_harvest"":9,""core:meal_oath"":7,""core:rally_boundary"":6,""core:repair_tithe"":1}","{""core:levy_bread_wrap"":2,""core:meadow_buckle"":8,""core:muster_roll"":4,""core:root_binding_cord"":2,""core:seed_pouch_lining"":3,""core:wind_seed_flag"":2}","[""core:sowing_sworddance""]","[{""tick"":0,""evolutionId"":""core:sowing_sworddance"",""baseId"":""core:iron_blade""}]","{""core:muster_horn"":{""people"":1324},""core:seed_bag"":{""land"":30}}","raw/land__C__54.results.json","0a84673f8e9763a0b778119875b7a8813ba8d7248254512837ccb3762b361225","raw/land__C__54.metrics.json","da72d8e4cb75a86707984f96b1360f153ae5690d5778e2231cee0080c0de6fb6"
"land__C__55","land","C","55","3","21600","true","duration","","69","3","668D0B5825F2815C0224B58A574BF3453C0034C90C9211B2D3513DDFBCB9B6D3","10314","33963","98493","7061","97","22738","13530","0","16","21591","2310","902","0","0","2","39","1","[""core:ember_wand"",""core:harvest_scythe"",""core:iron_blade"",""core:ward_orbit"",""core:muster_horn"",""core:seed_bag""]","[""core:guarded_harvest"",""core:meal_oath"",""core:rally_boundary"",""core:repair_tithe""]","{""core:guarded_harvest"":8,""core:meal_oath"":9,""core:rally_boundary"":1,""core:repair_tithe"":1}","{""core:levy_bread_wrap"":4,""core:meadow_buckle"":4,""core:muster_roll"":1,""core:return_path_knot"":3,""core:root_binding_cord"":7,""core:seed_pouch_lining"":3,""core:wind_seed_flag"":2}","[""core:sowing_sworddance""]","[{""tick"":0,""evolutionId"":""core:sowing_sworddance"",""baseId"":""core:iron_blade""}]","{""core:muster_horn"":{""people"":1699},""core:seed_bag"":{""land"":30}}","raw/land__C__55.results.json","8e69142d8a7670442a5f9b5c55cf75a7ba4a214106067ea9d2294189ad1cf3be","raw/land__C__55.metrics.json","8378d924c90e6dee35a8f1086b53455acc37ae3d2064d483bd3aa3d1d0ee403d"
"land__C__56","land","C","56","3","21600","true","duration","","73","3","FE89F3D5C4B76F30D69F7F662891C4FD0F7A09C238DBB29C8D54224B533705AF","9974","32281","92197","23829","294","24228","16395","0","21","21488","2396","1093","0","0","31","18","1","[""core:ember_wand"",""core:harvest_scythe"",""core:iron_blade"",""core:ward_orbit"",""core:muster_horn"",""core:seed_bag""]","[""core:guarded_harvest"",""core:meal_oath"",""core:rally_boundary"",""core:repair_tithe""]","{""core:guarded_harvest"":7,""core:meal_oath"":4,""core:rally_boundary"":7,""core:repair_tithe"":1}","{""core:levy_bread_wrap"":2,""core:meadow_buckle"":5,""core:muster_roll"":5,""core:return_path_knot"":4,""core:root_binding_cord"":1,""core:seed_pouch_lining"":4,""core:wind_seed_flag"":3}","[""core:sowing_sworddance""]","[{""tick"":0,""evolutionId"":""core:sowing_sworddance"",""baseId"":""core:iron_blade""}]","{""core:muster_horn"":{""people"":1843},""core:seed_bag"":{""land"":23}}","raw/land__C__56.results.json","401215eb4652821d7faa02c0f9763eae1223966032b60d1372d41dde31c7699c","raw/land__C__56.metrics.json","8b8df3c49a37458b3591f4dd77029533c939661c0a3d8411b61a26d93809c44e"
"land__C__57","land","C","57","3","21600","true","duration","","75","3","C2ECBCFDD33EF4F5667429487B55EFAABEBD636D1A3195B73B7ABEF2848452F4","10208","28428","55374","61382","442","23660","12555","6960","28","21595","2404","837","3","3","12","13","1","[""core:ember_wand"",""core:harvest_scythe"",""core:iron_blade"",""core:ward_orbit"",""core:carpenter_hammer"",""core:hedge_drum"",""core:muster_horn"",""core:seed_bag""]","[""core:guarded_harvest"",""core:meal_oath"",""core:rally_boundary"",""core:repair_tithe""]","{""core:guarded_harvest"":14,""core:meal_oath"":3,""core:rally_boundary"":6,""core:repair_tithe"":6}","{""core:boundary_hinge"":2,""core:joiner_square"":1,""core:levy_bread_wrap"":1,""core:meadow_buckle"":5,""core:muster_roll"":3,""core:return_path_knot"":1,""core:root_binding_cord"":4,""core:ruin_keystone"":2,""core:seed_pouch_lining"":1,""core:shock_absorber_pad"":3,""core:wind_seed_flag"":1}","[""core:sheltered_sowing"",""core:sowing_sworddance""]","[{""tick"":0,""evolutionId"":""core:sowing_sworddance"",""baseId"":""core:iron_blade""},{""tick"":1200,""evolutionId"":""core:sheltered_sowing"",""baseId"":""core:seed_bag""}]","{""core:carpenter_hammer"":{""building"":33},""core:hedge_drum"":{""building"":40,""people"":302},""core:muster_horn"":{""people"":1110},""core:seed_bag"":{""land"":40}}","raw/land__C__57.results.json","7f89b3fdf4cc1792d6f7192cd19567d319439a06ab14f641823a15dcd759fce0","raw/land__C__57.metrics.json","39de69b5e6e64f90dec7ba395b56f61c55557fb24c195fa4964ccfe0d3b79f4e"
"land__C__58","land","C","58","3","21600","true","duration","","81","3","95E4225D91C7ACCA9B4D653693B03DEDECFC2AC78DAC0A48C1CAF8AC326E2C45","10134","31108","51924","69775","16","24884","16305","8628","36","21571","2514","1087","26","25","3","18","1","[""core:ember_wand"",""core:harvest_scythe"",""core:iron_blade"",""core:ward_orbit"",""core:carpenter_hammer"",""core:hedge_drum"",""core:muster_horn"",""core:seed_bag""]","[""core:guarded_harvest"",""core:meal_oath"",""core:rally_boundary"",""core:repair_tithe""]","{""core:guarded_harvest"":9,""core:meal_oath"":8,""core:rally_boundary"":2,""core:repair_tithe"":7}","{""core:boundary_hinge"":2,""core:joiner_square"":2,""core:levy_bread_wrap"":6,""core:muster_roll"":2,""core:root_binding_cord"":3,""core:ruin_keystone"":2,""core:seed_pouch_lining"":2,""core:shock_absorber_pad"":4,""core:wind_seed_flag"":1}","[""core:sheltered_sowing"",""core:sowing_sworddance""]","[{""tick"":0,""evolutionId"":""core:sowing_sworddance"",""baseId"":""core:iron_blade""},{""tick"":993,""evolutionId"":""core:sheltered_sowing"",""baseId"":""core:seed_bag""}]","{""core:carpenter_hammer"":{""building"":45},""core:hedge_drum"":{""building"":67,""people"":600},""core:muster_horn"":{""people"":828},""core:seed_bag"":{""land"":36}}","raw/land__C__58.results.json","10c1f84c86749c2048ad4aadcb3c39c2b6768cf60721152fe66362c56ddb8b8b","raw/land__C__58.metrics.json","2dd6eddb08a3d0c4dbc48cc1b76377e0a56cab653725b504c1c44ebd92f6766b"
"land__C__59","land","C","59","3","21600","true","duration","","74","3","8F85AEB5CFF0F61147BD3EACF08BEFA6D1A471A8573FBE782CA66E52A3D5AAB7","10497","26469","77614","40482","79","23534","14505","4368","18","21253","2353","967","1","1","20","19","1","[""core:ember_wand"",""core:harvest_scythe"",""core:iron_blade"",""core:ward_orbit"",""core:carpenter_hammer"",""core:muster_horn"",""core:seed_bag""]","[""core:guarded_harvest"",""core:meal_oath"",""core:rally_boundary"",""core:repair_tithe""]","{""core:guarded_harvest"":6,""core:meal_oath"":14,""core:rally_boundary"":3,""core:repair_tithe"":2}","{""core:boundary_hinge"":1,""core:joiner_square"":2,""core:levy_bread_wrap"":1,""core:meadow_buckle"":3,""core:muster_roll"":2,""core:return_path_knot"":2,""core:root_binding_cord"":1,""core:ruin_keystone"":1,""core:scaffold_step"":1,""core:seed_pouch_lining"":4,""core:wind_seed_flag"":6}","[""core:sheltered_sowing"",""core:sowing_sworddance""]","[{""tick"":0,""evolutionId"":""core:sowing_sworddance"",""baseId"":""core:iron_blade""},{""tick"":5627,""evolutionId"":""core:sheltered_sowing"",""baseId"":""core:seed_bag""}]","{""core:carpenter_hammer"":{""building"":37},""core:muster_horn"":{""people"":1912},""core:seed_bag"":{""land"":23}}","raw/land__C__59.results.json","e67b381fb67ea265a104ffe08d6ce9bfde98aee379a650b18b136b3688a11cc4","raw/land__C__59.metrics.json","7fc0c7aacaf98573d95cd15334d59876a7e160c3b129818983b31bca320a70da"
"land__C__60","land","C","60","3","21600","true","duration","","77","3","7D3F095AFE9A1DD159AADD96FC9315D30318613538EF262D90954D5C97F8256A","9229","19771","54201","66185","3","22772","9840","12600","15","21600","2266","656","0","0","6","0","1","[""core:ember_wand"",""core:harvest_scythe"",""core:iron_blade"",""core:ward_orbit"",""core:carpenter_hammer"",""core:hedge_drum"",""core:muster_horn"",""core:seed_bag""]","[""core:guarded_harvest"",""core:meal_oath"",""core:rally_boundary"",""core:repair_tithe""]","{""core:guarded_harvest"":4,""core:meal_oath"":9,""core:rally_boundary"":8,""core:repair_tithe"":13}","{""core:joiner_square"":2,""core:levy_bread_wrap"":1,""core:meadow_buckle"":2,""core:muster_roll"":2,""core:return_path_knot"":2,""core:root_binding_cord"":4,""core:ruin_keystone"":1,""core:scaffold_step"":3,""core:seed_pouch_lining"":4,""core:shock_absorber_pad"":1,""core:wind_seed_flag"":2}","[""core:sheltered_sowing"",""core:sowing_sworddance""]","[{""tick"":0,""evolutionId"":""core:sowing_sworddance"",""baseId"":""core:iron_blade""},{""tick"":457,""evolutionId"":""core:sheltered_sowing"",""baseId"":""core:seed_bag""}]","{""core:carpenter_hammer"":{""building"":45},""core:hedge_drum"":{""building"":41,""people"":629},""core:muster_horn"":{""people"":236},""core:seed_bag"":{""land"":17}}","raw/land__C__60.results.json","394ef10a155a750086ff5a5c20c499dfc31e79651f10e22624cea9343d996b3b","raw/land__C__60.metrics.json","656d612ad9b7f1c40017d53610693b762d891e32d056b0e06cdbf24bdc5ee2d7"
"land__C__61","land","C","61","3","21600","true","duration","","67","3","D688E5E918FB0FAC83D41E1BB859E39E0A76DD82526977E1877896DDC86F130C","11589","27543","106087","7379","0","22770","12180","0","31","21600","2271","812","0","0","16","11","1","[""core:ember_wand"",""core:harvest_scythe"",""core:iron_blade"",""core:ward_orbit"",""core:muster_horn"",""core:seed_bag""]","[""core:guarded_harvest"",""core:meal_oath"",""core:rally_boundary""]","{""core:guarded_harvest"":9,""core:meal_oath"":12,""core:rally_boundary"":11}","{""core:levy_bread_wrap"":3,""core:meadow_buckle"":2,""core:muster_roll"":4,""core:return_path_knot"":3,""core:root_binding_cord"":6,""core:seed_pouch_lining"":3,""core:wind_seed_flag"":3}","[""core:sowing_sworddance""]","[{""tick"":0,""evolutionId"":""core:sowing_sworddance"",""baseId"":""core:iron_blade""}]","{""core:muster_horn"":{""people"":1524},""core:seed_bag"":{""land"":20}}","raw/land__C__61.results.json","99b2f857a9d265675eccefe6cf0f436017a9dddffac82924da7d5feaa53e8230","raw/land__C__61.metrics.json","a30e9053d0196d43a1510107d41c2cb5fe41c16cc53f142b805e0dea14fab67a"
"land__C__62","land","C","62","3","21600","true","duration","","78","3","D6C78777DEB401BA4905EA9C8CAD54F9D63C32B5D6EA9D1BD50EA361AF2ABD91","9452","32658","53113","57175","56","23302","14115","9696","1","21600","2363","941","7","6","13","13","1","[""core:ember_wand"",""core:harvest_scythe"",""core:iron_blade"",""core:ward_orbit"",""core:carpenter_hammer"",""core:hedge_drum"",""core:muster_horn"",""core:seed_bag""]","[""core:guarded_harvest"",""core:meal_oath"",""core:rally_boundary"",""core:repair_tithe""]","{""core:guarded_harvest"":6,""core:meal_oath"":7,""core:rally_boundary"":5,""core:repair_tithe"":2}","{""core:boundary_hinge"":1,""core:joiner_square"":4,""core:levy_bread_wrap"":1,""core:meadow_buckle"":2,""core:muster_roll"":2,""core:return_path_knot"":1,""core:root_binding_cord"":3,""core:ruin_keystone"":3,""core:scaffold_step"":2,""core:seed_pouch_lining"":1,""core:shock_absorber_pad"":3,""core:wind_seed_flag"":1}","[""core:sheltered_sowing"",""core:sowing_sworddance""]","[{""tick"":0,""evolutionId"":""core:sowing_sworddance"",""baseId"":""core:iron_blade""},{""tick"":6600,""evolutionId"":""core:sheltered_sowing"",""baseId"":""core:seed_bag""}]","{""core:carpenter_hammer"":{""building"":6},""core:hedge_drum"":{""building"":89,""people"":684},""core:muster_horn"":{""people"":1192},""core:seed_bag"":{""land"":35}}","raw/land__C__62.results.json","d2c916020f282bea3588c3352a9336ac154693e08c4afc6a54c9f732ccc10794","raw/land__C__62.metrics.json","e3a6cf51ec53a52327cd075929123489578e586892f0ce04b8adc20da6773698"
"land__C__63","land","C","63","3","21600","true","duration","","69","3","DF15CB7BAB50C59138806938394080066EC9A9B3EEC4858F6B93FACF3B096344","11413","29315","91280","22841","2126","23760","13260","0","16","21589","2358","884","0","0","24","10","1","[""core:ember_wand"",""core:harvest_scythe"",""core:iron_blade"",""core:ward_orbit"",""core:muster_horn"",""core:seed_bag""]","[""core:guarded_harvest"",""core:meal_oath"",""core:rally_boundary""]","{""core:guarded_harvest"":7,""core:meal_oath"":4,""core:rally_boundary"":7}","{""core:levy_bread_wrap"":1,""core:meadow_buckle"":3,""core:muster_roll"":4,""core:return_path_knot"":5,""core:root_binding_cord"":3,""core:seed_pouch_lining"":5,""core:wind_seed_flag"":2}","[""core:sowing_sworddance""]","[{""tick"":0,""evolutionId"":""core:sowing_sworddance"",""baseId"":""core:iron_blade""}]","{""core:muster_horn"":{""people"":1814},""core:seed_bag"":{""land"":18}}","raw/land__C__63.results.json","05f99dad702bcbebf9b1bb4fe2f4fa52d76561022f92385a5e649fe6fee83803","raw/land__C__63.metrics.json","b39d53d233332bc5d9169a6019aa0278773944f7452ed76a8e1ec48632cf2507"
"land__C__64","land","C","64","3","21600","true","duration","","81","3","EFD15646A9F221665D2BB6B596A1E0665215FC2BBA576B85DBCC9E8A0EB7AC84","9749","39788","60011","56327","16","25356","18660","6408","31","21191","2502","1244","11","10","19","9","1","[""core:ember_wand"",""core:harvest_scythe"",""core:iron_blade"",""core:ward_orbit"",""core:carpenter_hammer"",""core:hedge_drum"",""core:muster_horn"",""core:seed_bag""]","[""core:guarded_harvest"",""core:meal_oath"",""core:rally_boundary"",""core:repair_tithe""]","{""core:guarded_harvest"":5,""core:meal_oath"":9,""core:rally_boundary"":11,""core:repair_tithe"":2}","{""core:boundary_hinge"":2,""core:joiner_square"":1,""core:levy_bread_wrap"":3,""core:meadow_buckle"":1,""core:muster_roll"":4,""core:return_path_knot"":6,""core:root_binding_cord"":1,""core:ruin_keystone"":2,""core:scaffold_step"":1,""core:seed_pouch_lining"":1,""core:wind_seed_flag"":2}","[""core:sheltered_sowing"",""core:sowing_sworddance""]","[{""tick"":0,""evolutionId"":""core:sowing_sworddance"",""baseId"":""core:iron_blade""},{""tick"":5772,""evolutionId"":""core:sheltered_sowing"",""baseId"":""core:seed_bag""}]","{""core:carpenter_hammer"":{""building"":7},""core:hedge_drum"":{""building"":58,""people"":625},""core:muster_horn"":{""people"":1177},""core:seed_bag"":{""land"":38}}","raw/land__C__64.results.json","70579d3bfc468d9b6159c0307e0e94602c320b9f08f1b90d3afaf9feee985030","raw/land__C__64.metrics.json","06ce6cd9271ca2780d9e1d7d2b81cb2345ac7080dbe7582a7c7a5718d006a754"
"land__C__65","land","C","65","3","21600","true","duration","","69","3","A1BEB9E0671DBCA99DB27EF7C0A43E6BF9875DA668F09D2A00CB5FCE28162561","9917","41502","92454","6455","16","22864","13935","0","27","21600","2299","929","0","0","15","20","1","[""core:ember_wand"",""core:harvest_scythe"",""core:iron_blade"",""core:ward_orbit"",""core:muster_horn"",""core:seed_bag""]","[""core:guarded_harvest"",""core:meal_oath"",""core:rally_boundary"",""core:repair_tithe""]","{""core:guarded_harvest"":6,""core:meal_oath"":7,""core:rally_boundary"":7,""core:repair_tithe"":2}","{""core:levy_bread_wrap"":2,""core:meadow_buckle"":5,""core:muster_roll"":4,""core:return_path_knot"":3,""core:root_binding_cord"":1,""core:seed_pouch_lining"":5,""core:wind_seed_flag"":4}","[""core:sowing_sworddance""]","[{""tick"":0,""evolutionId"":""core:sowing_sworddance"",""baseId"":""core:iron_blade""}]","{""core:muster_horn"":{""people"":2085},""core:seed_bag"":{""land"":23}}","raw/land__C__65.results.json","cbbeb2937dbe0a528e358707d6078404cd9c2e9cfa851a5639329d05cb537c77","raw/land__C__65.metrics.json","8cd8d89d4381820325b7bc4479c1f6cc49b99133aeb697b3f8b4d200ea1842ec"
"land__C__66","land","C","66","3","21600","true","duration","","65","3","C80650C9A5F0D4737E305101FB25B3791D35B68B6035341D90CDA79AA035952B","9947","75743","48892","18490","1433","23520","6390","2388","1","21600","2329","426","6","6","18","0","1","[""core:ember_wand"",""core:harvest_scythe"",""core:iron_blade"",""core:ward_orbit"",""core:hedge_drum"",""core:seed_bag""]","[""core:guarded_harvest"",""core:meal_oath"",""core:rally_boundary"",""core:repair_tithe""]","{""core:guarded_harvest"":12,""core:meal_oath"":5,""core:rally_boundary"":3,""core:repair_tithe"":1}","{""core:levy_bread_wrap"":5,""core:meadow_buckle"":3,""core:root_binding_cord"":3,""core:scaffold_step"":1,""core:seed_pouch_lining"":6,""core:wind_seed_flag"":6}","[""core:sowing_sworddance""]","[{""tick"":0,""evolutionId"":""core:sowing_sworddance"",""baseId"":""core:iron_blade""}]","{""core:hedge_drum"":{""building"":165,""people"":265},""core:seed_bag"":{""land"":5}}","raw/land__C__66.results.json","c8f03f8a08c7e2f86ea53769968b2969bfda9073ca9a38ed40c3c85f675d52bd","raw/land__C__66.metrics.json","374ab8f62119101c5a24096ef1b79c09531c799f1348db97f278ae205605275e"
"land__C__67","land","C","67","3","21600","true","duration","","75","3","865A074C324CEE7EABA78AAEFFA9B8C17BDB3CCACC4448766C2AE8421B3680C1","10561","24343","63219","57418","419","23748","10605","9060","10","21600","2377","707","0","0","7","9","1","[""core:ember_wand"",""core:harvest_scythe"",""core:iron_blade"",""core:ward_orbit"",""core:carpenter_hammer"",""core:hedge_drum"",""core:muster_horn"",""core:seed_bag""]","[""core:guarded_harvest"",""core:meal_oath"",""core:rally_boundary"",""core:repair_tithe""]","{""core:guarded_harvest"":12,""core:meal_oath"":7,""core:rally_boundary"":4,""core:repair_tithe"":12}","{""core:boundary_hinge"":2,""core:meadow_buckle"":3,""core:muster_roll"":2,""core:return_path_knot"":4,""core:root_binding_cord"":2,""core:ruin_keystone"":2,""core:scaffold_step"":3,""core:seed_pouch_lining"":1,""core:shock_absorber_pad"":1,""core:wind_seed_flag"":3}","[""core:sheltered_sowing"",""core:sowing_sworddance""]","[{""tick"":0,""evolutionId"":""core:sowing_sworddance"",""baseId"":""core:iron_blade""},{""tick"":8700,""evolutionId"":""core:sheltered_sowing"",""baseId"":""core:seed_bag""}]","{""core:carpenter_hammer"":{""building"":4},""core:hedge_drum"":{""building"":97,""people"":557},""core:muster_horn"":{""people"":950},""core:seed_bag"":{""land"":24}}","raw/land__C__67.results.json","e53d3fc64a064111f20f4a344e221e29ff86d6495987052bd3eef872d48c2575","raw/land__C__67.metrics.json","b862b5e520c214dccd9840d2453d4c4e02b6b22a8c6cc5f1ac634bd62e091e03"
"land__C__68","land","C","68","3","21600","true","duration","","78","3","7FC141A6F6029E04B1BD65DBA247FDCEF1FF588B794BEEA0BB8B08E034ACB4E2","9896","33316","52264","62931","557","24110","12795","10200","0","21600","2360","853","5","5","16","8","1","[""core:ember_wand"",""core:harvest_scythe"",""core:iron_blade"",""core:ward_orbit"",""core:carpenter_hammer"",""core:hedge_drum"",""core:muster_horn"",""core:seed_bag""]","[""core:guarded_harvest"",""core:meal_oath"",""core:rally_boundary"",""core:repair_tithe""]","{""core:guarded_harvest"":5,""core:meal_oath"":8,""core:rally_boundary"":4,""core:repair_tithe"":2}","{""core:joiner_square"":2,""core:levy_bread_wrap"":1,""core:meadow_buckle"":3,""core:muster_roll"":3,""core:return_path_knot"":4,""core:root_binding_cord"":2,""core:ruin_keystone"":1,""core:scaffold_step"":1,""core:seed_pouch_lining"":4,""core:shock_absorber_pad"":1,""core:wind_seed_flag"":2}","[""core:sheltered_sowing"",""core:sowing_sworddance""]","[{""tick"":0,""evolutionId"":""core:sowing_sworddance"",""baseId"":""core:iron_blade""},{""tick"":3618,""evolutionId"":""core:sheltered_sowing"",""baseId"":""core:seed_bag""}]","{""core:carpenter_hammer"":{""building"":80},""core:hedge_drum"":{""building"":28,""people"":368},""core:muster_horn"":{""people"":1657},""core:seed_bag"":{""land"":21}}","raw/land__C__68.results.json","da1e674d1b8b807957673c6480538253990316754834f56864c382dc097f939e","raw/land__C__68.metrics.json","0526db34d2f14e10ea8445b39d11f64a0ed2418ea51522372f1db6b005ea5202"
"land__C__69","land","C","69","3","21600","true","duration","","62","3","E2348D843BD2F37C1FB8CE98935DCCCF010B98204EC63D9726FFFF05956518F9","11537","20494","111981","2712","1024","21996","8205","0","11","21581","2258","547","0","0","7","16","1","[""core:ember_wand"",""core:harvest_scythe"",""core:iron_blade"",""core:ward_orbit"",""core:muster_horn"",""core:seed_bag""]","[""core:guarded_harvest"",""core:meal_oath"",""core:rally_boundary""]","{""core:guarded_harvest"":10,""core:meal_oath"":8,""core:rally_boundary"":4}","{""core:meadow_buckle"":5,""core:muster_roll"":2,""core:return_path_knot"":4,""core:root_binding_cord"":5,""core:seed_pouch_lining"":6,""core:wind_seed_flag"":1}","[""core:sowing_sworddance""]","[{""tick"":0,""evolutionId"":""core:sowing_sworddance"",""baseId"":""core:iron_blade""}]","{""core:muster_horn"":{""people"":1506},""core:seed_bag"":{""land"":12}}","raw/land__C__69.results.json","30b9f735814215d62e95da1db4014422f158b0351bdc57bb39a47bdd95a89617","raw/land__C__69.metrics.json","6c24709b4a06fbca97e1e603f797c1fd81eeeba4bb9838ddf35b521bbd555d14"
"land__C__70","land","C","70","3","21600","true","duration","","76","3","3D2EF7B550A384674456690F95D3C32893AF2D4E30C8C9EB33CDBDF0F58CD9B5","9830","28797","59711","61050","0","24340","10695","8892","40","21569","2411","713","2","2","1","5","1","[""core:ember_wand"",""core:harvest_scythe"",""core:iron_blade"",""core:ward_orbit"",""core:carpenter_hammer"",""core:hedge_drum"",""core:muster_horn"",""core:seed_bag""]","[""core:guarded_harvest"",""core:meal_oath"",""core:rally_boundary"",""core:repair_tithe""]","{""core:guarded_harvest"":15,""core:meal_oath"":3,""core:rally_boundary"":14,""core:repair_tithe"":6}","{""core:boundary_hinge"":3,""core:levy_bread_wrap"":2,""core:meadow_buckle"":3,""core:muster_roll"":2,""core:return_path_knot"":2,""core:root_binding_cord"":1,""core:ruin_keystone"":1,""core:scaffold_step"":2,""core:seed_pouch_lining"":3,""core:shock_absorber_pad"":1,""core:wind_seed_flag"":4}","[""core:sheltered_sowing"",""core:sowing_sworddance""]","[{""tick"":0,""evolutionId"":""core:sowing_sworddance"",""baseId"":""core:iron_blade""},{""tick"":2216,""evolutionId"":""core:sheltered_sowing"",""baseId"":""core:seed_bag""}]","{""core:carpenter_hammer"":{""building"":66},""core:hedge_drum"":{""building"":44,""people"":427},""core:muster_horn"":{""people"":1229},""core:seed_bag"":{""land"":29}}","raw/land__C__70.results.json","a2be1abcd2bd61c5d1c7d3f491ebbbdfd72b34c70f8e137cf6beed543b715245","raw/land__C__70.metrics.json","b6f8f836aa4638a4bdccf27b5267476de3376a3feacae258bfd46dc3e316b87a"
"land__C__71","land","C","71","3","21600","true","duration","","73","3","01496F5C67C26D171B6BC948B2F4904F5D710D86DFBC350784BF4FD3EDC7BF59","9798","21946","67160","52813","96","23050","8535","9180","1","21600","2296","569","11","9","0","29","1","[""core:ember_wand"",""core:harvest_scythe"",""core:iron_blade"",""core:ward_orbit"",""core:carpenter_hammer"",""core:hedge_drum"",""core:muster_horn"",""core:seed_bag""]","[""core:guarded_harvest"",""core:meal_oath"",""core:rally_boundary"",""core:repair_tithe""]","{""core:guarded_harvest"":10,""core:meal_oath"":6,""core:rally_boundary"":4,""core:repair_tithe"":2}","{""core:joiner_square"":1,""core:levy_bread_wrap"":4,""core:meadow_buckle"":2,""core:root_binding_cord"":2,""core:scaffold_step"":6,""core:seed_pouch_lining"":5,""core:shock_absorber_pad"":1,""core:wind_seed_flag"":2}","[""core:sheltered_sowing"",""core:sowing_sworddance""]","[{""tick"":0,""evolutionId"":""core:sowing_sworddance"",""baseId"":""core:iron_blade""},{""tick"":15758,""evolutionId"":""core:sheltered_sowing"",""baseId"":""core:seed_bag""}]","{""core:hedge_drum"":{""building"":119,""people"":242},""core:muster_horn"":{""people"":1260},""core:seed_bag"":{""land"":22}}","raw/land__C__71.results.json","b0cc4968b4d473b61f0eb5d936b41774234febf9617b90c191910c817cfc7020","raw/land__C__71.metrics.json","d2ad2be5ab70287cddfa63ee56d90acfc4888ae4a451f80b16d84a191fb9eaf8"
"land__C__72","land","C","72","3","21600","true","duration","","76","3","348DE92E72351A7443079AA25A453DD86E591ECC9CA8D15011DF538DF88DFD09","11480","35206","104939","19593","192","26112","18135","0","16","21600","2569","1209","0","0","29","20","1","[""core:ember_wand"",""core:harvest_scythe"",""core:iron_blade"",""core:ward_orbit"",""core:muster_horn"",""core:seed_bag""]","[""core:guarded_harvest"",""core:meal_oath"",""core:rally_boundary"",""core:repair_tithe""]","{""core:guarded_harvest"":10,""core:meal_oath"":7,""core:rally_boundary"":6,""core:repair_tithe"":1}","{""core:levy_bread_wrap"":2,""core:meadow_buckle"":3,""core:muster_roll"":4,""core:return_path_knot"":1,""core:root_binding_cord"":3,""core:seed_pouch_lining"":4,""core:wind_seed_flag"":7}","[""core:sowing_sworddance""]","[{""tick"":0,""evolutionId"":""core:sowing_sworddance"",""baseId"":""core:iron_blade""}]","{""core:muster_horn"":{""people"":1810},""core:seed_bag"":{""land"":18}}","raw/land__C__72.results.json","6b6fd1e86eba72bef77ab2dc2dc644f3c6202e9f979acaeb1814a3b41fb06394","raw/land__C__72.metrics.json","ed92ae084b765b35ec9ea634ba1743f2804a68d2d6d62825f99eda0d23045e0d"
"land__C__73","land","C","73","3","21600","true","duration","","80","3","9C4FEA80A7BF5C64D7FBDEB1A24A6067F3E2BF0C9200CE89105F2E1A0A894B9F","9956","25761","67791","60294","496","25120","17175","6312","53","21488","2495","1145","0","0","8","34","1","[""core:ember_wand"",""core:harvest_scythe"",""core:iron_blade"",""core:ward_orbit"",""core:carpenter_hammer"",""core:muster_horn"",""core:seed_bag""]","[""core:guarded_harvest"",""core:meal_oath"",""core:rally_boundary"",""core:repair_tithe""]","{""core:guarded_harvest"":10,""core:meal_oath"":12,""core:rally_boundary"":7,""core:repair_tithe"":7}","{""core:boundary_hinge"":1,""core:joiner_square"":2,""core:levy_bread_wrap"":3,""core:meadow_buckle"":4,""core:muster_roll"":2,""core:return_path_knot"":1,""core:root_binding_cord"":3,""core:ruin_keystone"":2,""core:seed_pouch_lining"":2,""core:shock_absorber_pad"":2,""core:wind_seed_flag"":2}","[""core:sheltered_sowing"",""core:sowing_sworddance""]","[{""tick"":0,""evolutionId"":""core:sowing_sworddance"",""baseId"":""core:iron_blade""},{""tick"":457,""evolutionId"":""core:sheltered_sowing"",""baseId"":""core:seed_bag""}]","{""core:carpenter_hammer"":{""building"":38},""core:muster_horn"":{""people"":1500},""core:seed_bag"":{""land"":37}}","raw/land__C__73.results.json","c2af777080e68dbab8a710d20dafa02fbd8e32d084266d481f783b84cef65687","raw/land__C__73.metrics.json","27d1b762d886c2e5b265e4c902f2fa3879de6fc277754c62511fa5134bd5f79b"
"building__A__42","building","A","42","3","21600","true","duration","","74","3","E493CF17F50348AAD9C2E7A44E6ABE7BCCDD2F0F77551417D68B2E22C1F9928E","9520","26026","62270","54920","16","23272","8760","10080","12","21600","2332","584","1","1","0","44","1","[""core:ember_wand"",""core:harvest_scythe"",""core:iron_blade"",""core:ward_orbit"",""core:carpenter_hammer"",""core:hedge_drum"",""core:muster_horn"",""core:seed_bag""]","[""core:guarded_harvest"",""core:meal_oath"",""core:rally_boundary"",""core:repair_tithe""]","{""core:guarded_harvest"":7,""core:meal_oath"":3,""core:rally_boundary"":4,""core:repair_tithe"":18}","{""core:boundary_hinge"":3,""core:levy_bread_wrap"":4,""core:meadow_buckle"":2,""core:muster_roll"":1,""core:return_path_knot"":3,""core:root_binding_cord"":1,""core:ruin_keystone"":1,""core:scaffold_step"":2,""core:seed_pouch_lining"":5,""core:wind_seed_flag"":2}","[""core:sheltered_sowing"",""core:sowing_sworddance""]","[{""tick"":0,""evolutionId"":""core:sowing_sworddance"",""baseId"":""core:iron_blade""},{""tick"":1200,""evolutionId"":""core:sheltered_sowing"",""baseId"":""core:seed_bag""}]","{""core:carpenter_hammer"":{""building"":40},""core:hedge_drum"":{""building"":10},""core:muster_horn"":{""people"":44},""core:seed_bag"":{""land"":38}}","raw/building__A__42.results.json","fd0d3150d0e1ae24f1373117e39a31d772ccc332918e62ec1fdc75aeb4ccfb74","raw/building__A__42.metrics.json","65ec8577415354b5aaa950eef910d4d2bab7675db54b9d631633331ced85cbd5"
"building__A__43","building","A","43","3","21600","true","duration","","75","3","C905B4BF9EA6CE2C4D39C45F4DA7E271BF9B53B39F3BDAB30E1D76DC866B660B","10039","48163","69863","36333","205","25006","13800","4536","30","21323","2480","920","16","16","0","58","1","[""core:ember_wand"",""core:harvest_scythe"",""core:iron_blade"",""core:ward_orbit"",""core:carpenter_hammer"",""core:hedge_drum"",""core:muster_horn"",""core:seed_bag""]","[""core:guarded_harvest"",""core:meal_oath"",""core:rally_boundary"",""core:repair_tithe""]","{""core:guarded_harvest"":11,""core:meal_oath"":6,""core:rally_boundary"":8,""core:repair_tithe"":5}","{""core:boundary_hinge"":2,""core:joiner_square"":2,""core:levy_bread_wrap"":2,""core:meadow_buckle"":2,""core:muster_roll"":1,""core:return_path_knot"":1,""core:root_binding_cord"":3,""core:ruin_keystone"":1,""core:scaffold_step"":1,""core:seed_pouch_lining"":1,""core:shock_absorber_pad"":2,""core:wind_seed_flag"":5}","[""core:sheltered_sowing"",""core:sowing_sworddance""]","[{""tick"":0,""evolutionId"":""core:sowing_sworddance"",""baseId"":""core:iron_blade""},{""tick"":5982,""evolutionId"":""core:sheltered_sowing"",""baseId"":""core:seed_bag""}]","{""core:carpenter_hammer"":{""building"":45},""core:hedge_drum"":{""building"":26},""core:muster_horn"":{""people"":58},""core:seed_bag"":{""land"":73}}","raw/building__A__43.results.json","2866e543abcd66ee6b6e9867a79c9565a852ec2f032d78fdb0360e3f0c5e3425","raw/building__A__43.metrics.json","5691f05671b1d3b76137149a0aa47c6ba015dedda188f9027af0d0cccb793ade"
"building__A__44","building","A","44","3","21600","true","duration","","68","3","15E2898708417D6F8C1F8DCFED16B5F34ABAAE963B193B68909D1B39ECAB14EA","10082","17706","52156","65969","60","21910","4665","9168","8","21519","2261","311","13","13","0","40","1","[""core:ember_wand"",""core:harvest_scythe"",""core:iron_blade"",""core:ward_orbit"",""core:carpenter_hammer"",""core:hedge_drum"",""core:muster_horn"",""core:seed_bag""]","[""core:guarded_harvest"",""core:meal_oath"",""core:rally_boundary"",""core:repair_tithe""]","{""core:guarded_harvest"":12,""core:meal_oath"":2,""core:rally_boundary"":2,""core:repair_tithe"":14}","{""core:joiner_square"":1,""core:levy_bread_wrap"":1,""core:meadow_buckle"":1,""core:muster_roll"":3,""core:root_binding_cord"":6,""core:scaffold_step"":4,""core:seed_pouch_lining"":4,""core:shock_absorber_pad"":2,""core:wind_seed_flag"":2}","[""core:sheltered_sowing"",""core:sowing_sworddance""]","[{""tick"":0,""evolutionId"":""core:sowing_sworddance"",""baseId"":""core:iron_blade""},{""tick"":1800,""evolutionId"":""core:sheltered_sowing"",""baseId"":""core:seed_bag""}]","{""core:carpenter_hammer"":{""building"":11},""core:hedge_drum"":{""building"":106},""core:muster_horn"":{""people"":40},""core:seed_bag"":{""land"":32}}","raw/building__A__44.results.json","ce5cedc16a9f641ffab39ae0eb3f7859b8edb9e2e4953d6fadfd91861584469b","raw/building__A__44.metrics.json","6fb2870f64805f0449cfcfcc9f940c83c7c7f05fa9f8fde9fbb7adc1e84eceb1"
"building__A__45","building","A","45","3","21600","true","duration","","70","3","09E337C8422EC06ED3128297392EE3909E5C97061CAF14949087653AC507EAA3","11749","22774","74510","48487","189","23622","7500","6876","3","21585","2320","500","5","5","0","47","1","[""core:ember_wand"",""core:harvest_scythe"",""core:iron_blade"",""core:ward_orbit"",""core:carpenter_hammer"",""core:hedge_drum"",""core:muster_horn"",""core:seed_bag""]","[""core:guarded_harvest"",""core:meal_oath"",""core:rally_boundary"",""core:repair_tithe""]","{""core:guarded_harvest"":8,""core:meal_oath"":4,""core:rally_boundary"":3,""core:repair_tithe"":10}","{""core:boundary_hinge"":2,""core:joiner_square"":2,""core:levy_bread_wrap"":2,""core:muster_roll"":5,""core:return_path_knot"":2,""core:root_binding_cord"":3,""core:ruin_keystone"":2,""core:scaffold_step"":1,""core:seed_pouch_lining"":1,""core:shock_absorber_pad"":2,""core:wind_seed_flag"":2}","[""core:sheltered_sowing"",""core:sowing_sworddance""]","[{""tick"":0,""evolutionId"":""core:sowing_sworddance"",""baseId"":""core:iron_blade""},{""tick"":8626,""evolutionId"":""core:sheltered_sowing"",""baseId"":""core:seed_bag""}]","{""core:carpenter_hammer"":{""building"":55},""core:hedge_drum"":{""building"":86},""core:muster_horn"":{""people"":47},""core:seed_bag"":{""land"":38}}","raw/building__A__45.results.json","5ebb88d7bd67ddfb99ff311d9c5b3e4b25bcac0554e7d2d55dc23578701639ec","raw/building__A__45.metrics.json","146cc598ee68952c50caa361aed7455f05ec8bb2d7729977506018f5c469b3e6"
"building__A__46","building","A","46","3","21600","true","duration","","63","3","0AA79828DA81B10267EE4F2E463999249BC4B8035EECF818FEF0277E0B7CEA5B","10295","36609","103339","226","48","22510","8460","0","15","21480","2282","564","0","0","0","44","1","[""core:ember_wand"",""core:harvest_scythe"",""core:iron_blade"",""core:ward_orbit"",""core:muster_horn"",""core:seed_bag""]","[""core:guarded_harvest"",""core:meal_oath"",""core:rally_boundary"",""core:repair_tithe""]","{""core:guarded_harvest"":8,""core:meal_oath"":3,""core:rally_boundary"":13,""core:repair_tithe"":1}","{""core:levy_bread_wrap"":5,""core:meadow_buckle"":8,""core:muster_roll"":5,""core:return_path_knot"":2,""core:seed_pouch_lining"":2,""core:wind_seed_flag"":2}","[""core:sowing_sworddance""]","[{""tick"":0,""evolutionId"":""core:sowing_sworddance"",""baseId"":""core:iron_blade""}]","{""core:muster_horn"":{""people"":44},""core:seed_bag"":{""land"":60}}","raw/building__A__46.results.json","09d6cfd2b37a397afd935c64037ff782ae3f78b43c6840087a0c07ba21d6f49e","raw/building__A__46.metrics.json","a5dd4340493989fd8b7ee38e9e6df356d6106753261a8da870fd4a102acf190f"
"building__A__47","building","A","47","3","21600","true","duration","","69","3","DF07280771D5F7E1E4C0876DEC99AB5608E50048C7465BFDAF8283BDF55B785F","9973","23394","63304","54975","58","23048","6945","6384","18","21566","2292","463","19","17","0","34","1","[""core:ember_wand"",""core:harvest_scythe"",""core:iron_blade"",""core:ward_orbit"",""core:carpenter_hammer"",""core:hedge_drum"",""core:muster_horn"",""core:seed_bag""]","[""core:guarded_harvest"",""core:meal_oath"",""core:rally_boundary"",""core:repair_tithe""]","{""core:guarded_harvest"":4,""core:meal_oath"":11,""core:rally_boundary"":5,""core:repair_tithe"":5}","{""core:boundary_hinge"":2,""core:joiner_square"":4,""core:levy_bread_wrap"":2,""core:meadow_buckle"":1,""core:muster_roll"":1,""core:return_path_knot"":1,""core:root_binding_cord"":3,""core:ruin_keystone"":1,""core:scaffold_step"":3,""core:seed_pouch_lining"":2,""core:shock_absorber_pad"":2,""core:wind_seed_flag"":2}","[""core:sheltered_sowing"",""core:sowing_sworddance""]","[{""tick"":0,""evolutionId"":""core:sowing_sworddance"",""baseId"":""core:iron_blade""},{""tick"":457,""evolutionId"":""core:sheltered_sowing"",""baseId"":""core:seed_bag""}]","{""core:carpenter_hammer"":{""building"":33},""core:hedge_drum"":{""building"":83},""core:muster_horn"":{""people"":34},""core:seed_bag"":{""land"":48}}","raw/building__A__47.results.json","8e2c147d1c5b5bc1b12123a6f8dc703e86f5b54a07b654b520a122d539c2e2f4","raw/building__A__47.metrics.json","66d52a4802a2c55c9128c5e5d42ae34a0e2eab476df21561d9d87193023a8209"
"building__A__48","building","A","48","3","21600","true","duration","","74","3","C0C629B9F21B0C3186D61BF5B3C9EA4C5E8819AA2285EC818CF16AD9347E117B","9786","22405","72688","48772","0","23400","9435","8892","22","21600","2313","629","0","0","0","41","1","[""core:ember_wand"",""core:harvest_scythe"",""core:iron_blade"",""core:ward_orbit"",""core:carpenter_hammer"",""core:hedge_drum"",""core:muster_horn"",""core:seed_bag""]","[""core:guarded_harvest"",""core:meal_oath"",""core:rally_boundary"",""core:repair_tithe""]","{""core:guarded_harvest"":8,""core:meal_oath"":7,""core:rally_boundary"":9,""core:repair_tithe"":10}","{""core:boundary_hinge"":1,""core:joiner_square"":2,""core:levy_bread_wrap"":3,""core:meadow_buckle"":3,""core:muster_roll"":1,""core:return_path_knot"":1,""core:root_binding_cord"":2,""core:ruin_keystone"":2,""core:scaffold_step"":2,""core:seed_pouch_lining"":1,""core:shock_absorber_pad"":1,""core:wind_seed_flag"":5}","[""core:sheltered_sowing"",""core:sowing_sworddance""]","[{""tick"":0,""evolutionId"":""core:sowing_sworddance"",""baseId"":""core:iron_blade""},{""tick"":622,""evolutionId"":""core:sheltered_sowing"",""baseId"":""core:seed_bag""}]","{""core:carpenter_hammer"":{""building"":12},""core:hedge_drum"":{""building"":59,""people"":165},""core:muster_horn"":{""people"":41},""core:seed_bag"":{""land"":34}}","raw/building__A__48.results.json","a003ab8f8aa2acfd6ebcf62800cfc901858e8f3d14dbedb28f9cff337a1693d5","raw/building__A__48.metrics.json","70ea34637240ea33ef1b4116c8fc60863508d2a5542de4c5fa85b5ea205465c8"
"building__A__49","building","A","49","3","21600","true","duration","","70","3","BD0C30A6503ADAB5F47FCE5C589BFCEAABC4E5C9189EF1F53B6852AD02E91206","10583","13835","65550","60960","194","22706","5700","8868","4","21600","2273","380","27","25","0","45","1","[""core:ember_wand"",""core:harvest_scythe"",""core:iron_blade"",""core:ward_orbit"",""core:carpenter_hammer"",""core:hedge_drum"",""core:muster_horn"",""core:seed_bag""]","[""core:guarded_harvest"",""core:meal_oath"",""core:rally_boundary"",""core:repair_tithe""]","{""core:guarded_harvest"":17,""core:meal_oath"":1,""core:rally_boundary"":5,""core:repair_tithe"":17}","{""core:boundary_hinge"":3,""core:joiner_square"":1,""core:levy_bread_wrap"":1,""core:meadow_buckle"":2,""core:muster_roll"":1,""core:return_path_knot"":3,""core:root_binding_cord"":4,""core:ruin_keystone"":2,""core:scaffold_step"":2,""core:seed_pouch_lining"":1,""core:shock_absorber_pad"":3,""core:wind_seed_flag"":1}","[""core:sheltered_sowing"",""core:sowing_sworddance""]","[{""tick"":0,""evolutionId"":""core:sowing_sworddance"",""baseId"":""core:iron_blade""},{""tick"":3960,""evolutionId"":""core:sheltered_sowing"",""baseId"":""core:seed_bag""}]","{""core:carpenter_hammer"":{""building"":7},""core:hedge_drum"":{""building"":94},""core:muster_horn"":{""people"":45},""core:seed_bag"":{""land"":27}}","raw/building__A__49.results.json","13c4d5ce106898de8110717f0d7e721b836c5d7a88758f4550934f6bba8cf270","raw/building__A__49.metrics.json","fe0bf313e11a91b110c25a468dfd55cb89f4c5e18cf1150b43384ce7614b490d"
"building__A__50","building","A","50","3","21600","true","duration","","61","3","FCF3101D4B367E89143449FB59B6506F406D9187E5E42B18AB1F3DAC75C9B656","14414","40356","93147","3124","3992","22876","5250","288","4","21510","2295","350","0","0","0","31","1","[""core:ember_wand"",""core:harvest_scythe"",""core:iron_blade"",""core:ward_orbit"",""core:hedge_drum"",""core:muster_horn"",""core:seed_bag""]","[""core:guarded_harvest"",""core:meal_oath"",""core:rally_boundary"",""core:repair_tithe""]","{""core:guarded_harvest"":13,""core:meal_oath"":3,""core:rally_boundary"":6,""core:repair_tithe"":3}","{""core:levy_bread_wrap"":1,""core:meadow_buckle"":2,""core:muster_roll"":1,""core:return_path_knot"":4,""core:root_binding_cord"":3,""core:seed_pouch_lining"":8,""core:wind_seed_flag"":5}","[""core:sowing_sworddance""]","[{""tick"":0,""evolutionId"":""core:sowing_sworddance"",""baseId"":""core:iron_blade""}]","{""core:hedge_drum"":{""building"":38},""core:muster_horn"":{""people"":31},""core:seed_bag"":{""land"":25}}","raw/building__A__50.results.json","58a5d600c5a5d6afd3d5a89750f8f25d8aee3f8be2e3dbf2d1a914f99b66def6","raw/building__A__50.metrics.json","dc2804999cdcf558185195c1a533b8dac7208386c3898727506c220246b0a3b9"
"building__A__51","building","A","51","3","21600","true","duration","","70","3","006F9B56D0D741B2D8285CA54E4545EDB507D442FB5FAFAE1324CD080CD3469B","9808","16996","64169","57977","451","22644","5670","9888","12","21600","2269","378","5","4","0","30","1","[""core:ember_wand"",""core:harvest_scythe"",""core:iron_blade"",""core:ward_orbit"",""core:carpenter_hammer"",""core:hedge_drum"",""core:muster_horn"",""core:seed_bag""]","[""core:guarded_harvest"",""core:meal_oath"",""core:rally_boundary"",""core:repair_tithe""]","{""core:guarded_harvest"":12,""core:meal_oath"":4,""core:rally_boundary"":3,""core:repair_tithe"":9}","{""core:boundary_hinge"":1,""core:joiner_square"":1,""core:levy_bread_wrap"":4,""core:meadow_buckle"":3,""core:muster_roll"":1,""core:return_path_knot"":2,""core:root_binding_cord"":1,""core:ruin_keystone"":1,""core:scaffold_step"":4,""core:seed_pouch_lining"":2,""core:shock_absorber_pad"":3,""core:wind_seed_flag"":1}","[""core:sheltered_sowing"",""core:sowing_sworddance""]","[{""tick"":0,""evolutionId"":""core:sowing_sworddance"",""baseId"":""core:iron_blade""},{""tick"":1140,""evolutionId"":""core:sheltered_sowing"",""baseId"":""core:seed_bag""}]","{""core:carpenter_hammer"":{""building"":43},""core:hedge_drum"":{""building"":32},""core:muster_horn"":{""people"":30},""core:seed_bag"":{""land"":27}}","raw/building__A__51.results.json","570d84249a9625c2ff60073a0b86a57958b6686ab0664864676300a8cc254080","raw/building__A__51.metrics.json","59b7f7f844183bea52e1647c4c824b6e61d56b7922ddca31408df16600bdf32d"
"building__A__52","building","A","52","3","21600","true","duration","","67","3","B93CD9883BB61C6B4E5FEF3AE11F21344AF46B1C4CE97923D5E2B88814971C2B","11043","33111","57612","50720","16","22796","5895","6288","3","21494","2263","393","33","28","0","45","1","[""core:ember_wand"",""core:harvest_scythe"",""core:iron_blade"",""core:ward_orbit"",""core:carpenter_hammer"",""core:hedge_drum"",""core:muster_horn"",""core:seed_bag""]","[""core:guarded_harvest"",""core:meal_oath"",""core:rally_boundary"",""core:repair_tithe""]","{""core:guarded_harvest"":7,""core:meal_oath"":3,""core:rally_boundary"":3,""core:repair_tithe"":9}","{""core:boundary_hinge"":4,""core:joiner_square"":3,""core:levy_bread_wrap"":2,""core:meadow_buckle"":3,""core:muster_roll"":3,""core:return_path_knot"":1,""core:root_binding_cord"":1,""core:ruin_keystone"":1,""core:scaffold_step"":2,""core:seed_pouch_lining"":1,""core:shock_absorber_pad"":3}","[""core:sheltered_sowing"",""core:sowing_sworddance""]","[{""tick"":0,""evolutionId"":""core:sowing_sworddance"",""baseId"":""core:iron_blade""},{""tick"":626,""evolutionId"":""core:sheltered_sowing"",""baseId"":""core:seed_bag""}]","{""core:carpenter_hammer"":{""building"":44},""core:hedge_drum"":{""building"":94},""core:muster_horn"":{""people"":45},""core:seed_bag"":{""land"":32}}","raw/building__A__52.results.json","598a87e8797d73c293ed1f1e5fe4d1edae825d7b741700c71003c6ee23ed4b5d","raw/building__A__52.metrics.json","5a5e1b9d97b3a8e0acd4bd29e5ad575ed43fba99559b297f8a23b889e8926f05"
"building__A__53","building","A","53","3","21600","true","duration","","68","3","22AB632FEE91F1FE4232E8957A7ECB25582F2EFDFF53287FE2539A5334A708E9","9804","22847","83387","36690","129","23172","8505","4104","10","21351","2331","567","26","19","0","48","1","[""core:ember_wand"",""core:harvest_scythe"",""core:iron_blade"",""core:ward_orbit"",""core:carpenter_hammer"",""core:hedge_drum"",""core:muster_horn"",""core:seed_bag""]","[""core:guarded_harvest"",""core:meal_oath"",""core:rally_boundary"",""core:repair_tithe""]","{""core:guarded_harvest"":12,""core:meal_oath"":4,""core:rally_boundary"":9,""core:repair_tithe"":13}","{""core:joiner_square"":3,""core:levy_bread_wrap"":1,""core:meadow_buckle"":3,""core:muster_roll"":2,""core:return_path_knot"":2,""core:ruin_keystone"":4,""core:scaffold_step"":1,""core:seed_pouch_lining"":4,""core:shock_absorber_pad"":1,""core:wind_seed_flag"":3}","[""core:sheltered_sowing"",""core:sowing_sworddance""]","[{""tick"":0,""evolutionId"":""core:sowing_sworddance"",""baseId"":""core:iron_blade""},{""tick"":1853,""evolutionId"":""core:sheltered_sowing"",""baseId"":""core:seed_bag""}]","{""core:carpenter_hammer"":{""building"":1},""core:hedge_drum"":{""building"":54,""people"":109},""core:muster_horn"":{""people"":48},""core:seed_bag"":{""land"":37}}","raw/building__A__53.results.json","dfdb6f48d3792ac25f355541740abf12b8d0d5b4105711691de23b8c21cf76c9","raw/building__A__53.metrics.json","328b1435a8bd72390ae620fd4fe1a07b9caef53c128783b040f6afa2d622dd76"
"building__A__54","building","A","54","3","21600","true","duration","","70","3","E4D445C2E8745C6B2D00CA78B3458F0D070B1621F3F7D3E437259B949B98DAA0","11736","33064","84195","34627","1992","24876","10575","2604","24","20847","2533","705","32","25","0","59","1","[""core:ember_wand"",""core:harvest_scythe"",""core:iron_blade"",""core:ward_orbit"",""core:carpenter_hammer"",""core:hedge_drum"",""core:muster_horn"",""core:seed_bag""]","[""core:guarded_harvest"",""core:meal_oath"",""core:rally_boundary"",""core:repair_tithe""]","{""core:guarded_harvest"":13,""core:meal_oath"":9,""core:rally_boundary"":1,""core:repair_tithe"":5}","{""core:boundary_hinge"":3,""core:joiner_square"":2,""core:levy_bread_wrap"":2,""core:meadow_buckle"":3,""core:return_path_knot"":4,""core:root_binding_cord"":2,""core:ruin_keystone"":4,""core:seed_pouch_lining"":2,""core:shock_absorber_pad"":1,""core:wind_seed_flag"":1}","[""core:sheltered_sowing"",""core:sowing_sworddance""]","[{""tick"":0,""evolutionId"":""core:sowing_sworddance"",""baseId"":""core:iron_blade""},{""tick"":2783,""evolutionId"":""core:sheltered_sowing"",""baseId"":""core:seed_bag""}]","{""core:carpenter_hammer"":{""building"":5},""core:hedge_drum"":{""building"":85,""people"":36},""core:muster_horn"":{""people"":59},""core:seed_bag"":{""land"":48}}","raw/building__A__54.results.json","1d5a48341a05769b3b7e70495fe845c7d54bf95b43b5b8bce9a302ad9826ed5a","raw/building__A__54.metrics.json","e1d9b4332bd89900bfc9a75c50221b4f0abfde802a56a1fe8cb21d2db120f0be"
"building__A__55","building","A","55","3","21600","true","duration","","75","3","5BC9B9B6FA3EDCDF06E794A560A1DB0EC792CAEE7D6C0026585D147DAA239EAD","9848","13250","55097","70781","113","22516","8385","12228","15","21600","2322","559","2","2","0","42","1","[""core:ember_wand"",""core:harvest_scythe"",""core:iron_blade"",""core:ward_orbit"",""core:carpenter_hammer"",""core:hedge_drum"",""core:muster_horn"",""core:seed_bag""]","[""core:guarded_harvest"",""core:meal_oath"",""core:rally_boundary"",""core:repair_tithe""]","{""core:guarded_harvest"":6,""core:meal_oath"":4,""core:rally_boundary"":7,""core:repair_tithe"":9}","{""core:boundary_hinge"":3,""core:joiner_square"":4,""core:levy_bread_wrap"":2,""core:meadow_buckle"":1,""core:muster_roll"":2,""core:return_path_knot"":2,""core:ruin_keystone"":2,""core:seed_pouch_lining"":3,""core:shock_absorber_pad"":1,""core:wind_seed_flag"":4}","[""core:sheltered_sowing"",""core:sowing_sworddance""]","[{""tick"":0,""evolutionId"":""core:sowing_sworddance"",""baseId"":""core:iron_blade""},{""tick"":3342,""evolutionId"":""core:sheltered_sowing"",""baseId"":""core:seed_bag""}]","{""core:carpenter_hammer"":{""building"":30},""core:hedge_drum"":{""building"":86},""core:muster_horn"":{""people"":42},""core:seed_bag"":{""land"":33}}","raw/building__A__55.results.json","32032f17ed0356b7287d114a305c381f65bdb81054aba9c1e5d82806844ad4c6","raw/building__A__55.metrics.json","ddaeb0d408a8228b33f0f3f8fd3fc53c55d22a426002b26ef8cda342cce28620"
"building__A__56","building","A","56","3","21600","true","duration","","73","3","8F40B97C8E20AAB9AF950DC9F0B19D7FF381780B61A02CF8DFE63DB634E0A37C","10016","22556","78406","43878","159","23634","10710","6348","9","21470","2340","714","13","10","0","43","1","[""core:ember_wand"",""core:harvest_scythe"",""core:iron_blade"",""core:ward_orbit"",""core:carpenter_hammer"",""core:hedge_drum"",""core:muster_horn"",""core:seed_bag""]","[""core:guarded_harvest"",""core:meal_oath"",""core:rally_boundary"",""core:repair_tithe""]","{""core:guarded_harvest"":11,""core:meal_oath"":11,""core:rally_boundary"":8,""core:repair_tithe"":4}","{""core:boundary_hinge"":2,""core:joiner_square"":3,""core:levy_bread_wrap"":3,""core:muster_roll"":3,""core:return_path_knot"":3,""core:root_binding_cord"":3,""core:scaffold_step"":2,""core:seed_pouch_lining"":1,""core:shock_absorber_pad"":1,""core:wind_seed_flag"":3}","[""core:sheltered_sowing"",""core:sowing_sworddance""]","[{""tick"":0,""evolutionId"":""core:sowing_sworddance"",""baseId"":""core:iron_blade""},{""tick"":592,""evolutionId"":""core:sheltered_sowing"",""baseId"":""core:seed_bag""}]","{""core:carpenter_hammer"":{""building"":31},""core:hedge_drum"":{""building"":22},""core:muster_horn"":{""people"":43},""core:seed_bag"":{""land"":39}}","raw/building__A__56.results.json","34f6fc5ed12af059f5cda231667f3cac56ed08d6cefec8eac67694078bfb54ac","raw/building__A__56.metrics.json","a091320f330d8525e38f6c9e92ad39698ad9c3403cb6658aa822a0644375b262"
"building__A__57","building","A","57","3","21600","true","duration","","71","3","AB4EA8D41E26209F8A194F24E2B0A0A823FBFFD9F1E654A33468EC2589AC6F13","9999","22600","67336","52443","72","22934","7710","8304","4","21324","2291","514","2","2","0","36","1","[""core:ember_wand"",""core:harvest_scythe"",""core:iron_blade"",""core:ward_orbit"",""core:carpenter_hammer"",""core:hedge_drum"",""core:muster_horn"",""core:seed_bag""]","[""core:guarded_harvest"",""core:meal_oath"",""core:rally_boundary"",""core:repair_tithe""]","{""core:guarded_harvest"":8,""core:meal_oath"":1,""core:rally_boundary"":4,""core:repair_tithe"":14}","{""core:boundary_hinge"":3,""core:joiner_square"":2,""core:levy_bread_wrap"":1,""core:meadow_buckle"":3,""core:muster_roll"":2,""core:return_path_knot"":2,""core:root_binding_cord"":1,""core:ruin_keystone"":1,""core:scaffold_step"":2,""core:seed_pouch_lining"":2,""core:shock_absorber_pad"":1,""core:wind_seed_flag"":4}","[""core:sheltered_sowing"",""core:sowing_sworddance""]","[{""tick"":0,""evolutionId"":""core:sowing_sworddance"",""baseId"":""core:iron_blade""},{""tick"":2927,""evolutionId"":""core:sheltered_sowing"",""baseId"":""core:seed_bag""}]","{""core:carpenter_hammer"":{""building"":6},""core:hedge_drum"":{""building"":88,""people"":244},""core:muster_horn"":{""people"":36},""core:seed_bag"":{""land"":42}}","raw/building__A__57.results.json","8d2e1426d7a5ef41a9866d88564252ed42d5268a15573e8377c1275c7f5bd816","raw/building__A__57.metrics.json","c0d97119d3dd333d477e00f627b9ae8db07cbd5d90d037a449fc7b8345802577"
"building__A__58","building","A","58","3","21600","true","duration","","61","3","D2AFBBB7CC785627A44AC002397903B3A21DC439270B6D485B8B24B4B9013559","12297","28803","111313","106","16","22490","5955","0","12","21600","2250","397","0","0","0","41","1","[""core:ember_wand"",""core:harvest_scythe"",""core:iron_blade"",""core:ward_orbit"",""core:muster_horn"",""core:seed_bag""]","[""core:guarded_harvest"",""core:meal_oath"",""core:rally_boundary""]","{""core:guarded_harvest"":14,""core:meal_oath"":10,""core:rally_boundary"":8}","{""core:levy_bread_wrap"":3,""core:meadow_buckle"":3,""core:muster_roll"":3,""core:return_path_knot"":4,""core:root_binding_cord"":1,""core:seed_pouch_lining"":6,""core:wind_seed_flag"":4}","[""core:sowing_sworddance""]","[{""tick"":0,""evolutionId"":""core:sowing_sworddance"",""baseId"":""core:iron_blade""}]","{""core:muster_horn"":{""people"":41},""core:seed_bag"":{""land"":36}}","raw/building__A__58.results.json","755af4eb8b3f3a200df88ca55257b2fcb7a413cc82f4d167fa35c0e310fc56f5","raw/building__A__58.metrics.json","844df17e758b3bfc3d0694d3375de2524856e68b3494463899f9c61017102faa"
"building__A__59","building","A","59","3","21600","true","duration","","74","3","38A73CD9B2E96EF152ADA048497BFB6078373BC65EDCA6AD183FEFF494259CF3","9982","17145","64145","63062","79","23444","8745","9636","12","21546","2353","583","7","4","0","44","1","[""core:ember_wand"",""core:harvest_scythe"",""core:iron_blade"",""core:ward_orbit"",""core:carpenter_hammer"",""core:hedge_drum"",""core:muster_horn"",""core:seed_bag""]","[""core:guarded_harvest"",""core:meal_oath"",""core:rally_boundary"",""core:repair_tithe""]","{""core:guarded_harvest"":6,""core:meal_oath"":6,""core:rally_boundary"":6,""core:repair_tithe"":14}","{""core:boundary_hinge"":1,""core:joiner_square"":2,""core:levy_bread_wrap"":1,""core:meadow_buckle"":3,""core:root_binding_cord"":5,""core:ruin_keystone"":3,""core:scaffold_step"":5,""core:shock_absorber_pad"":2,""core:wind_seed_flag"":2}","[""core:sheltered_sowing"",""core:sowing_sworddance""]","[{""tick"":0,""evolutionId"":""core:sowing_sworddance"",""baseId"":""core:iron_blade""},{""tick"":2686,""evolutionId"":""core:sheltered_sowing"",""baseId"":""core:seed_bag""}]","{""core:carpenter_hammer"":{""building"":57},""core:hedge_drum"":{""building"":45},""core:muster_horn"":{""people"":44},""core:seed_bag"":{""land"":41}}","raw/building__A__59.results.json","dc43376484f274bdd4e630d77329df9666e33fd5c85d5af6579d9519eec8a5c7","raw/building__A__59.metrics.json","c6da9d77a76091defcc4d5ab0627cc30076a51684382028f30ee2f5132912df3"
"building__A__60","building","A","60","3","21600","true","duration","","70","3","969432599BF0D56E8B049C31F73BDA42C43070A05B4849ABF731EC3CD97F14DE","10552","32498","44279","64076","3","22910","5760","9300","15","21586","2292","384","4","4","0","21","1","[""core:ember_wand"",""core:harvest_scythe"",""core:iron_blade"",""core:ward_orbit"",""core:carpenter_hammer"",""core:hedge_drum"",""core:muster_horn"",""core:seed_bag""]","[""core:guarded_harvest"",""core:meal_oath"",""core:rally_boundary"",""core:repair_tithe""]","{""core:guarded_harvest"":2,""core:meal_oath"":6,""core:rally_boundary"":1,""core:repair_tithe"":12}","{""core:boundary_hinge"":2,""core:levy_bread_wrap"":3,""core:meadow_buckle"":2,""core:muster_roll"":1,""core:return_path_knot"":1,""core:root_binding_cord"":5,""core:ruin_keystone"":4,""core:seed_pouch_lining"":2,""core:shock_absorber_pad"":2,""core:wind_seed_flag"":2}","[""core:sheltered_sowing"",""core:sowing_sworddance""]","[{""tick"":0,""evolutionId"":""core:sowing_sworddance"",""baseId"":""core:iron_blade""},{""tick"":457,""evolutionId"":""core:sheltered_sowing"",""baseId"":""core:seed_bag""}]","{""core:carpenter_hammer"":{""building"":52},""core:hedge_drum"":{""building"":68,""people"":10},""core:muster_horn"":{""people"":21},""core:seed_bag"":{""land"":60}}","raw/building__A__60.results.json","d5288338a664cd1f71dd149de7afd9659263990eca8a5e503b02e7613d263c2a","raw/building__A__60.metrics.json","8ff640d30b127bc22496dd6ea15533d800fb4725a39becfad303a6663a17806a"
"building__A__61","building","A","61","3","21600","true","duration","","69","3","D329EE5E68B21758635080FE996614676BF37D24DDC7FAB9BD23B4B32B1F08A6","9630","16426","78597","46307","8","22994","6660","6876","17","21600","2254","444","2","2","0","34","1","[""core:ember_wand"",""core:harvest_scythe"",""core:iron_blade"",""core:ward_orbit"",""core:carpenter_hammer"",""core:hedge_drum"",""core:muster_horn"",""core:seed_bag""]","[""core:guarded_harvest"",""core:meal_oath"",""core:rally_boundary"",""core:repair_tithe""]","{""core:guarded_harvest"":8,""core:meal_oath"":1,""core:rally_boundary"":4,""core:repair_tithe"":9}","{""core:boundary_hinge"":2,""core:levy_bread_wrap"":2,""core:meadow_buckle"":3,""core:muster_roll"":3,""core:return_path_knot"":4,""core:root_binding_cord"":3,""core:scaffold_step"":3,""core:seed_pouch_lining"":2,""core:wind_seed_flag"":2}","[""core:sheltered_sowing"",""core:sowing_sworddance""]","[{""tick"":0,""evolutionId"":""core:sowing_sworddance"",""baseId"":""core:iron_blade""},{""tick"":11100,""evolutionId"":""core:sheltered_sowing"",""baseId"":""core:seed_bag""}]","{""core:carpenter_hammer"":{""building"":7},""core:hedge_drum"":{""building"":74},""core:muster_horn"":{""people"":34},""core:seed_bag"":{""land"":29}}","raw/building__A__61.results.json","ff02581e41e689f62d123e607148dda45d23495cb91e20b57de7374d1b503958","raw/building__A__61.metrics.json","ac6166f396b44fd8293469bf00a949da3ee01858eda8afaa37481ca9cd9ee101"
"building__A__62","building","A","62","3","21600","true","duration","","72","3","347F9F12A3FFB9756D2674DB409441B35716F95695DB81EF353D6C2BEE8E4F71","10025","30980","44302","64385","82","22608","9705","7476","15","21581","2351","647","18","16","1","36","1","[""core:ember_wand"",""core:harvest_scythe"",""core:iron_blade"",""core:ward_orbit"",""core:carpenter_hammer"",""core:hedge_drum"",""core:muster_horn"",""core:seed_bag""]","[""core:guarded_harvest"",""core:meal_oath"",""core:rally_boundary"",""core:repair_tithe""]","{""core:guarded_harvest"":5,""core:meal_oath"":4,""core:rally_boundary"":4,""core:repair_tithe"":9}","{""core:boundary_hinge"":3,""core:joiner_square"":4,""core:levy_bread_wrap"":2,""core:meadow_buckle"":2,""core:muster_roll"":1,""core:return_path_knot"":1,""core:scaffold_step"":2,""core:seed_pouch_lining"":4,""core:shock_absorber_pad"":4,""core:wind_seed_flag"":1}","[""core:sheltered_sowing"",""core:sowing_sworddance""]","[{""tick"":0,""evolutionId"":""core:sowing_sworddance"",""baseId"":""core:iron_blade""},{""tick"":1608,""evolutionId"":""core:sheltered_sowing"",""baseId"":""core:seed_bag""}]","{""core:carpenter_hammer"":{""building"":10},""core:hedge_drum"":{""building"":62,""people"":492},""core:muster_horn"":{""people"":36},""core:seed_bag"":{""land"":48}}","raw/building__A__62.results.json","39e8f5c09036d3694d55aa128f8ff28de0925072c071b1c20e8fb07eb3528bfd","raw/building__A__62.metrics.json","c256d3b61cf3223264a8ae8b165b79e7d217abbe0c3b06d06b945e1413715a4d"
"building__A__63","building","A","63","3","21600","true","duration","","70","3","0ACA278B320C747953E7416CE4D1728A810CBE20920E508EB1A7E4501A5A2D92","9064","30493","44054","57432","39","21300","6525","10044","1","21589","2267","435","14","12","6","0","1","[""core:ember_wand"",""core:harvest_scythe"",""core:iron_blade"",""core:ward_orbit"",""core:carpenter_hammer"",""core:hedge_drum"",""core:seed_bag""]","[""core:guarded_harvest"",""core:meal_oath"",""core:rally_boundary"",""core:repair_tithe""]","{""core:guarded_harvest"":6,""core:meal_oath"":7,""core:rally_boundary"":2,""core:repair_tithe"":17}","{""core:boundary_hinge"":1,""core:joiner_square"":1,""core:meadow_buckle"":2,""core:muster_roll"":3,""core:return_path_knot"":2,""core:root_binding_cord"":2,""core:ruin_keystone"":2,""core:scaffold_step"":2,""core:seed_pouch_lining"":4,""core:shock_absorber_pad"":1,""core:wind_seed_flag"":3}","[""core:sheltered_sowing"",""core:sowing_sworddance""]","[{""tick"":0,""evolutionId"":""core:sowing_sworddance"",""baseId"":""core:iron_blade""},{""tick"":900,""evolutionId"":""core:sheltered_sowing"",""baseId"":""core:seed_bag""}]","{""core:carpenter_hammer"":{""building"":21},""core:hedge_drum"":{""building"":158,""people"":697},""core:seed_bag"":{""land"":10}}","raw/building__A__63.results.json","6c4ecf48ba41d34c44d46f13ac637f0721d321178584f60831836b8bb6986dd5","raw/building__A__63.metrics.json","f55bd12ed9286b150c75f88dd9df3b56f9830bd53e5d9e80bfd6f9fc5ee01afd"
"building__A__64","building","A","64","3","21600","true","duration","","69","3","C0F0F83B877946182D1FCBE1DCB0C2E244AC4F5AF49335CE958AEFD7A1870254","10500","14236","80771","45457","8","22732","7200","6324","4","21548","2273","480","21","20","0","40","1","[""core:ember_wand"",""core:harvest_scythe"",""core:iron_blade"",""core:ward_orbit"",""core:carpenter_hammer"",""core:hedge_drum"",""core:muster_horn"",""core:seed_bag""]","[""core:guarded_harvest"",""core:meal_oath"",""core:rally_boundary"",""core:repair_tithe""]","{""core:guarded_harvest"":15,""core:meal_oath"":2,""core:rally_boundary"":7,""core:repair_tithe"":7}","{""core:joiner_square"":1,""core:levy_bread_wrap"":3,""core:meadow_buckle"":1,""core:muster_roll"":4,""core:return_path_knot"":1,""core:root_binding_cord"":1,""core:ruin_keystone"":2,""core:scaffold_step"":1,""core:seed_pouch_lining"":2,""core:shock_absorber_pad"":3,""core:wind_seed_flag"":3}","[""core:sheltered_sowing"",""core:sowing_sworddance""]","[{""tick"":0,""evolutionId"":""core:sowing_sworddance"",""baseId"":""core:iron_blade""},{""tick"":1718,""evolutionId"":""core:sheltered_sowing"",""baseId"":""core:seed_bag""}]","{""core:carpenter_hammer"":{""building"":4},""core:hedge_drum"":{""building"":82},""core:muster_horn"":{""people"":40},""core:seed_bag"":{""land"":28}}","raw/building__A__64.results.json","b30f6b34b22e3955b3bb1438c0a0116d32efa2ad8968edc791c9a5189e298ebc","raw/building__A__64.metrics.json","62faacf41e51a1c34fee483bcf02667fa58e50c0c5c6a5110d8e0780a247ba08"
"building__A__65","building","A","65","3","21600","true","duration","","77","3","7346B54D1092BABC77FC151882948DAAC6D6A911DF9563B62409F33ED30DF71A","9484","21934","54797","70111","0","23898","9630","11988","21","21600","2361","642","5","4","0","26","1","[""core:ember_wand"",""core:harvest_scythe"",""core:iron_blade"",""core:ward_orbit"",""core:carpenter_hammer"",""core:hedge_drum"",""core:muster_horn"",""core:seed_bag""]","[""core:guarded_harvest"",""core:meal_oath"",""core:rally_boundary"",""core:repair_tithe""]","{""core:guarded_harvest"":7,""core:meal_oath"":7,""core:rally_boundary"":4,""core:repair_tithe"":4}","{""core:boundary_hinge"":3,""core:joiner_square"":2,""core:levy_bread_wrap"":1,""core:meadow_buckle"":2,""core:muster_roll"":2,""core:return_path_knot"":2,""core:root_binding_cord"":1,""core:ruin_keystone"":1,""core:scaffold_step"":2,""core:seed_pouch_lining"":3,""core:shock_absorber_pad"":2,""core:wind_seed_flag"":3}","[""core:sheltered_sowing"",""core:sowing_sworddance""]","[{""tick"":0,""evolutionId"":""core:sowing_sworddance"",""baseId"":""core:iron_blade""},{""tick"":1853,""evolutionId"":""core:sheltered_sowing"",""baseId"":""core:seed_bag""}]","{""core:carpenter_hammer"":{""building"":3},""core:hedge_drum"":{""building"":100,""people"":519},""core:muster_horn"":{""people"":26},""core:seed_bag"":{""land"":30}}","raw/building__A__65.results.json","124520438eb118fc141b0a16dc8febd919ef9379443e7e1689be1ed4b6553bc2","raw/building__A__65.metrics.json","25f21bcc88d86efdc01e54bbd28263e296dcb59240aec202631eeac879d7d3b2"
"building__A__66","building","A","66","3","21600","true","duration","","74","3","93D6736949162B17168603FDD46424575FDDB1CE7BE638E3D3003EE8A76FC4DC","10625","32265","53565","56524","122","23288","8625","9924","13","21600","2339","575","3","3","0","44","1","[""core:ember_wand"",""core:harvest_scythe"",""core:iron_blade"",""core:ward_orbit"",""core:carpenter_hammer"",""core:hedge_drum"",""core:muster_horn"",""core:seed_bag""]","[""core:guarded_harvest"",""core:meal_oath"",""core:rally_boundary"",""core:repair_tithe""]","{""core:guarded_harvest"":2,""core:meal_oath"":6,""core:rally_boundary"":5,""core:repair_tithe"":16}","{""core:joiner_square"":3,""core:levy_bread_wrap"":3,""core:muster_roll"":2,""core:root_binding_cord"":1,""core:ruin_keystone"":2,""core:scaffold_step"":4,""core:seed_pouch_lining"":2,""core:shock_absorber_pad"":2,""core:wind_seed_flag"":5}","[""core:sheltered_sowing"",""core:sowing_sworddance""]","[{""tick"":0,""evolutionId"":""core:sowing_sworddance"",""baseId"":""core:iron_blade""},{""tick"":3600,""evolutionId"":""core:sheltered_sowing"",""baseId"":""core:seed_bag""}]","{""core:carpenter_hammer"":{""building"":6},""core:hedge_drum"":{""building"":81,""people"":40},""core:muster_horn"":{""people"":44},""core:seed_bag"":{""land"":42}}","raw/building__A__66.results.json","2f70b49920c3a77c29a4f7bc13d7942fe1682dcec4b67c13c08ace84dd149520","raw/building__A__66.metrics.json","665ff8f4ec0da3e514f246c1606500b37b843a738d2ef3126fd4a956c332b700"
"building__A__67","building","A","67","3","21600","true","duration","","75","3","6957FE04F9EBFFBC8D5B69484DD5E54B891665405B35A8C8A5F965AD9EEBABAF","11375","24542","52230","67288","40","23322","9630","10860","21","21600","2355","642","12","9","0","45","1","[""core:ember_wand"",""core:harvest_scythe"",""core:iron_blade"",""core:ward_orbit"",""core:carpenter_hammer"",""core:hedge_drum"",""core:muster_horn"",""core:seed_bag""]","[""core:guarded_harvest"",""core:meal_oath"",""core:rally_boundary"",""core:repair_tithe""]","{""core:guarded_harvest"":9,""core:meal_oath"":3,""core:rally_boundary"":2,""core:repair_tithe"":14}","{""core:boundary_hinge"":2,""core:joiner_square"":1,""core:levy_bread_wrap"":1,""core:meadow_buckle"":2,""core:muster_roll"":5,""core:return_path_knot"":1,""core:root_binding_cord"":2,""core:scaffold_step"":4,""core:seed_pouch_lining"":1,""core:shock_absorber_pad"":2,""core:wind_seed_flag"":3}","[""core:sheltered_sowing"",""core:sowing_sworddance""]","[{""tick"":0,""evolutionId"":""core:sowing_sworddance"",""baseId"":""core:iron_blade""},{""tick"":457,""evolutionId"":""core:sheltered_sowing"",""baseId"":""core:seed_bag""}]","{""core:carpenter_hammer"":{""building"":36},""core:hedge_drum"":{""building"":59},""core:muster_horn"":{""people"":45},""core:seed_bag"":{""land"":41}}","raw/building__A__67.results.json","5d1a17e7bd3a78163b88c658e99032983dd65d9dd231563987a6413106e4c1e9","raw/building__A__67.metrics.json","d47cf9a755d1568940b721e5041908e1c4ec50b01e216b8aebb1b61f909fefb3"
"building__A__68","building","A","68","3","21600","true","duration","","75","3","BA73F7CD4E84D3F2D8F6F26A0FA1203A041568AAB02065B3850A723E301D7A1B","10721","25444","49911","69457","0","23402","8475","11460","13","21600","2361","565","4","4","0","35","1","[""core:ember_wand"",""core:harvest_scythe"",""core:iron_blade"",""core:ward_orbit"",""core:carpenter_hammer"",""core:hedge_drum"",""core:muster_horn"",""core:seed_bag""]","[""core:guarded_harvest"",""core:meal_oath"",""core:rally_boundary"",""core:repair_tithe""]","{""core:guarded_harvest"":2,""core:meal_oath"":2,""core:rally_boundary"":2,""core:repair_tithe"":14}","{""core:boundary_hinge"":1,""core:joiner_square"":2,""core:levy_bread_wrap"":2,""core:meadow_buckle"":5,""core:muster_roll"":2,""core:return_path_knot"":3,""core:root_binding_cord"":2,""core:ruin_keystone"":1,""core:scaffold_step"":1,""core:seed_pouch_lining"":1,""core:shock_absorber_pad"":2,""core:wind_seed_flag"":1}","[""core:sheltered_sowing"",""core:sowing_sworddance""]","[{""tick"":0,""evolutionId"":""core:sowing_sworddance"",""baseId"":""core:iron_blade""},{""tick"":713,""evolutionId"":""core:sheltered_sowing"",""baseId"":""core:seed_bag""}]","{""core:carpenter_hammer"":{""building"":34},""core:hedge_drum"":{""building"":82,""people"":68},""core:muster_horn"":{""people"":35},""core:seed_bag"":{""land"":50}}","raw/building__A__68.results.json","b05f87be032eab22162c6517d48686be4ef220fc47ac44340c442c9eec40eef0","raw/building__A__68.metrics.json","2a25d53cc3a7594fa28fdbf861fd2707bd9125382e2dcb2544a42f1cdd686096"
"building__A__69","building","A","69","3","21600","true","duration","","62","3","8289660238E4498ADCE325573177FDFFC46C6BB456167A1DA64A35A81D7629F2","9962","30532","106963","90","398","22484","7350","0","27","21581","2268","490","0","0","0","37","1","[""core:ember_wand"",""core:harvest_scythe"",""core:iron_blade"",""core:ward_orbit"",""core:muster_horn"",""core:seed_bag""]","[""core:guarded_harvest"",""core:meal_oath"",""core:rally_boundary""]","{""core:guarded_harvest"":10,""core:meal_oath"":8,""core:rally_boundary"":1}","{""core:levy_bread_wrap"":1,""core:meadow_buckle"":4,""core:muster_roll"":5,""core:return_path_knot"":1,""core:root_binding_cord"":5,""core:seed_pouch_lining"":5,""core:wind_seed_flag"":3}","[""core:sowing_sworddance""]","[{""tick"":0,""evolutionId"":""core:sowing_sworddance"",""baseId"":""core:iron_blade""}]","{""core:muster_horn"":{""people"":37},""core:seed_bag"":{""land"":38}}","raw/building__A__69.results.json","08b6f38e4fc70e70bdd071c48d7619769c0634e1cff345205f3d5411d3b69ae1","raw/building__A__69.metrics.json","ec4894e916bfca3e305d0cf6d364702abf5c6fd39e9365f42049d03830baa518"
"building__A__70","building","A","70","3","21600","true","duration","","73","3","5D67FBC6632AD0516FA918B9BADA07AF2AD88A049BE4B41CE4F78D54332AEBB6","11990","26116","48830","61716","16","22144","8670","10104","11","21600","2289","578","25","24","0","42","1","[""core:ember_wand"",""core:harvest_scythe"",""core:iron_blade"",""core:ward_orbit"",""core:carpenter_hammer"",""core:hedge_drum"",""core:muster_horn"",""core:seed_bag""]","[""core:guarded_harvest"",""core:meal_oath"",""core:rally_boundary"",""core:repair_tithe""]","{""core:guarded_harvest"":8,""core:meal_oath"":7,""core:rally_boundary"":7,""core:repair_tithe"":3}","{""core:boundary_hinge"":1,""core:joiner_square"":1,""core:levy_bread_wrap"":3,""core:meadow_buckle"":3,""core:muster_roll"":1,""core:return_path_knot"":4,""core:root_binding_cord"":3,""core:ruin_keystone"":1,""core:scaffold_step"":3,""core:shock_absorber_pad"":3,""core:wind_seed_flag"":1}","[""core:sheltered_sowing"",""core:sowing_sworddance""]","[{""tick"":0,""evolutionId"":""core:sowing_sworddance"",""baseId"":""core:iron_blade""},{""tick"":4375,""evolutionId"":""core:sheltered_sowing"",""baseId"":""core:seed_bag""}]","{""core:carpenter_hammer"":{""building"":33},""core:hedge_drum"":{""building"":105},""core:muster_horn"":{""people"":42},""core:seed_bag"":{""land"":34}}","raw/building__A__70.results.json","bd23ba0d047b386031055166291ef79812e8525e07441da89df4b1e5044c7d49","raw/building__A__70.metrics.json","515dd18e500130b662a02b6693f97cc9efcba6b79e6cee8695d9669797fa8456"
"building__A__71","building","A","71","3","21600","true","duration","","68","3","225524265EA06C32B7C0513F18039A03C48406AE73A9AE188C5244617A49DBDE","9932","14228","78865","47618","667","22932","7380","5364","1","21600","2287","492","20","20","1","20","1","[""core:ember_wand"",""core:harvest_scythe"",""core:iron_blade"",""core:ward_orbit"",""core:carpenter_hammer"",""core:hedge_drum"",""core:muster_horn"",""core:seed_bag""]","[""core:guarded_harvest"",""core:meal_oath"",""core:rally_boundary"",""core:repair_tithe""]","{""core:guarded_harvest"":11,""core:meal_oath"":2,""core:rally_boundary"":3,""core:repair_tithe"":13}","{""core:boundary_hinge"":1,""core:joiner_square"":1,""core:levy_bread_wrap"":3,""core:meadow_buckle"":2,""core:muster_roll"":3,""core:root_binding_cord"":1,""core:ruin_keystone"":3,""core:scaffold_step"":3,""core:seed_pouch_lining"":3,""core:shock_absorber_pad"":2,""core:wind_seed_flag"":2}","[""core:sheltered_sowing"",""core:sowing_sworddance""]","[{""tick"":0,""evolutionId"":""core:sowing_sworddance"",""baseId"":""core:iron_blade""},{""tick"":1658,""evolutionId"":""core:sheltered_sowing"",""baseId"":""core:seed_bag""}]","{""core:carpenter_hammer"":{""building"":3},""core:hedge_drum"":{""building"":53,""people"":579},""core:muster_horn"":{""people"":20},""core:seed_bag"":{""land"":21}}","raw/building__A__71.results.json","3c1fa41cc62a8f25ef80bc3e46d4fded4dff0cbdc28897e6b676e05c16cc8d79","raw/building__A__71.metrics.json","f63ef68f41011bd2acfdaba8eafef29df8b1163b0e4d3dcd334fbebb36a80588"
"building__A__72","building","A","72","3","21600","true","duration","","74","3","3E15924DEA11A581306CC15F93A2FDA7BFD8E849E9F602A3DD7910FABE40ADB8","10067","18547","61883","63278","188","23454","8880","10020","14","21578","2361","592","3","3","0","53","1","[""core:ember_wand"",""core:harvest_scythe"",""core:iron_blade"",""core:ward_orbit"",""core:carpenter_hammer"",""core:hedge_drum"",""core:muster_horn"",""core:seed_bag""]","[""core:guarded_harvest"",""core:meal_oath"",""core:rally_boundary"",""core:repair_tithe""]","{""core:guarded_harvest"":8,""core:meal_oath"":12,""core:rally_boundary"":1,""core:repair_tithe"":8}","{""core:joiner_square"":5,""core:levy_bread_wrap"":5,""core:meadow_buckle"":2,""core:return_path_knot"":2,""core:root_binding_cord"":1,""core:ruin_keystone"":2,""core:scaffold_step"":1,""core:seed_pouch_lining"":2,""core:shock_absorber_pad"":1,""core:wind_seed_flag"":3}","[""core:sheltered_sowing"",""core:sowing_sworddance""]","[{""tick"":0,""evolutionId"":""core:sowing_sworddance"",""baseId"":""core:iron_blade""},{""tick"":4966,""evolutionId"":""core:sheltered_sowing"",""baseId"":""core:seed_bag""}]","{""core:carpenter_hammer"":{""building"":13},""core:hedge_drum"":{""building"":92},""core:muster_horn"":{""people"":53},""core:seed_bag"":{""land"":42}}","raw/building__A__72.results.json","6adfa71a70c34f8e168f03178c9f9647c42276014bdb37b4c1d9389d151c8867","raw/building__A__72.metrics.json","80f530f86e28d993a1c26149b21ae2a799d2d36b8e754fbd1ce21828ce2db73b"
"building__A__73","building","A","73","3","21600","true","duration","","74","3","8E398F005F9378F0A121E2DD66C906E8A20D886DE4478657F3A5FC2A5957F0D9","10688","21004","62336","60975","676","23388","8430","10128","5","21558","2327","562","2","2","0","38","1","[""core:ember_wand"",""core:harvest_scythe"",""core:iron_blade"",""core:ward_orbit"",""core:carpenter_hammer"",""core:hedge_drum"",""core:muster_horn"",""core:seed_bag""]","[""core:guarded_harvest"",""core:meal_oath"",""core:rally_boundary"",""core:repair_tithe""]","{""core:guarded_harvest"":6,""core:meal_oath"":7,""core:rally_boundary"":2,""core:repair_tithe"":8}","{""core:boundary_hinge"":3,""core:joiner_square"":2,""core:levy_bread_wrap"":2,""core:meadow_buckle"":3,""core:muster_roll"":3,""core:return_path_knot"":1,""core:root_binding_cord"":1,""core:ruin_keystone"":1,""core:scaffold_step"":3,""core:shock_absorber_pad"":1,""core:wind_seed_flag"":4}","[""core:sheltered_sowing"",""core:sowing_sworddance""]","[{""tick"":0,""evolutionId"":""core:sowing_sworddance"",""baseId"":""core:iron_blade""},{""tick"":457,""evolutionId"":""core:sheltered_sowing"",""baseId"":""core:seed_bag""}]","{""core:carpenter_hammer"":{""building"":20},""core:hedge_drum"":{""building"":78,""people"":57},""core:muster_horn"":{""people"":38},""core:seed_bag"":{""land"":36}}","raw/building__A__73.results.json","cbcbd4b35442f6f1b76eea7fab7aed6762b52dd3af11bca1ff76a9cd62814786","raw/building__A__73.metrics.json","1e442f80bcb0f2631aefd2c691a5d6daaa3c1a3c35543475fe5c717483e277fb"
"building__B__42","building","B","42","3","21600","true","duration","","66","3","2B73D6BA30E423BC6C23A58A8D8D78175C648479FC2FE8625C38D7A1AA03AAE8","11379","21800","110316","8026","8","22788","9255","1284","9","21600","2275","617","0","0","21","0","1","[""core:ember_wand"",""core:harvest_scythe"",""core:iron_blade"",""core:ward_orbit"",""core:carpenter_hammer"",""core:muster_horn"",""core:seed_bag""]","[""core:guarded_harvest"",""core:meal_oath"",""core:rally_boundary"",""core:repair_tithe""]","{""core:guarded_harvest"":9,""core:meal_oath"":8,""core:rally_boundary"":8,""core:repair_tithe"":3}","{""core:levy_bread_wrap"":2,""core:meadow_buckle"":1,""core:muster_roll"":3,""core:return_path_knot"":2,""core:root_binding_cord"":1,""core:ruin_keystone"":1,""core:scaffold_step"":1,""core:seed_pouch_lining"":4,""core:shock_absorber_pad"":1,""core:wind_seed_flag"":6}","[""core:sheltered_sowing"",""core:sowing_sworddance""]","[{""tick"":0,""evolutionId"":""core:sowing_sworddance"",""baseId"":""core:iron_blade""},{""tick"":15548,""evolutionId"":""core:sheltered_sowing"",""baseId"":""core:seed_bag""}]","{""core:carpenter_hammer"":{""building"":30},""core:muster_horn"":{""people"":288},""core:seed_bag"":{""land"":10}}","raw/building__B__42.results.json","896682a1ac3734c5c49ce1a6babed8617c3caab03e2c0393aeeb2fbe211f5a43","raw/building__B__42.metrics.json","750ec07dc809bf619d9eaa31f32e4b7850de5677f420414ee60b70c3a1e48be8"
"building__B__43","building","B","43","3","21600","true","duration","","68","3","5DF86162B9A57A2503D690AC1E54672F81509FE7C201DA442951B3954E87F49F","11962","21004","131155","1968","4965","25810","9450","0","0","21600","2539","630","0","0","49","0","1","[""core:ember_wand"",""core:harvest_scythe"",""core:iron_blade"",""core:ward_orbit"",""core:muster_horn"",""core:seed_bag""]","[""core:guarded_harvest"",""core:meal_oath"",""core:rally_boundary"",""core:repair_tithe""]","{""core:guarded_harvest"":24,""core:meal_oath"":4,""core:rally_boundary"":8,""core:repair_tithe"":2}","{""core:levy_bread_wrap"":1,""core:meadow_buckle"":1,""core:muster_roll"":3,""core:root_binding_cord"":5,""core:seed_pouch_lining"":4,""core:wind_seed_flag"":9}","[""core:sowing_sworddance""]","[{""tick"":0,""evolutionId"":""core:sowing_sworddance"",""baseId"":""core:iron_blade""}]","{""core:muster_horn"":{""people"":675},""core:seed_bag"":{""land"":10}}","raw/building__B__43.results.json","01a45050c035a024cfac0be887d1fa13034e673d8080b858a7440278a4d0c055","raw/building__B__43.metrics.json","3a20e27a65af05b62d0f65734c8fd2c2eeefddc579f4c3ec2d83521fc2f85857"
"building__B__44","building","B","44","3","21600","true","duration","","71","3","3231ABE741E314032989EC6E3A33AD04D6284CF74B3E31E97C81B41AFECACA6F","9576","24760","78089","36213","216","22718","10155","6120","9","21600","2261","677","0","0","5","0","1","[""core:ember_wand"",""core:harvest_scythe"",""core:iron_blade"",""core:ward_orbit"",""core:carpenter_hammer"",""core:hedge_drum"",""core:muster_horn"",""core:seed_bag""]","[""core:guarded_harvest"",""core:meal_oath"",""core:rally_boundary"",""core:repair_tithe""]","{""core:guarded_harvest"":8,""core:meal_oath"":7,""core:rally_boundary"":2,""core:repair_tithe"":3}","{""core:boundary_hinge"":1,""core:joiner_square"":2,""core:levy_bread_wrap"":2,""core:meadow_buckle"":2,""core:muster_roll"":1,""core:return_path_knot"":1,""core:root_binding_cord"":5,""core:scaffold_step"":1,""core:seed_pouch_lining"":5,""core:shock_absorber_pad"":1,""core:wind_seed_flag"":3}","[""core:sheltered_sowing"",""core:sowing_sworddance""]","[{""tick"":0,""evolutionId"":""core:sowing_sworddance"",""baseId"":""core:iron_blade""},{""tick"":18300,""evolutionId"":""core:sheltered_sowing"",""baseId"":""core:seed_bag""}]","{""core:hedge_drum"":{""building"":75,""people"":471},""core:muster_horn"":{""people"":161},""core:seed_bag"":{""land"":12}}","raw/building__B__44.results.json","000fc2fb768c1e7be8cc793419ccf3de62610c4f1289df70c2dcc074a135c13f","raw/building__B__44.metrics.json","9fe15d4837ccc3e6ef9d55a68a758ce796e32dfe3ad6d91178e4985f282cd61c"
"building__B__45","building","B","45","3","21600","true","duration","","74","3","3C5767EC69F2049BBC699F38E754518AD985911F028255F4463BE0D97C41C849","10650","23015","69573","54064","157","23812","10005","8148","2","21600","2331","667","0","0","15","0","1","[""core:ember_wand"",""core:harvest_scythe"",""core:iron_blade"",""core:ward_orbit"",""core:carpenter_hammer"",""core:hedge_drum"",""core:muster_horn"",""core:seed_bag""]","[""core:guarded_harvest"",""core:meal_oath"",""core:rally_boundary"",""core:repair_tithe""]","{""core:guarded_harvest"":9,""core:meal_oath"":9,""core:rally_boundary"":2,""core:repair_tithe"":10}","{""core:boundary_hinge"":2,""core:joiner_square"":1,""core:levy_bread_wrap"":1,""core:meadow_buckle"":3,""core:muster_roll"":2,""core:return_path_knot"":4,""core:ruin_keystone"":3,""core:wind_seed_flag"":7}","[""core:sheltered_sowing"",""core:sowing_sworddance""]","[{""tick"":0,""evolutionId"":""core:sowing_sworddance"",""baseId"":""core:iron_blade""},{""tick"":7215,""evolutionId"":""core:sheltered_sowing"",""baseId"":""core:seed_bag""}]","{""core:carpenter_hammer"":{""building"":7},""core:hedge_drum"":{""building"":81,""people"":504},""core:muster_horn"":{""people"":256},""core:seed_bag"":{""land"":8}}","raw/building__B__45.results.json","05a43be9f13b23f02f6f1a17cc69d145c64c1e5a96bdb3989b4b3e4e9f983887","raw/building__B__45.metrics.json","410b8a9d995d26332c71920b178f0d8ae9c93de4c17f05435716ad29a9b9e5ae"
"building__B__46","building","B","46","3","21600","true","duration","","62","3","1CD2CF481031F9F8966C3B825A659C5CAF88F6DBF63602C19606ED0E75E9E9D8","9939","19450","117260","130","694","22454","7470","0","1","21573","2275","498","0","0","21","0","1","[""core:ember_wand"",""core:harvest_scythe"",""core:iron_blade"",""core:ward_orbit"",""core:muster_horn"",""core:seed_bag""]","[""core:guarded_harvest"",""core:meal_oath"",""core:rally_boundary"",""core:repair_tithe""]","{""core:guarded_harvest"":19,""core:meal_oath"":5,""core:rally_boundary"":3,""core:repair_tithe"":4}","{""core:levy_bread_wrap"":3,""core:meadow_buckle"":6,""core:muster_roll"":3,""core:return_path_knot"":1,""core:root_binding_cord"":6,""core:seed_pouch_lining"":4,""core:wind_seed_flag"":1}","[""core:sowing_sworddance""]","[{""tick"":0,""evolutionId"":""core:sowing_sworddance"",""baseId"":""core:iron_blade""}]","{""core:muster_horn"":{""people"":444},""core:seed_bag"":{""land"":10}}","raw/building__B__46.results.json","5d6939a8bafd30a6020afec81bd01281be73f9c9b516f5beb01f2b0c9b85f1e0","raw/building__B__46.metrics.json","db20ddafc21d7bb6b483ee58546e185851a9b7055592fecc15c48249c548de40"
"building__B__47","building","B","47","3","21600","true","duration","","74","3","D0FE25AB14D8CE1B3D8CCE6DAE5CE47E5A8B1E7A00E9C6FE74D4AACCF31FEAE3","9540","22167","61840","55493","77","22652","9630","10404","2","21600","2261","642","0","0","15","0","1","[""core:ember_wand"",""core:harvest_scythe"",""core:iron_blade"",""core:ward_orbit"",""core:carpenter_hammer"",""core:hedge_drum"",""core:muster_horn"",""core:seed_bag""]","[""core:guarded_harvest"",""core:meal_oath"",""core:rally_boundary"",""core:repair_tithe""]","{""core:guarded_harvest"":7,""core:meal_oath"":7,""core:rally_boundary"":2,""core:repair_tithe"":7}","{""core:boundary_hinge"":1,""core:joiner_square"":2,""core:levy_bread_wrap"":2,""core:meadow_buckle"":5,""core:return_path_knot"":3,""core:root_binding_cord"":1,""core:seed_pouch_lining"":2,""core:shock_absorber_pad"":2,""core:wind_seed_flag"":4}","[""core:sheltered_sowing"",""core:sowing_sworddance""]","[{""tick"":0,""evolutionId"":""core:sowing_sworddance"",""baseId"":""core:iron_blade""},{""tick"":457,""evolutionId"":""core:sheltered_sowing"",""baseId"":""core:seed_bag""}]","{""core:carpenter_hammer"":{""building"":35},""core:hedge_drum"":{""building"":45,""people"":680},""core:muster_horn"":{""people"":631},""core:seed_bag"":{""land"":12}}","raw/building__B__47.results.json","644cbb33e01e11293c4eff58e6035340b154e208214351dff8943b4df9202269","raw/building__B__47.metrics.json","dfaab4988e4c5d36b4d7bcea395c03917260509bca006fc422a974410afa27c1"
"building__B__48","building","B","48","3","21600","true","duration","","75","3","726A7EC563B71DD1229283BDFC5723C5859CBC8A5C485E3D9032A0241AC883BB","9792","26952","82731","33072","199","23218","13860","5724","14","21600","2271","924","0","0","15","0","1","[""core:ember_wand"",""core:harvest_scythe"",""core:iron_blade"",""core:ward_orbit"",""core:carpenter_hammer"",""core:hedge_drum"",""core:muster_horn"",""core:seed_bag""]","[""core:guarded_harvest"",""core:meal_oath"",""core:rally_boundary"",""core:repair_tithe""]","{""core:guarded_harvest"":10,""core:meal_oath"":6,""core:rally_boundary"":7,""core:repair_tithe"":12}","{""core:meadow_buckle"":3,""core:muster_roll"":2,""core:return_path_knot"":1,""core:root_binding_cord"":2,""core:ruin_keystone"":2,""core:scaffold_step"":2,""core:seed_pouch_lining"":4,""core:shock_absorber_pad"":3,""core:wind_seed_flag"":4}","[""core:sheltered_sowing"",""core:sowing_sworddance""]","[{""tick"":0,""evolutionId"":""core:sowing_sworddance"",""baseId"":""core:iron_blade""},{""tick"":622,""evolutionId"":""core:sheltered_sowing"",""baseId"":""core:seed_bag""}]","{""core:carpenter_hammer"":{""building"":10},""core:hedge_drum"":{""building"":32,""people"":703},""core:muster_horn"":{""people"":198},""core:seed_bag"":{""land"":15}}","raw/building__B__48.results.json","0850773c4ece2162faada4617e38d1b0e766870c48b496b22c96969f27b084e6","raw/building__B__48.metrics.json","b3876b6fbb8a49b000b07bb240b484484eb0742df7b2b1a951533451e481c7b8"
"building__B__49","building","B","49","3","21600","true","duration","","71","3","F2A5CC550B3C6006D92E5A4E0BD36691BB1D4B708AA4EFC19C373AF89528E825","10314","17251","89526","34841","916","23166","10785","4488","10","21600","2308","719","0","0","10","0","1","[""core:ember_wand"",""core:harvest_scythe"",""core:iron_blade"",""core:ward_orbit"",""core:carpenter_hammer"",""core:hedge_drum"",""core:muster_horn"",""core:seed_bag""]","[""core:guarded_harvest"",""core:meal_oath"",""core:rally_boundary"",""core:repair_tithe""]","{""core:guarded_harvest"":12,""core:meal_oath"":6,""core:rally_boundary"":9,""core:repair_tithe"":9}","{""core:boundary_hinge"":3,""core:joiner_square"":3,""core:levy_bread_wrap"":2,""core:meadow_buckle"":2,""core:muster_roll"":2,""core:root_binding_cord"":6,""core:ruin_keystone"":2,""core:scaffold_step"":2,""core:wind_seed_flag"":1}","[""core:sheltered_sowing"",""core:sowing_sworddance""]","[{""tick"":0,""evolutionId"":""core:sowing_sworddance"",""baseId"":""core:iron_blade""},{""tick"":2761,""evolutionId"":""core:sheltered_sowing"",""baseId"":""core:seed_bag""}]","{""core:carpenter_hammer"":{""building"":7},""core:hedge_drum"":{""building"":29,""people"":642},""core:muster_horn"":{""people"":321},""core:seed_bag"":{""land"":9}}","raw/building__B__49.results.json","3df1448db870ede9292e0bc6f84a5006d257e70700c37329b319a0cf8b264d6c","raw/building__B__49.metrics.json","ccee79c3354f02f4ca42ea920bb10ced4013330d05d030e72ec4895a18efd86d"
"building__B__50","building","B","50","3","21600","true","duration","","64","3","6BD563A2921DD836C418102B86FE66AA49FDEFC64DD5AFBC45F4A0F5253B62AD","11638","21659","114356","0","3837","22826","8670","0","1","21577","2295","578","0","0","31","0","1","[""core:ember_wand"",""core:harvest_scythe"",""core:iron_blade"",""core:ward_orbit"",""core:muster_horn"",""core:seed_bag""]","[""core:guarded_harvest"",""core:meal_oath"",""core:rally_boundary"",""core:repair_tithe""]","{""core:guarded_harvest"":15,""core:meal_oath"":7,""core:rally_boundary"":4,""core:repair_tithe"":2}","{""core:levy_bread_wrap"":2,""core:meadow_buckle"":2,""core:muster_roll"":3,""core:return_path_knot"":2,""core:root_binding_cord"":3,""core:seed_pouch_lining"":7,""core:wind_seed_flag"":4}","[""core:sowing_sworddance""]","[{""tick"":0,""evolutionId"":""core:sowing_sworddance"",""baseId"":""core:iron_blade""}]","{""core:muster_horn"":{""people"":474},""core:seed_bag"":{""land"":11}}","raw/building__B__50.results.json","57156220e3151283c5e6fb9c32f9b49d814bb83f27585faf180a9a31bad26d60","raw/building__B__50.metrics.json","02140c04e0bddfb7020854f0a01c999293b417c14aa5d529452f68e49fa28945"
"building__B__51","building","B","51","3","21600","true","duration","","76","3","A7B84F9B9550CDA739F37C6E203705C17D6AD61DD8387E35A59649F1F80570E9","9552","20362","71231","48315","452","22726","12210","9564","10","21600","2262","814","0","0","6","0","1","[""core:ember_wand"",""core:harvest_scythe"",""core:iron_blade"",""core:ward_orbit"",""core:carpenter_hammer"",""core:hedge_drum"",""core:muster_horn"",""core:seed_bag""]","[""core:guarded_harvest"",""core:meal_oath"",""core:rally_boundary"",""core:repair_tithe""]","{""core:guarded_harvest"":9,""core:meal_oath"":9,""core:rally_boundary"":6,""core:repair_tithe"":14}","{""core:joiner_square"":3,""core:levy_bread_wrap"":1,""core:meadow_buckle"":3,""core:muster_roll"":2,""core:return_path_knot"":2,""core:seed_pouch_lining"":4,""core:shock_absorber_pad"":5,""core:wind_seed_flag"":1}","[""core:sheltered_sowing"",""core:sowing_sworddance""]","[{""tick"":0,""evolutionId"":""core:sowing_sworddance"",""baseId"":""core:iron_blade""},{""tick"":1140,""evolutionId"":""core:sheltered_sowing"",""baseId"":""core:seed_bag""}]","{""core:carpenter_hammer"":{""building"":30},""core:hedge_drum"":{""building"":15,""people"":580},""core:muster_horn"":{""people"":50},""core:seed_bag"":{""land"":13}}","raw/building__B__51.results.json","4fdd0574ea1e0f599ee9142057d4beefa08c238904183c2ff52f5610efcb5655","raw/building__B__51.metrics.json","627bd01cc0cb7e5ecac12f7a50a126b40f1278b8123c17f3fb9ba1c3d531d3f9"
"building__B__52","building","B","52","3","21600","true","duration","","70","3","1D349EAAB36ECAE2D63BF39E55BE3A5A033E4244C31382BA3F517ABBFB647829","11052","34880","55751","48210","167","22490","11400","3576","1","21575","2291","760","6","6","30","0","1","[""core:ember_wand"",""core:harvest_scythe"",""core:iron_blade"",""core:ward_orbit"",""core:carpenter_hammer"",""core:hedge_drum"",""core:muster_horn"",""core:seed_bag""]","[""core:guarded_harvest"",""core:meal_oath"",""core:rally_boundary"",""core:repair_tithe""]","{""core:guarded_harvest"":16,""core:meal_oath"":12,""core:rally_boundary"":4,""core:repair_tithe"":5}","{""core:boundary_hinge"":4,""core:levy_bread_wrap"":2,""core:meadow_buckle"":4,""core:muster_roll"":1,""core:root_binding_cord"":2,""core:ruin_keystone"":3,""core:scaffold_step"":3,""core:seed_pouch_lining"":1,""core:wind_seed_flag"":3}","[""core:sheltered_sowing"",""core:sowing_sworddance""]","[{""tick"":0,""evolutionId"":""core:sowing_sworddance"",""baseId"":""core:iron_blade""},{""tick"":626,""evolutionId"":""core:sheltered_sowing"",""baseId"":""core:seed_bag""}]","{""core:carpenter_hammer"":{""building"":28},""core:hedge_drum"":{""building"":14,""people"":106},""core:muster_horn"":{""people"":121},""core:seed_bag"":{""land"":12}}","raw/building__B__52.results.json","876cd59fe628848a7a5e8ebaa80e38f7ba84187867e2553f11b016b53603aad5","raw/building__B__52.metrics.json","776745798efdfa779caa43c397d24f73b2fec23d702df15eba5680f5b4a3d67e"
"building__B__53","building","B","53","3","21600","true","duration","","76","3","3E153A6ED9DE2D96A0BF0B9AD9CA28BD459E3D7676153777F4906DB9208F8E66","9869","27081","69044","49156","107","23398","11820","8712","0","21499","2356","788","0","0","23","0","1","[""core:ember_wand"",""core:harvest_scythe"",""core:iron_blade"",""core:ward_orbit"",""core:carpenter_hammer"",""core:hedge_drum"",""core:muster_horn"",""core:seed_bag""]","[""core:guarded_harvest"",""core:meal_oath"",""core:rally_boundary"",""core:repair_tithe""]","{""core:guarded_harvest"":9,""core:meal_oath"":5,""core:rally_boundary"":8,""core:repair_tithe"":16}","{""core:boundary_hinge"":1,""core:joiner_square"":1,""core:levy_bread_wrap"":1,""core:meadow_buckle"":3,""core:muster_roll"":1,""core:return_path_knot"":3,""core:root_binding_cord"":1,""core:ruin_keystone"":2,""core:scaffold_step"":4,""core:seed_pouch_lining"":4,""core:wind_seed_flag"":2}","[""core:sheltered_sowing"",""core:sowing_sworddance""]","[{""tick"":0,""evolutionId"":""core:sowing_sworddance"",""baseId"":""core:iron_blade""},{""tick"":1853,""evolutionId"":""core:sheltered_sowing"",""baseId"":""core:seed_bag""}]","{""core:hedge_drum"":{""building"":51,""people"":703},""core:muster_horn"":{""people"":635},""core:seed_bag"":{""land"":13}}","raw/building__B__53.results.json","5f496a720ab7a74ff62fe6a55da7e26d1e542ef9830b1c9b08f8327bf3aa6297","raw/building__B__53.metrics.json","4d7200c184239e19aefe0cd80b7dbe926f26105a2a169e27f71c8f81d1b4733b"
"building__B__54","building","B","54","3","21600","true","duration","","78","3","2D5E5469EBE995A1A38C42EC66308EB8F6EF9358CB563A86CF55870B6686CC26","10266","46587","54311","46747","15600","26674","19365","900","14","21148","2621","1291","0","0","57","0","1","[""core:ember_wand"",""core:harvest_scythe"",""core:iron_blade"",""core:ward_orbit"",""core:carpenter_hammer"",""core:hedge_drum"",""core:muster_horn"",""core:seed_bag""]","[""core:guarded_harvest"",""core:meal_oath"",""core:rally_boundary"",""core:repair_tithe""]","{""core:guarded_harvest"":17,""core:meal_oath"":14,""core:rally_boundary"":7,""core:repair_tithe"":3}","{""core:boundary_hinge"":2,""core:joiner_square"":1,""core:levy_bread_wrap"":1,""core:meadow_buckle"":1,""core:muster_roll"":1,""core:return_path_knot"":5,""core:root_binding_cord"":4,""core:ruin_keystone"":4,""core:seed_pouch_lining"":1,""core:shock_absorber_pad"":2,""core:wind_seed_flag"":2}","[""core:sheltered_sowing"",""core:sowing_sworddance""]","[{""tick"":0,""evolutionId"":""core:sowing_sworddance"",""baseId"":""core:iron_blade""},{""tick"":2783,""evolutionId"":""core:sheltered_sowing"",""baseId"":""core:seed_bag""}]","{""core:hedge_drum"":{""building"":26,""people"":36},""core:muster_horn"":{""people"":519},""core:seed_bag"":{""land"":23}}","raw/building__B__54.results.json","78c6cbe85fb14bcaac875424d89abca33cb1b7b856da9fbff3f95033648c3389","raw/building__B__54.metrics.json","da4377701db5fd604b5536ca7a5727fa0c3c7dbf3951185b0efda0e087ce7022"
"building__B__55","building","B","55","3","21600","true","duration","","76","3","CA6DAA7774034F76425926A8544BC05B14A6144A01BD593C356C1C92057CF3D5","9564","10816","61692","67234","83","22836","11085","11016","0","21600","2267","739","12","12","7","0","1","[""core:ember_wand"",""core:harvest_scythe"",""core:iron_blade"",""core:ward_orbit"",""core:carpenter_hammer"",""core:hedge_drum"",""core:muster_horn"",""core:seed_bag""]","[""core:guarded_harvest"",""core:meal_oath"",""core:rally_boundary"",""core:repair_tithe""]","{""core:guarded_harvest"":6,""core:meal_oath"":5,""core:rally_boundary"":1,""core:repair_tithe"":10}","{""core:boundary_hinge"":1,""core:levy_bread_wrap"":1,""core:meadow_buckle"":5,""core:muster_roll"":1,""core:root_binding_cord"":3,""core:ruin_keystone"":3,""core:scaffold_step"":1,""core:seed_pouch_lining"":2,""core:shock_absorber_pad"":2,""core:wind_seed_flag"":3}","[""core:sheltered_sowing"",""core:sowing_sworddance""]","[{""tick"":0,""evolutionId"":""core:sowing_sworddance"",""baseId"":""core:iron_blade""},{""tick"":4442,""evolutionId"":""core:sheltered_sowing"",""baseId"":""core:seed_bag""}]","{""core:carpenter_hammer"":{""building"":15},""core:hedge_drum"":{""building"":99,""people"":616},""core:muster_horn"":{""people"":96},""core:seed_bag"":{""land"":10}}","raw/building__B__55.results.json","b024f5eddd4aef68c1c8c098a9104ce02b7b24870d519fa59c580f570f932b98","raw/building__B__55.metrics.json","cf1229f2ec910d2ded9fdfb8193933c179fa00dd0d42f9a3195d79c5a875081c"
"building__B__56","building","B","56","3","21600","true","duration","","71","3","9904103D42151DEBB2FDC4D684C00AFA77E2B22B7CA9662FAEF943E2839530FF","9977","15085","82843","39325","223","22188","10140","6588","2","21567","2265","676","0","0","6","0","1","[""core:ember_wand"",""core:harvest_scythe"",""core:iron_blade"",""core:ward_orbit"",""core:carpenter_hammer"",""core:hedge_drum"",""core:muster_horn"",""core:seed_bag""]","[""core:guarded_harvest"",""core:meal_oath"",""core:rally_boundary"",""core:repair_tithe""]","{""core:guarded_harvest"":10,""core:meal_oath"":7,""core:rally_boundary"":6,""core:repair_tithe"":7}","{""core:boundary_hinge"":2,""core:joiner_square"":5,""core:levy_bread_wrap"":2,""core:meadow_buckle"":3,""core:return_path_knot"":1,""core:root_binding_cord"":3,""core:ruin_keystone"":2,""core:scaffold_step"":1,""core:seed_pouch_lining"":2,""core:shock_absorber_pad"":1,""core:wind_seed_flag"":2}","[""core:sheltered_sowing"",""core:sowing_sworddance""]","[{""tick"":0,""evolutionId"":""core:sowing_sworddance"",""baseId"":""core:iron_blade""},{""tick"":592,""evolutionId"":""core:sheltered_sowing"",""baseId"":""core:seed_bag""}]","{""core:carpenter_hammer"":{""building"":27},""core:hedge_drum"":{""building"":20,""people"":661},""core:muster_horn"":{""people"":668},""core:seed_bag"":{""land"":12}}","raw/building__B__56.results.json","73f5e54e2708e30eb5b4dce4c0241a59f79c5ef61e5bd7d3f9987d978e9aaa93","raw/building__B__56.metrics.json","7777e91ff91a2a06c9552e005032806c83e35556131f847f53cc8595b2fd0dc0"
"building__B__57","building","B","57","3","21600","true","duration","","75","3","31C133DE5352A7263A2282250335959AB193CC39DBDF8033A9BB692E7A51CA93","10817","15624","87241","51976","1010","25320","10365","7140","33","21600","2488","691","0","0","34","0","1","[""core:ember_wand"",""core:harvest_scythe"",""core:iron_blade"",""core:ward_orbit"",""core:carpenter_hammer"",""core:hedge_drum"",""core:muster_horn"",""core:seed_bag""]","[""core:guarded_harvest"",""core:rally_boundary"",""core:repair_tithe""]","{""core:guarded_harvest"":8,""core:rally_boundary"":7,""core:repair_tithe"":6}","{""core:boundary_hinge"":2,""core:meadow_buckle"":1,""core:muster_roll"":5,""core:return_path_knot"":2,""core:root_binding_cord"":1,""core:ruin_keystone"":1,""core:scaffold_step"":5,""core:seed_pouch_lining"":2,""core:shock_absorber_pad"":2,""core:wind_seed_flag"":3}","[""core:sheltered_sowing"",""core:sowing_sworddance""]","[{""tick"":0,""evolutionId"":""core:sowing_sworddance"",""baseId"":""core:iron_blade""},{""tick"":2431,""evolutionId"":""core:sheltered_sowing"",""baseId"":""core:seed_bag""}]","{""core:hedge_drum"":{""building"":53,""people"":692},""core:muster_horn"":{""people"":683},""core:seed_bag"":{""land"":9}}","raw/building__B__57.results.json","861bd6f41993f04d2510a3e8f46295da293b6328d3291ddf137208e842d0241e","raw/building__B__57.metrics.json","f6553779f0496ca969cb3a7fad13c805483c9c8087ffb04cbddc66c8e5d8e5ed"
"building__B__58","building","B","58","3","21600","true","duration","","70","3","1C6774ED93BEFE6E080D84729DAE859088D4F693EAE5BC488582BC7A2189F633","9518","33352","60760","46368","101","22862","10425","4404","0","21600","2290","695","16","15","14","0","1","[""core:ember_wand"",""core:harvest_scythe"",""core:iron_blade"",""core:ward_orbit"",""core:carpenter_hammer"",""core:hedge_drum"",""core:muster_horn"",""core:seed_bag""]","[""core:guarded_harvest"",""core:meal_oath"",""core:rally_boundary"",""core:repair_tithe""]","{""core:guarded_harvest"":12,""core:meal_oath"":1,""core:rally_boundary"":9,""core:repair_tithe"":7}","{""core:boundary_hinge"":1,""core:levy_bread_wrap"":3,""core:muster_roll"":2,""core:return_path_knot"":2,""core:root_binding_cord"":1,""core:ruin_keystone"":2,""core:scaffold_step"":1,""core:seed_pouch_lining"":5,""core:shock_absorber_pad"":3,""core:wind_seed_flag"":4}","[""core:sheltered_sowing"",""core:sowing_sworddance""]","[{""tick"":0,""evolutionId"":""core:sowing_sworddance"",""baseId"":""core:iron_blade""},{""tick"":902,""evolutionId"":""core:sheltered_sowing"",""baseId"":""core:seed_bag""}]","{""core:carpenter_hammer"":{""building"":27},""core:hedge_drum"":{""building"":31,""people"":660},""core:muster_horn"":{""people"":697},""core:seed_bag"":{""land"":11}}","raw/building__B__58.results.json","46cdfd0e77b61901a601610841a4d815040c6f0d2ee653a868ed56b23410b018","raw/building__B__58.metrics.json","f0652306f153d693b1a448e27c7ea21e2d09d26fb54b8e4c030ba0c6978ad3a3"
"building__B__59","building","B","59","3","21600","true","duration","","68","3","A8B8A97547B03C64EB91237E7699D383EBCF1B492DF01B6E4A6C8E08939406E2","11159","5782","116859","17010","139","22708","10875","2532","9","21546","2268","725","0","0","14","0","1","[""core:ember_wand"",""core:harvest_scythe"",""core:iron_blade"",""core:ward_orbit"",""core:carpenter_hammer"",""core:hedge_drum"",""core:muster_horn"",""core:seed_bag""]","[""core:guarded_harvest"",""core:meal_oath"",""core:rally_boundary"",""core:repair_tithe""]","{""core:guarded_harvest"":11,""core:meal_oath"":5,""core:rally_boundary"":5,""core:repair_tithe"":4}","{""core:joiner_square"":1,""core:levy_bread_wrap"":7,""core:meadow_buckle"":1,""core:muster_roll"":1,""core:return_path_knot"":3,""core:root_binding_cord"":5,""core:ruin_keystone"":2,""core:seed_pouch_lining"":3,""core:wind_seed_flag"":1}","[""core:sheltered_sowing"",""core:sowing_sworddance""]","[{""tick"":0,""evolutionId"":""core:sowing_sworddance"",""baseId"":""core:iron_blade""},{""tick"":11219,""evolutionId"":""core:sheltered_sowing"",""baseId"":""core:seed_bag""}]","{""core:carpenter_hammer"":{""building"":21},""core:hedge_drum"":{""building"":9,""people"":250},""core:muster_horn"":{""people"":495},""core:seed_bag"":{""land"":9}}","raw/building__B__59.results.json","dd8b8cf952313e58990e51569a1781badf66ddf61ed521fd93059a1acd19c0ae","raw/building__B__59.metrics.json","0396ea938341b2e6b64f987de7ec4c395b467643da711a67580af2de2d1fb31c"
"building__B__60","building","B","60","3","21600","true","duration","","76","3","8FEAA0D01EB9B92F97125539E953080A38EECED92AAF0C1474F442C9A894AB07","9884","9640","61924","65564","3","21982","9885","12036","1","21600","2259","659","0","0","6","0","1","[""core:ember_wand"",""core:harvest_scythe"",""core:iron_blade"",""core:ward_orbit"",""core:carpenter_hammer"",""core:hedge_drum"",""core:muster_horn"",""core:seed_bag""]","[""core:guarded_harvest"",""core:meal_oath"",""core:rally_boundary"",""core:repair_tithe""]","{""core:guarded_harvest"":13,""core:meal_oath"":5,""core:rally_boundary"":6,""core:repair_tithe"":12}","{""core:joiner_square"":2,""core:levy_bread_wrap"":1,""core:meadow_buckle"":1,""core:muster_roll"":1,""core:root_binding_cord"":6,""core:ruin_keystone"":4,""core:scaffold_step"":1,""core:seed_pouch_lining"":4,""core:shock_absorber_pad"":2,""core:wind_seed_flag"":1}","[""core:sheltered_sowing"",""core:sowing_sworddance""]","[{""tick"":0,""evolutionId"":""core:sowing_sworddance"",""baseId"":""core:iron_blade""},{""tick"":457,""evolutionId"":""core:sheltered_sowing"",""baseId"":""core:seed_bag""}]","{""core:carpenter_hammer"":{""building"":43},""core:hedge_drum"":{""building"":29,""people"":634},""core:muster_horn"":{""people"":276},""core:seed_bag"":{""land"":12}}","raw/building__B__60.results.json","f58cf10408976526122333a1d8380bc8b210dba2f3361513df5c668fd6df23f5","raw/building__B__60.metrics.json","306ef55b43383960018691f335036c257d78b75ae1900a7c2ee5784cf105a248"
"building__B__61","building","B","61","3","21600","true","duration","","76","3","2D31123AF4BCEBA9EA0E6243C53ADD72532BDDBD438D2224F5BA06E368340E15","10098","24231","80909","44321","0","24304","12585","7872","10","21600","2388","839","0","0","21","0","1","[""core:ember_wand"",""core:harvest_scythe"",""core:iron_blade"",""core:ward_orbit"",""core:carpenter_hammer"",""core:hedge_drum"",""core:muster_horn"",""core:seed_bag""]","[""core:guarded_harvest"",""core:meal_oath"",""core:rally_boundary"",""core:repair_tithe""]","{""core:guarded_harvest"":10,""core:meal_oath"":9,""core:rally_boundary"":8,""core:repair_tithe"":6}","{""core:boundary_hinge"":2,""core:levy_bread_wrap"":4,""core:meadow_buckle"":2,""core:muster_roll"":3,""core:return_path_knot"":2,""core:ruin_keystone"":3,""core:scaffold_step"":2,""core:wind_seed_flag"":3}","[""core:sheltered_sowing"",""core:sowing_sworddance""]","[{""tick"":0,""evolutionId"":""core:sowing_sworddance"",""baseId"":""core:iron_blade""},{""tick"":5888,""evolutionId"":""core:sheltered_sowing"",""baseId"":""core:seed_bag""}]","{""core:carpenter_hammer"":{""building"":35},""core:hedge_drum"":{""building"":20,""people"":445},""core:muster_horn"":{""people"":594},""core:seed_bag"":{""land"":9}}","raw/building__B__61.results.json","84c3a58f3df715d698b48834b8e7819c3573b151c4b22c0d1f69e405e0db36d1","raw/building__B__61.metrics.json","0d51b023a8efb8c13d7f5f2c50569ed5a1f20351495b0e8442a4828ba286eaa1"
"building__B__62","building","B","62","3","21600","true","duration","","79","3","59CC62C2F183FCD3D057B45FA410144E3FE0064AB49210E2667584E52194C878","10114","34790","65616","46867","18488","26918","17145","4080","11","21600","2631","1143","0","0","34","0","1","[""core:ember_wand"",""core:harvest_scythe"",""core:iron_blade"",""core:ward_orbit"",""core:carpenter_hammer"",""core:hedge_drum"",""core:muster_horn"",""core:seed_bag""]","[""core:guarded_harvest"",""core:meal_oath"",""core:rally_boundary"",""core:repair_tithe""]","{""core:guarded_harvest"":8,""core:meal_oath"":5,""core:rally_boundary"":4,""core:repair_tithe"":7}","{""core:boundary_hinge"":4,""core:joiner_square"":1,""core:levy_bread_wrap"":2,""core:meadow_buckle"":3,""core:muster_roll"":5,""core:root_binding_cord"":1,""core:ruin_keystone"":4,""core:scaffold_step"":1,""core:seed_pouch_lining"":2,""core:wind_seed_flag"":1}","[""core:sheltered_sowing"",""core:sowing_sworddance""]","[{""tick"":0,""evolutionId"":""core:sowing_sworddance"",""baseId"":""core:iron_blade""},{""tick"":1848,""evolutionId"":""core:sheltered_sowing"",""baseId"":""core:seed_bag""}]","{""core:hedge_drum"":{""building"":27,""people"":695},""core:muster_horn"":{""people"":671},""core:seed_bag"":{""land"":14}}","raw/building__B__62.results.json","0dcf843a493a72defcfbbaa01f9c42c34f2f3370737ebf3e92a9b76b8acca9ae","raw/building__B__62.metrics.json","8a6163323aa43e6ea50e9a48422e8052db7b7865319a12dac0e85eb21837333d"
"building__B__63","building","B","63","3","21600","true","duration","","70","3","979AE3ABEE082A92AB14CEFFB94D9775193C30D03437B8E3D4FC4B18531C2E18","9064","30493","44054","57432","39","21300","6525","10044","1","21589","2267","435","14","12","6","0","1","[""core:ember_wand"",""core:harvest_scythe"",""core:iron_blade"",""core:ward_orbit"",""core:carpenter_hammer"",""core:hedge_drum"",""core:seed_bag""]","[""core:guarded_harvest"",""core:meal_oath"",""core:rally_boundary"",""core:repair_tithe""]","{""core:guarded_harvest"":6,""core:meal_oath"":7,""core:rally_boundary"":2,""core:repair_tithe"":17}","{""core:boundary_hinge"":1,""core:joiner_square"":1,""core:meadow_buckle"":2,""core:muster_roll"":3,""core:return_path_knot"":2,""core:root_binding_cord"":2,""core:ruin_keystone"":2,""core:scaffold_step"":2,""core:seed_pouch_lining"":4,""core:shock_absorber_pad"":1,""core:wind_seed_flag"":3}","[""core:sheltered_sowing"",""core:sowing_sworddance""]","[{""tick"":0,""evolutionId"":""core:sowing_sworddance"",""baseId"":""core:iron_blade""},{""tick"":900,""evolutionId"":""core:sheltered_sowing"",""baseId"":""core:seed_bag""}]","{""core:carpenter_hammer"":{""building"":21},""core:hedge_drum"":{""building"":158,""people"":697},""core:seed_bag"":{""land"":10}}","raw/building__B__63.results.json","b719fd4aa8f1b11c6b50022236bc881a4f669aeea2f994d8d69f9e7d24e63d1c","raw/building__B__63.metrics.json","77fdd3475b2eebae00e6fc84e639e01e8254fb0017db9cb659fadaf4a22c0c4e"
"building__B__64","building","B","64","3","21600","true","duration","","73","3","F4038BC4C155B16962016AA6AA93714B730DFD79493BA33A32EA9A312E97F806","10127","15882","91577","41336","1478","24504","10590","5868","0","21571","2442","706","0","0","21","0","1","[""core:ember_wand"",""core:harvest_scythe"",""core:iron_blade"",""core:ward_orbit"",""core:carpenter_hammer"",""core:hedge_drum"",""core:muster_horn"",""core:seed_bag""]","[""core:guarded_harvest"",""core:meal_oath"",""core:rally_boundary"",""core:repair_tithe""]","{""core:guarded_harvest"":14,""core:meal_oath"":1,""core:rally_boundary"":6,""core:repair_tithe"":3}","{""core:boundary_hinge"":3,""core:levy_bread_wrap"":1,""core:meadow_buckle"":4,""core:muster_roll"":2,""core:return_path_knot"":2,""core:root_binding_cord"":1,""core:ruin_keystone"":1,""core:scaffold_step"":3,""core:seed_pouch_lining"":4,""core:shock_absorber_pad"":1,""core:wind_seed_flag"":2}","[""core:sheltered_sowing"",""core:sowing_sworddance""]","[{""tick"":0,""evolutionId"":""core:sowing_sworddance"",""baseId"":""core:iron_blade""},{""tick"":810,""evolutionId"":""core:sheltered_sowing"",""baseId"":""core:seed_bag""}]","{""core:carpenter_hammer"":{""building"":15},""core:hedge_drum"":{""building"":14,""people"":584},""core:muster_horn"":{""people"":705},""core:seed_bag"":{""land"":12}}","raw/building__B__64.results.json","56885610f52e0c392f14f6ed0ad7f7e67ab6b8486dfedfc0c38dbc3de2f45bee","raw/building__B__64.metrics.json","cc81020fdf77539d1b173b5e6312e6807ee114064efe1b7cd9b46b08f576e859"
"building__B__65","building","B","65","3","21600","true","duration","","75","3","6185644CBB5DDA30E60676229A4811516720DC2E0E5255E7BCA7B088A0ACD10C","10322","16657","66880","55123","0","22588","9060","11136","9","21600","2261","604","0","0","5","0","1","[""core:ember_wand"",""core:harvest_scythe"",""core:iron_blade"",""core:ward_orbit"",""core:carpenter_hammer"",""core:hedge_drum"",""core:muster_horn"",""core:seed_bag""]","[""core:guarded_harvest"",""core:meal_oath"",""core:rally_boundary"",""core:repair_tithe""]","{""core:guarded_harvest"":9,""core:meal_oath"":7,""core:rally_boundary"":7,""core:repair_tithe"":12}","{""core:boundary_hinge"":1,""core:joiner_square"":1,""core:levy_bread_wrap"":1,""core:meadow_buckle"":1,""core:muster_roll"":2,""core:return_path_knot"":4,""core:root_binding_cord"":3,""core:ruin_keystone"":5,""core:seed_pouch_lining"":1,""core:shock_absorber_pad"":1,""core:wind_seed_flag"":3}","[""core:sheltered_sowing"",""core:sowing_sworddance""]","[{""tick"":0,""evolutionId"":""core:sowing_sworddance"",""baseId"":""core:iron_blade""},{""tick"":1853,""evolutionId"":""core:sheltered_sowing"",""baseId"":""core:seed_bag""}]","{""core:hedge_drum"":{""building"":95,""people"":703},""core:seed_bag"":{""land"":10}}","raw/building__B__65.results.json","185393a60535660ff6dced8ce02dc42e650273a9d37621f22ce2daee475dd9bb","raw/building__B__65.metrics.json","b8b9f3e9a3d4d6598a91635b9f1a4ce84bfcf871df0373c291864a4ac4200177"
"building__B__66","building","B","66","3","21600","true","duration","","70","3","9AA8A281661B021989ABFB418376181AB569293A1D24E2921CCBE0C22F28012C","9540","37690","67193","37916","1896","23594","11280","2556","1","21600","2345","752","1","1","30","0","1","[""core:ember_wand"",""core:harvest_scythe"",""core:iron_blade"",""core:ward_orbit"",""core:carpenter_hammer"",""core:hedge_drum"",""core:muster_horn"",""core:seed_bag""]","[""core:guarded_harvest"",""core:meal_oath"",""core:rally_boundary"",""core:repair_tithe""]","{""core:guarded_harvest"":11,""core:meal_oath"":5,""core:rally_boundary"":3,""core:repair_tithe"":4}","{""core:boundary_hinge"":1,""core:joiner_square"":3,""core:levy_bread_wrap"":6,""core:root_binding_cord"":2,""core:scaffold_step"":2,""core:seed_pouch_lining"":3,""core:shock_absorber_pad"":4,""core:wind_seed_flag"":1}","[""core:sheltered_sowing"",""core:sowing_sworddance""]","[{""tick"":0,""evolutionId"":""core:sowing_sworddance"",""baseId"":""core:iron_blade""},{""tick"":2169,""evolutionId"":""core:sheltered_sowing"",""baseId"":""core:seed_bag""}]","{""core:hedge_drum"":{""building"":17,""people"":161},""core:muster_horn"":{""people"":613},""core:seed_bag"":{""land"":9}}","raw/building__B__66.results.json","b373f7a88054f24468bfade0e4cd2e408c19c4eed0ff0364e371efe9ae97a07a","raw/building__B__66.metrics.json","3cd5c8c9d33e55b31239d421e1a8bf77f3f642d85104ff49de9eed1761fb4cea"
"building__B__67","building","B","67","3","21600","true","duration","","77","3","C7C0891E2C4A73A375008B9B411F61C204843C35F3CB633E5FAA32EFAFE7B8F0","9456","23499","63011","57907","136","23632","11595","10704","5","21600","2327","773","0","0","13","0","1","[""core:ember_wand"",""core:harvest_scythe"",""core:iron_blade"",""core:ward_orbit"",""core:carpenter_hammer"",""core:hedge_drum"",""core:muster_horn"",""core:seed_bag""]","[""core:guarded_harvest"",""core:meal_oath"",""core:rally_boundary"",""core:repair_tithe""]","{""core:guarded_harvest"":8,""core:meal_oath"":5,""core:rally_boundary"":7,""core:repair_tithe"":10}","{""core:boundary_hinge"":3,""core:joiner_square"":3,""core:levy_bread_wrap"":2,""core:meadow_buckle"":1,""core:muster_roll"":3,""core:return_path_knot"":2,""core:ruin_keystone"":1,""core:scaffold_step"":3,""core:seed_pouch_lining"":1,""core:shock_absorber_pad"":1,""core:wind_seed_flag"":3}","[""core:sheltered_sowing"",""core:sowing_sworddance""]","[{""tick"":0,""evolutionId"":""core:sowing_sworddance"",""baseId"":""core:iron_blade""},{""tick"":457,""evolutionId"":""core:sheltered_sowing"",""baseId"":""core:seed_bag""}]","{""core:carpenter_hammer"":{""building"":31},""core:hedge_drum"":{""building"":32,""people"":673},""core:muster_horn"":{""people"":387},""core:seed_bag"":{""land"":11}}","raw/building__B__67.results.json","94dae83fcbacc0b9ff0036bc45c761b061097dcdc9b85d61e63ccf31528f4724","raw/building__B__67.metrics.json","8c55c49bfebb4185f41eb32c575ee8977adb193bffdc2ff968c2a415c0d93a4d"
"building__B__68","building","B","68","3","21600","true","duration","","75","3","F6D434704CA488F9A2446AA2319CB22C6937E2D758F4D32AE13A6F249DEC2BD9","9324","19995","60160","61584","0","23014","9540","10716","1","21600","2265","636","9","8","11","0","1","[""core:ember_wand"",""core:harvest_scythe"",""core:iron_blade"",""core:ward_orbit"",""core:carpenter_hammer"",""core:hedge_drum"",""core:muster_horn"",""core:seed_bag""]","[""core:guarded_harvest"",""core:meal_oath"",""core:rally_boundary"",""core:repair_tithe""]","{""core:guarded_harvest"":6,""core:meal_oath"":4,""core:rally_boundary"":6,""core:repair_tithe"":10}","{""core:boundary_hinge"":1,""core:joiner_square"":2,""core:meadow_buckle"":6,""core:return_path_knot"":3,""core:root_binding_cord"":2,""core:ruin_keystone"":2,""core:scaffold_step"":3,""core:seed_pouch_lining"":2,""core:shock_absorber_pad"":2}","[""core:sheltered_sowing"",""core:sowing_sworddance""]","[{""tick"":0,""evolutionId"":""core:sowing_sworddance"",""baseId"":""core:iron_blade""},{""tick"":713,""evolutionId"":""core:sheltered_sowing"",""baseId"":""core:seed_bag""}]","{""core:carpenter_hammer"":{""building"":30},""core:hedge_drum"":{""building"":85,""people"":703},""core:muster_horn"":{""people"":475},""core:seed_bag"":{""land"":6}}","raw/building__B__68.results.json","c044bf5a86f7e17df29ba0faebd53fb97711f84f8c0fb13c3d9f31dc4b395a2a","raw/building__B__68.metrics.json","fa7e66740f82350dd05db29a13193922d56b8276f9c0ce684634a427534b8de4"
"building__B__69","building","B","69","3","21600","true","duration","","68","3","FAD86B78864D76A7C2BE563F3A9D774CD92218448897622A5580D5BDD83EEA60","10454","20564","90742","29764","712","22944","7860","4416","1","21581","2274","524","6","6","9","0","1","[""core:ember_wand"",""core:harvest_scythe"",""core:iron_blade"",""core:ward_orbit"",""core:carpenter_hammer"",""core:hedge_drum"",""core:muster_horn"",""core:seed_bag""]","[""core:guarded_harvest"",""core:meal_oath"",""core:rally_boundary"",""core:repair_tithe""]","{""core:guarded_harvest"":9,""core:meal_oath"":8,""core:rally_boundary"":8,""core:repair_tithe"":1}","{""core:boundary_hinge"":1,""core:levy_bread_wrap"":1,""core:meadow_buckle"":3,""core:muster_roll"":5,""core:return_path_knot"":3,""core:root_binding_cord"":4,""core:seed_pouch_lining"":3,""core:shock_absorber_pad"":1,""core:wind_seed_flag"":2}","[""core:sheltered_sowing"",""core:sowing_sworddance""]","[{""tick"":0,""evolutionId"":""core:sowing_sworddance"",""baseId"":""core:iron_blade""},{""tick"":13203,""evolutionId"":""core:sheltered_sowing"",""baseId"":""core:seed_bag""}]","{""core:hedge_drum"":{""building"":60,""people"":420},""core:muster_horn"":{""people"":136},""core:seed_bag"":{""land"":11}}","raw/building__B__69.results.json","f031d2b37c4caa0963431e4a7e1e811d2f0479bf98211392627d1aa81fde0a7f","raw/building__B__69.metrics.json","e979ead82665703d12a4d3e0d4b908726405a88baaedbe5403e33fd521ce2b45"
"building__B__70","building","B","70","3","21600","true","duration","","69","3","2B389317DF7F3D5E314543995868A9A6A2239CC7ECAA718EAE1166EBB2937A61","10183","33832","111217","64","177","23606","13260","0","11","21600","2310","884","0","0","31","0","1","[""core:ember_wand"",""core:harvest_scythe"",""core:iron_blade"",""core:ward_orbit"",""core:muster_horn"",""core:seed_bag""]","[""core:guarded_harvest"",""core:meal_oath"",""core:rally_boundary""]","{""core:guarded_harvest"":4,""core:meal_oath"":11,""core:rally_boundary"":9}","{""core:levy_bread_wrap"":4,""core:meadow_buckle"":4,""core:muster_roll"":4,""core:return_path_knot"":5,""core:root_binding_cord"":1,""core:seed_pouch_lining"":5,""core:wind_seed_flag"":1}","[""core:sowing_sworddance""]","[{""tick"":0,""evolutionId"":""core:sowing_sworddance"",""baseId"":""core:iron_blade""}]","{""core:muster_horn"":{""people"":524},""core:seed_bag"":{""land"":11}}","raw/building__B__70.results.json","e3f8233e74b28038d3f55bf3aeb44eca970eb0c0b7ccf281f833dcc2d16625b0","raw/building__B__70.metrics.json","66cc0e59fb961e49994d1e3ca27020b5e6b51645345a01673728c699cd9cd915"
"building__B__71","building","B","71","3","21600","true","duration","","75","3","47780ACDD09EF01C119FDB8376A71B1150F9A612433DCC8D861B207845C8CA85","9560","26809","52951","52843","11830","23356","17445","2988","31","21600","2334","1163","0","0","18","0","1","[""core:ember_wand"",""core:harvest_scythe"",""core:iron_blade"",""core:ward_orbit"",""core:carpenter_hammer"",""core:hedge_drum"",""core:muster_horn"",""core:seed_bag""]","[""core:guarded_harvest"",""core:meal_oath"",""core:rally_boundary"",""core:repair_tithe""]","{""core:guarded_harvest"":5,""core:meal_oath"":6,""core:rally_boundary"":8,""core:repair_tithe"":6}","{""core:boundary_hinge"":1,""core:levy_bread_wrap"":2,""core:meadow_buckle"":4,""core:muster_roll"":1,""core:return_path_knot"":2,""core:root_binding_cord"":3,""core:ruin_keystone"":1,""core:scaffold_step"":4,""core:seed_pouch_lining"":2,""core:shock_absorber_pad"":3,""core:wind_seed_flag"":1}","[""core:sheltered_sowing"",""core:sowing_sworddance""]","[{""tick"":0,""evolutionId"":""core:sowing_sworddance"",""baseId"":""core:iron_blade""},{""tick"":1658,""evolutionId"":""core:sheltered_sowing"",""baseId"":""core:seed_bag""}]","{""core:hedge_drum"":{""building"":35,""people"":703},""core:muster_horn"":{""people"":91},""core:seed_bag"":{""land"":15}}","raw/building__B__71.results.json","7c239fe0669b905cbed99b67eb929b36b038f540e8db2cc82ffe2a5642d5af4f","raw/building__B__71.metrics.json","ea5272a1b130e9011920105759f1f0563b819e3126ad7f52d9e4bc2e217cfdd9"
"building__B__72","building","B","72","3","21600","true","duration","","70","3","766B45C645DE643C51107F57F49B44A12E5D37211F78C34F5B9FE6DBDADEF603","10392","21799","113263","4460","164","22860","14400","552","10","21600","2293","960","0","0","27","0","1","[""core:ember_wand"",""core:harvest_scythe"",""core:iron_blade"",""core:ward_orbit"",""core:carpenter_hammer"",""core:hedge_drum"",""core:muster_horn"",""core:seed_bag""]","[""core:guarded_harvest"",""core:meal_oath"",""core:rally_boundary"",""core:repair_tithe""]","{""core:guarded_harvest"":14,""core:meal_oath"":23,""core:rally_boundary"":8,""core:repair_tithe"":3}","{""core:levy_bread_wrap"":9,""core:meadow_buckle"":4,""core:muster_roll"":1,""core:return_path_knot"":4,""core:root_binding_cord"":3,""core:wind_seed_flag"":3}","[""core:sheltered_sowing"",""core:sowing_sworddance""]","[{""tick"":0,""evolutionId"":""core:sowing_sworddance"",""baseId"":""core:iron_blade""},{""tick"":21449,""evolutionId"":""core:sheltered_sowing"",""baseId"":""core:seed_bag""}]","{""core:hedge_drum"":{""building"":56,""people"":62},""core:muster_horn"":{""people"":57},""core:seed_bag"":{""land"":13}}","raw/building__B__72.results.json","074a46c9cdcfc0e9a8ca0c8bdee3bfc974505d5b82d28ae49b81133d68e7a02b","raw/building__B__72.metrics.json","5dd8e8fd96a5c1cdd58d821550ba106f3bc67fc91d005bf0057b0b337f66f31c"
"building__B__73","building","B","73","3","21600","true","duration","","72","3","B753031A99E933EFFE6BB0E25F410AAFA2C9BDE481C916ED001D7D7A5206DD06","9873","16591","76350","48467","789","23058","9930","6528","9","21558","2277","662","0","0","6","0","1","[""core:ember_wand"",""core:harvest_scythe"",""core:iron_blade"",""core:ward_orbit"",""core:carpenter_hammer"",""core:hedge_drum"",""core:muster_horn"",""core:seed_bag""]","[""core:guarded_harvest"",""core:meal_oath"",""core:rally_boundary"",""core:repair_tithe""]","{""core:guarded_harvest"":11,""core:meal_oath"":9,""core:rally_boundary"":8,""core:repair_tithe"":9}","{""core:boundary_hinge"":2,""core:joiner_square"":4,""core:meadow_buckle"":3,""core:muster_roll"":1,""core:root_binding_cord"":2,""core:ruin_keystone"":1,""core:scaffold_step"":3,""core:seed_pouch_lining"":4,""core:wind_seed_flag"":1}","[""core:sheltered_sowing"",""core:sowing_sworddance""]","[{""tick"":0,""evolutionId"":""core:sowing_sworddance"",""baseId"":""core:iron_blade""},{""tick"":457,""evolutionId"":""core:sheltered_sowing"",""baseId"":""core:seed_bag""}]","{""core:carpenter_hammer"":{""building"":18},""core:hedge_drum"":{""building"":34,""people"":687},""core:muster_horn"":{""people"":61},""core:seed_bag"":{""land"":12}}","raw/building__B__73.results.json","9dabcc05ab40dbc3ed743cc8badf878b92ca4871d07108db63f829a2a7497edb","raw/building__B__73.metrics.json","2f19e07649b81ab9fd391fbf7475edfdd17b1e66e73c585f671e3d537f4e473e"
"building__C__42","building","C","42","3","21600","true","duration","","83","3","5EC0B3FB51E9B750149C739FE45571E028740667F9E8D9ED3C07080236BDE103","10226","27901","65235","60118","16","24918","18480","9528","43","21600","2516","1232","3","3","6","24","1","[""core:ember_wand"",""core:harvest_scythe"",""core:iron_blade"",""core:ward_orbit"",""core:carpenter_hammer"",""core:hedge_drum"",""core:muster_horn"",""core:seed_bag""]","[""core:guarded_harvest"",""core:meal_oath"",""core:rally_boundary"",""core:repair_tithe""]","{""core:guarded_harvest"":9,""core:meal_oath"":4,""core:rally_boundary"":7,""core:repair_tithe"":11}","{""core:boundary_hinge"":1,""core:joiner_square"":1,""core:levy_bread_wrap"":2,""core:meadow_buckle"":1,""core:muster_roll"":3,""core:return_path_knot"":3,""core:root_binding_cord"":3,""core:ruin_keystone"":1,""core:scaffold_step"":3,""core:seed_pouch_lining"":1,""core:shock_absorber_pad"":3,""core:wind_seed_flag"":2}","[""core:sheltered_sowing"",""core:sowing_sworddance""]","[{""tick"":0,""evolutionId"":""core:sowing_sworddance"",""baseId"":""core:iron_blade""},{""tick"":1151,""evolutionId"":""core:sheltered_sowing"",""baseId"":""core:seed_bag""}]","{""core:carpenter_hammer"":{""building"":48},""core:hedge_drum"":{""building"":44,""people"":542},""core:muster_horn"":{""people"":1305},""core:seed_bag"":{""land"":34}}","raw/building__C__42.results.json","382ef48dcf67d9882d8430c53c8c1c09691abc1ce61ed730b11889fe2c7576c0","raw/building__C__42.metrics.json","4849e0b11b589cd02782046dbe9fbd25da7fb0b640123d893c2b72f606f26122"
"building__C__43","building","C","43","3","21600","true","duration","","69","3","2A4A4DE8303AF256F87216483E8670230AC8EF48D8830BEA028508F66F701F90","10350","41378","92934","8069","199","23102","13320","0","10","21550","2311","888","0","0","11","22","1","[""core:ember_wand"",""core:harvest_scythe"",""core:iron_blade"",""core:ward_orbit"",""core:muster_horn"",""core:seed_bag""]","[""core:guarded_harvest"",""core:meal_oath"",""core:rally_boundary""]","{""core:guarded_harvest"":12,""core:meal_oath"":7,""core:rally_boundary"":11}","{""core:levy_bread_wrap"":4,""core:meadow_buckle"":6,""core:muster_roll"":3,""core:return_path_knot"":1,""core:root_binding_cord"":4,""core:seed_pouch_lining"":2,""core:wind_seed_flag"":4}","[""core:sowing_sworddance""]","[{""tick"":0,""evolutionId"":""core:sowing_sworddance"",""baseId"":""core:iron_blade""}]","{""core:muster_horn"":{""people"":1374},""core:seed_bag"":{""land"":27}}","raw/building__C__43.results.json","7c5f88cd740aedf6c74277cf3a6451f8ee14ef9ac3e5e00518cd5ab781e4b462","raw/building__C__43.metrics.json","617caa34c1a3d45d1f8269e0efe69142ac05070f18ab1035c311fcc655cded9f"
"building__C__44","building","C","44","3","21600","true","duration","","67","3","7FC69EDBBA65AECA5F9544909E6F822DAF2ACC790971721CE65559B85D5A78C6","9438","22885","54907","60968","60","22580","5010","7536","3","21600","2260","334","8","8","1","5","1","[""core:ember_wand"",""core:harvest_scythe"",""core:iron_blade"",""core:ward_orbit"",""core:carpenter_hammer"",""core:hedge_drum"",""core:muster_horn"",""core:seed_bag""]","[""core:guarded_harvest"",""core:meal_oath"",""core:repair_tithe""]","{""core:guarded_harvest"":12,""core:meal_oath"":4,""core:repair_tithe"":8}","{""core:boundary_hinge"":3,""core:joiner_square"":1,""core:levy_bread_wrap"":3,""core:meadow_buckle"":4,""core:muster_roll"":1,""core:return_path_knot"":2,""core:root_binding_cord"":1,""core:ruin_keystone"":2,""core:scaffold_step"":2,""core:seed_pouch_lining"":3,""core:shock_absorber_pad"":2}","[""core:sheltered_sowing"",""core:sowing_sworddance""]","[{""tick"":0,""evolutionId"":""core:sowing_sworddance"",""baseId"":""core:iron_blade""},{""tick"":1181,""evolutionId"":""core:sheltered_sowing"",""baseId"":""core:seed_bag""}]","{""core:carpenter_hammer"":{""building"":15},""core:hedge_drum"":{""building"":72,""people"":519},""core:muster_horn"":{""people"":599},""core:seed_bag"":{""land"":20}}","raw/building__C__44.results.json","931f690abe246f435413afb9ecbfadef32669d1853c59011366d2f8c2c259834","raw/building__C__44.metrics.json","a848cbc12d196e8b683be65bd5409a7bb5dc9e8a00f6651cd8140b741a9156e6"
"building__C__45","building","C","45","3","21600","true","duration","","76","3","E7191E031569CD81511A366EC450EA6338709B2E34A06D2348A3BBAD1D2F8197","10599","25745","62842","53049","181","23112","12480","8832","1","21600","2316","832","6","5","14","3","1","[""core:ember_wand"",""core:harvest_scythe"",""core:iron_blade"",""core:ward_orbit"",""core:carpenter_hammer"",""core:hedge_drum"",""core:muster_horn"",""core:seed_bag""]","[""core:guarded_harvest"",""core:meal_oath"",""core:rally_boundary"",""core:repair_tithe""]","{""core:guarded_harvest"":12,""core:meal_oath"":4,""core:rally_boundary"":11,""core:repair_tithe"":3}","{""core:boundary_hinge"":2,""core:joiner_square"":3,""core:meadow_buckle"":2,""core:muster_roll"":4,""core:return_path_knot"":3,""core:root_binding_cord"":3,""core:scaffold_step"":2,""core:seed_pouch_lining"":1,""core:wind_seed_flag"":3}","[""core:sheltered_sowing"",""core:sowing_sworddance""]","[{""tick"":0,""evolutionId"":""core:sowing_sworddance"",""baseId"":""core:iron_blade""},{""tick"":6808,""evolutionId"":""core:sheltered_sowing"",""baseId"":""core:seed_bag""}]","{""core:carpenter_hammer"":{""building"":1},""core:hedge_drum"":{""building"":112,""people"":545},""core:muster_horn"":{""people"":1327},""core:seed_bag"":{""land"":18}}","raw/building__C__45.results.json","c202e78a803e838bb38aeab5fe2cf9b335667885964385f43a351e60ba1cbde6","raw/building__C__45.metrics.json","951510c0eed7b874fd4c6d3844b4789111cbb79cf52ec70f3b6c142f4038e8ef"
"building__C__46","building","C","46","3","21600","true","duration","","72","3","4C4B3597C80097F333861FFC32EA7DE2A0685C4A289ABE7CEB317A574ECF5CD4","9948","29740","80710","37371","167","24102","13335","2496","34","21573","2400","889","5","1","18","16","1","[""core:ember_wand"",""core:harvest_scythe"",""core:iron_blade"",""core:ward_orbit"",""core:carpenter_hammer"",""core:hedge_drum"",""core:muster_horn"",""core:seed_bag""]","[""core:guarded_harvest"",""core:meal_oath"",""core:rally_boundary""]","{""core:guarded_harvest"":10,""core:meal_oath"":5,""core:rally_boundary"":7}","{""core:joiner_square"":1,""core:meadow_buckle"":4,""core:muster_roll"":2,""core:return_path_knot"":5,""core:root_binding_cord"":1,""core:ruin_keystone"":3,""core:scaffold_step"":4,""core:shock_absorber_pad"":2,""core:wind_seed_flag"":2}","[""core:sheltered_sowing"",""core:sowing_sworddance""]","[{""tick"":0,""evolutionId"":""core:sowing_sworddance"",""baseId"":""core:iron_blade""},{""tick"":2032,""evolutionId"":""core:sheltered_sowing"",""baseId"":""core:seed_bag""}]","{""core:carpenter_hammer"":{""building"":16},""core:hedge_drum"":{""building"":47,""people"":281},""core:muster_horn"":{""people"":2203},""core:seed_bag"":{""land"":24}}","raw/building__C__46.results.json","9e4edce8266050382de2ab391b83469403e2df909939c69c6b2d993def3bf9dd","raw/building__C__46.metrics.json","987d182c3339e0353eb24f108a9b0ed38fe24ea1dd28ea0db7a7da13665bc2c9"
"building__C__47","building","C","47","3","21600","true","duration","","69","3","3CB1F8D0CE0DD3EA7B7B889CE2D4BB8D59713F51B4F927B8AF67C54EBADFF1A3","9144","25553","52740","62796","58","22920","7425","6264","1","20082","2273","495","10","8","6","11","1","[""core:ember_wand"",""core:harvest_scythe"",""core:iron_blade"",""core:ward_orbit"",""core:carpenter_hammer"",""core:hedge_drum"",""core:muster_horn"",""core:seed_bag""]","[""core:guarded_harvest"",""core:meal_oath"",""core:rally_boundary"",""core:repair_tithe""]","{""core:guarded_harvest"":10,""core:meal_oath"":9,""core:rally_boundary"":5,""core:repair_tithe"":10}","{""core:boundary_hinge"":2,""core:joiner_square"":4,""core:levy_bread_wrap"":1,""core:meadow_buckle"":2,""core:muster_roll"":2,""core:return_path_knot"":3,""core:root_binding_cord"":3,""core:scaffold_step"":1,""core:seed_pouch_lining"":3,""core:shock_absorber_pad"":2}","[""core:sheltered_sowing"",""core:sowing_sworddance""]","[{""tick"":0,""evolutionId"":""core:sowing_sworddance"",""baseId"":""core:iron_blade""},{""tick"":457,""evolutionId"":""core:sheltered_sowing"",""baseId"":""core:seed_bag""}]","{""core:carpenter_hammer"":{""building"":36},""core:hedge_drum"":{""building"":56,""people"":393},""core:muster_horn"":{""people"":818},""core:seed_bag"":{""land"":15}}","raw/building__C__47.results.json","008656b880ca89312d55ecf32d71d0765a37e350ec5268c071bd89a3809d6f08","raw/building__C__47.metrics.json","1e2d88e335bd4d7c608a4a24d242bef8ed5577264cf7811979746989100501c9"
"building__C__48","building","C","48","3","21600","true","duration","","81","3","4360B3FA78A127CA52DC315153A3CF8601F067E123FFAFCC096D8000217A6EDD","9998","22473","73230","56197","0","24772","15930","9408","35","21600","2429","1062","8","8","8","1","1","[""core:ember_wand"",""core:harvest_scythe"",""core:iron_blade"",""core:ward_orbit"",""core:carpenter_hammer"",""core:hedge_drum"",""core:muster_horn"",""core:seed_bag""]","[""core:guarded_harvest"",""core:meal_oath"",""core:rally_boundary"",""core:repair_tithe""]","{""core:guarded_harvest"":7,""core:meal_oath"":3,""core:rally_boundary"":9,""core:repair_tithe"":9}","{""core:boundary_hinge"":4,""core:joiner_square"":1,""core:levy_bread_wrap"":2,""core:meadow_buckle"":5,""core:muster_roll"":2,""core:return_path_knot"":1,""core:root_binding_cord"":2,""core:ruin_keystone"":3,""core:seed_pouch_lining"":2,""core:wind_seed_flag"":1}","[""core:sheltered_sowing"",""core:sowing_sworddance""]","[{""tick"":0,""evolutionId"":""core:sowing_sworddance"",""baseId"":""core:iron_blade""},{""tick"":622,""evolutionId"":""core:sheltered_sowing"",""baseId"":""core:seed_bag""}]","{""core:carpenter_hammer"":{""building"":12},""core:hedge_drum"":{""building"":61,""people"":686},""core:muster_horn"":{""people"":1163},""core:seed_bag"":{""land"":27}}","raw/building__C__48.results.json","1d6bd0f0b368f415c20c5016159c59ed8c43345954f7f644e3043a63086c6883","raw/building__C__48.metrics.json","69b7025b99f4a1260a4ebe06ef330f8b8d589e03e9db3835e057bfdc745adce2"
"building__C__49","building","C","49","3","21600","true","duration","","74","3","26D9964E7956DE1A90FA9D2C88E9915003E262A881DDFD1A5FC4D9E8B101D794","9433","21505","66061","52977","194","22882","10995","7884","0","21600","2281","733","29","29","13","10","1","[""core:ember_wand"",""core:harvest_scythe"",""core:iron_blade"",""core:ward_orbit"",""core:carpenter_hammer"",""core:hedge_drum"",""core:muster_horn"",""core:seed_bag""]","[""core:guarded_harvest"",""core:meal_oath"",""core:rally_boundary"",""core:repair_tithe""]","{""core:guarded_harvest"":16,""core:meal_oath"":5,""core:rally_boundary"":2,""core:repair_tithe"":18}","{""core:joiner_square"":2,""core:levy_bread_wrap"":1,""core:meadow_buckle"":4,""core:muster_roll"":7,""core:return_path_knot"":1,""core:root_binding_cord"":4,""core:scaffold_step"":1,""core:seed_pouch_lining"":1,""core:shock_absorber_pad"":1,""core:wind_seed_flag"":2}","[""core:sheltered_sowing"",""core:sowing_sworddance""]","[{""tick"":0,""evolutionId"":""core:sowing_sworddance"",""baseId"":""core:iron_blade""},{""tick"":3600,""evolutionId"":""core:sheltered_sowing"",""baseId"":""core:seed_bag""}]","{""core:carpenter_hammer"":{""building"":2},""core:hedge_drum"":{""building"":61,""people"":678},""core:muster_horn"":{""people"":951},""core:seed_bag"":{""land"":13}}","raw/building__C__49.results.json","a9179301a2c77a8603377974bc22bca591d686b9216912e62d27a3b123a36357","raw/building__C__49.metrics.json","3b7d7dbe164b43b1e5766e0eae0b23988ce76ea953cf2096df3bef5927eec884"
"building__C__50","building","C","50","3","21600","true","duration","","68","3","F49A9C1053C94326CD1C6FD1CF925FCF82E4F618986A5092AAB50F25053D3505","12041","32806","58807","45511","3854","22940","8130","4944","0","21445","2311","542","7","7","0","21","1","[""core:ember_wand"",""core:harvest_scythe"",""core:iron_blade"",""core:ward_orbit"",""core:carpenter_hammer"",""core:hedge_drum"",""core:muster_horn"",""core:seed_bag""]","[""core:guarded_harvest"",""core:meal_oath"",""core:rally_boundary"",""core:repair_tithe""]","{""core:guarded_harvest"":16,""core:meal_oath"":6,""core:rally_boundary"":2,""core:repair_tithe"":5}","{""core:joiner_square"":4,""core:levy_bread_wrap"":2,""core:meadow_buckle"":1,""core:muster_roll"":1,""core:root_binding_cord"":5,""core:scaffold_step"":1,""core:seed_pouch_lining"":5,""core:shock_absorber_pad"":1,""core:wind_seed_flag"":4}","[""core:sheltered_sowing"",""core:sowing_sworddance""]","[{""tick"":0,""evolutionId"":""core:sowing_sworddance"",""baseId"":""core:iron_blade""},{""tick"":11730,""evolutionId"":""core:sheltered_sowing"",""baseId"":""core:seed_bag""}]","{""core:carpenter_hammer"":{""building"":17},""core:hedge_drum"":{""building"":90,""people"":331},""core:muster_horn"":{""people"":1183},""core:seed_bag"":{""land"":22}}","raw/building__C__50.results.json","00667e0e73649789b71b92fd51ec352b05dd72714612fb800f718c88208755b3","raw/building__C__50.metrics.json","ccadab827591cd2819687bb9e49fb90df7833c19327d3600a38cda3eaf93abeb"
"building__C__51","building","C","51","3","21600","true","duration","","71","3","D08103B5D47CB7DE37DC9024750E6EB2AB157EB2BFF4B610DD799E21B9C35281","9846","13403","63155","61585","459","22554","7695","8868","10","21600","2278","513","3","3","2","1","1","[""core:ember_wand"",""core:harvest_scythe"",""core:iron_blade"",""core:ward_orbit"",""core:carpenter_hammer"",""core:hedge_drum"",""core:muster_horn"",""core:seed_bag""]","[""core:guarded_harvest"",""core:meal_oath"",""core:rally_boundary"",""core:repair_tithe""]","{""core:guarded_harvest"":13,""core:meal_oath"":7,""core:rally_boundary"":1,""core:repair_tithe"":11}","{""core:boundary_hinge"":3,""core:meadow_buckle"":4,""core:muster_roll"":1,""core:return_path_knot"":2,""core:root_binding_cord"":4,""core:ruin_keystone"":2,""core:scaffold_step"":2,""core:seed_pouch_lining"":3,""core:shock_absorber_pad"":1,""core:wind_seed_flag"":1}","[""core:sheltered_sowing"",""core:sowing_sworddance""]","[{""tick"":0,""evolutionId"":""core:sowing_sworddance"",""baseId"":""core:iron_blade""},{""tick"":1140,""evolutionId"":""core:sheltered_sowing"",""baseId"":""core:seed_bag""}]","{""core:carpenter_hammer"":{""building"":41},""core:hedge_drum"":{""building"":46,""people"":380},""core:muster_horn"":{""people"":750},""core:seed_bag"":{""land"":29}}","raw/building__C__51.results.json","7228ce96169af2b3bde4076cb3b7a730b85cb57949903a0d1f87f330bb6f9734","raw/building__C__51.metrics.json","007bd219633229a4e386c4d6a1a13c300fa1390ed8137b80316c6ac6a1bce854"
"building__C__52","building","C","52","3","21600","true","duration","","71","3","0EB0DC3B4F200153368CA501600D68BAE2B83B8605784B78AC30E46B35500661","9509","25027","59411","56381","14","22874","8025","8220","1","21494","2271","535","44","42","0","10","1","[""core:ember_wand"",""core:harvest_scythe"",""core:iron_blade"",""core:ward_orbit"",""core:carpenter_hammer"",""core:hedge_drum"",""core:muster_horn"",""core:seed_bag""]","[""core:guarded_harvest"",""core:meal_oath"",""core:rally_boundary"",""core:repair_tithe""]","{""core:guarded_harvest"":10,""core:meal_oath"":8,""core:rally_boundary"":2,""core:repair_tithe"":5}","{""core:boundary_hinge"":1,""core:joiner_square"":1,""core:levy_bread_wrap"":1,""core:muster_roll"":1,""core:return_path_knot"":2,""core:root_binding_cord"":5,""core:ruin_keystone"":3,""core:scaffold_step"":5,""core:seed_pouch_lining"":2,""core:shock_absorber_pad"":1,""core:wind_seed_flag"":1}","[""core:sheltered_sowing"",""core:sowing_sworddance""]","[{""tick"":0,""evolutionId"":""core:sowing_sworddance"",""baseId"":""core:iron_blade""},{""tick"":626,""evolutionId"":""core:sheltered_sowing"",""baseId"":""core:seed_bag""}]","{""core:carpenter_hammer"":{""building"":43},""core:hedge_drum"":{""building"":61,""people"":404},""core:muster_horn"":{""people"":1203},""core:seed_bag"":{""land"":24}}","raw/building__C__52.results.json","a1a8dc93bc34b84323ed0788524efa544266204162e707a33f0e05df7fb9b6b7","raw/building__C__52.metrics.json","2424c3f3e6069bfca7237c7d5a1c6af4591d4008413a9d33cfabb99b7d3ce51a"
"building__C__53","building","C","53","3","21600","true","duration","","78","3","53838F22C9474669CC74A430FBCA5490ED61B395A1FE3DB6E2D3C847DFE5B644","10001","27121","57066","69653","115","25058","17835","3336","5","20817","2507","1189","29","28","6","24","1","[""core:ember_wand"",""core:harvest_scythe"",""core:iron_blade"",""core:ward_orbit"",""core:carpenter_hammer"",""core:hedge_drum"",""core:muster_horn"",""core:seed_bag""]","[""core:guarded_harvest"",""core:meal_oath"",""core:rally_boundary"",""core:repair_tithe""]","{""core:guarded_harvest"":15,""core:meal_oath"":14,""core:rally_boundary"":6,""core:repair_tithe"":7}","{""core:boundary_hinge"":2,""core:joiner_square"":1,""core:levy_bread_wrap"":2,""core:meadow_buckle"":1,""core:muster_roll"":1,""core:return_path_knot"":5,""core:root_binding_cord"":3,""core:scaffold_step"":2,""core:seed_pouch_lining"":2,""core:shock_absorber_pad"":1,""core:wind_seed_flag"":4}","[""core:sheltered_sowing"",""core:sowing_sworddance""]","[{""tick"":0,""evolutionId"":""core:sowing_sworddance"",""baseId"":""core:iron_blade""},{""tick"":1853,""evolutionId"":""core:sheltered_sowing"",""baseId"":""core:seed_bag""}]","{""core:hedge_drum"":{""building"":53,""people"":374},""core:muster_horn"":{""people"":1245},""core:seed_bag"":{""land"":35}}","raw/building__C__53.results.json","4c53287bdfce2d67ec53b54752bb3c3e5ba4c0bd921ff43f9251dc3be43f9797","raw/building__C__53.metrics.json","8bf19dcc2df1d7d01fe8df0de4a4541ee117fe2b4b33fd50a5a2c15a3b80ce8f"
"building__C__54","building","C","54","3","21600","true","duration","","80","3","D5FE1D1C6D706DC699B0083A2C5CC50EC66B278962B283DC5D15D3892E0660DF","11249","49705","51280","65057","2033","27392","18180","3252","66","20853","2711","1212","26","24","12","14","1","[""core:ember_wand"",""core:harvest_scythe"",""core:iron_blade"",""core:ward_orbit"",""core:carpenter_hammer"",""core:hedge_drum"",""core:muster_horn"",""core:seed_bag""]","[""core:guarded_harvest"",""core:meal_oath"",""core:rally_boundary"",""core:repair_tithe""]","{""core:guarded_harvest"":6,""core:meal_oath"":13,""core:rally_boundary"":6,""core:repair_tithe"":4}","{""core:boundary_hinge"":3,""core:levy_bread_wrap"":2,""core:meadow_buckle"":4,""core:muster_roll"":1,""core:return_path_knot"":6,""core:root_binding_cord"":1,""core:ruin_keystone"":1,""core:seed_pouch_lining"":4,""core:wind_seed_flag"":2}","[""core:sheltered_sowing"",""core:sowing_sworddance""]","[{""tick"":0,""evolutionId"":""core:sowing_sworddance"",""baseId"":""core:iron_blade""},{""tick"":2783,""evolutionId"":""core:sheltered_sowing"",""baseId"":""core:seed_bag""}]","{""core:carpenter_hammer"":{""building"":11},""core:hedge_drum"":{""building"":54,""people"":232},""core:muster_horn"":{""people"":1426},""core:seed_bag"":{""land"":49}}","raw/building__C__54.results.json","37a834dd9de2c0f48815a4bd6d71b4d0000cc4fb118986f9b3896bbbf53a840f","raw/building__C__54.metrics.json","5d705d852d912c2cf9ca265504b39b70b48286f78acdbea0bd061b4262d332f4"
"building__C__55","building","C","55","3","21600","true","duration","","76","3","0AE59F0E80FAC4FE82036713A3BE4387FEE5C154997C40F8FF62979B5BA93F17","9789","17471","65328","67789","81","24454","12735","7332","1","21591","2427","849","10","7","10","14","1","[""core:ember_wand"",""core:harvest_scythe"",""core:iron_blade"",""core:ward_orbit"",""core:carpenter_hammer"",""core:hedge_drum"",""core:muster_horn"",""core:seed_bag""]","[""core:guarded_harvest"",""core:meal_oath"",""core:rally_boundary"",""core:repair_tithe""]","{""core:guarded_harvest"":8,""core:meal_oath"":4,""core:rally_boundary"":5,""core:repair_tithe"":14}","{""core:boundary_hinge"":3,""core:joiner_square"":2,""core:levy_bread_wrap"":1,""core:meadow_buckle"":3,""core:muster_roll"":1,""core:return_path_knot"":1,""core:root_binding_cord"":2,""core:ruin_keystone"":2,""core:scaffold_step"":5,""core:seed_pouch_lining"":2,""core:wind_seed_flag"":2}","[""core:sheltered_sowing"",""core:sowing_sworddance""]","[{""tick"":0,""evolutionId"":""core:sowing_sworddance"",""baseId"":""core:iron_blade""},{""tick"":7422,""evolutionId"":""core:sheltered_sowing"",""baseId"":""core:seed_bag""}]","{""core:carpenter_hammer"":{""building"":12},""core:hedge_drum"":{""building"":73,""people"":89},""core:muster_horn"":{""people"":1524},""core:seed_bag"":{""land"":43}}","raw/building__C__55.results.json","b6abb630f4d3923bbd373e346179a3709e9fd4b9374ce30b8d70f83a76991e5c","raw/building__C__55.metrics.json","137981d47a3faf2d868d61a099313e6d1f930cbcc8b7213f1ead6e5f7f6f4d8b"
"building__C__56","building","C","56","3","21600","true","duration","","75","3","37CF6EAF8175BF6C0887B81A50378B377E421E1DC1E5F383F5F3ACA6043D3F93","9551","32095","57392","56761","175","23774","13155","6840","4","21423","2353","877","18","17","0","19","1","[""core:ember_wand"",""core:harvest_scythe"",""core:iron_blade"",""core:ward_orbit"",""core:carpenter_hammer"",""core:hedge_drum"",""core:muster_horn"",""core:seed_bag""]","[""core:guarded_harvest"",""core:meal_oath"",""core:rally_boundary"",""core:repair_tithe""]","{""core:guarded_harvest"":10,""core:meal_oath"":10,""core:rally_boundary"":4,""core:repair_tithe"":9}","{""core:boundary_hinge"":1,""core:joiner_square"":3,""core:levy_bread_wrap"":2,""core:meadow_buckle"":4,""core:return_path_knot"":2,""core:ruin_keystone"":2,""core:scaffold_step"":3,""core:seed_pouch_lining"":2,""core:shock_absorber_pad"":1,""core:wind_seed_flag"":4}","[""core:sheltered_sowing"",""core:sowing_sworddance""]","[{""tick"":0,""evolutionId"":""core:sowing_sworddance"",""baseId"":""core:iron_blade""},{""tick"":592,""evolutionId"":""core:sheltered_sowing"",""baseId"":""core:seed_bag""}]","{""core:carpenter_hammer"":{""building"":37},""core:hedge_drum"":{""building"":22,""people"":404},""core:muster_horn"":{""people"":1526},""core:seed_bag"":{""land"":29}}","raw/building__C__56.results.json","6c609546567d8f182fce13eeff77a3b23c2564ed4838924918a7e450b49295c1","raw/building__C__56.metrics.json","fc569dedf1fe94c51e711f1e8a348ce4fc982682f77b30a4f7010747d68e86c8"
"building__C__57","building","C","57","3","21600","true","duration","","77","3","1B1834AEB3A94AFCA56215BE02052765E22414A097DC3FC801563C635D531EDE","10009","29077","63581","56554","72","24226","12840","8508","10","21600","2381","856","2","2","7","13","1","[""core:ember_wand"",""core:harvest_scythe"",""core:iron_blade"",""core:ward_orbit"",""core:carpenter_hammer"",""core:hedge_drum"",""core:muster_horn"",""core:seed_bag""]","[""core:guarded_harvest"",""core:meal_oath"",""core:rally_boundary"",""core:repair_tithe""]","{""core:guarded_harvest"":9,""core:meal_oath"":12,""core:rally_boundary"":9,""core:repair_tithe"":15}","{""core:boundary_hinge"":1,""core:joiner_square"":1,""core:levy_bread_wrap"":1,""core:return_path_knot"":2,""core:root_binding_cord"":3,""core:ruin_keystone"":5,""core:scaffold_step"":2,""core:seed_pouch_lining"":4,""core:shock_absorber_pad"":1,""core:wind_seed_flag"":4}","[""core:sheltered_sowing"",""core:sowing_sworddance""]","[{""tick"":0,""evolutionId"":""core:sowing_sworddance"",""baseId"":""core:iron_blade""},{""tick"":3000,""evolutionId"":""core:sheltered_sowing"",""baseId"":""core:seed_bag""}]","{""core:carpenter_hammer"":{""building"":3},""core:hedge_drum"":{""building"":76,""people"":682},""core:muster_horn"":{""people"":1350},""core:seed_bag"":{""land"":31}}","raw/building__C__57.results.json","1f8083a343c0fa9c810d517e7bd794ea3782936c343d8aa12d88dcd9a72db782","raw/building__C__57.metrics.json","11db3e2cf852435bc860f1df12583edc5f98ba6d5567a48225f8ed913d369296"
"building__C__58","building","C","58","3","21600","true","duration","","72","3","0D26D4BC16ACBA085C37B309950700B1CADE04203D70C785DBAD678A55738655","10543","32721","34843","67694","16","22032","8925","8736","1","21559","2250","595","21","18","2","3","1","[""core:ember_wand"",""core:harvest_scythe"",""core:iron_blade"",""core:ward_orbit"",""core:carpenter_hammer"",""core:hedge_drum"",""core:muster_horn"",""core:seed_bag""]","[""core:guarded_harvest"",""core:meal_oath"",""core:rally_boundary"",""core:repair_tithe""]","{""core:guarded_harvest"":7,""core:meal_oath"":2,""core:rally_boundary"":9,""core:repair_tithe"":7}","{""core:boundary_hinge"":4,""core:joiner_square"":1,""core:levy_bread_wrap"":3,""core:meadow_buckle"":2,""core:muster_roll"":3,""core:return_path_knot"":1,""core:root_binding_cord"":2,""core:ruin_keystone"":3,""core:scaffold_step"":1,""core:seed_pouch_lining"":2,""core:shock_absorber_pad"":2}","[""core:sheltered_sowing"",""core:sowing_sworddance""]","[{""tick"":0,""evolutionId"":""core:sowing_sworddance"",""baseId"":""core:iron_blade""},{""tick"":993,""evolutionId"":""core:sheltered_sowing"",""baseId"":""core:seed_bag""}]","{""core:carpenter_hammer"":{""building"":46},""core:hedge_drum"":{""building"":81,""people"":633},""core:muster_horn"":{""people"":518},""core:seed_bag"":{""land"":19}}","raw/building__C__58.results.json","a5eb4cd4cd529db3d602d7ff038219e6ebc3ef5194563bc0aa119dd74be7d255","raw/building__C__58.metrics.json","c0fddb01902149a40009294b90c4ef06ab97d056098330af1286b1ed2470893f"
"building__C__59","building","C","59","3","21600","true","duration","","70","3","BA805428E8FDE009B3B8E75809D6D92CBDE54C8B010D969C57939C5135D19690","10381","24365","108823","8942","92","23202","14880","0","51","21473","2308","992","0","0","2","34","1","[""core:ember_wand"",""core:harvest_scythe"",""core:iron_blade"",""core:ward_orbit"",""core:muster_horn"",""core:seed_bag""]","[""core:guarded_harvest"",""core:meal_oath"",""core:rally_boundary""]","{""core:guarded_harvest"":8,""core:meal_oath"":12,""core:rally_boundary"":5}","{""core:levy_bread_wrap"":4,""core:meadow_buckle"":3,""core:muster_roll"":2,""core:return_path_knot"":7,""core:root_binding_cord"":4,""core:wind_seed_flag"":4}","[""core:sowing_sworddance""]","[{""tick"":0,""evolutionId"":""core:sowing_sworddance"",""baseId"":""core:iron_blade""}]","{""core:muster_horn"":{""people"":1279},""core:seed_bag"":{""land"":27}}","raw/building__C__59.results.json","74340d88761feee0c6a9a4e71e281c8361b8702c361fd4c56a465c35b07a6ee4","raw/building__C__59.metrics.json","01fdc20b25efb6234402eab7293d2004f4b1af4497ed1703ff7cecde9b15cfde"
"building__C__60","building","C","60","3","21600","true","duration","","72","3","690BB30D977798F2A31B3503E4200C5D7CD6D6A07C4741F12D70C1CCFD3E5FD6","10525","29269","47273","61773","3","22396","8010","9384","0","21600","2260","534","3","3","1","3","1","[""core:ember_wand"",""core:harvest_scythe"",""core:iron_blade"",""core:ward_orbit"",""core:carpenter_hammer"",""core:hedge_drum"",""core:muster_horn"",""core:seed_bag""]","[""core:guarded_harvest"",""core:meal_oath"",""core:rally_boundary"",""core:repair_tithe""]","{""core:guarded_harvest"":8,""core:meal_oath"":10,""core:rally_boundary"":7,""core:repair_tithe"":7}","{""core:boundary_hinge"":1,""core:joiner_square"":4,""core:levy_bread_wrap"":2,""core:meadow_buckle"":2,""core:muster_roll"":1,""core:return_path_knot"":6,""core:root_binding_cord"":4,""core:ruin_keystone"":1,""core:scaffold_step"":1,""core:seed_pouch_lining"":1,""core:shock_absorber_pad"":1}","[""core:sheltered_sowing"",""core:sowing_sworddance""]","[{""tick"":0,""evolutionId"":""core:sowing_sworddance"",""baseId"":""core:iron_blade""},{""tick"":457,""evolutionId"":""core:sheltered_sowing"",""baseId"":""core:seed_bag""}]","{""core:carpenter_hammer"":{""building"":47},""core:hedge_drum"":{""building"":56,""people"":598},""core:muster_horn"":{""people"":393},""core:seed_bag"":{""land"":17}}","raw/building__C__60.results.json","834705d701d5b290a082ae6b9ad3fdfdabded45d16ef96467fb53ae519b8981b","raw/building__C__60.metrics.json","d845fefa985524884db4655d9dc96578ed518519b3d91e52fdf721b36b72c8ba"
"building__C__61","building","C","61","3","21600","true","duration","","77","3","686366366357272E451C1DEC9E8F872A44C4011927F7CF960335C7755B48D027","10084","35681","60228","55190","16","24498","15045","6444","34","21587","2468","1003","7","7","18","10","1","[""core:ember_wand"",""core:harvest_scythe"",""core:iron_blade"",""core:ward_orbit"",""core:carpenter_hammer"",""core:hedge_drum"",""core:muster_horn"",""core:seed_bag""]","[""core:guarded_harvest"",""core:meal_oath"",""core:rally_boundary"",""core:repair_tithe""]","{""core:guarded_harvest"":12,""core:meal_oath"":8,""core:rally_boundary"":6,""core:repair_tithe"":10}","{""core:boundary_hinge"":1,""core:joiner_square"":2,""core:levy_bread_wrap"":1,""core:meadow_buckle"":4,""core:muster_roll"":2,""core:return_path_knot"":4,""core:root_binding_cord"":2,""core:scaffold_step"":1,""core:seed_pouch_lining"":2,""core:shock_absorber_pad"":1,""core:wind_seed_flag"":3}","[""core:sheltered_sowing"",""core:sowing_sworddance""]","[{""tick"":0,""evolutionId"":""core:sowing_sworddance"",""baseId"":""core:iron_blade""},{""tick"":7753,""evolutionId"":""core:sheltered_sowing"",""baseId"":""core:seed_bag""}]","{""core:carpenter_hammer"":{""building"":36},""core:hedge_drum"":{""building"":36,""people"":423},""core:muster_horn"":{""people"":1301},""core:seed_bag"":{""land"":30}}","raw/building__C__61.results.json","99ba14704fb0fe19134274f4e199e129eba288dfc97964368b122b78fc58caaf","raw/building__C__61.metrics.json","5989eac38644f91f1f4f330616a2cc3ae9632f4876d23db256c179924c793e50"
"building__C__62","building","C","62","3","21600","true","duration","","75","3","C34B54C915702EDF26CB2B28487974FD192AD771801096D3007AE61B2A6CCB93","9415","31409","50859","63146","90","23644","13410","5904","17","21600","2352","894","7","7","15","10","1","[""core:ember_wand"",""core:harvest_scythe"",""core:iron_blade"",""core:ward_orbit"",""core:carpenter_hammer"",""core:hedge_drum"",""core:muster_horn"",""core:seed_bag""]","[""core:guarded_harvest"",""core:meal_oath"",""core:rally_boundary"",""core:repair_tithe""]","{""core:guarded_harvest"":11,""core:meal_oath"":10,""core:rally_boundary"":6,""core:repair_tithe"":10}","{""core:joiner_square"":1,""core:levy_bread_wrap"":2,""core:meadow_buckle"":3,""core:muster_roll"":3,""core:root_binding_cord"":2,""core:ruin_keystone"":1,""core:scaffold_step"":2,""core:seed_pouch_lining"":5,""core:shock_absorber_pad"":4}","[""core:sheltered_sowing"",""core:sowing_sworddance""]","[{""tick"":0,""evolutionId"":""core:sowing_sworddance"",""baseId"":""core:iron_blade""},{""tick"":1608,""evolutionId"":""core:sheltered_sowing"",""baseId"":""core:seed_bag""}]","{""core:carpenter_hammer"":{""building"":9},""core:hedge_drum"":{""building"":47,""people"":695},""core:muster_horn"":{""people"":1137},""core:seed_bag"":{""land"":16}}","raw/building__C__62.results.json","466b9b35716c027ff23c294e9f0784c22cea107a48aa82cf7f96fb9432fa7fbd","raw/building__C__62.metrics.json","54d25c3a5f5ef93c01ebb1a03ae460d160ae1ba8821be0a8ffe15d08dc5b54b6"
"building__C__63","building","C","63","3","21600","true","duration","","70","3","BCC7DE7D121D61A47F6EBED5F0E9129484672B323D897ECF61F879C5DE70E374","9064","30493","44054","57432","39","21300","6525","10044","1","21589","2267","435","14","12","6","0","1","[""core:ember_wand"",""core:harvest_scythe"",""core:iron_blade"",""core:ward_orbit"",""core:carpenter_hammer"",""core:hedge_drum"",""core:seed_bag""]","[""core:guarded_harvest"",""core:meal_oath"",""core:rally_boundary"",""core:repair_tithe""]","{""core:guarded_harvest"":6,""core:meal_oath"":7,""core:rally_boundary"":2,""core:repair_tithe"":17}","{""core:boundary_hinge"":1,""core:joiner_square"":1,""core:meadow_buckle"":2,""core:muster_roll"":3,""core:return_path_knot"":2,""core:root_binding_cord"":2,""core:ruin_keystone"":2,""core:scaffold_step"":2,""core:seed_pouch_lining"":4,""core:shock_absorber_pad"":1,""core:wind_seed_flag"":3}","[""core:sheltered_sowing"",""core:sowing_sworddance""]","[{""tick"":0,""evolutionId"":""core:sowing_sworddance"",""baseId"":""core:iron_blade""},{""tick"":900,""evolutionId"":""core:sheltered_sowing"",""baseId"":""core:seed_bag""}]","{""core:carpenter_hammer"":{""building"":21},""core:hedge_drum"":{""building"":158,""people"":697},""core:seed_bag"":{""land"":10}}","raw/building__C__63.results.json","6bd3bd2c0abe5e958b73371acf0a12442bf680a4a3077bd91e1af1050e1681f1","raw/building__C__63.metrics.json","44b23a05d98d1373a32d3e86b267a1e0ed768508297ffa45f974b968f5e07729"
"building__C__64","building","C","64","3","21600","true","duration","","76","3","3AC41A9C4367052E4C728CC0E8468BEE8C2C332F4D2DC7F6A05A5A1F858FEDA7","9706","33524","58783","59908","72","24812","15360","3816","46","20998","2475","1024","23","23","6","21","1","[""core:ember_wand"",""core:harvest_scythe"",""core:iron_blade"",""core:ward_orbit"",""core:carpenter_hammer"",""core:hedge_drum"",""core:muster_horn"",""core:seed_bag""]","[""core:guarded_harvest"",""core:meal_oath"",""core:rally_boundary"",""core:repair_tithe""]","{""core:guarded_harvest"":11,""core:meal_oath"":11,""core:rally_boundary"":10,""core:repair_tithe"":5}","{""core:boundary_hinge"":3,""core:joiner_square"":1,""core:levy_bread_wrap"":4,""core:meadow_buckle"":3,""core:muster_roll"":1,""core:return_path_knot"":1,""core:root_binding_cord"":1,""core:scaffold_step"":3,""core:seed_pouch_lining"":3,""core:shock_absorber_pad"":1,""core:wind_seed_flag"":3}","[""core:sheltered_sowing"",""core:sowing_sworddance""]","[{""tick"":0,""evolutionId"":""core:sowing_sworddance"",""baseId"":""core:iron_blade""},{""tick"":7800,""evolutionId"":""core:sheltered_sowing"",""baseId"":""core:seed_bag""}]","{""core:carpenter_hammer"":{""building"":3},""core:hedge_drum"":{""building"":66,""people"":332},""core:muster_horn"":{""people"":1015},""core:seed_bag"":{""land"":38}}","raw/building__C__64.results.json","dda48b91e646db18d47a4bf05df1051d9297892895c189816af0a3eda5484eed","raw/building__C__64.metrics.json","0c48f5e49cf8950da051662a7c12ab155d5b54f42429bb7e78d927664adedb92"
"building__C__65","building","C","65","3","21600","true","duration","","81","3","DFEAE08A96DE19D1D482E3FCD7C0A4356A37B82E4BD9EFE3023EAD1157FBB3D7","9623","37089","45552","70985","24","25034","18315","6996","50","20534","2541","1221","4","4","12","9","1","[""core:ember_wand"",""core:harvest_scythe"",""core:iron_blade"",""core:ward_orbit"",""core:carpenter_hammer"",""core:hedge_drum"",""core:muster_horn"",""core:seed_bag""]","[""core:guarded_harvest"",""core:meal_oath"",""core:rally_boundary"",""core:repair_tithe""]","{""core:guarded_harvest"":17,""core:meal_oath"":9,""core:rally_boundary"":5,""core:repair_tithe"":8}","{""core:boundary_hinge"":2,""core:joiner_square"":2,""core:levy_bread_wrap"":3,""core:meadow_buckle"":1,""core:muster_roll"":3,""core:return_path_knot"":2,""core:root_binding_cord"":1,""core:ruin_keystone"":2,""core:seed_pouch_lining"":1,""core:shock_absorber_pad"":1,""core:wind_seed_flag"":6}","[""core:sheltered_sowing"",""core:sowing_sworddance""]","[{""tick"":0,""evolutionId"":""core:sowing_sworddance"",""baseId"":""core:iron_blade""},{""tick"":1853,""evolutionId"":""core:sheltered_sowing"",""baseId"":""core:seed_bag""}]","{""core:carpenter_hammer"":{""building"":7},""core:hedge_drum"":{""building"":103,""people"":638},""core:muster_horn"":{""people"":527},""core:seed_bag"":{""land"":47}}","raw/building__C__65.results.json","918d3900750e9f0aee5d315e497f94a14b41b1d8d4a652b9dc92424b3d52e630","raw/building__C__65.metrics.json","99543507f4661ce8389d427744140cceb856ee9b8c7ee317e6f31a9cf6671092"
"building__C__66","building","C","66","3","21600","true","duration","","74","3","5F3C8AB9D3DA365B32156630FD8CA7B9121FC7EC0138A1FA813F2B52CC740466","9343","30837","53729","57170","122","23104","9810","9036","5","21600","2307","654","16","13","4","11","1","[""core:ember_wand"",""core:harvest_scythe"",""core:iron_blade"",""core:ward_orbit"",""core:carpenter_hammer"",""core:hedge_drum"",""core:muster_horn"",""core:seed_bag""]","[""core:guarded_harvest"",""core:meal_oath"",""core:rally_boundary"",""core:repair_tithe""]","{""core:guarded_harvest"":6,""core:meal_oath"":4,""core:rally_boundary"":3,""core:repair_tithe"":5}","{""core:boundary_hinge"":1,""core:joiner_square"":3,""core:levy_bread_wrap"":3,""core:meadow_buckle"":2,""core:return_path_knot"":2,""core:root_binding_cord"":2,""core:scaffold_step"":2,""core:seed_pouch_lining"":4,""core:shock_absorber_pad"":1,""core:wind_seed_flag"":4}","[""core:sheltered_sowing"",""core:sowing_sworddance""]","[{""tick"":0,""evolutionId"":""core:sowing_sworddance"",""baseId"":""core:iron_blade""},{""tick"":7897,""evolutionId"":""core:sheltered_sowing"",""baseId"":""core:seed_bag""}]","{""core:hedge_drum"":{""building"":59,""people"":449},""core:muster_horn"":{""people"":1024},""core:seed_bag"":{""land"":33}}","raw/building__C__66.results.json","27eea76ab294a116015ac9d3da2f23ed173e5c6fea1cd1ac58cffa14316f39e2","raw/building__C__66.metrics.json","faecfa45350777df72b1d08d66035786eccc5601bd01c9b0f9525583819d3b6a"
"building__C__67","building","C","67","3","21600","true","duration","","84","3","391A004204974FEE83A12E109C9AD56276496B30FAC407D11D53663B2BBC24A4","10216","24376","66721","71701","96","26424","18570","8880","67","21600","2606","1238","8","8","1","27","1","[""core:ember_wand"",""core:harvest_scythe"",""core:iron_blade"",""core:ward_orbit"",""core:carpenter_hammer"",""core:hedge_drum"",""core:muster_horn"",""core:seed_bag""]","[""core:guarded_harvest"",""core:meal_oath"",""core:rally_boundary"",""core:repair_tithe""]","{""core:guarded_harvest"":13,""core:meal_oath"":11,""core:rally_boundary"":5,""core:repair_tithe"":9}","{""core:boundary_hinge"":1,""core:joiner_square"":3,""core:levy_bread_wrap"":2,""core:meadow_buckle"":1,""core:return_path_knot"":3,""core:root_binding_cord"":1,""core:ruin_keystone"":1,""core:scaffold_step"":2,""core:seed_pouch_lining"":4,""core:shock_absorber_pad"":2,""core:wind_seed_flag"":3}","[""core:sheltered_sowing"",""core:sowing_sworddance""]","[{""tick"":0,""evolutionId"":""core:sowing_sworddance"",""baseId"":""core:iron_blade""},{""tick"":457,""evolutionId"":""core:sheltered_sowing"",""baseId"":""core:seed_bag""}]","{""core:carpenter_hammer"":{""building"":37},""core:hedge_drum"":{""building"":30,""people"":369},""core:muster_horn"":{""people"":2075},""core:seed_bag"":{""land"":40}}","raw/building__C__67.results.json","63eb4c8e32bb4dee4832df851694bd61624ed21ebd3b2be86b6e83c94530c7d1","raw/building__C__67.metrics.json","50eec834df45fa56a4615bf943f21b75cb34d136f5fefe79c246dd07902c76c8"
"building__C__68","building","C","68","3","21600","true","duration","","74","3","997C47CF906692FC6DCBFA3194724B4F5C48FC3348C51FCBA76F7C98D0F72119","9471","14043","52365","73790","8","22804","6855","13032","2","21600","2268","457","4","4","7","7","1","[""core:ember_wand"",""core:harvest_scythe"",""core:iron_blade"",""core:ward_orbit"",""core:carpenter_hammer"",""core:hedge_drum"",""core:muster_horn"",""core:seed_bag""]","[""core:guarded_harvest"",""core:meal_oath"",""core:rally_boundary"",""core:repair_tithe""]","{""core:guarded_harvest"":9,""core:meal_oath"":1,""core:rally_boundary"":3,""core:repair_tithe"":16}","{""core:boundary_hinge"":1,""core:joiner_square"":2,""core:levy_bread_wrap"":2,""core:meadow_buckle"":2,""core:return_path_knot"":3,""core:root_binding_cord"":2,""core:ruin_keystone"":3,""core:scaffold_step"":1,""core:seed_pouch_lining"":3,""core:shock_absorber_pad"":5}","[""core:sheltered_sowing"",""core:sowing_sworddance""]","[{""tick"":0,""evolutionId"":""core:sowing_sworddance"",""baseId"":""core:iron_blade""},{""tick"":713,""evolutionId"":""core:sheltered_sowing"",""baseId"":""core:seed_bag""}]","{""core:carpenter_hammer"":{""building"":33},""core:hedge_drum"":{""building"":84,""people"":635},""core:muster_horn"":{""people"":958},""core:seed_bag"":{""land"":14}}","raw/building__C__68.results.json","264bdbc70e1571d418ca2d1d9a25cd4c487409b66d7218b766169367560d833b","raw/building__C__68.metrics.json","49f4ec8fb6ffd9d72738f3054ca22efa10bd1e15172affed86c1fbeac5c3c6aa"
"building__C__69","building","C","69","3","21600","true","duration","","68","3","2CB29D7D2149C6991844DF27E15E12D3E67C83C3420C45D8BBD967C955D537B1","9545","36562","69235","36941","406","23334","11595","1272","25","21537","2319","773","13","12","11","5","1","[""core:ember_wand"",""core:harvest_scythe"",""core:iron_blade"",""core:ward_orbit"",""core:carpenter_hammer"",""core:hedge_drum"",""core:muster_horn"",""core:seed_bag""]","[""core:guarded_harvest"",""core:meal_oath"",""core:rally_boundary"",""core:repair_tithe""]","{""core:guarded_harvest"":13,""core:meal_oath"":5,""core:rally_boundary"":4,""core:repair_tithe"":2}","{""core:boundary_hinge"":1,""core:levy_bread_wrap"":1,""core:meadow_buckle"":1,""core:muster_roll"":5,""core:return_path_knot"":1,""core:root_binding_cord"":2,""core:ruin_keystone"":3,""core:seed_pouch_lining"":6,""core:wind_seed_flag"":4}","[""core:sheltered_sowing"",""core:sowing_sworddance""]","[{""tick"":0,""evolutionId"":""core:sowing_sworddance"",""baseId"":""core:iron_blade""},{""tick"":11073,""evolutionId"":""core:sheltered_sowing"",""baseId"":""core:seed_bag""}]","{""core:carpenter_hammer"":{""building"":44},""core:muster_horn"":{""people"":1245},""core:seed_bag"":{""land"":25}}","raw/building__C__69.results.json","e1dcadea63ee75a09a66c65dacc2633509bcd9858b50d74875e2009106fd4ccd","raw/building__C__69.metrics.json","3f420b299d37bd060055ff0443f1133826a24c36f3ea48acfde3a4de34291276"
"building__C__70","building","C","70","3","21600","true","duration","","80","3","AC6DB64D0948688469B5435D8844601A835432AD0183F6C78144CC35678D7E91","10771","22022","45892","77658","0","23724","14595","11232","7","21600","2457","973","18","16","6","6","1","[""core:ember_wand"",""core:harvest_scythe"",""core:iron_blade"",""core:ward_orbit"",""core:carpenter_hammer"",""core:hedge_drum"",""core:muster_horn"",""core:seed_bag""]","[""core:guarded_harvest"",""core:meal_oath"",""core:rally_boundary"",""core:repair_tithe""]","{""core:guarded_harvest"":3,""core:meal_oath"":7,""core:rally_boundary"":8,""core:repair_tithe"":18}","{""core:boundary_hinge"":2,""core:joiner_square"":1,""core:levy_bread_wrap"":1,""core:meadow_buckle"":4,""core:muster_roll"":3,""core:return_path_knot"":1,""core:root_binding_cord"":1,""core:ruin_keystone"":1,""core:seed_pouch_lining"":3,""core:shock_absorber_pad"":3,""core:wind_seed_flag"":4}","[""core:sheltered_sowing"",""core:sowing_sworddance""]","[{""tick"":0,""evolutionId"":""core:sowing_sworddance"",""baseId"":""core:iron_blade""},{""tick"":1834,""evolutionId"":""core:sheltered_sowing"",""baseId"":""core:seed_bag""}]","{""core:carpenter_hammer"":{""building"":16},""core:hedge_drum"":{""building"":82,""people"":581},""core:muster_horn"":{""people"":834},""core:seed_bag"":{""land"":32}}","raw/building__C__70.results.json","9767ccf506a9318ff5c02c7bbf56f0fc55abca8f6ff49c113c8f3b1c91fcbc0e","raw/building__C__70.metrics.json","af3f1d1f4711b185ef0f2c3eb7d978838b09c5f5568017d906d511e76a304be3"
"building__C__71","building","C","71","3","21600","true","duration","","78","3","BAD370A4C9C7D8AC225965B7BEED236002126D27677A05ED4F372BFF37CBCA88","10302","23653","65786","58641","683","23960","15600","6840","44","21556","2417","1040","18","18","13","15","1","[""core:ember_wand"",""core:harvest_scythe"",""core:iron_blade"",""core:ward_orbit"",""core:carpenter_hammer"",""core:hedge_drum"",""core:muster_horn"",""core:seed_bag""]","[""core:guarded_harvest"",""core:meal_oath"",""core:rally_boundary"",""core:repair_tithe""]","{""core:guarded_harvest"":8,""core:meal_oath"":6,""core:rally_boundary"":11,""core:repair_tithe"":8}","{""core:joiner_square"":2,""core:levy_bread_wrap"":1,""core:meadow_buckle"":1,""core:muster_roll"":2,""core:return_path_knot"":1,""core:root_binding_cord"":5,""core:scaffold_step"":5,""core:seed_pouch_lining"":4,""core:shock_absorber_pad"":1,""core:wind_seed_flag"":2}","[""core:sheltered_sowing"",""core:sowing_sworddance""]","[{""tick"":0,""evolutionId"":""core:sowing_sworddance"",""baseId"":""core:iron_blade""},{""tick"":1658,""evolutionId"":""core:sheltered_sowing"",""baseId"":""core:seed_bag""}]","{""core:carpenter_hammer"":{""building"":6},""core:hedge_drum"":{""building"":57,""people"":692},""core:muster_horn"":{""people"":1004},""core:seed_bag"":{""land"":36}}","raw/building__C__71.results.json","c9fcd8721b9cd7fd105aa07aec6279bc3f04fb787863b169dd5eef8034b3ce1f","raw/building__C__71.metrics.json","72e83a860f08c4507bffcb7e78b4392f36c4daf010652e7231dad954d47e135f"
"building__C__72","building","C","72","3","21600","true","duration","","73","3","7D8ABB0D95F8A1EA78C0284BA102B61191EE60E059138A83001CCA78427852FD","10901","34999","97667","15586","185","24174","16710","0","47","21600","2418","1114","0","0","11","26","1","[""core:ember_wand"",""core:harvest_scythe"",""core:iron_blade"",""core:ward_orbit"",""core:muster_horn"",""core:seed_bag""]","[""core:guarded_harvest"",""core:meal_oath"",""core:rally_boundary"",""core:repair_tithe""]","{""core:guarded_harvest"":9,""core:meal_oath"":15,""core:rally_boundary"":8,""core:repair_tithe"":2}","{""core:levy_bread_wrap"":2,""core:meadow_buckle"":2,""core:muster_roll"":2,""core:return_path_knot"":4,""core:root_binding_cord"":5,""core:seed_pouch_lining"":4,""core:wind_seed_flag"":4}","[""core:sowing_sworddance""]","[{""tick"":0,""evolutionId"":""core:sowing_sworddance"",""baseId"":""core:iron_blade""}]","{""core:muster_horn"":{""people"":2037},""core:seed_bag"":{""land"":24}}","raw/building__C__72.results.json","733827b31ae508f751f911780cdd1ec823113e1abe73478f0a11f848fac4e68b","raw/building__C__72.metrics.json","329c1002798484dce9185779d928366e4e76ae9956c527cdbea4fb309057fc0c"
"building__C__73","building","C","73","3","21600","true","duration","","81","3","720B21E56D653F11283F208141B5468164C29C8309EC0B942872411E1A94EC58","9823","28545","60655","72235","708","26176","18270","5892","62","21558","2539","1218","4","4","11","17","1","[""core:ember_wand"",""core:harvest_scythe"",""core:iron_blade"",""core:ward_orbit"",""core:carpenter_hammer"",""core:hedge_drum"",""core:muster_horn"",""core:seed_bag""]","[""core:guarded_harvest"",""core:meal_oath"",""core:rally_boundary"",""core:repair_tithe""]","{""core:guarded_harvest"":8,""core:meal_oath"":8,""core:rally_boundary"":9,""core:repair_tithe"":6}","{""core:boundary_hinge"":3,""core:joiner_square"":1,""core:levy_bread_wrap"":1,""core:meadow_buckle"":2,""core:muster_roll"":2,""core:return_path_knot"":2,""core:root_binding_cord"":3,""core:ruin_keystone"":1,""core:seed_pouch_lining"":3,""core:shock_absorber_pad"":2,""core:wind_seed_flag"":4}","[""core:sheltered_sowing"",""core:sowing_sworddance""]","[{""tick"":0,""evolutionId"":""core:sowing_sworddance"",""baseId"":""core:iron_blade""},{""tick"":457,""evolutionId"":""core:sheltered_sowing"",""baseId"":""core:seed_bag""}]","{""core:carpenter_hammer"":{""building"":19},""core:hedge_drum"":{""building"":39,""people"":275},""core:muster_horn"":{""people"":1331},""core:seed_bag"":{""land"":40}}","raw/building__C__73.results.json","08deef7587248cb1fcb8e9bf387fe033991cd879eabb488e72af12521658eef7","raw/building__C__73.metrics.json","b9cad02cc2253a7b93d6527cdf273a61311415274c9edc9b09450a48396c8bd1"
"people__A__42","people","A","42","3","21600","true","duration","","72","3","3B9DC2189C03AD6AA59646585716424EAA119CE9D4FF353CC6D881CB9177C1BC","9462","10420","72139","57438","8","22800","7845","9576","11","21600","2289","523","16","16","0","44","1","[""core:ember_wand"",""core:harvest_scythe"",""core:iron_blade"",""core:ward_orbit"",""core:carpenter_hammer"",""core:hedge_drum"",""core:muster_horn"",""core:seed_bag""]","[""core:guarded_harvest"",""core:meal_oath"",""core:rally_boundary"",""core:repair_tithe""]","{""core:guarded_harvest"":8,""core:meal_oath"":7,""core:rally_boundary"":10,""core:repair_tithe"":3}","{""core:boundary_hinge"":2,""core:joiner_square"":2,""core:meadow_buckle"":2,""core:muster_roll"":2,""core:return_path_knot"":3,""core:root_binding_cord"":1,""core:ruin_keystone"":4,""core:scaffold_step"":1,""core:seed_pouch_lining"":2,""core:shock_absorber_pad"":3,""core:wind_seed_flag"":2}","[""core:sheltered_sowing"",""core:sowing_sworddance""]","[{""tick"":0,""evolutionId"":""core:sowing_sworddance"",""baseId"":""core:iron_blade""},{""tick"":2699,""evolutionId"":""core:sheltered_sowing"",""baseId"":""core:seed_bag""}]","{""core:carpenter_hammer"":{""building"":4},""core:hedge_drum"":{""building"":128,""people"":59},""core:muster_horn"":{""people"":44},""core:seed_bag"":{""land"":32}}","raw/people__A__42.results.json","76a4c83b1dbb76fbd67a635b076490867a8507af9f70e1c8c518568eb09782ce","raw/people__A__42.metrics.json","46f3475fbf446c3bfece672b00cc443f863970ae88fc908b82d41a2a5ffc9fa4"
"people__A__43","people","A","43","3","21600","true","duration","","69","3","FBE3B79FC14484812C442ACA0F61A62952FC4F6EAD3955FEB672BA37540C923A","9479","18701","71419","50476","221","22966","6930","6540","13","21600","2282","462","18","18","0","35","1","[""core:ember_wand"",""core:harvest_scythe"",""core:iron_blade"",""core:ward_orbit"",""core:carpenter_hammer"",""core:hedge_drum"",""core:muster_horn"",""core:seed_bag""]","[""core:guarded_harvest"",""core:meal_oath"",""core:rally_boundary"",""core:repair_tithe""]","{""core:guarded_harvest"":11,""core:meal_oath"":9,""core:rally_boundary"":10,""core:repair_tithe"":7}","{""core:boundary_hinge"":4,""core:joiner_square"":2,""core:meadow_buckle"":1,""core:return_path_knot"":2,""core:root_binding_cord"":1,""core:ruin_keystone"":2,""core:scaffold_step"":1,""core:seed_pouch_lining"":4,""core:shock_absorber_pad"":2,""core:wind_seed_flag"":5}","[""core:sheltered_sowing"",""core:sowing_sworddance""]","[{""tick"":0,""evolutionId"":""core:sowing_sworddance"",""baseId"":""core:iron_blade""},{""tick"":781,""evolutionId"":""core:sheltered_sowing"",""baseId"":""core:seed_bag""}]","{""core:carpenter_hammer"":{""building"":25},""core:hedge_drum"":{""building"":52},""core:muster_horn"":{""people"":35},""core:seed_bag"":{""land"":28}}","raw/people__A__43.results.json","5f24b76d33aa3f3b53ce2270f98fc4e3600b3a6c1c520cb5fba844e69aa15390","raw/people__A__43.metrics.json","7c42a88004c2f8733cb7bd3e17c9a1757f643a34f2afc4cadcc198a0754ecd71"
"people__A__44","people","A","44","3","21600","true","duration","","60","3","DCD820D229DF7A335379A6E797602863F51EC574C36574E1609B25B0332C77EF","10939","25999","109595","56","68","22094","6120","0","12","21571","2259","408","0","0","0","41","1","[""core:ember_wand"",""core:harvest_scythe"",""core:iron_blade"",""core:ward_orbit"",""core:muster_horn"",""core:seed_bag""]","[""core:guarded_harvest"",""core:meal_oath"",""core:rally_boundary"",""core:repair_tithe""]","{""core:guarded_harvest"":5,""core:meal_oath"":7,""core:rally_boundary"":11,""core:repair_tithe"":1}","{""core:levy_bread_wrap"":7,""core:meadow_buckle"":4,""core:muster_roll"":3,""core:return_path_knot"":4,""core:root_binding_cord"":2,""core:seed_pouch_lining"":4}","[""core:sowing_sworddance""]","[{""tick"":0,""evolutionId"":""core:sowing_sworddance"",""baseId"":""core:iron_blade""}]","{""core:muster_horn"":{""people"":41},""core:seed_bag"":{""land"":38}}","raw/people__A__44.results.json","ad962a72ed1aac6b3aa2fb7dc7497957c5af17de5cf91b8daad23527c3d1fc36","raw/people__A__44.metrics.json","ba9417065b96f6cc8f90531f02f874aab6910dc33d80ab947d699d817dfd6859"
"people__A__45","people","A","45","3","21600","true","duration","","72","3","BFB3A2DC2EE0B55CAF717D7FFEFBCE06C03510022B7A7B2C464DB297A75DB7B9","9229","16037","57100","66377","175","22724","5865","11460","4","21600","2278","391","1","1","0","37","1","[""core:ember_wand"",""core:harvest_scythe"",""core:iron_blade"",""core:ward_orbit"",""core:carpenter_hammer"",""core:hedge_drum"",""core:muster_horn"",""core:seed_bag""]","[""core:guarded_harvest"",""core:meal_oath"",""core:rally_boundary"",""core:repair_tithe""]","{""core:guarded_harvest"":5,""core:meal_oath"":8,""core:rally_boundary"":12,""core:repair_tithe"":10}","{""core:joiner_square"":2,""core:levy_bread_wrap"":1,""core:meadow_buckle"":3,""core:muster_roll"":3,""core:return_path_knot"":4,""core:root_binding_cord"":2,""core:scaffold_step"":2,""core:seed_pouch_lining"":2,""core:shock_absorber_pad"":1,""core:wind_seed_flag"":3}","[""core:sheltered_sowing"",""core:sowing_sworddance""]","[{""tick"":0,""evolutionId"":""core:sowing_sworddance"",""baseId"":""core:iron_blade""},{""tick"":5209,""evolutionId"":""core:sheltered_sowing"",""baseId"":""core:seed_bag""}]","{""core:carpenter_hammer"":{""building"":1},""core:hedge_drum"":{""building"":126},""core:muster_horn"":{""people"":37},""core:seed_bag"":{""land"":23}}","raw/people__A__45.results.json","295502dcb2585c27b6fe1693b77676339b728878e63f09019f1b87002a7a380c","raw/people__A__45.metrics.json","ced9f638eae4a6318c5f29e7b9109b084507fefb2c96be9ce157faac47c9dc5c"
"people__A__46","people","A","46","3","21600","true","duration","","72","3","84C23B8CB10A56747C42A87C3E6709E111034C5202E5D529A43DCADDAE646993","9458","26499","68374","48332","16","23388","10095","6612","29","21573","2323","673","23","23","0","43","1","[""core:ember_wand"",""core:harvest_scythe"",""core:iron_blade"",""core:ward_orbit"",""core:carpenter_hammer"",""core:hedge_drum"",""core:muster_horn"",""core:seed_bag""]","[""core:guarded_harvest"",""core:meal_oath"",""core:rally_boundary"",""core:repair_tithe""]","{""core:guarded_harvest"":9,""core:meal_oath"":16,""core:rally_boundary"":16,""core:repair_tithe"":5}","{""core:boundary_hinge"":2,""core:levy_bread_wrap"":3,""core:meadow_buckle"":5,""core:muster_roll"":2,""core:return_path_knot"":2,""core:root_binding_cord"":1,""core:scaffold_step"":2,""core:seed_pouch_lining"":2,""core:shock_absorber_pad"":3,""core:wind_seed_flag"":2}","[""core:sheltered_sowing"",""core:sowing_sworddance""]","[{""tick"":0,""evolutionId"":""core:sowing_sworddance"",""baseId"":""core:iron_blade""},{""tick"":8967,""evolutionId"":""core:sheltered_sowing"",""baseId"":""core:seed_bag""}]","{""core:hedge_drum"":{""building"":78},""core:muster_horn"":{""people"":43},""core:seed_bag"":{""land"":50}}","raw/people__A__46.results.json","ca198b3a3dd84042257084cad611c4e63657d1a3e74c4414f0dda9592818f0c5","raw/people__A__46.metrics.json","ce156ff5f9c9930efbc30bde316130a18e32f10b6f2a6cc6c6042bc7a76378d9"
"people__A__47","people","A","47","3","21600","true","duration","","69","3","BF6098F8CF4FA2F3E12A383EBD49072D41A5E57E95B32D3ECA6CC4618EC66AD6","10325","33860","47119","61643","419","23118","5325","8064","7","21583","2271","355","10","9","0","22","1","[""core:ember_wand"",""core:harvest_scythe"",""core:iron_blade"",""core:ward_orbit"",""core:carpenter_hammer"",""core:hedge_drum"",""core:muster_horn"",""core:seed_bag""]","[""core:guarded_harvest"",""core:meal_oath"",""core:rally_boundary"",""core:repair_tithe""]","{""core:guarded_harvest"":5,""core:meal_oath"":17,""core:rally_boundary"":5,""core:repair_tithe"":1}","{""core:boundary_hinge"":4,""core:levy_bread_wrap"":2,""core:meadow_buckle"":3,""core:return_path_knot"":1,""core:root_binding_cord"":3,""core:ruin_keystone"":1,""core:scaffold_step"":4,""core:seed_pouch_lining"":3,""core:shock_absorber_pad"":3}","[""core:sheltered_sowing"",""core:sowing_sworddance""]","[{""tick"":0,""evolutionId"":""core:sowing_sworddance"",""baseId"":""core:iron_blade""},{""tick"":457,""evolutionId"":""core:sheltered_sowing"",""baseId"":""core:seed_bag""}]","{""core:carpenter_hammer"":{""building"":90},""core:hedge_drum"":{""building"":166,""people"":106},""core:muster_horn"":{""people"":22},""core:seed_bag"":{""land"":26}}","raw/people__A__47.results.json","72fc7b0c03921883f0cc2ae2ea720ea4b7f175dc9986ff3f170b390270e1c03b","raw/people__A__47.metrics.json","c2dfd070c7cc2e54550744fa2e5169cbd8192ac29a2bfb3bf1471828a171c256"
"people__A__48","people","A","48","3","21600","true","duration","","74","3","1EF1D01FE71B3F4ACA55F33C7D1ABAFE0FFCBE596261AD9415D0815A6D4FA052","9502","23141","65071","57674","8","23592","8205","9900","11","21600","2338","547","14","12","0","47","1","[""core:ember_wand"",""core:harvest_scythe"",""core:iron_blade"",""core:ward_orbit"",""core:carpenter_hammer"",""core:hedge_drum"",""core:muster_horn"",""core:seed_bag""]","[""core:guarded_harvest"",""core:meal_oath"",""core:rally_boundary"",""core:repair_tithe""]","{""core:guarded_harvest"":10,""core:meal_oath"":10,""core:rally_boundary"":6,""core:repair_tithe"":8}","{""core:boundary_hinge"":2,""core:levy_bread_wrap"":4,""core:meadow_buckle"":3,""core:muster_roll"":2,""core:return_path_knot"":2,""core:root_binding_cord"":5,""core:ruin_keystone"":2,""core:seed_pouch_lining"":1,""core:shock_absorber_pad"":1,""core:wind_seed_flag"":2}","[""core:sheltered_sowing"",""core:sowing_sworddance""]","[{""tick"":0,""evolutionId"":""core:sowing_sworddance"",""baseId"":""core:iron_blade""},{""tick"":15993,""evolutionId"":""core:sheltered_sowing"",""baseId"":""core:seed_bag""}]","{""core:hedge_drum"":{""building"":90},""core:muster_horn"":{""people"":47},""core:seed_bag"":{""land"":36}}","raw/people__A__48.results.json","6107d1484ef4f6e05334f682c76a69f38a06b6b5ece5f378fb171a0f415f22ae","raw/people__A__48.metrics.json","4f10441b4f8a9f345114c6a006bb9a65f6e8492b905ccdb052ddf02056919c1f"
"people__A__49","people","A","49","3","21600","true","duration","","71","3","F44E96AA0B1D513AAB3762852734AD085AEEA975F186F3637D47B63BA7210145","9209","12498","69875","58914","0","22938","6345","9264","12","21600","2273","423","11","7","0","40","1","[""core:ember_wand"",""core:harvest_scythe"",""core:iron_blade"",""core:ward_orbit"",""core:carpenter_hammer"",""core:hedge_drum"",""core:muster_horn"",""core:seed_bag""]","[""core:guarded_harvest"",""core:meal_oath"",""core:rally_boundary"",""core:repair_tithe""]","{""core:guarded_harvest"":11,""core:meal_oath"":9,""core:rally_boundary"":10,""core:repair_tithe"":7}","{""core:boundary_hinge"":1,""core:joiner_square"":2,""core:levy_bread_wrap"":4,""core:muster_roll"":6,""core:return_path_knot"":3,""core:root_binding_cord"":3,""core:ruin_keystone"":1,""core:seed_pouch_lining"":1,""core:shock_absorber_pad"":1,""core:wind_seed_flag"":2}","[""core:sheltered_sowing"",""core:sowing_sworddance""]","[{""tick"":0,""evolutionId"":""core:sowing_sworddance"",""baseId"":""core:iron_blade""},{""tick"":9714,""evolutionId"":""core:sheltered_sowing"",""baseId"":""core:seed_bag""}]","{""core:carpenter_hammer"":{""building"":6},""core:hedge_drum"":{""building"":113},""core:muster_horn"":{""people"":40},""core:seed_bag"":{""land"":29}}","raw/people__A__49.results.json","ebeb38b4a5ac28d38fd31e6489a528ec3af93c4b101ca79608d00240b59c872f","raw/people__A__49.metrics.json","9cd3bbf3ff2a5e918a7af04e5ce363dfab884e9f66c2f2b4d9ffbbd2bf91d3dd"
"people__A__50","people","A","50","3","21600","true","duration","","61","3","98811B642D7D64DB112D2829DD5FF2A505C162C5D46DC2A17E0AC61F93A7B3F4","10921","21636","117794","234","895","22942","5520","0","21","21064","2273","368","0","0","0","35","1","[""core:ember_wand"",""core:harvest_scythe"",""core:iron_blade"",""core:ward_orbit"",""core:muster_horn"",""core:seed_bag""]","[""core:guarded_harvest"",""core:meal_oath"",""core:rally_boundary"",""core:repair_tithe""]","{""core:guarded_harvest"":12,""core:meal_oath"":7,""core:rally_boundary"":9,""core:repair_tithe"":4}","{""core:levy_bread_wrap"":1,""core:meadow_buckle"":3,""core:muster_roll"":3,""core:return_path_knot"":3,""core:root_binding_cord"":3,""core:seed_pouch_lining"":7,""core:wind_seed_flag"":4}","[""core:sowing_sworddance""]","[{""tick"":0,""evolutionId"":""core:sowing_sworddance"",""baseId"":""core:iron_blade""}]","{""core:muster_horn"":{""people"":35},""core:seed_bag"":{""land"":30}}","raw/people__A__50.results.json","0b5744e76df3e635da6b8ada607857a4bff1aae8e4f5d152fc59e79548721f36","raw/people__A__50.metrics.json","8eda42a6eb753b89ba33d856a53cab2535b51538cd7955c0ec718f020bf84f6c"
"people__A__51","people","A","51","3","21600","true","duration","","69","3","A29A3077455362F9A2F4D1D1319C1F927128F467542F2A7502CAE6163E1B94F0","10122","25755","94662","22392","0","23152","9735","3372","30","20631","2346","649","3","3","0","48","1","[""core:ember_wand"",""core:harvest_scythe"",""core:iron_blade"",""core:ward_orbit"",""core:carpenter_hammer"",""core:muster_horn"",""core:seed_bag""]","[""core:guarded_harvest"",""core:meal_oath"",""core:rally_boundary""]","{""core:guarded_harvest"":3,""core:meal_oath"":7,""core:rally_boundary"":8}","{""core:boundary_hinge"":1,""core:joiner_square"":1,""core:levy_bread_wrap"":3,""core:meadow_buckle"":3,""core:return_path_knot"":6,""core:root_binding_cord"":2,""core:ruin_keystone"":1,""core:scaffold_step"":1,""core:seed_pouch_lining"":2,""core:wind_seed_flag"":4}","[""core:sheltered_sowing"",""core:sowing_sworddance""]","[{""tick"":0,""evolutionId"":""core:sowing_sworddance"",""baseId"":""core:iron_blade""},{""tick"":9447,""evolutionId"":""core:sheltered_sowing"",""baseId"":""core:seed_bag""}]","{""core:carpenter_hammer"":{""building"":89},""core:muster_horn"":{""people"":48},""core:seed_bag"":{""land"":55}}","raw/people__A__51.results.json","a9a82124c4e59550561ff5fe104153ae94a082893fc862c7db7a7b9c98986e21","raw/people__A__51.metrics.json","7870d528d3657ede7d2d917ebd1c6da156a7498fe0299adab77a187342df1250"
"people__A__52","people","A","52","3","21600","true","duration","","69","3","00899A573BD96592B4B07DEF76D22B6C1734159FD9536D6E3E0B57DA7898BD9D","10493","33547","85427","24693","0","23244","9750","3576","15","21392","2338","650","12","6","0","47","1","[""core:ember_wand"",""core:harvest_scythe"",""core:iron_blade"",""core:ward_orbit"",""core:carpenter_hammer"",""core:hedge_drum"",""core:muster_horn"",""core:seed_bag""]","[""core:guarded_harvest"",""core:meal_oath"",""core:rally_boundary""]","{""core:guarded_harvest"":8,""core:meal_oath"":13,""core:rally_boundary"":12}","{""core:boundary_hinge"":3,""core:joiner_square"":1,""core:levy_bread_wrap"":3,""core:meadow_buckle"":1,""core:muster_roll"":1,""core:return_path_knot"":2,""core:root_binding_cord"":3,""core:ruin_keystone"":1,""core:scaffold_step"":2,""core:seed_pouch_lining"":3,""core:wind_seed_flag"":4}","[""core:sheltered_sowing"",""core:sowing_sworddance""]","[{""tick"":0,""evolutionId"":""core:sowing_sworddance"",""baseId"":""core:iron_blade""},{""tick"":19897,""evolutionId"":""core:sheltered_sowing"",""baseId"":""core:seed_bag""}]","{""core:hedge_drum"":{""building"":139},""core:muster_horn"":{""people"":47},""core:seed_bag"":{""land"":48}}","raw/people__A__52.results.json","06f9b83d839a568e8534316e1b85dfd5085f7571854adc6463e37dad3c1d045f","raw/people__A__52.metrics.json","1bc07eb8a5cf2fbcb1b9eb3a1c0e261096bb8cd7c8f2ba826cffcad17157213d"
"people__A__53","people","A","53","3","21600","true","duration","","60","3","2005A64B7B9E2728E1915982C180EA8D17D5692245C62B316E99AD042C561C5B","9904","14776","121261","16","30","22192","6120","0","9","21279","2249","408","0","0","0","40","1","[""core:ember_wand"",""core:harvest_scythe"",""core:iron_blade"",""core:ward_orbit"",""core:muster_horn"",""core:seed_bag""]","[""core:guarded_harvest"",""core:meal_oath"",""core:rally_boundary""]","{""core:guarded_harvest"":7,""core:meal_oath"":15,""core:rally_boundary"":6}","{""core:levy_bread_wrap"":2,""core:meadow_buckle"":3,""core:muster_roll"":6,""core:return_path_knot"":3,""core:root_binding_cord"":3,""core:seed_pouch_lining"":3,""core:wind_seed_flag"":4}","[""core:sowing_sworddance""]","[{""tick"":0,""evolutionId"":""core:sowing_sworddance"",""baseId"":""core:iron_blade""}]","{""core:muster_horn"":{""people"":40},""core:seed_bag"":{""land"":29}}","raw/people__A__53.results.json","70c33d32d1a9401542a4cc1270055960109c528c83de589686378c206590d2d0","raw/people__A__53.metrics.json","4e60021f7d769219672653ec30cc0ef07c3523d923253b63358a5085c2e4d048"
"people__A__54","people","A","54","3","21600","true","duration","","71","3","ECC3723AE73CD8526521A3E24F4E3975B310107D80C3D2B9F48578DCAF3681E9","10077","25032","87293","33491","82","23698","10320","5136","14","21600","2344","688","8","8","0","48","1","[""core:ember_wand"",""core:harvest_scythe"",""core:iron_blade"",""core:ward_orbit"",""core:carpenter_hammer"",""core:hedge_drum"",""core:muster_horn"",""core:seed_bag""]","[""core:guarded_harvest"",""core:meal_oath"",""core:rally_boundary"",""core:repair_tithe""]","{""core:guarded_harvest"":8,""core:meal_oath"":15,""core:rally_boundary"":9,""core:repair_tithe"":2}","{""core:boundary_hinge"":3,""core:joiner_square"":1,""core:levy_bread_wrap"":2,""core:meadow_buckle"":4,""core:muster_roll"":3,""core:return_path_knot"":2,""core:root_binding_cord"":2,""core:ruin_keystone"":1,""core:scaffold_step"":2,""core:shock_absorber_pad"":1,""core:wind_seed_flag"":3}","[""core:sheltered_sowing"",""core:sowing_sworddance""]","[{""tick"":0,""evolutionId"":""core:sowing_sworddance"",""baseId"":""core:iron_blade""},{""tick"":3600,""evolutionId"":""core:sheltered_sowing"",""baseId"":""core:seed_bag""}]","{""core:carpenter_hammer"":{""building"":5},""core:hedge_drum"":{""building"":109},""core:muster_horn"":{""people"":48},""core:seed_bag"":{""land"":46}}","raw/people__A__54.results.json","727d6eacd1087e02b8514d82be646925138b6fd8869797d1032f12b1bf1797ee","raw/people__A__54.metrics.json","43d2894be7e49a74346b4b72c5f14c66ba42d68bd4035b256e498ab9086b1a90"
"people__A__55","people","A","55","3","21600","true","duration","","66","3","50BE92E3998EF6C1798DF121914D289F22847957110E4F2409282FA37F2D9F69","9988","31721","90820","18018","102","22844","8940","2316","16","21566","2297","596","4","3","0","40","1","[""core:ember_wand"",""core:harvest_scythe"",""core:iron_blade"",""core:ward_orbit"",""core:carpenter_hammer"",""core:hedge_drum"",""core:muster_horn"",""core:seed_bag""]","[""core:guarded_harvest"",""core:meal_oath"",""core:rally_boundary"",""core:repair_tithe""]","{""core:guarded_harvest"":11,""core:meal_oath"":8,""core:rally_boundary"":10,""core:repair_tithe"":2}","{""core:joiner_square"":2,""core:levy_bread_wrap"":2,""core:meadow_buckle"":3,""core:muster_roll"":3,""core:return_path_knot"":5,""core:root_binding_cord"":2,""core:seed_pouch_lining"":4,""core:shock_absorber_pad"":1,""core:wind_seed_flag"":2}","[""core:sheltered_sowing"",""core:sowing_sworddance""]","[{""tick"":0,""evolutionId"":""core:sowing_sworddance"",""baseId"":""core:iron_blade""},{""tick"":19591,""evolutionId"":""core:sheltered_sowing"",""baseId"":""core:seed_bag""}]","{""core:hedge_drum"":{""building"":96},""core:muster_horn"":{""people"":40},""core:seed_bag"":{""land"":54}}","raw/people__A__55.results.json","f5a88bc1fe1c48667f3e1ff000da18bf1c9b85027e23d28324614e9f321392fa","raw/people__A__55.metrics.json","f54ace6b8413c74d9a90766215374e0bb40ed07a51bb15bf8853b6d20226fef6"
"people__A__56","people","A","56","3","21600","true","duration","","64","3","7B2DEFA15D3568BA8B83D26E7E803FDA047C9A9A2B0898ED8E844F17BE8DAF6C","12547","28859","105588","3637","618","22624","8325","516","18","21542","2297","555","0","0","0","33","1","[""core:ember_wand"",""core:harvest_scythe"",""core:iron_blade"",""core:ward_orbit"",""core:hedge_drum"",""core:muster_horn"",""core:seed_bag""]","[""core:guarded_harvest"",""core:meal_oath"",""core:rally_boundary""]","{""core:guarded_harvest"":13,""core:meal_oath"":13,""core:rally_boundary"":16}","{""core:levy_bread_wrap"":4,""core:meadow_buckle"":4,""core:muster_roll"":2,""core:return_path_knot"":2,""core:root_binding_cord"":5,""core:seed_pouch_lining"":4,""core:wind_seed_flag"":3}","[""core:sowing_sworddance""]","[{""tick"":0,""evolutionId"":""core:sowing_sworddance"",""baseId"":""core:iron_blade""}]","{""core:hedge_drum"":{""building"":56},""core:muster_horn"":{""people"":33},""core:seed_bag"":{""land"":32}}","raw/people__A__56.results.json","026a41b14660520acc1a77c90e9a4cad1c32278e600e80779f592b365e68d86d","raw/people__A__56.metrics.json","94eedb8068a0c428c3277b05bb9c35025f203604a7dece4645a9168272cdbc32"
"people__A__57","people","A","57","3","21600","true","duration","","64","3","385BA3599B7ACCD45EE48934AD4B342C3751FB21BD1552E6D3287A98B6FE92D4","9781","27762","110652","176","182","22340","9060","0","15","21600","2276","604","0","0","0","45","1","[""core:ember_wand"",""core:harvest_scythe"",""core:iron_blade"",""core:ward_orbit"",""core:muster_horn"",""core:seed_bag""]","[""core:guarded_harvest"",""core:meal_oath"",""core:rally_boundary""]","{""core:guarded_harvest"":6,""core:meal_oath"":6,""core:rally_boundary"":12}","{""core:meadow_buckle"":5,""core:muster_roll"":2,""core:return_path_knot"":2,""core:root_binding_cord"":4,""core:seed_pouch_lining"":5,""core:wind_seed_flag"":6}","[""core:sowing_sworddance""]","[{""tick"":0,""evolutionId"":""core:sowing_sworddance"",""baseId"":""core:iron_blade""}]","{""core:muster_horn"":{""people"":45},""core:seed_bag"":{""land"":37}}","raw/people__A__57.results.json","acaf876638e3dfbc37deb649d22b83755c4b0d751ab33865c14e89c2ffa46840","raw/people__A__57.metrics.json","113357de97f4d01a1916d75f2874bfbd7ad7928e20b26f7d65c888bf7cff51e9"
"people__A__58","people","A","58","3","21600","true","duration","","69","3","E9A7811DE313F597812FB99218B8008AA3B50E31E17EAE53AB88CB9160DB9FF7","9493","21875","63056","55153","56","22712","6570","7944","13","21269","2260","438","8","5","0","30","1","[""core:ember_wand"",""core:harvest_scythe"",""core:iron_blade"",""core:ward_orbit"",""core:carpenter_hammer"",""core:hedge_drum"",""core:muster_horn"",""core:seed_bag""]","[""core:guarded_harvest"",""core:meal_oath"",""core:rally_boundary"",""core:repair_tithe""]","{""core:guarded_harvest"":6,""core:meal_oath"":16,""core:rally_boundary"":5,""core:repair_tithe"":7}","{""core:boundary_hinge"":2,""core:joiner_square"":3,""core:levy_bread_wrap"":2,""core:meadow_buckle"":3,""core:muster_roll"":2,""core:return_path_knot"":1,""core:root_binding_cord"":2,""core:seed_pouch_lining"":4,""core:shock_absorber_pad"":2,""core:wind_seed_flag"":3}","[""core:sheltered_sowing"",""core:sowing_sworddance""]","[{""tick"":0,""evolutionId"":""core:sowing_sworddance"",""baseId"":""core:iron_blade""},{""tick"":8400,""evolutionId"":""core:sheltered_sowing"",""baseId"":""core:seed_bag""}]","{""core:hedge_drum"":{""building"":103},""core:muster_horn"":{""people"":30},""core:seed_bag"":{""land"":37}}","raw/people__A__58.results.json","0a9e973df3adb7d6e8bd1faa0bdfecc7bd2fa265d0fbf26c33e9b011d8b7ff00","raw/people__A__58.metrics.json","833cd04139bc3cf40e4801282059864c303de7816c43605865792d0f73138e7d"
"people__A__59","people","A","59","3","21600","true","duration","","63","3","FAB6CA3A72324F91429D75553377D9B51238B344E3BBA9AB704326E78B2715D8","10935","15530","123908","45","103","22670","8160","0","21","21503","2265","544","0","0","0","45","1","[""core:ember_wand"",""core:harvest_scythe"",""core:iron_blade"",""core:ward_orbit"",""core:muster_horn"",""core:seed_bag""]","[""core:guarded_harvest"",""core:meal_oath"",""core:rally_boundary"",""core:repair_tithe""]","{""core:guarded_harvest"":6,""core:meal_oath"":9,""core:rally_boundary"":11,""core:repair_tithe"":2}","{""core:levy_bread_wrap"":3,""core:meadow_buckle"":6,""core:return_path_knot"":2,""core:root_binding_cord"":4,""core:seed_pouch_lining"":2,""core:wind_seed_flag"":7}","[""core:sowing_sworddance""]","[{""tick"":0,""evolutionId"":""core:sowing_sworddance"",""baseId"":""core:iron_blade""}]","{""core:muster_horn"":{""people"":45},""core:seed_bag"":{""land"":29}}","raw/people__A__59.results.json","c782364cb0ddd748f19495c854e6cab89ec02e3a6ebd9f4cc62826ec7af49e27","raw/people__A__59.metrics.json","ba366f6382f5cbccf6e0b51bb8dbf6acecc7d00ad7e64e6a7218393d9b351603"
"people__A__60","people","A","60","3","21600","true","duration","","76","3","BCD123FB33FAAE2339D621C6C5C695710065370999FBCF26A5F6668B4F619115","9239","19980","49996","73767","71","23482","7860","13344","8","21568","2342","524","4","3","0","42","1","[""core:ember_wand"",""core:harvest_scythe"",""core:iron_blade"",""core:ward_orbit"",""core:carpenter_hammer"",""core:hedge_drum"",""core:muster_horn"",""core:seed_bag""]","[""core:guarded_harvest"",""core:meal_oath"",""core:rally_boundary"",""core:repair_tithe""]","{""core:guarded_harvest"":8,""core:meal_oath"":12,""core:rally_boundary"":13,""core:repair_tithe"":3}","{""core:boundary_hinge"":1,""core:joiner_square"":2,""core:levy_bread_wrap"":2,""core:meadow_buckle"":2,""core:muster_roll"":3,""core:return_path_knot"":1,""core:root_binding_cord"":2,""core:ruin_keystone"":3,""core:scaffold_step"":2,""core:seed_pouch_lining"":2,""core:shock_absorber_pad"":1,""core:wind_seed_flag"":2}","[""core:sheltered_sowing"",""core:sowing_sworddance""]","[{""tick"":0,""evolutionId"":""core:sowing_sworddance"",""baseId"":""core:iron_blade""},{""tick"":457,""evolutionId"":""core:sheltered_sowing"",""baseId"":""core:seed_bag""}]","{""core:carpenter_hammer"":{""building"":42},""core:hedge_drum"":{""building"":102,""people"":5},""core:muster_horn"":{""people"":42},""core:seed_bag"":{""land"":41}}","raw/people__A__60.results.json","ffbc779d095dcb6454d7edc2d41c9cc5bdbaeabf0054ef271730a7e842447a43","raw/people__A__60.metrics.json","4cd6d6ed212567bd60e76f3171b8b99e81542192e766ec1f438586645e80a357"
"people__A__61","people","A","61","3","21600","true","duration","","68","3","C921EB790BFEAC22E091AAD57B05A420AE72F646D0BA40F5B043A0CA5D0EB237","9766","18616","79183","42289","8","22780","7620","5676","6","21600","2261","508","2","1","0","37","1","[""core:ember_wand"",""core:harvest_scythe"",""core:iron_blade"",""core:ward_orbit"",""core:carpenter_hammer"",""core:muster_horn"",""core:seed_bag""]","[""core:guarded_harvest"",""core:meal_oath"",""core:rally_boundary"",""core:repair_tithe""]","{""core:guarded_harvest"":5,""core:meal_oath"":10,""core:rally_boundary"":11,""core:repair_tithe"":6}","{""core:boundary_hinge"":1,""core:joiner_square"":2,""core:levy_bread_wrap"":6,""core:meadow_buckle"":2,""core:muster_roll"":1,""core:return_path_knot"":4,""core:root_binding_cord"":2,""core:scaffold_step"":1,""core:seed_pouch_lining"":2,""core:shock_absorber_pad"":1,""core:wind_seed_flag"":2}","[""core:sheltered_sowing"",""core:sowing_sworddance""]","[{""tick"":0,""evolutionId"":""core:sowing_sworddance"",""baseId"":""core:iron_blade""},{""tick"":10508,""evolutionId"":""core:sheltered_sowing"",""baseId"":""core:seed_bag""}]","{""core:carpenter_hammer"":{""building"":61},""core:muster_horn"":{""people"":37},""core:seed_bag"":{""land"":37}}","raw/people__A__61.results.json","fa2d5aec9c6f2772e7bdaa3ac16568dd3c4660029469900c02e556e97807a71f","raw/people__A__61.metrics.json","0f8b3ce4bc89b6f64ad9caadbb7e4fb1c169159c8169ef0fa2206dbb452204b5"
"people__A__62","people","A","62","3","21600","true","duration","","61","3","41BAFA45EFE9BD6F7071A279290EC8212CBA27212BD625E9CD9FD8D97099E796","10697","31752","108038","148","232","22698","6060","0","24","21571","2271","404","0","0","0","43","1","[""core:ember_wand"",""core:harvest_scythe"",""core:iron_blade"",""core:ward_orbit"",""core:muster_horn"",""core:seed_bag""]","[""core:guarded_harvest"",""core:meal_oath"",""core:rally_boundary""]","{""core:guarded_harvest"":7,""core:meal_oath"":9,""core:rally_boundary"":8}","{""core:levy_bread_wrap"":1,""core:meadow_buckle"":4,""core:muster_roll"":3,""core:return_path_knot"":6,""core:root_binding_cord"":2,""core:seed_pouch_lining"":4,""core:wind_seed_flag"":4}","[""core:sowing_sworddance""]","[{""tick"":0,""evolutionId"":""core:sowing_sworddance"",""baseId"":""core:iron_blade""}]","{""core:muster_horn"":{""people"":43},""core:seed_bag"":{""land"":34}}","raw/people__A__62.results.json","23f20e8cbfee54dcd3e1e33ca28f309a82b1d166fbfbbd49af99272ec4e3b909","raw/people__A__62.metrics.json","57465d3a59b8d6eeb71f6f7a3634bd164f029b8f250e7e84ae540f913c58b5e0"
"people__A__63","people","A","63","3","21600","true","duration","","68","3","9D27707C11DEEEC507FA85323C7D2A9A2A282BD3B9B6AF863CDE019850BB7227","9612","20106","78922","36552","101","22100","8160","5556","7","21589","2255","544","6","5","0","35","1","[""core:ember_wand"",""core:harvest_scythe"",""core:iron_blade"",""core:ward_orbit"",""core:carpenter_hammer"",""core:hedge_drum"",""core:muster_horn"",""core:seed_bag""]","[""core:guarded_harvest"",""core:meal_oath"",""core:rally_boundary"",""core:repair_tithe""]","{""core:guarded_harvest"":5,""core:meal_oath"":10,""core:rally_boundary"":12,""core:repair_tithe"":3}","{""core:boundary_hinge"":1,""core:joiner_square"":2,""core:levy_bread_wrap"":1,""core:meadow_buckle"":2,""core:muster_roll"":3,""core:return_path_knot"":4,""core:root_binding_cord"":1,""core:scaffold_step"":2,""core:seed_pouch_lining"":4,""core:shock_absorber_pad"":1,""core:wind_seed_flag"":2}","[""core:sheltered_sowing"",""core:sowing_sworddance""]","[{""tick"":0,""evolutionId"":""core:sowing_sworddance"",""baseId"":""core:iron_blade""},{""tick"":17372,""evolutionId"":""core:sheltered_sowing"",""baseId"":""core:seed_bag""}]","{""core:hedge_drum"":{""building"":66},""core:muster_horn"":{""people"":35},""core:seed_bag"":{""land"":33}}","raw/people__A__63.results.json","a461be26a2f155f9d99a204d042c7f155b267d2b3b1b1ded2887b99be730a0a0","raw/people__A__63.metrics.json","5e3de86a6d9563ecc42fd83f357760f5f7d688664f207c8020b1dbe9b54644a0"
"people__A__64","people","A","64","3","21600","true","duration","","63","3","F6F2F38FB927FFF00C1DB1E3BE591118FCB875C93A7F558602A5D4589C21730A","9806","24119","115187","59","16","22620","7965","0","18","21495","2251","531","0","0","0","40","1","[""core:ember_wand"",""core:harvest_scythe"",""core:iron_blade"",""core:ward_orbit"",""core:muster_horn"",""core:seed_bag""]","[""core:guarded_harvest"",""core:meal_oath"",""core:rally_boundary""]","{""core:guarded_harvest"":8,""core:meal_oath"":13,""core:rally_boundary"":7}","{""core:levy_bread_wrap"":3,""core:meadow_buckle"":3,""core:muster_roll"":2,""core:return_path_knot"":1,""core:root_binding_cord"":4,""core:seed_pouch_lining"":3,""core:wind_seed_flag"":6}","[""core:sowing_sworddance""]","[{""tick"":0,""evolutionId"":""core:sowing_sworddance"",""baseId"":""core:iron_blade""}]","{""core:muster_horn"":{""people"":40},""core:seed_bag"":{""land"":33}}","raw/people__A__64.results.json","d153eb77652a1a6e3e76afd80d80143d7b1ccae7e7d7ed13e168dc068c64b11e","raw/people__A__64.metrics.json","bb8dd4e3018a36d5d1b45eff4b64d5b3b1542b51bb0fbe66a2b37b4bc2c2073a"
"people__A__65","people","A","65","3","21600","true","duration","","74","3","8DC539265675F20CAB1059D1CB03436C4964075475FE433A6E57FCE307E1CF28","9436","24114","53673","66279","34","23314","8070","11160","7","21597","2319","538","11","11","0","42","1","[""core:ember_wand"",""core:harvest_scythe"",""core:iron_blade"",""core:ward_orbit"",""core:carpenter_hammer"",""core:hedge_drum"",""core:muster_horn"",""core:seed_bag""]","[""core:guarded_harvest"",""core:meal_oath"",""core:rally_boundary"",""core:repair_tithe""]","{""core:guarded_harvest"":5,""core:meal_oath"":9,""core:rally_boundary"":21,""core:repair_tithe"":1}","{""core:boundary_hinge"":2,""core:joiner_square"":1,""core:levy_bread_wrap"":2,""core:meadow_buckle"":3,""core:muster_roll"":2,""core:return_path_knot"":2,""core:root_binding_cord"":2,""core:ruin_keystone"":2,""core:scaffold_step"":2,""core:seed_pouch_lining"":2,""core:shock_absorber_pad"":4}","[""core:sheltered_sowing"",""core:sowing_sworddance""]","[{""tick"":0,""evolutionId"":""core:sowing_sworddance"",""baseId"":""core:iron_blade""},{""tick"":3818,""evolutionId"":""core:sheltered_sowing"",""baseId"":""core:seed_bag""}]","{""core:carpenter_hammer"":{""building"":28},""core:hedge_drum"":{""building"":165},""core:muster_horn"":{""people"":42},""core:seed_bag"":{""land"":33}}","raw/people__A__65.results.json","bc828e49a33b8f308c5bf272aee711304165c025f3138198f995296de402d11f","raw/people__A__65.metrics.json","5a43a94caeadc1e0b74cf20530e06da36936eb1f74e75803d023a90413762d7e"
"people__A__66","people","A","66","3","21600","true","duration","","70","3","F51A4A51CCF5801BA688010B0433BBF4C211CFD3B36709259D15796CAF4E42B5","9609","28827","57380","57240","130","23290","7065","7908","31","21595","2335","471","19","17","0","39","1","[""core:ember_wand"",""core:harvest_scythe"",""core:iron_blade"",""core:ward_orbit"",""core:carpenter_hammer"",""core:hedge_drum"",""core:muster_horn"",""core:seed_bag""]","[""core:guarded_harvest"",""core:meal_oath"",""core:rally_boundary"",""core:repair_tithe""]","{""core:guarded_harvest"":5,""core:meal_oath"":8,""core:rally_boundary"":11,""core:repair_tithe"":4}","{""core:boundary_hinge"":2,""core:joiner_square"":3,""core:levy_bread_wrap"":2,""core:meadow_buckle"":1,""core:muster_roll"":1,""core:return_path_knot"":3,""core:root_binding_cord"":4,""core:ruin_keystone"":3,""core:scaffold_step"":1,""core:seed_pouch_lining"":2,""core:shock_absorber_pad"":1,""core:wind_seed_flag"":1}","[""core:sheltered_sowing"",""core:sowing_sworddance""]","[{""tick"":0,""evolutionId"":""core:sowing_sworddance"",""baseId"":""core:iron_blade""},{""tick"":2311,""evolutionId"":""core:sheltered_sowing"",""baseId"":""core:seed_bag""}]","{""core:carpenter_hammer"":{""building"":72},""core:hedge_drum"":{""building"":87},""core:muster_horn"":{""people"":39},""core:seed_bag"":{""land"":55}}","raw/people__A__66.results.json","6de20981d2c70a4737051e1610632bbdf6351662b131b9a01832098f864eda0d","raw/people__A__66.metrics.json","20bc47eadca0db88bbe4b684482d82fb1b442feea02367c3064dd86a34733837"
"people__A__67","people","A","67","3","21600","true","duration","","66","3","4DD97E8BE526A5D6F80DA4816EF2BE2DD75588598483FC1B4E7EEC886E4CF4E4","10924","31823","113594","22","307","23662","10035","0","33","21600","2315","669","0","0","0","48","1","[""core:ember_wand"",""core:harvest_scythe"",""core:iron_blade"",""core:ward_orbit"",""core:muster_horn"",""core:seed_bag""]","[""core:guarded_harvest"",""core:meal_oath"",""core:rally_boundary"",""core:repair_tithe""]","{""core:guarded_harvest"":4,""core:meal_oath"":10,""core:rally_boundary"":21,""core:repair_tithe"":2}","{""core:levy_bread_wrap"":4,""core:meadow_buckle"":5,""core:muster_roll"":2,""core:return_path_knot"":4,""core:root_binding_cord"":1,""core:seed_pouch_lining"":2,""core:wind_seed_flag"":5}","[""core:sowing_sworddance""]","[{""tick"":0,""evolutionId"":""core:sowing_sworddance"",""baseId"":""core:iron_blade""}]","{""core:muster_horn"":{""people"":48},""core:seed_bag"":{""land"":36}}","raw/people__A__67.results.json","7f6a9dd29a0b0ac7ce1ed3e2a3e98ae847eebc0298c631b1be1b7d90313b9d95","raw/people__A__67.metrics.json","a08d064b9408efdec360618fbdea14b1db9b776d95c001fc4553a3981f533a4f"
"people__A__68","people","A","68","3","21600","true","duration","","73","3","64880D91BE85316B549841A17E64F19674E572BB3ADB221A7192BBAB2E43F19C","9590","11864","63470","68621","0","23354","7455","10692","10","21600","2318","497","10","9","0","35","1","[""core:ember_wand"",""core:harvest_scythe"",""core:iron_blade"",""core:ward_orbit"",""core:carpenter_hammer"",""core:hedge_drum"",""core:muster_horn"",""core:seed_bag""]","[""core:guarded_harvest"",""core:meal_oath"",""core:rally_boundary"",""core:repair_tithe""]","{""core:guarded_harvest"":6,""core:meal_oath"":8,""core:rally_boundary"":10,""core:repair_tithe"":12}","{""core:boundary_hinge"":4,""core:joiner_square"":1,""core:levy_bread_wrap"":3,""core:meadow_buckle"":1,""core:muster_roll"":2,""core:return_path_knot"":4,""core:root_binding_cord"":2,""core:ruin_keystone"":2,""core:scaffold_step"":1,""core:seed_pouch_lining"":2,""core:shock_absorber_pad"":1,""core:wind_seed_flag"":1}","[""core:sheltered_sowing"",""core:sowing_sworddance""]","[{""tick"":0,""evolutionId"":""core:sowing_sworddance"",""baseId"":""core:iron_blade""},{""tick"":1080,""evolutionId"":""core:sheltered_sowing"",""baseId"":""core:seed_bag""}]","{""core:carpenter_hammer"":{""building"":24},""core:hedge_drum"":{""building"":77,""people"":14},""core:muster_horn"":{""people"":35},""core:seed_bag"":{""land"":35}}","raw/people__A__68.results.json","1dec2b2ec3db4152819e4185d259449f54304c5cbb46ed85c8aca055d5285268","raw/people__A__68.metrics.json","a36d41d25efd1d0b2916688a675db95e988dfec3d0cd2d3378d6fa483cdb58ab"
"people__A__69","people","A","69","3","21600","true","duration","","69","3","91F941D5A88C5CC1152BB1C2112DFF16D92AC7708A62420A42B64784EFC28ADA","9597","20358","59009","58786","1822","22762","5805","7776","6","21581","2289","387","24","19","0","24","1","[""core:ember_wand"",""core:harvest_scythe"",""core:iron_blade"",""core:ward_orbit"",""core:carpenter_hammer"",""core:hedge_drum"",""core:muster_horn"",""core:seed_bag""]","[""core:guarded_harvest"",""core:meal_oath"",""core:rally_boundary"",""core:repair_tithe""]","{""core:guarded_harvest"":14,""core:meal_oath"":6,""core:rally_boundary"":13,""core:repair_tithe"":7}","{""core:boundary_hinge"":3,""core:joiner_square"":3,""core:levy_bread_wrap"":3,""core:meadow_buckle"":1,""core:muster_roll"":4,""core:return_path_knot"":1,""core:root_binding_cord"":3,""core:ruin_keystone"":3,""core:scaffold_step"":1,""core:seed_pouch_lining"":2}","[""core:sheltered_sowing"",""core:sowing_sworddance""]","[{""tick"":0,""evolutionId"":""core:sowing_sworddance"",""baseId"":""core:iron_blade""},{""tick"":2281,""evolutionId"":""core:sheltered_sowing"",""baseId"":""core:seed_bag""}]","{""core:carpenter_hammer"":{""building"":58},""core:hedge_drum"":{""building"":128,""people"":26},""core:muster_horn"":{""people"":24},""core:seed_bag"":{""land"":27}}","raw/people__A__69.results.json","5b9af0c8a954569377c644f5d3c1bf06fa956139b8bf57e167abc0d27d88889f","raw/people__A__69.metrics.json","558d199aea03287ec3749278ee02eca134ea24ab7d1cc68b190001e8031c2b97"
"people__A__70","people","A","70","3","21600","true","duration","","60","3","77D943F9A42944D1DB491AA8A01EEF4AEB630D16820DA9AF5D81934FA1A06C70","11843","12839","125013","119","38","22412","5355","0","12","21540","2249","357","0","0","0","40","1","[""core:ember_wand"",""core:harvest_scythe"",""core:iron_blade"",""core:ward_orbit"",""core:muster_horn"",""core:seed_bag""]","[""core:guarded_harvest"",""core:meal_oath"",""core:rally_boundary""]","{""core:guarded_harvest"":7,""core:meal_oath"":13,""core:rally_boundary"":10}","{""core:levy_bread_wrap"":1,""core:meadow_buckle"":6,""core:muster_roll"":1,""core:return_path_knot"":3,""core:root_binding_cord"":2,""core:seed_pouch_lining"":5,""core:wind_seed_flag"":6}","[""core:sowing_sworddance""]","[{""tick"":0,""evolutionId"":""core:sowing_sworddance"",""baseId"":""core:iron_blade""}]","{""core:muster_horn"":{""people"":40},""core:seed_bag"":{""land"":26}}","raw/people__A__70.results.json","7677d1c8f7bae3a34bc4c6aa5b0dab05ae9d8a5c21de1ac77546b4852adbe044","raw/people__A__70.metrics.json","20fc7aecda09d1c5a24f16124c6946c6b3dd988f278f33b49d235f822b29473f"
"people__A__71","people","A","71","3","21600","true","duration","","73","3","59A75C6A04A6AE81B176A175D03F39CF900071176EF02F8C22CFDDB2869F448F","9388","28941","54973","60754","56","23474","8955","8676","15","21600","2349","597","10","10","0","35","1","[""core:ember_wand"",""core:harvest_scythe"",""core:iron_blade"",""core:ward_orbit"",""core:carpenter_hammer"",""core:hedge_drum"",""core:muster_horn"",""core:seed_bag""]","[""core:guarded_harvest"",""core:meal_oath"",""core:rally_boundary"",""core:repair_tithe""]","{""core:guarded_harvest"":1,""core:meal_oath"":13,""core:rally_boundary"":7,""core:repair_tithe"":10}","{""core:boundary_hinge"":3,""core:joiner_square"":2,""core:levy_bread_wrap"":2,""core:meadow_buckle"":1,""core:muster_roll"":3,""core:return_path_knot"":3,""core:root_binding_cord"":4,""core:ruin_keystone"":1,""core:scaffold_step"":3,""core:seed_pouch_lining"":1,""core:shock_absorber_pad"":1}","[""core:sheltered_sowing"",""core:sowing_sworddance""]","[{""tick"":0,""evolutionId"":""core:sowing_sworddance"",""baseId"":""core:iron_blade""},{""tick"":6900,""evolutionId"":""core:sheltered_sowing"",""baseId"":""core:seed_bag""}]","{""core:hedge_drum"":{""building"":77,""people"":161},""core:muster_horn"":{""people"":35},""core:seed_bag"":{""land"":38}}","raw/people__A__71.results.json","9972e88b00b8b6f4bded9d6df381ffad73563cb94a20a179ccbdc75153561910","raw/people__A__71.metrics.json","1707d967f207f499abf412b374b606eb57f826c95290a29b9a68bff29c0ef300"
"people__A__72","people","A","72","3","21600","true","duration","","65","3","E0CB01D246EEA91770920B456DEBA86C222ABA954B27ABED647261577D7717E3","10073","31518","106778","74","143","22682","9855","0","30","21600","2293","657","0","0","0","55","1","[""core:ember_wand"",""core:harvest_scythe"",""core:iron_blade"",""core:ward_orbit"",""core:muster_horn"",""core:seed_bag""]","[""core:guarded_harvest"",""core:meal_oath"",""core:rally_boundary""]","{""core:guarded_harvest"":6,""core:meal_oath"":10,""core:rally_boundary"":12}","{""core:levy_bread_wrap"":3,""core:meadow_buckle"":2,""core:muster_roll"":2,""core:return_path_knot"":4,""core:root_binding_cord"":6,""core:seed_pouch_lining"":2,""core:wind_seed_flag"":5}","[""core:sowing_sworddance""]","[{""tick"":0,""evolutionId"":""core:sowing_sworddance"",""baseId"":""core:iron_blade""}]","{""core:muster_horn"":{""people"":55},""core:seed_bag"":{""land"":38}}","raw/people__A__72.results.json","cd50363e375e61b049cdc5914283aa0db65ce17f353d22e99cd68271e9066061","raw/people__A__72.metrics.json","4ca23f7561d65b9b0a81238927b4712adee4fc6c839dbf530703f4e469c69352"
"people__A__73","people","A","73","3","21600","true","duration","","66","3","9DE6B72C4F25F4E473396B270692C8E16A95C30D0994BC3F029FB36694D0FAFA","9865","16140","88271","30811","544","21916","6855","4500","30","20726","2289","457","13","5","0","46","1","[""core:ember_wand"",""core:harvest_scythe"",""core:iron_blade"",""core:ward_orbit"",""core:carpenter_hammer"",""core:hedge_drum"",""core:muster_horn"",""core:seed_bag""]","[""core:guarded_harvest"",""core:meal_oath"",""core:rally_boundary""]","{""core:guarded_harvest"":18,""core:meal_oath"":11,""core:rally_boundary"":8}","{""core:joiner_square"":1,""core:levy_bread_wrap"":1,""core:meadow_buckle"":5,""core:muster_roll"":4,""core:root_binding_cord"":3,""core:ruin_keystone"":2,""core:scaffold_step"":1,""core:seed_pouch_lining"":3,""core:shock_absorber_pad"":1,""core:wind_seed_flag"":2}","[""core:sheltered_sowing"",""core:sowing_sworddance""]","[{""tick"":0,""evolutionId"":""core:sowing_sworddance"",""baseId"":""core:iron_blade""},{""tick"":457,""evolutionId"":""core:sheltered_sowing"",""baseId"":""core:seed_bag""}]","{""core:carpenter_hammer"":{""building"":69},""core:hedge_drum"":{""building"":70},""core:muster_horn"":{""people"":46},""core:seed_bag"":{""land"":42}}","raw/people__A__73.results.json","dcd4f0c3c9b5e04fac930bdb89e19a0b344ad4a1ab08992617bab488ec934fa8","raw/people__A__73.metrics.json","771f271d1fb1f8dd83956b05d6e5b34f746679fc356213813f06f0cc4475a299"
"people__B__42","people","B","42","3","21600","true","duration","","68","3","B2C0E9D14F7F89A1BFAC7C19538FC7D9EB8A6B56FFF375AFF0C89C33BB5F70A3","9604","22001","91382","27728","8","22896","7575","4836","9","21600","2281","505","0","0","10","0","1","[""core:ember_wand"",""core:harvest_scythe"",""core:iron_blade"",""core:ward_orbit"",""core:carpenter_hammer"",""core:hedge_drum"",""core:muster_horn"",""core:seed_bag""]","[""core:guarded_harvest"",""core:meal_oath"",""core:rally_boundary"",""core:repair_tithe""]","{""core:guarded_harvest"":10,""core:meal_oath"":7,""core:rally_boundary"":10,""core:repair_tithe"":3}","{""core:boundary_hinge"":1,""core:joiner_square"":2,""core:levy_bread_wrap"":3,""core:meadow_buckle"":3,""core:muster_roll"":2,""core:root_binding_cord"":2,""core:scaffold_step"":1,""core:seed_pouch_lining"":3,""core:shock_absorber_pad"":1,""core:wind_seed_flag"":6}","[""core:sheltered_sowing"",""core:sowing_sworddance""]","[{""tick"":0,""evolutionId"":""core:sowing_sworddance"",""baseId"":""core:iron_blade""},{""tick"":7058,""evolutionId"":""core:sheltered_sowing"",""baseId"":""core:seed_bag""}]","{""core:carpenter_hammer"":{""building"":46},""core:hedge_drum"":{""building"":4,""people"":27},""core:muster_horn"":{""people"":442},""core:seed_bag"":{""land"":10}}","raw/people__B__42.results.json","5080fab6d3b82f85851d48ef2a271fa8c196d9611eb9325a37c1aef4677be522","raw/people__B__42.metrics.json","441d12fdc4c64d2cf11aa623ca619aacb18b5af962df8f463a318a81e33a3723"
"people__B__43","people","B","43","3","21600","true","duration","","70","3","C2A8520765399B645AA1947B5E400AB574BD496753F84DE94A12303D1E4B2812","9189","15805","84644","39986","1014","22998","9105","5592","9","21600","2258","607","0","0","16","0","1","[""core:ember_wand"",""core:harvest_scythe"",""core:iron_blade"",""core:ward_orbit"",""core:carpenter_hammer"",""core:hedge_drum"",""core:muster_horn"",""core:seed_bag""]","[""core:guarded_harvest"",""core:meal_oath"",""core:rally_boundary"",""core:repair_tithe""]","{""core:guarded_harvest"":14,""core:meal_oath"":15,""core:rally_boundary"":3,""core:repair_tithe"":4}","{""core:boundary_hinge"":1,""core:levy_bread_wrap"":3,""core:meadow_buckle"":4,""core:muster_roll"":5,""core:return_path_knot"":1,""core:root_binding_cord"":2,""core:ruin_keystone"":1,""core:scaffold_step"":2,""core:seed_pouch_lining"":1,""core:shock_absorber_pad"":2,""core:wind_seed_flag"":1}","[""core:sheltered_sowing"",""core:sowing_sworddance""]","[{""tick"":0,""evolutionId"":""core:sowing_sworddance"",""baseId"":""core:iron_blade""},{""tick"":781,""evolutionId"":""core:sheltered_sowing"",""baseId"":""core:seed_bag""}]","{""core:carpenter_hammer"":{""building"":11},""core:hedge_drum"":{""building"":16,""people"":664},""core:muster_horn"":{""people"":36},""core:seed_bag"":{""land"":8}}","raw/people__B__43.results.json","47880a98ece9fa73a24986582fd1474367ef0d194d9ab839b0425c1a4dc4436d","raw/people__B__43.metrics.json","1d5fe0b6577089b44f4ed6cbf5936c149357550c7592e9615a5065b63db1d1ce"
"people__B__44","people","B","44","3","21600","true","duration","","69","3","A64AE72C34AD5738DBA6DBA0B56EA08DC17AD220E5556DE2EA848C70C8BE436D","9931","27580","110489","332","110","22680","14280","0","14","21600","2261","952","0","0","21","0","1","[""core:ember_wand"",""core:harvest_scythe"",""core:iron_blade"",""core:ward_orbit"",""core:muster_horn"",""core:seed_bag""]","[""core:guarded_harvest"",""core:meal_oath"",""core:rally_boundary""]","{""core:guarded_harvest"":3,""core:meal_oath"":12,""core:rally_boundary"":11}","{""core:levy_bread_wrap"":2,""core:meadow_buckle"":2,""core:muster_roll"":5,""core:return_path_knot"":5,""core:root_binding_cord"":2,""core:seed_pouch_lining"":3,""core:wind_seed_flag"":5}","[""core:sowing_sworddance""]","[{""tick"":0,""evolutionId"":""core:sowing_sworddance"",""baseId"":""core:iron_blade""}]","{""core:muster_horn"":{""people"":133},""core:seed_bag"":{""land"":12}}","raw/people__B__44.results.json","31dba912e227f52d24f99d925574bdc4ea8129fd369e87381e23d5d94b8da75f","raw/people__B__44.metrics.json","285c027beff5723bddae449b0ccbe604ec6cbd08e3943bf029769e183ca3e89c"
"people__B__45","people","B","45","3","21600","true","duration","","63","3","FA00FE2FA0213CA1FA3B956FFFE434F8A2438744DFD19D0182726062B99AB5DD","10881","15750","124365","0","184","22852","7905","0","8","21600","2265","527","0","0","21","0","1","[""core:ember_wand"",""core:harvest_scythe"",""core:iron_blade"",""core:ward_orbit"",""core:muster_horn"",""core:seed_bag""]","[""core:guarded_harvest"",""core:meal_oath"",""core:rally_boundary""]","{""core:guarded_harvest"":11,""core:meal_oath"":11,""core:rally_boundary"":6}","{""core:levy_bread_wrap"":6,""core:meadow_buckle"":2,""core:muster_roll"":5,""core:return_path_knot"":3,""core:root_binding_cord"":1,""core:seed_pouch_lining"":1,""core:wind_seed_flag"":4}","[""core:sowing_sworddance""]","[{""tick"":0,""evolutionId"":""core:sowing_sworddance"",""baseId"":""core:iron_blade""}]","{""core:muster_horn"":{""people"":88},""core:seed_bag"":{""land"":9}}","raw/people__B__45.results.json","96727bc77442c8996f8b26d48395392de6292926c3241ee4ee5e8cd7384970fa","raw/people__B__45.metrics.json","571439578c2260af3564f7a15002b6fb4fe02a1c6a835bb2c93c890d30440482"
"people__B__46","people","B","46","3","21600","true","duration","","71","3","A11873422E92E6ADF98ED9DD58299B94362B0824A49F25C288D940006C957F01","9914","27296","88206","22488","1132","22696","12945","3240","15","21573","2291","863","0","0","14","0","1","[""core:ember_wand"",""core:harvest_scythe"",""core:iron_blade"",""core:ward_orbit"",""core:carpenter_hammer"",""core:hedge_drum"",""core:muster_horn"",""core:seed_bag""]","[""core:meal_oath"",""core:rally_boundary"",""core:repair_tithe""]","{""core:meal_oath"":9,""core:rally_boundary"":19,""core:repair_tithe"":4}","{""core:joiner_square"":2,""core:levy_bread_wrap"":1,""core:meadow_buckle"":3,""core:muster_roll"":3,""core:return_path_knot"":3,""core:root_binding_cord"":2,""core:ruin_keystone"":1,""core:scaffold_step"":5,""core:shock_absorber_pad"":3}","[""core:sheltered_sowing"",""core:sowing_sworddance""]","[{""tick"":0,""evolutionId"":""core:sowing_sworddance"",""baseId"":""core:iron_blade""},{""tick"":840,""evolutionId"":""core:sheltered_sowing"",""baseId"":""core:seed_bag""}]","{""core:carpenter_hammer"":{""building"":18},""core:hedge_drum"":{""building"":6,""people"":339},""core:muster_horn"":{""people"":338},""core:seed_bag"":{""land"":11}}","raw/people__B__46.results.json","8e16f2fca2b7ae57f7c092ae8ec852498712ce4cfcb7cb665824e9374a8dca0f","raw/people__B__46.metrics.json","c0ba21f92a6c8906d8ff240db9450176d2b6e0da9ed0752cb31d9bebba9a86a3"
"people__B__47","people","B","47","3","21600","true","duration","","76","3","8E63C8B071D617643E22CDFE9FEF46264E28A18AD6BA33EB0B9465A9A1760895","9304","25235","53945","54049","7884","22966","13020","8364","5","21600","2271","868","4","4","6","0","1","[""core:ember_wand"",""core:harvest_scythe"",""core:iron_blade"",""core:ward_orbit"",""core:carpenter_hammer"",""core:hedge_drum"",""core:muster_horn"",""core:seed_bag""]","[""core:guarded_harvest"",""core:meal_oath"",""core:rally_boundary"",""core:repair_tithe""]","{""core:guarded_harvest"":3,""core:meal_oath"":19,""core:rally_boundary"":11,""core:repair_tithe"":6}","{""core:boundary_hinge"":2,""core:joiner_square"":1,""core:levy_bread_wrap"":1,""core:meadow_buckle"":5,""core:muster_roll"":3,""core:return_path_knot"":1,""core:root_binding_cord"":1,""core:seed_pouch_lining"":3,""core:shock_absorber_pad"":5,""core:wind_seed_flag"":2}","[""core:sheltered_sowing"",""core:sowing_sworddance""]","[{""tick"":0,""evolutionId"":""core:sowing_sworddance"",""baseId"":""core:iron_blade""},{""tick"":457,""evolutionId"":""core:sheltered_sowing"",""baseId"":""core:seed_bag""}]","{""core:carpenter_hammer"":{""building"":38},""core:hedge_drum"":{""building"":34,""people"":664},""core:seed_bag"":{""land"":13}}","raw/people__B__47.results.json","0883e96adca63953bd1c00b62202a9a8391f0a1ec1f2a25d1a423ac676d993bd","raw/people__B__47.metrics.json","090f79e0ba5626a6f21d35e9e8c5a5eb67fd1dcf06c7290d54fa7923473ed3e9"
"people__B__48","people","B","48","3","21600","true","duration","","72","3","8046203BFE7F21E2263926B591E2342CBA5E1A0360BD30AB1E1754B6B4753F9A","10506","17871","101114","30503","0","24248","10065","5400","6","21600","2403","671","0","0","29","0","1","[""core:ember_wand"",""core:harvest_scythe"",""core:iron_blade"",""core:ward_orbit"",""core:carpenter_hammer"",""core:hedge_drum"",""core:muster_horn"",""core:seed_bag""]","[""core:guarded_harvest"",""core:meal_oath"",""core:rally_boundary"",""core:repair_tithe""]","{""core:guarded_harvest"":11,""core:meal_oath"":8,""core:rally_boundary"":14,""core:repair_tithe"":2}","{""core:levy_bread_wrap"":2,""core:meadow_buckle"":4,""core:muster_roll"":3,""core:return_path_knot"":2,""core:root_binding_cord"":2,""core:ruin_keystone"":1,""core:seed_pouch_lining"":3,""core:shock_absorber_pad"":4,""core:wind_seed_flag"":2}","[""core:sheltered_sowing"",""core:sowing_sworddance""]","[{""tick"":0,""evolutionId"":""core:sowing_sworddance"",""baseId"":""core:iron_blade""},{""tick"":1709,""evolutionId"":""core:sheltered_sowing"",""baseId"":""core:seed_bag""}]","{""core:carpenter_hammer"":{""building"":42},""core:hedge_drum"":{""building"":13,""people"":50},""core:muster_horn"":{""people"":683},""core:seed_bag"":{""land"":11}}","raw/people__B__48.results.json","d91d1686672bea5bfb560392a91760eef2ca0e23ad0fb3490f5d2508046bdc42","raw/people__B__48.metrics.json","4be88fd39e8fa2aa4a16b53923fd67dac24dbe2e9b3bd508f374cdb5b6909d42"
"people__B__49","people","B","49","3","21600","true","duration","","65","3","8C1686A9002B7A87C2DD9FC8A1E8C0DE77209016495CC1D9EC5DDE523D754D1F","9709","6764","132295","617","134","22764","10215","0","10","21600","2249","681","0","0","20","0","1","[""core:ember_wand"",""core:harvest_scythe"",""core:iron_blade"",""core:ward_orbit"",""core:muster_horn"",""core:seed_bag""]","[""core:guarded_harvest"",""core:meal_oath"",""core:rally_boundary"",""core:repair_tithe""]","{""core:guarded_harvest"":5,""core:meal_oath"":24,""core:rally_boundary"":5,""core:repair_tithe"":5}","{""core:levy_bread_wrap"":1,""core:meadow_buckle"":5,""core:muster_roll"":1,""core:return_path_knot"":5,""core:root_binding_cord"":4,""core:seed_pouch_lining"":5,""core:wind_seed_flag"":3}","[""core:sowing_sworddance""]","[{""tick"":0,""evolutionId"":""core:sowing_sworddance"",""baseId"":""core:iron_blade""}]","{""core:muster_horn"":{""people"":146},""core:seed_bag"":{""land"":9}}","raw/people__B__49.results.json","3a8723c95e54c80e5dec06d0a454c655c0651f04fbae526c69b59e405752e78a","raw/people__B__49.metrics.json","427571a143017bdf22f888d790c4ccd88aeb8da2e5292ab885f8ba2f34abbffc"
"people__B__50","people","B","50","3","21600","true","duration","","65","3","EA21FBAED531BC412179910E6477CF4345672C0F883CAB7E8AE54D329D80B305","10504","14509","125344","0","1233","23010","9165","0","15","21577","2273","611","0","0","21","0","1","[""core:ember_wand"",""core:harvest_scythe"",""core:iron_blade"",""core:ward_orbit"",""core:muster_horn"",""core:seed_bag""]","[""core:guarded_harvest"",""core:meal_oath"",""core:rally_boundary""]","{""core:guarded_harvest"":4,""core:meal_oath"":17,""core:rally_boundary"":15}","{""core:levy_bread_wrap"":3,""core:meadow_buckle"":4,""core:muster_roll"":1,""core:return_path_knot"":3,""core:root_binding_cord"":2,""core:seed_pouch_lining"":5,""core:wind_seed_flag"":4}","[""core:sowing_sworddance""]","[{""tick"":0,""evolutionId"":""core:sowing_sworddance"",""baseId"":""core:iron_blade""}]","{""core:muster_horn"":{""people"":165},""core:seed_bag"":{""land"":11}}","raw/people__B__50.results.json","04102fc09435a82714cae7a3dabb3f03144fa24ffa00aa63161d3ddd712aa757","raw/people__B__50.metrics.json","b34977f1fb800894620cb1ef8b2ad8e23a5fdb83c892d9c07c4cb828b9e0b776"
"people__B__51","people","B","51","3","21600","true","duration","","70","3","C6CE8570241F763DB01285AC863A654AB097EB128F77856A6735997189DFA55B","10655","29043","89418","8946","27093","25008","13110","0","0","21600","2488","874","0","0","42","0","1","[""core:ember_wand"",""core:harvest_scythe"",""core:iron_blade"",""core:ward_orbit"",""core:muster_horn"",""core:seed_bag""]","[""core:guarded_harvest"",""core:meal_oath"",""core:rally_boundary"",""core:repair_tithe""]","{""core:guarded_harvest"":8,""core:meal_oath"":5,""core:rally_boundary"":11,""core:repair_tithe"":2}","{""core:levy_bread_wrap"":2,""core:meadow_buckle"":4,""core:muster_roll"":5,""core:return_path_knot"":5,""core:root_binding_cord"":3,""core:seed_pouch_lining"":1,""core:wind_seed_flag"":4}","[""core:sowing_sworddance""]","[{""tick"":0,""evolutionId"":""core:sowing_sworddance"",""baseId"":""core:iron_blade""}]","{""core:muster_horn"":{""people"":699},""core:seed_bag"":{""land"":13}}","raw/people__B__51.results.json","d5c3f736650f4f9ab2de0c72e3b1b9bee7672b804b5acb02b176ed291fc67f05","raw/people__B__51.metrics.json","1321c9bba64d5d7481e473e65767afe9dda62dfae823dadb60c88706f30f41fa"
"people__B__52","people","B","52","3","21600","true","duration","","72","3","A362B0CF64F32F1F160D425075EBB748048BCBC4C5CC1E9F2C3C4EB1BCC1BA09","9704","20035","92500","32563","101","23526","11235","5508","12","21575","2311","749","0","0","13","0","1","[""core:ember_wand"",""core:harvest_scythe"",""core:iron_blade"",""core:ward_orbit"",""core:hedge_drum"",""core:muster_horn"",""core:seed_bag""]","[""core:guarded_harvest"",""core:meal_oath"",""core:rally_boundary"",""core:repair_tithe""]","{""core:guarded_harvest"":9,""core:meal_oath"":7,""core:rally_boundary"":7,""core:repair_tithe"":3}","{""core:boundary_hinge"":2,""core:joiner_square"":5,""core:meadow_buckle"":3,""core:muster_roll"":2,""core:root_binding_cord"":4,""core:scaffold_step"":2,""core:seed_pouch_lining"":2,""core:wind_seed_flag"":3}","[""core:sowing_sworddance""]","[{""tick"":0,""evolutionId"":""core:sowing_sworddance"",""baseId"":""core:iron_blade""}]","{""core:hedge_drum"":{""building"":46,""people"":632},""core:muster_horn"":{""people"":402},""core:seed_bag"":{""land"":14}}","raw/people__B__52.results.json","649d86fd26e008e86f5e23a5115955abf2c1098994f4f7039391fbaeb55c3d91","raw/people__B__52.metrics.json","19ec0dacfebcdd96be0275f2d796d960b9a658ed9b87262305d9f4a2da95d7f4"
"people__B__53","people","B","53","3","21600","true","duration","","64","3","906C7A54206B08E5274333DAE53203777F5D17E83F08AD75D09B40CED8999FCD","9632","17431","118338","88","303","21886","9855","0","10","21499","2262","657","0","0","17","0","1","[""core:ember_wand"",""core:harvest_scythe"",""core:iron_blade"",""core:ward_orbit"",""core:muster_horn"",""core:seed_bag""]","[""core:guarded_harvest"",""core:meal_oath"",""core:rally_boundary""]","{""core:guarded_harvest"":6,""core:meal_oath"":15,""core:rally_boundary"":8}","{""core:levy_bread_wrap"":4,""core:meadow_buckle"":3,""core:muster_roll"":6,""core:return_path_knot"":1,""core:root_binding_cord"":3,""core:seed_pouch_lining"":1,""core:wind_seed_flag"":4}","[""core:sowing_sworddance""]","[{""tick"":0,""evolutionId"":""core:sowing_sworddance"",""baseId"":""core:iron_blade""}]","{""core:muster_horn"":{""people"":292},""core:seed_bag"":{""land"":12}}","raw/people__B__53.results.json","142c14d8877d0c8d2c7b4cc5611454ed2e57b4f50b6001a2d52c8d1792c6f122","raw/people__B__53.metrics.json","0482fbe7d53cd5a7ba3d734f906f19c14887d5d6bfadf30302d12e22c28017e3"
"people__B__54","people","B","54","3","21600","true","duration","","72","3","2B160FF864BC5394C701C15A8794A1098CBF2891D0856DA2FEB73F5D0D854642","9761","19089","108854","5278","3185","22360","17130","0","17","21600","2286","1142","0","0","29","0","1","[""core:ember_wand"",""core:harvest_scythe"",""core:iron_blade"",""core:ward_orbit"",""core:hedge_drum"",""core:muster_horn"",""core:seed_bag""]","[""core:guarded_harvest"",""core:meal_oath"",""core:rally_boundary""]","{""core:guarded_harvest"":1,""core:meal_oath"":17,""core:rally_boundary"":16}","{""core:boundary_hinge"":3,""core:levy_bread_wrap"":2,""core:meadow_buckle"":4,""core:muster_roll"":2,""core:return_path_knot"":4,""core:root_binding_cord"":3,""core:scaffold_step"":1,""core:seed_pouch_lining"":1,""core:wind_seed_flag"":4}","[""core:sowing_sworddance""]","[{""tick"":0,""evolutionId"":""core:sowing_sworddance"",""baseId"":""core:iron_blade""}]","{""core:muster_horn"":{""people"":111},""core:seed_bag"":{""land"":16}}","raw/people__B__54.results.json","e22b7cef0cabd2a13e0a1714bd3a8052e4dbd5a3d15705d84d91c24fd89edadd","raw/people__B__54.metrics.json","cc4b2eae0fd6bdfeb275c15be3ce70adcd77c285ab20cfb97a6e423e97ef5551"
"people__B__55","people","B","55","3","21600","true","duration","","63","3","36F98DB66E4739E193925BBA9707CD33CE0CDCC7DED2AFE49957D25B562018DA","9968","22934","115666","38","72","22680","8145","0","9","21600","2261","543","0","0","21","0","1","[""core:ember_wand"",""core:harvest_scythe"",""core:iron_blade"",""core:ward_orbit"",""core:muster_horn"",""core:seed_bag""]","[""core:guarded_harvest"",""core:meal_oath"",""core:rally_boundary""]","{""core:guarded_harvest"":14,""core:meal_oath"":11,""core:rally_boundary"":12}","{""core:levy_bread_wrap"":6,""core:meadow_buckle"":2,""core:return_path_knot"":2,""core:root_binding_cord"":2,""core:seed_pouch_lining"":8,""core:wind_seed_flag"":3}","[""core:sowing_sworddance""]","[{""tick"":0,""evolutionId"":""core:sowing_sworddance"",""baseId"":""core:iron_blade""}]","{""core:muster_horn"":{""people"":182},""core:seed_bag"":{""land"":8}}","raw/people__B__55.results.json","1f4863d2087e8ae5e72a2030206c37c904ef5758464996034c084534548be3e0","raw/people__B__55.metrics.json","3ad3c3f93e7a1f20f90022c12f598d2bdecf9a0ea67a70fa76589121fd801625"
"people__B__56","people","B","56","3","21600","true","duration","","68","3","D98F4B60B8E49CEA3D863234EA45D366A46091A422B684219A704FA2B53BDE63","10357","23745","117437","444","581","23030","12240","48","12","21567","2297","816","0","0","27","0","1","[""core:ember_wand"",""core:harvest_scythe"",""core:iron_blade"",""core:ward_orbit"",""core:carpenter_hammer"",""core:muster_horn"",""core:seed_bag""]","[""core:guarded_harvest"",""core:meal_oath"",""core:rally_boundary""]","{""core:guarded_harvest"":3,""core:meal_oath"":21,""core:rally_boundary"":8}","{""core:levy_bread_wrap"":4,""core:meadow_buckle"":4,""core:muster_roll"":3,""core:return_path_knot"":1,""core:root_binding_cord"":3,""core:seed_pouch_lining"":5,""core:wind_seed_flag"":2}","[""core:sheltered_sowing"",""core:sowing_sworddance""]","[{""tick"":0,""evolutionId"":""core:sowing_sworddance"",""baseId"":""core:iron_blade""},{""tick"":20825,""evolutionId"":""core:sheltered_sowing"",""baseId"":""core:seed_bag""}]","{""core:carpenter_hammer"":{""building"":18},""core:muster_horn"":{""people"":15},""core:seed_bag"":{""land"":11}}","raw/people__B__56.results.json","a9ea06cf879bd71b75e79de1abcc5881773d610390f73d2a76cf2ad425651137","raw/people__B__56.metrics.json","edb120e87345a8f996edde154e503686a3892234d02826604a92ca670f83f163"
"people__B__57","people","B","57","3","21600","true","duration","","70","3","D943C6B3BE8BB8390D0885FCCF198C49FDF4263BE8959343C67618FFC1FCBEA0","10455","20926","122958","0","1802","23606","14250","0","13","21600","2307","950","0","0","28","0","1","[""core:ember_wand"",""core:harvest_scythe"",""core:iron_blade"",""core:ward_orbit"",""core:muster_horn"",""core:seed_bag""]","[""core:guarded_harvest"",""core:meal_oath"",""core:rally_boundary""]","{""core:guarded_harvest"":8,""core:meal_oath"":13,""core:rally_boundary"":17}","{""core:levy_bread_wrap"":1,""core:meadow_buckle"":4,""core:muster_roll"":4,""core:return_path_knot"":1,""core:root_binding_cord"":6,""core:wind_seed_flag"":7}","[""core:sowing_sworddance""]","[{""tick"":0,""evolutionId"":""core:sowing_sworddance"",""baseId"":""core:iron_blade""}]","{""core:muster_horn"":{""people"":348},""core:seed_bag"":{""land"":12}}","raw/people__B__57.results.json","f0a6f2562467f8e27059d5c559b55b7f468d1310032b2645feaf7013b0a37e93","raw/people__B__57.metrics.json","c517082e19890e8364e756a4b49541368b431988c6fe555884364b24b8469b30"
"people__B__58","people","B","58","3","21600","true","duration","","69","3","ABE1369E7E84CB8BE86B34EC87EF72C65CBBDCE14EFB6F76D6735811112EABAC","9554","21927","78423","40422","120","22880","7320","6324","0","21600","2273","488","3","3","8","0","1","[""core:ember_wand"",""core:harvest_scythe"",""core:iron_blade"",""core:ward_orbit"",""core:carpenter_hammer"",""core:hedge_drum"",""core:muster_horn"",""core:seed_bag""]","[""core:guarded_harvest"",""core:meal_oath"",""core:rally_boundary"",""core:repair_tithe""]","{""core:guarded_harvest"":7,""core:meal_oath"":9,""core:rally_boundary"":8,""core:repair_tithe"":5}","{""core:boundary_hinge"":1,""core:joiner_square"":4,""core:levy_bread_wrap"":1,""core:meadow_buckle"":5,""core:muster_roll"":1,""core:return_path_knot"":2,""core:root_binding_cord"":1,""core:ruin_keystone"":2,""core:scaffold_step"":1,""core:seed_pouch_lining"":4,""core:shock_absorber_pad"":1,""core:wind_seed_flag"":1}","[""core:sheltered_sowing"",""core:sowing_sworddance""]","[{""tick"":0,""evolutionId"":""core:sowing_sworddance"",""baseId"":""core:iron_blade""},{""tick"":902,""evolutionId"":""core:sheltered_sowing"",""baseId"":""core:seed_bag""}]","{""core:carpenter_hammer"":{""building"":57},""core:hedge_drum"":{""building"":8,""people"":162},""core:muster_horn"":{""people"":324},""core:seed_bag"":{""land"":5}}","raw/people__B__58.results.json","d8b4654a7ac30139642ebcbf71206215cc6b28be91246310f4ff0973a5a84774","raw/people__B__58.metrics.json","8688f4fe21d21fc58be996b529d91fe949ff4068f43b9a38cb3a6980fc6c645b"
"people__B__59","people","B","59","3","21600","true","duration","","68","3","009A8A5A7BCA9F1FEA6DC24FBE0F1C4292FB5FEE6A96CAA78CA4C8F9A2D65076","10027","9236","132318","1008","427","23258","12720","0","12","21546","2280","848","0","0","28","0","1","[""core:ember_wand"",""core:harvest_scythe"",""core:iron_blade"",""core:ward_orbit"",""core:muster_horn"",""core:seed_bag""]","[""core:guarded_harvest"",""core:meal_oath"",""core:rally_boundary""]","{""core:guarded_harvest"":7,""core:meal_oath"":17,""core:rally_boundary"":19}","{""core:levy_bread_wrap"":4,""core:meadow_buckle"":3,""core:muster_roll"":1,""core:return_path_knot"":1,""core:root_binding_cord"":2,""core:seed_pouch_lining"":8,""core:wind_seed_flag"":4}","[""core:sowing_sworddance""]","[{""tick"":0,""evolutionId"":""core:sowing_sworddance"",""baseId"":""core:iron_blade""}]","{""core:muster_horn"":{""people"":97},""core:seed_bag"":{""land"":12}}","raw/people__B__59.results.json","c58eda7b689c6f76deb67c46608a9355c64cb2765e84c0fd89ea7c33442a5409","raw/people__B__59.metrics.json","b8adf2493811cb29f3711f61a4701c4fbea5580f1c99f48368ce5b3e0b3d912b"
"people__B__60","people","B","60","3","21600","true","duration","","81","3","74721E6A9B5121C5CC68E35DEC02CAEE4DC74436EBB4E58C9739001B2B1D6789","9385","24322","58379","60009","71","23338","14580","12540","11","21600","2311","972","0","0","16","0","1","[""core:ember_wand"",""core:harvest_scythe"",""core:iron_blade"",""core:ward_orbit"",""core:carpenter_hammer"",""core:hedge_drum"",""core:muster_horn"",""core:seed_bag""]","[""core:guarded_harvest"",""core:meal_oath"",""core:rally_boundary"",""core:repair_tithe""]","{""core:guarded_harvest"":4,""core:meal_oath"":20,""core:rally_boundary"":9,""core:repair_tithe"":2}","{""core:boundary_hinge"":2,""core:joiner_square"":2,""core:meadow_buckle"":2,""core:muster_roll"":2,""core:return_path_knot"":3,""core:root_binding_cord"":4,""core:ruin_keystone"":2,""core:seed_pouch_lining"":2,""core:shock_absorber_pad"":3,""core:wind_seed_flag"":2}","[""core:sheltered_sowing"",""core:sowing_sworddance""]","[{""tick"":0,""evolutionId"":""core:sowing_sworddance"",""baseId"":""core:iron_blade""},{""tick"":457,""evolutionId"":""core:sheltered_sowing"",""baseId"":""core:seed_bag""}]","{""core:carpenter_hammer"":{""building"":27},""core:hedge_drum"":{""building"":67,""people"":680},""core:muster_horn"":{""people"":107},""core:seed_bag"":{""land"":11}}","raw/people__B__60.results.json","ede012c486a86a7925590cc16de8cd782e567cf936ba0cb5e17d03edfaf072e0","raw/people__B__60.metrics.json","82a784aa1432fcf1ea7051e23b4bf5cf9348380258c5f092f38bec57629eeeb4"
"people__B__61","people","B","61","3","21600","true","duration","","69","3","49536F666403B451F4076591E60834704545EF34B174ED6E98572A9709D4C8F1","10013","30018","113782","0","0","23392","12945","0","9","21600","2302","863","0","0","28","0","1","[""core:ember_wand"",""core:harvest_scythe"",""core:iron_blade"",""core:ward_orbit"",""core:muster_horn"",""core:seed_bag""]","[""core:guarded_harvest"",""core:meal_oath"",""core:rally_boundary"",""core:repair_tithe""]","{""core:guarded_harvest"":8,""core:meal_oath"":15,""core:rally_boundary"":12,""core:repair_tithe"":1}","{""core:levy_bread_wrap"":5,""core:meadow_buckle"":3,""core:muster_roll"":1,""core:return_path_knot"":1,""core:root_binding_cord"":5,""core:seed_pouch_lining"":2,""core:wind_seed_flag"":4}","[""core:sowing_sworddance""]","[{""tick"":0,""evolutionId"":""core:sowing_sworddance"",""baseId"":""core:iron_blade""}]","{""core:muster_horn"":{""people"":240},""core:seed_bag"":{""land"":9}}","raw/people__B__61.results.json","adf0b72efe890df205904155805d53f758a452101c3e3dca8d000ca651b6ae2a","raw/people__B__61.metrics.json","eb2dfd63d085ebaee071c67c8b5b79bf0969acabaff44b098e56984324fd3478"
"people__B__62","people","B","62","3","21600","true","duration","","72","3","5AE1BC4A959ACF501FF3696DF580E9A1A3422F3A1E8FE4E347E7E01E78E748C9","9801","35553","74623","28144","772","22710","12495","4536","14","21600","2286","833","0","0","10","0","1","[""core:ember_wand"",""core:harvest_scythe"",""core:iron_blade"",""core:ward_orbit"",""core:carpenter_hammer"",""core:hedge_drum"",""core:muster_horn"",""core:seed_bag""]","[""core:guarded_harvest"",""core:meal_oath"",""core:rally_boundary"",""core:repair_tithe""]","{""core:guarded_harvest"":1,""core:meal_oath"":10,""core:rally_boundary"":11,""core:repair_tithe"":3}","{""core:boundary_hinge"":1,""core:joiner_square"":1,""core:levy_bread_wrap"":1,""core:meadow_buckle"":1,""core:muster_roll"":3,""core:return_path_knot"":8,""core:root_binding_cord"":2,""core:scaffold_step"":1,""core:seed_pouch_lining"":1,""core:shock_absorber_pad"":1,""core:wind_seed_flag"":4}","[""core:sheltered_sowing"",""core:sowing_sworddance""]","[{""tick"":0,""evolutionId"":""core:sowing_sworddance"",""baseId"":""core:iron_blade""},{""tick"":11400,""evolutionId"":""core:sheltered_sowing"",""baseId"":""core:seed_bag""}]","{""core:hedge_drum"":{""building"":60,""people"":411},""core:muster_horn"":{""people"":236},""core:seed_bag"":{""land"":11}}","raw/people__B__62.results.json","fa2a4606596caa0ca6d9da446f08c6c9b868620e80c2d297db379bd09dc85bb7","raw/people__B__62.metrics.json","857d0fa7c2b4d78d59b6968fa19afc3cde6be7b61e93612a06cb9d21401cf697"
"people__B__63","people","B","63","3","21600","true","duration","","60","3","8E47267775E24EC3FA7ADAF0D1C179398A280084580B72BC2CF8F8BE7F9BB92B","11255","18728","118551","23","73","22362","5535","0","8","21589","2247","369","0","0","14","0","1","[""core:ember_wand"",""core:harvest_scythe"",""core:iron_blade"",""core:ward_orbit"",""core:muster_horn"",""core:seed_bag""]","[""core:guarded_harvest"",""core:meal_oath"",""core:rally_boundary""]","{""core:guarded_harvest"":6,""core:meal_oath"":12,""core:rally_boundary"":11}","{""core:levy_bread_wrap"":3,""core:meadow_buckle"":3,""core:muster_roll"":2,""core:return_path_knot"":3,""core:root_binding_cord"":1,""core:seed_pouch_lining"":7,""core:wind_seed_flag"":4}","[""core:sowing_sworddance""]","[{""tick"":0,""evolutionId"":""core:sowing_sworddance"",""baseId"":""core:iron_blade""}]","{""core:muster_horn"":{""people"":130},""core:seed_bag"":{""land"":8}}","raw/people__B__63.results.json","f12a6f94b69dd99753e47eeed2cabae501e5543be8381903b27ecf59f74d4de8","raw/people__B__63.metrics.json","a9b8cdeac5140e1df5f48570ac8fb2577b450be1ec485994e7b07419dbb7a08a"
"people__B__64","people","B","64","3","21600","true","duration","","69","3","C61E09146B7021B6C252075D75030CA63B51F7C720608A4496D50DEB2DCEBFC9","9254","19027","77524","38092","80","21824","8475","6732","6","21571","2255","565","0","0","3","0","1","[""core:ember_wand"",""core:harvest_scythe"",""core:iron_blade"",""core:ward_orbit"",""core:carpenter_hammer"",""core:hedge_drum"",""core:muster_horn"",""core:seed_bag""]","[""core:guarded_harvest"",""core:meal_oath"",""core:rally_boundary"",""core:repair_tithe""]","{""core:guarded_harvest"":6,""core:meal_oath"":9,""core:rally_boundary"":5,""core:repair_tithe"":10}","{""core:boundary_hinge"":3,""core:joiner_square"":2,""core:levy_bread_wrap"":2,""core:meadow_buckle"":1,""core:muster_roll"":6,""core:return_path_knot"":2,""core:root_binding_cord"":3,""core:scaffold_step"":1,""core:seed_pouch_lining"":1,""core:shock_absorber_pad"":1,""core:wind_seed_flag"":2}","[""core:sheltered_sowing"",""core:sowing_sworddance""]","[{""tick"":0,""evolutionId"":""core:sowing_sworddance"",""baseId"":""core:iron_blade""},{""tick"":14242,""evolutionId"":""core:sheltered_sowing"",""baseId"":""core:seed_bag""}]","{""core:hedge_drum"":{""building"":47,""people"":695},""core:muster_horn"":{""people"":242},""core:seed_bag"":{""land"":16}}","raw/people__B__64.results.json","9b888cd5b777a38d9505c09f30e34fc6dc00800e53627db8d892ef061028eec4","raw/people__B__64.metrics.json","b3d468fc0c7226412bf2e051b2bdcc5b25add1bf493b561d474e58f80e2c2544"
"people__B__65","people","B","65","3","21600","true","duration","","65","3","AC21FA77E00E0E3ED1626BBE90E6BD69794AABAD056B6B5731F1D42039D8E21C","10239","10020","126340","12","74","22316","10815","0","9","21600","2248","721","0","0","21","0","1","[""core:ember_wand"",""core:harvest_scythe"",""core:iron_blade"",""core:ward_orbit"",""core:muster_horn"",""core:seed_bag""]","[""core:guarded_harvest"",""core:meal_oath"",""core:rally_boundary""]","{""core:guarded_harvest"":15,""core:meal_oath"":12,""core:rally_boundary"":9}","{""core:levy_bread_wrap"":2,""core:meadow_buckle"":3,""core:muster_roll"":3,""core:return_path_knot"":3,""core:root_binding_cord"":4,""core:seed_pouch_lining"":5,""core:wind_seed_flag"":2}","[""core:sowing_sworddance""]","[{""tick"":0,""evolutionId"":""core:sowing_sworddance"",""baseId"":""core:iron_blade""}]","{""core:muster_horn"":{""people"":176},""core:seed_bag"":{""land"":10}}","raw/people__B__65.results.json","aaad9a931e6b743b53b748fa15fcc85a43135473a9b4f80faf9914f1ef1bef8c","raw/people__B__65.metrics.json","19286deb826d525a060344a9698f80f9bfd98b3d45cd2b609e2cf779fec49f1c"
"people__B__66","people","B","66","3","21600","true","duration","","64","3","3C03B5A71E250870131AD1B518BE3E6AE72208758BF4F7635BF10F909E095C5C","10064","32969","106916","0","667","22954","8805","0","7","21600","2293","587","0","0","24","0","1","[""core:ember_wand"",""core:harvest_scythe"",""core:iron_blade"",""core:ward_orbit"",""core:muster_horn"",""core:seed_bag""]","[""core:guarded_harvest"",""core:meal_oath"",""core:rally_boundary""]","{""core:guarded_harvest"":6,""core:meal_oath"":13,""core:rally_boundary"":17}","{""core:levy_bread_wrap"":3,""core:meadow_buckle"":4,""core:muster_roll"":3,""core:return_path_knot"":3,""core:root_binding_cord"":3,""core:seed_pouch_lining"":3,""core:wind_seed_flag"":3}","[""core:sowing_sworddance""]","[{""tick"":0,""evolutionId"":""core:sowing_sworddance"",""baseId"":""core:iron_blade""}]","{""core:muster_horn"":{""people"":308},""core:seed_bag"":{""land"":8}}","raw/people__B__66.results.json","f43ea7ff76f3732fc80aa52f8d84159af40138e51d05b2b06af97a142a13c2ac","raw/people__B__66.metrics.json","78e7d4b930b0f262d710a2d9739be8709f160150bc446d6cd768e457f9c66441"
"people__B__67","people","B","67","3","21600","true","duration","","67","3","AE59F2BBEBA9D1CE89EC31670D2A2767DB2FB182AEDF17665DE7B05DE857E772","10267","32193","108117","0","965","23068","11625","0","2","21600","2311","775","0","0","28","0","1","[""core:ember_wand"",""core:harvest_scythe"",""core:iron_blade"",""core:ward_orbit"",""core:muster_horn"",""core:seed_bag""]","[""core:guarded_harvest"",""core:meal_oath"",""core:rally_boundary"",""core:repair_tithe""]","{""core:guarded_harvest"":5,""core:meal_oath"":6,""core:rally_boundary"":14,""core:repair_tithe"":1}","{""core:levy_bread_wrap"":3,""core:meadow_buckle"":5,""core:muster_roll"":4,""core:return_path_knot"":3,""core:root_binding_cord"":4,""core:seed_pouch_lining"":2,""core:wind_seed_flag"":1}","[""core:sowing_sworddance""]","[{""tick"":0,""evolutionId"":""core:sowing_sworddance"",""baseId"":""core:iron_blade""}]","{""core:muster_horn"":{""people"":594},""core:seed_bag"":{""land"":11}}","raw/people__B__67.results.json","b7d03086cbdfdf7fb9da78262c8ccaa248031a7b44ea0e1dba9302cabfc485d3","raw/people__B__67.metrics.json","c61269fc7ff5dbf54dc5b227353eacbc8d79a3450bc4df43cd9384f78b19d2a3"
"people__B__68","people","B","68","3","21600","true","duration","","74","3","C31EEDA0B59073E2B3E6FDB518624E01A81FF87C17DD0985F6BF2433C7CBA019","9253","12658","75952","51570","32","22870","9225","9648","9","21600","2262","615","0","0","13","0","1","[""core:ember_wand"",""core:harvest_scythe"",""core:iron_blade"",""core:ward_orbit"",""core:carpenter_hammer"",""core:hedge_drum"",""core:muster_horn"",""core:seed_bag""]","[""core:guarded_harvest"",""core:meal_oath"",""core:rally_boundary"",""core:repair_tithe""]","{""core:guarded_harvest"":6,""core:meal_oath"":7,""core:rally_boundary"":15,""core:repair_tithe"":2}","{""core:joiner_square"":1,""core:meadow_buckle"":1,""core:return_path_knot"":4,""core:root_binding_cord"":2,""core:ruin_keystone"":3,""core:scaffold_step"":6,""core:seed_pouch_lining"":1,""core:shock_absorber_pad"":2,""core:wind_seed_flag"":2}","[""core:sheltered_sowing"",""core:sowing_sworddance""]","[{""tick"":0,""evolutionId"":""core:sowing_sworddance"",""baseId"":""core:iron_blade""},{""tick"":1493,""evolutionId"":""core:sheltered_sowing"",""baseId"":""core:seed_bag""}]","{""core:carpenter_hammer"":{""building"":5},""core:hedge_drum"":{""building"":69,""people"":705},""core:muster_horn"":{""people"":406},""core:seed_bag"":{""land"":8}}","raw/people__B__68.results.json","2e36c9c7e0e2c73c70b115fdaedb397e00a820959b4d5f6309e446270320a3bf","raw/people__B__68.metrics.json","187c0ebc2c59fa95c374d28d359609df7c8a11923a5f313965be30ac2dd076ed"
"people__B__69","people","B","69","3","21600","true","duration","","69","3","D4D961D08F2D9F63EE3E1E645115497CF73DCE62D3B7E21C23D9E695038DFA1A","9805","18212","63129","53851","1822","22354","12645","2244","3","21581","2273","843","31","26","23","0","1","[""core:harvest_scythe"",""core:iron_blade"",""core:ward_orbit"",""core:carpenter_hammer"",""core:hedge_drum"",""core:muster_horn"",""core:seed_bag""]","[""core:guarded_harvest"",""core:meal_oath"",""core:rally_boundary"",""core:repair_tithe""]","{""core:guarded_harvest"":7,""core:meal_oath"":23,""core:rally_boundary"":17,""core:repair_tithe"":2}","{""core:boundary_hinge"":1,""core:joiner_square"":2,""core:meadow_buckle"":2,""core:return_path_knot"":3,""core:root_binding_cord"":2,""core:ruin_keystone"":4,""core:scaffold_step"":2,""core:seed_pouch_lining"":3,""core:shock_absorber_pad"":3,""core:wind_seed_flag"":2}","[""core:sheltered_sowing"",""core:sowing_sworddance""]","[{""tick"":0,""evolutionId"":""core:sowing_sworddance"",""baseId"":""core:iron_blade""},{""tick"":2281,""evolutionId"":""core:sheltered_sowing"",""baseId"":""core:seed_bag""}]","{""core:carpenter_hammer"":{""building"":29},""core:hedge_drum"":{""building"":37,""people"":105},""core:muster_horn"":{""people"":68},""core:seed_bag"":{""land"":13}}","raw/people__B__69.results.json","24df457473cdd7b2d4454a63d1909623488624a694c300e2b87da255a8ac312e","raw/people__B__69.metrics.json","1620125034e991f7c3bf356189e5f043e9061d83b4109e6cdade04ddc349a9c0"
"people__B__70","people","B","70","3","21600","true","duration","","75","3","76E8A38DF2FF4783C519108E229B848D9E3792F57CFD7D96B012F8F690AC494F","9833","17334","79222","45897","543","23116","12390","8316","2","21600","2295","826","0","0","7","0","1","[""core:ember_wand"",""core:harvest_scythe"",""core:iron_blade"",""core:ward_orbit"",""core:hedge_drum"",""core:muster_horn"",""core:seed_bag""]","[""core:guarded_harvest"",""core:meal_oath"",""core:rally_boundary"",""core:repair_tithe""]","{""core:guarded_harvest"":12,""core:meal_oath"":20,""core:rally_boundary"":22,""core:repair_tithe"":1}","{""core:boundary_hinge"":3,""core:levy_bread_wrap"":1,""core:meadow_buckle"":2,""core:muster_roll"":2,""core:return_path_knot"":4,""core:root_binding_cord"":2,""core:scaffold_step"":4,""core:seed_pouch_lining"":3,""core:wind_seed_flag"":3}","[""core:sowing_sworddance""]","[{""tick"":0,""evolutionId"":""core:sowing_sworddance"",""baseId"":""core:iron_blade""}]","{""core:hedge_drum"":{""building"":83,""people"":574},""core:muster_horn"":{""people"":143},""core:seed_bag"":{""land"":12}}","raw/people__B__70.results.json","769d4b9fff109d527fbdf9109bcb9bcdeb6740718b5fa509f22cb218258046f0","raw/people__B__70.metrics.json","afc6ab5d705ffeb11e268d7019f5be220bb6fc714691da64f847df4f59ac8398"
"people__B__71","people","B","71","3","21600","true","duration","","77","3","C6987F6AC872F35FF8282356042847F6D11F6E1E3CC14AC1851EBCCDAE60FDEF","9319","31076","68220","41010","218","22814","16695","6528","12","21600","2275","1113","0","0","10","0","1","[""core:ember_wand"",""core:harvest_scythe"",""core:iron_blade"",""core:ward_orbit"",""core:carpenter_hammer"",""core:hedge_drum"",""core:muster_horn"",""core:seed_bag""]","[""core:guarded_harvest"",""core:meal_oath"",""core:rally_boundary"",""core:repair_tithe""]","{""core:guarded_harvest"":4,""core:meal_oath"":19,""core:rally_boundary"":14,""core:repair_tithe"":3}","{""core:boundary_hinge"":2,""core:joiner_square"":1,""core:levy_bread_wrap"":4,""core:meadow_buckle"":1,""core:muster_roll"":1,""core:return_path_knot"":3,""core:root_binding_cord"":2,""core:ruin_keystone"":2,""core:scaffold_step"":3,""core:seed_pouch_lining"":3,""core:shock_absorber_pad"":1,""core:wind_seed_flag"":1}","[""core:sheltered_sowing"",""core:sowing_sworddance""]","[{""tick"":0,""evolutionId"":""core:sowing_sworddance"",""baseId"":""core:iron_blade""},{""tick"":2988,""evolutionId"":""core:sheltered_sowing"",""baseId"":""core:seed_bag""}]","{""core:hedge_drum"":{""building"":43,""people"":703},""core:muster_horn"":{""people"":6},""core:seed_bag"":{""land"":14}}","raw/people__B__71.results.json","73d80e6a0d959b8eba043b193096a283deddb1d0756239e3bf143fa05fe5c70f","raw/people__B__71.metrics.json","97f324338acc2791d3883f9220c5dd7ada16143ababaa13450b5030cbde97284"
"people__B__72","people","B","72","3","21600","true","duration","","77","3","A6F2BA3C0B1BC6EC8301160609D401983D4A09085A387F825BF9C214E919E788","9646","19096","79592","44337","127","23326","14955","7524","11","21600","2321","997","0","0","16","0","1","[""core:ember_wand"",""core:harvest_scythe"",""core:iron_blade"",""core:ward_orbit"",""core:carpenter_hammer"",""core:hedge_drum"",""core:muster_horn"",""core:seed_bag""]","[""core:guarded_harvest"",""core:meal_oath"",""core:rally_boundary"",""core:repair_tithe""]","{""core:guarded_harvest"":8,""core:meal_oath"":19,""core:rally_boundary"":15,""core:repair_tithe"":3}","{""core:boundary_hinge"":2,""core:levy_bread_wrap"":4,""core:meadow_buckle"":4,""core:muster_roll"":3,""core:root_binding_cord"":1,""core:ruin_keystone"":1,""core:seed_pouch_lining"":4,""core:shock_absorber_pad"":1,""core:wind_seed_flag"":3}","[""core:sheltered_sowing"",""core:sowing_sworddance""]","[{""tick"":0,""evolutionId"":""core:sowing_sworddance"",""baseId"":""core:iron_blade""},{""tick"":10500,""evolutionId"":""core:sheltered_sowing"",""baseId"":""core:seed_bag""}]","{""core:hedge_drum"":{""building"":90,""people"":465},""core:muster_horn"":{""people"":202},""core:seed_bag"":{""land"":12}}","raw/people__B__72.results.json","a168a315ec2c5091e8fea5caa6a24665ef946e151a02405300cac0cdca43001a","raw/people__B__72.metrics.json","30f6fc182c91c66a67a4984f895aef6d070ed53a234464d615ae5c3d1548a3e5"
"people__B__73","people","B","73","3","21600","true","duration","","74","3","462AFFA3E4A65685BE27CDFC4BF356ED3A001DB6866264D5091BB5C3A5047A92","9381","20268","83313","40009","1023","23388","12825","5892","13","21558","2287","855","0","0","22","0","1","[""core:ember_wand"",""core:harvest_scythe"",""core:iron_blade"",""core:ward_orbit"",""core:carpenter_hammer"",""core:hedge_drum"",""core:muster_horn"",""core:seed_bag""]","[""core:guarded_harvest"",""core:meal_oath"",""core:rally_boundary"",""core:repair_tithe""]","{""core:guarded_harvest"":11,""core:meal_oath"":19,""core:rally_boundary"":20,""core:repair_tithe"":3}","{""core:boundary_hinge"":1,""core:joiner_square"":2,""core:meadow_buckle"":3,""core:muster_roll"":2,""core:return_path_knot"":6,""core:root_binding_cord"":2,""core:ruin_keystone"":1,""core:seed_pouch_lining"":2,""core:shock_absorber_pad"":2,""core:wind_seed_flag"":3}","[""core:sheltered_sowing"",""core:sowing_sworddance""]","[{""tick"":0,""evolutionId"":""core:sowing_sworddance"",""baseId"":""core:iron_blade""},{""tick"":457,""evolutionId"":""core:sheltered_sowing"",""baseId"":""core:seed_bag""}]","{""core:carpenter_hammer"":{""building"":29},""core:hedge_drum"":{""building"":20,""people"":410},""core:muster_horn"":{""people"":102},""core:seed_bag"":{""land"":16}}","raw/people__B__73.results.json","642f323b3a8c3cab4de626fb26c90b5a4ae46c719483431e84329f4a344f6005","raw/people__B__73.metrics.json","3e4c7ff270eae2ad18f072482cd0236ed265e3870b8e3443bf496f5ea57ac5ce"
"people__C__42","people","C","42","3","21600","true","duration","","77","3","24841FEB2793A7DFA1F984ACEF3C20D54D3C8D69631D737DF82659EE815B33E7","9316","22304","67041","52870","16","23232","15615","7092","1","21600","2339","1041","18","17","8","6","1","[""core:ember_wand"",""core:harvest_scythe"",""core:iron_blade"",""core:ward_orbit"",""core:carpenter_hammer"",""core:hedge_drum"",""core:muster_horn"",""core:seed_bag""]","[""core:guarded_harvest"",""core:meal_oath"",""core:rally_boundary"",""core:repair_tithe""]","{""core:guarded_harvest"":8,""core:meal_oath"":13,""core:rally_boundary"":22,""core:repair_tithe"":2}","{""core:boundary_hinge"":1,""core:joiner_square"":2,""core:levy_bread_wrap"":1,""core:meadow_buckle"":2,""core:muster_roll"":3,""core:return_path_knot"":3,""core:root_binding_cord"":2,""core:scaffold_step"":2,""core:seed_pouch_lining"":2,""core:shock_absorber_pad"":3,""core:wind_seed_flag"":3}","[""core:sheltered_sowing"",""core:sowing_sworddance""]","[{""tick"":0,""evolutionId"":""core:sowing_sworddance"",""baseId"":""core:iron_blade""},{""tick"":1151,""evolutionId"":""core:sheltered_sowing"",""baseId"":""core:seed_bag""}]","{""core:carpenter_hammer"":{""building"":47},""core:hedge_drum"":{""building"":36,""people"":479},""core:muster_horn"":{""people"":1255},""core:seed_bag"":{""land"":25}}","raw/people__C__42.results.json","a72fdbd49aeb9e8c070b0b598129de4f143dfedcb6a6ed980966cda01404f4f7","raw/people__C__42.metrics.json","1f22f4ce54e6152e8a36c122cd9479aee73348e2ab677c85cc4792098bcd224e"
"people__C__43","people","C","43","3","21600","true","duration","","68","3","27DA9A2C70A87421C0BB14E60B42C783832C549E45579C435BC64FDC425AF2FA","9231","15099","66598","54698","215","22350","4845","8916","5","21600","2258","323","8","8","3","5","1","[""core:ember_wand"",""core:harvest_scythe"",""core:iron_blade"",""core:ward_orbit"",""core:carpenter_hammer"",""core:hedge_drum"",""core:muster_horn"",""core:seed_bag""]","[""core:guarded_harvest"",""core:meal_oath"",""core:rally_boundary"",""core:repair_tithe""]","{""core:guarded_harvest"":19,""core:meal_oath"":4,""core:rally_boundary"":2,""core:repair_tithe"":13}","{""core:boundary_hinge"":3,""core:joiner_square"":2,""core:meadow_buckle"":1,""core:muster_roll"":1,""core:return_path_knot"":1,""core:root_binding_cord"":2,""core:ruin_keystone"":4,""core:scaffold_step"":5,""core:seed_pouch_lining"":2,""core:shock_absorber_pad"":2,""core:wind_seed_flag"":1}","[""core:sheltered_sowing"",""core:sowing_sworddance""]","[{""tick"":0,""evolutionId"":""core:sowing_sworddance"",""baseId"":""core:iron_blade""},{""tick"":781,""evolutionId"":""core:sheltered_sowing"",""baseId"":""core:seed_bag""}]","{""core:carpenter_hammer"":{""building"":30},""core:hedge_drum"":{""building"":37,""people"":240},""core:muster_horn"":{""people"":1230},""core:seed_bag"":{""land"":18}}","raw/people__C__43.results.json","0e01cddd2032dd1b8fa8b95a68fe532612313e1f6e3a87b4e6b0e6811d843983","raw/people__C__43.metrics.json","69c64458bf766621c3885865546f97b9f8baec7e0f886bc1abc597c3d9aa6a96"
"people__C__44","people","C","44","3","21600","true","duration","","66","3","B9AC51952392603E0ED7677EA33C87A450B09B7ADCDC196E64E3F07CEC54C5A1","10143","26907","97054","14461","60","22430","11715","0","22","21600","2261","781","0","0","5","18","1","[""core:ember_wand"",""core:harvest_scythe"",""core:iron_blade"",""core:ward_orbit"",""core:muster_horn"",""core:seed_bag""]","[""core:guarded_harvest"",""core:meal_oath"",""core:rally_boundary""]","{""core:guarded_harvest"":6,""core:meal_oath"":15,""core:rally_boundary"":5}","{""core:levy_bread_wrap"":4,""core:meadow_buckle"":2,""core:muster_roll"":4,""core:return_path_knot"":4,""core:root_binding_cord"":2,""core:seed_pouch_lining"":6}","[""core:sowing_sworddance""]","[{""tick"":0,""evolutionId"":""core:sowing_sworddance"",""baseId"":""core:iron_blade""}]","{""core:muster_horn"":{""people"":1049},""core:seed_bag"":{""land"":15}}","raw/people__C__44.results.json","eaf625b9e1d8e3393109f4b79fae2f079d89e4b20122b6dd3afd175fde24384c","raw/people__C__44.metrics.json","65efa2e2afdb9bdf8dac30d096752fa733feea1acdd58f99f0305afd3892ae3e"
"people__C__45","people","C","45","3","21600","true","duration","","73","3","85217C5353AACB64B4116AB981583B8B599267CE01561F3E48109E1001B14414","9656","20193","87607","37854","167","23678","12675","5064","35","21600","2347","845","7","2","10","27","1","[""core:ember_wand"",""core:harvest_scythe"",""core:iron_blade"",""core:ward_orbit"",""core:carpenter_hammer"",""core:muster_horn"",""core:seed_bag""]","[""core:guarded_harvest"",""core:meal_oath"",""core:rally_boundary""]","{""core:guarded_harvest"":6,""core:meal_oath"":18,""core:rally_boundary"":11}","{""core:joiner_square"":1,""core:levy_bread_wrap"":2,""core:meadow_buckle"":2,""core:muster_roll"":1,""core:return_path_knot"":4,""core:root_binding_cord"":5,""core:scaffold_step"":2,""core:seed_pouch_lining"":3,""core:shock_absorber_pad"":2,""core:wind_seed_flag"":2}","[""core:sheltered_sowing"",""core:sowing_sworddance""]","[{""tick"":0,""evolutionId"":""core:sowing_sworddance"",""baseId"":""core:iron_blade""},{""tick"":8144,""evolutionId"":""core:sheltered_sowing"",""baseId"":""core:seed_bag""}]","{""core:carpenter_hammer"":{""building"":110},""core:muster_horn"":{""people"":1740},""core:seed_bag"":{""land"":24}}","raw/people__C__45.results.json","a9a42b21d73e039b1a5781fcf8999a2fce78eb43eb201880a65b8e2ad005f39e","raw/people__C__45.metrics.json","1d4ca9bf026a979071a61052107c900a60b5f6389e82bceba4370b893b1d089a"
"people__C__46","people","C","46","3","21600","true","duration","","68","3","4E581848A467439FF487FB60F7506A6F5ED6034DC4A8AB034C1A5F1169B58AF6","9320","16579","73629","50305","14","22936","8175","4800","33","21520","2268","545","11","11","0","9","1","[""core:ember_wand"",""core:harvest_scythe"",""core:iron_blade"",""core:ward_orbit"",""core:carpenter_hammer"",""core:hedge_drum"",""core:muster_horn"",""core:seed_bag""]","[""core:guarded_harvest"",""core:meal_oath"",""core:rally_boundary"",""core:repair_tithe""]","{""core:guarded_harvest"":11,""core:meal_oath"":20,""core:rally_boundary"":7,""core:repair_tithe"":6}","{""core:joiner_square"":5,""core:levy_bread_wrap"":1,""core:meadow_buckle"":3,""core:return_path_knot"":2,""core:root_binding_cord"":3,""core:ruin_keystone"":3,""core:scaffold_step"":1,""core:seed_pouch_lining"":3,""core:shock_absorber_pad"":2,""core:wind_seed_flag"":1}","[""core:sheltered_sowing"",""core:sowing_sworddance""]","[{""tick"":0,""evolutionId"":""core:sowing_sworddance"",""baseId"":""core:iron_blade""},{""tick"":3282,""evolutionId"":""core:sheltered_sowing"",""baseId"":""core:seed_bag""}]","{""core:carpenter_hammer"":{""building"":11},""core:hedge_drum"":{""building"":88,""people"":584},""core:muster_horn"":{""people"":1346},""core:seed_bag"":{""land"":31}}","raw/people__C__46.results.json","6654170c8e0839c5b98432f7eba69e312997e8bf0a6985b4ae595b1881d314c1","raw/people__C__46.metrics.json","2733856b0c4e56ab9d18462f84ce6712c6048b529913fb4cdd7079e381570437"
"people__C__47","people","C","47","3","21600","true","duration","","79","3","DFEB6C3582CAE42DE2A87A38AC171DE3E9C8C221345302B1B2BE9D15035DFCD5","9959","37890","42836","70035","427","24476","16500","7080","47","21600","2465","1100","13","13","11","16","1","[""core:ember_wand"",""core:harvest_scythe"",""core:iron_blade"",""core:ward_orbit"",""core:carpenter_hammer"",""core:hedge_drum"",""core:muster_horn"",""core:seed_bag""]","[""core:guarded_harvest"",""core:meal_oath"",""core:rally_boundary"",""core:repair_tithe""]","{""core:guarded_harvest"":13,""core:meal_oath"":20,""core:rally_boundary"":16,""core:repair_tithe"":3}","{""core:boundary_hinge"":2,""core:joiner_square"":4,""core:levy_bread_wrap"":3,""core:meadow_buckle"":4,""core:muster_roll"":2,""core:return_path_knot"":1,""core:root_binding_cord"":1,""core:ruin_keystone"":1,""core:seed_pouch_lining"":2,""core:shock_absorber_pad"":2,""core:wind_seed_flag"":2}","[""core:sheltered_sowing"",""core:sowing_sworddance""]","[{""tick"":0,""evolutionId"":""core:sowing_sworddance"",""baseId"":""core:iron_blade""},{""tick"":457,""evolutionId"":""core:sheltered_sowing"",""baseId"":""core:seed_bag""}]","{""core:carpenter_hammer"":{""building"":43},""core:hedge_drum"":{""building"":62,""people"":611},""core:muster_horn"":{""people"":551},""core:seed_bag"":{""land"":46}}","raw/people__C__47.results.json","59929b07739a762f23b72e6285e2b55539fdf0e4cabc1f5af308931eaeee2184","raw/people__C__47.metrics.json","6a91b88014c326d0e9e7cba89daf29577a0ac955708a7337d00a5ef91f27b1da"
"people__C__48","people","C","48","3","21600","true","duration","","79","3","01AFC6A17E1EBF13F9A28E206CD7F7121540E10524B0A895C1E88BAC068D6ADC","9592","39708","53655","56069","8","24282","15540","8664","38","21499","2417","1036","13","13","4","8","1","[""core:ember_wand"",""core:harvest_scythe"",""core:iron_blade"",""core:ward_orbit"",""core:carpenter_hammer"",""core:hedge_drum"",""core:muster_horn"",""core:seed_bag""]","[""core:guarded_harvest"",""core:meal_oath"",""core:rally_boundary"",""core:repair_tithe""]","{""core:guarded_harvest"":7,""core:meal_oath"":12,""core:rally_boundary"":20,""core:repair_tithe"":6}","{""core:boundary_hinge"":3,""core:joiner_square"":2,""core:meadow_buckle"":1,""core:muster_roll"":1,""core:return_path_knot"":1,""core:root_binding_cord"":4,""core:ruin_keystone"":2,""core:scaffold_step"":2,""core:seed_pouch_lining"":2,""core:shock_absorber_pad"":2,""core:wind_seed_flag"":2}","[""core:sheltered_sowing"",""core:sowing_sworddance""]","[{""tick"":0,""evolutionId"":""core:sowing_sworddance"",""baseId"":""core:iron_blade""},{""tick"":8628,""evolutionId"":""core:sheltered_sowing"",""baseId"":""core:seed_bag""}]","{""core:carpenter_hammer"":{""building"":5},""core:hedge_drum"":{""building"":83,""people"":637},""core:muster_horn"":{""people"":926},""core:seed_bag"":{""land"":35}}","raw/people__C__48.results.json","ae771523212f4f75a02dbb1a86bfba9a1103f4395195dbc8da13a006b64a3b06","raw/people__C__48.metrics.json","02485e67ecd25491798c4e201c3b2e3b4b6ee0fa634dac4d12726796187338ae"
"people__C__49","people","C","49","3","21600","true","duration","","67","3","B24D86BFCAC8F37A2F5983FCFE6AD3ECDF29EC64B25B78C4C43746A831D20B9B","9501","38377","94079","8835","0","23036","10920","1116","33","21600","2298","728","0","0","11","28","1","[""core:ember_wand"",""core:harvest_scythe"",""core:iron_blade"",""core:ward_orbit"",""core:carpenter_hammer"",""core:muster_horn"",""core:seed_bag""]","[""core:guarded_harvest"",""core:meal_oath"",""core:rally_boundary""]","{""core:guarded_harvest"":7,""core:meal_oath"":18,""core:rally_boundary"":8}","{""core:boundary_hinge"":1,""core:joiner_square"":1,""core:levy_bread_wrap"":2,""core:meadow_buckle"":3,""core:muster_roll"":1,""core:return_path_knot"":5,""core:root_binding_cord"":4,""core:seed_pouch_lining"":2,""core:shock_absorber_pad"":1,""core:wind_seed_flag"":4}","[""core:sheltered_sowing"",""core:sowing_sworddance""]","[{""tick"":0,""evolutionId"":""core:sowing_sworddance"",""baseId"":""core:iron_blade""},{""tick"":16388,""evolutionId"":""core:sheltered_sowing"",""baseId"":""core:seed_bag""}]","{""core:carpenter_hammer"":{""building"":50},""core:muster_horn"":{""people"":1529},""core:seed_bag"":{""land"":32}}","raw/people__C__49.results.json","1ffc100ad576be65ac5d4f973bb93925c883e7d8eff542d1a62ebff175fed545","raw/people__C__49.metrics.json","fed6d4c811888209ce869bb8da6a8b78d26b1e2d37e188ebf2e543f0de956610"
"people__C__50","people","C","50","3","21600","true","duration","","70","3","237A94332FA30333842C0AFEF82724C4C2296C0D3896C52C74A63D0428D0AEF8","10429","29053","99454","17113","879","23928","14055","0","25","21539","2383","937","0","0","20","28","1","[""core:ember_wand"",""core:harvest_scythe"",""core:iron_blade"",""core:ward_orbit"",""core:muster_horn"",""core:seed_bag""]","[""core:guarded_harvest"",""core:meal_oath"",""core:rally_boundary""]","{""core:guarded_harvest"":7,""core:meal_oath"":14,""core:rally_boundary"":14}","{""core:levy_bread_wrap"":4,""core:meadow_buckle"":5,""core:muster_roll"":3,""core:return_path_knot"":2,""core:root_binding_cord"":1,""core:seed_pouch_lining"":4,""core:wind_seed_flag"":5}","[""core:sowing_sworddance""]","[{""tick"":0,""evolutionId"":""core:sowing_sworddance"",""baseId"":""core:iron_blade""}]","{""core:muster_horn"":{""people"":1319},""core:seed_bag"":{""land"":30}}","raw/people__C__50.results.json","9e7a24957e3e509e4f24ad826c7ff9b569f8449bb4471a62cb01e3bdc308cc79","raw/people__C__50.metrics.json","8182593d30b1349de1f72bf8c9aaac9b0a3aba3ed1aed64f163b64cf8e2c427e"
"people__C__51","people","C","51","3","21600","true","duration","","77","3","684711C44283D100A037B061C4311AF741665BB67D76A7C92C065E960E725DD7","8995","16233","51333","72548","0","22778","11505","11364","1","21600","2328","767","5","4","3","7","1","[""core:ember_wand"",""core:harvest_scythe"",""core:iron_blade"",""core:ward_orbit"",""core:carpenter_hammer"",""core:hedge_drum"",""core:muster_horn"",""core:seed_bag""]","[""core:guarded_harvest"",""core:meal_oath"",""core:rally_boundary"",""core:repair_tithe""]","{""core:guarded_harvest"":9,""core:meal_oath"":6,""core:rally_boundary"":8,""core:repair_tithe"":4}","{""core:boundary_hinge"":4,""core:joiner_square"":3,""core:levy_bread_wrap"":2,""core:meadow_buckle"":2,""core:muster_roll"":5,""core:root_binding_cord"":1,""core:ruin_keystone"":3,""core:scaffold_step"":3,""core:wind_seed_flag"":1}","[""core:sheltered_sowing"",""core:sowing_sworddance""]","[{""tick"":0,""evolutionId"":""core:sowing_sworddance"",""baseId"":""core:iron_blade""},{""tick"":2754,""evolutionId"":""core:sheltered_sowing"",""baseId"":""core:seed_bag""}]","{""core:carpenter_hammer"":{""building"":22},""core:hedge_drum"":{""building"":95,""people"":632},""core:muster_horn"":{""people"":624},""core:seed_bag"":{""land"":24}}","raw/people__C__51.results.json","918cdc56b30ab908eaeb36e657451c2a851ecd08adae566d1e8295b4e72dd9fe","raw/people__C__51.metrics.json","edbd46f1e499660e02d8c4a76a18688dbfd004ef6450a81dd165cd88dadd81a9"
"people__C__52","people","C","52","3","21600","true","duration","","75","3","FEEBE9BC558D7E12F7B47AF604C9AC8E6A121448BBC957C763F557556956BE2A","9608","43814","64512","44323","28","24806","16545","2400","53","21427","2433","1103","6","1","11","20","1","[""core:ember_wand"",""core:harvest_scythe"",""core:iron_blade"",""core:ward_orbit"",""core:hedge_drum"",""core:muster_horn"",""core:seed_bag""]","[""core:guarded_harvest"",""core:meal_oath"",""core:rally_boundary""]","{""core:guarded_harvest"":8,""core:meal_oath"":15,""core:rally_boundary"":22}","{""core:boundary_hinge"":1,""core:levy_bread_wrap"":3,""core:meadow_buckle"":4,""core:muster_roll"":3,""core:return_path_knot"":3,""core:root_binding_cord"":3,""core:scaffold_step"":1,""core:seed_pouch_lining"":4,""core:wind_seed_flag"":2}","[""core:sowing_sworddance""]","[{""tick"":0,""evolutionId"":""core:sowing_sworddance"",""baseId"":""core:iron_blade""}]","{""core:hedge_drum"":{""building"":53,""people"":424},""core:muster_horn"":{""people"":1078},""core:seed_bag"":{""land"":30}}","raw/people__C__52.results.json","7f9f33ecabde51c00d120b2d0bcbd957d2052c4f317b002743e862aecbc8ef28","raw/people__C__52.metrics.json","75f709381863c9b40aad80ba54b4374109572b1f156cbfd6928e916301e1e68c"
"people__C__53","people","C","53","3","21600","true","duration","","70","3","D70DD372B3CD4BB29A2694F79CF6551A4043F947C91D01D856071CDD41FADA62","9807","41790","94022","10429","71","23750","13710","0","42","21442","2348","914","0","0","5","42","1","[""core:ember_wand"",""core:harvest_scythe"",""core:iron_blade"",""core:ward_orbit"",""core:muster_horn"",""core:seed_bag""]","[""core:guarded_harvest"",""core:meal_oath"",""core:rally_boundary""]","{""core:guarded_harvest"":5,""core:meal_oath"":18,""core:rally_boundary"":14}","{""core:levy_bread_wrap"":4,""core:meadow_buckle"":1,""core:muster_roll"":1,""core:return_path_knot"":6,""core:root_binding_cord"":5,""core:seed_pouch_lining"":2,""core:wind_seed_flag"":5}","[""core:sowing_sworddance""]","[{""tick"":0,""evolutionId"":""core:sowing_sworddance"",""baseId"":""core:iron_blade""}]","{""core:muster_horn"":{""people"":1705},""core:seed_bag"":{""land"":30}}","raw/people__C__53.results.json","71a208b1f7f1421acc4c12d0a731f69228f2e188eaee2d05a8a929329405b055","raw/people__C__53.metrics.json","1900d5032730c67a76bbeffa870d447fc2ea7fdec7fc429e951662a2c888fdb2"
"people__C__54","people","C","54","3","21600","true","duration","","75","3","31097C24DCB0FCD00C34EFD1A2CA6F326A4191D46A1EB69BD06968AEA27F156E","10921","33089","99421","22721","161","25246","17595","0","44","21600","2506","1173","0","0","10","48","1","[""core:ember_wand"",""core:harvest_scythe"",""core:iron_blade"",""core:ward_orbit"",""core:muster_horn"",""core:seed_bag""]","[""core:guarded_harvest"",""core:meal_oath"",""core:rally_boundary""]","{""core:guarded_harvest"":15,""core:meal_oath"":12,""core:rally_boundary"":15}","{""core:levy_bread_wrap"":4,""core:meadow_buckle"":3,""core:muster_roll"":4,""core:return_path_knot"":5,""core:root_binding_cord"":6,""core:wind_seed_flag"":2}","[""core:sowing_sworddance""]","[{""tick"":0,""evolutionId"":""core:sowing_sworddance"",""baseId"":""core:iron_blade""}]","{""core:muster_horn"":{""people"":1413},""core:seed_bag"":{""land"":43}}","raw/people__C__54.results.json","603be9645d1eb50c3ac1453b48fb1d9d6c38863064aaebf9b2b1ee0212e36339","raw/people__C__54.metrics.json","2fe26543b919c2e3ba5a79b44a165a2692f97abecaa7564a97bdd7d1e720ea81"
"people__C__55","people","C","55","3","21600","true","duration","","75","3","52E08BF1F4EC03E7FAD45F189004811B72C1E8345A4548DD6CBD096639B3CBF8","9307","40146","45144","63957","65","24274","11505","7584","52","21589","2417","767","35","33","5","19","1","[""core:ember_wand"",""core:harvest_scythe"",""core:iron_blade"",""core:ward_orbit"",""core:carpenter_hammer"",""core:hedge_drum"",""core:muster_horn"",""core:seed_bag""]","[""core:guarded_harvest"",""core:meal_oath"",""core:rally_boundary"",""core:repair_tithe""]","{""core:guarded_harvest"":11,""core:meal_oath"":5,""core:rally_boundary"":16,""core:repair_tithe"":4}","{""core:boundary_hinge"":4,""core:joiner_square"":2,""core:levy_bread_wrap"":2,""core:meadow_buckle"":2,""core:muster_roll"":1,""core:return_path_knot"":4,""core:ruin_keystone"":1,""core:seed_pouch_lining"":3,""core:shock_absorber_pad"":2,""core:wind_seed_flag"":3}","[""core:sheltered_sowing"",""core:sowing_sworddance""]","[{""tick"":0,""evolutionId"":""core:sowing_sworddance"",""baseId"":""core:iron_blade""},{""tick"":2579,""evolutionId"":""core:sheltered_sowing"",""baseId"":""core:seed_bag""}]","{""core:carpenter_hammer"":{""building"":28},""core:hedge_drum"":{""building"":116,""people"":553},""core:muster_horn"":{""people"":753},""core:seed_bag"":{""land"":47}}","raw/people__C__55.results.json","e51558b0a01c1969c1d3bf6a029fae3066a932648e3b760159b25d8eb3ebb6e6","raw/people__C__55.metrics.json","0e234a2735b8fdd4f80f25fc27f9a8a3ce49b08f220b9aa151cff060aa1d8ab5"
"people__C__56","people","C","56","3","21600","true","duration","","77","3","52D96BCAF3F69A77AD45F4B4E70079C4254499C27ABD36C297FDC52A2CA1F0F5","10846","39727","66265","46221","594","24690","15825","4536","25","21416","2462","1055","22","20","14","12","1","[""core:ember_wand"",""core:harvest_scythe"",""core:iron_blade"",""core:ward_orbit"",""core:carpenter_hammer"",""core:hedge_drum"",""core:muster_horn"",""core:seed_bag""]","[""core:guarded_harvest"",""core:meal_oath"",""core:rally_boundary"",""core:repair_tithe""]","{""core:guarded_harvest"":6,""core:meal_oath"":14,""core:rally_boundary"":17,""core:repair_tithe"":5}","{""core:boundary_hinge"":1,""core:joiner_square"":2,""core:levy_bread_wrap"":4,""core:muster_roll"":2,""core:root_binding_cord"":4,""core:ruin_keystone"":1,""core:scaffold_step"":1,""core:seed_pouch_lining"":2,""core:shock_absorber_pad"":2,""core:wind_seed_flag"":5}","[""core:sheltered_sowing"",""core:sowing_sworddance""]","[{""tick"":0,""evolutionId"":""core:sowing_sworddance"",""baseId"":""core:iron_blade""},{""tick"":5342,""evolutionId"":""core:sheltered_sowing"",""baseId"":""core:seed_bag""}]","{""core:carpenter_hammer"":{""building"":58},""core:hedge_drum"":{""building"":31,""people"":281},""core:muster_horn"":{""people"":802},""core:seed_bag"":{""land"":41}}","raw/people__C__56.results.json","431dffb90971da6ded8bc91a34764bf1ad9298c3e8bb2a3077181491c9870451","raw/people__C__56.metrics.json","996675e4ad70f552c1d8427f0b0a0ceb52eb97adc208adc609e9f86755653a57"
"people__C__57","people","C","57","3","21600","true","duration","","74","3","C7D6E3F260F476638ECB8F37717D1EBB15A4E7F274BB0DA0C8532108C9561DB8","10146","13839","119080","12503","290","23786","18015","0","55","21541","2398","1201","0","0","5","45","1","[""core:ember_wand"",""core:harvest_scythe"",""core:iron_blade"",""core:ward_orbit"",""core:muster_horn"",""core:seed_bag""]","[""core:guarded_harvest"",""core:meal_oath"",""core:rally_boundary""]","{""core:guarded_harvest"":9,""core:meal_oath"":13,""core:rally_boundary"":13}","{""core:levy_bread_wrap"":5,""core:meadow_buckle"":1,""core:muster_roll"":2,""core:return_path_knot"":3,""core:root_binding_cord"":5,""core:seed_pouch_lining"":4,""core:wind_seed_flag"":4}","[""core:sowing_sworddance""]","[{""tick"":0,""evolutionId"":""core:sowing_sworddance"",""baseId"":""core:iron_blade""}]","{""core:muster_horn"":{""people"":2166},""core:seed_bag"":{""land"":28}}","raw/people__C__57.results.json","dd7c752752961eb587ba391aca9181a1cbba2ebb4ede6843d8085095c0f9a2a9","raw/people__C__57.metrics.json","e7f2e5d3f0b2df3322d80516d221375028dd84cd7d5a392ddc22341145012704"
"people__C__58","people","C","58","3","21600","true","duration","","73","3","8081E7E202703E0455A4836A11D362FC844CCA8360FEBB70FD622260A67B4EBD","10170","33112","93688","18455","32","23662","17895","0","45","21593","2360","1193","0","0","30","16","1","[""core:ember_wand"",""core:harvest_scythe"",""core:iron_blade"",""core:ward_orbit"",""core:muster_horn"",""core:seed_bag""]","[""core:guarded_harvest"",""core:meal_oath"",""core:rally_boundary""]","{""core:guarded_harvest"":10,""core:meal_oath"":17,""core:rally_boundary"":23}","{""core:levy_bread_wrap"":3,""core:meadow_buckle"":5,""core:muster_roll"":5,""core:root_binding_cord"":2,""core:seed_pouch_lining"":5,""core:wind_seed_flag"":4}","[""core:sowing_sworddance""]","[{""tick"":0,""evolutionId"":""core:sowing_sworddance"",""baseId"":""core:iron_blade""}]","{""core:muster_horn"":{""people"":1410},""core:seed_bag"":{""land"":28}}","raw/people__C__58.results.json","1044e61afa1c646e14dc3e6bd4fefebb0aac4126514533fd4227d27c4fc9eb3e","raw/people__C__58.metrics.json","fbfa907df22232624decfba20dc47ab13e0523bb1ca1e56c56a22b4d8ed1a320"
"people__C__59","people","C","59","3","21600","true","duration","","74","3","126F0A2FACF041A464082F6561A72A1FC7F2913EF37B20B332084140B45CB119","9837","17621","85275","41849","95","23548","12540","6360","4","21195","2320","836","13","10","0","21","1","[""core:ember_wand"",""core:harvest_scythe"",""core:iron_blade"",""core:ward_orbit"",""core:carpenter_hammer"",""core:muster_horn"",""core:seed_bag""]","[""core:guarded_harvest"",""core:meal_oath"",""core:rally_boundary"",""core:repair_tithe""]","{""core:guarded_harvest"":3,""core:meal_oath"":15,""core:rally_boundary"":19,""core:repair_tithe"":1}","{""core:joiner_square"":2,""core:levy_bread_wrap"":3,""core:meadow_buckle"":4,""core:return_path_knot"":1,""core:root_binding_cord"":2,""core:ruin_keystone"":2,""core:scaffold_step"":2,""core:seed_pouch_lining"":1,""core:shock_absorber_pad"":3,""core:wind_seed_flag"":3}","[""core:sheltered_sowing"",""core:sowing_sworddance""]","[{""tick"":0,""evolutionId"":""core:sowing_sworddance"",""baseId"":""core:iron_blade""},{""tick"":1493,""evolutionId"":""core:sheltered_sowing"",""baseId"":""core:seed_bag""}]","{""core:carpenter_hammer"":{""building"":58},""core:muster_horn"":{""people"":1864},""core:seed_bag"":{""land"":38}}","raw/people__C__59.results.json","7483b0ed9511e6e66a1b19e400d3e702959f1c46b4d722ba1e571696f6623011","raw/people__C__59.metrics.json","10d89cc8ca69296369276526aa00511b538ad27f965103288207ea13595f33d3"
"people__C__60","people","C","60","3","21600","true","duration","","80","3","83FB884BC7E8B898DC4E76BC8E05C6028C7BB19515FC9D34CE23BD19FEF688B6","9450","29108","50376","70550","71","24416","13290","11484","9","21600","2419","886","14","14","11","12","1","[""core:ember_wand"",""core:harvest_scythe"",""core:iron_blade"",""core:ward_orbit"",""core:carpenter_hammer"",""core:hedge_drum"",""core:muster_horn"",""core:seed_bag""]","[""core:guarded_harvest"",""core:meal_oath"",""core:rally_boundary"",""core:repair_tithe""]","{""core:guarded_harvest"":14,""core:meal_oath"":16,""core:rally_boundary"":8,""core:repair_tithe"":7}","{""core:levy_bread_wrap"":6,""core:meadow_buckle"":1,""core:muster_roll"":4,""core:return_path_knot"":1,""core:root_binding_cord"":4,""core:ruin_keystone"":3,""core:scaffold_step"":2,""core:seed_pouch_lining"":1,""core:shock_absorber_pad"":1,""core:wind_seed_flag"":1}","[""core:sheltered_sowing"",""core:sowing_sworddance""]","[{""tick"":0,""evolutionId"":""core:sowing_sworddance"",""baseId"":""core:iron_blade""},{""tick"":457,""evolutionId"":""core:sheltered_sowing"",""baseId"":""core:seed_bag""}]","{""core:carpenter_hammer"":{""building"":40},""core:hedge_drum"":{""building"":81,""people"":603},""core:muster_horn"":{""people"":828},""core:seed_bag"":{""land"":30}}","raw/people__C__60.results.json","aa29f9722f79d02894837e785c81a7f9a5b81b1a2341948767bf430a812b5b5f","raw/people__C__60.metrics.json","5f562e96042e1932e63e3ca886c41e6b428c87b117177d092c8943de57f82384"
"people__C__61","people","C","61","3","21600","true","duration","","79","3","CE4CA1D43388193FE109B9678D2AF51EFB5C87C97AD41004192CC565BFD4026E","9401","19682","64725","62594","8","23886","15150","9096","4","21600","2367","1010","19","19","5","7","1","[""core:ember_wand"",""core:harvest_scythe"",""core:iron_blade"",""core:ward_orbit"",""core:carpenter_hammer"",""core:hedge_drum"",""core:muster_horn"",""core:seed_bag""]","[""core:guarded_harvest"",""core:meal_oath"",""core:rally_boundary"",""core:repair_tithe""]","{""core:guarded_harvest"":12,""core:meal_oath"":16,""core:rally_boundary"":15,""core:repair_tithe"":2}","{""core:boundary_hinge"":3,""core:levy_bread_wrap"":3,""core:meadow_buckle"":1,""core:muster_roll"":2,""core:return_path_knot"":2,""core:root_binding_cord"":2,""core:ruin_keystone"":3,""core:scaffold_step"":2,""core:seed_pouch_lining"":2,""core:shock_absorber_pad"":1,""core:wind_seed_flag"":3}","[""core:sheltered_sowing"",""core:sowing_sworddance""]","[{""tick"":0,""evolutionId"":""core:sowing_sworddance"",""baseId"":""core:iron_blade""},{""tick"":2768,""evolutionId"":""core:sheltered_sowing"",""baseId"":""core:seed_bag""}]","{""core:carpenter_hammer"":{""building"":49},""core:hedge_drum"":{""building"":72,""people"":568},""core:muster_horn"":{""people"":917},""core:seed_bag"":{""land"":24}}","raw/people__C__61.results.json","1f708de603e55b1f9f4741c86bf5f8547f69194d7e9b6f8e53df3f43d5eb154f","raw/people__C__61.metrics.json","b68eb999fc7b3f1a03450535a06b2bd41abc583fe16d28ef1c4ebb4f34824fa9"
"people__C__62","people","C","62","3","21600","true","duration","","72","3","594AB39F1E79E43896A6A72D847DE93AF9F9A3ACD1069BFF842560CF2CDF0A75","9660","27041","62032","49434","216","22606","10635","6192","12","21082","2291","709","7","6","3","4","1","[""core:ember_wand"",""core:harvest_scythe"",""core:iron_blade"",""core:ward_orbit"",""core:carpenter_hammer"",""core:hedge_drum"",""core:muster_horn"",""core:seed_bag""]","[""core:guarded_harvest"",""core:meal_oath"",""core:rally_boundary""]","{""core:guarded_harvest"":8,""core:meal_oath"":11,""core:rally_boundary"":9}","{""core:boundary_hinge"":2,""core:joiner_square"":1,""core:levy_bread_wrap"":2,""core:meadow_buckle"":3,""core:muster_roll"":2,""core:return_path_knot"":1,""core:root_binding_cord"":2,""core:ruin_keystone"":1,""core:scaffold_step"":1,""core:seed_pouch_lining"":4,""core:shock_absorber_pad"":1,""core:wind_seed_flag"":3}","[""core:sheltered_sowing"",""core:sowing_sworddance""]","[{""tick"":0,""evolutionId"":""core:sowing_sworddance"",""baseId"":""core:iron_blade""},{""tick"":2594,""evolutionId"":""core:sheltered_sowing"",""baseId"":""core:seed_bag""}]","{""core:carpenter_hammer"":{""building"":68},""core:hedge_drum"":{""building"":58,""people"":192},""core:muster_horn"":{""people"":990},""core:seed_bag"":{""land"":23}}","raw/people__C__62.results.json","a9f807f94cf9ac0604ce1fc52755795c051cc211aacf2c7208734b7060658a4f","raw/people__C__62.metrics.json","384541f0535705378668760485da19b311f5b33509d1fbd4a57403dc043e356d"
"people__C__63","people","C","63","3","21600","true","duration","","72","3","44EBCAFDA27EBFA0A747452E1320E889A9BA203AD71697B27653253700587A6F","9341","28614","71110","42002","86","23156","14730","2040","74","21589","2334","982","5","1","8","13","1","[""core:ember_wand"",""core:harvest_scythe"",""core:iron_blade"",""core:ward_orbit"",""core:hedge_drum"",""core:muster_horn"",""core:seed_bag""]","[""core:guarded_harvest"",""core:meal_oath"",""core:rally_boundary""]","{""core:guarded_harvest"":7,""core:meal_oath"":14,""core:rally_boundary"":13}","{""core:boundary_hinge"":2,""core:joiner_square"":2,""core:levy_bread_wrap"":2,""core:meadow_buckle"":2,""core:muster_roll"":2,""core:return_path_knot"":2,""core:root_binding_cord"":4,""core:scaffold_step"":1,""core:seed_pouch_lining"":4,""core:wind_seed_flag"":3}","[""core:sowing_sworddance""]","[{""tick"":0,""evolutionId"":""core:sowing_sworddance"",""baseId"":""core:iron_blade""}]","{""core:hedge_drum"":{""building"":66,""people"":281},""core:muster_horn"":{""people"":932},""core:seed_bag"":{""land"":34}}","raw/people__C__63.results.json","436d24ae2716dc9e632bfe78261dd2bd97738d0e15d3b4a0ea4af2aef9f8aaaf","raw/people__C__63.metrics.json","81fd70cbc2bb836478e2f024a43feae8c8cca13d1db1d9b5dd8e564f1931a832"
"people__C__64","people","C","64","3","21600","true","duration","","73","3","58FA6B366B8B4234AB39CE3FBDD08B67932B7264A65768A72453660678523C18","9155","34760","57995","48584","40","22976","13740","4320","4","21371","2327","916","29","29","2","4","1","[""core:ember_wand"",""core:harvest_scythe"",""core:iron_blade"",""core:ward_orbit"",""core:carpenter_hammer"",""core:hedge_drum"",""core:muster_horn"",""core:seed_bag""]","[""core:guarded_harvest"",""core:meal_oath"",""core:rally_boundary"",""core:repair_tithe""]","{""core:guarded_harvest"":7,""core:meal_oath"":19,""core:rally_boundary"":7,""core:repair_tithe"":1}","{""core:boundary_hinge"":2,""core:joiner_square"":1,""core:levy_bread_wrap"":1,""core:meadow_buckle"":1,""core:muster_roll"":3,""core:return_path_knot"":3,""core:root_binding_cord"":1,""core:ruin_keystone"":2,""core:seed_pouch_lining"":3,""core:shock_absorber_pad"":5,""core:wind_seed_flag"":2}","[""core:sheltered_sowing"",""core:sowing_sworddance""]","[{""tick"":0,""evolutionId"":""core:sowing_sworddance"",""baseId"":""core:iron_blade""},{""tick"":3990,""evolutionId"":""core:sheltered_sowing"",""baseId"":""core:seed_bag""}]","{""core:carpenter_hammer"":{""building"":11},""core:hedge_drum"":{""building"":72,""people"":473},""core:muster_horn"":{""people"":1158},""core:seed_bag"":{""land"":31}}","raw/people__C__64.results.json","a50c045ac9c528e594fa7935c1e8308d4f659745a61ba4716cb1e1c398ecdf59","raw/people__C__64.metrics.json","754939395c71f3a5c03038e67d8149217c45357601bf14beb9861e79d20396d1"
"people__C__65","people","C","65","3","21600","true","duration","","66","3","DB6E570B4C211807AA409C6A8CA598A294E74BF2C51335F22A87BE854C6D2875","10366","18061","121844","82","8","22776","11205","0","10","21600","2258","747","0","0","12","10","1","[""core:ember_wand"",""core:harvest_scythe"",""core:iron_blade"",""core:ward_orbit"",""core:muster_horn"",""core:seed_bag""]","[""core:guarded_harvest"",""core:meal_oath"",""core:rally_boundary"",""core:repair_tithe""]","{""core:guarded_harvest"":10,""core:meal_oath"":10,""core:rally_boundary"":10,""core:repair_tithe"":1}","{""core:levy_bread_wrap"":5,""core:meadow_buckle"":3,""core:muster_roll"":6,""core:return_path_knot"":1,""core:root_binding_cord"":7,""core:seed_pouch_lining"":1,""core:wind_seed_flag"":1}","[""core:sowing_sworddance""]","[{""tick"":0,""evolutionId"":""core:sowing_sworddance"",""baseId"":""core:iron_blade""}]","{""core:muster_horn"":{""people"":1031},""core:seed_bag"":{""land"":12}}","raw/people__C__65.results.json","1ee46f3f84607c0ca1e6925b1750528174d6864276cd976156fd0119529c2633","raw/people__C__65.metrics.json","a5b174834230a95a913e663552533a34640331b4f9fce6b1d296f7bfc6f160e3"
"people__C__66","people","C","66","3","21600","true","duration","","70","3","881BE948E50F49CF6600B0F14CD7DDD69DED00C24DD138E991287D846AFBFCCF","10524","28065","85788","34558","167","24064","13695","0","26","21600","2338","913","0","0","31","1","1","[""core:ember_wand"",""core:harvest_scythe"",""core:iron_blade"",""core:ward_orbit"",""core:muster_horn"",""core:seed_bag""]","[""core:guarded_harvest"",""core:meal_oath"",""core:rally_boundary"",""core:repair_tithe""]","{""core:guarded_harvest"":11,""core:meal_oath"":14,""core:rally_boundary"":13,""core:repair_tithe"":1}","{""core:levy_bread_wrap"":1,""core:meadow_buckle"":7,""core:muster_roll"":6,""core:return_path_knot"":2,""core:root_binding_cord"":1,""core:seed_pouch_lining"":6,""core:wind_seed_flag"":1}","[""core:sowing_sworddance""]","[{""tick"":0,""evolutionId"":""core:sowing_sworddance"",""baseId"":""core:iron_blade""}]","{""core:muster_horn"":{""people"":1633},""core:seed_bag"":{""land"":18}}","raw/people__C__66.results.json","66cca9445082e1a6a18b76082d7069aff000ba1f6208e7f2df7ddcb76fe9870e","raw/people__C__66.metrics.json","28302324d08027f2e1a18572e9772438ac283842bfacfe90c0106996bacba224"
"people__C__67","people","C","67","3","21600","true","duration","","70","3","976E38F891B11EB40B351DD9E55DBB7D9423D0E579B4AEDDD03E3B39F6F7B921","10007","36227","103129","5503","323","23680","14160","0","29","21600","2325","944","0","0","10","26","1","[""core:ember_wand"",""core:harvest_scythe"",""core:iron_blade"",""core:ward_orbit"",""core:muster_horn"",""core:seed_bag""]","[""core:guarded_harvest"",""core:meal_oath"",""core:rally_boundary"",""core:repair_tithe""]","{""core:guarded_harvest"":6,""core:meal_oath"":12,""core:rally_boundary"":11,""core:repair_tithe"":1}","{""core:levy_bread_wrap"":3,""core:meadow_buckle"":7,""core:muster_roll"":2,""core:return_path_knot"":1,""core:root_binding_cord"":1,""core:seed_pouch_lining"":2,""core:wind_seed_flag"":6}","[""core:sowing_sworddance""]","[{""tick"":0,""evolutionId"":""core:sowing_sworddance"",""baseId"":""core:iron_blade""}]","{""core:muster_horn"":{""people"":2087},""core:seed_bag"":{""land"":18}}","raw/people__C__67.results.json","d7800eaf26afa99f59428886dab1f907f02c499ae4e1716ee9d45c9b4725d836","raw/people__C__67.metrics.json","a1c7d189f14712736d4eeb3ce0c2240929e3885db897644f74caad2401f2fd42"
"people__C__68","people","C","68","3","21600","true","duration","","71","3","D3CE143805E12AB7F1B2325B7ABC16C99E0F6E0FCE5F2192428C783CB6F91963","9563","19748","49818","71756","0","22838","6975","8916","1","21600","2269","465","14","10","0","12","1","[""core:ember_wand"",""core:harvest_scythe"",""core:iron_blade"",""core:ward_orbit"",""core:carpenter_hammer"",""core:hedge_drum"",""core:muster_horn"",""core:seed_bag""]","[""core:guarded_harvest"",""core:meal_oath"",""core:rally_boundary"",""core:repair_tithe""]","{""core:guarded_harvest"":11,""core:meal_oath"":11,""core:rally_boundary"":4,""core:repair_tithe"":3}","{""core:boundary_hinge"":5,""core:joiner_square"":1,""core:levy_bread_wrap"":3,""core:meadow_buckle"":1,""core:return_path_knot"":1,""core:root_binding_cord"":1,""core:ruin_keystone"":3,""core:scaffold_step"":2,""core:seed_pouch_lining"":1,""core:shock_absorber_pad"":5,""core:wind_seed_flag"":1}","[""core:sheltered_sowing"",""core:sowing_sworddance""]","[{""tick"":0,""evolutionId"":""core:sowing_sworddance"",""baseId"":""core:iron_blade""},{""tick"":1080,""evolutionId"":""core:sheltered_sowing"",""baseId"":""core:seed_bag""}]","{""core:carpenter_hammer"":{""building"":40},""core:hedge_drum"":{""building"":113,""people"":409},""core:muster_horn"":{""people"":668},""core:seed_bag"":{""land"":33}}","raw/people__C__68.results.json","160db78ac052d717b54f87d4d18a0eb85a203d452ea6e4dc4a4c4a05a6965031","raw/people__C__68.metrics.json","f78340be99fb0a4c9d252710be2c9ffc69465904689f0e0d4e9b1a89947b47cf"
"people__C__69","people","C","69","3","21600","true","duration","","73","3","07303EFB1374EE7D358520A841983BC08155BFA2D8D6B7931087AF583301606C","9252","14339","67587","54958","1814","22352","10320","8796","2","21581","2290","688","16","15","5","7","1","[""core:ember_wand"",""core:harvest_scythe"",""core:iron_blade"",""core:ward_orbit"",""core:carpenter_hammer"",""core:hedge_drum"",""core:muster_horn"",""core:seed_bag""]","[""core:guarded_harvest"",""core:meal_oath"",""core:rally_boundary"",""core:repair_tithe""]","{""core:guarded_harvest"":10,""core:meal_oath"":11,""core:rally_boundary"":6,""core:repair_tithe"":4}","{""core:joiner_square"":2,""core:levy_bread_wrap"":1,""core:meadow_buckle"":3,""core:muster_roll"":1,""core:return_path_knot"":4,""core:root_binding_cord"":1,""core:ruin_keystone"":3,""core:seed_pouch_lining"":3,""core:shock_absorber_pad"":1,""core:wind_seed_flag"":3}","[""core:sheltered_sowing"",""core:sowing_sworddance""]","[{""tick"":0,""evolutionId"":""core:sowing_sworddance"",""baseId"":""core:iron_blade""},{""tick"":2281,""evolutionId"":""core:sheltered_sowing"",""baseId"":""core:seed_bag""}]","{""core:carpenter_hammer"":{""building"":38},""core:hedge_drum"":{""building"":58,""people"":561},""core:muster_horn"":{""people"":770},""core:seed_bag"":{""land"":21}}","raw/people__C__69.results.json","82e0fbc4beaecf05104bdd17fbe49bbc6a3e70abd6f1cc174c30ee7d1e5a9a92","raw/people__C__69.metrics.json","9c3c69fac524688da09961f21402deb76a21f302e340c3794863b9dc8d34951a"
"people__C__70","people","C","70","3","21600","true","duration","","79","3","11602B139A6E4E5440CAB9FAC34CA88557D70F91F76943716C1722A4ED9D2CF9","9454","29365","50664","71394","0","24342","12240","11364","39","21586","2413","816","11","11","19","13","1","[""core:ember_wand"",""core:harvest_scythe"",""core:iron_blade"",""core:ward_orbit"",""core:carpenter_hammer"",""core:hedge_drum"",""core:muster_horn"",""core:seed_bag""]","[""core:guarded_harvest"",""core:meal_oath"",""core:rally_boundary"",""core:repair_tithe""]","{""core:guarded_harvest"":7,""core:meal_oath"":6,""core:rally_boundary"":14,""core:repair_tithe"":8}","{""core:joiner_square"":4,""core:levy_bread_wrap"":1,""core:meadow_buckle"":4,""core:muster_roll"":1,""core:return_path_knot"":2,""core:root_binding_cord"":2,""core:ruin_keystone"":1,""core:scaffold_step"":2,""core:seed_pouch_lining"":2,""core:shock_absorber_pad"":1,""core:wind_seed_flag"":3}","[""core:sheltered_sowing"",""core:sowing_sworddance""]","[{""tick"":0,""evolutionId"":""core:sowing_sworddance"",""baseId"":""core:iron_blade""},{""tick"":2078,""evolutionId"":""core:sheltered_sowing"",""baseId"":""core:seed_bag""}]","{""core:carpenter_hammer"":{""building"":12},""core:hedge_drum"":{""building"":83,""people"":488},""core:muster_horn"":{""people"":1335},""core:seed_bag"":{""land"":44}}","raw/people__C__70.results.json","f579559137b2a845f09540a274e0f531d3d57c055d2f1b7a2c061c9040097be0","raw/people__C__70.metrics.json","19cacdb5e0a6dcf79084ecf42e4808fa68ff4ee1c26b48788e59527c0be5d4e8"
"people__C__71","people","C","71","3","21600","true","duration","","77","3","8CD23514561A247F0C6BE279086F1C4CDCB0E099AEDC4D904FD6BDBA7D7D85F3","9869","34163","53938","58583","56","23710","15990","6204","18","21600","2424","1066","8","7","1","9","1","[""core:ember_wand"",""core:harvest_scythe"",""core:iron_blade"",""core:ward_orbit"",""core:hedge_drum"",""core:muster_horn"",""core:seed_bag""]","[""core:guarded_harvest"",""core:meal_oath"",""core:rally_boundary"",""core:repair_tithe""]","{""core:guarded_harvest"":12,""core:meal_oath"":17,""core:rally_boundary"":17,""core:repair_tithe"":5}","{""core:boundary_hinge"":5,""core:joiner_square"":5,""core:levy_bread_wrap"":1,""core:meadow_buckle"":1,""core:muster_roll"":1,""core:return_path_knot"":2,""core:root_binding_cord"":1,""core:scaffold_step"":3,""core:seed_pouch_lining"":1,""core:wind_seed_flag"":3}","[""core:sowing_sworddance""]","[{""tick"":0,""evolutionId"":""core:sowing_sworddance"",""baseId"":""core:iron_blade""}]","{""core:hedge_drum"":{""building"":61,""people"":657},""core:muster_horn"":{""people"":488},""core:seed_bag"":{""land"":48}}","raw/people__C__71.results.json","83ef0e3dfdd3e7b200789b90b30f34f1e016c41cd9febe873db3e5fdb5e5ecd2","raw/people__C__71.metrics.json","478850e77714ea85c0ab70b0aa81b62d976488c173e5e568722f9109064b09fc"
"people__C__72","people","C","72","3","21600","true","duration","","72","3","A5ADA55D7A7E9296FA71587ED2C261FA756C5665FC1CD632AA877074D76D64DC","9990","35316","101895","6465","164","23604","16200","0","16","21600","2360","1080","0","0","21","21","1","[""core:ember_wand"",""core:harvest_scythe"",""core:iron_blade"",""core:ward_orbit"",""core:muster_horn"",""core:seed_bag""]","[""core:guarded_harvest"",""core:meal_oath"",""core:rally_boundary""]","{""core:guarded_harvest"":6,""core:meal_oath"":16,""core:rally_boundary"":13}","{""core:levy_bread_wrap"":4,""core:meadow_buckle"":4,""core:muster_roll"":4,""core:return_path_knot"":5,""core:root_binding_cord"":3,""core:wind_seed_flag"":3}","[""core:sowing_sworddance""]","[{""tick"":0,""evolutionId"":""core:sowing_sworddance"",""baseId"":""core:iron_blade""}]","{""core:muster_horn"":{""people"":1308},""core:seed_bag"":{""land"":26}}","raw/people__C__72.results.json","c82db4cf9c2652f973a33214a32416c890057eb5c299c4d9702c26d77122a158","raw/people__C__72.metrics.json","a7646ff30e9297d6982386dc7dd45c481cb37431b035a12d027d9b0797becd65"
"people__C__73","people","C","73","3","21600","true","duration","","77","3","1A6D5ABAD4EE387C767AF8B9B647AC44B7A7A9C2796FEEED1FCFBEC621D90B3D","9745","35226","58141","58515","574","24592","15045","6252","30","21481","2409","1003","21","21","1","19","1","[""core:ember_wand"",""core:harvest_scythe"",""core:iron_blade"",""core:ward_orbit"",""core:carpenter_hammer"",""core:hedge_drum"",""core:muster_horn"",""core:seed_bag""]","[""core:guarded_harvest"",""core:meal_oath"",""core:rally_boundary"",""core:repair_tithe""]","{""core:guarded_harvest"":4,""core:meal_oath"":17,""core:rally_boundary"":19,""core:repair_tithe"":1}","{""core:boundary_hinge"":1,""core:joiner_square"":3,""core:levy_bread_wrap"":2,""core:meadow_buckle"":1,""core:muster_roll"":1,""core:return_path_knot"":3,""core:root_binding_cord"":3,""core:scaffold_step"":1,""core:seed_pouch_lining"":4,""core:shock_absorber_pad"":1,""core:wind_seed_flag"":4}","[""core:sheltered_sowing"",""core:sowing_sworddance""]","[{""tick"":0,""evolutionId"":""core:sowing_sworddance"",""baseId"":""core:iron_blade""},{""tick"":457,""evolutionId"":""core:sheltered_sowing"",""baseId"":""core:seed_bag""}]","{""core:carpenter_hammer"":{""building"":35},""core:hedge_drum"":{""building"":59,""people"":572},""core:muster_horn"":{""people"":1370},""core:seed_bag"":{""land"":47}}","raw/people__C__73.results.json","2e3c50eab2f37387f7232a56afe40e88bc491e943af92aa8b9ac3dd8f8dc5c94","raw/people__C__73.metrics.json","1c22e9d2556e9d189d6d9d9a853030f7f4bffdc3a228db00b87910ab146d7c44"
"mixed__A__42","mixed","A","42","3","21600","true","duration","","73","3","F18AD75D594D8CD057F064BFF47520DAA8601A1D2AFD2D3F6F8CE5DCD6A1393A","9744","14573","67045","58617","8","22814","8310","9852","21","21600","2298","554","18","17","0","45","1","[""core:ember_wand"",""core:harvest_scythe"",""core:iron_blade"",""core:ward_orbit"",""core:carpenter_hammer"",""core:hedge_drum"",""core:muster_horn"",""core:seed_bag""]","[""core:guarded_harvest"",""core:meal_oath"",""core:rally_boundary"",""core:repair_tithe""]","{""core:guarded_harvest"":11,""core:meal_oath"":8,""core:rally_boundary"":9,""core:repair_tithe"":4}","{""core:boundary_hinge"":2,""core:levy_bread_wrap"":1,""core:meadow_buckle"":2,""core:muster_roll"":1,""core:return_path_knot"":3,""core:root_binding_cord"":1,""core:ruin_keystone"":4,""core:scaffold_step"":3,""core:seed_pouch_lining"":2,""core:shock_absorber_pad"":3,""core:wind_seed_flag"":2}","[""core:sheltered_sowing"",""core:sowing_sworddance""]","[{""tick"":0,""evolutionId"":""core:sowing_sworddance"",""baseId"":""core:iron_blade""},{""tick"":2699,""evolutionId"":""core:sheltered_sowing"",""baseId"":""core:seed_bag""}]","{""core:carpenter_hammer"":{""building"":5},""core:hedge_drum"":{""building"":99,""people"":37},""core:muster_horn"":{""people"":45},""core:seed_bag"":{""land"":35}}","raw/mixed__A__42.results.json","5bc2ea6a81c851e8e1bd086b80c364b888c2661101373091f4c61509f7558b8c","raw/mixed__A__42.metrics.json","11a2469ec80f25dab0dac1f16086802c65afe784c9b19bb9687e11cc1908cf69"
"mixed__A__43","mixed","A","43","3","21600","true","duration","","70","3","6FC76EFACD91ADDA338E48C39C84A2132E60BF61BE0E11B5E2A4796E4CDC563E","10199","37442","90208","20335","205","24204","11580","2496","18","21171","2423","772","21","20","0","59","1","[""core:ember_wand"",""core:harvest_scythe"",""core:iron_blade"",""core:ward_orbit"",""core:carpenter_hammer"",""core:hedge_drum"",""core:muster_horn"",""core:seed_bag""]","[""core:guarded_harvest"",""core:meal_oath"",""core:rally_boundary""]","{""core:guarded_harvest"":11,""core:meal_oath"":6,""core:rally_boundary"":9}","{""core:boundary_hinge"":1,""core:levy_bread_wrap"":4,""core:meadow_buckle"":3,""core:muster_roll"":3,""core:root_binding_cord"":3,""core:ruin_keystone"":4,""core:seed_pouch_lining"":2,""core:shock_absorber_pad"":3,""core:wind_seed_flag"":1}","[""core:sheltered_sowing"",""core:sowing_sworddance""]","[{""tick"":0,""evolutionId"":""core:sowing_sworddance"",""baseId"":""core:iron_blade""},{""tick"":5982,""evolutionId"":""core:sheltered_sowing"",""baseId"":""core:seed_bag""}]","{""core:carpenter_hammer"":{""building"":84},""core:hedge_drum"":{""building"":79},""core:muster_horn"":{""people"":59},""core:seed_bag"":{""land"":62}}","raw/mixed__A__43.results.json","6a9eb2e11d5c605f4584e2ea5317c0cefc3c2bdbdd8c20b70ab6ba9aae969ed3","raw/mixed__A__43.metrics.json","c031875dbad86405109c03cc42f86ee460ecda17ee5cb5e31394003733ff088e"
"mixed__A__44","mixed","A","44","3","21600","true","duration","","61","3","263AF5238CF0E84186623E1353FFBE857B61EB610FD564E45D7CA0910EBA080A","10402","26196","110962","97","68","22362","6450","0","21","21600","2256","430","0","0","0","41","1","[""core:ember_wand"",""core:harvest_scythe"",""core:iron_blade"",""core:ward_orbit"",""core:muster_horn"",""core:seed_bag""]","[""core:guarded_harvest"",""core:meal_oath"",""core:rally_boundary"",""core:repair_tithe""]","{""core:guarded_harvest"":5,""core:meal_oath"":2,""core:rally_boundary"":6,""core:repair_tithe"":2}","{""core:levy_bread_wrap"":3,""core:meadow_buckle"":7,""core:muster_roll"":1,""core:return_path_knot"":3,""core:root_binding_cord"":2,""core:seed_pouch_lining"":7,""core:wind_seed_flag"":1}","[""core:sowing_sworddance""]","[{""tick"":0,""evolutionId"":""core:sowing_sworddance"",""baseId"":""core:iron_blade""}]","{""core:muster_horn"":{""people"":41},""core:seed_bag"":{""land"":33}}","raw/mixed__A__44.results.json","f5782e8c17df2d1e8d80465f5d3aeffbaf85b0d889921bc7f4bd09dcb1f4c82a","raw/mixed__A__44.metrics.json","02332264af75d0a4e0bd243df1ef0a80d9e771e4cd496e66be338c9d01e46e1f"
"mixed__A__45","mixed","A","45","3","21600","true","duration","","69","3","80ECA80664E266BA3050C1D726C5A58D8818768639FDB76AA1EE0F46FBA03D2A","12311","25860","73450","43471","205","23058","6885","6636","18","21600","2313","459","11","6","0","47","1","[""core:ember_wand"",""core:harvest_scythe"",""core:iron_blade"",""core:ward_orbit"",""core:carpenter_hammer"",""core:hedge_drum"",""core:muster_horn"",""core:seed_bag""]","[""core:guarded_harvest"",""core:meal_oath"",""core:rally_boundary""]","{""core:guarded_harvest"":16,""core:meal_oath"":4,""core:rally_boundary"":4}","{""core:joiner_square"":1,""core:levy_bread_wrap"":3,""core:meadow_buckle"":2,""core:muster_roll"":4,""core:return_path_knot"":3,""core:root_binding_cord"":2,""core:scaffold_step"":1,""core:seed_pouch_lining"":2,""core:shock_absorber_pad"":4,""core:wind_seed_flag"":2}","[""core:sheltered_sowing"",""core:sowing_sworddance""]","[{""tick"":0,""evolutionId"":""core:sowing_sworddance"",""baseId"":""core:iron_blade""},{""tick"":8626,""evolutionId"":""core:sheltered_sowing"",""baseId"":""core:seed_bag""}]","{""core:carpenter_hammer"":{""building"":96},""core:hedge_drum"":{""building"":121},""core:muster_horn"":{""people"":47},""core:seed_bag"":{""land"":34}}","raw/mixed__A__45.results.json","f7fdfa0903d978e84ee4368ee8376e79e814fd98d223835714ed12c076490651","raw/mixed__A__45.metrics.json","ad0150dcff7e0626f3bc7f38d6202eea29d7d6119ea7b744a9f03b9b2f9bce68"
"mixed__A__46","mixed","A","46","3","21600","true","duration","","68","3","873220125F56E6117D676A1DA88C11070A8EA14DB48357A6587CC813AFA5DD02","9982","40710","75697","25254","48","23020","9150","3348","30","21480","2345","610","15","7","0","44","1","[""core:ember_wand"",""core:harvest_scythe"",""core:iron_blade"",""core:ward_orbit"",""core:hedge_drum"",""core:muster_horn"",""core:seed_bag""]","[""core:guarded_harvest"",""core:meal_oath"",""core:rally_boundary""]","{""core:guarded_harvest"":6,""core:meal_oath"":2,""core:rally_boundary"":11}","{""core:joiner_square"":5,""core:levy_bread_wrap"":2,""core:meadow_buckle"":4,""core:muster_roll"":3,""core:return_path_knot"":2,""core:root_binding_cord"":3,""core:seed_pouch_lining"":3,""core:wind_seed_flag"":2}","[""core:sowing_sworddance""]","[{""tick"":0,""evolutionId"":""core:sowing_sworddance"",""baseId"":""core:iron_blade""}]","{""core:hedge_drum"":{""building"":150},""core:muster_horn"":{""people"":44},""core:seed_bag"":{""land"":64}}","raw/mixed__A__46.results.json","7d774443aa154f571cdec787371dbb4ec501b5a893992eaca4e5a6a6a7592ade","raw/mixed__A__46.metrics.json","4a217f77c8758ed69665cb45219ee05e560b87bfc25105737948792dcf3cc10f"
"mixed__A__47","mixed","A","47","3","21600","true","duration","","71","3","36FF54F2AB669CF53C1CED7368F6E46C08259798703088C85F05E729375DA3B7","9431","26518","49635","66749","256","23272","6000","9804","8","21600","2331","400","7","5","0","50","1","[""core:ember_wand"",""core:harvest_scythe"",""core:iron_blade"",""core:ward_orbit"",""core:carpenter_hammer"",""core:hedge_drum"",""core:muster_horn"",""core:seed_bag""]","[""core:guarded_harvest"",""core:meal_oath"",""core:rally_boundary"",""core:repair_tithe""]","{""core:guarded_harvest"":8,""core:meal_oath"":10,""core:rally_boundary"":6,""core:repair_tithe"":6}","{""core:boundary_hinge"":3,""core:joiner_square"":3,""core:meadow_buckle"":3,""core:muster_roll"":2,""core:return_path_knot"":2,""core:root_binding_cord"":1,""core:ruin_keystone"":2,""core:scaffold_step"":2,""core:seed_pouch_lining"":3,""core:shock_absorber_pad"":3}","[""core:sheltered_sowing"",""core:sowing_sworddance""]","[{""tick"":0,""evolutionId"":""core:sowing_sworddance"",""baseId"":""core:iron_blade""},{""tick"":457,""evolutionId"":""core:sheltered_sowing"",""baseId"":""core:seed_bag""}]","{""core:carpenter_hammer"":{""building"":73},""core:hedge_drum"":{""building"":93},""core:muster_horn"":{""people"":50},""core:seed_bag"":{""land"":27}}","raw/mixed__A__47.results.json","d0248cf9f240e50a7b61723093c0e19f9ef53b4de60a2d105eb2d6c3cd0559d6","raw/mixed__A__47.metrics.json","78d5564c379ae2e704567ea525978bd2cce7e7b6086f1d8b0ded6e9678fe02ed"
"mixed__A__48","mixed","A","48","3","21600","true","duration","","73","3","F6CDA9993810B6DA5AC0F991CA11F642F7919F3DA8CC2E703F1A679460387443","9646","18861","68887","52568","8","22822","9090","9000","15","21600","2320","606","13","11","0","47","1","[""core:ember_wand"",""core:harvest_scythe"",""core:iron_blade"",""core:ward_orbit"",""core:carpenter_hammer"",""core:hedge_drum"",""core:muster_horn"",""core:seed_bag""]","[""core:guarded_harvest"",""core:meal_oath"",""core:rally_boundary"",""core:repair_tithe""]","{""core:guarded_harvest"":10,""core:meal_oath"":5,""core:rally_boundary"":6,""core:repair_tithe"":8}","{""core:boundary_hinge"":1,""core:joiner_square"":3,""core:levy_bread_wrap"":2,""core:meadow_buckle"":3,""core:return_path_knot"":4,""core:root_binding_cord"":2,""core:ruin_keystone"":1,""core:scaffold_step"":3,""core:seed_pouch_lining"":3,""core:shock_absorber_pad"":1,""core:wind_seed_flag"":1}","[""core:sheltered_sowing"",""core:sowing_sworddance""]","[{""tick"":0,""evolutionId"":""core:sowing_sworddance"",""baseId"":""core:iron_blade""},{""tick"":1036,""evolutionId"":""core:sheltered_sowing"",""baseId"":""core:seed_bag""}]","{""core:carpenter_hammer"":{""building"":18},""core:hedge_drum"":{""building"":55},""core:muster_horn"":{""people"":47},""core:seed_bag"":{""land"":35}}","raw/mixed__A__48.results.json","591cdd0f5573fb823be6d1451141b097e49e88487801297a64ea995d4c62583a","raw/mixed__A__48.metrics.json","2dff9e2a1727b535e60e00f2cb403287ea4d7fac1f5ec8f90ad44ce9b926cbd7"
"mixed__A__49","mixed","A","49","3","21600","true","duration","","71","3","D15DD1F67E40789E57502B4A9D7309FBC2F74CA021AB1B7EFC99214F230272E9","10549","24155","87410","34752","1047","24090","9825","4836","2","21600","2420","655","14","11","0","59","1","[""core:ember_wand"",""core:harvest_scythe"",""core:iron_blade"",""core:ward_orbit"",""core:carpenter_hammer"",""core:hedge_drum"",""core:muster_horn"",""core:seed_bag""]","[""core:guarded_harvest"",""core:meal_oath"",""core:rally_boundary"",""core:repair_tithe""]","{""core:guarded_harvest"":17,""core:meal_oath"":2,""core:rally_boundary"":9,""core:repair_tithe"":6}","{""core:joiner_square"":1,""core:levy_bread_wrap"":4,""core:meadow_buckle"":2,""core:muster_roll"":2,""core:return_path_knot"":1,""core:root_binding_cord"":5,""core:scaffold_step"":2,""core:seed_pouch_lining"":3,""core:wind_seed_flag"":4}","[""core:sheltered_sowing"",""core:sowing_sworddance""]","[{""tick"":0,""evolutionId"":""core:sowing_sworddance"",""baseId"":""core:iron_blade""},{""tick"":13766,""evolutionId"":""core:sheltered_sowing"",""baseId"":""core:seed_bag""}]","{""core:hedge_drum"":{""building"":84},""core:muster_horn"":{""people"":59},""core:seed_bag"":{""land"":41}}","raw/mixed__A__49.results.json","3dfa81eef4392f13b3381ee0a716a32a4eb03e463502e4e7ab083b9de553947a","raw/mixed__A__49.metrics.json","eb918e7e7df3271073caefa82d34b6c93a9672cfe757a6968ef041480744081d"
"mixed__A__50","mixed","A","50","3","21600","true","duration","","59","3","9A24D3A6B5B99527BCCEEA7FF66E6A004CFF865171731B4E269B373FBB04A4FE","15542","48502","82922","1184","4018","22226","5145","0","9","21510","2295","343","0","0","0","31","1","[""core:ember_wand"",""core:harvest_scythe"",""core:iron_blade"",""core:ward_orbit"",""core:muster_horn"",""core:seed_bag""]","[""core:guarded_harvest"",""core:meal_oath"",""core:rally_boundary"",""core:repair_tithe""]","{""core:guarded_harvest"":17,""core:meal_oath"":3,""core:rally_boundary"":6,""core:repair_tithe"":2}","{""core:levy_bread_wrap"":1,""core:meadow_buckle"":2,""core:muster_roll"":3,""core:return_path_knot"":2,""core:root_binding_cord"":3,""core:seed_pouch_lining"":7,""core:wind_seed_flag"":6}","[""core:sowing_sworddance""]","[{""tick"":0,""evolutionId"":""core:sowing_sworddance"",""baseId"":""core:iron_blade""}]","{""core:muster_horn"":{""people"":31},""core:seed_bag"":{""land"":22}}","raw/mixed__A__50.results.json","26d0ec76922f8acc275fed363e20c5221c16909b946521e05b38bad915c5f09b","raw/mixed__A__50.metrics.json","5a850fda530c08e0aad1bd6d12494ce91ae936aff59866fc696040310023b4e2"
"mixed__A__51","mixed","A","51","3","21600","true","duration","","74","3","AC5C5C80D953EBC9A58C903524B93957E193EDCADA19295A0A7CC7B922B9008A","9824","17713","69374","59630","248","23888","7785","10392","8","21600","2356","519","2","2","0","45","1","[""core:ember_wand"",""core:harvest_scythe"",""core:iron_blade"",""core:ward_orbit"",""core:carpenter_hammer"",""core:hedge_drum"",""core:muster_horn"",""core:seed_bag""]","[""core:guarded_harvest"",""core:meal_oath"",""core:rally_boundary"",""core:repair_tithe""]","{""core:guarded_harvest"":13,""core:meal_oath"":1,""core:rally_boundary"":4,""core:repair_tithe"":8}","{""core:joiner_square"":3,""core:levy_bread_wrap"":1,""core:meadow_buckle"":2,""core:muster_roll"":4,""core:return_path_knot"":5,""core:root_binding_cord"":3,""core:scaffold_step"":1,""core:seed_pouch_lining"":1,""core:shock_absorber_pad"":1,""core:wind_seed_flag"":2}","[""core:sheltered_sowing"",""core:sowing_sworddance""]","[{""tick"":0,""evolutionId"":""core:sowing_sworddance"",""baseId"":""core:iron_blade""},{""tick"":2130,""evolutionId"":""core:sheltered_sowing"",""baseId"":""core:seed_bag""}]","{""core:carpenter_hammer"":{""building"":8},""core:hedge_drum"":{""building"":102,""people"":315},""core:muster_horn"":{""people"":45},""core:seed_bag"":{""land"":29}}","raw/mixed__A__51.results.json","a3275207c510091d9a1d4ad5c69753998a14609a3b3e96db5168ea76b8b6d183","raw/mixed__A__51.metrics.json","93fe8979a3de9a606a32f46e90b964c64561d62ca3eb6234cc06f5d094199ba5"
"mixed__A__52","mixed","A","52","3","21600","true","duration","","63","3","4D9747C7DD44809AA6763C06660A05AB773637C683369A54C0E3D247F17D98F5","9601","25194","76956","36609","0","22516","4575","3852","9","21379","2256","305","29","20","0","46","1","[""core:ember_wand"",""core:harvest_scythe"",""core:iron_blade"",""core:ward_orbit"",""core:hedge_drum"",""core:muster_horn"",""core:seed_bag""]","[""core:guarded_harvest"",""core:meal_oath"",""core:rally_boundary"",""core:repair_tithe""]","{""core:guarded_harvest"":15,""core:meal_oath"":4,""core:rally_boundary"":4,""core:repair_tithe"":2}","{""core:levy_bread_wrap"":4,""core:meadow_buckle"":2,""core:muster_roll"":3,""core:return_path_knot"":2,""core:root_binding_cord"":4,""core:scaffold_step"":5,""core:seed_pouch_lining"":4}","[""core:sowing_sworddance""]","[{""tick"":0,""evolutionId"":""core:sowing_sworddance"",""baseId"":""core:iron_blade""}]","{""core:hedge_drum"":{""building"":158},""core:muster_horn"":{""people"":46},""core:seed_bag"":{""land"":22}}","raw/mixed__A__52.results.json","76b7f129f64fd5a505aa3b7ff7dbde385a95ca7967ec975ea6e38caf4bfd87da","raw/mixed__A__52.metrics.json","0e4157ca90b721613c6bf82ce600a6d8c53cdcbe5d7f396bbbb77158e27d5291"
"mixed__A__53","mixed","A","53","3","21600","true","duration","","65","3","0F853CC3E98664EB7069CF24047C17B98953CD20BD92F529B7473D6DC5CB8873","10611","19586","104028","17057","190","22910","8055","1968","17","21007","2282","537","17","13","0","40","1","[""core:ember_wand"",""core:harvest_scythe"",""core:iron_blade"",""core:ward_orbit"",""core:carpenter_hammer"",""core:hedge_drum"",""core:muster_horn"",""core:seed_bag""]","[""core:guarded_harvest"",""core:meal_oath"",""core:rally_boundary"",""core:repair_tithe""]","{""core:guarded_harvest"":11,""core:meal_oath"":2,""core:rally_boundary"":8,""core:repair_tithe"":3}","{""core:boundary_hinge"":2,""core:joiner_square"":1,""core:levy_bread_wrap"":4,""core:meadow_buckle"":4,""core:return_path_knot"":4,""core:root_binding_cord"":4,""core:scaffold_step"":3,""core:seed_pouch_lining"":1,""core:wind_seed_flag"":1}","[""core:sheltered_sowing"",""core:sowing_sworddance""]","[{""tick"":0,""evolutionId"":""core:sowing_sworddance"",""baseId"":""core:iron_blade""},{""tick"":9648,""evolutionId"":""core:sheltered_sowing"",""baseId"":""core:seed_bag""}]","{""core:carpenter_hammer"":{""building"":8},""core:hedge_drum"":{""building"":91},""core:muster_horn"":{""people"":40},""core:seed_bag"":{""land"":40}}","raw/mixed__A__53.results.json","bf208599cfc8f9c95614b039577b4aade2ce8147aae813fcb0a2fb6c16d979f4","raw/mixed__A__53.metrics.json","001aa868417dec32f616a375143bc86f335bf87168e205f575e75c808a35adeb"
"mixed__A__54","mixed","A","54","3","21600","true","duration","","65","3","46EFB4D0E2DED07AFA095170691D58FED2D5E4971C00F196D7AD515C7376B84C","11796","31551","108593","177","66","22858","9465","0","27","21600","2280","631","0","0","0","46","1","[""core:ember_wand"",""core:harvest_scythe"",""core:iron_blade"",""core:ward_orbit"",""core:muster_horn"",""core:seed_bag""]","[""core:guarded_harvest"",""core:meal_oath"",""core:rally_boundary""]","{""core:guarded_harvest"":7,""core:meal_oath"":7,""core:rally_boundary"":7}","{""core:levy_bread_wrap"":3,""core:meadow_buckle"":3,""core:muster_roll"":4,""core:return_path_knot"":8,""core:root_binding_cord"":3,""core:seed_pouch_lining"":2,""core:wind_seed_flag"":1}","[""core:sowing_sworddance""]","[{""tick"":0,""evolutionId"":""core:sowing_sworddance"",""baseId"":""core:iron_blade""}]","{""core:muster_horn"":{""people"":46},""core:seed_bag"":{""land"":45}}","raw/mixed__A__54.results.json","a048a8f7c14ae2d1beb9f390bca7d26ffb915310fd601133c09369ac3e625288","raw/mixed__A__54.metrics.json","3d22e5ee87f7da844268be91d08f0aed66a719b9d3abbd40158ef0be4004f2fb"
"mixed__A__55","mixed","A","55","3","21600","true","duration","","62","3","73B437BBBB45789C3DBFBFD5D2FFADB57FA8ED64C48762EF842D1A42240E47B5","11857","25957","108380","267","151","21908","7515","0","18","21600","2259","501","0","0","0","41","1","[""core:ember_wand"",""core:harvest_scythe"",""core:iron_blade"",""core:ward_orbit"",""core:muster_horn"",""core:seed_bag""]","[""core:guarded_harvest"",""core:meal_oath"",""core:rally_boundary""]","{""core:guarded_harvest"":14,""core:meal_oath"":4,""core:rally_boundary"":7}","{""core:levy_bread_wrap"":3,""core:meadow_buckle"":2,""core:muster_roll"":2,""core:return_path_knot"":5,""core:root_binding_cord"":2,""core:seed_pouch_lining"":5,""core:wind_seed_flag"":5}","[""core:sowing_sworddance""]","[{""tick"":0,""evolutionId"":""core:sowing_sworddance"",""baseId"":""core:iron_blade""}]","{""core:muster_horn"":{""people"":41},""core:seed_bag"":{""land"":36}}","raw/mixed__A__55.results.json","9ea9aa80270bd7f1ca811325a4fe2777edec0ffa3d4620d314edcc54a6577aa3","raw/mixed__A__55.metrics.json","e213d32d87c1560beb62ae247037bf3d944410ee4c08b38ab1caefde3470ecda"
"mixed__A__56","mixed","A","56","3","21600","true","duration","","67","3","219AB31F444D2137CBF6E3997D8B17730A2EDDB6F696447BEA0F7439C225ED95","12408","40101","49442","46157","270","21816","6135","6588","18","21543","2283","409","43","31","0","39","1","[""core:ember_wand"",""core:harvest_scythe"",""core:iron_blade"",""core:ward_orbit"",""core:carpenter_hammer"",""core:hedge_drum"",""core:muster_horn"",""core:seed_bag""]","[""core:guarded_harvest"",""core:meal_oath"",""core:rally_boundary"",""core:repair_tithe""]","{""core:guarded_harvest"":8,""core:meal_oath"":5,""core:rally_boundary"":8,""core:repair_tithe"":4}","{""core:boundary_hinge"":2,""core:joiner_square"":2,""core:levy_bread_wrap"":1,""core:meadow_buckle"":7,""core:muster_roll"":3,""core:return_path_knot"":2,""core:root_binding_cord"":1,""core:ruin_keystone"":1,""core:seed_pouch_lining"":1,""core:shock_absorber_pad"":2,""core:wind_seed_flag"":1}","[""core:sheltered_sowing"",""core:sowing_sworddance""]","[{""tick"":0,""evolutionId"":""core:sowing_sworddance"",""baseId"":""core:iron_blade""},{""tick"":1818,""evolutionId"":""core:sheltered_sowing"",""baseId"":""core:seed_bag""}]","{""core:carpenter_hammer"":{""building"":59},""core:hedge_drum"":{""building"":104},""core:muster_horn"":{""people"":39},""core:seed_bag"":{""land"":42}}","raw/mixed__A__56.results.json","7737a05cc72744ce60d1ea9a44630222e874fe19dea0d948d4f228bd8445044a","raw/mixed__A__56.metrics.json","33ead228338cde63e9ad2944ee82d6d26ae81d87a342a23738fb6e48c6406dd8"
"mixed__A__57","mixed","A","57","3","21600","true","duration","","66","3","EE9B693ED5BDB801BD72272CE0BBC4216A45AB3AF5C640DAB63DE8D9B80FFD4A","10410","23375","70513","44425","460","22222","5340","6492","3","21568","2284","356","18","16","0","36","1","[""core:ember_wand"",""core:harvest_scythe"",""core:iron_blade"",""core:ward_orbit"",""core:carpenter_hammer"",""core:hedge_drum"",""core:muster_horn"",""core:seed_bag""]","[""core:guarded_harvest"",""core:meal_oath"",""core:rally_boundary"",""core:repair_tithe""]","{""core:guarded_harvest"":17,""core:meal_oath"":2,""core:rally_boundary"":4,""core:repair_tithe"":5}","{""core:boundary_hinge"":2,""core:joiner_square"":2,""core:levy_bread_wrap"":2,""core:meadow_buckle"":3,""core:muster_roll"":1,""core:return_path_knot"":2,""core:root_binding_cord"":3,""core:ruin_keystone"":4,""core:shock_absorber_pad"":4}","[""core:sheltered_sowing"",""core:sowing_sworddance""]","[{""tick"":0,""evolutionId"":""core:sowing_sworddance"",""baseId"":""core:iron_blade""},{""tick"":1200,""evolutionId"":""core:sheltered_sowing"",""baseId"":""core:seed_bag""}]","{""core:carpenter_hammer"":{""building"":37},""core:hedge_drum"":{""building"":57},""core:muster_horn"":{""people"":36},""core:seed_bag"":{""land"":36}}","raw/mixed__A__57.results.json","d7e6338d65a56707176dfbe00a0a36b83458d144ff1c5418c14b8824381574e1","raw/mixed__A__57.metrics.json","40ab6667ba7b696667c35cc543a6071a029d66e2e2f633a8f31023a7bd79215e"
"mixed__A__58","mixed","A","58","3","21600","true","duration","","61","3","B3B4962B99D2100E42414C181B8EC8C98C64D40744856BD3C56611572BD9D14E","12297","28803","111313","106","16","22490","5955","0","12","21600","2250","397","0","0","0","41","1","[""core:ember_wand"",""core:harvest_scythe"",""core:iron_blade"",""core:ward_orbit"",""core:muster_horn"",""core:seed_bag""]","[""core:guarded_harvest"",""core:meal_oath"",""core:rally_boundary""]","{""core:guarded_harvest"":14,""core:meal_oath"":10,""core:rally_boundary"":8}","{""core:levy_bread_wrap"":3,""core:meadow_buckle"":3,""core:muster_roll"":3,""core:return_path_knot"":4,""core:root_binding_cord"":1,""core:seed_pouch_lining"":6,""core:wind_seed_flag"":4}","[""core:sowing_sworddance""]","[{""tick"":0,""evolutionId"":""core:sowing_sworddance"",""baseId"":""core:iron_blade""}]","{""core:muster_horn"":{""people"":41},""core:seed_bag"":{""land"":36}}","raw/mixed__A__58.results.json","ef05324d0d6345beec0d7b97e8db4c17edd54c9cb908969dd7ff3257aa78c089","raw/mixed__A__58.metrics.json","10f6fa3335152f13b0571ab8a8e78a7e3738285b67c6d1f84159bcf9f7f730ab"
"mixed__A__59","mixed","A","59","3","21600","true","duration","","63","3","C24173BDC3D8970236C9B544DD1491B3DEFBF348ED9726C2013F787E8F9160AC","10072","20533","119091","84","79","22610","8085","0","12","21546","2267","539","0","0","0","43","1","[""core:ember_wand"",""core:harvest_scythe"",""core:iron_blade"",""core:ward_orbit"",""core:muster_horn"",""core:seed_bag""]","[""core:guarded_harvest"",""core:meal_oath"",""core:rally_boundary""]","{""core:guarded_harvest"":7,""core:meal_oath"":5,""core:rally_boundary"":1}","{""core:levy_bread_wrap"":6,""core:meadow_buckle"":1,""core:muster_roll"":1,""core:return_path_knot"":8,""core:root_binding_cord"":3,""core:seed_pouch_lining"":1,""core:wind_seed_flag"":4}","[""core:sowing_sworddance""]","[{""tick"":0,""evolutionId"":""core:sowing_sworddance"",""baseId"":""core:iron_blade""}]","{""core:muster_horn"":{""people"":43},""core:seed_bag"":{""land"":41}}","raw/mixed__A__59.results.json","32a575fa8c1ab410ca7f43365c7eb48c2e09b66f28a4e1ea989db80f29b6356d","raw/mixed__A__59.metrics.json","90e6a95a0cf283ce88a5bf6332ad9270df4d39380373ccbd0c245190fdf9d9f7"
"mixed__A__60","mixed","A","60","3","21600","true","duration","","71","3","EB18A5C73EFA0E2CCE554D692F6D177E30F5042BD13487F655AC633240C8320F","10032","21743","54349","62249","3","22542","6510","10164","19","21562","2289","434","3","3","0","26","1","[""core:ember_wand"",""core:harvest_scythe"",""core:iron_blade"",""core:ward_orbit"",""core:carpenter_hammer"",""core:hedge_drum"",""core:muster_horn"",""core:seed_bag""]","[""core:guarded_harvest"",""core:meal_oath"",""core:rally_boundary"",""core:repair_tithe""]","{""core:guarded_harvest"":9,""core:meal_oath"":6,""core:rally_boundary"":6,""core:repair_tithe"":8}","{""core:boundary_hinge"":4,""core:joiner_square"":1,""core:levy_bread_wrap"":3,""core:meadow_buckle"":1,""core:return_path_knot"":3,""core:root_binding_cord"":4,""core:ruin_keystone"":1,""core:scaffold_step"":3,""core:seed_pouch_lining"":1,""core:shock_absorber_pad"":1,""core:wind_seed_flag"":2}","[""core:sheltered_sowing"",""core:sowing_sworddance""]","[{""tick"":0,""evolutionId"":""core:sowing_sworddance"",""baseId"":""core:iron_blade""},{""tick"":457,""evolutionId"":""core:sheltered_sowing"",""baseId"":""core:seed_bag""}]","{""core:carpenter_hammer"":{""building"":51},""core:hedge_drum"":{""building"":71,""people"":16},""core:muster_horn"":{""people"":26},""core:seed_bag"":{""land"":43}}","raw/mixed__A__60.results.json","fed2a0bfba34a2dee232af12ffdedb4ed4b3e6b81da23368b02c6ec67c513ad9","raw/mixed__A__60.metrics.json","000d0744421cdb63af61b2ee7570501fae5bb125519efd60eeb97c9901379cf3"
"mixed__A__61","mixed","A","61","3","21600","true","duration","","69","3","739CA75A2C12AE64F542ED8B8117498FFFDF1D1DF37DF4B7FA7914CC3DCA7815","10225","16937","91856","33981","0","23228","8565","5088","18","21600","2285","571","0","0","0","42","1","[""core:ember_wand"",""core:harvest_scythe"",""core:iron_blade"",""core:ward_orbit"",""core:carpenter_hammer"",""core:hedge_drum"",""core:muster_horn"",""core:seed_bag""]","[""core:guarded_harvest"",""core:meal_oath"",""core:rally_boundary""]","{""core:guarded_harvest"":13,""core:meal_oath"":6,""core:rally_boundary"":1}","{""core:joiner_square"":1,""core:levy_bread_wrap"":2,""core:meadow_buckle"":4,""core:muster_roll"":2,""core:return_path_knot"":2,""core:root_binding_cord"":3,""core:ruin_keystone"":2,""core:seed_pouch_lining"":5,""core:wind_seed_flag"":3}","[""core:sheltered_sowing"",""core:sowing_sworddance""]","[{""tick"":0,""evolutionId"":""core:sowing_sworddance"",""baseId"":""core:iron_blade""},{""tick"":10164,""evolutionId"":""core:sheltered_sowing"",""baseId"":""core:seed_bag""}]","{""core:carpenter_hammer"":{""building"":89},""core:hedge_drum"":{""building"":56},""core:muster_horn"":{""people"":42},""core:seed_bag"":{""land"":34}}","raw/mixed__A__61.results.json","580a20eb84e4382aae57d9b1e0307887ad37766568793de32ba79e2821dc083e","raw/mixed__A__61.metrics.json","cff45ac5f6bef1e65b2404a3ee7e1d950faa7a6d979b1aa1327fe8ee18e64b44"
"mixed__A__62","mixed","A","62","3","21600","true","duration","","74","3","61822C8A1AFDD325F2369F6DCF013D2A1E033CD4E24035A7CBE9E98CB4D3B874","9435","21038","49008","71113","56","22904","7170","12348","27","21600","2302","478","3","3","1","32","1","[""core:ember_wand"",""core:harvest_scythe"",""core:iron_blade"",""core:ward_orbit"",""core:carpenter_hammer"",""core:hedge_drum"",""core:muster_horn"",""core:seed_bag""]","[""core:guarded_harvest"",""core:meal_oath"",""core:rally_boundary"",""core:repair_tithe""]","{""core:guarded_harvest"":7,""core:meal_oath"":2,""core:rally_boundary"":4,""core:repair_tithe"":8}","{""core:boundary_hinge"":2,""core:joiner_square"":2,""core:levy_bread_wrap"":2,""core:meadow_buckle"":3,""core:muster_roll"":3,""core:root_binding_cord"":3,""core:ruin_keystone"":1,""core:scaffold_step"":1,""core:seed_pouch_lining"":2,""core:shock_absorber_pad"":1,""core:wind_seed_flag"":4}","[""core:sheltered_sowing"",""core:sowing_sworddance""]","[{""tick"":0,""evolutionId"":""core:sowing_sworddance"",""baseId"":""core:iron_blade""},{""tick"":3228,""evolutionId"":""core:sheltered_sowing"",""baseId"":""core:seed_bag""}]","{""core:carpenter_hammer"":{""building"":6},""core:hedge_drum"":{""building"":90,""people"":412},""core:muster_horn"":{""people"":32},""core:seed_bag"":{""land"":29}}","raw/mixed__A__62.results.json","116b8b0c75370b8aa0f8ef2d6fd27be6380fa9fc5da234adc7c11558cf12f2db","raw/mixed__A__62.metrics.json","bef178905aa44f8e7974dc957dff4d967fb7f6a14e2d45c63b21c32bc7bb8242"
"mixed__A__63","mixed","A","63","3","21600","true","duration","","63","3","6D5EE18651478FA3D412FB4EFFE3CD0629A88D65878BAC42C510B61A62D0C5DC","12942","45612","97815","499","5069","24236","6105","0","9","21589","2413","407","0","0","0","59","1","[""core:ember_wand"",""core:harvest_scythe"",""core:iron_blade"",""core:ward_orbit"",""core:muster_horn"",""core:seed_bag""]","[""core:guarded_harvest"",""core:meal_oath"",""core:rally_boundary"",""core:repair_tithe""]","{""core:guarded_harvest"":7,""core:meal_oath"":3,""core:rally_boundary"":8,""core:repair_tithe"":1}","{""core:levy_bread_wrap"":2,""core:meadow_buckle"":2,""core:muster_roll"":2,""core:return_path_knot"":3,""core:root_binding_cord"":3,""core:seed_pouch_lining"":5,""core:wind_seed_flag"":7}","[""core:sowing_sworddance""]","[{""tick"":0,""evolutionId"":""core:sowing_sworddance"",""baseId"":""core:iron_blade""}]","{""core:muster_horn"":{""people"":59},""core:seed_bag"":{""land"":27}}","raw/mixed__A__63.results.json","7afa9929f26a6b0365a4938bedb75e7de898db46b5c14b1181950190e072bff1","raw/mixed__A__63.metrics.json","90a1f0d636c8b37587ffebeda9a43661c536818621e73a0229eaec7f53925cc7"
"mixed__A__64","mixed","A","64","3","21600","true","duration","","70","3","F2B6AE88CD50F62C0F3F02D01C6BFFA4948FEFACF7C59C23F6E343B69853E378","9232","24169","65049","49452","16","22480","7815","7608","6","21505","2286","521","20","12","0","40","1","[""core:ember_wand"",""core:harvest_scythe"",""core:iron_blade"",""core:ward_orbit"",""core:carpenter_hammer"",""core:hedge_drum"",""core:muster_horn"",""core:seed_bag""]","[""core:guarded_harvest"",""core:meal_oath"",""core:rally_boundary"",""core:repair_tithe""]","{""core:guarded_harvest"":11,""core:meal_oath"":3,""core:rally_boundary"":5,""core:repair_tithe"":4}","{""core:boundary_hinge"":3,""core:joiner_square"":1,""core:levy_bread_wrap"":1,""core:meadow_buckle"":3,""core:muster_roll"":2,""core:root_binding_cord"":2,""core:ruin_keystone"":2,""core:scaffold_step"":1,""core:seed_pouch_lining"":3,""core:shock_absorber_pad"":2,""core:wind_seed_flag"":4}","[""core:sheltered_sowing"",""core:sowing_sworddance""]","[{""tick"":0,""evolutionId"":""core:sowing_sworddance"",""baseId"":""core:iron_blade""},{""tick"":3900,""evolutionId"":""core:sheltered_sowing"",""baseId"":""core:seed_bag""}]","{""core:carpenter_hammer"":{""building"":10},""core:hedge_drum"":{""building"":83},""core:muster_horn"":{""people"":40},""core:seed_bag"":{""land"":33}}","raw/mixed__A__64.results.json","bdb2e1812f15634ef2c0c49a1d9f5e179ca46e2631880d30371ec811535b3be6","raw/mixed__A__64.metrics.json","64c41a17fef8dd1870f07779805dccd974a1f3bc4664fae2c2183db7333e364c"
"mixed__A__65","mixed","A","65","3","21600","true","duration","","72","3","E593B6C5889F5D80ED0C2C2320065B3D781F8F94CD46B09A6322DE612C633331","9900","21471","54792","65333","8","22940","5340","11820","8","21600","2256","356","13","12","0","33","1","[""core:ember_wand"",""core:harvest_scythe"",""core:iron_blade"",""core:ward_orbit"",""core:carpenter_hammer"",""core:hedge_drum"",""core:muster_horn"",""core:seed_bag""]","[""core:guarded_harvest"",""core:meal_oath"",""core:rally_boundary"",""core:repair_tithe""]","{""core:guarded_harvest"":17,""core:meal_oath"":2,""core:rally_boundary"":5,""core:repair_tithe"":2}","{""core:boundary_hinge"":2,""core:joiner_square"":2,""core:levy_bread_wrap"":2,""core:meadow_buckle"":2,""core:muster_roll"":2,""core:return_path_knot"":2,""core:root_binding_cord"":1,""core:ruin_keystone"":1,""core:scaffold_step"":4,""core:seed_pouch_lining"":2,""core:shock_absorber_pad"":1,""core:wind_seed_flag"":3}","[""core:sheltered_sowing"",""core:sowing_sworddance""]","[{""tick"":0,""evolutionId"":""core:sowing_sworddance"",""baseId"":""core:iron_blade""},{""tick"":2400,""evolutionId"":""core:sheltered_sowing"",""baseId"":""core:seed_bag""}]","{""core:carpenter_hammer"":{""building"":17},""core:hedge_drum"":{""building"":157},""core:muster_horn"":{""people"":33},""core:seed_bag"":{""land"":23}}","raw/mixed__A__65.results.json","4be5802d400b48f0aa8d35c4a4b57114af35817f234396386e810477caaea066","raw/mixed__A__65.metrics.json","83cea2f2cda65c32d88e5e61dc8df5b0df90f795159493efb59d5a4bf8588024"
"mixed__A__66","mixed","A","66","3","21600","true","duration","","60","3","8DDF687C5F30E6CF7963CEB77C3EE46F5A645EC5753B3A2C8E1C4D36A6349F80","11682","32505","106958","252","161","22710","4830","0","12","21597","2269","322","0","0","0","44","1","[""core:ember_wand"",""core:harvest_scythe"",""core:iron_blade"",""core:ward_orbit"",""core:muster_horn"",""core:seed_bag""]","[""core:guarded_harvest"",""core:meal_oath"",""core:rally_boundary"",""core:repair_tithe""]","{""core:guarded_harvest"":7,""core:meal_oath"":2,""core:rally_boundary"":3,""core:repair_tithe"":1}","{""core:levy_bread_wrap"":2,""core:meadow_buckle"":5,""core:muster_roll"":1,""core:return_path_knot"":6,""core:root_binding_cord"":6,""core:seed_pouch_lining"":4}","[""core:sowing_sworddance""]","[{""tick"":0,""evolutionId"":""core:sowing_sworddance"",""baseId"":""core:iron_blade""}]","{""core:muster_horn"":{""people"":44},""core:seed_bag"":{""land"":25}}","raw/mixed__A__66.results.json","eed194202f01562a43256c902024f6be361db248c9af81fc05c1d490e669b3cf","raw/mixed__A__66.metrics.json","4f625dbd4a6fb480447fd3a1b81a74e3de10e17b475368307ca8c6558e8b0bf1"
"mixed__A__67","mixed","A","67","3","21600","true","duration","","72","3","00179BA34A3554F771F90D1178DF1FF536AE30A172886121E659C312B70C9AD1","10549","20158","63568","57584","417","23108","6720","9972","6","21600","2302","448","0","0","0","47","1","[""core:ember_wand"",""core:harvest_scythe"",""core:iron_blade"",""core:ward_orbit"",""core:carpenter_hammer"",""core:hedge_drum"",""core:muster_horn"",""core:seed_bag""]","[""core:guarded_harvest"",""core:meal_oath"",""core:rally_boundary"",""core:repair_tithe""]","{""core:guarded_harvest"":13,""core:meal_oath"":4,""core:rally_boundary"":5,""core:repair_tithe"":6}","{""core:boundary_hinge"":2,""core:joiner_square"":2,""core:levy_bread_wrap"":2,""core:meadow_buckle"":5,""core:return_path_knot"":3,""core:root_binding_cord"":2,""core:ruin_keystone"":1,""core:scaffold_step"":1,""core:seed_pouch_lining"":2,""core:shock_absorber_pad"":1,""core:wind_seed_flag"":3}","[""core:sheltered_sowing"",""core:sowing_sworddance""]","[{""tick"":0,""evolutionId"":""core:sowing_sworddance"",""baseId"":""core:iron_blade""},{""tick"":5227,""evolutionId"":""core:sheltered_sowing"",""baseId"":""core:seed_bag""}]","{""core:carpenter_hammer"":{""building"":51},""core:hedge_drum"":{""building"":49},""core:muster_horn"":{""people"":47},""core:seed_bag"":{""land"":26}}","raw/mixed__A__67.results.json","a4c493a5b59669947ba70262a12f75d543147c181795284174bff8badac43734","raw/mixed__A__67.metrics.json","8226436fd4f6a094ad1d5a02bb92aab03b3ce79d7860ccd103c02910fb2439df"
"mixed__A__68","mixed","A","68","3","21600","true","duration","","76","3","A92F36C98666458DE8267D687D6F6CAB7D95AFCDDF5D43A17C94290C8CB71B9E","10933","23974","49466","74124","23","23942","10260","10500","16","21569","2393","684","18","15","0","42","1","[""core:ember_wand"",""core:harvest_scythe"",""core:iron_blade"",""core:ward_orbit"",""core:carpenter_hammer"",""core:hedge_drum"",""core:muster_horn"",""core:seed_bag""]","[""core:guarded_harvest"",""core:meal_oath"",""core:rally_boundary"",""core:repair_tithe""]","{""core:guarded_harvest"":9,""core:meal_oath"":13,""core:rally_boundary"":7,""core:repair_tithe"":4}","{""core:boundary_hinge"":2,""core:levy_bread_wrap"":2,""core:meadow_buckle"":2,""core:muster_roll"":2,""core:return_path_knot"":2,""core:root_binding_cord"":1,""core:ruin_keystone"":1,""core:scaffold_step"":2,""core:seed_pouch_lining"":1,""core:shock_absorber_pad"":6,""core:wind_seed_flag"":3}","[""core:sheltered_sowing"",""core:sowing_sworddance""]","[{""tick"":0,""evolutionId"":""core:sowing_sworddance"",""baseId"":""core:iron_blade""},{""tick"":2100,""evolutionId"":""core:sheltered_sowing"",""baseId"":""core:seed_bag""}]","{""core:carpenter_hammer"":{""building"":5},""core:hedge_drum"":{""building"":115,""people"":537},""core:muster_horn"":{""people"":42},""core:seed_bag"":{""land"":47}}","raw/mixed__A__68.results.json","9fbc312619d500b5a66f0aa0a9f127402a1bd39ddd72fd338c36e6f42c279948","raw/mixed__A__68.metrics.json","5b0dfec2b48efdd2355144bc5b4e9f26b8f5b0a14b97b5b414f059dff01fc368"
"mixed__A__69","mixed","A","69","3","21600","true","duration","","63","3","36D7007D91EDC60578162CF680A4A3815CE7AC7B85AFBC4220EFB7F0118D9187","12419","33114","105769","63","1746","22784","7500","0","12","21507","2271","500","0","0","0","23","1","[""core:ember_wand"",""core:harvest_scythe"",""core:iron_blade"",""core:ward_orbit"",""core:muster_horn"",""core:seed_bag""]","[""core:guarded_harvest"",""core:meal_oath"",""core:rally_boundary""]","{""core:guarded_harvest"":12,""core:meal_oath"":10,""core:rally_boundary"":5}","{""core:levy_bread_wrap"":1,""core:meadow_buckle"":3,""core:muster_roll"":3,""core:return_path_knot"":1,""core:root_binding_cord"":4,""core:seed_pouch_lining"":8,""core:wind_seed_flag"":4}","[""core:sowing_sworddance""]","[{""tick"":0,""evolutionId"":""core:sowing_sworddance"",""baseId"":""core:iron_blade""}]","{""core:muster_horn"":{""people"":23},""core:seed_bag"":{""land"":32}}","raw/mixed__A__69.results.json","97decfd3cd55440d14c906b564056035d0a95cadff9c41103d9f8ba2f41d32ee","raw/mixed__A__69.metrics.json","bc781a26c467459ded5664f965d54763416e8623827222046e2f8f06ad97adb3"
"mixed__A__70","mixed","A","70","3","21600","true","duration","","62","3","AD5A4908AECE5067B8A12AEE9CE804764F8B23A2353A79841BAB7F291B42B956","12942","27880","110115","260","29","22414","7305","0","21","21600","2253","487","0","0","0","42","1","[""core:ember_wand"",""core:harvest_scythe"",""core:iron_blade"",""core:ward_orbit"",""core:muster_horn"",""core:seed_bag""]","[""core:guarded_harvest"",""core:meal_oath"",""core:rally_boundary""]","{""core:guarded_harvest"":12,""core:meal_oath"":9,""core:rally_boundary"":4}","{""core:levy_bread_wrap"":3,""core:meadow_buckle"":6,""core:muster_roll"":2,""core:return_path_knot"":1,""core:root_binding_cord"":7,""core:seed_pouch_lining"":4,""core:wind_seed_flag"":1}","[""core:sowing_sworddance""]","[{""tick"":0,""evolutionId"":""core:sowing_sworddance"",""baseId"":""core:iron_blade""}]","{""core:muster_horn"":{""people"":42},""core:seed_bag"":{""land"":35}}","raw/mixed__A__70.results.json","78853f93a32b7c2f375bcde3aee65a5a6aaf0954ee4afeb145240c39cb5c8457","raw/mixed__A__70.metrics.json","89d5f3b7d1e922e627bc4ef551e6513711a88efc924282cd8119d58066533380"
"mixed__A__71","mixed","A","71","3","21600","true","duration","","67","3","CD32617CAA11025F0136DC43D812042B24468C8778A7858AD59CCC4A580BC76F","11102","29745","59475","51220","48","22744","5280","6708","4","21568","2285","352","33","30","0","47","1","[""core:ember_wand"",""core:harvest_scythe"",""core:iron_blade"",""core:ward_orbit"",""core:carpenter_hammer"",""core:hedge_drum"",""core:muster_horn"",""core:seed_bag""]","[""core:guarded_harvest"",""core:meal_oath"",""core:rally_boundary"",""core:repair_tithe""]","{""core:guarded_harvest"":11,""core:meal_oath"":5,""core:rally_boundary"":4,""core:repair_tithe"":3}","{""core:boundary_hinge"":1,""core:joiner_square"":1,""core:levy_bread_wrap"":1,""core:meadow_buckle"":4,""core:muster_roll"":2,""core:return_path_knot"":1,""core:root_binding_cord"":4,""core:ruin_keystone"":3,""core:scaffold_step"":3,""core:seed_pouch_lining"":3,""core:shock_absorber_pad"":1}","[""core:sheltered_sowing"",""core:sowing_sworddance""]","[{""tick"":0,""evolutionId"":""core:sowing_sworddance"",""baseId"":""core:iron_blade""},{""tick"":2850,""evolutionId"":""core:sheltered_sowing"",""baseId"":""core:seed_bag""}]","{""core:carpenter_hammer"":{""building"":33},""core:hedge_drum"":{""building"":182,""people"":75},""core:muster_horn"":{""people"":47},""core:seed_bag"":{""land"":24}}","raw/mixed__A__71.results.json","2174218a4b49ebfde33ff6a32eae91a356859430b5ef4ece42a245173b263215","raw/mixed__A__71.metrics.json","310feb074056ec314ab3d9fe282757fea0cb60172d29ea16448674c404e1294b"
"mixed__A__72","mixed","A","72","3","21600","true","duration","","72","3","9D6FD08200CAF2C9F1E9A89420B3DDD8A62BC38DC6D2973E8039DBC48B887957","10596","25277","63182","54067","421","23064","7725","9180","12","21522","2328","515","0","0","0","51","1","[""core:ember_wand"",""core:harvest_scythe"",""core:iron_blade"",""core:ward_orbit"",""core:carpenter_hammer"",""core:hedge_drum"",""core:muster_horn"",""core:seed_bag""]","[""core:guarded_harvest"",""core:meal_oath"",""core:rally_boundary"",""core:repair_tithe""]","{""core:guarded_harvest"":6,""core:meal_oath"":11,""core:rally_boundary"":5,""core:repair_tithe"":4}","{""core:joiner_square"":2,""core:levy_bread_wrap"":4,""core:muster_roll"":1,""core:return_path_knot"":3,""core:root_binding_cord"":4,""core:ruin_keystone"":2,""core:seed_pouch_lining"":1,""core:shock_absorber_pad"":3,""core:wind_seed_flag"":4}","[""core:sheltered_sowing"",""core:sowing_sworddance""]","[{""tick"":0,""evolutionId"":""core:sowing_sworddance"",""baseId"":""core:iron_blade""},{""tick"":4560,""evolutionId"":""core:sheltered_sowing"",""baseId"":""core:seed_bag""}]","{""core:carpenter_hammer"":{""building"":43},""core:hedge_drum"":{""building"":75},""core:muster_horn"":{""people"":51},""core:seed_bag"":{""land"":31}}","raw/mixed__A__72.results.json","13ab30935e4dd5767de9f2ea511528bb3005667c4f9b17fe577397bf454e8ac5","raw/mixed__A__72.metrics.json","a4b27e7a7f6fcb52980e11c06b6761cda58fbb49dfa969a2e570f3bb412efe85"
"mixed__A__73","mixed","A","73","3","21600","true","duration","","71","3","24421CB45971C12FE805F61C1E3F3540C9424A2CFB8208C5595280A602B1B6F4","10220","19270","64957","61195","628","23640","6510","8988","12","21381","2319","434","33","26","0","46","1","[""core:ember_wand"",""core:harvest_scythe"",""core:iron_blade"",""core:ward_orbit"",""core:carpenter_hammer"",""core:hedge_drum"",""core:muster_horn"",""core:seed_bag""]","[""core:guarded_harvest"",""core:meal_oath"",""core:rally_boundary"",""core:repair_tithe""]","{""core:guarded_harvest"":10,""core:meal_oath"":6,""core:rally_boundary"":9,""core:repair_tithe"":2}","{""core:joiner_square"":1,""core:levy_bread_wrap"":2,""core:meadow_buckle"":3,""core:muster_roll"":1,""core:root_binding_cord"":5,""core:ruin_keystone"":1,""core:scaffold_step"":2,""core:seed_pouch_lining"":4,""core:shock_absorber_pad"":4,""core:wind_seed_flag"":1}","[""core:sheltered_sowing"",""core:sowing_sworddance""]","[{""tick"":0,""evolutionId"":""core:sowing_sworddance"",""baseId"":""core:iron_blade""},{""tick"":457,""evolutionId"":""core:sheltered_sowing"",""baseId"":""core:seed_bag""}]","{""core:carpenter_hammer"":{""building"":52},""core:hedge_drum"":{""building"":126},""core:muster_horn"":{""people"":46},""core:seed_bag"":{""land"":37}}","raw/mixed__A__73.results.json","cabc92072bf98465e86db6c8b042af67c6c62b3f87180a7df633bc91fbb3b607","raw/mixed__A__73.metrics.json","6fe8335ef041cb00b94559683f3097920c1664ca82ec066ab2104a9e9b312cba"
"mixed__B__42","mixed","B","42","3","21600","true","duration","","66","3","4A6B4F0035D2B4BA807CAE3E1D2A6685039C3F2FD1856CB0716720CDB8CD977C","11388","22381","109465","8114","8","22764","9195","1284","9","21600","2275","613","0","0","21","0","1","[""core:ember_wand"",""core:harvest_scythe"",""core:iron_blade"",""core:ward_orbit"",""core:carpenter_hammer"",""core:muster_horn"",""core:seed_bag""]","[""core:guarded_harvest"",""core:meal_oath"",""core:rally_boundary"",""core:repair_tithe""]","{""core:guarded_harvest"":11,""core:meal_oath"":7,""core:rally_boundary"":8,""core:repair_tithe"":3}","{""core:joiner_square"":1,""core:levy_bread_wrap"":2,""core:muster_roll"":3,""core:return_path_knot"":3,""core:root_binding_cord"":1,""core:ruin_keystone"":1,""core:scaffold_step"":1,""core:seed_pouch_lining"":4,""core:wind_seed_flag"":6}","[""core:sheltered_sowing"",""core:sowing_sworddance""]","[{""tick"":0,""evolutionId"":""core:sowing_sworddance"",""baseId"":""core:iron_blade""},{""tick"":15548,""evolutionId"":""core:sheltered_sowing"",""baseId"":""core:seed_bag""}]","{""core:carpenter_hammer"":{""building"":30},""core:muster_horn"":{""people"":288},""core:seed_bag"":{""land"":10}}","raw/mixed__B__42.results.json","03ebbae11f0e088f40df82dcd1bf23bc4ced5cd2063840212ca96aa1606d6dee","raw/mixed__B__42.metrics.json","bcdb4d15b3d914db3ccc2ec93e91784fee39dab55c4bebefb30e79f6edc6f1ed"
"mixed__B__43","mixed","B","43","3","21600","true","duration","","67","3","0064DCCF5BB75E5CAD223C21682D80D753648427858C482DCD16B76B4620A52A","12081","20674","131525","1203","2908","25476","9510","0","1","21600","2539","634","0","0","49","0","1","[""core:ember_wand"",""core:harvest_scythe"",""core:iron_blade"",""core:ward_orbit"",""core:muster_horn"",""core:seed_bag""]","[""core:guarded_harvest"",""core:meal_oath"",""core:rally_boundary""]","{""core:guarded_harvest"":21,""core:meal_oath"":5,""core:rally_boundary"":10}","{""core:levy_bread_wrap"":1,""core:meadow_buckle"":2,""core:muster_roll"":1,""core:return_path_knot"":2,""core:root_binding_cord"":5,""core:seed_pouch_lining"":5,""core:wind_seed_flag"":7}","[""core:sowing_sworddance""]","[{""tick"":0,""evolutionId"":""core:sowing_sworddance"",""baseId"":""core:iron_blade""}]","{""core:muster_horn"":{""people"":675},""core:seed_bag"":{""land"":10}}","raw/mixed__B__43.results.json","20088d41740b5ec98a442a1b2eef1d673a8ce356d0d5ab1e96a8d70a56721409","raw/mixed__B__43.metrics.json","ab1afd6ae81afebe30e731d2400b709df352de75d7c68d84bf9b643e044ef42e"
"mixed__B__44","mixed","B","44","3","21600","true","duration","","65","3","74DC7105B52A73CDF1DBD085B754F5F742437F3C897A1231658C79F910FD63B6","9907","26676","110713","213","216","22502","10485","0","8","21600","2261","699","0","0","18","0","1","[""core:ember_wand"",""core:harvest_scythe"",""core:iron_blade"",""core:ward_orbit"",""core:muster_horn"",""core:seed_bag""]","[""core:guarded_harvest"",""core:meal_oath"",""core:rally_boundary""]","{""core:guarded_harvest"":8,""core:meal_oath"":5,""core:rally_boundary"":5}","{""core:levy_bread_wrap"":4,""core:meadow_buckle"":3,""core:muster_roll"":4,""core:return_path_knot"":3,""core:root_binding_cord"":4,""core:seed_pouch_lining"":4,""core:wind_seed_flag"":1}","[""core:sowing_sworddance""]","[{""tick"":0,""evolutionId"":""core:sowing_sworddance"",""baseId"":""core:iron_blade""}]","{""core:muster_horn"":{""people"":268},""core:seed_bag"":{""land"":10}}","raw/mixed__B__44.results.json","0cd6d830f84126d0c4ac4fdc91b9208f30c02ff813e84aa82515404fdf914b2f","raw/mixed__B__44.metrics.json","5aa276cc60e8563357fb4b6ede401ef8690bb7cb2790bc9e6052e28c1beec687"
"mixed__B__45","mixed","B","45","3","21600","true","duration","","65","3","70222A16F05C8969670AB36D68B655E5E18A2ED6091DE24D7DA81229B0D8564E","11649","14328","130085","0","157","23562","8940","0","1","21600","2331","596","0","0","29","0","1","[""core:ember_wand"",""core:harvest_scythe"",""core:iron_blade"",""core:ward_orbit"",""core:muster_horn"",""core:seed_bag""]","[""core:guarded_harvest"",""core:meal_oath"",""core:rally_boundary""]","{""core:guarded_harvest"":12,""core:meal_oath"":5,""core:rally_boundary"":7}","{""core:levy_bread_wrap"":4,""core:meadow_buckle"":2,""core:muster_roll"":3,""core:return_path_knot"":4,""core:root_binding_cord"":3,""core:seed_pouch_lining"":2,""core:wind_seed_flag"":6}","[""core:sowing_sworddance""]","[{""tick"":0,""evolutionId"":""core:sowing_sworddance"",""baseId"":""core:iron_blade""}]","{""core:muster_horn"":{""people"":669},""core:seed_bag"":{""land"":7}}","raw/mixed__B__45.results.json","864d32f37efbeb4eb117d458738cfba0a1195dd9c0cf7303c6823c18db9b1f78","raw/mixed__B__45.metrics.json","d5151426ea4e4d1c183f99b83a7f8702c8635a903a913718aba1550d9f8cedcb"
"mixed__B__46","mixed","B","46","3","21600","true","duration","","67","3","61322272D823EEF00167A42F30EF5765BE55694229FF9C0061D0CF8C2F6CA578","10068","24520","99975","18604","1649","23462","9150","2508","7","21573","2335","610","0","0","16","0","1","[""core:ember_wand"",""core:harvest_scythe"",""core:iron_blade"",""core:ward_orbit"",""core:hedge_drum"",""core:muster_horn"",""core:seed_bag""]","[""core:guarded_harvest"",""core:meal_oath"",""core:rally_boundary"",""core:repair_tithe""]","{""core:guarded_harvest"":24,""core:meal_oath"":10,""core:rally_boundary"":3,""core:repair_tithe"":1}","{""core:boundary_hinge"":1,""core:joiner_square"":2,""core:levy_bread_wrap"":2,""core:meadow_buckle"":5,""core:muster_roll"":4,""core:return_path_knot"":2,""core:seed_pouch_lining"":4,""core:wind_seed_flag"":1}","[""core:sowing_sworddance""]","[{""tick"":0,""evolutionId"":""core:sowing_sworddance"",""baseId"":""core:iron_blade""}]","{""core:hedge_drum"":{""building"":47,""people"":371},""core:muster_horn"":{""people"":318},""core:seed_bag"":{""land"":10}}","raw/mixed__B__46.results.json","35715d480367a666be2bc559b4c4880368a773278666ab3349d8bb28f249b7cd","raw/mixed__B__46.metrics.json","ab783b452737f4006fb28029a773b8f2af13ca3d062f116691edc033a63b4f35"
"mixed__B__47","mixed","B","47","3","21600","true","duration","","72","3","A9CA9053DEB7939362ABFC03356945897F0B49F258A188FA9B2480EC54D58CC3","11416","36704","43395","62578","839","23280","10380","6468","0","21600","2316","692","18","17","7","0","1","[""core:ember_wand"",""core:harvest_scythe"",""core:iron_blade"",""core:ward_orbit"",""core:carpenter_hammer"",""core:hedge_drum"",""core:muster_horn"",""core:seed_bag""]","[""core:guarded_harvest"",""core:meal_oath"",""core:rally_boundary"",""core:repair_tithe""]","{""core:guarded_harvest"":10,""core:meal_oath"":4,""core:rally_boundary"":3,""core:repair_tithe"":5}","{""core:boundary_hinge"":4,""core:joiner_square"":5,""core:levy_bread_wrap"":3,""core:meadow_buckle"":2,""core:muster_roll"":1,""core:return_path_knot"":1,""core:ruin_keystone"":1,""core:scaffold_step"":1,""core:seed_pouch_lining"":2,""core:shock_absorber_pad"":2,""core:wind_seed_flag"":2}","[""core:sheltered_sowing"",""core:sowing_sworddance""]","[{""tick"":0,""evolutionId"":""core:sowing_sworddance"",""baseId"":""core:iron_blade""},{""tick"":457,""evolutionId"":""core:sheltered_sowing"",""baseId"":""core:seed_bag""}]","{""core:carpenter_hammer"":{""building"":48},""core:hedge_drum"":{""building"":42,""people"":560},""core:muster_horn"":{""people"":286},""core:seed_bag"":{""land"":13}}","raw/mixed__B__47.results.json","9c011021d3fd9f864a8ed616957a934afa52e52efc6f0b8356b58d4fb801dfbe","raw/mixed__B__47.metrics.json","ffc32c922749467af8e72f2fe59d5c1de7671d4422983438650cf21b0115182b"
"mixed__B__48","mixed","B","48","3","21600","true","duration","","70","3","C6F697905E213F79F2780EC9C14BC7624FE06750F88D65068096EF3FC7BB422F","11041","19262","117956","11722","0","24170","11520","1848","0","21600","2396","768","0","0","34","0","1","[""core:ember_wand"",""core:harvest_scythe"",""core:iron_blade"",""core:ward_orbit"",""core:carpenter_hammer"",""core:muster_horn"",""core:seed_bag""]","[""core:guarded_harvest"",""core:meal_oath"",""core:rally_boundary"",""core:repair_tithe""]","{""core:guarded_harvest"":15,""core:meal_oath"":7,""core:rally_boundary"":4,""core:repair_tithe"":2}","{""core:boundary_hinge"":2,""core:levy_bread_wrap"":3,""core:meadow_buckle"":6,""core:muster_roll"":1,""core:return_path_knot"":2,""core:seed_pouch_lining"":4,""core:wind_seed_flag"":5}","[""core:sheltered_sowing"",""core:sowing_sworddance""]","[{""tick"":0,""evolutionId"":""core:sowing_sworddance"",""baseId"":""core:iron_blade""},{""tick"":14051,""evolutionId"":""core:sheltered_sowing"",""baseId"":""core:seed_bag""}]","{""core:carpenter_hammer"":{""building"":42},""core:muster_horn"":{""people"":705},""core:seed_bag"":{""land"":11}}","raw/mixed__B__48.results.json","1fde6c0c529a16844ee7c3c903dcdfa03429db978b66e5f6927c71728fca24bb","raw/mixed__B__48.metrics.json","c3111259deaffa4ed9325934aa2532f72819000319fc56b0b58939738ffd85cb"
"mixed__B__49","mixed","B","49","3","21600","true","duration","","69","3","C56C08EA2FF0102D2BA848D731741CBD7554A77D24E38A6169020BEB443905DF","11062","26636","112141","7516","2996","24400","11730","816","1","21600","2414","782","0","0","20","0","1","[""core:ember_wand"",""core:harvest_scythe"",""core:iron_blade"",""core:ward_orbit"",""core:hedge_drum"",""core:muster_horn"",""core:seed_bag""]","[""core:guarded_harvest"",""core:meal_oath"",""core:rally_boundary""]","{""core:guarded_harvest"":9,""core:meal_oath"":4,""core:rally_boundary"":16}","{""core:boundary_hinge"":1,""core:levy_bread_wrap"":2,""core:meadow_buckle"":6,""core:muster_roll"":2,""core:return_path_knot"":2,""core:root_binding_cord"":7,""core:seed_pouch_lining"":2,""core:wind_seed_flag"":2}","[""core:sowing_sworddance""]","[{""tick"":0,""evolutionId"":""core:sowing_sworddance"",""baseId"":""core:iron_blade""}]","{""core:hedge_drum"":{""building"":36,""people"":134},""core:muster_horn"":{""people"":604},""core:seed_bag"":{""land"":10}}","raw/mixed__B__49.results.json","36e26d3b65bea6ff741fdbb4c2d14ee6cb64ca48bc3acdc0efefefe0013a88f6","raw/mixed__B__49.metrics.json","b8e66920b616a7163036a6a5c4823e0a3b5177e4cede31cd1e5930dd974f747e"
"mixed__B__50","mixed","B","50","3","21600","true","duration","","64","3","C2BEBA55D8A787FCC534A83A5BD64A51D16031E3204CFEC3C26F63A46A6263EC","11638","21659","114356","0","3837","22826","8670","0","1","21577","2295","578","0","0","31","0","1","[""core:ember_wand"",""core:harvest_scythe"",""core:iron_blade"",""core:ward_orbit"",""core:muster_horn"",""core:seed_bag""]","[""core:guarded_harvest"",""core:meal_oath"",""core:rally_boundary"",""core:repair_tithe""]","{""core:guarded_harvest"":15,""core:meal_oath"":7,""core:rally_boundary"":4,""core:repair_tithe"":2}","{""core:levy_bread_wrap"":2,""core:meadow_buckle"":2,""core:muster_roll"":3,""core:return_path_knot"":2,""core:root_binding_cord"":3,""core:seed_pouch_lining"":7,""core:wind_seed_flag"":4}","[""core:sowing_sworddance""]","[{""tick"":0,""evolutionId"":""core:sowing_sworddance"",""baseId"":""core:iron_blade""}]","{""core:muster_horn"":{""people"":474},""core:seed_bag"":{""land"":11}}","raw/mixed__B__50.results.json","3126ef02d78ed9beac6fabdc5f48d334b17e919413503575b4ffa0676fa966ad","raw/mixed__B__50.metrics.json","3456016fa4f82e8e7b8426d84f21626a75941793d4f1f7f69e83432a72e93f45"
"mixed__B__51","mixed","B","51","3","21600","true","duration","","74","3","EEE2FFC970A1D26EA70715D24E58C127B9A5D29E8EC1FF0C8F0FAC1BDF352018","10555","17547","77111","45918","288","22742","11970","6936","0","21600","2332","798","29","28","17","0","1","[""core:ember_wand"",""core:harvest_scythe"",""core:iron_blade"",""core:ward_orbit"",""core:carpenter_hammer"",""core:hedge_drum"",""core:muster_horn"",""core:seed_bag""]","[""core:guarded_harvest"",""core:meal_oath"",""core:rally_boundary"",""core:repair_tithe""]","{""core:guarded_harvest"":19,""core:meal_oath"":11,""core:rally_boundary"":9,""core:repair_tithe"":5}","{""core:boundary_hinge"":2,""core:joiner_square"":3,""core:meadow_buckle"":3,""core:return_path_knot"":1,""core:root_binding_cord"":3,""core:ruin_keystone"":1,""core:scaffold_step"":3,""core:seed_pouch_lining"":2,""core:shock_absorber_pad"":1,""core:wind_seed_flag"":5}","[""core:sheltered_sowing"",""core:sowing_sworddance""]","[{""tick"":0,""evolutionId"":""core:sowing_sworddance"",""baseId"":""core:iron_blade""},{""tick"":2130,""evolutionId"":""core:sheltered_sowing"",""baseId"":""core:seed_bag""}]","{""core:carpenter_hammer"":{""building"":2},""core:hedge_drum"":{""building"":58,""people"":699},""core:muster_horn"":{""people"":267},""core:seed_bag"":{""land"":14}}","raw/mixed__B__51.results.json","e54ca50adf5b235caf50a79d34453fd9e5ab72bb668846daf51d51661d303c69","raw/mixed__B__51.metrics.json","9c52bda8d8f30daa8a5107621596a9a09bc0ea2b4adce52ded0e2df4fb755014"
"mixed__B__52","mixed","B","52","3","21600","true","duration","","65","3","7B426E6E3556E7D3C6A53AD2EE6BB4D4260BF5783291FFE4017CCD40F23E867B","10125","23399","119051","0","389","23200","9780","0","1","21575","2309","652","0","0","24","0","1","[""core:ember_wand"",""core:harvest_scythe"",""core:iron_blade"",""core:ward_orbit"",""core:muster_horn"",""core:seed_bag""]","[""core:guarded_harvest"",""core:meal_oath"",""core:rally_boundary""]","{""core:guarded_harvest"":15,""core:meal_oath"":1,""core:rally_boundary"":6}","{""core:levy_bread_wrap"":3,""core:meadow_buckle"":1,""core:muster_roll"":3,""core:return_path_knot"":3,""core:root_binding_cord"":7,""core:seed_pouch_lining"":3,""core:wind_seed_flag"":4}","[""core:sowing_sworddance""]","[{""tick"":0,""evolutionId"":""core:sowing_sworddance"",""baseId"":""core:iron_blade""}]","{""core:muster_horn"":{""people"":700},""core:seed_bag"":{""land"":13}}","raw/mixed__B__52.results.json","47468bf1c283e2af5dd35007e704a85854c7ba02c578a4eb27dc8558f87c64ca","raw/mixed__B__52.metrics.json","bb9a26fe5c47c285d81a9abe17dbd6c2d9af4adffd2736f1eec255fc644cea22"
"mixed__B__53","mixed","B","53","3","21600","true","duration","","65","3","D0B7CA4DE3A45A5AFE455CA0703875AEAA62C1594A7F7A144B66BF5676CCB89E","13160","35331","103182","25","966","22666","9930","0","1","21499","2327","662","0","0","31","0","1","[""core:ember_wand"",""core:harvest_scythe"",""core:iron_blade"",""core:ward_orbit"",""core:muster_horn"",""core:seed_bag""]","[""core:guarded_harvest"",""core:meal_oath"",""core:rally_boundary"",""core:repair_tithe""]","{""core:guarded_harvest"":15,""core:meal_oath"":2,""core:rally_boundary"":8,""core:repair_tithe"":2}","{""core:levy_bread_wrap"":5,""core:muster_roll"":2,""core:return_path_knot"":3,""core:root_binding_cord"":6,""core:seed_pouch_lining"":2,""core:wind_seed_flag"":5}","[""core:sowing_sworddance""]","[{""tick"":0,""evolutionId"":""core:sowing_sworddance"",""baseId"":""core:iron_blade""}]","{""core:muster_horn"":{""people"":687},""core:seed_bag"":{""land"":12}}","raw/mixed__B__53.results.json","263f82085a72a52e308b5c45ea4a012a9327d0670080f511f3b588dad5d2d1eb","raw/mixed__B__53.metrics.json","cc4c50ae744b49aabf4b18c1bcc46e1594c5bc3fc346701b65053525dbec1773"
"mixed__B__54","mixed","B","54","3","21600","true","duration","","71","3","2F962F44758B8FE249F6096FDA7108BE9DE568F62C143B9C95A2F15C764EC2AF","9669","26962","99433","10118","2339","22762","16050","0","11","21600","2283","1070","0","0","32","0","1","[""core:ember_wand"",""core:harvest_scythe"",""core:iron_blade"",""core:ward_orbit"",""core:hedge_drum"",""core:muster_horn"",""core:seed_bag""]","[""core:guarded_harvest"",""core:meal_oath"",""core:rally_boundary""]","{""core:guarded_harvest"":8,""core:meal_oath"":14,""core:rally_boundary"":3}","{""core:boundary_hinge"":2,""core:joiner_square"":2,""core:levy_bread_wrap"":5,""core:meadow_buckle"":2,""core:muster_roll"":3,""core:return_path_knot"":2,""core:root_binding_cord"":1,""core:scaffold_step"":1,""core:seed_pouch_lining"":1,""core:wind_seed_flag"":4}","[""core:sowing_sworddance""]","[{""tick"":0,""evolutionId"":""core:sowing_sworddance"",""baseId"":""core:iron_blade""}]","{""core:muster_horn"":{""people"":147},""core:seed_bag"":{""land"":16}}","raw/mixed__B__54.results.json","1b17b10eacc5a2e118565ce8175debcf2d978cb13aac839386c2798b8d9267bb","raw/mixed__B__54.metrics.json","7ba4e9e19cf584d7b702b5be06fbfc720615b1ff70ffe19e569a51f7d939a24e"
"mixed__B__55","mixed","B","55","3","21600","true","duration","","64","3","547BF9D6921658E24DA4054507F6F75569937EDDF79D633C5DEF02AABE7C5C1D","10489","16601","122942","122","83","22774","9210","0","1","21600","2265","614","0","0","20","0","1","[""core:ember_wand"",""core:harvest_scythe"",""core:iron_blade"",""core:ward_orbit"",""core:muster_horn"",""core:seed_bag""]","[""core:guarded_harvest"",""core:meal_oath"",""core:rally_boundary""]","{""core:guarded_harvest"":6,""core:meal_oath"":4,""core:rally_boundary"":8}","{""core:levy_bread_wrap"":2,""core:meadow_buckle"":4,""core:muster_roll"":5,""core:return_path_knot"":2,""core:root_binding_cord"":3,""core:seed_pouch_lining"":2,""core:wind_seed_flag"":4}","[""core:sowing_sworddance""]","[{""tick"":0,""evolutionId"":""core:sowing_sworddance"",""baseId"":""core:iron_blade""}]","{""core:muster_horn"":{""people"":696},""core:seed_bag"":{""land"":8}}","raw/mixed__B__55.results.json","838794bb0d4c43363e239c300c2daa68ec0d33b3cd79003594d5c5733ad9b1d4","raw/mixed__B__55.metrics.json","0b74563c92af488db6fdc1cf3d49e07e3e1c6982de66fabdfc31dbd04e9e7aee"
"mixed__B__56","mixed","B","56","3","21600","true","duration","","71","3","21FC3C272D015B4A24212B29AFDC6BC9EC343A0757A215796885C7B694CE5ED8","10550","19563","77084","40619","363","22308","9645","6396","4","21567","2283","643","0","0","6","0","1","[""core:ember_wand"",""core:harvest_scythe"",""core:iron_blade"",""core:ward_orbit"",""core:carpenter_hammer"",""core:hedge_drum"",""core:muster_horn"",""core:seed_bag""]","[""core:guarded_harvest"",""core:meal_oath"",""core:rally_boundary"",""core:repair_tithe""]","{""core:guarded_harvest"":12,""core:meal_oath"":4,""core:rally_boundary"":12,""core:repair_tithe"":5}","{""core:boundary_hinge"":3,""core:levy_bread_wrap"":2,""core:meadow_buckle"":2,""core:return_path_knot"":2,""core:ruin_keystone"":4,""core:scaffold_step"":1,""core:seed_pouch_lining"":5,""core:shock_absorber_pad"":3,""core:wind_seed_flag"":2}","[""core:sheltered_sowing"",""core:sowing_sworddance""]","[{""tick"":0,""evolutionId"":""core:sowing_sworddance"",""baseId"":""core:iron_blade""},{""tick"":1818,""evolutionId"":""core:sheltered_sowing"",""baseId"":""core:seed_bag""}]","{""core:carpenter_hammer"":{""building"":33},""core:hedge_drum"":{""building"":23,""people"":615},""core:muster_horn"":{""people"":54},""core:seed_bag"":{""land"":12}}","raw/mixed__B__56.results.json","e946e62c3becbabbce7f1f850ceea323426fd5f739e1c2dcf4667ee73c04c550","raw/mixed__B__56.metrics.json","6c14fc58dcd1aec7ec35db32b64423a2e7c7cfa89a87c4ff3a999e28a5ab4694"
"mixed__B__57","mixed","B","57","3","21600","true","duration","","74","3","C73C5AF7EFE191069650DABEA53AAC6503139ECC27E3A7D7997EAEDD1FEE2E13","10626","19643","87237","37509","1522","23606","11940","6300","9","21600","2322","796","0","0","15","0","1","[""core:ember_wand"",""core:harvest_scythe"",""core:iron_blade"",""core:ward_orbit"",""core:carpenter_hammer"",""core:hedge_drum"",""core:muster_horn"",""core:seed_bag""]","[""core:guarded_harvest"",""core:meal_oath"",""core:rally_boundary"",""core:repair_tithe""]","{""core:guarded_harvest"":5,""core:meal_oath"":4,""core:rally_boundary"":8,""core:repair_tithe"":7}","{""core:boundary_hinge"":2,""core:joiner_square"":3,""core:levy_bread_wrap"":1,""core:meadow_buckle"":4,""core:return_path_knot"":1,""core:root_binding_cord"":4,""core:ruin_keystone"":2,""core:scaffold_step"":1,""core:shock_absorber_pad"":1,""core:wind_seed_flag"":5}","[""core:sheltered_sowing"",""core:sowing_sworddance""]","[{""tick"":0,""evolutionId"":""core:sowing_sworddance"",""baseId"":""core:iron_blade""},{""tick"":1200,""evolutionId"":""core:sheltered_sowing"",""baseId"":""core:seed_bag""}]","{""core:carpenter_hammer"":{""building"":23},""core:hedge_drum"":{""building"":4,""people"":47},""core:muster_horn"":{""people"":625},""core:seed_bag"":{""land"":12}}","raw/mixed__B__57.results.json","ef37b32ce0b2d7251b5dbabf2cc016e04ce3bd54e244b40144b4356fbb0a536b","raw/mixed__B__57.metrics.json","9677d6607266473adead296d63e9b401840766f0eea8a481bd90a278ef36965e"
"mixed__B__58","mixed","B","58","3","21600","true","duration","","64","3","88F26C3CA792A05CB7415A6D2E10CB06EEF4AAA13E514B46F5C6749DC65B8AD7","10415","26576","89586","18673","56","21778","6240","3216","0","21600","2272","416","9","0","20","0","1","[""core:ember_wand"",""core:harvest_scythe"",""core:iron_blade"",""core:ward_orbit"",""core:carpenter_hammer"",""core:muster_horn"",""core:seed_bag""]","[""core:guarded_harvest"",""core:meal_oath"",""core:rally_boundary""]","{""core:guarded_harvest"":9,""core:meal_oath"":3,""core:rally_boundary"":2}","{""core:boundary_hinge"":1,""core:joiner_square"":3,""core:levy_bread_wrap"":1,""core:muster_roll"":3,""core:return_path_knot"":3,""core:root_binding_cord"":1,""core:scaffold_step"":2,""core:seed_pouch_lining"":5,""core:shock_absorber_pad"":3,""core:wind_seed_flag"":2}","[""core:sheltered_sowing"",""core:sowing_sworddance""]","[{""tick"":0,""evolutionId"":""core:sowing_sworddance"",""baseId"":""core:iron_blade""},{""tick"":902,""evolutionId"":""core:sheltered_sowing"",""baseId"":""core:seed_bag""}]","{""core:carpenter_hammer"":{""building"":63},""core:muster_horn"":{""people"":705},""core:seed_bag"":{""land"":8}}","raw/mixed__B__58.results.json","b8af26711b2b572af21186d755578be263d02320ac4b61cca4333e87bc107717","raw/mixed__B__58.metrics.json","945bbaf1c37319ed2dc76f15ba4598684b10b834114c7ce6638daa677572896f"
"mixed__B__59","mixed","B","59","3","21600","true","duration","","66","3","99B7EBEDBC7AAC99BF8A1FBFB32D4D533BBC24C598AD5918C0D372E58B23E121","11492","5071","133615","244","139","22718","11235","0","9","21546","2268","749","0","0","26","0","1","[""core:ember_wand"",""core:harvest_scythe"",""core:iron_blade"",""core:ward_orbit"",""core:muster_horn"",""core:seed_bag""]","[""core:guarded_harvest"",""core:meal_oath"",""core:rally_boundary"",""core:repair_tithe""]","{""core:guarded_harvest"":11,""core:meal_oath"":8,""core:rally_boundary"":7,""core:repair_tithe"":2}","{""core:levy_bread_wrap"":7,""core:meadow_buckle"":2,""core:muster_roll"":1,""core:return_path_knot"":1,""core:root_binding_cord"":4,""core:seed_pouch_lining"":5,""core:wind_seed_flag"":2}","[""core:sowing_sworddance""]","[{""tick"":0,""evolutionId"":""core:sowing_sworddance"",""baseId"":""core:iron_blade""}]","{""core:muster_horn"":{""people"":370},""core:seed_bag"":{""land"":10}}","raw/mixed__B__59.results.json","fef57de87b4e2099ddcdd7030da50ad90d4119b5425eef449a9379c6be249bd4","raw/mixed__B__59.metrics.json","0f183f5c2fe29052930f38618d942b3d461f248cacca7cd52740556e0d931c0b"
"mixed__B__60","mixed","B","60","3","21600","true","duration","","74","3","1BB132EF3D437F8100A43A1E2A677B874E78FF8D54F61DE84098317BDDA99A91","9552","19075","52190","69520","3","22816","8055","11724","3","21600","2258","537","7","7","1","0","1","[""core:ember_wand"",""core:harvest_scythe"",""core:iron_blade"",""core:ward_orbit"",""core:carpenter_hammer"",""core:hedge_drum"",""core:muster_horn"",""core:seed_bag""]","[""core:guarded_harvest"",""core:meal_oath"",""core:rally_boundary"",""core:repair_tithe""]","{""core:guarded_harvest"":14,""core:meal_oath"":6,""core:rally_boundary"":10,""core:repair_tithe"":6}","{""core:boundary_hinge"":3,""core:joiner_square"":1,""core:meadow_buckle"":1,""core:muster_roll"":1,""core:return_path_knot"":1,""core:root_binding_cord"":5,""core:scaffold_step"":2,""core:seed_pouch_lining"":4,""core:shock_absorber_pad"":2,""core:wind_seed_flag"":4}","[""core:sheltered_sowing"",""core:sowing_sworddance""]","[{""tick"":0,""evolutionId"":""core:sowing_sworddance"",""baseId"":""core:iron_blade""},{""tick"":457,""evolutionId"":""core:sheltered_sowing"",""baseId"":""core:seed_bag""}]","{""core:carpenter_hammer"":{""building"":46},""core:hedge_drum"":{""building"":60,""people"":613},""core:muster_horn"":{""people"":297},""core:seed_bag"":{""land"":22}}","raw/mixed__B__60.results.json","3ba4464c6cf0c5624490d2b69b33ca0d188610a80e05a16ca17a8356212c9a96","raw/mixed__B__60.metrics.json","febeb50bf46e1536019a8186f33f6eafb118256a37b0727abb3196a4e39746ce"
"mixed__B__61","mixed","B","61","3","21600","true","duration","","70","3","3BED0A6E4F990BCA829A69863D50A580504264CEB43502F4666DB6E8B0BB6C3E","10500","32724","115553","0","0","24100","13230","0","0","21600","2388","882","0","0","35","0","1","[""core:ember_wand"",""core:harvest_scythe"",""core:iron_blade"",""core:ward_orbit"",""core:muster_horn"",""core:seed_bag""]","[""core:guarded_harvest"",""core:meal_oath"",""core:rally_boundary""]","{""core:guarded_harvest"":7,""core:meal_oath"":7,""core:rally_boundary"":9}","{""core:levy_bread_wrap"":3,""core:meadow_buckle"":3,""core:muster_roll"":2,""core:return_path_knot"":5,""core:root_binding_cord"":5,""core:seed_pouch_lining"":2,""core:wind_seed_flag"":3}","[""core:sowing_sworddance""]","[{""tick"":0,""evolutionId"":""core:sowing_sworddance"",""baseId"":""core:iron_blade""}]","{""core:muster_horn"":{""people"":705},""core:seed_bag"":{""land"":9}}","raw/mixed__B__61.results.json","46389d86d18fcfc08138d43fbe421754d6e69f1ded6ead2f9ede97e1e610062b","raw/mixed__B__61.metrics.json","358dc8c907317cecae3593ec173507275ec29c14fc22bdc4be1873549ca863bc"
"mixed__B__62","mixed","B","62","3","21600","true","duration","","77","3","2C8DAAB783526FCCA01888FEE732BE98BDCBEDE1509351D114EDC092F2DD715A","10230","27593","67301","51598","84","23946","12435","9564","2","21600","2388","829","0","0","35","0","1","[""core:ember_wand"",""core:harvest_scythe"",""core:iron_blade"",""core:ward_orbit"",""core:carpenter_hammer"",""core:hedge_drum"",""core:muster_horn"",""core:seed_bag""]","[""core:guarded_harvest"",""core:meal_oath"",""core:rally_boundary"",""core:repair_tithe""]","{""core:guarded_harvest"":5,""core:meal_oath"":4,""core:rally_boundary"":5,""core:repair_tithe"":12}","{""core:joiner_square"":1,""core:levy_bread_wrap"":3,""core:meadow_buckle"":3,""core:muster_roll"":2,""core:return_path_knot"":2,""core:root_binding_cord"":2,""core:ruin_keystone"":1,""core:scaffold_step"":1,""core:seed_pouch_lining"":2,""core:shock_absorber_pad"":2,""core:wind_seed_flag"":2}","[""core:sheltered_sowing"",""core:sowing_sworddance""]","[{""tick"":0,""evolutionId"":""core:sowing_sworddance"",""baseId"":""core:iron_blade""},{""tick"":2700,""evolutionId"":""core:sheltered_sowing"",""baseId"":""core:seed_bag""}]","{""core:hedge_drum"":{""building"":57,""people"":695},""core:muster_horn"":{""people"":683},""core:seed_bag"":{""land"":10}}","raw/mixed__B__62.results.json","8b91668fcdecd6efdc26434f12b98e79a3698753b91f50631161b21395dd4b93","raw/mixed__B__62.metrics.json","1997c3039477640363d79ad4d9a76ae184908fda5c84c61eaa96b406fb41be82"
"mixed__B__63","mixed","B","63","3","21600","true","duration","","67","3","E4489A26404130C1E06953642E8BD69709C9AD0F8CFB271FF5569EB7DE7556B8","11660","20844","92354","744","38128","24708","10335","0","11","21589","2462","689","0","0","50","0","1","[""core:ember_wand"",""core:harvest_scythe"",""core:iron_blade"",""core:ward_orbit"",""core:muster_horn"",""core:seed_bag""]","[""core:guarded_harvest"",""core:rally_boundary""]","{""core:guarded_harvest"":12,""core:rally_boundary"":10}","{""core:levy_bread_wrap"":2,""core:meadow_buckle"":7,""core:muster_roll"":2,""core:return_path_knot"":3,""core:seed_pouch_lining"":4,""core:wind_seed_flag"":6}","[""core:sowing_sworddance""]","[{""tick"":0,""evolutionId"":""core:sowing_sworddance"",""baseId"":""core:iron_blade""}]","{""core:muster_horn"":{""people"":522},""core:seed_bag"":{""land"":9}}","raw/mixed__B__63.results.json","85dedfa2169f6ffc7bfaacab61e20f44532d201c537ce194994ba46cd6123fd3","raw/mixed__B__63.metrics.json","7ad4088f51d44bdfe5cae8c3ad6c5898a96f046c534ea1d37988c48e8e38ed53"
"mixed__B__64","mixed","B","64","3","21600","true","duration","","74","3","F4A7EA00D697E9D10998BF403B1C2D7DB3BB73E774E300BA8C9667BF8DE9EF19","9319","17618","72602","45342","237","21962","11790","8628","2","21571","2263","786","0","0","5","0","1","[""core:ember_wand"",""core:harvest_scythe"",""core:iron_blade"",""core:ward_orbit"",""core:carpenter_hammer"",""core:hedge_drum"",""core:muster_horn"",""core:seed_bag""]","[""core:guarded_harvest"",""core:meal_oath"",""core:rally_boundary"",""core:repair_tithe""]","{""core:guarded_harvest"":10,""core:meal_oath"":1,""core:rally_boundary"":8,""core:repair_tithe"":9}","{""core:boundary_hinge"":4,""core:joiner_square"":1,""core:levy_bread_wrap"":4,""core:meadow_buckle"":4,""core:return_path_knot"":3,""core:seed_pouch_lining"":2,""core:shock_absorber_pad"":2,""core:wind_seed_flag"":3}","[""core:sheltered_sowing"",""core:sowing_sworddance""]","[{""tick"":0,""evolutionId"":""core:sowing_sworddance"",""baseId"":""core:iron_blade""},{""tick"":5400,""evolutionId"":""core:sheltered_sowing"",""baseId"":""core:seed_bag""}]","{""core:hedge_drum"":{""building"":62,""people"":695},""core:muster_horn"":{""people"":703},""core:seed_bag"":{""land"":15}}","raw/mixed__B__64.results.json","e71b3a3a33d37eca78ae1f99a98ff72070c78474e3a860cc0e04387877ef6036","raw/mixed__B__64.metrics.json","3eabbcaa71250def51e73673179ad1b5377a694c9bbe2ff083c3e4f69ee708ae"
"mixed__B__65","mixed","B","65","3","21600","true","duration","","68","3","032DF7227DFD1BA2577D6140F310F63FF9B2078092A0D1FFCC4CADEB0AFC75A4","11000","22428","119429","30","24","23080","13020","0","12","21600","2288","868","0","0","24","0","1","[""core:ember_wand"",""core:harvest_scythe"",""core:iron_blade"",""core:ward_orbit"",""core:muster_horn"",""core:seed_bag""]","[""core:guarded_harvest"",""core:meal_oath"",""core:rally_boundary""]","{""core:guarded_harvest"":4,""core:meal_oath"":14,""core:rally_boundary"":10}","{""core:levy_bread_wrap"":4,""core:meadow_buckle"":1,""core:muster_roll"":4,""core:return_path_knot"":7,""core:root_binding_cord"":4,""core:seed_pouch_lining"":1,""core:wind_seed_flag"":2}","[""core:sowing_sworddance""]","[{""tick"":0,""evolutionId"":""core:sowing_sworddance"",""baseId"":""core:iron_blade""}]","{""core:muster_horn"":{""people"":213},""core:seed_bag"":{""land"":10}}","raw/mixed__B__65.results.json","ebb03bb7ffc75fa91fe3c0d97d0be8b12fe2e691ae8e7836591fd22e3ad92319","raw/mixed__B__65.metrics.json","2bb91d902db76c4c98d4b8f18a3fa36d425b5ce2c35b35f13dbca50c362a6068"
"mixed__B__66","mixed","B","66","3","21600","true","duration","","65","3","BCD374CFDC80DAACFE952298ECB7B659D904C09C607083E0EBA643174C520A5A","12042","36452","93583","9341","2914","23138","9075","0","1","21600","2284","605","0","0","24","0","1","[""core:ember_wand"",""core:harvest_scythe"",""core:iron_blade"",""core:ward_orbit"",""core:muster_horn"",""core:seed_bag""]","[""core:guarded_harvest"",""core:meal_oath"",""core:rally_boundary""]","{""core:guarded_harvest"":8,""core:meal_oath"":4,""core:rally_boundary"":9}","{""core:levy_bread_wrap"":4,""core:meadow_buckle"":4,""core:muster_roll"":3,""core:return_path_knot"":4,""core:root_binding_cord"":3,""core:seed_pouch_lining"":4,""core:wind_seed_flag"":2}","[""core:sowing_sworddance""]","[{""tick"":0,""evolutionId"":""core:sowing_sworddance"",""baseId"":""core:iron_blade""}]","{""core:muster_horn"":{""people"":669},""core:seed_bag"":{""land"":9}}","raw/mixed__B__66.results.json","b56bdba37d5bfe225ef7728283e74f14e9d4a99760e15dc54d744800f9f69a56","raw/mixed__B__66.metrics.json","e48227e130a7f2ecd8578491078d5ce7a98ec0335675e5cf76924628ec3f9c0c"
"mixed__B__67","mixed","B","67","3","21600","true","duration","","71","3","1F46F2E7FB82E8CD8523764ADC79FB8DAAE3888E28CFBA99BFB07037D26D6556","10530","30040","87905","23597","602","23176","11910","3948","9","21600","2299","794","0","0","27","0","1","[""core:ember_wand"",""core:harvest_scythe"",""core:iron_blade"",""core:ward_orbit"",""core:carpenter_hammer"",""core:muster_horn"",""core:seed_bag""]","[""core:guarded_harvest"",""core:meal_oath"",""core:rally_boundary"",""core:repair_tithe""]","{""core:guarded_harvest"":7,""core:meal_oath"":14,""core:rally_boundary"":10,""core:repair_tithe"":2}","{""core:boundary_hinge"":1,""core:levy_bread_wrap"":3,""core:meadow_buckle"":6,""core:return_path_knot"":1,""core:root_binding_cord"":3,""core:scaffold_step"":3,""core:seed_pouch_lining"":3,""core:wind_seed_flag"":3}","[""core:sheltered_sowing"",""core:sowing_sworddance""]","[{""tick"":0,""evolutionId"":""core:sowing_sworddance"",""baseId"":""core:iron_blade""},{""tick"":8216,""evolutionId"":""core:sheltered_sowing"",""baseId"":""core:seed_bag""}]","{""core:carpenter_hammer"":{""building"":39},""core:muster_horn"":{""people"":305},""core:seed_bag"":{""land"":12}}","raw/mixed__B__67.results.json","2d06c6919adbb9648c8c8459ea2f34f3ddcaaed506366af317c41e63947f3cf8","raw/mixed__B__67.metrics.json","9e3e817cbe4386f62bb6f967770425d9f5b2ab756b0782ad2c297e1ee438718c"
"mixed__B__68","mixed","B","68","3","21600","true","duration","","83","3","86A3A796BA3E573F1ABEA1456A070581D9393116A3A741C6CC7FC36EF073747D","10633","17070","86118","60591","1331","26764","17130","8904","18","21600","2600","1142","0","0","28","0","1","[""core:ember_wand"",""core:harvest_scythe"",""core:iron_blade"",""core:ward_orbit"",""core:carpenter_hammer"",""core:hedge_drum"",""core:muster_horn"",""core:seed_bag""]","[""core:guarded_harvest"",""core:meal_oath"",""core:rally_boundary"",""core:repair_tithe""]","{""core:guarded_harvest"":11,""core:meal_oath"":14,""core:rally_boundary"":7,""core:repair_tithe"":4}","{""core:boundary_hinge"":3,""core:joiner_square"":3,""core:levy_bread_wrap"":1,""core:meadow_buckle"":4,""core:muster_roll"":1,""core:return_path_knot"":1,""core:root_binding_cord"":3,""core:scaffold_step"":2,""core:seed_pouch_lining"":2,""core:shock_absorber_pad"":1,""core:wind_seed_flag"":3}","[""core:sheltered_sowing"",""core:sowing_sworddance""]","[{""tick"":0,""evolutionId"":""core:sowing_sworddance"",""baseId"":""core:iron_blade""},{""tick"":2433,""evolutionId"":""core:sheltered_sowing"",""baseId"":""core:seed_bag""}]","{""core:hedge_drum"":{""building"":67,""people"":702},""core:muster_horn"":{""people"":371},""core:seed_bag"":{""land"":17}}","raw/mixed__B__68.results.json","455154000af9b00cf05be7b8f6996d25174c3b875656993997d6800ca3295118","raw/mixed__B__68.metrics.json","d7c47afaf6ef1b046e41727f8afcb4e51d7feb0f8f6e3a0366dc8460e0cee978"
"mixed__B__69","mixed","B","69","3","21600","true","duration","","66","3","B9B1C5849409F6C754B2FC21E3659029AFF485E0EF46B9C67AF3E1DF04623FF1","12823","31283","106263","0","1738","22494","11025","0","10","21581","2271","735","0","0","22","0","1","[""core:ember_wand"",""core:harvest_scythe"",""core:iron_blade"",""core:ward_orbit"",""core:muster_horn"",""core:seed_bag""]","[""core:guarded_harvest"",""core:meal_oath"",""core:rally_boundary"",""core:repair_tithe""]","{""core:guarded_harvest"":4,""core:meal_oath"":10,""core:rally_boundary"":6,""core:repair_tithe"":2}","{""core:levy_bread_wrap"":1,""core:meadow_buckle"":6,""core:return_path_knot"":2,""core:root_binding_cord"":8,""core:seed_pouch_lining"":4,""core:wind_seed_flag"":3}","[""core:sowing_sworddance""]","[{""tick"":0,""evolutionId"":""core:sowing_sworddance"",""baseId"":""core:iron_blade""}]","{""core:seed_bag"":{""land"":12}}","raw/mixed__B__69.results.json","25dd69f955c88bffa772bf2303f07e26fff21816880bded9680fbb84723b06fd","raw/mixed__B__69.metrics.json","d0852c7fac3337fdf9bb74d4fa56ea048c63b129d1a2a6628d633352f8e354e5"
"mixed__B__70","mixed","B","70","3","21600","true","duration","","69","3","9D86B1270B87A1F2F0F4A902F2EB95C8FEEE16AB3ED93CCFADF7FC825DBB98A4","10183","33832","111217","64","177","23606","13260","0","11","21600","2310","884","0","0","31","0","1","[""core:ember_wand"",""core:harvest_scythe"",""core:iron_blade"",""core:ward_orbit"",""core:muster_horn"",""core:seed_bag""]","[""core:guarded_harvest"",""core:meal_oath"",""core:rally_boundary""]","{""core:guarded_harvest"":4,""core:meal_oath"":11,""core:rally_boundary"":9}","{""core:levy_bread_wrap"":4,""core:meadow_buckle"":4,""core:muster_roll"":4,""core:return_path_knot"":5,""core:root_binding_cord"":1,""core:seed_pouch_lining"":5,""core:wind_seed_flag"":1}","[""core:sowing_sworddance""]","[{""tick"":0,""evolutionId"":""core:sowing_sworddance"",""baseId"":""core:iron_blade""}]","{""core:muster_horn"":{""people"":524},""core:seed_bag"":{""land"":11}}","raw/mixed__B__70.results.json","62fe6fe201d68ed12a7f04428e8b763e11302f70217a801639bcf379411da620","raw/mixed__B__70.metrics.json","84df06feffef4d845f0362b9bc3936b3d6f13ffb066803fa28694c292776deb3"
"mixed__B__71","mixed","B","71","3","21600","true","duration","","80","3","1F409F0582B95B56D665143B3C03CFD25520EA0063189F5CBCB49BD4AF3F7C36","9406","29741","65604","50850","1439","23934","18570","6528","22","21600","2369","1238","0","0","19","0","1","[""core:ember_wand"",""core:harvest_scythe"",""core:iron_blade"",""core:ward_orbit"",""core:carpenter_hammer"",""core:hedge_drum"",""core:muster_horn"",""core:seed_bag""]","[""core:guarded_harvest"",""core:meal_oath"",""core:rally_boundary"",""core:repair_tithe""]","{""core:guarded_harvest"":7,""core:meal_oath"":12,""core:rally_boundary"":7,""core:repair_tithe"":4}","{""core:boundary_hinge"":1,""core:joiner_square"":6,""core:levy_bread_wrap"":1,""core:meadow_buckle"":1,""core:muster_roll"":1,""core:return_path_knot"":2,""core:root_binding_cord"":1,""core:ruin_keystone"":1,""core:scaffold_step"":2,""core:seed_pouch_lining"":2,""core:shock_absorber_pad"":2,""core:wind_seed_flag"":4}","[""core:sheltered_sowing"",""core:sowing_sworddance""]","[{""tick"":0,""evolutionId"":""core:sowing_sworddance"",""baseId"":""core:iron_blade""},{""tick"":5400,""evolutionId"":""core:sheltered_sowing"",""baseId"":""core:seed_bag""}]","{""core:hedge_drum"":{""building"":43,""people"":703},""core:muster_horn"":{""people"":118},""core:seed_bag"":{""land"":17}}","raw/mixed__B__71.results.json","dafd989388912d5b4aa96efd58908b53ae9b2c82ceab82c7577b6e109c102e93","raw/mixed__B__71.metrics.json","a30d28aacbb534e9c1b09eed6d697c9e943aee602ad2eac5c810f7ba13ffa52e"
"mixed__B__72","mixed","B","72","3","21600","true","duration","","72","3","469580F5D01980E745A9A20D9C3E154FDE06A956A4087FC5D90F39D182105D83","10877","30625","95126","19061","421","23558","13920","2928","12","21600","2318","928","0","0","22","0","1","[""core:ember_wand"",""core:harvest_scythe"",""core:iron_blade"",""core:ward_orbit"",""core:carpenter_hammer"",""core:hedge_drum"",""core:muster_horn"",""core:seed_bag""]","[""core:guarded_harvest"",""core:meal_oath"",""core:rally_boundary"",""core:repair_tithe""]","{""core:guarded_harvest"":19,""core:meal_oath"":12,""core:rally_boundary"":13,""core:repair_tithe"":2}","{""core:boundary_hinge"":1,""core:joiner_square"":1,""core:levy_bread_wrap"":6,""core:meadow_buckle"":2,""core:muster_roll"":1,""core:return_path_knot"":2,""core:root_binding_cord"":4,""core:scaffold_step"":1,""core:seed_pouch_lining"":4,""core:wind_seed_flag"":2}","[""core:sheltered_sowing"",""core:sowing_sworddance""]","[{""tick"":0,""evolutionId"":""core:sowing_sworddance"",""baseId"":""core:iron_blade""},{""tick"":19440,""evolutionId"":""core:sheltered_sowing"",""baseId"":""core:seed_bag""}]","{""core:hedge_drum"":{""building"":92,""people"":212},""core:muster_horn"":{""people"":256},""core:seed_bag"":{""land"":13}}","raw/mixed__B__72.results.json","6652169f9378443bdee49d8c893fb55a30484d7903e046e8faa1078ad7de0fdb","raw/mixed__B__72.metrics.json","03fda55b9956b026c9137c7de03da2e11aaaefa42b847d98bd1014b49a44c448"
"mixed__B__73","mixed","B","73","3","21600","true","duration","","74","3","3415B592A446549765C1200F1561875D33013BCBD7E91DD1BA87D3272FDB877C","9941","18466","82085","41408","1928","23374","13035","5808","12","21558","2296","869","0","0","12","0","1","[""core:ember_wand"",""core:harvest_scythe"",""core:iron_blade"",""core:ward_orbit"",""core:carpenter_hammer"",""core:hedge_drum"",""core:muster_horn"",""core:seed_bag""]","[""core:guarded_harvest"",""core:meal_oath"",""core:rally_boundary"",""core:repair_tithe""]","{""core:guarded_harvest"":4,""core:meal_oath"":11,""core:rally_boundary"":9,""core:repair_tithe"":1}","{""core:boundary_hinge"":1,""core:levy_bread_wrap"":1,""core:meadow_buckle"":3,""core:muster_roll"":3,""core:return_path_knot"":2,""core:root_binding_cord"":2,""core:ruin_keystone"":3,""core:scaffold_step"":2,""core:seed_pouch_lining"":2,""core:shock_absorber_pad"":2,""core:wind_seed_flag"":3}","[""core:sheltered_sowing"",""core:sowing_sworddance""]","[{""tick"":0,""evolutionId"":""core:sowing_sworddance"",""baseId"":""core:iron_blade""},{""tick"":457,""evolutionId"":""core:sheltered_sowing"",""baseId"":""core:seed_bag""}]","{""core:carpenter_hammer"":{""building"":24},""core:hedge_drum"":{""building"":24,""people"":533},""core:muster_horn"":{""people"":189},""core:seed_bag"":{""land"":13}}","raw/mixed__B__73.results.json","e6c5f8cf4768ea82ed14de3790c4e093598ddd2b6034a0d6b1f3d6bbc37b69b0","raw/mixed__B__73.metrics.json","c5b62aee3be0b1f90bb307f604f713a9677cfff77f38bd68b0dc091feee9d73c"
"mixed__C__42","mixed","C","42","3","21600","true","duration","","78","3","AF7052DF222158E4B2AAE42882E2FD3A09D1B6FAEF4DB0DF1778DB6EB8203FF6","9602","26023","68114","53329","16","23916","14850","7524","55","21600","2406","990","0","0","2","7","1","[""core:ember_wand"",""core:harvest_scythe"",""core:iron_blade"",""core:ward_orbit"",""core:carpenter_hammer"",""core:hedge_drum"",""core:muster_horn"",""core:seed_bag""]","[""core:guarded_harvest"",""core:meal_oath"",""core:rally_boundary"",""core:repair_tithe""]","{""core:guarded_harvest"":12,""core:meal_oath"":8,""core:rally_boundary"":9,""core:repair_tithe"":3}","{""core:boundary_hinge"":2,""core:joiner_square"":3,""core:levy_bread_wrap"":1,""core:muster_roll"":1,""core:return_path_knot"":4,""core:root_binding_cord"":3,""core:scaffold_step"":2,""core:seed_pouch_lining"":2,""core:shock_absorber_pad"":4,""core:wind_seed_flag"":2}","[""core:sheltered_sowing"",""core:sowing_sworddance""]","[{""tick"":0,""evolutionId"":""core:sowing_sworddance"",""baseId"":""core:iron_blade""},{""tick"":1151,""evolutionId"":""core:sheltered_sowing"",""baseId"":""core:seed_bag""}]","{""core:carpenter_hammer"":{""building"":55},""core:hedge_drum"":{""building"":47,""people"":475},""core:muster_horn"":{""people"":1278},""core:seed_bag"":{""land"":39}}","raw/mixed__C__42.results.json","883ebf74a5a9a81487e5ec3d704b2f0050dbcdcb4218ca1ce2a6d44df1bedc2c","raw/mixed__C__42.metrics.json","2cc9507fe14245e3895a18e690dba5926fe775e79ed618adb85f75da719fe601"
"mixed__C__43","mixed","C","43","3","21600","true","duration","","68","3","513AB7B5807D43713F05CFB907D589BD85D6AE42B43A639BC6313F11984C3643","10660","32629","103348","2176","199","22374","12915","0","8","21550","2307","861","0","0","18","15","1","[""core:ember_wand"",""core:harvest_scythe"",""core:iron_blade"",""core:ward_orbit"",""core:muster_horn"",""core:seed_bag""]","[""core:guarded_harvest"",""core:meal_oath"",""core:rally_boundary""]","{""core:guarded_harvest"":12,""core:meal_oath"":13,""core:rally_boundary"":10}","{""core:levy_bread_wrap"":1,""core:meadow_buckle"":3,""core:muster_roll"":3,""core:return_path_knot"":3,""core:root_binding_cord"":3,""core:seed_pouch_lining"":5,""core:wind_seed_flag"":6}","[""core:sowing_sworddance""]","[{""tick"":0,""evolutionId"":""core:sowing_sworddance"",""baseId"":""core:iron_blade""}]","{""core:muster_horn"":{""people"":1806},""core:seed_bag"":{""land"":26}}","raw/mixed__C__43.results.json","327a92c4d9a78ca9e9524780c2a1d92ad8d503f4e9447d4bbe05077e74bc2e59","raw/mixed__C__43.metrics.json","b0ca360057adc27e10ebfbb0aba9f4383a0ea341868ca64707c48e1193d9b6f7"
"mixed__C__44","mixed","C","44","3","21600","true","duration","","72","3","AF9F4BD2A6C346869FBDEE1CC9754B5CC1AE224E3CC09676C780DFA3FD33C0A4","10549","40824","101032","2356","68","23400","16065","0","16","21600","2316","1071","0","0","11","20","1","[""core:ember_wand"",""core:harvest_scythe"",""core:iron_blade"",""core:ward_orbit"",""core:muster_horn"",""core:seed_bag""]","[""core:guarded_harvest"",""core:meal_oath"",""core:rally_boundary""]","{""core:guarded_harvest"":10,""core:meal_oath"":7,""core:rally_boundary"":6}","{""core:levy_bread_wrap"":3,""core:meadow_buckle"":2,""core:muster_roll"":6,""core:return_path_knot"":2,""core:root_binding_cord"":3,""core:seed_pouch_lining"":2,""core:wind_seed_flag"":4}","[""core:sowing_sworddance""]","[{""tick"":0,""evolutionId"":""core:sowing_sworddance"",""baseId"":""core:iron_blade""}]","{""core:muster_horn"":{""people"":1393},""core:seed_bag"":{""land"":23}}","raw/mixed__C__44.results.json","4728fe094c67699bcd802b178b2b51852ed3ca9f34964f10583bf3661b819704","raw/mixed__C__44.metrics.json","f12d39e23b9141afc5f01f0459e8eb4b816acedefa3bbf9da56da351e607c0cb"
"mixed__C__45","mixed","C","45","3","21600","true","duration","","77","3","602AC54E92D40EA0ABEBC9374F983763191C246203E619301C42FAA5A3A5ABA6","10193","32195","58301","57057","189","24088","13335","8508","1","21600","2420","889","3","3","2","23","1","[""core:ember_wand"",""core:harvest_scythe"",""core:iron_blade"",""core:ward_orbit"",""core:carpenter_hammer"",""core:hedge_drum"",""core:muster_horn"",""core:seed_bag""]","[""core:guarded_harvest"",""core:meal_oath"",""core:rally_boundary"",""core:repair_tithe""]","{""core:guarded_harvest"":10,""core:meal_oath"":14,""core:rally_boundary"":7,""core:repair_tithe"":3}","{""core:boundary_hinge"":1,""core:joiner_square"":1,""core:levy_bread_wrap"":1,""core:meadow_buckle"":1,""core:muster_roll"":1,""core:return_path_knot"":4,""core:root_binding_cord"":3,""core:ruin_keystone"":1,""core:scaffold_step"":4,""core:seed_pouch_lining"":2,""core:shock_absorber_pad"":3,""core:wind_seed_flag"":2}","[""core:sheltered_sowing"",""core:sowing_sworddance""]","[{""tick"":0,""evolutionId"":""core:sowing_sworddance"",""baseId"":""core:iron_blade""},{""tick"":8009,""evolutionId"":""core:sheltered_sowing"",""baseId"":""core:seed_bag""}]","{""core:carpenter_hammer"":{""building"":8},""core:hedge_drum"":{""building"":113,""people"":536},""core:muster_horn"":{""people"":1397},""core:seed_bag"":{""land"":31}}","raw/mixed__C__45.results.json","999e8c8c12fba1fe26ae4f67f6d5ce7e6134836469968a6450299a4b5899e493","raw/mixed__C__45.metrics.json","9c74ab94cdb14bc8450e26a92e4e92bdc2e9fa04c64955a7a719eb010ed3939c"
"mixed__C__46","mixed","C","46","3","21600","true","duration","","71","3","DD47CD2FCF6EA9F057DF4B3BF014C79853602E7488EDBDE36F4B68B47F239B0F","9791","27796","81211","38012","167","23914","12690","2616","0","21573","2368","846","7","7","24","12","1","[""core:ember_wand"",""core:harvest_scythe"",""core:iron_blade"",""core:ward_orbit"",""core:carpenter_hammer"",""core:hedge_drum"",""core:muster_horn"",""core:seed_bag""]","[""core:guarded_harvest"",""core:meal_oath"",""core:rally_boundary"",""core:repair_tithe""]","{""core:guarded_harvest"":9,""core:meal_oath"":8,""core:rally_boundary"":7,""core:repair_tithe"":1}","{""core:joiner_square"":1,""core:meadow_buckle"":3,""core:muster_roll"":3,""core:return_path_knot"":5,""core:root_binding_cord"":1,""core:ruin_keystone"":2,""core:scaffold_step"":4,""core:shock_absorber_pad"":4,""core:wind_seed_flag"":1}","[""core:sheltered_sowing"",""core:sowing_sworddance""]","[{""tick"":0,""evolutionId"":""core:sowing_sworddance"",""baseId"":""core:iron_blade""},{""tick"":2032,""evolutionId"":""core:sheltered_sowing"",""baseId"":""core:seed_bag""}]","{""core:carpenter_hammer"":{""building"":14},""core:hedge_drum"":{""building"":30,""people"":317},""core:muster_horn"":{""people"":2146},""core:seed_bag"":{""land"":18}}","raw/mixed__C__46.results.json","95e946e5c5192e8a4c0ce055e273026d53028265a9b5cb006ae696895a17984c","raw/mixed__C__46.metrics.json","7f3c23ea3f31088b13bcf293e21b9108d228ba201224e43e2827f8f35a657655"
"mixed__C__47","mixed","C","47","3","21600","true","duration","","75","3","2F41380EC5F40E6A6826D7557057F1B689CA62A29C2DB7F0B1B9A811A8700B70","9903","33326","53947","60056","256","24016","11325","7740","19","21600","2368","755","1","1","1","11","1","[""core:ember_wand"",""core:harvest_scythe"",""core:iron_blade"",""core:ward_orbit"",""core:carpenter_hammer"",""core:hedge_drum"",""core:muster_horn"",""core:seed_bag""]","[""core:guarded_harvest"",""core:meal_oath"",""core:rally_boundary"",""core:repair_tithe""]","{""core:guarded_harvest"":13,""core:meal_oath"":5,""core:rally_boundary"":6,""core:repair_tithe"":10}","{""core:boundary_hinge"":2,""core:joiner_square"":4,""core:levy_bread_wrap"":1,""core:meadow_buckle"":4,""core:muster_roll"":2,""core:return_path_knot"":2,""core:root_binding_cord"":1,""core:ruin_keystone"":1,""core:scaffold_step"":2,""core:seed_pouch_lining"":2,""core:shock_absorber_pad"":2,""core:wind_seed_flag"":1}","[""core:sheltered_sowing"",""core:sowing_sworddance""]","[{""tick"":0,""evolutionId"":""core:sowing_sworddance"",""baseId"":""core:iron_blade""},{""tick"":457,""evolutionId"":""core:sheltered_sowing"",""baseId"":""core:seed_bag""}]","{""core:carpenter_hammer"":{""building"":65},""core:hedge_drum"":{""building"":39,""people"":290},""core:muster_horn"":{""people"":1445},""core:seed_bag"":{""land"":19}}","raw/mixed__C__47.results.json","62d0a5fbe5b94ecd24030ccf13fe674b565a915ee558197175e59c774f2603af","raw/mixed__C__47.metrics.json","40be14784de4eda3604a1895516b639924ccda187ecbab3ab3b1f4a1daf6775e"
"mixed__C__48","mixed","C","48","3","21600","true","duration","","86","3","D60D380F49D8BBD70FD3C0A445F3441A964A014960B2620790406E2AF57AF873","10168","48351","55888","58942","8","26500","22590","7560","59","21600","2605","1506","17","17","4","11","1","[""core:ember_wand"",""core:harvest_scythe"",""core:iron_blade"",""core:ward_orbit"",""core:carpenter_hammer"",""core:hedge_drum"",""core:muster_horn"",""core:seed_bag""]","[""core:guarded_harvest"",""core:meal_oath"",""core:rally_boundary"",""core:repair_tithe""]","{""core:guarded_harvest"":5,""core:meal_oath"":17,""core:rally_boundary"":10,""core:repair_tithe"":4}","{""core:boundary_hinge"":3,""core:joiner_square"":1,""core:meadow_buckle"":2,""core:muster_roll"":1,""core:return_path_knot"":1,""core:root_binding_cord"":5,""core:scaffold_step"":3,""core:seed_pouch_lining"":3,""core:shock_absorber_pad"":1,""core:wind_seed_flag"":4}","[""core:sheltered_sowing"",""core:sowing_sworddance""]","[{""tick"":0,""evolutionId"":""core:sowing_sworddance"",""baseId"":""core:iron_blade""},{""tick"":10328,""evolutionId"":""core:sheltered_sowing"",""baseId"":""core:seed_bag""}]","{""core:hedge_drum"":{""building"":72,""people"":557},""core:muster_horn"":{""people"":1401},""core:seed_bag"":{""land"":42}}","raw/mixed__C__48.results.json","1d05f64fbcdef746c2ad126a1521128ba70fc738d3c2de455e38f22b3a6e54ad","raw/mixed__C__48.metrics.json","d21eb47b85d3863661bf3e9315aae800fada843cbf94dcef7fb3163a4d015dd3"
"mixed__C__49","mixed","C","49","3","21600","true","duration","","69","3","9D90FF734CF3F1572CBEDC8D7176A9939CB330F7C8DF50B8B08EFB14B0CB0716","11293","34235","84546","24300","1047","23714","12675","0","24","21600","2417","845","0","0","7","25","1","[""core:ember_wand"",""core:harvest_scythe"",""core:iron_blade"",""core:ward_orbit"",""core:muster_horn"",""core:seed_bag""]","[""core:guarded_harvest"",""core:meal_oath"",""core:rally_boundary""]","{""core:guarded_harvest"":6,""core:meal_oath"":12,""core:rally_boundary"":12}","{""core:levy_bread_wrap"":3,""core:meadow_buckle"":4,""core:muster_roll"":5,""core:return_path_knot"":5,""core:root_binding_cord"":4,""core:seed_pouch_lining"":2,""core:wind_seed_flag"":1}","[""core:sowing_sworddance""]","[{""tick"":0,""evolutionId"":""core:sowing_sworddance"",""baseId"":""core:iron_blade""}]","{""core:muster_horn"":{""people"":1648},""core:seed_bag"":{""land"":19}}","raw/mixed__C__49.results.json","a5308b7f279148d614aa471e38389147efd614b1ec0e997acc03607407f80fa5","raw/mixed__C__49.metrics.json","a48efce2dee2515646918a977eae263de1c5b1b6e44f944b1bd82a1bc2c767ee"
"mixed__C__50","mixed","C","50","3","21600","true","duration","","61","3","054E4B64697388E2FBDDE54AD6A329DB6AF4224F120F4D269D29E74E887C5176","14268","46226","75284","11105","3878","22318","6930","0","4","21577","2295","462","0","0","6","20","1","[""core:ember_wand"",""core:harvest_scythe"",""core:iron_blade"",""core:ward_orbit"",""core:muster_horn"",""core:seed_bag""]","[""core:guarded_harvest"",""core:meal_oath"",""core:rally_boundary"",""core:repair_tithe""]","{""core:guarded_harvest"":12,""core:meal_oath"":8,""core:rally_boundary"":2,""core:repair_tithe"":2}","{""core:levy_bread_wrap"":1,""core:meadow_buckle"":3,""core:muster_roll"":1,""core:return_path_knot"":3,""core:root_binding_cord"":6,""core:seed_pouch_lining"":5,""core:wind_seed_flag"":5}","[""core:sowing_sworddance""]","[{""tick"":0,""evolutionId"":""core:sowing_sworddance"",""baseId"":""core:iron_blade""}]","{""core:muster_horn"":{""people"":1848},""core:seed_bag"":{""land"":17}}","raw/mixed__C__50.results.json","51ce302bc85cffca00ac6df1a41d93e7ca6daba523888c7e730e06f4363b9b4d","raw/mixed__C__50.metrics.json","73f36073d9def109ad739e4d9c6ebdd1f7020463aaae9be421a9720a3fcc0e51"
"mixed__C__51","mixed","C","51","3","21600","true","duration","","75","3","A54892AFE0E7161D1A2B1542D973D98D4BC033B019F919AEE4D9D6A4484B1AF7","9956","26671","56881","60741","248","23432","10485","9228","5","21600","2356","699","5","5","0","20","1","[""core:ember_wand"",""core:harvest_scythe"",""core:iron_blade"",""core:ward_orbit"",""core:carpenter_hammer"",""core:hedge_drum"",""core:muster_horn"",""core:seed_bag""]","[""core:guarded_harvest"",""core:meal_oath"",""core:rally_boundary"",""core:repair_tithe""]","{""core:guarded_harvest"":13,""core:meal_oath"":6,""core:rally_boundary"":9,""core:repair_tithe"":2}","{""core:boundary_hinge"":2,""core:joiner_square"":1,""core:levy_bread_wrap"":2,""core:meadow_buckle"":2,""core:return_path_knot"":4,""core:root_binding_cord"":4,""core:ruin_keystone"":3,""core:scaffold_step"":1,""core:seed_pouch_lining"":1,""core:shock_absorber_pad"":1,""core:wind_seed_flag"":3}","[""core:sheltered_sowing"",""core:sowing_sworddance""]","[{""tick"":0,""evolutionId"":""core:sowing_sworddance"",""baseId"":""core:iron_blade""},{""tick"":2130,""evolutionId"":""core:sheltered_sowing"",""baseId"":""core:seed_bag""}]","{""core:carpenter_hammer"":{""building"":13},""core:hedge_drum"":{""building"":97,""people"":674},""core:muster_horn"":{""people"":1352},""core:seed_bag"":{""land"":26}}","raw/mixed__C__51.results.json","31c87fd1ef8efcf6222001cea9c19a2dbbe1337c46a05cd96a622a73180e09ee","raw/mixed__C__51.metrics.json","30b8c6655eb1d84a35375010cafb9d5e0b50a385d1986f4cb400550a56af7096"
"mixed__C__52","mixed","C","52","3","21600","true","duration","","70","3","685B6B015E703C76DE96F1CD3BFDF3D83CDC92CD136229998F45D03F66078D39","9676","31482","54736","56054","0","23066","7860","6600","1","21272","2289","524","11","10","0","12","1","[""core:ember_wand"",""core:harvest_scythe"",""core:iron_blade"",""core:ward_orbit"",""core:carpenter_hammer"",""core:hedge_drum"",""core:muster_horn"",""core:seed_bag""]","[""core:guarded_harvest"",""core:meal_oath"",""core:rally_boundary"",""core:repair_tithe""]","{""core:guarded_harvest"":7,""core:meal_oath"":7,""core:rally_boundary"":4,""core:repair_tithe"":2}","{""core:boundary_hinge"":2,""core:levy_bread_wrap"":3,""core:meadow_buckle"":1,""core:return_path_knot"":3,""core:root_binding_cord"":4,""core:ruin_keystone"":3,""core:scaffold_step"":1,""core:seed_pouch_lining"":4,""core:shock_absorber_pad"":2,""core:wind_seed_flag"":1}","[""core:sheltered_sowing"",""core:sowing_sworddance""]","[{""tick"":0,""evolutionId"":""core:sowing_sworddance"",""baseId"":""core:iron_blade""},{""tick"":1481,""evolutionId"":""core:sheltered_sowing"",""baseId"":""core:seed_bag""}]","{""core:carpenter_hammer"":{""building"":76},""core:hedge_drum"":{""building"":76,""people"":299},""core:muster_horn"":{""people"":1483},""core:seed_bag"":{""land"":22}}","raw/mixed__C__52.results.json","9e3fb4e3bb55d4dad27f519b85bdb945709292a821b09def220527b49975e908","raw/mixed__C__52.metrics.json","d47c6666d5e4beb206a1cc1a7544c055f21ffc3b96073fc763fa836097f1fd2b"
"mixed__C__53","mixed","C","53","3","21600","true","duration","","76","3","9A7E5AF1410F7309E460986F0EC9EDA024DC99D3EFAA19D33BE5D990CBE02E2A","10335","32243","80386","34452","166","23748","16950","4080","43","21063","2450","1130","1","1","18","0","1","[""core:ember_wand"",""core:harvest_scythe"",""core:iron_blade"",""core:ward_orbit"",""core:carpenter_hammer"",""core:hedge_drum"",""core:muster_horn"",""core:seed_bag""]","[""core:guarded_harvest"",""core:meal_oath"",""core:rally_boundary"",""core:repair_tithe""]","{""core:guarded_harvest"":9,""core:meal_oath"":14,""core:rally_boundary"":8,""core:repair_tithe"":3}","{""core:boundary_hinge"":3,""core:joiner_square"":1,""core:levy_bread_wrap"":1,""core:muster_roll"":3,""core:root_binding_cord"":5,""core:ruin_keystone"":3,""core:scaffold_step"":1,""core:seed_pouch_lining"":3,""core:wind_seed_flag"":4}","[""core:sheltered_sowing"",""core:sowing_sworddance""]","[{""tick"":0,""evolutionId"":""core:sowing_sworddance"",""baseId"":""core:iron_blade""},{""tick"":11020,""evolutionId"":""core:sheltered_sowing"",""baseId"":""core:seed_bag""}]","{""core:carpenter_hammer"":{""building"":2},""core:hedge_drum"":{""building"":57,""people"":404},""core:muster_horn"":{""people"":1299},""core:seed_bag"":{""land"":35}}","raw/mixed__C__53.results.json","a8bff8f0f1f5de71e5b6439588866990af29d869ca93af1d0cc708d9b2764800","raw/mixed__C__53.metrics.json","fb3c35b9a8cf1e0e53c8c5114d136d95714637b8b56a8d4a747cb46eda426db0"
"mixed__C__54","mixed","C","54","3","21600","true","duration","","85","3","86E7EF09599D6F7517E1F6EF48A107AB7EDFFC3422312CDE4DF3349D3086B4F7","10978","31642","68078","63333","179","26674","26655","2064","17","21600","2659","1777","16","16","5","42","1","[""core:ember_wand"",""core:harvest_scythe"",""core:iron_blade"",""core:ward_orbit"",""core:carpenter_hammer"",""core:hedge_drum"",""core:muster_horn"",""core:seed_bag""]","[""core:guarded_harvest"",""core:meal_oath"",""core:rally_boundary"",""core:repair_tithe""]","{""core:guarded_harvest"":2,""core:meal_oath"":15,""core:rally_boundary"":14,""core:repair_tithe"":1}","{""core:boundary_hinge"":1,""core:joiner_square"":4,""core:levy_bread_wrap"":2,""core:meadow_buckle"":2,""core:muster_roll"":3,""core:return_path_knot"":2,""core:root_binding_cord"":3,""core:ruin_keystone"":1,""core:scaffold_step"":3,""core:wind_seed_flag"":2}","[""core:sheltered_sowing"",""core:sowing_sworddance""]","[{""tick"":0,""evolutionId"":""core:sowing_sworddance"",""baseId"":""core:iron_blade""},{""tick"":16749,""evolutionId"":""core:sheltered_sowing"",""baseId"":""core:seed_bag""}]","{""core:hedge_drum"":{""building"":18,""people"":170},""core:muster_horn"":{""people"":2070},""core:seed_bag"":{""land"":32}}","raw/mixed__C__54.results.json","5ce3370838d7485d4b00ca0dc9f99ea477bda75e8c9ba65a667cb07d897fcb39","raw/mixed__C__54.metrics.json","86f717b8c26161c569a3db0a731657e6347643543f47e50492ca640f8c7406b7"
"mixed__C__55","mixed","C","55","3","21600","true","duration","","74","3","A33E197B47492ECC92ADBCFF7F896623B9961608D28966C53391CB013ABE7173","9764","22204","71079","51247","81","23522","10905","7932","23","21591","2315","727","0","0","5","15","1","[""core:ember_wand"",""core:harvest_scythe"",""core:iron_blade"",""core:ward_orbit"",""core:carpenter_hammer"",""core:hedge_drum"",""core:muster_horn"",""core:seed_bag""]","[""core:guarded_harvest"",""core:meal_oath"",""core:rally_boundary"",""core:repair_tithe""]","{""core:guarded_harvest"":11,""core:meal_oath"":8,""core:rally_boundary"":6,""core:repair_tithe"":3}","{""core:boundary_hinge"":1,""core:joiner_square"":2,""core:levy_bread_wrap"":2,""core:meadow_buckle"":4,""core:return_path_knot"":5,""core:root_binding_cord"":1,""core:ruin_keystone"":2,""core:scaffold_step"":1,""core:seed_pouch_lining"":2,""core:shock_absorber_pad"":1,""core:wind_seed_flag"":2}","[""core:sheltered_sowing"",""core:sowing_sworddance""]","[{""tick"":0,""evolutionId"":""core:sowing_sworddance"",""baseId"":""core:iron_blade""},{""tick"":6451,""evolutionId"":""core:sheltered_sowing"",""baseId"":""core:seed_bag""}]","{""core:hedge_drum"":{""building"":79,""people"":6},""core:muster_horn"":{""people"":2003},""core:seed_bag"":{""land"":23}}","raw/mixed__C__55.results.json","ba825e20e3dd6e27491568a6e864271bd4d8452a5e8c48b25c77b4ff85ba135f","raw/mixed__C__55.metrics.json","d322d6c18cdab9c1a376b658457cba9bf41d2433ef7e8b1cb84168bebe7c097c"
"mixed__C__56","mixed","C","56","3","21600","true","duration","","75","3","9EB9B1811E52684672725F668D52097EEB9A3719191175B8CB87BF6922C73939","10366","30678","59148","57241","262","23882","11580","7452","21","21489","2370","772","16","16","6","11","1","[""core:ember_wand"",""core:harvest_scythe"",""core:iron_blade"",""core:ward_orbit"",""core:carpenter_hammer"",""core:hedge_drum"",""core:muster_horn"",""core:seed_bag""]","[""core:guarded_harvest"",""core:meal_oath"",""core:rally_boundary"",""core:repair_tithe""]","{""core:guarded_harvest"":9,""core:meal_oath"":10,""core:rally_boundary"":7,""core:repair_tithe"":7}","{""core:boundary_hinge"":1,""core:joiner_square"":1,""core:levy_bread_wrap"":3,""core:meadow_buckle"":3,""core:muster_roll"":1,""core:return_path_knot"":1,""core:root_binding_cord"":1,""core:ruin_keystone"":1,""core:scaffold_step"":4,""core:seed_pouch_lining"":1,""core:shock_absorber_pad"":1,""core:wind_seed_flag"":6}","[""core:sheltered_sowing"",""core:sowing_sworddance""]","[{""tick"":0,""evolutionId"":""core:sowing_sworddance"",""baseId"":""core:iron_blade""},{""tick"":1818,""evolutionId"":""core:sheltered_sowing"",""baseId"":""core:seed_bag""}]","{""core:carpenter_hammer"":{""building"":43},""core:hedge_drum"":{""building"":78,""people"":455},""core:muster_horn"":{""people"":1062},""core:seed_bag"":{""land"":27}}","raw/mixed__C__56.results.json","bccacd2329ef1e4ee97b5d7ee17be92d8f123c26deda3ed7c40566f410694f84","raw/mixed__C__56.metrics.json","10cf3aff14e5cce0a1c57c325f255a717138bf9032221adb81fa87c1563e3296"
"mixed__C__57","mixed","C","57","3","21600","true","duration","","80","3","2424917F61ACA1D3C0A4634137E67D1C4598D71C17F891095DB27F97C5F920B5","10783","37114","50685","68098","442","25424","15525","8124","2","21600","2528","1035","7","7","10","20","1","[""core:ember_wand"",""core:harvest_scythe"",""core:iron_blade"",""core:ward_orbit"",""core:carpenter_hammer"",""core:hedge_drum"",""core:muster_horn"",""core:seed_bag""]","[""core:guarded_harvest"",""core:meal_oath"",""core:rally_boundary"",""core:repair_tithe""]","{""core:guarded_harvest"":8,""core:meal_oath"":12,""core:rally_boundary"":7,""core:repair_tithe"":10}","{""core:boundary_hinge"":1,""core:levy_bread_wrap"":3,""core:meadow_buckle"":2,""core:muster_roll"":2,""core:return_path_knot"":2,""core:root_binding_cord"":3,""core:ruin_keystone"":1,""core:scaffold_step"":1,""core:seed_pouch_lining"":2,""core:shock_absorber_pad"":3,""core:wind_seed_flag"":3}","[""core:sheltered_sowing"",""core:sowing_sworddance""]","[{""tick"":0,""evolutionId"":""core:sowing_sworddance"",""baseId"":""core:iron_blade""},{""tick"":1200,""evolutionId"":""core:sheltered_sowing"",""baseId"":""core:seed_bag""}]","{""core:carpenter_hammer"":{""building"":28},""core:hedge_drum"":{""building"":35,""people"":509},""core:muster_horn"":{""people"":1144},""core:seed_bag"":{""land"":31}}","raw/mixed__C__57.results.json","c13e3efe6963517796a0b259bfea315d1eae32549b3dc7eaae4158d4a279b0a2","raw/mixed__C__57.metrics.json","50d706192c7181c43b4fc16d827825ee94760be1d5192c60481e52a688aa49c3"
"mixed__C__58","mixed","C","58","3","21600","true","duration","","82","3","DDB5E323C6A603C54E927AE3E5F4D595AFC0ECA47FEE5A9BAD42251BFB661628","9967","26282","52104","74589","16","25018","16140","10512","37","21600","2538","1076","15","15","6","14","1","[""core:ember_wand"",""core:harvest_scythe"",""core:iron_blade"",""core:ward_orbit"",""core:carpenter_hammer"",""core:hedge_drum"",""core:muster_horn"",""core:seed_bag""]","[""core:guarded_harvest"",""core:meal_oath"",""core:rally_boundary"",""core:repair_tithe""]","{""core:guarded_harvest"":17,""core:meal_oath"":7,""core:rally_boundary"":9,""core:repair_tithe"":2}","{""core:joiner_square"":3,""core:levy_bread_wrap"":2,""core:meadow_buckle"":1,""core:muster_roll"":2,""core:return_path_knot"":1,""core:root_binding_cord"":1,""core:ruin_keystone"":5,""core:scaffold_step"":3,""core:seed_pouch_lining"":2,""core:shock_absorber_pad"":2,""core:wind_seed_flag"":2}","[""core:sheltered_sowing"",""core:sowing_sworddance""]","[{""tick"":0,""evolutionId"":""core:sowing_sworddance"",""baseId"":""core:iron_blade""},{""tick"":993,""evolutionId"":""core:sheltered_sowing"",""baseId"":""core:seed_bag""}]","{""core:carpenter_hammer"":{""building"":58},""core:hedge_drum"":{""building"":81,""people"":564},""core:muster_horn"":{""people"":940},""core:seed_bag"":{""land"":48}}","raw/mixed__C__58.results.json","9a82ff24b5ec61f82b9fda6dad6aad47a85b7b0991ab76d92f07296b26dc55e3","raw/mixed__C__58.metrics.json","9f0f08be385b4f3ca359533f2d85f7f60f25be488a06f0d3e842536ef05bb9ae"
"mixed__C__59","mixed","C","59","3","21600","true","duration","","70","3","1765EAE25C60B5B09F22BFC0C869BA0D1376AE317C674FB5A175D783EAD0F46D","10381","24365","108823","8942","92","23202","14880","0","51","21473","2308","992","0","0","2","34","1","[""core:ember_wand"",""core:harvest_scythe"",""core:iron_blade"",""core:ward_orbit"",""core:muster_horn"",""core:seed_bag""]","[""core:guarded_harvest"",""core:meal_oath"",""core:rally_boundary""]","{""core:guarded_harvest"":8,""core:meal_oath"":12,""core:rally_boundary"":5}","{""core:levy_bread_wrap"":4,""core:meadow_buckle"":3,""core:muster_roll"":2,""core:return_path_knot"":7,""core:root_binding_cord"":4,""core:wind_seed_flag"":4}","[""core:sowing_sworddance""]","[{""tick"":0,""evolutionId"":""core:sowing_sworddance"",""baseId"":""core:iron_blade""}]","{""core:muster_horn"":{""people"":1279},""core:seed_bag"":{""land"":27}}","raw/mixed__C__59.results.json","7c7e1b07a21e57a8add4bad269cfaf9997c5073385ff27b5a98d780fb8937ab8","raw/mixed__C__59.metrics.json","14ce735df8ce1fd9e86e3fdf9d92e8121e7638a5f6ef773563186fc7d4732cb2"
"mixed__C__60","mixed","C","60","3","21600","true","duration","","75","3","FFA7C193618F0F049EDB553611DBDA25DB5A4D69E38CEA8571FF970CDF5A4A53","9699","23818","52804","65638","3","22994","8055","12504","1","21600","2258","537","0","0","1","6","1","[""core:ember_wand"",""core:harvest_scythe"",""core:iron_blade"",""core:ward_orbit"",""core:carpenter_hammer"",""core:hedge_drum"",""core:muster_horn"",""core:seed_bag""]","[""core:guarded_harvest"",""core:meal_oath"",""core:rally_boundary"",""core:repair_tithe""]","{""core:guarded_harvest"":4,""core:meal_oath"":7,""core:rally_boundary"":5,""core:repair_tithe"":13}","{""core:joiner_square"":3,""core:levy_bread_wrap"":1,""core:meadow_buckle"":3,""core:muster_roll"":2,""core:return_path_knot"":1,""core:root_binding_cord"":6,""core:ruin_keystone"":1,""core:scaffold_step"":1,""core:seed_pouch_lining"":3,""core:shock_absorber_pad"":3}","[""core:sheltered_sowing"",""core:sowing_sworddance""]","[{""tick"":0,""evolutionId"":""core:sowing_sworddance"",""baseId"":""core:iron_blade""},{""tick"":457,""evolutionId"":""core:sheltered_sowing"",""baseId"":""core:seed_bag""}]","{""core:carpenter_hammer"":{""building"":47},""core:hedge_drum"":{""building"":54,""people"":538},""core:muster_horn"":{""people"":373},""core:seed_bag"":{""land"":16}}","raw/mixed__C__60.results.json","82df946a35a3a50843e1592c8ae5192f891539d75ae1d745a145fee323a18e5b","raw/mixed__C__60.metrics.json","970a32011c54b96b79f713b12e50f470db0ea95a42b8d6894f25fb8530949b0d"
"mixed__C__61","mixed","C","61","3","21600","true","duration","","76","3","6BE4664661E92CA9B6255026C999EFACD5D18EC707A62E3CAFD190F974DC2997","9418","28896","64484","47572","0","22910","13665","7368","1","21600","2277","911","8","8","9","3","1","[""core:ember_wand"",""core:harvest_scythe"",""core:iron_blade"",""core:ward_orbit"",""core:carpenter_hammer"",""core:hedge_drum"",""core:muster_horn"",""core:seed_bag""]","[""core:guarded_harvest"",""core:meal_oath"",""core:rally_boundary"",""core:repair_tithe""]","{""core:guarded_harvest"":7,""core:meal_oath"":5,""core:rally_boundary"":6,""core:repair_tithe"":3}","{""core:boundary_hinge"":2,""core:meadow_buckle"":1,""core:muster_roll"":4,""core:return_path_knot"":2,""core:root_binding_cord"":3,""core:ruin_keystone"":2,""core:scaffold_step"":2,""core:seed_pouch_lining"":3,""core:wind_seed_flag"":4}","[""core:sheltered_sowing"",""core:sowing_sworddance""]","[{""tick"":0,""evolutionId"":""core:sowing_sworddance"",""baseId"":""core:iron_blade""},{""tick"":10895,""evolutionId"":""core:sheltered_sowing"",""baseId"":""core:seed_bag""}]","{""core:carpenter_hammer"":{""building"":2},""core:hedge_drum"":{""building"":87,""people"":509},""core:muster_horn"":{""people"":986},""core:seed_bag"":{""land"":14}}","raw/mixed__C__61.results.json","ddddf5031b54cb48534bbe0a900e1342326bb8ca569c381eeac74e9244e17bea","raw/mixed__C__61.metrics.json","dc421909e89f430b4bc0bb66e14824173d58b17ca2eaf990737ec3255e75d513"
"mixed__C__62","mixed","C","62","3","21600","true","duration","","76","3","D68F4440D049F0DF23FBE6BF01264BE838854E9600933670361B41C56DDDECAE","9100","27457","51847","57901","56","22360","13020","9360","6","21600","2287","868","12","8","10","7","1","[""core:ember_wand"",""core:harvest_scythe"",""core:iron_blade"",""core:ward_orbit"",""core:carpenter_hammer"",""core:hedge_drum"",""core:muster_horn"",""core:seed_bag""]","[""core:guarded_harvest"",""core:meal_oath"",""core:rally_boundary"",""core:repair_tithe""]","{""core:guarded_harvest"":5,""core:meal_oath"":6,""core:rally_boundary"":5,""core:repair_tithe"":1}","{""core:joiner_square"":5,""core:meadow_buckle"":2,""core:muster_roll"":3,""core:return_path_knot"":3,""core:root_binding_cord"":1,""core:ruin_keystone"":4,""core:scaffold_step"":2,""core:shock_absorber_pad"":3,""core:wind_seed_flag"":1}","[""core:sheltered_sowing"",""core:sowing_sworddance""]","[{""tick"":0,""evolutionId"":""core:sowing_sworddance"",""baseId"":""core:iron_blade""},{""tick"":4500,""evolutionId"":""core:sheltered_sowing"",""baseId"":""core:seed_bag""}]","{""core:hedge_drum"":{""building"":70,""people"":694},""core:muster_horn"":{""people"":1167},""core:seed_bag"":{""land"":17}}","raw/mixed__C__62.results.json","57ef07e39e31477d0288eee5d13cbee72cf132b4105bd10b54bf973c68e5ace7","raw/mixed__C__62.metrics.json","0763dc396b0d35bd2794c872278ba811720265d7c8b3d034ec903ee6d76510a4"
"mixed__C__63","mixed","C","63","3","21600","true","duration","","74","3","3DABC6618F150A66DD59B5E1D6ACF68456B447CAD0E26AC218F345E49F84CF14","11318","39790","71283","41837","5048","25742","14040","2052","13","21589","2530","936","2","1","30","4","1","[""core:ember_wand"",""core:harvest_scythe"",""core:iron_blade"",""core:ward_orbit"",""core:hedge_drum"",""core:muster_horn"",""core:seed_bag""]","[""core:guarded_harvest"",""core:meal_oath"",""core:rally_boundary""]","{""core:guarded_harvest"":11,""core:meal_oath"":9,""core:rally_boundary"":7}","{""core:levy_bread_wrap"":1,""core:meadow_buckle"":3,""core:muster_roll"":5,""core:return_path_knot"":4,""core:root_binding_cord"":2,""core:scaffold_step"":1,""core:seed_pouch_lining"":4,""core:wind_seed_flag"":4}","[""core:sowing_sworddance""]","[{""tick"":0,""evolutionId"":""core:sowing_sworddance"",""baseId"":""core:iron_blade""}]","{""core:hedge_drum"":{""building"":54,""people"":337},""core:muster_horn"":{""people"":1360},""core:seed_bag"":{""land"":22}}","raw/mixed__C__63.results.json","8e0d5eadeb75f00b5b3f4e15a55b44f2d76905bda7110235ef1762d18d0e8252","raw/mixed__C__63.metrics.json","589429f3fcd28a138c64126960078f1177c2ccd4586527ac047509774ac73f84"
"mixed__C__64","mixed","C","64","3","21600","true","duration","","69","3","F33B7B7AB26AEAE8EAB6D3CE2156C73AAF4D4B163B443B9C1D3833AADB360562","9298","36908","72660","33992","40","23280","11025","2532","15","21437","2304","735","15","14","2","24","1","[""core:ember_wand"",""core:harvest_scythe"",""core:iron_blade"",""core:ward_orbit"",""core:hedge_drum"",""core:muster_horn"",""core:seed_bag""]","[""core:guarded_harvest"",""core:meal_oath"",""core:rally_boundary"",""core:repair_tithe""]","{""core:guarded_harvest"":9,""core:meal_oath"":8,""core:rally_boundary"":4,""core:repair_tithe"":4}","{""core:levy_bread_wrap"":3,""core:muster_roll"":1,""core:return_path_knot"":3,""core:root_binding_cord"":6,""core:scaffold_step"":2,""core:seed_pouch_lining"":3,""core:wind_seed_flag"":6}","[""core:sowing_sworddance""]","[{""tick"":0,""evolutionId"":""core:sowing_sworddance"",""baseId"":""core:iron_blade""}]","{""core:hedge_drum"":{""building"":69,""people"":69},""core:muster_horn"":{""people"":2029},""core:seed_bag"":{""land"":28}}","raw/mixed__C__64.results.json","2c7739e988ddb8c8755135618bab40ac024a52c271fab7c7849ee42b956dd434","raw/mixed__C__64.metrics.json","d21db2b9084b1d9808b26c39a9de210dacb548925e32ac53c861657e34b9fcc6"
"mixed__C__65","mixed","C","65","3","21600","true","duration","","73","3","D175E28C40594B0020F22E098398AC18AA93CBE4E1A46B547D36D6B526C6C388","9880","41198","82834","22741","16","23792","14670","2592","34","21600","2379","978","1","1","2","13","1","[""core:ember_wand"",""core:harvest_scythe"",""core:iron_blade"",""core:ward_orbit"",""core:carpenter_hammer"",""core:hedge_drum"",""core:muster_horn"",""core:seed_bag""]","[""core:guarded_harvest"",""core:meal_oath"",""core:rally_boundary"",""core:repair_tithe""]","{""core:guarded_harvest"":18,""core:meal_oath"":3,""core:rally_boundary"":7,""core:repair_tithe"":4}","{""core:boundary_hinge"":2,""core:levy_bread_wrap"":2,""core:meadow_buckle"":4,""core:muster_roll"":1,""core:return_path_knot"":1,""core:root_binding_cord"":4,""core:seed_pouch_lining"":4,""core:shock_absorber_pad"":1,""core:wind_seed_flag"":4}","[""core:sheltered_sowing"",""core:sowing_sworddance""]","[{""tick"":0,""evolutionId"":""core:sowing_sworddance"",""baseId"":""core:iron_blade""},{""tick"":18878,""evolutionId"":""core:sheltered_sowing"",""baseId"":""core:seed_bag""}]","{""core:carpenter_hammer"":{""building"":1},""core:hedge_drum"":{""building"":58,""people"":245},""core:muster_horn"":{""people"":1798},""core:seed_bag"":{""land"":34}}","raw/mixed__C__65.results.json","d16c60b88bcf1c995aa1c0c4b997dd04e8dca50a761ee475ae161bfb13891393","raw/mixed__C__65.metrics.json","92ae8b6c46d1bb5bc1bfa520f33a5f924e69997a6b638fddb98c509782414b1d"
"mixed__C__66","mixed","C","66","3","21600","true","duration","","72","3","64843A1B8B8EE685BD5983068A95286738DE6C32299EA3B425017E2866E3E8EF","10592","38952","88455","18969","210","23878","15630","0","46","21600","2389","1042","0","0","8","37","1","[""core:ember_wand"",""core:harvest_scythe"",""core:iron_blade"",""core:ward_orbit"",""core:muster_horn"",""core:seed_bag""]","[""core:guarded_harvest"",""core:meal_oath"",""core:rally_boundary""]","{""core:guarded_harvest"":17,""core:meal_oath"":8,""core:rally_boundary"":10}","{""core:levy_bread_wrap"":5,""core:meadow_buckle"":3,""core:muster_roll"":3,""core:return_path_knot"":1,""core:root_binding_cord"":6,""core:seed_pouch_lining"":4,""core:wind_seed_flag"":2}","[""core:sowing_sworddance""]","[{""tick"":0,""evolutionId"":""core:sowing_sworddance"",""baseId"":""core:iron_blade""}]","{""core:muster_horn"":{""people"":1578},""core:seed_bag"":{""land"":28}}","raw/mixed__C__66.results.json","45dcc9befccb4077a83d00b769e980cf14f10cc77eb68204bc8de35ed33f3b74","raw/mixed__C__66.metrics.json","c882b00457e2a2339864389de9df257bfa6f66743b49592299b68a70824fae74"
"mixed__C__67","mixed","C","67","3","21600","true","duration","","75","3","C8A8AC7B71EEC09CDBA88531A29FC0B67D21F2207C9A70E8CADC563C286812FB","10192","23261","47994","72275","419","23412","11325","8172","2","21600","2345","755","13","13","1","5","1","[""core:ember_wand"",""core:harvest_scythe"",""core:iron_blade"",""core:ward_orbit"",""core:carpenter_hammer"",""core:hedge_drum"",""core:muster_horn"",""core:seed_bag""]","[""core:guarded_harvest"",""core:meal_oath"",""core:rally_boundary"",""core:repair_tithe""]","{""core:guarded_harvest"":13,""core:meal_oath"":5,""core:rally_boundary"":8,""core:repair_tithe"":8}","{""core:boundary_hinge"":5,""core:joiner_square"":2,""core:levy_bread_wrap"":1,""core:meadow_buckle"":3,""core:muster_roll"":2,""core:return_path_knot"":3,""core:root_binding_cord"":3,""core:ruin_keystone"":1,""core:wind_seed_flag"":3}","[""core:sheltered_sowing"",""core:sowing_sworddance""]","[{""tick"":0,""evolutionId"":""core:sowing_sworddance"",""baseId"":""core:iron_blade""},{""tick"":6900,""evolutionId"":""core:sheltered_sowing"",""baseId"":""core:seed_bag""}]","{""core:carpenter_hammer"":{""building"":3},""core:hedge_drum"":{""building"":86,""people"":568},""core:muster_horn"":{""people"":766},""core:seed_bag"":{""land"":23}}","raw/mixed__C__67.results.json","2f01f669a9c975d7328fb3b0e5a5940e1466ace793e7d9d23cf0da54cb2e40c5","raw/mixed__C__67.metrics.json","a983140a471c2c87ccdf08fe7dd49c263280d458d056cbef32839ceecfe3ef13"
"mixed__C__68","mixed","C","68","3","21600","true","duration","","83","3","93169C93949901540EA57B4366FBDD5F65A4249675EEDDC1E90F7106825F657B","10175","25055","61165","73534","31","25918","19275","7908","32","21600","2529","1285","0","0","22","8","1","[""core:ember_wand"",""core:harvest_scythe"",""core:iron_blade"",""core:ward_orbit"",""core:carpenter_hammer"",""core:hedge_drum"",""core:muster_horn"",""core:seed_bag""]","[""core:guarded_harvest"",""core:meal_oath"",""core:rally_boundary"",""core:repair_tithe""]","{""core:guarded_harvest"":19,""core:meal_oath"":10,""core:rally_boundary"":8,""core:repair_tithe"":4}","{""core:boundary_hinge"":1,""core:levy_bread_wrap"":2,""core:meadow_buckle"":1,""core:muster_roll"":3,""core:root_binding_cord"":4,""core:ruin_keystone"":2,""core:scaffold_step"":2,""core:seed_pouch_lining"":3,""core:shock_absorber_pad"":2,""core:wind_seed_flag"":3}","[""core:sheltered_sowing"",""core:sowing_sworddance""]","[{""tick"":0,""evolutionId"":""core:sowing_sworddance"",""baseId"":""core:iron_blade""},{""tick"":2100,""evolutionId"":""core:sheltered_sowing"",""baseId"":""core:seed_bag""}]","{""core:carpenter_hammer"":{""building"":1},""core:hedge_drum"":{""building"":71,""people"":680},""core:muster_horn"":{""people"":1565},""core:seed_bag"":{""land"":30}}","raw/mixed__C__68.results.json","c4fe38629b41a8f7e8cd869e04acf78cc14521e601df305e3040ece77caa5be1","raw/mixed__C__68.metrics.json","ab0c0b794fc1fcc5b59c4a303995fd5816f823607965c370cb476f4bbb605950"
"mixed__C__69","mixed","C","69","3","21600","true","duration","","67","3","553757A0E018EA8D124B3012FFE957C75C5AC685071E4E46EC5C2ED5D9FA8F4D","11171","39763","95529","4713","1767","23042","11325","0","0","21581","2309","755","0","0","0","43","1","[""core:ember_wand"",""core:harvest_scythe"",""core:iron_blade"",""core:ward_orbit"",""core:muster_horn"",""core:seed_bag""]","[""core:guarded_harvest"",""core:meal_oath"",""core:rally_boundary""]","{""core:guarded_harvest"":12,""core:meal_oath"":9,""core:rally_boundary"":8}","{""core:levy_bread_wrap"":2,""core:meadow_buckle"":3,""core:return_path_knot"":4,""core:root_binding_cord"":5,""core:seed_pouch_lining"":5,""core:wind_seed_flag"":4}","[""core:sowing_sworddance""]","[{""tick"":0,""evolutionId"":""core:sowing_sworddance"",""baseId"":""core:iron_blade""}]","{""core:muster_horn"":{""people"":1096},""core:seed_bag"":{""land"":34}}","raw/mixed__C__69.results.json","e3a2a32dee64600bf8f4efbb33482d582d5071d4efd9b19698b1613ef12e5c15","raw/mixed__C__69.metrics.json","dc53497d4d31c1df76db110996ce78d5c1bbce5c72fd25e61f4eb5aba688c7de"
"mixed__C__70","mixed","C","70","3","21600","true","duration","","78","3","81E1D12F96249DFE47FE71F5AAEDF05BC188BE67F9801DA24DD405F2FE2A2A86","9783","29021","51206","70239","0","24460","11655","11184","1","21590","2451","777","7","6","7","7","1","[""core:ember_wand"",""core:harvest_scythe"",""core:iron_blade"",""core:ward_orbit"",""core:carpenter_hammer"",""core:hedge_drum"",""core:muster_horn"",""core:seed_bag""]","[""core:guarded_harvest"",""core:meal_oath"",""core:rally_boundary"",""core:repair_tithe""]","{""core:guarded_harvest"":17,""core:meal_oath"":11,""core:rally_boundary"":15,""core:repair_tithe"":6}","{""core:boundary_hinge"":1,""core:levy_bread_wrap"":7,""core:meadow_buckle"":1,""core:muster_roll"":3,""core:root_binding_cord"":1,""core:ruin_keystone"":3,""core:scaffold_step"":3,""core:seed_pouch_lining"":1,""core:shock_absorber_pad"":3,""core:wind_seed_flag"":1}","[""core:sheltered_sowing"",""core:sowing_sworddance""]","[{""tick"":0,""evolutionId"":""core:sowing_sworddance"",""baseId"":""core:iron_blade""},{""tick"":5100,""evolutionId"":""core:sheltered_sowing"",""baseId"":""core:seed_bag""}]","{""core:carpenter_hammer"":{""building"":2},""core:hedge_drum"":{""building"":111,""people"":589},""core:muster_horn"":{""people"":814},""core:seed_bag"":{""land"":35}}","raw/mixed__C__70.results.json","fa0ea99084d44533a97e790d52de7f14802a31af60a01a5f94a51409c99cd216","raw/mixed__C__70.metrics.json","5b033c666844507acac4c27d33c570156576461aaa53116ce6c9fa81a1982c21"
"mixed__C__71","mixed","C","71","3","21600","true","duration","","75","3","F1B80927D61A1467AD1FBFEFBF2235D956D5B09228C9A5104AC31A32D4F48A7C","9519","33709","54202","57831","48","23728","15435","4260","24","21600","2352","1029","7","3","3","8","1","[""core:ember_wand"",""core:harvest_scythe"",""core:iron_blade"",""core:ward_orbit"",""core:carpenter_hammer"",""core:hedge_drum"",""core:muster_horn"",""core:seed_bag""]","[""core:guarded_harvest"",""core:meal_oath"",""core:rally_boundary""]","{""core:guarded_harvest"":5,""core:meal_oath"":12,""core:rally_boundary"":9}","{""core:boundary_hinge"":2,""core:joiner_square"":3,""core:levy_bread_wrap"":1,""core:meadow_buckle"":3,""core:muster_roll"":2,""core:return_path_knot"":1,""core:root_binding_cord"":2,""core:ruin_keystone"":2,""core:scaffold_step"":6,""core:seed_pouch_lining"":1,""core:wind_seed_flag"":1}","[""core:sheltered_sowing"",""core:sowing_sworddance""]","[{""tick"":0,""evolutionId"":""core:sowing_sworddance"",""baseId"":""core:iron_blade""},{""tick"":3014,""evolutionId"":""core:sheltered_sowing"",""baseId"":""core:seed_bag""}]","{""core:carpenter_hammer"":{""building"":1},""core:hedge_drum"":{""building"":72,""people"":505},""core:muster_horn"":{""people"":1059},""core:seed_bag"":{""land"":23}}","raw/mixed__C__71.results.json","0a68c8babe002880ac637c8d23dfe32b5bda14b5f2b8f18e22db136af10463be","raw/mixed__C__71.metrics.json","01ab72a28b11141842749b6a076eec5c882d71e328d39213d6c7f1562b05c413"
"mixed__C__72","mixed","C","72","3","21600","true","duration","","69","3","C87D8647AC6887237F491C880524FB0D42D14DC09EE16B8E3257B7694BA68890","10488","37206","93481","13870","429","23618","13590","0","20","21573","2341","906","0","0","10","18","1","[""core:ember_wand"",""core:harvest_scythe"",""core:iron_blade"",""core:ward_orbit"",""core:muster_horn"",""core:seed_bag""]","[""core:guarded_harvest"",""core:meal_oath"",""core:rally_boundary""]","{""core:guarded_harvest"":11,""core:meal_oath"":9,""core:rally_boundary"":14}","{""core:levy_bread_wrap"":1,""core:meadow_buckle"":1,""core:muster_roll"":2,""core:return_path_knot"":3,""core:root_binding_cord"":4,""core:seed_pouch_lining"":4,""core:wind_seed_flag"":8}","[""core:sowing_sworddance""]","[{""tick"":0,""evolutionId"":""core:sowing_sworddance"",""baseId"":""core:iron_blade""}]","{""core:muster_horn"":{""people"":2052},""core:seed_bag"":{""land"":19}}","raw/mixed__C__72.results.json","432814ec6617982a3f3e5e8b8c2701c0f7cdbf0b0be306a80a81fa5c5516dc9f","raw/mixed__C__72.metrics.json","a93ffeb5ad74399e1ea7ce4f7a57dcd3629b871273cd2f8ff25c30b1a7b22408"
"mixed__C__73","mixed","C","73","3","21600","true","duration","","75","3","21B2BB7DE6604BE11BBEEFB0A2B0D8B5E0AF83536631045D9FC02376272F7C91","10039","19226","64909","67801","658","24670","13110","5892","20","21196","2402","874","0","0","14","14","1","[""core:ember_wand"",""core:harvest_scythe"",""core:iron_blade"",""core:ward_orbit"",""core:carpenter_hammer"",""core:hedge_drum"",""core:muster_horn"",""core:seed_bag""]","[""core:guarded_harvest"",""core:meal_oath"",""core:rally_boundary"",""core:repair_tithe""]","{""core:guarded_harvest"":9,""core:meal_oath"":7,""core:rally_boundary"":7,""core:repair_tithe"":2}","{""core:boundary_hinge"":1,""core:joiner_square"":1,""core:meadow_buckle"":4,""core:muster_roll"":3,""core:return_path_knot"":1,""core:root_binding_cord"":4,""core:ruin_keystone"":4,""core:scaffold_step"":2,""core:seed_pouch_lining"":1,""core:shock_absorber_pad"":2,""core:wind_seed_flag"":1}","[""core:sheltered_sowing"",""core:sowing_sworddance""]","[{""tick"":0,""evolutionId"":""core:sowing_sworddance"",""baseId"":""core:iron_blade""},{""tick"":457,""evolutionId"":""core:sheltered_sowing"",""baseId"":""core:seed_bag""}]","{""core:carpenter_hammer"":{""building"":25},""core:hedge_drum"":{""building"":31,""people"":369},""core:muster_horn"":{""people"":1898},""core:seed_bag"":{""land"":22}}","raw/mixed__C__73.results.json","f71eeecf8321b9b22cdd1174aa8f382d6150d3903bfe94a5c4eed3da73614822","raw/mixed__C__73.metrics.json","6af55d56029767b786066055e1ced37ac7a2e6a2410fa4cd78793de8321eb8dc"
"random__A__42","random","A","42","3","21600","true","duration","","73","3","EB501B710E5E32787F63797B31F95C2E1ADB1C5F47D403F92DC862443BDD5D57","9744","14573","67045","58617","8","22814","8310","9852","21","21600","2298","554","18","17","0","45","1","[""core:ember_wand"",""core:harvest_scythe"",""core:iron_blade"",""core:ward_orbit"",""core:carpenter_hammer"",""core:hedge_drum"",""core:muster_horn"",""core:seed_bag""]","[""core:guarded_harvest"",""core:meal_oath"",""core:rally_boundary"",""core:repair_tithe""]","{""core:guarded_harvest"":11,""core:meal_oath"":8,""core:rally_boundary"":9,""core:repair_tithe"":4}","{""core:boundary_hinge"":2,""core:levy_bread_wrap"":1,""core:meadow_buckle"":2,""core:muster_roll"":1,""core:return_path_knot"":3,""core:root_binding_cord"":1,""core:ruin_keystone"":4,""core:scaffold_step"":3,""core:seed_pouch_lining"":2,""core:shock_absorber_pad"":3,""core:wind_seed_flag"":2}","[""core:sheltered_sowing"",""core:sowing_sworddance""]","[{""tick"":0,""evolutionId"":""core:sowing_sworddance"",""baseId"":""core:iron_blade""},{""tick"":2699,""evolutionId"":""core:sheltered_sowing"",""baseId"":""core:seed_bag""}]","{""core:carpenter_hammer"":{""building"":5},""core:hedge_drum"":{""building"":99,""people"":37},""core:muster_horn"":{""people"":45},""core:seed_bag"":{""land"":35}}","raw/random__A__42.results.json","9c204802dd7e6c1aaf7d503c468e439cc24f5fb2ffdb4a4971d5ef13cdc318f8","raw/random__A__42.metrics.json","1d22852fc2fb71feeddf61c9eda9460f27898f2b4533d32f3920aec653bbfe14"
"random__A__43","random","A","43","3","21600","true","duration","","70","3","45B5179F9F47E86023DBF18E76D6FA4D3438A438180D6ABDA46AF84F66A50962","10199","37442","90208","20335","205","24204","11580","2496","18","21171","2423","772","21","20","0","59","1","[""core:ember_wand"",""core:harvest_scythe"",""core:iron_blade"",""core:ward_orbit"",""core:carpenter_hammer"",""core:hedge_drum"",""core:muster_horn"",""core:seed_bag""]","[""core:guarded_harvest"",""core:meal_oath"",""core:rally_boundary""]","{""core:guarded_harvest"":11,""core:meal_oath"":6,""core:rally_boundary"":9}","{""core:boundary_hinge"":1,""core:levy_bread_wrap"":4,""core:meadow_buckle"":3,""core:muster_roll"":3,""core:root_binding_cord"":3,""core:ruin_keystone"":4,""core:seed_pouch_lining"":2,""core:shock_absorber_pad"":3,""core:wind_seed_flag"":1}","[""core:sheltered_sowing"",""core:sowing_sworddance""]","[{""tick"":0,""evolutionId"":""core:sowing_sworddance"",""baseId"":""core:iron_blade""},{""tick"":5982,""evolutionId"":""core:sheltered_sowing"",""baseId"":""core:seed_bag""}]","{""core:carpenter_hammer"":{""building"":84},""core:hedge_drum"":{""building"":79},""core:muster_horn"":{""people"":59},""core:seed_bag"":{""land"":62}}","raw/random__A__43.results.json","b6e56616838fc324d5914537c08258eac2a131920561cc535e98ed5a0b8f3f78","raw/random__A__43.metrics.json","a73f512eb844ae80d0e4a4e9ca220c86fe27c7ea94ad9eab0b14ce8ac96f8b4f"
"random__A__44","random","A","44","3","21600","true","duration","","61","3","CFEF04B3FC98B331EE091A0FF609CDC77A28BC72CC94904117A943CBEA6B0A98","10402","26196","110962","97","68","22362","6450","0","21","21600","2256","430","0","0","0","41","1","[""core:ember_wand"",""core:harvest_scythe"",""core:iron_blade"",""core:ward_orbit"",""core:muster_horn"",""core:seed_bag""]","[""core:guarded_harvest"",""core:meal_oath"",""core:rally_boundary"",""core:repair_tithe""]","{""core:guarded_harvest"":5,""core:meal_oath"":2,""core:rally_boundary"":6,""core:repair_tithe"":2}","{""core:levy_bread_wrap"":3,""core:meadow_buckle"":7,""core:muster_roll"":1,""core:return_path_knot"":3,""core:root_binding_cord"":2,""core:seed_pouch_lining"":7,""core:wind_seed_flag"":1}","[""core:sowing_sworddance""]","[{""tick"":0,""evolutionId"":""core:sowing_sworddance"",""baseId"":""core:iron_blade""}]","{""core:muster_horn"":{""people"":41},""core:seed_bag"":{""land"":33}}","raw/random__A__44.results.json","542bc0d3613cf28c6fd5394871b0041f21890df003df8739205dbb63099e3c4c","raw/random__A__44.metrics.json","38a66f79f8ca5d96b25d2e74d13817782536a20408ab1b84a4db5f039aeeb702"
"random__A__45","random","A","45","3","21600","true","duration","","69","3","D8F82BEEECE3007A4ED58BE20AC6F09B2AC2EA93197F9D8BA72E8EEC66C8A424","12311","25860","73450","43471","205","23058","6885","6636","18","21600","2313","459","11","6","0","47","1","[""core:ember_wand"",""core:harvest_scythe"",""core:iron_blade"",""core:ward_orbit"",""core:carpenter_hammer"",""core:hedge_drum"",""core:muster_horn"",""core:seed_bag""]","[""core:guarded_harvest"",""core:meal_oath"",""core:rally_boundary""]","{""core:guarded_harvest"":16,""core:meal_oath"":4,""core:rally_boundary"":4}","{""core:joiner_square"":1,""core:levy_bread_wrap"":3,""core:meadow_buckle"":2,""core:muster_roll"":4,""core:return_path_knot"":3,""core:root_binding_cord"":2,""core:scaffold_step"":1,""core:seed_pouch_lining"":2,""core:shock_absorber_pad"":4,""core:wind_seed_flag"":2}","[""core:sheltered_sowing"",""core:sowing_sworddance""]","[{""tick"":0,""evolutionId"":""core:sowing_sworddance"",""baseId"":""core:iron_blade""},{""tick"":8626,""evolutionId"":""core:sheltered_sowing"",""baseId"":""core:seed_bag""}]","{""core:carpenter_hammer"":{""building"":96},""core:hedge_drum"":{""building"":121},""core:muster_horn"":{""people"":47},""core:seed_bag"":{""land"":34}}","raw/random__A__45.results.json","87d9681360b73e364477f34fadb005d0f506267435655a0f7fae803d6358f859","raw/random__A__45.metrics.json","21ae6da51cd717cde01766db852a6c87e46e58f937ae6867654b06d210bdd5a6"
"random__A__46","random","A","46","3","21600","true","duration","","68","3","FA66A0707E757C69F19BA5B450FEF39A7DAA923EAE103DFA07840762F684EC4C","9982","40710","75697","25254","48","23020","9150","3348","30","21480","2345","610","15","7","0","44","1","[""core:ember_wand"",""core:harvest_scythe"",""core:iron_blade"",""core:ward_orbit"",""core:hedge_drum"",""core:muster_horn"",""core:seed_bag""]","[""core:guarded_harvest"",""core:meal_oath"",""core:rally_boundary""]","{""core:guarded_harvest"":6,""core:meal_oath"":2,""core:rally_boundary"":11}","{""core:joiner_square"":5,""core:levy_bread_wrap"":2,""core:meadow_buckle"":4,""core:muster_roll"":3,""core:return_path_knot"":2,""core:root_binding_cord"":3,""core:seed_pouch_lining"":3,""core:wind_seed_flag"":2}","[""core:sowing_sworddance""]","[{""tick"":0,""evolutionId"":""core:sowing_sworddance"",""baseId"":""core:iron_blade""}]","{""core:hedge_drum"":{""building"":150},""core:muster_horn"":{""people"":44},""core:seed_bag"":{""land"":64}}","raw/random__A__46.results.json","533840f17c473a337453cd17571247ad3f66f0f52f8c8ab51432c61505b3feb6","raw/random__A__46.metrics.json","00f58967ff9688bb557eb4bb51d4904c8167579c7b31f306c11c1992fbcf81da"
"random__A__47","random","A","47","3","21600","true","duration","","71","3","B837F0F353342CB3546D2C469FD1C882C41FBE43B2CAF1F91E22655FE42CE7E4","9431","26518","49635","66749","256","23272","6000","9804","8","21600","2331","400","7","5","0","50","1","[""core:ember_wand"",""core:harvest_scythe"",""core:iron_blade"",""core:ward_orbit"",""core:carpenter_hammer"",""core:hedge_drum"",""core:muster_horn"",""core:seed_bag""]","[""core:guarded_harvest"",""core:meal_oath"",""core:rally_boundary"",""core:repair_tithe""]","{""core:guarded_harvest"":8,""core:meal_oath"":10,""core:rally_boundary"":6,""core:repair_tithe"":6}","{""core:boundary_hinge"":3,""core:joiner_square"":3,""core:meadow_buckle"":3,""core:muster_roll"":2,""core:return_path_knot"":2,""core:root_binding_cord"":1,""core:ruin_keystone"":2,""core:scaffold_step"":2,""core:seed_pouch_lining"":3,""core:shock_absorber_pad"":3}","[""core:sheltered_sowing"",""core:sowing_sworddance""]","[{""tick"":0,""evolutionId"":""core:sowing_sworddance"",""baseId"":""core:iron_blade""},{""tick"":457,""evolutionId"":""core:sheltered_sowing"",""baseId"":""core:seed_bag""}]","{""core:carpenter_hammer"":{""building"":73},""core:hedge_drum"":{""building"":93},""core:muster_horn"":{""people"":50},""core:seed_bag"":{""land"":27}}","raw/random__A__47.results.json","979aa79a00c38320e2e38b5f55d1fdeeeef12ab432f0e4528cf790aff989160c","raw/random__A__47.metrics.json","e60997e6c54a917df68397bbb21e52d239567fe71884d509d718fcd7f42661aa"
"random__A__48","random","A","48","3","21600","true","duration","","73","3","A0B71342B09595CF3865BD3D463201D4EB840770AC85CE29EB60A56B2D5597FE","9646","18861","68887","52568","8","22822","9090","9000","15","21600","2320","606","13","11","0","47","1","[""core:ember_wand"",""core:harvest_scythe"",""core:iron_blade"",""core:ward_orbit"",""core:carpenter_hammer"",""core:hedge_drum"",""core:muster_horn"",""core:seed_bag""]","[""core:guarded_harvest"",""core:meal_oath"",""core:rally_boundary"",""core:repair_tithe""]","{""core:guarded_harvest"":10,""core:meal_oath"":5,""core:rally_boundary"":6,""core:repair_tithe"":8}","{""core:boundary_hinge"":1,""core:joiner_square"":3,""core:levy_bread_wrap"":2,""core:meadow_buckle"":3,""core:return_path_knot"":4,""core:root_binding_cord"":2,""core:ruin_keystone"":1,""core:scaffold_step"":3,""core:seed_pouch_lining"":3,""core:shock_absorber_pad"":1,""core:wind_seed_flag"":1}","[""core:sheltered_sowing"",""core:sowing_sworddance""]","[{""tick"":0,""evolutionId"":""core:sowing_sworddance"",""baseId"":""core:iron_blade""},{""tick"":1036,""evolutionId"":""core:sheltered_sowing"",""baseId"":""core:seed_bag""}]","{""core:carpenter_hammer"":{""building"":18},""core:hedge_drum"":{""building"":55},""core:muster_horn"":{""people"":47},""core:seed_bag"":{""land"":35}}","raw/random__A__48.results.json","ad49e39fd05b15999768d5f0431e885c60a77320683eb2519f981a2aeb45fc7e","raw/random__A__48.metrics.json","fdd1486705bd57fb0dd906ef7740fb65a33eeaa8238a7681467a8169813c6461"
"random__A__49","random","A","49","3","21600","true","duration","","71","3","B81EA736FA0CA9E426DA1418812802AB36AB55131DBA798E86EFAEE40DB91663","10549","24155","87410","34752","1047","24090","9825","4836","2","21600","2420","655","14","11","0","59","1","[""core:ember_wand"",""core:harvest_scythe"",""core:iron_blade"",""core:ward_orbit"",""core:carpenter_hammer"",""core:hedge_drum"",""core:muster_horn"",""core:seed_bag""]","[""core:guarded_harvest"",""core:meal_oath"",""core:rally_boundary"",""core:repair_tithe""]","{""core:guarded_harvest"":17,""core:meal_oath"":2,""core:rally_boundary"":9,""core:repair_tithe"":6}","{""core:joiner_square"":1,""core:levy_bread_wrap"":4,""core:meadow_buckle"":2,""core:muster_roll"":2,""core:return_path_knot"":1,""core:root_binding_cord"":5,""core:scaffold_step"":2,""core:seed_pouch_lining"":3,""core:wind_seed_flag"":4}","[""core:sheltered_sowing"",""core:sowing_sworddance""]","[{""tick"":0,""evolutionId"":""core:sowing_sworddance"",""baseId"":""core:iron_blade""},{""tick"":13766,""evolutionId"":""core:sheltered_sowing"",""baseId"":""core:seed_bag""}]","{""core:hedge_drum"":{""building"":84},""core:muster_horn"":{""people"":59},""core:seed_bag"":{""land"":41}}","raw/random__A__49.results.json","d10742bfa7b4e18da0c0e907e5544d389ead8cdcb95c13c87a2beaa309ccaa72","raw/random__A__49.metrics.json","465af1615e8ea353002203a1d21f46029c70615f53c81fe57e8b3a16f988ace1"
"random__A__50","random","A","50","3","21600","true","duration","","59","3","686E16B9AA6FC33F74BA783DAC44D2F7486CA0EA912C7B617FD5997DBF7D93D7","15542","48502","82922","1184","4018","22226","5145","0","9","21510","2295","343","0","0","0","31","1","[""core:ember_wand"",""core:harvest_scythe"",""core:iron_blade"",""core:ward_orbit"",""core:muster_horn"",""core:seed_bag""]","[""core:guarded_harvest"",""core:meal_oath"",""core:rally_boundary"",""core:repair_tithe""]","{""core:guarded_harvest"":17,""core:meal_oath"":3,""core:rally_boundary"":6,""core:repair_tithe"":2}","{""core:levy_bread_wrap"":1,""core:meadow_buckle"":2,""core:muster_roll"":3,""core:return_path_knot"":2,""core:root_binding_cord"":3,""core:seed_pouch_lining"":7,""core:wind_seed_flag"":6}","[""core:sowing_sworddance""]","[{""tick"":0,""evolutionId"":""core:sowing_sworddance"",""baseId"":""core:iron_blade""}]","{""core:muster_horn"":{""people"":31},""core:seed_bag"":{""land"":22}}","raw/random__A__50.results.json","a19c9a8ecf064cd1fe9b161a427735c0328aef821c8cb8066be6e06468d5d061","raw/random__A__50.metrics.json","5da59cc76c8d0ab4303a0f069cc3e47e7c605fd0dd4a3b3785cbf8ce38e9ab69"
"random__A__51","random","A","51","3","21600","true","duration","","74","3","37D1588FB821C3B623F8606DC5914532B88B85EBD917893EABF49A527944BDED","9824","17713","69374","59630","248","23888","7785","10392","8","21600","2356","519","2","2","0","45","1","[""core:ember_wand"",""core:harvest_scythe"",""core:iron_blade"",""core:ward_orbit"",""core:carpenter_hammer"",""core:hedge_drum"",""core:muster_horn"",""core:seed_bag""]","[""core:guarded_harvest"",""core:meal_oath"",""core:rally_boundary"",""core:repair_tithe""]","{""core:guarded_harvest"":13,""core:meal_oath"":1,""core:rally_boundary"":4,""core:repair_tithe"":8}","{""core:joiner_square"":3,""core:levy_bread_wrap"":1,""core:meadow_buckle"":2,""core:muster_roll"":4,""core:return_path_knot"":5,""core:root_binding_cord"":3,""core:scaffold_step"":1,""core:seed_pouch_lining"":1,""core:shock_absorber_pad"":1,""core:wind_seed_flag"":2}","[""core:sheltered_sowing"",""core:sowing_sworddance""]","[{""tick"":0,""evolutionId"":""core:sowing_sworddance"",""baseId"":""core:iron_blade""},{""tick"":2130,""evolutionId"":""core:sheltered_sowing"",""baseId"":""core:seed_bag""}]","{""core:carpenter_hammer"":{""building"":8},""core:hedge_drum"":{""building"":102,""people"":315},""core:muster_horn"":{""people"":45},""core:seed_bag"":{""land"":29}}","raw/random__A__51.results.json","c0f090386d87bb75e5f45ccd6ed91989b2126d24da25ba5df8feeb98ffc0b7bd","raw/random__A__51.metrics.json","c55bc0d4403e9905246c4731f63366d61d93e9e77ea29e32d26abc3f1629cc06"
"random__A__52","random","A","52","3","21600","true","duration","","63","3","CC17B1135B91C4F1BFF0685FC255F593B52A22A20742FFC4DBCA9AC3416A6959","9601","25194","76956","36609","0","22516","4575","3852","9","21379","2256","305","29","20","0","46","1","[""core:ember_wand"",""core:harvest_scythe"",""core:iron_blade"",""core:ward_orbit"",""core:hedge_drum"",""core:muster_horn"",""core:seed_bag""]","[""core:guarded_harvest"",""core:meal_oath"",""core:rally_boundary"",""core:repair_tithe""]","{""core:guarded_harvest"":15,""core:meal_oath"":4,""core:rally_boundary"":4,""core:repair_tithe"":2}","{""core:levy_bread_wrap"":4,""core:meadow_buckle"":2,""core:muster_roll"":3,""core:return_path_knot"":2,""core:root_binding_cord"":4,""core:scaffold_step"":5,""core:seed_pouch_lining"":4}","[""core:sowing_sworddance""]","[{""tick"":0,""evolutionId"":""core:sowing_sworddance"",""baseId"":""core:iron_blade""}]","{""core:hedge_drum"":{""building"":158},""core:muster_horn"":{""people"":46},""core:seed_bag"":{""land"":22}}","raw/random__A__52.results.json","231c195090904b0ff285d195c65174476a12982b849e844704fe537fbc5b77f7","raw/random__A__52.metrics.json","b577ff7f32d35f664fba77e36b23e8b29197c086bdd966a1551e2e0d482f808d"
"random__A__53","random","A","53","3","21600","true","duration","","65","3","8F01E1231D12A7DA7729549D34F7C15CE7B979C73EAF1B7A07C4A5BB4D1B9A4A","10611","19586","104028","17057","190","22910","8055","1968","17","21007","2282","537","17","13","0","40","1","[""core:ember_wand"",""core:harvest_scythe"",""core:iron_blade"",""core:ward_orbit"",""core:carpenter_hammer"",""core:hedge_drum"",""core:muster_horn"",""core:seed_bag""]","[""core:guarded_harvest"",""core:meal_oath"",""core:rally_boundary"",""core:repair_tithe""]","{""core:guarded_harvest"":11,""core:meal_oath"":2,""core:rally_boundary"":8,""core:repair_tithe"":3}","{""core:boundary_hinge"":2,""core:joiner_square"":1,""core:levy_bread_wrap"":4,""core:meadow_buckle"":4,""core:return_path_knot"":4,""core:root_binding_cord"":4,""core:scaffold_step"":3,""core:seed_pouch_lining"":1,""core:wind_seed_flag"":1}","[""core:sheltered_sowing"",""core:sowing_sworddance""]","[{""tick"":0,""evolutionId"":""core:sowing_sworddance"",""baseId"":""core:iron_blade""},{""tick"":9648,""evolutionId"":""core:sheltered_sowing"",""baseId"":""core:seed_bag""}]","{""core:carpenter_hammer"":{""building"":8},""core:hedge_drum"":{""building"":91},""core:muster_horn"":{""people"":40},""core:seed_bag"":{""land"":40}}","raw/random__A__53.results.json","c04289f34e5d7278a205c312a6190b2db831fde385c49d4ac0445bb51f63a5a6","raw/random__A__53.metrics.json","d6989a18c6b049bf03b1a5b11f2803c54a971b475944eabd5724e985ab3eb0b7"
"random__A__54","random","A","54","3","21600","true","duration","","65","3","07BF5EAAC7DB0230DF2C1EC8573052A572728F0318A641FD6E89FD12EE72A022","11796","31551","108593","177","66","22858","9465","0","27","21600","2280","631","0","0","0","46","1","[""core:ember_wand"",""core:harvest_scythe"",""core:iron_blade"",""core:ward_orbit"",""core:muster_horn"",""core:seed_bag""]","[""core:guarded_harvest"",""core:meal_oath"",""core:rally_boundary""]","{""core:guarded_harvest"":7,""core:meal_oath"":7,""core:rally_boundary"":7}","{""core:levy_bread_wrap"":3,""core:meadow_buckle"":3,""core:muster_roll"":4,""core:return_path_knot"":8,""core:root_binding_cord"":3,""core:seed_pouch_lining"":2,""core:wind_seed_flag"":1}","[""core:sowing_sworddance""]","[{""tick"":0,""evolutionId"":""core:sowing_sworddance"",""baseId"":""core:iron_blade""}]","{""core:muster_horn"":{""people"":46},""core:seed_bag"":{""land"":45}}","raw/random__A__54.results.json","1a0ffddd97a44159b270613aea4af4c297f7cf8b4960f0e66fffe65424d404a4","raw/random__A__54.metrics.json","74f5bbc081b2ed67f87458e78a255985ec858b1da719e377c6cb97afe6703103"
"random__A__55","random","A","55","3","21600","true","duration","","62","3","EC5AECB133ABA320278B7CE1D4A6072BD2EEB576EA5736407C869800C011593E","11857","25957","108380","267","151","21908","7515","0","18","21600","2259","501","0","0","0","41","1","[""core:ember_wand"",""core:harvest_scythe"",""core:iron_blade"",""core:ward_orbit"",""core:muster_horn"",""core:seed_bag""]","[""core:guarded_harvest"",""core:meal_oath"",""core:rally_boundary""]","{""core:guarded_harvest"":14,""core:meal_oath"":4,""core:rally_boundary"":7}","{""core:levy_bread_wrap"":3,""core:meadow_buckle"":2,""core:muster_roll"":2,""core:return_path_knot"":5,""core:root_binding_cord"":2,""core:seed_pouch_lining"":5,""core:wind_seed_flag"":5}","[""core:sowing_sworddance""]","[{""tick"":0,""evolutionId"":""core:sowing_sworddance"",""baseId"":""core:iron_blade""}]","{""core:muster_horn"":{""people"":41},""core:seed_bag"":{""land"":36}}","raw/random__A__55.results.json","b51dd8e77dde602471066c956f950f8fa57ede1b1e7770460185a264e2b2ecff","raw/random__A__55.metrics.json","a156641027ab6cb0bdabdeed7d4cd2098ff6a55315881cb504cc9dbbeba3bc44"
"random__A__56","random","A","56","3","21600","true","duration","","67","3","9D092899B350E010A3AB4A6B72CA7ADDEC32C6D0723441EE11E474FB2B8A1B0C","12408","40101","49442","46157","270","21816","6135","6588","18","21543","2283","409","43","31","0","39","1","[""core:ember_wand"",""core:harvest_scythe"",""core:iron_blade"",""core:ward_orbit"",""core:carpenter_hammer"",""core:hedge_drum"",""core:muster_horn"",""core:seed_bag""]","[""core:guarded_harvest"",""core:meal_oath"",""core:rally_boundary"",""core:repair_tithe""]","{""core:guarded_harvest"":8,""core:meal_oath"":5,""core:rally_boundary"":8,""core:repair_tithe"":4}","{""core:boundary_hinge"":2,""core:joiner_square"":2,""core:levy_bread_wrap"":1,""core:meadow_buckle"":7,""core:muster_roll"":3,""core:return_path_knot"":2,""core:root_binding_cord"":1,""core:ruin_keystone"":1,""core:seed_pouch_lining"":1,""core:shock_absorber_pad"":2,""core:wind_seed_flag"":1}","[""core:sheltered_sowing"",""core:sowing_sworddance""]","[{""tick"":0,""evolutionId"":""core:sowing_sworddance"",""baseId"":""core:iron_blade""},{""tick"":1818,""evolutionId"":""core:sheltered_sowing"",""baseId"":""core:seed_bag""}]","{""core:carpenter_hammer"":{""building"":59},""core:hedge_drum"":{""building"":104},""core:muster_horn"":{""people"":39},""core:seed_bag"":{""land"":42}}","raw/random__A__56.results.json","3b236cdeeb6f2dc581c08c0b059ee8fd93451eca5964391e26c76f9d21720ef6","raw/random__A__56.metrics.json","91e98221e50b428be40add19db2b879ab38496a705187674addaf46510992a67"
"random__A__57","random","A","57","3","21600","true","duration","","66","3","98C9DA4FCC115D21B1198E6C617C8A2ED2D0A8376223425AA357F964CEB41B71","10410","23375","70513","44425","460","22222","5340","6492","3","21568","2284","356","18","16","0","36","1","[""core:ember_wand"",""core:harvest_scythe"",""core:iron_blade"",""core:ward_orbit"",""core:carpenter_hammer"",""core:hedge_drum"",""core:muster_horn"",""core:seed_bag""]","[""core:guarded_harvest"",""core:meal_oath"",""core:rally_boundary"",""core:repair_tithe""]","{""core:guarded_harvest"":17,""core:meal_oath"":2,""core:rally_boundary"":4,""core:repair_tithe"":5}","{""core:boundary_hinge"":2,""core:joiner_square"":2,""core:levy_bread_wrap"":2,""core:meadow_buckle"":3,""core:muster_roll"":1,""core:return_path_knot"":2,""core:root_binding_cord"":3,""core:ruin_keystone"":4,""core:shock_absorber_pad"":4}","[""core:sheltered_sowing"",""core:sowing_sworddance""]","[{""tick"":0,""evolutionId"":""core:sowing_sworddance"",""baseId"":""core:iron_blade""},{""tick"":1200,""evolutionId"":""core:sheltered_sowing"",""baseId"":""core:seed_bag""}]","{""core:carpenter_hammer"":{""building"":37},""core:hedge_drum"":{""building"":57},""core:muster_horn"":{""people"":36},""core:seed_bag"":{""land"":36}}","raw/random__A__57.results.json","1a7645922657e8251470543df68ba5b20274501f86bfeac91351b219aa37dd48","raw/random__A__57.metrics.json","06f1fa8495c1a992ccd4978a7730edff1e415cdda7ae215ff7d380fd4a581b87"
"random__A__58","random","A","58","3","21600","true","duration","","61","3","C6EB3DD5E7FE2B93906B271BE3BE11073661439D8C95C5BF9498A64B02FE291F","12297","28803","111313","106","16","22490","5955","0","12","21600","2250","397","0","0","0","41","1","[""core:ember_wand"",""core:harvest_scythe"",""core:iron_blade"",""core:ward_orbit"",""core:muster_horn"",""core:seed_bag""]","[""core:guarded_harvest"",""core:meal_oath"",""core:rally_boundary""]","{""core:guarded_harvest"":14,""core:meal_oath"":10,""core:rally_boundary"":8}","{""core:levy_bread_wrap"":3,""core:meadow_buckle"":3,""core:muster_roll"":3,""core:return_path_knot"":4,""core:root_binding_cord"":1,""core:seed_pouch_lining"":6,""core:wind_seed_flag"":4}","[""core:sowing_sworddance""]","[{""tick"":0,""evolutionId"":""core:sowing_sworddance"",""baseId"":""core:iron_blade""}]","{""core:muster_horn"":{""people"":41},""core:seed_bag"":{""land"":36}}","raw/random__A__58.results.json","aa182558ddef5a193e5a4098554f75b7e164deb2c9840538dd994ee45213afcf","raw/random__A__58.metrics.json","f6ad23f0528d7260df174b42bdbb8254d961656c0df68c1df72e6f9d908be0ab"
"random__A__59","random","A","59","3","21600","true","duration","","63","3","4620E56867A509C498AECAC6AC616C7996D49E0BDCC9C8E1EC8B971FEB82EB47","10072","20533","119091","84","79","22610","8085","0","12","21546","2267","539","0","0","0","43","1","[""core:ember_wand"",""core:harvest_scythe"",""core:iron_blade"",""core:ward_orbit"",""core:muster_horn"",""core:seed_bag""]","[""core:guarded_harvest"",""core:meal_oath"",""core:rally_boundary""]","{""core:guarded_harvest"":7,""core:meal_oath"":5,""core:rally_boundary"":1}","{""core:levy_bread_wrap"":6,""core:meadow_buckle"":1,""core:muster_roll"":1,""core:return_path_knot"":8,""core:root_binding_cord"":3,""core:seed_pouch_lining"":1,""core:wind_seed_flag"":4}","[""core:sowing_sworddance""]","[{""tick"":0,""evolutionId"":""core:sowing_sworddance"",""baseId"":""core:iron_blade""}]","{""core:muster_horn"":{""people"":43},""core:seed_bag"":{""land"":41}}","raw/random__A__59.results.json","d8f93115845a0be68b4f7e8daf12cc2f0d1795d482aa0be484b20ac5f0729cdc","raw/random__A__59.metrics.json","e979bf1c5ade05e5103ba588f8ea33e508dabe708a2539ab642ff100c6e77b98"
"random__A__60","random","A","60","3","21600","true","duration","","71","3","B8123F1D7E75F2FED1ABA6020653345D250BB87DEC2FE30396F0AF5762830AD8","10032","21743","54349","62249","3","22542","6510","10164","19","21562","2289","434","3","3","0","26","1","[""core:ember_wand"",""core:harvest_scythe"",""core:iron_blade"",""core:ward_orbit"",""core:carpenter_hammer"",""core:hedge_drum"",""core:muster_horn"",""core:seed_bag""]","[""core:guarded_harvest"",""core:meal_oath"",""core:rally_boundary"",""core:repair_tithe""]","{""core:guarded_harvest"":9,""core:meal_oath"":6,""core:rally_boundary"":6,""core:repair_tithe"":8}","{""core:boundary_hinge"":4,""core:joiner_square"":1,""core:levy_bread_wrap"":3,""core:meadow_buckle"":1,""core:return_path_knot"":3,""core:root_binding_cord"":4,""core:ruin_keystone"":1,""core:scaffold_step"":3,""core:seed_pouch_lining"":1,""core:shock_absorber_pad"":1,""core:wind_seed_flag"":2}","[""core:sheltered_sowing"",""core:sowing_sworddance""]","[{""tick"":0,""evolutionId"":""core:sowing_sworddance"",""baseId"":""core:iron_blade""},{""tick"":457,""evolutionId"":""core:sheltered_sowing"",""baseId"":""core:seed_bag""}]","{""core:carpenter_hammer"":{""building"":51},""core:hedge_drum"":{""building"":71,""people"":16},""core:muster_horn"":{""people"":26},""core:seed_bag"":{""land"":43}}","raw/random__A__60.results.json","0a520da820160e48ef9048df3a607e7fc606ef44a016d38397ec70e75b6559cb","raw/random__A__60.metrics.json","37538eb1d3c736958d2ff8c53842e383db7d1213cb1065cae9cf3088bc01af35"
"random__A__61","random","A","61","3","21600","true","duration","","69","3","70B1981A0A0769C930981C119A826B3C3762DE3EF4BAB2249691E75FB032759D","10225","16937","91856","33981","0","23228","8565","5088","18","21600","2285","571","0","0","0","42","1","[""core:ember_wand"",""core:harvest_scythe"",""core:iron_blade"",""core:ward_orbit"",""core:carpenter_hammer"",""core:hedge_drum"",""core:muster_horn"",""core:seed_bag""]","[""core:guarded_harvest"",""core:meal_oath"",""core:rally_boundary""]","{""core:guarded_harvest"":13,""core:meal_oath"":6,""core:rally_boundary"":1}","{""core:joiner_square"":1,""core:levy_bread_wrap"":2,""core:meadow_buckle"":4,""core:muster_roll"":2,""core:return_path_knot"":2,""core:root_binding_cord"":3,""core:ruin_keystone"":2,""core:seed_pouch_lining"":5,""core:wind_seed_flag"":3}","[""core:sheltered_sowing"",""core:sowing_sworddance""]","[{""tick"":0,""evolutionId"":""core:sowing_sworddance"",""baseId"":""core:iron_blade""},{""tick"":10164,""evolutionId"":""core:sheltered_sowing"",""baseId"":""core:seed_bag""}]","{""core:carpenter_hammer"":{""building"":89},""core:hedge_drum"":{""building"":56},""core:muster_horn"":{""people"":42},""core:seed_bag"":{""land"":34}}","raw/random__A__61.results.json","67c676b7639b51bba46982d5dd6850986b3d961e5f91d7515084cbaac3fb7b45","raw/random__A__61.metrics.json","bef01a27cbcb73c8476f9ec22c24f7a319420accf971179320b7ab4b93c36d38"
"random__A__62","random","A","62","3","21600","true","duration","","74","3","09F2B11368C3AB0791C51B946614BB38B1A24441881560B9DF2EB5B7BFD93762","9435","21038","49008","71113","56","22904","7170","12348","27","21600","2302","478","3","3","1","32","1","[""core:ember_wand"",""core:harvest_scythe"",""core:iron_blade"",""core:ward_orbit"",""core:carpenter_hammer"",""core:hedge_drum"",""core:muster_horn"",""core:seed_bag""]","[""core:guarded_harvest"",""core:meal_oath"",""core:rally_boundary"",""core:repair_tithe""]","{""core:guarded_harvest"":7,""core:meal_oath"":2,""core:rally_boundary"":4,""core:repair_tithe"":8}","{""core:boundary_hinge"":2,""core:joiner_square"":2,""core:levy_bread_wrap"":2,""core:meadow_buckle"":3,""core:muster_roll"":3,""core:root_binding_cord"":3,""core:ruin_keystone"":1,""core:scaffold_step"":1,""core:seed_pouch_lining"":2,""core:shock_absorber_pad"":1,""core:wind_seed_flag"":4}","[""core:sheltered_sowing"",""core:sowing_sworddance""]","[{""tick"":0,""evolutionId"":""core:sowing_sworddance"",""baseId"":""core:iron_blade""},{""tick"":3228,""evolutionId"":""core:sheltered_sowing"",""baseId"":""core:seed_bag""}]","{""core:carpenter_hammer"":{""building"":6},""core:hedge_drum"":{""building"":90,""people"":412},""core:muster_horn"":{""people"":32},""core:seed_bag"":{""land"":29}}","raw/random__A__62.results.json","946e90b3367eb78f15570da53f40209f7754474cb89ec56a491f0b6470dab969","raw/random__A__62.metrics.json","cd4368b48f7a75445dd744817053dc1ee807f1dca99be971609bf767ace9be6d"
"random__A__63","random","A","63","3","21600","true","duration","","63","3","0ED82060DA1D2516EE5B98123C950D6C254DB9C4B138C895EE0541DC8AB27127","12942","45612","97815","499","5069","24236","6105","0","9","21589","2413","407","0","0","0","59","1","[""core:ember_wand"",""core:harvest_scythe"",""core:iron_blade"",""core:ward_orbit"",""core:muster_horn"",""core:seed_bag""]","[""core:guarded_harvest"",""core:meal_oath"",""core:rally_boundary"",""core:repair_tithe""]","{""core:guarded_harvest"":7,""core:meal_oath"":3,""core:rally_boundary"":8,""core:repair_tithe"":1}","{""core:levy_bread_wrap"":2,""core:meadow_buckle"":2,""core:muster_roll"":2,""core:return_path_knot"":3,""core:root_binding_cord"":3,""core:seed_pouch_lining"":5,""core:wind_seed_flag"":7}","[""core:sowing_sworddance""]","[{""tick"":0,""evolutionId"":""core:sowing_sworddance"",""baseId"":""core:iron_blade""}]","{""core:muster_horn"":{""people"":59},""core:seed_bag"":{""land"":27}}","raw/random__A__63.results.json","18e8d9d40678f49432f2546de5822f2470d7f4bd2744f0f2f96bdcca47339de4","raw/random__A__63.metrics.json","cf81e1613b8b0476bce9fbcedef812e1bf0101a9781acd9d52952dbc56edfda5"
"random__A__64","random","A","64","3","21600","true","duration","","70","3","73B4831E99EB7280C6AF6AC5E884F6DC5C84D62F84E863831306C9D007416FD5","9232","24169","65049","49452","16","22480","7815","7608","6","21505","2286","521","20","12","0","40","1","[""core:ember_wand"",""core:harvest_scythe"",""core:iron_blade"",""core:ward_orbit"",""core:carpenter_hammer"",""core:hedge_drum"",""core:muster_horn"",""core:seed_bag""]","[""core:guarded_harvest"",""core:meal_oath"",""core:rally_boundary"",""core:repair_tithe""]","{""core:guarded_harvest"":11,""core:meal_oath"":3,""core:rally_boundary"":5,""core:repair_tithe"":4}","{""core:boundary_hinge"":3,""core:joiner_square"":1,""core:levy_bread_wrap"":1,""core:meadow_buckle"":3,""core:muster_roll"":2,""core:root_binding_cord"":2,""core:ruin_keystone"":2,""core:scaffold_step"":1,""core:seed_pouch_lining"":3,""core:shock_absorber_pad"":2,""core:wind_seed_flag"":4}","[""core:sheltered_sowing"",""core:sowing_sworddance""]","[{""tick"":0,""evolutionId"":""core:sowing_sworddance"",""baseId"":""core:iron_blade""},{""tick"":3900,""evolutionId"":""core:sheltered_sowing"",""baseId"":""core:seed_bag""}]","{""core:carpenter_hammer"":{""building"":10},""core:hedge_drum"":{""building"":83},""core:muster_horn"":{""people"":40},""core:seed_bag"":{""land"":33}}","raw/random__A__64.results.json","9974768b65bca16f11edab1b4b97f1e1840290f8bd2267dadd8238428d6261c2","raw/random__A__64.metrics.json","203e052b8c5ca3f6e5e131bcf2773992f294bbf48807a51c0d2eb384a2acebc9"
"random__A__65","random","A","65","3","21600","true","duration","","72","3","D28E412BD8ACAE55AFCB439121E428D49ED0763BA19489380EC4387CB09AC6CC","9900","21471","54792","65333","8","22940","5340","11820","8","21600","2256","356","13","12","0","33","1","[""core:ember_wand"",""core:harvest_scythe"",""core:iron_blade"",""core:ward_orbit"",""core:carpenter_hammer"",""core:hedge_drum"",""core:muster_horn"",""core:seed_bag""]","[""core:guarded_harvest"",""core:meal_oath"",""core:rally_boundary"",""core:repair_tithe""]","{""core:guarded_harvest"":17,""core:meal_oath"":2,""core:rally_boundary"":5,""core:repair_tithe"":2}","{""core:boundary_hinge"":2,""core:joiner_square"":2,""core:levy_bread_wrap"":2,""core:meadow_buckle"":2,""core:muster_roll"":2,""core:return_path_knot"":2,""core:root_binding_cord"":1,""core:ruin_keystone"":1,""core:scaffold_step"":4,""core:seed_pouch_lining"":2,""core:shock_absorber_pad"":1,""core:wind_seed_flag"":3}","[""core:sheltered_sowing"",""core:sowing_sworddance""]","[{""tick"":0,""evolutionId"":""core:sowing_sworddance"",""baseId"":""core:iron_blade""},{""tick"":2400,""evolutionId"":""core:sheltered_sowing"",""baseId"":""core:seed_bag""}]","{""core:carpenter_hammer"":{""building"":17},""core:hedge_drum"":{""building"":157},""core:muster_horn"":{""people"":33},""core:seed_bag"":{""land"":23}}","raw/random__A__65.results.json","42b2c80a21d56016849d6214a55bcedbc1c7886a2821e04ef043c627b58a11f6","raw/random__A__65.metrics.json","28ffb48a258e78b140e7c405634d1cbb333031ab0f137349533a4bbcca8e310f"
"random__A__66","random","A","66","3","21600","true","duration","","60","3","B448C400CB8CF4B4058E0470287F48FD5A8C6D3A757F8815EEA18569F87D3167","11682","32505","106958","252","161","22710","4830","0","12","21597","2269","322","0","0","0","44","1","[""core:ember_wand"",""core:harvest_scythe"",""core:iron_blade"",""core:ward_orbit"",""core:muster_horn"",""core:seed_bag""]","[""core:guarded_harvest"",""core:meal_oath"",""core:rally_boundary"",""core:repair_tithe""]","{""core:guarded_harvest"":7,""core:meal_oath"":2,""core:rally_boundary"":3,""core:repair_tithe"":1}","{""core:levy_bread_wrap"":2,""core:meadow_buckle"":5,""core:muster_roll"":1,""core:return_path_knot"":6,""core:root_binding_cord"":6,""core:seed_pouch_lining"":4}","[""core:sowing_sworddance""]","[{""tick"":0,""evolutionId"":""core:sowing_sworddance"",""baseId"":""core:iron_blade""}]","{""core:muster_horn"":{""people"":44},""core:seed_bag"":{""land"":25}}","raw/random__A__66.results.json","9b0c2e285ae9c5d534f9f9017d1402e004f1ba08e1d1d65b9e6d5b5a8313c14c","raw/random__A__66.metrics.json","f5a130903d6690bdac15f02d29a5a89c5e83f764ef1848c259ca54fa356f0def"
"random__A__67","random","A","67","3","21600","true","duration","","72","3","32CBB4BC7F2FD7E132D81654D661EC483FC3B2D44647FFCF6BA22DEFADA83959","10549","20158","63568","57584","417","23108","6720","9972","6","21600","2302","448","0","0","0","47","1","[""core:ember_wand"",""core:harvest_scythe"",""core:iron_blade"",""core:ward_orbit"",""core:carpenter_hammer"",""core:hedge_drum"",""core:muster_horn"",""core:seed_bag""]","[""core:guarded_harvest"",""core:meal_oath"",""core:rally_boundary"",""core:repair_tithe""]","{""core:guarded_harvest"":13,""core:meal_oath"":4,""core:rally_boundary"":5,""core:repair_tithe"":6}","{""core:boundary_hinge"":2,""core:joiner_square"":2,""core:levy_bread_wrap"":2,""core:meadow_buckle"":5,""core:return_path_knot"":3,""core:root_binding_cord"":2,""core:ruin_keystone"":1,""core:scaffold_step"":1,""core:seed_pouch_lining"":2,""core:shock_absorber_pad"":1,""core:wind_seed_flag"":3}","[""core:sheltered_sowing"",""core:sowing_sworddance""]","[{""tick"":0,""evolutionId"":""core:sowing_sworddance"",""baseId"":""core:iron_blade""},{""tick"":5227,""evolutionId"":""core:sheltered_sowing"",""baseId"":""core:seed_bag""}]","{""core:carpenter_hammer"":{""building"":51},""core:hedge_drum"":{""building"":49},""core:muster_horn"":{""people"":47},""core:seed_bag"":{""land"":26}}","raw/random__A__67.results.json","1b574e0da685309a0ec81c63e0e442ff154af164cc3ee25e985b3389d7e2dcff","raw/random__A__67.metrics.json","65eb28eaf85fe603d48b334193c55edaa24c7c82894abfb1410cb61023332b08"
"random__A__68","random","A","68","3","21600","true","duration","","76","3","9090DCF4F741CB8F6810FBA61B0FD32CD14C27EAD551AC1ABC74AA1493E27149","10933","23974","49466","74124","23","23942","10260","10500","16","21569","2393","684","18","15","0","42","1","[""core:ember_wand"",""core:harvest_scythe"",""core:iron_blade"",""core:ward_orbit"",""core:carpenter_hammer"",""core:hedge_drum"",""core:muster_horn"",""core:seed_bag""]","[""core:guarded_harvest"",""core:meal_oath"",""core:rally_boundary"",""core:repair_tithe""]","{""core:guarded_harvest"":9,""core:meal_oath"":13,""core:rally_boundary"":7,""core:repair_tithe"":4}","{""core:boundary_hinge"":2,""core:levy_bread_wrap"":2,""core:meadow_buckle"":2,""core:muster_roll"":2,""core:return_path_knot"":2,""core:root_binding_cord"":1,""core:ruin_keystone"":1,""core:scaffold_step"":2,""core:seed_pouch_lining"":1,""core:shock_absorber_pad"":6,""core:wind_seed_flag"":3}","[""core:sheltered_sowing"",""core:sowing_sworddance""]","[{""tick"":0,""evolutionId"":""core:sowing_sworddance"",""baseId"":""core:iron_blade""},{""tick"":2100,""evolutionId"":""core:sheltered_sowing"",""baseId"":""core:seed_bag""}]","{""core:carpenter_hammer"":{""building"":5},""core:hedge_drum"":{""building"":115,""people"":537},""core:muster_horn"":{""people"":42},""core:seed_bag"":{""land"":47}}","raw/random__A__68.results.json","6317782fb807015c7a8c07652464b927cc307342c3f19304340c1a68902594c4","raw/random__A__68.metrics.json","bf42f96c296d63d56afef101f1e73055f7fb15e98c8e4a40ffebbbe590de74d0"
"random__A__69","random","A","69","3","21600","true","duration","","63","3","62DD53568888515AC63104902B188FDFD4D4572E094D5CD499E379D496E09888","12419","33114","105769","63","1746","22784","7500","0","12","21507","2271","500","0","0","0","23","1","[""core:ember_wand"",""core:harvest_scythe"",""core:iron_blade"",""core:ward_orbit"",""core:muster_horn"",""core:seed_bag""]","[""core:guarded_harvest"",""core:meal_oath"",""core:rally_boundary""]","{""core:guarded_harvest"":12,""core:meal_oath"":10,""core:rally_boundary"":5}","{""core:levy_bread_wrap"":1,""core:meadow_buckle"":3,""core:muster_roll"":3,""core:return_path_knot"":1,""core:root_binding_cord"":4,""core:seed_pouch_lining"":8,""core:wind_seed_flag"":4}","[""core:sowing_sworddance""]","[{""tick"":0,""evolutionId"":""core:sowing_sworddance"",""baseId"":""core:iron_blade""}]","{""core:muster_horn"":{""people"":23},""core:seed_bag"":{""land"":32}}","raw/random__A__69.results.json","0697a92cb192d0e1ea8b65235476f547d036296d1c576e6a2ee9a25810abd22e","raw/random__A__69.metrics.json","baffbf8ed5e69dd41df8b1a847e7175b7ab37649f1f9b33aa455f3644943d42b"
"random__A__70","random","A","70","3","21600","true","duration","","62","3","F383EA7AA90676E477C97624A17AE17656BBA3BE1138CFD316F11E725BE9F82E","12942","27880","110115","260","29","22414","7305","0","21","21600","2253","487","0","0","0","42","1","[""core:ember_wand"",""core:harvest_scythe"",""core:iron_blade"",""core:ward_orbit"",""core:muster_horn"",""core:seed_bag""]","[""core:guarded_harvest"",""core:meal_oath"",""core:rally_boundary""]","{""core:guarded_harvest"":12,""core:meal_oath"":9,""core:rally_boundary"":4}","{""core:levy_bread_wrap"":3,""core:meadow_buckle"":6,""core:muster_roll"":2,""core:return_path_knot"":1,""core:root_binding_cord"":7,""core:seed_pouch_lining"":4,""core:wind_seed_flag"":1}","[""core:sowing_sworddance""]","[{""tick"":0,""evolutionId"":""core:sowing_sworddance"",""baseId"":""core:iron_blade""}]","{""core:muster_horn"":{""people"":42},""core:seed_bag"":{""land"":35}}","raw/random__A__70.results.json","de8a45f7dda184ddceb07cb8febb2ab26f35088e4eb9009b1fb95c3808fcacab","raw/random__A__70.metrics.json","89b74e87ecad762031b150d4e312f26effa414737d7c34d492b956304df2ba5a"
"random__A__71","random","A","71","3","21600","true","duration","","67","3","437C6580547DE7D529D988EC225D8ED8F6A6CDFB722192EDA228EA1BDB73AD06","11102","29745","59475","51220","48","22744","5280","6708","4","21568","2285","352","33","30","0","47","1","[""core:ember_wand"",""core:harvest_scythe"",""core:iron_blade"",""core:ward_orbit"",""core:carpenter_hammer"",""core:hedge_drum"",""core:muster_horn"",""core:seed_bag""]","[""core:guarded_harvest"",""core:meal_oath"",""core:rally_boundary"",""core:repair_tithe""]","{""core:guarded_harvest"":11,""core:meal_oath"":5,""core:rally_boundary"":4,""core:repair_tithe"":3}","{""core:boundary_hinge"":1,""core:joiner_square"":1,""core:levy_bread_wrap"":1,""core:meadow_buckle"":4,""core:muster_roll"":2,""core:return_path_knot"":1,""core:root_binding_cord"":4,""core:ruin_keystone"":3,""core:scaffold_step"":3,""core:seed_pouch_lining"":3,""core:shock_absorber_pad"":1}","[""core:sheltered_sowing"",""core:sowing_sworddance""]","[{""tick"":0,""evolutionId"":""core:sowing_sworddance"",""baseId"":""core:iron_blade""},{""tick"":2850,""evolutionId"":""core:sheltered_sowing"",""baseId"":""core:seed_bag""}]","{""core:carpenter_hammer"":{""building"":33},""core:hedge_drum"":{""building"":182,""people"":75},""core:muster_horn"":{""people"":47},""core:seed_bag"":{""land"":24}}","raw/random__A__71.results.json","da711c4da1bf1fcc0c741cab6d5641911e20d995e5d681c827354fc4acd871c5","raw/random__A__71.metrics.json","84ba1f5241c89bbafe7a6e3ae89185e108d2e1a09de25986b22ead3648885fad"
"random__A__72","random","A","72","3","21600","true","duration","","72","3","63EB6D73B7A1278FE033523C9D5DEE6CF3531E8610C929F949B3A8D02032CF25","10596","25277","63182","54067","421","23064","7725","9180","12","21522","2328","515","0","0","0","51","1","[""core:ember_wand"",""core:harvest_scythe"",""core:iron_blade"",""core:ward_orbit"",""core:carpenter_hammer"",""core:hedge_drum"",""core:muster_horn"",""core:seed_bag""]","[""core:guarded_harvest"",""core:meal_oath"",""core:rally_boundary"",""core:repair_tithe""]","{""core:guarded_harvest"":6,""core:meal_oath"":11,""core:rally_boundary"":5,""core:repair_tithe"":4}","{""core:joiner_square"":2,""core:levy_bread_wrap"":4,""core:muster_roll"":1,""core:return_path_knot"":3,""core:root_binding_cord"":4,""core:ruin_keystone"":2,""core:seed_pouch_lining"":1,""core:shock_absorber_pad"":3,""core:wind_seed_flag"":4}","[""core:sheltered_sowing"",""core:sowing_sworddance""]","[{""tick"":0,""evolutionId"":""core:sowing_sworddance"",""baseId"":""core:iron_blade""},{""tick"":4560,""evolutionId"":""core:sheltered_sowing"",""baseId"":""core:seed_bag""}]","{""core:carpenter_hammer"":{""building"":43},""core:hedge_drum"":{""building"":75},""core:muster_horn"":{""people"":51},""core:seed_bag"":{""land"":31}}","raw/random__A__72.results.json","91f1ab2ccb426c7eccbc09a1c30ae151dadc89ae4f00e78c6e76f176e349e17c","raw/random__A__72.metrics.json","153b672a0315e8ab8769a139510f52060540f75bef21d4fc24fe34b2737feba8"
"random__A__73","random","A","73","3","21600","true","duration","","71","3","08A6F9C8BEE7409748AAAA04DB58D10ECB15779D490F00BD5DB82E2BF564F45A","10220","19270","64957","61195","628","23640","6510","8988","12","21381","2319","434","33","26","0","46","1","[""core:ember_wand"",""core:harvest_scythe"",""core:iron_blade"",""core:ward_orbit"",""core:carpenter_hammer"",""core:hedge_drum"",""core:muster_horn"",""core:seed_bag""]","[""core:guarded_harvest"",""core:meal_oath"",""core:rally_boundary"",""core:repair_tithe""]","{""core:guarded_harvest"":10,""core:meal_oath"":6,""core:rally_boundary"":9,""core:repair_tithe"":2}","{""core:joiner_square"":1,""core:levy_bread_wrap"":2,""core:meadow_buckle"":3,""core:muster_roll"":1,""core:root_binding_cord"":5,""core:ruin_keystone"":1,""core:scaffold_step"":2,""core:seed_pouch_lining"":4,""core:shock_absorber_pad"":4,""core:wind_seed_flag"":1}","[""core:sheltered_sowing"",""core:sowing_sworddance""]","[{""tick"":0,""evolutionId"":""core:sowing_sworddance"",""baseId"":""core:iron_blade""},{""tick"":457,""evolutionId"":""core:sheltered_sowing"",""baseId"":""core:seed_bag""}]","{""core:carpenter_hammer"":{""building"":52},""core:hedge_drum"":{""building"":126},""core:muster_horn"":{""people"":46},""core:seed_bag"":{""land"":37}}","raw/random__A__73.results.json","b8860fa0b893e58c71df35b4e6e6b90066cd2c8971c2e9b8e08d422dae44a2b4","raw/random__A__73.metrics.json","8659d9e7524f9de52fff81c040a749af2a9b53be7aa04ac673fbc71b0385d158"
"random__B__42","random","B","42","3","21600","true","duration","","66","3","41D69953CF7B5AEF9AA0FD089F994CC60DFB753F20E7956F998055D281E0DD3F","11388","22381","109465","8114","8","22764","9195","1284","9","21600","2275","613","0","0","21","0","1","[""core:ember_wand"",""core:harvest_scythe"",""core:iron_blade"",""core:ward_orbit"",""core:carpenter_hammer"",""core:muster_horn"",""core:seed_bag""]","[""core:guarded_harvest"",""core:meal_oath"",""core:rally_boundary"",""core:repair_tithe""]","{""core:guarded_harvest"":11,""core:meal_oath"":7,""core:rally_boundary"":8,""core:repair_tithe"":3}","{""core:joiner_square"":1,""core:levy_bread_wrap"":2,""core:muster_roll"":3,""core:return_path_knot"":3,""core:root_binding_cord"":1,""core:ruin_keystone"":1,""core:scaffold_step"":1,""core:seed_pouch_lining"":4,""core:wind_seed_flag"":6}","[""core:sheltered_sowing"",""core:sowing_sworddance""]","[{""tick"":0,""evolutionId"":""core:sowing_sworddance"",""baseId"":""core:iron_blade""},{""tick"":15548,""evolutionId"":""core:sheltered_sowing"",""baseId"":""core:seed_bag""}]","{""core:carpenter_hammer"":{""building"":30},""core:muster_horn"":{""people"":288},""core:seed_bag"":{""land"":10}}","raw/random__B__42.results.json","17462787d462a273ebccf4f6423ff8f411f819263413377be5e6f6e3d318db42","raw/random__B__42.metrics.json","dc17ed7c1bda72ca93ae69f7621cd51b79b8ffe602e5bffcc9968694589c3d40"
"random__B__43","random","B","43","3","21600","true","duration","","67","3","62842611A8C9E04B5AF26B1C56852CE31081266013CA841A713F89B4018368B3","12081","20674","131525","1203","2908","25476","9510","0","1","21600","2539","634","0","0","49","0","1","[""core:ember_wand"",""core:harvest_scythe"",""core:iron_blade"",""core:ward_orbit"",""core:muster_horn"",""core:seed_bag""]","[""core:guarded_harvest"",""core:meal_oath"",""core:rally_boundary""]","{""core:guarded_harvest"":21,""core:meal_oath"":5,""core:rally_boundary"":10}","{""core:levy_bread_wrap"":1,""core:meadow_buckle"":2,""core:muster_roll"":1,""core:return_path_knot"":2,""core:root_binding_cord"":5,""core:seed_pouch_lining"":5,""core:wind_seed_flag"":7}","[""core:sowing_sworddance""]","[{""tick"":0,""evolutionId"":""core:sowing_sworddance"",""baseId"":""core:iron_blade""}]","{""core:muster_horn"":{""people"":675},""core:seed_bag"":{""land"":10}}","raw/random__B__43.results.json","127132df19364ea69b249527aa49acc5a3cd106cbec71bf77592420ecb4663f9","raw/random__B__43.metrics.json","a89bf210f9f1880e35bdaf2049764ea717922e881351c9fcc71261c98e2af466"
"random__B__44","random","B","44","3","21600","true","duration","","65","3","2E728B42A2B7326F12061F2CF3912455D47785869C454DDDEB141EE28120B150","9907","26676","110713","213","216","22502","10485","0","8","21600","2261","699","0","0","18","0","1","[""core:ember_wand"",""core:harvest_scythe"",""core:iron_blade"",""core:ward_orbit"",""core:muster_horn"",""core:seed_bag""]","[""core:guarded_harvest"",""core:meal_oath"",""core:rally_boundary""]","{""core:guarded_harvest"":8,""core:meal_oath"":5,""core:rally_boundary"":5}","{""core:levy_bread_wrap"":4,""core:meadow_buckle"":3,""core:muster_roll"":4,""core:return_path_knot"":3,""core:root_binding_cord"":4,""core:seed_pouch_lining"":4,""core:wind_seed_flag"":1}","[""core:sowing_sworddance""]","[{""tick"":0,""evolutionId"":""core:sowing_sworddance"",""baseId"":""core:iron_blade""}]","{""core:muster_horn"":{""people"":268},""core:seed_bag"":{""land"":10}}","raw/random__B__44.results.json","c88f2fad7d682d1953e60ce2c81c12821daef4a76239485fafc34d16e6df4d48","raw/random__B__44.metrics.json","5f6251e432691514a117eadf78d8e80c260a51c8c69eb924c4d672fb03cbe194"
"random__B__45","random","B","45","3","21600","true","duration","","65","3","3F3665A7EDB6178A215F6DADD4CEDFA7368DDF1E3A2009DE6BCD76B58441BA36","11649","14328","130085","0","157","23562","8940","0","1","21600","2331","596","0","0","29","0","1","[""core:ember_wand"",""core:harvest_scythe"",""core:iron_blade"",""core:ward_orbit"",""core:muster_horn"",""core:seed_bag""]","[""core:guarded_harvest"",""core:meal_oath"",""core:rally_boundary""]","{""core:guarded_harvest"":12,""core:meal_oath"":5,""core:rally_boundary"":7}","{""core:levy_bread_wrap"":4,""core:meadow_buckle"":2,""core:muster_roll"":3,""core:return_path_knot"":4,""core:root_binding_cord"":3,""core:seed_pouch_lining"":2,""core:wind_seed_flag"":6}","[""core:sowing_sworddance""]","[{""tick"":0,""evolutionId"":""core:sowing_sworddance"",""baseId"":""core:iron_blade""}]","{""core:muster_horn"":{""people"":669},""core:seed_bag"":{""land"":7}}","raw/random__B__45.results.json","94aec89ac2dc4b36c02605d08beaa33fd393f6035bd6a1f24fd68c38ce665810","raw/random__B__45.metrics.json","8045e87483f11695f61eb97099ec31446afbf10d4f09864310b8803798a7cbab"
"random__B__46","random","B","46","3","21600","true","duration","","67","3","5238CE1A42FE6BCC9A5CE7B9A3D2B21652E7DF6AD726A107EE995AF66CC9F2A1","10068","24520","99975","18604","1649","23462","9150","2508","7","21573","2335","610","0","0","16","0","1","[""core:ember_wand"",""core:harvest_scythe"",""core:iron_blade"",""core:ward_orbit"",""core:hedge_drum"",""core:muster_horn"",""core:seed_bag""]","[""core:guarded_harvest"",""core:meal_oath"",""core:rally_boundary"",""core:repair_tithe""]","{""core:guarded_harvest"":24,""core:meal_oath"":10,""core:rally_boundary"":3,""core:repair_tithe"":1}","{""core:boundary_hinge"":1,""core:joiner_square"":2,""core:levy_bread_wrap"":2,""core:meadow_buckle"":5,""core:muster_roll"":4,""core:return_path_knot"":2,""core:seed_pouch_lining"":4,""core:wind_seed_flag"":1}","[""core:sowing_sworddance""]","[{""tick"":0,""evolutionId"":""core:sowing_sworddance"",""baseId"":""core:iron_blade""}]","{""core:hedge_drum"":{""building"":47,""people"":371},""core:muster_horn"":{""people"":318},""core:seed_bag"":{""land"":10}}","raw/random__B__46.results.json","6b1f3476a82174dea8f68f463e057413e20304a431734ba52408a65e08fbfae6","raw/random__B__46.metrics.json","30cfe83f7c92e2309f15afbc829e2e5a50d2e3f69a1e81b41cf0f92e176a8906"
"random__B__47","random","B","47","3","21600","true","duration","","72","3","677C96D489C701D946F653519BF4104C3F9EF6278A68A859007EB187BF7DC423","11416","36704","43395","62578","839","23280","10380","6468","0","21600","2316","692","18","17","7","0","1","[""core:ember_wand"",""core:harvest_scythe"",""core:iron_blade"",""core:ward_orbit"",""core:carpenter_hammer"",""core:hedge_drum"",""core:muster_horn"",""core:seed_bag""]","[""core:guarded_harvest"",""core:meal_oath"",""core:rally_boundary"",""core:repair_tithe""]","{""core:guarded_harvest"":10,""core:meal_oath"":4,""core:rally_boundary"":3,""core:repair_tithe"":5}","{""core:boundary_hinge"":4,""core:joiner_square"":5,""core:levy_bread_wrap"":3,""core:meadow_buckle"":2,""core:muster_roll"":1,""core:return_path_knot"":1,""core:ruin_keystone"":1,""core:scaffold_step"":1,""core:seed_pouch_lining"":2,""core:shock_absorber_pad"":2,""core:wind_seed_flag"":2}","[""core:sheltered_sowing"",""core:sowing_sworddance""]","[{""tick"":0,""evolutionId"":""core:sowing_sworddance"",""baseId"":""core:iron_blade""},{""tick"":457,""evolutionId"":""core:sheltered_sowing"",""baseId"":""core:seed_bag""}]","{""core:carpenter_hammer"":{""building"":48},""core:hedge_drum"":{""building"":42,""people"":560},""core:muster_horn"":{""people"":286},""core:seed_bag"":{""land"":13}}","raw/random__B__47.results.json","cca9427fa3af707fb1dbe91e3e80c2f0cc6153a52ba68837f6ffe40675d0d716","raw/random__B__47.metrics.json","784f74efaa3d7c40ffbdd9f69a9bb03864b12c73af150332fdd18509a4cd99ff"
"random__B__48","random","B","48","3","21600","true","duration","","70","3","4F9490FB0B449C3DACD49705A9FD35CEB1DB86B1C60369B84CA896C36F47C884","11041","19262","117956","11722","0","24170","11520","1848","0","21600","2396","768","0","0","34","0","1","[""core:ember_wand"",""core:harvest_scythe"",""core:iron_blade"",""core:ward_orbit"",""core:carpenter_hammer"",""core:muster_horn"",""core:seed_bag""]","[""core:guarded_harvest"",""core:meal_oath"",""core:rally_boundary"",""core:repair_tithe""]","{""core:guarded_harvest"":15,""core:meal_oath"":7,""core:rally_boundary"":4,""core:repair_tithe"":2}","{""core:boundary_hinge"":2,""core:levy_bread_wrap"":3,""core:meadow_buckle"":6,""core:muster_roll"":1,""core:return_path_knot"":2,""core:seed_pouch_lining"":4,""core:wind_seed_flag"":5}","[""core:sheltered_sowing"",""core:sowing_sworddance""]","[{""tick"":0,""evolutionId"":""core:sowing_sworddance"",""baseId"":""core:iron_blade""},{""tick"":14051,""evolutionId"":""core:sheltered_sowing"",""baseId"":""core:seed_bag""}]","{""core:carpenter_hammer"":{""building"":42},""core:muster_horn"":{""people"":705},""core:seed_bag"":{""land"":11}}","raw/random__B__48.results.json","98048a46ae2cce90fd89c03661fd81fd24f92dbfe1c5a62334765afdbf7653d0","raw/random__B__48.metrics.json","f7ea6eb1b05c6f56805a73d8c177b524869e3a66c43fecdd0728506af7abf30d"
"random__B__49","random","B","49","3","21600","true","duration","","69","3","2175C5471CE01BD2ABC64EC70608D2E06FEC0AC9ECCB3BF25D827906F951C102","11062","26636","112141","7516","2996","24400","11730","816","1","21600","2414","782","0","0","20","0","1","[""core:ember_wand"",""core:harvest_scythe"",""core:iron_blade"",""core:ward_orbit"",""core:hedge_drum"",""core:muster_horn"",""core:seed_bag""]","[""core:guarded_harvest"",""core:meal_oath"",""core:rally_boundary""]","{""core:guarded_harvest"":9,""core:meal_oath"":4,""core:rally_boundary"":16}","{""core:boundary_hinge"":1,""core:levy_bread_wrap"":2,""core:meadow_buckle"":6,""core:muster_roll"":2,""core:return_path_knot"":2,""core:root_binding_cord"":7,""core:seed_pouch_lining"":2,""core:wind_seed_flag"":2}","[""core:sowing_sworddance""]","[{""tick"":0,""evolutionId"":""core:sowing_sworddance"",""baseId"":""core:iron_blade""}]","{""core:hedge_drum"":{""building"":36,""people"":134},""core:muster_horn"":{""people"":604},""core:seed_bag"":{""land"":10}}","raw/random__B__49.results.json","7e34bdd0c74be1cd5f1cb2de4b4ebaefa7f709ee8b6d04d848a9dbd8e431b5bc","raw/random__B__49.metrics.json","b5772470bee485385ac538de57be73a80e35d31e4b8eaf6782ca4816b222a50f"
"random__B__50","random","B","50","3","21600","true","duration","","64","3","F8C6FC5B69B2BE57D721E7AB2EAD016D48046458B853E9B6D4ACD254B4A3F074","11638","21659","114356","0","3837","22826","8670","0","1","21577","2295","578","0","0","31","0","1","[""core:ember_wand"",""core:harvest_scythe"",""core:iron_blade"",""core:ward_orbit"",""core:muster_horn"",""core:seed_bag""]","[""core:guarded_harvest"",""core:meal_oath"",""core:rally_boundary"",""core:repair_tithe""]","{""core:guarded_harvest"":15,""core:meal_oath"":7,""core:rally_boundary"":4,""core:repair_tithe"":2}","{""core:levy_bread_wrap"":2,""core:meadow_buckle"":2,""core:muster_roll"":3,""core:return_path_knot"":2,""core:root_binding_cord"":3,""core:seed_pouch_lining"":7,""core:wind_seed_flag"":4}","[""core:sowing_sworddance""]","[{""tick"":0,""evolutionId"":""core:sowing_sworddance"",""baseId"":""core:iron_blade""}]","{""core:muster_horn"":{""people"":474},""core:seed_bag"":{""land"":11}}","raw/random__B__50.results.json","60f17500695d55a15c62127846beb2a5355a4932a5d0c16edde54256d675edb4","raw/random__B__50.metrics.json","c2289f5671d3119f7f1b64c9c399ffe16677a9c4b6ba24bc8b9ea323eea65e3e"
"random__B__51","random","B","51","3","21600","true","duration","","74","3","1FC3501F9048D21FE882D21C129A6AC1B6E495B3AEE75231252D5B1F521080FA","10555","17547","77111","45918","288","22742","11970","6936","0","21600","2332","798","29","28","17","0","1","[""core:ember_wand"",""core:harvest_scythe"",""core:iron_blade"",""core:ward_orbit"",""core:carpenter_hammer"",""core:hedge_drum"",""core:muster_horn"",""core:seed_bag""]","[""core:guarded_harvest"",""core:meal_oath"",""core:rally_boundary"",""core:repair_tithe""]","{""core:guarded_harvest"":19,""core:meal_oath"":11,""core:rally_boundary"":9,""core:repair_tithe"":5}","{""core:boundary_hinge"":2,""core:joiner_square"":3,""core:meadow_buckle"":3,""core:return_path_knot"":1,""core:root_binding_cord"":3,""core:ruin_keystone"":1,""core:scaffold_step"":3,""core:seed_pouch_lining"":2,""core:shock_absorber_pad"":1,""core:wind_seed_flag"":5}","[""core:sheltered_sowing"",""core:sowing_sworddance""]","[{""tick"":0,""evolutionId"":""core:sowing_sworddance"",""baseId"":""core:iron_blade""},{""tick"":2130,""evolutionId"":""core:sheltered_sowing"",""baseId"":""core:seed_bag""}]","{""core:carpenter_hammer"":{""building"":2},""core:hedge_drum"":{""building"":58,""people"":699},""core:muster_horn"":{""people"":267},""core:seed_bag"":{""land"":14}}","raw/random__B__51.results.json","4bb68c087d9e34b0cd854cac1406996f17202a3b8a61c392061ea7c228ec1253","raw/random__B__51.metrics.json","139dd71ef37c06b03fed9eada93760ee5dc1302494d0c248f81cc52b4d3bd528"
"random__B__52","random","B","52","3","21600","true","duration","","65","3","AF3415BD358EFE3BB16E188FD04961E74779F24CACB69BFC707A846745395516","10125","23399","119051","0","389","23200","9780","0","1","21575","2309","652","0","0","24","0","1","[""core:ember_wand"",""core:harvest_scythe"",""core:iron_blade"",""core:ward_orbit"",""core:muster_horn"",""core:seed_bag""]","[""core:guarded_harvest"",""core:meal_oath"",""core:rally_boundary""]","{""core:guarded_harvest"":15,""core:meal_oath"":1,""core:rally_boundary"":6}","{""core:levy_bread_wrap"":3,""core:meadow_buckle"":1,""core:muster_roll"":3,""core:return_path_knot"":3,""core:root_binding_cord"":7,""core:seed_pouch_lining"":3,""core:wind_seed_flag"":4}","[""core:sowing_sworddance""]","[{""tick"":0,""evolutionId"":""core:sowing_sworddance"",""baseId"":""core:iron_blade""}]","{""core:muster_horn"":{""people"":700},""core:seed_bag"":{""land"":13}}","raw/random__B__52.results.json","b5c82600547f66e7f6e20ea3dff01f1785770535f71237b80d9b66e61f630c31","raw/random__B__52.metrics.json","e3ae848d3eb0bcc248594e59ffc2609160070e95c337de685112042c64d0b7c7"
"random__B__53","random","B","53","3","21600","true","duration","","65","3","49BFEF6A8A97ACC88D8D4CA90AD0E800C7E95FEE96A266B64CF4DD140E5428C0","13160","35331","103182","25","966","22666","9930","0","1","21499","2327","662","0","0","31","0","1","[""core:ember_wand"",""core:harvest_scythe"",""core:iron_blade"",""core:ward_orbit"",""core:muster_horn"",""core:seed_bag""]","[""core:guarded_harvest"",""core:meal_oath"",""core:rally_boundary"",""core:repair_tithe""]","{""core:guarded_harvest"":15,""core:meal_oath"":2,""core:rally_boundary"":8,""core:repair_tithe"":2}","{""core:levy_bread_wrap"":5,""core:muster_roll"":2,""core:return_path_knot"":3,""core:root_binding_cord"":6,""core:seed_pouch_lining"":2,""core:wind_seed_flag"":5}","[""core:sowing_sworddance""]","[{""tick"":0,""evolutionId"":""core:sowing_sworddance"",""baseId"":""core:iron_blade""}]","{""core:muster_horn"":{""people"":687},""core:seed_bag"":{""land"":12}}","raw/random__B__53.results.json","a5d753215880969aae0bab6faf2eb34752bb91c72a1934a00827ae3cdece6495","raw/random__B__53.metrics.json","b022143ebf6be5085d693d4726892fcf5592c2f34894987e53f7a8c0b76ec254"
"random__B__54","random","B","54","3","21600","true","duration","","71","3","8DE0C9C3417ACA77AC62DB4F90C5555826C05197196BAB56C028B91F4191EE3F","9669","26962","99433","10118","2339","22762","16050","0","11","21600","2283","1070","0","0","32","0","1","[""core:ember_wand"",""core:harvest_scythe"",""core:iron_blade"",""core:ward_orbit"",""core:hedge_drum"",""core:muster_horn"",""core:seed_bag""]","[""core:guarded_harvest"",""core:meal_oath"",""core:rally_boundary""]","{""core:guarded_harvest"":8,""core:meal_oath"":14,""core:rally_boundary"":3}","{""core:boundary_hinge"":2,""core:joiner_square"":2,""core:levy_bread_wrap"":5,""core:meadow_buckle"":2,""core:muster_roll"":3,""core:return_path_knot"":2,""core:root_binding_cord"":1,""core:scaffold_step"":1,""core:seed_pouch_lining"":1,""core:wind_seed_flag"":4}","[""core:sowing_sworddance""]","[{""tick"":0,""evolutionId"":""core:sowing_sworddance"",""baseId"":""core:iron_blade""}]","{""core:muster_horn"":{""people"":147},""core:seed_bag"":{""land"":16}}","raw/random__B__54.results.json","5cc8f0d8d652b00d619f429591a8dacbd4324ea29e3b3a410c3327dd4997ae2a","raw/random__B__54.metrics.json","65fd0d9b16801e5a611b2f3796893d7f4cb3736ad098599ef82b5f9ed5a660db"
"random__B__55","random","B","55","3","21600","true","duration","","64","3","3951D716DA10799244212C7D48BDA00289A1753C75B1195D39A8B2782F70DF43","10489","16601","122942","122","83","22774","9210","0","1","21600","2265","614","0","0","20","0","1","[""core:ember_wand"",""core:harvest_scythe"",""core:iron_blade"",""core:ward_orbit"",""core:muster_horn"",""core:seed_bag""]","[""core:guarded_harvest"",""core:meal_oath"",""core:rally_boundary""]","{""core:guarded_harvest"":6,""core:meal_oath"":4,""core:rally_boundary"":8}","{""core:levy_bread_wrap"":2,""core:meadow_buckle"":4,""core:muster_roll"":5,""core:return_path_knot"":2,""core:root_binding_cord"":3,""core:seed_pouch_lining"":2,""core:wind_seed_flag"":4}","[""core:sowing_sworddance""]","[{""tick"":0,""evolutionId"":""core:sowing_sworddance"",""baseId"":""core:iron_blade""}]","{""core:muster_horn"":{""people"":696},""core:seed_bag"":{""land"":8}}","raw/random__B__55.results.json","fdcede1806f7365c92607762a35d4e5d24cc46c81d7118f16013aa4626748ca6","raw/random__B__55.metrics.json","b855ebdc8458b9ed3acd9d6c71eca75064a0404ea7485a0fc3c85bed15661758"
"random__B__56","random","B","56","3","21600","true","duration","","71","3","8488C3D2014386B5D377496859AEAB1FF364AE2C90EE32A9B15E390B20139456","10550","19563","77084","40619","363","22308","9645","6396","4","21567","2283","643","0","0","6","0","1","[""core:ember_wand"",""core:harvest_scythe"",""core:iron_blade"",""core:ward_orbit"",""core:carpenter_hammer"",""core:hedge_drum"",""core:muster_horn"",""core:seed_bag""]","[""core:guarded_harvest"",""core:meal_oath"",""core:rally_boundary"",""core:repair_tithe""]","{""core:guarded_harvest"":12,""core:meal_oath"":4,""core:rally_boundary"":12,""core:repair_tithe"":5}","{""core:boundary_hinge"":3,""core:levy_bread_wrap"":2,""core:meadow_buckle"":2,""core:return_path_knot"":2,""core:ruin_keystone"":4,""core:scaffold_step"":1,""core:seed_pouch_lining"":5,""core:shock_absorber_pad"":3,""core:wind_seed_flag"":2}","[""core:sheltered_sowing"",""core:sowing_sworddance""]","[{""tick"":0,""evolutionId"":""core:sowing_sworddance"",""baseId"":""core:iron_blade""},{""tick"":1818,""evolutionId"":""core:sheltered_sowing"",""baseId"":""core:seed_bag""}]","{""core:carpenter_hammer"":{""building"":33},""core:hedge_drum"":{""building"":23,""people"":615},""core:muster_horn"":{""people"":54},""core:seed_bag"":{""land"":12}}","raw/random__B__56.results.json","0a664c76ff8b73526b9d7829667eab7c32fee436b2b16afb92a52d85b494dab4","raw/random__B__56.metrics.json","4a3ddb4bd24414b4e20721eded2b206fa914e7b3b6fa34b9c4d9c1bba6cb8b47"
"random__B__57","random","B","57","3","21600","true","duration","","74","3","122DE1E73F1D7759B8B0EDC1A7F71ADD606EE3935E6B3C4C7BE79BA913FFF56E","10626","19643","87237","37509","1522","23606","11940","6300","9","21600","2322","796","0","0","15","0","1","[""core:ember_wand"",""core:harvest_scythe"",""core:iron_blade"",""core:ward_orbit"",""core:carpenter_hammer"",""core:hedge_drum"",""core:muster_horn"",""core:seed_bag""]","[""core:guarded_harvest"",""core:meal_oath"",""core:rally_boundary"",""core:repair_tithe""]","{""core:guarded_harvest"":5,""core:meal_oath"":4,""core:rally_boundary"":8,""core:repair_tithe"":7}","{""core:boundary_hinge"":2,""core:joiner_square"":3,""core:levy_bread_wrap"":1,""core:meadow_buckle"":4,""core:return_path_knot"":1,""core:root_binding_cord"":4,""core:ruin_keystone"":2,""core:scaffold_step"":1,""core:shock_absorber_pad"":1,""core:wind_seed_flag"":5}","[""core:sheltered_sowing"",""core:sowing_sworddance""]","[{""tick"":0,""evolutionId"":""core:sowing_sworddance"",""baseId"":""core:iron_blade""},{""tick"":1200,""evolutionId"":""core:sheltered_sowing"",""baseId"":""core:seed_bag""}]","{""core:carpenter_hammer"":{""building"":23},""core:hedge_drum"":{""building"":4,""people"":47},""core:muster_horn"":{""people"":625},""core:seed_bag"":{""land"":12}}","raw/random__B__57.results.json","cdfb77d9bf7ee591981533a6c10fde40516a8830b1d5dd7e4c43b834c2ecd937","raw/random__B__57.metrics.json","4c0d0acaf4ebdfacf206bbc10ad7271e6b31981bbac044b7535a6c956d20c07e"
"random__B__58","random","B","58","3","21600","true","duration","","64","3","7CBCD547790DFCDF93909CE9142249C4ACD7623CAE3F806955FEC884862D651B","10415","26576","89586","18673","56","21778","6240","3216","0","21600","2272","416","9","0","20","0","1","[""core:ember_wand"",""core:harvest_scythe"",""core:iron_blade"",""core:ward_orbit"",""core:carpenter_hammer"",""core:muster_horn"",""core:seed_bag""]","[""core:guarded_harvest"",""core:meal_oath"",""core:rally_boundary""]","{""core:guarded_harvest"":9,""core:meal_oath"":3,""core:rally_boundary"":2}","{""core:boundary_hinge"":1,""core:joiner_square"":3,""core:levy_bread_wrap"":1,""core:muster_roll"":3,""core:return_path_knot"":3,""core:root_binding_cord"":1,""core:scaffold_step"":2,""core:seed_pouch_lining"":5,""core:shock_absorber_pad"":3,""core:wind_seed_flag"":2}","[""core:sheltered_sowing"",""core:sowing_sworddance""]","[{""tick"":0,""evolutionId"":""core:sowing_sworddance"",""baseId"":""core:iron_blade""},{""tick"":902,""evolutionId"":""core:sheltered_sowing"",""baseId"":""core:seed_bag""}]","{""core:carpenter_hammer"":{""building"":63},""core:muster_horn"":{""people"":705},""core:seed_bag"":{""land"":8}}","raw/random__B__58.results.json","fefbb4bbee9452517e3d0378304c630ffeb18fae11ffb4233a51f233b011a96d","raw/random__B__58.metrics.json","597089754d607f391346436f290eb72b20d9d3ed3053eaf00aba621241e91c6a"
"random__B__59","random","B","59","3","21600","true","duration","","66","3","718159D9E81C6B17AAC46D08BF0368BE8753F6333EAA9D5CD06993A32CDB7733","11492","5071","133615","244","139","22718","11235","0","9","21546","2268","749","0","0","26","0","1","[""core:ember_wand"",""core:harvest_scythe"",""core:iron_blade"",""core:ward_orbit"",""core:muster_horn"",""core:seed_bag""]","[""core:guarded_harvest"",""core:meal_oath"",""core:rally_boundary"",""core:repair_tithe""]","{""core:guarded_harvest"":11,""core:meal_oath"":8,""core:rally_boundary"":7,""core:repair_tithe"":2}","{""core:levy_bread_wrap"":7,""core:meadow_buckle"":2,""core:muster_roll"":1,""core:return_path_knot"":1,""core:root_binding_cord"":4,""core:seed_pouch_lining"":5,""core:wind_seed_flag"":2}","[""core:sowing_sworddance""]","[{""tick"":0,""evolutionId"":""core:sowing_sworddance"",""baseId"":""core:iron_blade""}]","{""core:muster_horn"":{""people"":370},""core:seed_bag"":{""land"":10}}","raw/random__B__59.results.json","6af0e0a7403d9f713788fb1713f465d47562a647590b20c6cb9b1ecd425b55b5","raw/random__B__59.metrics.json","a8347dc0135fe37298ea26aa7d9bb56efffe067e541cb38141db73648f1ff2f9"
"random__B__60","random","B","60","3","21600","true","duration","","74","3","F52B6B6F186CF9426AB71D7FF58A46F849FCEFEF149B6AC6530565F86E87A6AB","9552","19075","52190","69520","3","22816","8055","11724","3","21600","2258","537","7","7","1","0","1","[""core:ember_wand"",""core:harvest_scythe"",""core:iron_blade"",""core:ward_orbit"",""core:carpenter_hammer"",""core:hedge_drum"",""core:muster_horn"",""core:seed_bag""]","[""core:guarded_harvest"",""core:meal_oath"",""core:rally_boundary"",""core:repair_tithe""]","{""core:guarded_harvest"":14,""core:meal_oath"":6,""core:rally_boundary"":10,""core:repair_tithe"":6}","{""core:boundary_hinge"":3,""core:joiner_square"":1,""core:meadow_buckle"":1,""core:muster_roll"":1,""core:return_path_knot"":1,""core:root_binding_cord"":5,""core:scaffold_step"":2,""core:seed_pouch_lining"":4,""core:shock_absorber_pad"":2,""core:wind_seed_flag"":4}","[""core:sheltered_sowing"",""core:sowing_sworddance""]","[{""tick"":0,""evolutionId"":""core:sowing_sworddance"",""baseId"":""core:iron_blade""},{""tick"":457,""evolutionId"":""core:sheltered_sowing"",""baseId"":""core:seed_bag""}]","{""core:carpenter_hammer"":{""building"":46},""core:hedge_drum"":{""building"":60,""people"":613},""core:muster_horn"":{""people"":297},""core:seed_bag"":{""land"":22}}","raw/random__B__60.results.json","f1a52394e07c53dfceb49b6bb4136a8eea4d6cc7d86d028891b72582c9cf435e","raw/random__B__60.metrics.json","0e8b3ee236666e31d61e0fac74dc8d12223882a0a72af7f8307cbb1d5b19a297"
"random__B__61","random","B","61","3","21600","true","duration","","70","3","5250AF4BBDB73A826F5082202E3AD6E196DCBF2DA3281BAD47176416F49BA942","10500","32724","115553","0","0","24100","13230","0","0","21600","2388","882","0","0","35","0","1","[""core:ember_wand"",""core:harvest_scythe"",""core:iron_blade"",""core:ward_orbit"",""core:muster_horn"",""core:seed_bag""]","[""core:guarded_harvest"",""core:meal_oath"",""core:rally_boundary""]","{""core:guarded_harvest"":7,""core:meal_oath"":7,""core:rally_boundary"":9}","{""core:levy_bread_wrap"":3,""core:meadow_buckle"":3,""core:muster_roll"":2,""core:return_path_knot"":5,""core:root_binding_cord"":5,""core:seed_pouch_lining"":2,""core:wind_seed_flag"":3}","[""core:sowing_sworddance""]","[{""tick"":0,""evolutionId"":""core:sowing_sworddance"",""baseId"":""core:iron_blade""}]","{""core:muster_horn"":{""people"":705},""core:seed_bag"":{""land"":9}}","raw/random__B__61.results.json","64f2fb8f881983b07faaeef03f9191ae0c3aeab2ce9e99ab06b5fc3e5de328a3","raw/random__B__61.metrics.json","c81d00fcb2d670c4dad441be989dd5c083f22b2026c880f7903b52a304e95ab4"
"random__B__62","random","B","62","3","21600","true","duration","","77","3","43B6F8FB6FC3C842F939B3250AAFF44F33F7058253A0D17E7CF36A7C1459B811","10230","27593","67301","51598","84","23946","12435","9564","2","21600","2388","829","0","0","35","0","1","[""core:ember_wand"",""core:harvest_scythe"",""core:iron_blade"",""core:ward_orbit"",""core:carpenter_hammer"",""core:hedge_drum"",""core:muster_horn"",""core:seed_bag""]","[""core:guarded_harvest"",""core:meal_oath"",""core:rally_boundary"",""core:repair_tithe""]","{""core:guarded_harvest"":5,""core:meal_oath"":4,""core:rally_boundary"":5,""core:repair_tithe"":12}","{""core:joiner_square"":1,""core:levy_bread_wrap"":3,""core:meadow_buckle"":3,""core:muster_roll"":2,""core:return_path_knot"":2,""core:root_binding_cord"":2,""core:ruin_keystone"":1,""core:scaffold_step"":1,""core:seed_pouch_lining"":2,""core:shock_absorber_pad"":2,""core:wind_seed_flag"":2}","[""core:sheltered_sowing"",""core:sowing_sworddance""]","[{""tick"":0,""evolutionId"":""core:sowing_sworddance"",""baseId"":""core:iron_blade""},{""tick"":2700,""evolutionId"":""core:sheltered_sowing"",""baseId"":""core:seed_bag""}]","{""core:hedge_drum"":{""building"":57,""people"":695},""core:muster_horn"":{""people"":683},""core:seed_bag"":{""land"":10}}","raw/random__B__62.results.json","3c9b9d9094971b7bb98165e9004789dbe2e01fa683c524832a6c0f943b903eda","raw/random__B__62.metrics.json","b2cd533d81ef9f7862c3e63fe13bcdc1e33f3043b88fabb45548128afe2f7e33"
"random__B__63","random","B","63","3","21600","true","duration","","67","3","65280FF6492DD38C70A2694F63A6B8F9AEFCB42EB0AEDB4B67C94DE07B908FA1","11660","20844","92354","744","38128","24708","10335","0","11","21589","2462","689","0","0","50","0","1","[""core:ember_wand"",""core:harvest_scythe"",""core:iron_blade"",""core:ward_orbit"",""core:muster_horn"",""core:seed_bag""]","[""core:guarded_harvest"",""core:rally_boundary""]","{""core:guarded_harvest"":12,""core:rally_boundary"":10}","{""core:levy_bread_wrap"":2,""core:meadow_buckle"":7,""core:muster_roll"":2,""core:return_path_knot"":3,""core:seed_pouch_lining"":4,""core:wind_seed_flag"":6}","[""core:sowing_sworddance""]","[{""tick"":0,""evolutionId"":""core:sowing_sworddance"",""baseId"":""core:iron_blade""}]","{""core:muster_horn"":{""people"":522},""core:seed_bag"":{""land"":9}}","raw/random__B__63.results.json","35f554882b139c502f62885c9eaa12a4f2ddba0483a11b5b2222e5332de3140e","raw/random__B__63.metrics.json","f799d2996a8b6b581b02d16d899dac2d0fda1f3d2d6a8c362ae4cad69a0a41b1"
"random__B__64","random","B","64","3","21600","true","duration","","74","3","0D278913B443E92E2D20624333489325AA425220D8A4CA94B334CEF71092567E","9319","17618","72602","45342","237","21962","11790","8628","2","21571","2263","786","0","0","5","0","1","[""core:ember_wand"",""core:harvest_scythe"",""core:iron_blade"",""core:ward_orbit"",""core:carpenter_hammer"",""core:hedge_drum"",""core:muster_horn"",""core:seed_bag""]","[""core:guarded_harvest"",""core:meal_oath"",""core:rally_boundary"",""core:repair_tithe""]","{""core:guarded_harvest"":10,""core:meal_oath"":1,""core:rally_boundary"":8,""core:repair_tithe"":9}","{""core:boundary_hinge"":4,""core:joiner_square"":1,""core:levy_bread_wrap"":4,""core:meadow_buckle"":4,""core:return_path_knot"":3,""core:seed_pouch_lining"":2,""core:shock_absorber_pad"":2,""core:wind_seed_flag"":3}","[""core:sheltered_sowing"",""core:sowing_sworddance""]","[{""tick"":0,""evolutionId"":""core:sowing_sworddance"",""baseId"":""core:iron_blade""},{""tick"":5400,""evolutionId"":""core:sheltered_sowing"",""baseId"":""core:seed_bag""}]","{""core:hedge_drum"":{""building"":62,""people"":695},""core:muster_horn"":{""people"":703},""core:seed_bag"":{""land"":15}}","raw/random__B__64.results.json","b71c8acf9e8e662782d94ec06031c2f7bb9133e21a7cea1c6d9ae96b6ce334ad","raw/random__B__64.metrics.json","e48f81a1e518634cb02224ced29da5f6990cd3d86f89f39466cf450466ead495"
"random__B__65","random","B","65","3","21600","true","duration","","68","3","6D10A7B8BA1144236AC22F9B4680FDDEA055466B7898473886AB773C27E1D1FA","11000","22428","119429","30","24","23080","13020","0","12","21600","2288","868","0","0","24","0","1","[""core:ember_wand"",""core:harvest_scythe"",""core:iron_blade"",""core:ward_orbit"",""core:muster_horn"",""core:seed_bag""]","[""core:guarded_harvest"",""core:meal_oath"",""core:rally_boundary""]","{""core:guarded_harvest"":4,""core:meal_oath"":14,""core:rally_boundary"":10}","{""core:levy_bread_wrap"":4,""core:meadow_buckle"":1,""core:muster_roll"":4,""core:return_path_knot"":7,""core:root_binding_cord"":4,""core:seed_pouch_lining"":1,""core:wind_seed_flag"":2}","[""core:sowing_sworddance""]","[{""tick"":0,""evolutionId"":""core:sowing_sworddance"",""baseId"":""core:iron_blade""}]","{""core:muster_horn"":{""people"":213},""core:seed_bag"":{""land"":10}}","raw/random__B__65.results.json","561013db2de5edab552b530a19be98914655d5dbea076c4c26da092a65bef20e","raw/random__B__65.metrics.json","e5006c5ac990d8e90a0cb3bb8bbaf8a76aa5be779f89056d88a2d9282ab946b3"
"random__B__66","random","B","66","3","21600","true","duration","","65","3","C5231A0FF240D6A1C8254D4D32D6BB0FC4CF430955C95301D44F907EBD086C1D","12042","36452","93583","9341","2914","23138","9075","0","1","21600","2284","605","0","0","24","0","1","[""core:ember_wand"",""core:harvest_scythe"",""core:iron_blade"",""core:ward_orbit"",""core:muster_horn"",""core:seed_bag""]","[""core:guarded_harvest"",""core:meal_oath"",""core:rally_boundary""]","{""core:guarded_harvest"":8,""core:meal_oath"":4,""core:rally_boundary"":9}","{""core:levy_bread_wrap"":4,""core:meadow_buckle"":4,""core:muster_roll"":3,""core:return_path_knot"":4,""core:root_binding_cord"":3,""core:seed_pouch_lining"":4,""core:wind_seed_flag"":2}","[""core:sowing_sworddance""]","[{""tick"":0,""evolutionId"":""core:sowing_sworddance"",""baseId"":""core:iron_blade""}]","{""core:muster_horn"":{""people"":669},""core:seed_bag"":{""land"":9}}","raw/random__B__66.results.json","9213d3151b6da36593115ecc35ed410f304db3c9e6d4570d6d5f0a044eb863df","raw/random__B__66.metrics.json","d9cc1bc16be69058e8286e2c383d1a11491fb04b03a77880f36bb2072a2c3fe4"
"random__B__67","random","B","67","3","21600","true","duration","","71","3","288CE3AF83867CD26A019F744F19F51C0B88B6C5DEB6EC5AF5FAF8A59865F3E9","10530","30040","87905","23597","602","23176","11910","3948","9","21600","2299","794","0","0","27","0","1","[""core:ember_wand"",""core:harvest_scythe"",""core:iron_blade"",""core:ward_orbit"",""core:carpenter_hammer"",""core:muster_horn"",""core:seed_bag""]","[""core:guarded_harvest"",""core:meal_oath"",""core:rally_boundary"",""core:repair_tithe""]","{""core:guarded_harvest"":7,""core:meal_oath"":14,""core:rally_boundary"":10,""core:repair_tithe"":2}","{""core:boundary_hinge"":1,""core:levy_bread_wrap"":3,""core:meadow_buckle"":6,""core:return_path_knot"":1,""core:root_binding_cord"":3,""core:scaffold_step"":3,""core:seed_pouch_lining"":3,""core:wind_seed_flag"":3}","[""core:sheltered_sowing"",""core:sowing_sworddance""]","[{""tick"":0,""evolutionId"":""core:sowing_sworddance"",""baseId"":""core:iron_blade""},{""tick"":8216,""evolutionId"":""core:sheltered_sowing"",""baseId"":""core:seed_bag""}]","{""core:carpenter_hammer"":{""building"":39},""core:muster_horn"":{""people"":305},""core:seed_bag"":{""land"":12}}","raw/random__B__67.results.json","ab6333d3fb79e501a7d325acb73a857fb884dccc2070981f143f2f462fd4f238","raw/random__B__67.metrics.json","00f4c112848b9d83885650b90e6293a4274d8c859d2c38503cbbaab2646db198"
"random__B__68","random","B","68","3","21600","true","duration","","83","3","A1D0B7CBE32AF116D7BB5CAAE83731F4D17A95278949F9AC9926AB30FBF563FA","10633","17070","86118","60591","1331","26764","17130","8904","18","21600","2600","1142","0","0","28","0","1","[""core:ember_wand"",""core:harvest_scythe"",""core:iron_blade"",""core:ward_orbit"",""core:carpenter_hammer"",""core:hedge_drum"",""core:muster_horn"",""core:seed_bag""]","[""core:guarded_harvest"",""core:meal_oath"",""core:rally_boundary"",""core:repair_tithe""]","{""core:guarded_harvest"":11,""core:meal_oath"":14,""core:rally_boundary"":7,""core:repair_tithe"":4}","{""core:boundary_hinge"":3,""core:joiner_square"":3,""core:levy_bread_wrap"":1,""core:meadow_buckle"":4,""core:muster_roll"":1,""core:return_path_knot"":1,""core:root_binding_cord"":3,""core:scaffold_step"":2,""core:seed_pouch_lining"":2,""core:shock_absorber_pad"":1,""core:wind_seed_flag"":3}","[""core:sheltered_sowing"",""core:sowing_sworddance""]","[{""tick"":0,""evolutionId"":""core:sowing_sworddance"",""baseId"":""core:iron_blade""},{""tick"":2433,""evolutionId"":""core:sheltered_sowing"",""baseId"":""core:seed_bag""}]","{""core:hedge_drum"":{""building"":67,""people"":702},""core:muster_horn"":{""people"":371},""core:seed_bag"":{""land"":17}}","raw/random__B__68.results.json","8793dab6a8c9d32b8078b2ada35d015c91aedb6d6bfec05005f038b57aa1a09c","raw/random__B__68.metrics.json","0d2c819f04228cbe712d20a4aa60f4b192015b8a25fd3bba56a45526a0820e0d"
"random__B__69","random","B","69","3","21600","true","duration","","66","3","67514FE58669FF497E71559EBB5045CBEFAFB67831C434B46B41BD7EB4BC8A99","12823","31283","106263","0","1738","22494","11025","0","10","21581","2271","735","0","0","22","0","1","[""core:ember_wand"",""core:harvest_scythe"",""core:iron_blade"",""core:ward_orbit"",""core:muster_horn"",""core:seed_bag""]","[""core:guarded_harvest"",""core:meal_oath"",""core:rally_boundary"",""core:repair_tithe""]","{""core:guarded_harvest"":4,""core:meal_oath"":10,""core:rally_boundary"":6,""core:repair_tithe"":2}","{""core:levy_bread_wrap"":1,""core:meadow_buckle"":6,""core:return_path_knot"":2,""core:root_binding_cord"":8,""core:seed_pouch_lining"":4,""core:wind_seed_flag"":3}","[""core:sowing_sworddance""]","[{""tick"":0,""evolutionId"":""core:sowing_sworddance"",""baseId"":""core:iron_blade""}]","{""core:seed_bag"":{""land"":12}}","raw/random__B__69.results.json","19164674142cc7f607df0dc79118241320e2008b163f448a24cac7a2bab5d7b7","raw/random__B__69.metrics.json","0443e616942e61c253c557d22fdbf3fdbc1a92742c3d1b2e645abc47ed28a9dc"
"random__B__70","random","B","70","3","21600","true","duration","","69","3","79AE3DD5CAF6269A47A51829BC191021B1C40BDBDA0DF9980A9FCFBE26E4BC70","10183","33832","111217","64","177","23606","13260","0","11","21600","2310","884","0","0","31","0","1","[""core:ember_wand"",""core:harvest_scythe"",""core:iron_blade"",""core:ward_orbit"",""core:muster_horn"",""core:seed_bag""]","[""core:guarded_harvest"",""core:meal_oath"",""core:rally_boundary""]","{""core:guarded_harvest"":4,""core:meal_oath"":11,""core:rally_boundary"":9}","{""core:levy_bread_wrap"":4,""core:meadow_buckle"":4,""core:muster_roll"":4,""core:return_path_knot"":5,""core:root_binding_cord"":1,""core:seed_pouch_lining"":5,""core:wind_seed_flag"":1}","[""core:sowing_sworddance""]","[{""tick"":0,""evolutionId"":""core:sowing_sworddance"",""baseId"":""core:iron_blade""}]","{""core:muster_horn"":{""people"":524},""core:seed_bag"":{""land"":11}}","raw/random__B__70.results.json","efde61b0d52ba94b6767dfae207d002abfc8b9e9cffd1957fd8af494702d124d","raw/random__B__70.metrics.json","77c686e575a5906c0362caf5aa6f8df9cd937ff4072744f7a93c79e848811374"
"random__B__71","random","B","71","3","21600","true","duration","","80","3","F23654DDE5D74A27764D8159EE95EDB111FD1F877ED6B97CD443B26060866A24","9406","29741","65604","50850","1439","23934","18570","6528","22","21600","2369","1238","0","0","19","0","1","[""core:ember_wand"",""core:harvest_scythe"",""core:iron_blade"",""core:ward_orbit"",""core:carpenter_hammer"",""core:hedge_drum"",""core:muster_horn"",""core:seed_bag""]","[""core:guarded_harvest"",""core:meal_oath"",""core:rally_boundary"",""core:repair_tithe""]","{""core:guarded_harvest"":7,""core:meal_oath"":12,""core:rally_boundary"":7,""core:repair_tithe"":4}","{""core:boundary_hinge"":1,""core:joiner_square"":6,""core:levy_bread_wrap"":1,""core:meadow_buckle"":1,""core:muster_roll"":1,""core:return_path_knot"":2,""core:root_binding_cord"":1,""core:ruin_keystone"":1,""core:scaffold_step"":2,""core:seed_pouch_lining"":2,""core:shock_absorber_pad"":2,""core:wind_seed_flag"":4}","[""core:sheltered_sowing"",""core:sowing_sworddance""]","[{""tick"":0,""evolutionId"":""core:sowing_sworddance"",""baseId"":""core:iron_blade""},{""tick"":5400,""evolutionId"":""core:sheltered_sowing"",""baseId"":""core:seed_bag""}]","{""core:hedge_drum"":{""building"":43,""people"":703},""core:muster_horn"":{""people"":118},""core:seed_bag"":{""land"":17}}","raw/random__B__71.results.json","5b4bc686b78d42da13252bd5e4b4974475dd95dab40f3497fa63e74f8dfa436a","raw/random__B__71.metrics.json","a88f76f2634dc2507ff300dd0522d3238acdfe87bab9a57536a752710b2f74b1"
"random__B__72","random","B","72","3","21600","true","duration","","72","3","7B3024B37F479EFBAB2DA56F688444D1BDCBF2C259B64DBCA3898AB543D0D2D4","10877","30625","95126","19061","421","23558","13920","2928","12","21600","2318","928","0","0","22","0","1","[""core:ember_wand"",""core:harvest_scythe"",""core:iron_blade"",""core:ward_orbit"",""core:carpenter_hammer"",""core:hedge_drum"",""core:muster_horn"",""core:seed_bag""]","[""core:guarded_harvest"",""core:meal_oath"",""core:rally_boundary"",""core:repair_tithe""]","{""core:guarded_harvest"":19,""core:meal_oath"":12,""core:rally_boundary"":13,""core:repair_tithe"":2}","{""core:boundary_hinge"":1,""core:joiner_square"":1,""core:levy_bread_wrap"":6,""core:meadow_buckle"":2,""core:muster_roll"":1,""core:return_path_knot"":2,""core:root_binding_cord"":4,""core:scaffold_step"":1,""core:seed_pouch_lining"":4,""core:wind_seed_flag"":2}","[""core:sheltered_sowing"",""core:sowing_sworddance""]","[{""tick"":0,""evolutionId"":""core:sowing_sworddance"",""baseId"":""core:iron_blade""},{""tick"":19440,""evolutionId"":""core:sheltered_sowing"",""baseId"":""core:seed_bag""}]","{""core:hedge_drum"":{""building"":92,""people"":212},""core:muster_horn"":{""people"":256},""core:seed_bag"":{""land"":13}}","raw/random__B__72.results.json","36bf73871f0f5baf09488eb28c59c9885b45d1ea86783d5e5a152419732f730b","raw/random__B__72.metrics.json","ee7afae50047effa18014fcd6e514dc10b088c5db8aa0f06164f8aedddc7c5af"
"random__B__73","random","B","73","3","21600","true","duration","","74","3","C380DEAB5CC618A1A8066B3EC8AE1CB5F5D8031D006B599A44FDB266FB04029F","9941","18466","82085","41408","1928","23374","13035","5808","12","21558","2296","869","0","0","12","0","1","[""core:ember_wand"",""core:harvest_scythe"",""core:iron_blade"",""core:ward_orbit"",""core:carpenter_hammer"",""core:hedge_drum"",""core:muster_horn"",""core:seed_bag""]","[""core:guarded_harvest"",""core:meal_oath"",""core:rally_boundary"",""core:repair_tithe""]","{""core:guarded_harvest"":4,""core:meal_oath"":11,""core:rally_boundary"":9,""core:repair_tithe"":1}","{""core:boundary_hinge"":1,""core:levy_bread_wrap"":1,""core:meadow_buckle"":3,""core:muster_roll"":3,""core:return_path_knot"":2,""core:root_binding_cord"":2,""core:ruin_keystone"":3,""core:scaffold_step"":2,""core:seed_pouch_lining"":2,""core:shock_absorber_pad"":2,""core:wind_seed_flag"":3}","[""core:sheltered_sowing"",""core:sowing_sworddance""]","[{""tick"":0,""evolutionId"":""core:sowing_sworddance"",""baseId"":""core:iron_blade""},{""tick"":457,""evolutionId"":""core:sheltered_sowing"",""baseId"":""core:seed_bag""}]","{""core:carpenter_hammer"":{""building"":24},""core:hedge_drum"":{""building"":24,""people"":533},""core:muster_horn"":{""people"":189},""core:seed_bag"":{""land"":13}}","raw/random__B__73.results.json","a42d103bf1169f25b09c5baa6620568fa66e5421a0cb55f3fa4f4cd24f339c90","raw/random__B__73.metrics.json","968f25310d6ebeaae2442c38e94325779162c13c1f61983b5dfc2634ce230cc3"
"random__C__42","random","C","42","3","21600","true","duration","","78","3","7416DA2210A5074C6F1E75ABB49C87C58F10F117F7320E21E7567CBB9A9A4E72","9602","26023","68114","53329","16","23916","14850","7524","55","21600","2406","990","0","0","2","7","1","[""core:ember_wand"",""core:harvest_scythe"",""core:iron_blade"",""core:ward_orbit"",""core:carpenter_hammer"",""core:hedge_drum"",""core:muster_horn"",""core:seed_bag""]","[""core:guarded_harvest"",""core:meal_oath"",""core:rally_boundary"",""core:repair_tithe""]","{""core:guarded_harvest"":12,""core:meal_oath"":8,""core:rally_boundary"":9,""core:repair_tithe"":3}","{""core:boundary_hinge"":2,""core:joiner_square"":3,""core:levy_bread_wrap"":1,""core:muster_roll"":1,""core:return_path_knot"":4,""core:root_binding_cord"":3,""core:scaffold_step"":2,""core:seed_pouch_lining"":2,""core:shock_absorber_pad"":4,""core:wind_seed_flag"":2}","[""core:sheltered_sowing"",""core:sowing_sworddance""]","[{""tick"":0,""evolutionId"":""core:sowing_sworddance"",""baseId"":""core:iron_blade""},{""tick"":1151,""evolutionId"":""core:sheltered_sowing"",""baseId"":""core:seed_bag""}]","{""core:carpenter_hammer"":{""building"":55},""core:hedge_drum"":{""building"":47,""people"":475},""core:muster_horn"":{""people"":1278},""core:seed_bag"":{""land"":39}}","raw/random__C__42.results.json","72fd78ba62e0624f589490bc0003928e2fe8f51344f6537c620c625570589fe8","raw/random__C__42.metrics.json","cecb6e54b5d767e5e13afcb7485953b15d192b1adfc4f76b83280885b19397f6"
"random__C__43","random","C","43","3","21600","true","duration","","68","3","3A2A63BABE027108BAF9E5CEB7A1044937F052D014E60CEFFFC40A64E58A8962","10660","32629","103348","2176","199","22374","12915","0","8","21550","2307","861","0","0","18","15","1","[""core:ember_wand"",""core:harvest_scythe"",""core:iron_blade"",""core:ward_orbit"",""core:muster_horn"",""core:seed_bag""]","[""core:guarded_harvest"",""core:meal_oath"",""core:rally_boundary""]","{""core:guarded_harvest"":12,""core:meal_oath"":13,""core:rally_boundary"":10}","{""core:levy_bread_wrap"":1,""core:meadow_buckle"":3,""core:muster_roll"":3,""core:return_path_knot"":3,""core:root_binding_cord"":3,""core:seed_pouch_lining"":5,""core:wind_seed_flag"":6}","[""core:sowing_sworddance""]","[{""tick"":0,""evolutionId"":""core:sowing_sworddance"",""baseId"":""core:iron_blade""}]","{""core:muster_horn"":{""people"":1806},""core:seed_bag"":{""land"":26}}","raw/random__C__43.results.json","c58d86a03cfc492a3b72c1ed28b6aec8acb5dc42cddc65ed64073fea7ea3e2f6","raw/random__C__43.metrics.json","53becf7264a68b83341ee22b797032a3eab9ea1e03d4b54fa1c82a7f8581a824"
"random__C__44","random","C","44","3","21600","true","duration","","72","3","BCE3658822D013F6CB097FC3B65BF501BB7C2C44673A50787C7886140AB61F68","10549","40824","101032","2356","68","23400","16065","0","16","21600","2316","1071","0","0","11","20","1","[""core:ember_wand"",""core:harvest_scythe"",""core:iron_blade"",""core:ward_orbit"",""core:muster_horn"",""core:seed_bag""]","[""core:guarded_harvest"",""core:meal_oath"",""core:rally_boundary""]","{""core:guarded_harvest"":10,""core:meal_oath"":7,""core:rally_boundary"":6}","{""core:levy_bread_wrap"":3,""core:meadow_buckle"":2,""core:muster_roll"":6,""core:return_path_knot"":2,""core:root_binding_cord"":3,""core:seed_pouch_lining"":2,""core:wind_seed_flag"":4}","[""core:sowing_sworddance""]","[{""tick"":0,""evolutionId"":""core:sowing_sworddance"",""baseId"":""core:iron_blade""}]","{""core:muster_horn"":{""people"":1393},""core:seed_bag"":{""land"":23}}","raw/random__C__44.results.json","bb9f4ad04c11a02885ced409c2fd3dc82ae8b844732905f1592475557650a725","raw/random__C__44.metrics.json","47d60e60b9bbd75cc0e280c1ba6bd63d7458bf95a98674cc7c2fda2ce44f8d16"
"random__C__45","random","C","45","3","21600","true","duration","","77","3","8449983219C748204FE715E4F9CF67CBA1673E080A89C8AF40ECCD5B2ABB00A2","10193","32195","58301","57057","189","24088","13335","8508","1","21600","2420","889","3","3","2","23","1","[""core:ember_wand"",""core:harvest_scythe"",""core:iron_blade"",""core:ward_orbit"",""core:carpenter_hammer"",""core:hedge_drum"",""core:muster_horn"",""core:seed_bag""]","[""core:guarded_harvest"",""core:meal_oath"",""core:rally_boundary"",""core:repair_tithe""]","{""core:guarded_harvest"":10,""core:meal_oath"":14,""core:rally_boundary"":7,""core:repair_tithe"":3}","{""core:boundary_hinge"":1,""core:joiner_square"":1,""core:levy_bread_wrap"":1,""core:meadow_buckle"":1,""core:muster_roll"":1,""core:return_path_knot"":4,""core:root_binding_cord"":3,""core:ruin_keystone"":1,""core:scaffold_step"":4,""core:seed_pouch_lining"":2,""core:shock_absorber_pad"":3,""core:wind_seed_flag"":2}","[""core:sheltered_sowing"",""core:sowing_sworddance""]","[{""tick"":0,""evolutionId"":""core:sowing_sworddance"",""baseId"":""core:iron_blade""},{""tick"":8009,""evolutionId"":""core:sheltered_sowing"",""baseId"":""core:seed_bag""}]","{""core:carpenter_hammer"":{""building"":8},""core:hedge_drum"":{""building"":113,""people"":536},""core:muster_horn"":{""people"":1397},""core:seed_bag"":{""land"":31}}","raw/random__C__45.results.json","6431c6324c9992663a861e10d4217a5e5e590b55c26fdca487da509f23c7fed7","raw/random__C__45.metrics.json","4264755bc97b4c296d2875e81a7aa57a8602a845ebe49803db2861094e140b84"
"random__C__46","random","C","46","3","21600","true","duration","","71","3","FAB73AFCA105AEB4494B5CCC011CBBBE35BB87825A3AD8CA3F40C74E67D05D91","9791","27796","81211","38012","167","23914","12690","2616","0","21573","2368","846","7","7","24","12","1","[""core:ember_wand"",""core:harvest_scythe"",""core:iron_blade"",""core:ward_orbit"",""core:carpenter_hammer"",""core:hedge_drum"",""core:muster_horn"",""core:seed_bag""]","[""core:guarded_harvest"",""core:meal_oath"",""core:rally_boundary"",""core:repair_tithe""]","{""core:guarded_harvest"":9,""core:meal_oath"":8,""core:rally_boundary"":7,""core:repair_tithe"":1}","{""core:joiner_square"":1,""core:meadow_buckle"":3,""core:muster_roll"":3,""core:return_path_knot"":5,""core:root_binding_cord"":1,""core:ruin_keystone"":2,""core:scaffold_step"":4,""core:shock_absorber_pad"":4,""core:wind_seed_flag"":1}","[""core:sheltered_sowing"",""core:sowing_sworddance""]","[{""tick"":0,""evolutionId"":""core:sowing_sworddance"",""baseId"":""core:iron_blade""},{""tick"":2032,""evolutionId"":""core:sheltered_sowing"",""baseId"":""core:seed_bag""}]","{""core:carpenter_hammer"":{""building"":14},""core:hedge_drum"":{""building"":30,""people"":317},""core:muster_horn"":{""people"":2146},""core:seed_bag"":{""land"":18}}","raw/random__C__46.results.json","3ea0df2e86bf631bf43e72f03174f799c86612bfd873872a930549999bf466e5","raw/random__C__46.metrics.json","aa5253ce01ccaa90c63ea93326442c4a1632c8982b1e55b47fa3bbcab3d85883"
"random__C__47","random","C","47","3","21600","true","duration","","75","3","405ABC85772B96AB512074D2A4C7B823D80A43581A7EC80575A15247CACE1D35","9903","33326","53947","60056","256","24016","11325","7740","19","21600","2368","755","1","1","1","11","1","[""core:ember_wand"",""core:harvest_scythe"",""core:iron_blade"",""core:ward_orbit"",""core:carpenter_hammer"",""core:hedge_drum"",""core:muster_horn"",""core:seed_bag""]","[""core:guarded_harvest"",""core:meal_oath"",""core:rally_boundary"",""core:repair_tithe""]","{""core:guarded_harvest"":13,""core:meal_oath"":5,""core:rally_boundary"":6,""core:repair_tithe"":10}","{""core:boundary_hinge"":2,""core:joiner_square"":4,""core:levy_bread_wrap"":1,""core:meadow_buckle"":4,""core:muster_roll"":2,""core:return_path_knot"":2,""core:root_binding_cord"":1,""core:ruin_keystone"":1,""core:scaffold_step"":2,""core:seed_pouch_lining"":2,""core:shock_absorber_pad"":2,""core:wind_seed_flag"":1}","[""core:sheltered_sowing"",""core:sowing_sworddance""]","[{""tick"":0,""evolutionId"":""core:sowing_sworddance"",""baseId"":""core:iron_blade""},{""tick"":457,""evolutionId"":""core:sheltered_sowing"",""baseId"":""core:seed_bag""}]","{""core:carpenter_hammer"":{""building"":65},""core:hedge_drum"":{""building"":39,""people"":290},""core:muster_horn"":{""people"":1445},""core:seed_bag"":{""land"":19}}","raw/random__C__47.results.json","36305029f7beeca99e7a54a6396cb6890950864ce659885a07d5ad17287cb03c","raw/random__C__47.metrics.json","166c7b4156ea44a3cd755f660bb9ca60775db512defa6ae79ea9c7fef05665b6"
"random__C__48","random","C","48","3","21600","true","duration","","86","3","2398310D0AA1FE7E253892079355C7202433A83BCCBF50F5E2DE651842B3B380","10168","48351","55888","58942","8","26500","22590","7560","59","21600","2605","1506","17","17","4","11","1","[""core:ember_wand"",""core:harvest_scythe"",""core:iron_blade"",""core:ward_orbit"",""core:carpenter_hammer"",""core:hedge_drum"",""core:muster_horn"",""core:seed_bag""]","[""core:guarded_harvest"",""core:meal_oath"",""core:rally_boundary"",""core:repair_tithe""]","{""core:guarded_harvest"":5,""core:meal_oath"":17,""core:rally_boundary"":10,""core:repair_tithe"":4}","{""core:boundary_hinge"":3,""core:joiner_square"":1,""core:meadow_buckle"":2,""core:muster_roll"":1,""core:return_path_knot"":1,""core:root_binding_cord"":5,""core:scaffold_step"":3,""core:seed_pouch_lining"":3,""core:shock_absorber_pad"":1,""core:wind_seed_flag"":4}","[""core:sheltered_sowing"",""core:sowing_sworddance""]","[{""tick"":0,""evolutionId"":""core:sowing_sworddance"",""baseId"":""core:iron_blade""},{""tick"":10328,""evolutionId"":""core:sheltered_sowing"",""baseId"":""core:seed_bag""}]","{""core:hedge_drum"":{""building"":72,""people"":557},""core:muster_horn"":{""people"":1401},""core:seed_bag"":{""land"":42}}","raw/random__C__48.results.json","b4b9cd639101ea9f3eb38302cd55d281635a6c0ba63b766b1f35826cbaf7f967","raw/random__C__48.metrics.json","67e67a0171a3fa1dc9a97a21672828356acf91274e24d5f0ecb94458249a6dde"
"random__C__49","random","C","49","3","21600","true","duration","","69","3","94FC5A5280D94AD40E3F7FDBA97912E4D3222501F99E493A1DC27DAEC0288821","11293","34235","84546","24300","1047","23714","12675","0","24","21600","2417","845","0","0","7","25","1","[""core:ember_wand"",""core:harvest_scythe"",""core:iron_blade"",""core:ward_orbit"",""core:muster_horn"",""core:seed_bag""]","[""core:guarded_harvest"",""core:meal_oath"",""core:rally_boundary""]","{""core:guarded_harvest"":6,""core:meal_oath"":12,""core:rally_boundary"":12}","{""core:levy_bread_wrap"":3,""core:meadow_buckle"":4,""core:muster_roll"":5,""core:return_path_knot"":5,""core:root_binding_cord"":4,""core:seed_pouch_lining"":2,""core:wind_seed_flag"":1}","[""core:sowing_sworddance""]","[{""tick"":0,""evolutionId"":""core:sowing_sworddance"",""baseId"":""core:iron_blade""}]","{""core:muster_horn"":{""people"":1648},""core:seed_bag"":{""land"":19}}","raw/random__C__49.results.json","a93805d0c85804fa7659aca29236158f60987547045e352036f3fab815891453","raw/random__C__49.metrics.json","8185b398324b8d4995a49da7815da85cd50102b8ced28ea113139c658a59ddce"
"random__C__50","random","C","50","3","21600","true","duration","","61","3","6F3CDB33C46A5642E790360823E107215D1D3954A0F3BFA5C1C29DB7C9A378BC","14268","46226","75284","11105","3878","22318","6930","0","4","21577","2295","462","0","0","6","20","1","[""core:ember_wand"",""core:harvest_scythe"",""core:iron_blade"",""core:ward_orbit"",""core:muster_horn"",""core:seed_bag""]","[""core:guarded_harvest"",""core:meal_oath"",""core:rally_boundary"",""core:repair_tithe""]","{""core:guarded_harvest"":12,""core:meal_oath"":8,""core:rally_boundary"":2,""core:repair_tithe"":2}","{""core:levy_bread_wrap"":1,""core:meadow_buckle"":3,""core:muster_roll"":1,""core:return_path_knot"":3,""core:root_binding_cord"":6,""core:seed_pouch_lining"":5,""core:wind_seed_flag"":5}","[""core:sowing_sworddance""]","[{""tick"":0,""evolutionId"":""core:sowing_sworddance"",""baseId"":""core:iron_blade""}]","{""core:muster_horn"":{""people"":1848},""core:seed_bag"":{""land"":17}}","raw/random__C__50.results.json","85b9dc5aad10e44285d758141c46aa34ae8191bd0a7fa67370d01f1565480a9f","raw/random__C__50.metrics.json","fe09c78f5058c925ab84ab198228afb615e8195d1ccfcf2baf81a9bda18d3558"
"random__C__51","random","C","51","3","21600","true","duration","","75","3","AA47F253DF15FA65E1BE8799F77B326D52E691943AF2A5619D53C72879C7BD21","9956","26671","56881","60741","248","23432","10485","9228","5","21600","2356","699","5","5","0","20","1","[""core:ember_wand"",""core:harvest_scythe"",""core:iron_blade"",""core:ward_orbit"",""core:carpenter_hammer"",""core:hedge_drum"",""core:muster_horn"",""core:seed_bag""]","[""core:guarded_harvest"",""core:meal_oath"",""core:rally_boundary"",""core:repair_tithe""]","{""core:guarded_harvest"":13,""core:meal_oath"":6,""core:rally_boundary"":9,""core:repair_tithe"":2}","{""core:boundary_hinge"":2,""core:joiner_square"":1,""core:levy_bread_wrap"":2,""core:meadow_buckle"":2,""core:return_path_knot"":4,""core:root_binding_cord"":4,""core:ruin_keystone"":3,""core:scaffold_step"":1,""core:seed_pouch_lining"":1,""core:shock_absorber_pad"":1,""core:wind_seed_flag"":3}","[""core:sheltered_sowing"",""core:sowing_sworddance""]","[{""tick"":0,""evolutionId"":""core:sowing_sworddance"",""baseId"":""core:iron_blade""},{""tick"":2130,""evolutionId"":""core:sheltered_sowing"",""baseId"":""core:seed_bag""}]","{""core:carpenter_hammer"":{""building"":13},""core:hedge_drum"":{""building"":97,""people"":674},""core:muster_horn"":{""people"":1352},""core:seed_bag"":{""land"":26}}","raw/random__C__51.results.json","7a97ca43bd6aef86a201540b2f5ed482336f135adcec868ae843e7015f3de8f6","raw/random__C__51.metrics.json","abc26ac976e5a800057bb6188da95a6599b5ec351f9b5686d8ab2b99ac129c32"
"random__C__52","random","C","52","3","21600","true","duration","","70","3","9B86ABADC43F42C39E84B123F64C08A342E634656EA7775F9A4F066BE066096A","9676","31482","54736","56054","0","23066","7860","6600","1","21272","2289","524","11","10","0","12","1","[""core:ember_wand"",""core:harvest_scythe"",""core:iron_blade"",""core:ward_orbit"",""core:carpenter_hammer"",""core:hedge_drum"",""core:muster_horn"",""core:seed_bag""]","[""core:guarded_harvest"",""core:meal_oath"",""core:rally_boundary"",""core:repair_tithe""]","{""core:guarded_harvest"":7,""core:meal_oath"":7,""core:rally_boundary"":4,""core:repair_tithe"":2}","{""core:boundary_hinge"":2,""core:levy_bread_wrap"":3,""core:meadow_buckle"":1,""core:return_path_knot"":3,""core:root_binding_cord"":4,""core:ruin_keystone"":3,""core:scaffold_step"":1,""core:seed_pouch_lining"":4,""core:shock_absorber_pad"":2,""core:wind_seed_flag"":1}","[""core:sheltered_sowing"",""core:sowing_sworddance""]","[{""tick"":0,""evolutionId"":""core:sowing_sworddance"",""baseId"":""core:iron_blade""},{""tick"":1481,""evolutionId"":""core:sheltered_sowing"",""baseId"":""core:seed_bag""}]","{""core:carpenter_hammer"":{""building"":76},""core:hedge_drum"":{""building"":76,""people"":299},""core:muster_horn"":{""people"":1483},""core:seed_bag"":{""land"":22}}","raw/random__C__52.results.json","6881fe8c935ff483bc238c0e3d59d84907c611f946f7b2453743d16672f011ae","raw/random__C__52.metrics.json","05718b984097d05da7a29c21ada93140ffa17dc7cfcde8b27405fea80f76ae4f"
"random__C__53","random","C","53","3","21600","true","duration","","76","3","1CCA9620A38A7AD74A241AD7D7ED591262D22FD7E77D86D20E660B34ACC826B3","10335","32243","80386","34452","166","23748","16950","4080","43","21063","2450","1130","1","1","18","0","1","[""core:ember_wand"",""core:harvest_scythe"",""core:iron_blade"",""core:ward_orbit"",""core:carpenter_hammer"",""core:hedge_drum"",""core:muster_horn"",""core:seed_bag""]","[""core:guarded_harvest"",""core:meal_oath"",""core:rally_boundary"",""core:repair_tithe""]","{""core:guarded_harvest"":9,""core:meal_oath"":14,""core:rally_boundary"":8,""core:repair_tithe"":3}","{""core:boundary_hinge"":3,""core:joiner_square"":1,""core:levy_bread_wrap"":1,""core:muster_roll"":3,""core:root_binding_cord"":5,""core:ruin_keystone"":3,""core:scaffold_step"":1,""core:seed_pouch_lining"":3,""core:wind_seed_flag"":4}","[""core:sheltered_sowing"",""core:sowing_sworddance""]","[{""tick"":0,""evolutionId"":""core:sowing_sworddance"",""baseId"":""core:iron_blade""},{""tick"":11020,""evolutionId"":""core:sheltered_sowing"",""baseId"":""core:seed_bag""}]","{""core:carpenter_hammer"":{""building"":2},""core:hedge_drum"":{""building"":57,""people"":404},""core:muster_horn"":{""people"":1299},""core:seed_bag"":{""land"":35}}","raw/random__C__53.results.json","17ce1d17d50af882fa72d6de6736cfae7281c470542f645c8b2f3967aa99355e","raw/random__C__53.metrics.json","63bb2e59017ac12970168fd3e6c1464239d687e81c1f1f0575ce49d2c43d11fa"
"random__C__54","random","C","54","3","21600","true","duration","","85","3","C9205A25ACDC1AB74390DDBE7A15A38639C43B636C211F4AD79A4F99214B68F9","10978","31642","68078","63333","179","26674","26655","2064","17","21600","2659","1777","16","16","5","42","1","[""core:ember_wand"",""core:harvest_scythe"",""core:iron_blade"",""core:ward_orbit"",""core:carpenter_hammer"",""core:hedge_drum"",""core:muster_horn"",""core:seed_bag""]","[""core:guarded_harvest"",""core:meal_oath"",""core:rally_boundary"",""core:repair_tithe""]","{""core:guarded_harvest"":2,""core:meal_oath"":15,""core:rally_boundary"":14,""core:repair_tithe"":1}","{""core:boundary_hinge"":1,""core:joiner_square"":4,""core:levy_bread_wrap"":2,""core:meadow_buckle"":2,""core:muster_roll"":3,""core:return_path_knot"":2,""core:root_binding_cord"":3,""core:ruin_keystone"":1,""core:scaffold_step"":3,""core:wind_seed_flag"":2}","[""core:sheltered_sowing"",""core:sowing_sworddance""]","[{""tick"":0,""evolutionId"":""core:sowing_sworddance"",""baseId"":""core:iron_blade""},{""tick"":16749,""evolutionId"":""core:sheltered_sowing"",""baseId"":""core:seed_bag""}]","{""core:hedge_drum"":{""building"":18,""people"":170},""core:muster_horn"":{""people"":2070},""core:seed_bag"":{""land"":32}}","raw/random__C__54.results.json","c7ff85c6bcedc713be48fb936cc7d6393201859c7b2cdc76136a8bc9523d8862","raw/random__C__54.metrics.json","c5e7880d6dd336585fa1477ed2b86558ee8488cdb846d83ddd196b0687f51059"
"random__C__55","random","C","55","3","21600","true","duration","","74","3","CB9532782FB0D3394FD94CBCEDC5AB755344C36DE6A0BC6B401580270963D4E1","9764","22204","71079","51247","81","23522","10905","7932","23","21591","2315","727","0","0","5","15","1","[""core:ember_wand"",""core:harvest_scythe"",""core:iron_blade"",""core:ward_orbit"",""core:carpenter_hammer"",""core:hedge_drum"",""core:muster_horn"",""core:seed_bag""]","[""core:guarded_harvest"",""core:meal_oath"",""core:rally_boundary"",""core:repair_tithe""]","{""core:guarded_harvest"":11,""core:meal_oath"":8,""core:rally_boundary"":6,""core:repair_tithe"":3}","{""core:boundary_hinge"":1,""core:joiner_square"":2,""core:levy_bread_wrap"":2,""core:meadow_buckle"":4,""core:return_path_knot"":5,""core:root_binding_cord"":1,""core:ruin_keystone"":2,""core:scaffold_step"":1,""core:seed_pouch_lining"":2,""core:shock_absorber_pad"":1,""core:wind_seed_flag"":2}","[""core:sheltered_sowing"",""core:sowing_sworddance""]","[{""tick"":0,""evolutionId"":""core:sowing_sworddance"",""baseId"":""core:iron_blade""},{""tick"":6451,""evolutionId"":""core:sheltered_sowing"",""baseId"":""core:seed_bag""}]","{""core:hedge_drum"":{""building"":79,""people"":6},""core:muster_horn"":{""people"":2003},""core:seed_bag"":{""land"":23}}","raw/random__C__55.results.json","f25a5225968a6abb94abe50c1d8763d97f6cb075b046ddbbf04d9cb07ea568bf","raw/random__C__55.metrics.json","49970a3b589444e8881dfb28c0356d01a793fb7ac8016c999f8f04caa332b852"
"random__C__56","random","C","56","3","21600","true","duration","","75","3","6FE6E99D340FA2AB54E91B01AE2F6486135A7DAF37C7404AAE062C7003A47276","10366","30678","59148","57241","262","23882","11580","7452","21","21489","2370","772","16","16","6","11","1","[""core:ember_wand"",""core:harvest_scythe"",""core:iron_blade"",""core:ward_orbit"",""core:carpenter_hammer"",""core:hedge_drum"",""core:muster_horn"",""core:seed_bag""]","[""core:guarded_harvest"",""core:meal_oath"",""core:rally_boundary"",""core:repair_tithe""]","{""core:guarded_harvest"":9,""core:meal_oath"":10,""core:rally_boundary"":7,""core:repair_tithe"":7}","{""core:boundary_hinge"":1,""core:joiner_square"":1,""core:levy_bread_wrap"":3,""core:meadow_buckle"":3,""core:muster_roll"":1,""core:return_path_knot"":1,""core:root_binding_cord"":1,""core:ruin_keystone"":1,""core:scaffold_step"":4,""core:seed_pouch_lining"":1,""core:shock_absorber_pad"":1,""core:wind_seed_flag"":6}","[""core:sheltered_sowing"",""core:sowing_sworddance""]","[{""tick"":0,""evolutionId"":""core:sowing_sworddance"",""baseId"":""core:iron_blade""},{""tick"":1818,""evolutionId"":""core:sheltered_sowing"",""baseId"":""core:seed_bag""}]","{""core:carpenter_hammer"":{""building"":43},""core:hedge_drum"":{""building"":78,""people"":455},""core:muster_horn"":{""people"":1062},""core:seed_bag"":{""land"":27}}","raw/random__C__56.results.json","25224bc874833d6f36927df8bae6aaa67ab7f435782505cde2a298c54026bee2","raw/random__C__56.metrics.json","3e07e3658dd70956229abb0236073ccac2180571647cf978dbafdcf2585edc0c"
"random__C__57","random","C","57","3","21600","true","duration","","80","3","B69A87091F52C7C9A15445FCCFA481081B8E057950556D9AE222838F1680988D","10783","37114","50685","68098","442","25424","15525","8124","2","21600","2528","1035","7","7","10","20","1","[""core:ember_wand"",""core:harvest_scythe"",""core:iron_blade"",""core:ward_orbit"",""core:carpenter_hammer"",""core:hedge_drum"",""core:muster_horn"",""core:seed_bag""]","[""core:guarded_harvest"",""core:meal_oath"",""core:rally_boundary"",""core:repair_tithe""]","{""core:guarded_harvest"":8,""core:meal_oath"":12,""core:rally_boundary"":7,""core:repair_tithe"":10}","{""core:boundary_hinge"":1,""core:levy_bread_wrap"":3,""core:meadow_buckle"":2,""core:muster_roll"":2,""core:return_path_knot"":2,""core:root_binding_cord"":3,""core:ruin_keystone"":1,""core:scaffold_step"":1,""core:seed_pouch_lining"":2,""core:shock_absorber_pad"":3,""core:wind_seed_flag"":3}","[""core:sheltered_sowing"",""core:sowing_sworddance""]","[{""tick"":0,""evolutionId"":""core:sowing_sworddance"",""baseId"":""core:iron_blade""},{""tick"":1200,""evolutionId"":""core:sheltered_sowing"",""baseId"":""core:seed_bag""}]","{""core:carpenter_hammer"":{""building"":28},""core:hedge_drum"":{""building"":35,""people"":509},""core:muster_horn"":{""people"":1144},""core:seed_bag"":{""land"":31}}","raw/random__C__57.results.json","6f9ab78af865456028b305033482ba268bdcab9e5d4ae0f5bdb9d5713a029123","raw/random__C__57.metrics.json","2d2cb49110e8fc40263d19754a4e6db5142a87c8e61d42563442c6be6b06f8e7"
"random__C__58","random","C","58","3","21600","true","duration","","82","3","441F446B8921A8D0A9404792E0F94A8B6F0D9B690120501155AF259B9B278336","9967","26282","52104","74589","16","25018","16140","10512","37","21600","2538","1076","15","15","6","14","1","[""core:ember_wand"",""core:harvest_scythe"",""core:iron_blade"",""core:ward_orbit"",""core:carpenter_hammer"",""core:hedge_drum"",""core:muster_horn"",""core:seed_bag""]","[""core:guarded_harvest"",""core:meal_oath"",""core:rally_boundary"",""core:repair_tithe""]","{""core:guarded_harvest"":17,""core:meal_oath"":7,""core:rally_boundary"":9,""core:repair_tithe"":2}","{""core:joiner_square"":3,""core:levy_bread_wrap"":2,""core:meadow_buckle"":1,""core:muster_roll"":2,""core:return_path_knot"":1,""core:root_binding_cord"":1,""core:ruin_keystone"":5,""core:scaffold_step"":3,""core:seed_pouch_lining"":2,""core:shock_absorber_pad"":2,""core:wind_seed_flag"":2}","[""core:sheltered_sowing"",""core:sowing_sworddance""]","[{""tick"":0,""evolutionId"":""core:sowing_sworddance"",""baseId"":""core:iron_blade""},{""tick"":993,""evolutionId"":""core:sheltered_sowing"",""baseId"":""core:seed_bag""}]","{""core:carpenter_hammer"":{""building"":58},""core:hedge_drum"":{""building"":81,""people"":564},""core:muster_horn"":{""people"":940},""core:seed_bag"":{""land"":48}}","raw/random__C__58.results.json","7cc7005a63afc082341878448505534ac323997738cf7132381a9e07ef1b00a8","raw/random__C__58.metrics.json","b9bae854665dfddfcf85339f324488532efafe2534f1d35fdfb28b88cb109675"
"random__C__59","random","C","59","3","21600","true","duration","","70","3","EA206C891FD879A7A8185570095AF127EAF55AAE51288A8585A91783E4B02A5F","10381","24365","108823","8942","92","23202","14880","0","51","21473","2308","992","0","0","2","34","1","[""core:ember_wand"",""core:harvest_scythe"",""core:iron_blade"",""core:ward_orbit"",""core:muster_horn"",""core:seed_bag""]","[""core:guarded_harvest"",""core:meal_oath"",""core:rally_boundary""]","{""core:guarded_harvest"":8,""core:meal_oath"":12,""core:rally_boundary"":5}","{""core:levy_bread_wrap"":4,""core:meadow_buckle"":3,""core:muster_roll"":2,""core:return_path_knot"":7,""core:root_binding_cord"":4,""core:wind_seed_flag"":4}","[""core:sowing_sworddance""]","[{""tick"":0,""evolutionId"":""core:sowing_sworddance"",""baseId"":""core:iron_blade""}]","{""core:muster_horn"":{""people"":1279},""core:seed_bag"":{""land"":27}}","raw/random__C__59.results.json","6ac4f8f853dc61ea9fe5c8a2e4f280a9643b297315bfa51994b0fbbeed56e0a5","raw/random__C__59.metrics.json","eda34ad2f1f56887a943b2441e5998097fb2b72f6d34057489eab0d4a6e39a41"
"random__C__60","random","C","60","3","21600","true","duration","","75","3","B60D8CEF58AC7A43455BB5FCE1367967BF38A7200B37DC8C3820A21C484C721F","9699","23818","52804","65638","3","22994","8055","12504","1","21600","2258","537","0","0","1","6","1","[""core:ember_wand"",""core:harvest_scythe"",""core:iron_blade"",""core:ward_orbit"",""core:carpenter_hammer"",""core:hedge_drum"",""core:muster_horn"",""core:seed_bag""]","[""core:guarded_harvest"",""core:meal_oath"",""core:rally_boundary"",""core:repair_tithe""]","{""core:guarded_harvest"":4,""core:meal_oath"":7,""core:rally_boundary"":5,""core:repair_tithe"":13}","{""core:joiner_square"":3,""core:levy_bread_wrap"":1,""core:meadow_buckle"":3,""core:muster_roll"":2,""core:return_path_knot"":1,""core:root_binding_cord"":6,""core:ruin_keystone"":1,""core:scaffold_step"":1,""core:seed_pouch_lining"":3,""core:shock_absorber_pad"":3}","[""core:sheltered_sowing"",""core:sowing_sworddance""]","[{""tick"":0,""evolutionId"":""core:sowing_sworddance"",""baseId"":""core:iron_blade""},{""tick"":457,""evolutionId"":""core:sheltered_sowing"",""baseId"":""core:seed_bag""}]","{""core:carpenter_hammer"":{""building"":47},""core:hedge_drum"":{""building"":54,""people"":538},""core:muster_horn"":{""people"":373},""core:seed_bag"":{""land"":16}}","raw/random__C__60.results.json","53554d3391be828ac0598a69e4dda9a1a213f425436b09a69d8c19f05dca9b6f","raw/random__C__60.metrics.json","263877c9e7f687db5827d01e7302770b6d37ad5736e4cc14224a0ccd911495d0"
"random__C__61","random","C","61","3","21600","true","duration","","76","3","B67B5647E5F34D66C670C19CD3BAA964E3A09D45DD734E2715D8F42D15992E3A","9418","28896","64484","47572","0","22910","13665","7368","1","21600","2277","911","8","8","9","3","1","[""core:ember_wand"",""core:harvest_scythe"",""core:iron_blade"",""core:ward_orbit"",""core:carpenter_hammer"",""core:hedge_drum"",""core:muster_horn"",""core:seed_bag""]","[""core:guarded_harvest"",""core:meal_oath"",""core:rally_boundary"",""core:repair_tithe""]","{""core:guarded_harvest"":7,""core:meal_oath"":5,""core:rally_boundary"":6,""core:repair_tithe"":3}","{""core:boundary_hinge"":2,""core:meadow_buckle"":1,""core:muster_roll"":4,""core:return_path_knot"":2,""core:root_binding_cord"":3,""core:ruin_keystone"":2,""core:scaffold_step"":2,""core:seed_pouch_lining"":3,""core:wind_seed_flag"":4}","[""core:sheltered_sowing"",""core:sowing_sworddance""]","[{""tick"":0,""evolutionId"":""core:sowing_sworddance"",""baseId"":""core:iron_blade""},{""tick"":10895,""evolutionId"":""core:sheltered_sowing"",""baseId"":""core:seed_bag""}]","{""core:carpenter_hammer"":{""building"":2},""core:hedge_drum"":{""building"":87,""people"":509},""core:muster_horn"":{""people"":986},""core:seed_bag"":{""land"":14}}","raw/random__C__61.results.json","d9b43b723df2d3ce6e301573f88e8c2af8adba124ed90573d29ed9d609e9b94f","raw/random__C__61.metrics.json","79ce471e0fac75f2bc3ce2183df2aadb1263df99a37765f7f25721d7ea225015"
"random__C__62","random","C","62","3","21600","true","duration","","76","3","440EE8EC438920FAE123EB543AD56EB186A421B6639D5660F201068DA5072CE8","9100","27457","51847","57901","56","22360","13020","9360","6","21600","2287","868","12","8","10","7","1","[""core:ember_wand"",""core:harvest_scythe"",""core:iron_blade"",""core:ward_orbit"",""core:carpenter_hammer"",""core:hedge_drum"",""core:muster_horn"",""core:seed_bag""]","[""core:guarded_harvest"",""core:meal_oath"",""core:rally_boundary"",""core:repair_tithe""]","{""core:guarded_harvest"":5,""core:meal_oath"":6,""core:rally_boundary"":5,""core:repair_tithe"":1}","{""core:joiner_square"":5,""core:meadow_buckle"":2,""core:muster_roll"":3,""core:return_path_knot"":3,""core:root_binding_cord"":1,""core:ruin_keystone"":4,""core:scaffold_step"":2,""core:shock_absorber_pad"":3,""core:wind_seed_flag"":1}","[""core:sheltered_sowing"",""core:sowing_sworddance""]","[{""tick"":0,""evolutionId"":""core:sowing_sworddance"",""baseId"":""core:iron_blade""},{""tick"":4500,""evolutionId"":""core:sheltered_sowing"",""baseId"":""core:seed_bag""}]","{""core:hedge_drum"":{""building"":70,""people"":694},""core:muster_horn"":{""people"":1167},""core:seed_bag"":{""land"":17}}","raw/random__C__62.results.json","b15dbdd46075716e7ce5a71dd0e47ec5838dcd8d69938cec6424888a080d50a0","raw/random__C__62.metrics.json","5088832f6624647ed80c1ab7a900c94bfc9a0764775fddb1a51e9c0542364b4e"
"random__C__63","random","C","63","3","21600","true","duration","","74","3","35D73582AC5CA6F9612DABD764F96D3F0D0A97DC2C245EB8BA706D0CF531F7A7","11318","39790","71283","41837","5048","25742","14040","2052","13","21589","2530","936","2","1","30","4","1","[""core:ember_wand"",""core:harvest_scythe"",""core:iron_blade"",""core:ward_orbit"",""core:hedge_drum"",""core:muster_horn"",""core:seed_bag""]","[""core:guarded_harvest"",""core:meal_oath"",""core:rally_boundary""]","{""core:guarded_harvest"":11,""core:meal_oath"":9,""core:rally_boundary"":7}","{""core:levy_bread_wrap"":1,""core:meadow_buckle"":3,""core:muster_roll"":5,""core:return_path_knot"":4,""core:root_binding_cord"":2,""core:scaffold_step"":1,""core:seed_pouch_lining"":4,""core:wind_seed_flag"":4}","[""core:sowing_sworddance""]","[{""tick"":0,""evolutionId"":""core:sowing_sworddance"",""baseId"":""core:iron_blade""}]","{""core:hedge_drum"":{""building"":54,""people"":337},""core:muster_horn"":{""people"":1360},""core:seed_bag"":{""land"":22}}","raw/random__C__63.results.json","1f8a3c1235aca3cdf98be1e18ddd35c89259987be2c175e02d2eb0c13e35c1ac","raw/random__C__63.metrics.json","0fd439599860975b97043dee69851ecfdbb77087add3f8ac3105f27878ec82dc"
"random__C__64","random","C","64","3","21600","true","duration","","69","3","B66CBF87B55B092FF84F06C46247C2FCDF27E13E44DC592EEE0018B091CB2C06","9298","36908","72660","33992","40","23280","11025","2532","15","21437","2304","735","15","14","2","24","1","[""core:ember_wand"",""core:harvest_scythe"",""core:iron_blade"",""core:ward_orbit"",""core:hedge_drum"",""core:muster_horn"",""core:seed_bag""]","[""core:guarded_harvest"",""core:meal_oath"",""core:rally_boundary"",""core:repair_tithe""]","{""core:guarded_harvest"":9,""core:meal_oath"":8,""core:rally_boundary"":4,""core:repair_tithe"":4}","{""core:levy_bread_wrap"":3,""core:muster_roll"":1,""core:return_path_knot"":3,""core:root_binding_cord"":6,""core:scaffold_step"":2,""core:seed_pouch_lining"":3,""core:wind_seed_flag"":6}","[""core:sowing_sworddance""]","[{""tick"":0,""evolutionId"":""core:sowing_sworddance"",""baseId"":""core:iron_blade""}]","{""core:hedge_drum"":{""building"":69,""people"":69},""core:muster_horn"":{""people"":2029},""core:seed_bag"":{""land"":28}}","raw/random__C__64.results.json","fd06ae883fdab2ffc15689ec38223ba85ac763d911c696acebb5b53588b3dde1","raw/random__C__64.metrics.json","f82434bd1a97c982bb62046b6424877fbf6b0f2f7e8c15e93ccb5b2816ac3f68"
"random__C__65","random","C","65","3","21600","true","duration","","73","3","0744B7B7433CA5601F8F2AA79B4AD82FAFBB2CBF6255F934CD426531967BA415","9880","41198","82834","22741","16","23792","14670","2592","34","21600","2379","978","1","1","2","13","1","[""core:ember_wand"",""core:harvest_scythe"",""core:iron_blade"",""core:ward_orbit"",""core:carpenter_hammer"",""core:hedge_drum"",""core:muster_horn"",""core:seed_bag""]","[""core:guarded_harvest"",""core:meal_oath"",""core:rally_boundary"",""core:repair_tithe""]","{""core:guarded_harvest"":18,""core:meal_oath"":3,""core:rally_boundary"":7,""core:repair_tithe"":4}","{""core:boundary_hinge"":2,""core:levy_bread_wrap"":2,""core:meadow_buckle"":4,""core:muster_roll"":1,""core:return_path_knot"":1,""core:root_binding_cord"":4,""core:seed_pouch_lining"":4,""core:shock_absorber_pad"":1,""core:wind_seed_flag"":4}","[""core:sheltered_sowing"",""core:sowing_sworddance""]","[{""tick"":0,""evolutionId"":""core:sowing_sworddance"",""baseId"":""core:iron_blade""},{""tick"":18878,""evolutionId"":""core:sheltered_sowing"",""baseId"":""core:seed_bag""}]","{""core:carpenter_hammer"":{""building"":1},""core:hedge_drum"":{""building"":58,""people"":245},""core:muster_horn"":{""people"":1798},""core:seed_bag"":{""land"":34}}","raw/random__C__65.results.json","05136e1a9506d652b25db802b604c2c84d6b5f4bf88d696b56a57a467a3bf51a","raw/random__C__65.metrics.json","88a6b0898b1b144dad4676f03ac2d9ed3f75b33709b6dc4f7ce1a8dec4d5a301"
"random__C__66","random","C","66","3","21600","true","duration","","72","3","4391825D0962FA697A1C41BDCF6FA02F57602F228ADD5E56BD8A3F6360B66518","10592","38952","88455","18969","210","23878","15630","0","46","21600","2389","1042","0","0","8","37","1","[""core:ember_wand"",""core:harvest_scythe"",""core:iron_blade"",""core:ward_orbit"",""core:muster_horn"",""core:seed_bag""]","[""core:guarded_harvest"",""core:meal_oath"",""core:rally_boundary""]","{""core:guarded_harvest"":17,""core:meal_oath"":8,""core:rally_boundary"":10}","{""core:levy_bread_wrap"":5,""core:meadow_buckle"":3,""core:muster_roll"":3,""core:return_path_knot"":1,""core:root_binding_cord"":6,""core:seed_pouch_lining"":4,""core:wind_seed_flag"":2}","[""core:sowing_sworddance""]","[{""tick"":0,""evolutionId"":""core:sowing_sworddance"",""baseId"":""core:iron_blade""}]","{""core:muster_horn"":{""people"":1578},""core:seed_bag"":{""land"":28}}","raw/random__C__66.results.json","ef05e7ad12da624f5c47e79043669a9272b017cea4137d2439c109d6090e4bd9","raw/random__C__66.metrics.json","c216a06045a9204d1a98578984d76344442e278fef1624e767f82e609dc1a3b9"
"random__C__67","random","C","67","3","21600","true","duration","","75","3","23078FF3B5C35A917978D5E7A01298C341344295FBE5A67FC2F5E36B486052CF","10192","23261","47994","72275","419","23412","11325","8172","2","21600","2345","755","13","13","1","5","1","[""core:ember_wand"",""core:harvest_scythe"",""core:iron_blade"",""core:ward_orbit"",""core:carpenter_hammer"",""core:hedge_drum"",""core:muster_horn"",""core:seed_bag""]","[""core:guarded_harvest"",""core:meal_oath"",""core:rally_boundary"",""core:repair_tithe""]","{""core:guarded_harvest"":13,""core:meal_oath"":5,""core:rally_boundary"":8,""core:repair_tithe"":8}","{""core:boundary_hinge"":5,""core:joiner_square"":2,""core:levy_bread_wrap"":1,""core:meadow_buckle"":3,""core:muster_roll"":2,""core:return_path_knot"":3,""core:root_binding_cord"":3,""core:ruin_keystone"":1,""core:wind_seed_flag"":3}","[""core:sheltered_sowing"",""core:sowing_sworddance""]","[{""tick"":0,""evolutionId"":""core:sowing_sworddance"",""baseId"":""core:iron_blade""},{""tick"":6900,""evolutionId"":""core:sheltered_sowing"",""baseId"":""core:seed_bag""}]","{""core:carpenter_hammer"":{""building"":3},""core:hedge_drum"":{""building"":86,""people"":568},""core:muster_horn"":{""people"":766},""core:seed_bag"":{""land"":23}}","raw/random__C__67.results.json","db93403f91303b2a0a3521d8612ccc715998084164855c9c848a5e4eee4a7c22","raw/random__C__67.metrics.json","0c9a9e0c2806d3670a5019d92fbe01876b01b9c91484248a1b16847e433866f7"
"random__C__68","random","C","68","3","21600","true","duration","","83","3","2763AF2D06222AB010CC654CCD090DEF6C0B9A333BC55DDC5263A9DA15740E74","10175","25055","61165","73534","31","25918","19275","7908","32","21600","2529","1285","0","0","22","8","1","[""core:ember_wand"",""core:harvest_scythe"",""core:iron_blade"",""core:ward_orbit"",""core:carpenter_hammer"",""core:hedge_drum"",""core:muster_horn"",""core:seed_bag""]","[""core:guarded_harvest"",""core:meal_oath"",""core:rally_boundary"",""core:repair_tithe""]","{""core:guarded_harvest"":19,""core:meal_oath"":10,""core:rally_boundary"":8,""core:repair_tithe"":4}","{""core:boundary_hinge"":1,""core:levy_bread_wrap"":2,""core:meadow_buckle"":1,""core:muster_roll"":3,""core:root_binding_cord"":4,""core:ruin_keystone"":2,""core:scaffold_step"":2,""core:seed_pouch_lining"":3,""core:shock_absorber_pad"":2,""core:wind_seed_flag"":3}","[""core:sheltered_sowing"",""core:sowing_sworddance""]","[{""tick"":0,""evolutionId"":""core:sowing_sworddance"",""baseId"":""core:iron_blade""},{""tick"":2100,""evolutionId"":""core:sheltered_sowing"",""baseId"":""core:seed_bag""}]","{""core:carpenter_hammer"":{""building"":1},""core:hedge_drum"":{""building"":71,""people"":680},""core:muster_horn"":{""people"":1565},""core:seed_bag"":{""land"":30}}","raw/random__C__68.results.json","74371a6d904475111f813084026f2e15ecf22c7c0a3cd65279822ee5ce9c1ba7","raw/random__C__68.metrics.json","0fcd0c1d3767094d6c144d873400e3881dcd1c1f3fb3602ea9238af08cfe6c5a"
"random__C__69","random","C","69","3","21600","true","duration","","67","3","A515340219196EB055995D84EABC9E5030805E9A826B83C52E24C3C80774EBC8","11171","39763","95529","4713","1767","23042","11325","0","0","21581","2309","755","0","0","0","43","1","[""core:ember_wand"",""core:harvest_scythe"",""core:iron_blade"",""core:ward_orbit"",""core:muster_horn"",""core:seed_bag""]","[""core:guarded_harvest"",""core:meal_oath"",""core:rally_boundary""]","{""core:guarded_harvest"":12,""core:meal_oath"":9,""core:rally_boundary"":8}","{""core:levy_bread_wrap"":2,""core:meadow_buckle"":3,""core:return_path_knot"":4,""core:root_binding_cord"":5,""core:seed_pouch_lining"":5,""core:wind_seed_flag"":4}","[""core:sowing_sworddance""]","[{""tick"":0,""evolutionId"":""core:sowing_sworddance"",""baseId"":""core:iron_blade""}]","{""core:muster_horn"":{""people"":1096},""core:seed_bag"":{""land"":34}}","raw/random__C__69.results.json","daf2e0e0b6ffcfb2420bda3069655033802db1f5bd276633f4ff192f3da73b82","raw/random__C__69.metrics.json","bfaef560809287ad681f85048a02e25838c657b1aad145fd3a66d63e0f8f838e"
"random__C__70","random","C","70","3","21600","true","duration","","78","3","B89C728AC66025CB85AB42866322372BD2187B6716DCE854E50D6E99EED554D2","9783","29021","51206","70239","0","24460","11655","11184","1","21590","2451","777","7","6","7","7","1","[""core:ember_wand"",""core:harvest_scythe"",""core:iron_blade"",""core:ward_orbit"",""core:carpenter_hammer"",""core:hedge_drum"",""core:muster_horn"",""core:seed_bag""]","[""core:guarded_harvest"",""core:meal_oath"",""core:rally_boundary"",""core:repair_tithe""]","{""core:guarded_harvest"":17,""core:meal_oath"":11,""core:rally_boundary"":15,""core:repair_tithe"":6}","{""core:boundary_hinge"":1,""core:levy_bread_wrap"":7,""core:meadow_buckle"":1,""core:muster_roll"":3,""core:root_binding_cord"":1,""core:ruin_keystone"":3,""core:scaffold_step"":3,""core:seed_pouch_lining"":1,""core:shock_absorber_pad"":3,""core:wind_seed_flag"":1}","[""core:sheltered_sowing"",""core:sowing_sworddance""]","[{""tick"":0,""evolutionId"":""core:sowing_sworddance"",""baseId"":""core:iron_blade""},{""tick"":5100,""evolutionId"":""core:sheltered_sowing"",""baseId"":""core:seed_bag""}]","{""core:carpenter_hammer"":{""building"":2},""core:hedge_drum"":{""building"":111,""people"":589},""core:muster_horn"":{""people"":814},""core:seed_bag"":{""land"":35}}","raw/random__C__70.results.json","4d799c106514ef4f7f2c0f962824daf86b2bfdf49f9f76dcbe71777516f6b3cc","raw/random__C__70.metrics.json","da33086b30e50d034fcb3c5ea024c6c2152812b3df9b6d862c37ddffa26cd40b"
"random__C__71","random","C","71","3","21600","true","duration","","75","3","D46636D36F4F200EDFE7576121744A3150E049554E1EFA52CE84AFAB576135BD","9519","33709","54202","57831","48","23728","15435","4260","24","21600","2352","1029","7","3","3","8","1","[""core:ember_wand"",""core:harvest_scythe"",""core:iron_blade"",""core:ward_orbit"",""core:carpenter_hammer"",""core:hedge_drum"",""core:muster_horn"",""core:seed_bag""]","[""core:guarded_harvest"",""core:meal_oath"",""core:rally_boundary""]","{""core:guarded_harvest"":5,""core:meal_oath"":12,""core:rally_boundary"":9}","{""core:boundary_hinge"":2,""core:joiner_square"":3,""core:levy_bread_wrap"":1,""core:meadow_buckle"":3,""core:muster_roll"":2,""core:return_path_knot"":1,""core:root_binding_cord"":2,""core:ruin_keystone"":2,""core:scaffold_step"":6,""core:seed_pouch_lining"":1,""core:wind_seed_flag"":1}","[""core:sheltered_sowing"",""core:sowing_sworddance""]","[{""tick"":0,""evolutionId"":""core:sowing_sworddance"",""baseId"":""core:iron_blade""},{""tick"":3014,""evolutionId"":""core:sheltered_sowing"",""baseId"":""core:seed_bag""}]","{""core:carpenter_hammer"":{""building"":1},""core:hedge_drum"":{""building"":72,""people"":505},""core:muster_horn"":{""people"":1059},""core:seed_bag"":{""land"":23}}","raw/random__C__71.results.json","0149c6f81f348da9061417828f0d13773bf2f01c714a42abdc59e781f9fffcb3","raw/random__C__71.metrics.json","ea9440287513969f91a853e80b3e2831460ba8e1aad1920bb18b3d28f180588f"
"random__C__72","random","C","72","3","21600","true","duration","","69","3","966243A1726F050B70F89357607A123E6F46286C7A2BDCEEDA4A04EFABBDA447","10488","37206","93481","13870","429","23618","13590","0","20","21573","2341","906","0","0","10","18","1","[""core:ember_wand"",""core:harvest_scythe"",""core:iron_blade"",""core:ward_orbit"",""core:muster_horn"",""core:seed_bag""]","[""core:guarded_harvest"",""core:meal_oath"",""core:rally_boundary""]","{""core:guarded_harvest"":11,""core:meal_oath"":9,""core:rally_boundary"":14}","{""core:levy_bread_wrap"":1,""core:meadow_buckle"":1,""core:muster_roll"":2,""core:return_path_knot"":3,""core:root_binding_cord"":4,""core:seed_pouch_lining"":4,""core:wind_seed_flag"":8}","[""core:sowing_sworddance""]","[{""tick"":0,""evolutionId"":""core:sowing_sworddance"",""baseId"":""core:iron_blade""}]","{""core:muster_horn"":{""people"":2052},""core:seed_bag"":{""land"":19}}","raw/random__C__72.results.json","50b546d061defeadec12ca7c315f4f6aaa284a17f7f9a8e223f08d6769241837","raw/random__C__72.metrics.json","888ffaac77853d47858658620d1c9e7973f534821d0317775e2014b65def1155"
"random__C__73","random","C","73","3","21600","true","duration","","75","3","4A5C9E9061F59B7B8D4D81EB01A318A3A353A98FCB3FFE195B71082D62C34D25","10039","19226","64909","67801","658","24670","13110","5892","20","21196","2402","874","0","0","14","14","1","[""core:ember_wand"",""core:harvest_scythe"",""core:iron_blade"",""core:ward_orbit"",""core:carpenter_hammer"",""core:hedge_drum"",""core:muster_horn"",""core:seed_bag""]","[""core:guarded_harvest"",""core:meal_oath"",""core:rally_boundary"",""core:repair_tithe""]","{""core:guarded_harvest"":9,""core:meal_oath"":7,""core:rally_boundary"":7,""core:repair_tithe"":2}","{""core:boundary_hinge"":1,""core:joiner_square"":1,""core:meadow_buckle"":4,""core:muster_roll"":3,""core:return_path_knot"":1,""core:root_binding_cord"":4,""core:ruin_keystone"":4,""core:scaffold_step"":2,""core:seed_pouch_lining"":1,""core:shock_absorber_pad"":2,""core:wind_seed_flag"":1}","[""core:sheltered_sowing"",""core:sowing_sworddance""]","[{""tick"":0,""evolutionId"":""core:sowing_sworddance"",""baseId"":""core:iron_blade""},{""tick"":457,""evolutionId"":""core:sheltered_sowing"",""baseId"":""core:seed_bag""}]","{""core:carpenter_hammer"":{""building"":25},""core:hedge_drum"":{""building"":31,""people"":369},""core:muster_horn"":{""people"":1898},""core:seed_bag"":{""land"":22}}","raw/random__C__73.results.json","b78a6c6a56b5a304ebe4f349a14d484462dcb81b16e72e3440dcc3617600c438","raw/random__C__73.metrics.json","415d5e302efe239f48dfcf0821b0495ff4dcceb6801eb553ffa6541b7220e72c"
