"caseId","id","kind","rank"
"building__A__40000","core:harvest_scythe","weapon","4"
"building__A__40000","core:iron_blade","weapon","5"
"building__A__40000","core:levy_banner","weapon","5"
"building__A__40000","core:storm_fork","weapon","6"
"building__A__40000","core:ward_orbit","weapon","2"
"building__A__40001","core:frost_chain","weapon","6"
"building__A__40001","core:iron_blade","weapon","5"
"building__A__40001","core:levy_banner","weapon","4"
"building__A__40001","core:spore_fan","weapon","9"
"building__A__40001","core:ward_orbit","weapon","4"
"building__A__40002","core:ember_wand","weapon","3"
"building__A__40002","core:iron_blade","weapon","3"
"building__A__40002","core:levy_banner","weapon","8"
"building__A__40002","core:storm_fork","weapon","2"
"building__A__40002","core:ward_orbit","weapon","3"
"building__A__40003","core:ember_wand","weapon","5"
"building__A__40003","core:frost_chain","weapon","4"
"building__A__40003","core:harvest_scythe","weapon","3"
"building__A__40003","core:iron_blade","weapon","4"
"building__A__40003","core:spore_fan","weapon","9"
"building__A__40004","core:frost_chain","weapon","5"
"building__A__40004","core:harvest_scythe","weapon","1"
"building__A__40004","core:iron_blade","weapon","7"
"building__A__40004","core:mill_disc","weapon","4"
"building__A__40004","core:spore_fan","weapon","6"
"building__A__40005","core:harvest_scythe","weapon","5"
"building__A__40005","core:iron_blade","weapon","5"
"building__A__40005","core:levy_banner","weapon","9"
"building__A__40005","core:storm_fork","weapon","6"
"building__A__40005","core:ward_orbit","weapon","5"
"building__A__40006","core:frost_chain","weapon","6"
"building__A__40006","core:harvest_scythe","weapon","5"
"building__A__40006","core:iron_blade","weapon","3"
"building__A__40006","core:mill_disc","weapon","4"
"building__A__40006","core:storm_fork","weapon","4"
"building__A__40007","core:harvest_scythe","weapon","7"
"building__A__40007","core:iron_blade","weapon","4"
"building__A__40007","core:levy_banner","weapon","7"
"building__A__40007","core:spore_fan","weapon","4"
"building__A__40007","core:storm_fork","weapon","6"
"building__A__40008","core:frost_chain","weapon","4"
"building__A__40008","core:harvest_scythe","weapon","4"
"building__A__40008","core:iron_blade","weapon","7"
"building__A__40008","core:mill_disc","weapon","6"
"building__A__40008","core:storm_fork","weapon","4"
"building__A__40009","core:ember_wand","weapon","5"
"building__A__40009","core:frost_chain","weapon","2"
"building__A__40009","core:iron_blade","weapon","6"
"building__A__40009","core:spore_fan","weapon","6"
"building__A__40009","core:ward_orbit","weapon","3"
"building__A__40010","core:harvest_scythe","weapon","4"
"building__A__40010","core:iron_blade","weapon","5"
"building__A__40010","core:levy_banner","weapon","7"
"building__A__40010","core:mill_disc","weapon","7"
"building__A__40010","core:storm_fork","weapon","2"
"building__A__40011","core:frost_chain","weapon","4"
"building__A__40011","core:iron_blade","weapon","8"
"building__A__40011","core:levy_banner","weapon","9"
"building__A__40011","core:spore_fan","weapon","5"
"building__A__40011","core:storm_fork","weapon","2"
"building__A__40012","core:canal_bow","weapon","2"
"building__A__40012","core:iron_blade","weapon","5"
"building__A__40012","core:levy_banner","weapon","3"
"building__A__40012","core:mill_disc","weapon","3"
"building__A__40012","core:ward_orbit","weapon","8"
"building__A__40013","core:ember_wand","weapon","5"
"building__A__40013","core:harvest_scythe","weapon","4"
"building__A__40013","core:iron_blade","weapon","4"
"building__A__40013","core:spore_fan","weapon","4"
"building__A__40013","core:storm_fork","weapon","6"
"building__A__40014","core:harvest_scythe","weapon","1"
"building__A__40014","core:iron_blade","weapon","8"
"building__A__40014","core:mill_disc","weapon","4"
"building__A__40014","core:spore_fan","weapon","3"
"building__A__40014","core:storm_fork","weapon","2"
"building__A__40015","core:canal_bow","weapon","6"
"building__A__40015","core:frost_chain","weapon","4"
"building__A__40015","core:iron_blade","weapon","6"
"building__A__40015","core:levy_banner","weapon","10"
"building__A__40015","core:spore_fan","weapon","7"
"building__A__40016","core:ember_wand","weapon","7"
"building__A__40016","core:harvest_scythe","weapon","4"
"building__A__40016","core:iron_blade","weapon","5"
"building__A__40016","core:storm_fork","weapon","6"
"building__A__40016","core:ward_orbit","weapon","4"
"building__A__40017","core:canal_bow","weapon","2"
"building__A__40017","core:iron_blade","weapon","7"
"building__A__40017","core:mill_disc","weapon","3"
"building__A__40017","core:spore_fan","weapon","7"
"building__A__40017","core:storm_fork","weapon","3"
"building__A__40018","core:ember_wand","weapon","5"
"building__A__40018","core:harvest_scythe","weapon","6"
"building__A__40018","core:iron_blade","weapon","6"
"building__A__40018","core:levy_banner","weapon","5"
"building__A__40018","core:storm_fork","weapon","1"
"building__A__40019","core:ember_wand","weapon","2"
"building__A__40019","core:harvest_scythe","weapon","5"
"building__A__40019","core:iron_blade","weapon","10"
"building__A__40019","core:storm_fork","weapon","1"
"building__A__40019","core:ward_orbit","weapon","5"
"building__A__40020","core:ember_wand","weapon","4"
"building__A__40020","core:harvest_scythe","weapon","4"
"building__A__40020","core:iron_blade","weapon","9"
"building__A__40020","core:levy_banner","weapon","5"
"building__A__40020","core:mill_disc","weapon","4"
"building__A__40021","core:canal_bow","weapon","9"
"building__A__40021","core:frost_chain","weapon","9"
"building__A__40021","core:iron_blade","weapon","4"
"building__A__40021","core:spore_fan","weapon","5"
"building__A__40021","core:storm_fork","weapon","2"
"building__A__40022","core:harvest_scythe","weapon","2"
"building__A__40022","core:iron_blade","weapon","3"
"building__A__40022","core:spore_fan","weapon","5"
"building__A__40022","core:storm_fork","weapon","6"
"building__A__40022","core:ward_orbit","weapon","4"
"building__A__40023","core:ember_wand","weapon","3"
"building__A__40023","core:harvest_scythe","weapon","3"
"building__A__40023","core:iron_blade","weapon","3"
"building__A__40023","core:levy_banner","weapon","8"
"building__A__40023","core:storm_fork","weapon","4"
"building__A__40024","core:canal_bow","weapon","4"
"building__A__40024","core:ember_wand","weapon","6"
"building__A__40024","core:iron_blade","weapon","5"
"building__A__40024","core:spore_fan","weapon","2"
"building__A__40024","core:ward_orbit","weapon","6"
"building__A__40025","core:ember_wand","weapon","2"
"building__A__40025","core:frost_chain","weapon","2"
"building__A__40025","core:iron_blade","weapon","4"
"building__A__40025","core:mill_disc","weapon","1"
"building__A__40025","core:spore_fan","weapon","9"
"building__A__40026","core:frost_chain","weapon","2"
"building__A__40026","core:iron_blade","weapon","8"
"building__A__40026","core:levy_banner","weapon","5"
"building__A__40026","core:mill_disc","weapon","7"
"building__A__40026","core:ward_orbit","weapon","3"
"building__A__40027","core:ember_wand","weapon","5"
"building__A__40027","core:harvest_scythe","weapon","2"
"building__A__40027","core:iron_blade","weapon","4"
"building__A__40027","core:spore_fan","weapon","3"
"building__A__40027","core:storm_fork","weapon","4"
"building__A__40028","core:frost_chain","weapon","5"
"building__A__40028","core:iron_blade","weapon","5"
"building__A__40028","core:levy_banner","weapon","3"
"building__A__40028","core:mill_disc","weapon","2"
"building__A__40028","core:spore_fan","weapon","4"
"building__A__40029","core:ember_wand","weapon","2"
"building__A__40029","core:iron_blade","weapon","2"
"building__A__40029","core:mill_disc","weapon","7"
"building__A__40029","core:spore_fan","weapon","6"
"building__A__40029","core:storm_fork","weapon","5"
"building__A__40030","core:frost_chain","weapon","6"
"building__A__40030","core:iron_blade","weapon","3"
"building__A__40030","core:levy_banner","weapon","4"
"building__A__40030","core:mill_disc","weapon","10"
"building__A__40030","core:spore_fan","weapon","7"
"building__A__40031","core:harvest_scythe","weapon","9"
"building__A__40031","core:iron_blade","weapon","3"
"building__A__40031","core:levy_banner","weapon","6"
"building__A__40031","core:spore_fan","weapon","1"
"building__A__40031","core:storm_fork","weapon","4"
"building__B__40000","core:frost_chain","weapon","4"
"building__B__40000","core:harvest_scythe","weapon","2"
"building__B__40000","core:iron_blade","weapon","3"
"building__B__40000","core:spore_fan","weapon","6"
"building__B__40000","core:ward_orbit","weapon","3"
"building__B__40001","core:frost_chain","weapon","8"
"building__B__40001","core:iron_blade","weapon","2"
"building__B__40001","core:levy_banner","weapon","3"
"building__B__40001","core:spore_fan","weapon","6"
"building__B__40001","core:ward_orbit","weapon","2"
"building__B__40002","core:ember_wand","weapon","4"
"building__B__40002","core:iron_blade","weapon","5"
"building__B__40002","core:levy_banner","weapon","5"
"building__B__40002","core:storm_fork","weapon","2"
"building__B__40002","core:ward_orbit","weapon","2"
"building__B__40003","core:ember_wand","weapon","2"
"building__B__40003","core:frost_chain","weapon","3"
"building__B__40003","core:harvest_scythe","weapon","12"
"building__B__40003","core:iron_blade","weapon","4"
"building__B__40003","core:ward_orbit","weapon","6"
"building__B__40004","core:iron_blade","weapon","3"
"building__B__40004","core:levy_banner","weapon","5"
"building__B__40004","core:mill_disc","weapon","7"
"building__B__40004","core:spore_fan","weapon","1"
"building__B__40004","core:ward_orbit","weapon","11"
"building__B__40005","core:harvest_scythe","weapon","2"
"building__B__40005","core:iron_blade","weapon","5"
"building__B__40005","core:levy_banner","weapon","12"
"building__B__40005","core:storm_fork","weapon","4"
"building__B__40005","core:ward_orbit","weapon","6"
"building__B__40006","core:frost_chain","weapon","3"
"building__B__40006","core:iron_blade","weapon","6"
"building__B__40006","core:levy_banner","weapon","2"
"building__B__40006","core:mill_disc","weapon","6"
"building__B__40006","core:spore_fan","weapon","5"
"building__B__40007","core:harvest_scythe","weapon","7"
"building__B__40007","core:iron_blade","weapon","3"
"building__B__40007","core:levy_banner","weapon","4"
"building__B__40007","core:spore_fan","weapon","4"
"building__B__40007","core:storm_fork","weapon","10"
"building__B__40008","core:ember_wand","weapon","12"
"building__B__40008","core:frost_chain","weapon","6"
"building__B__40008","core:iron_blade","weapon","2"
"building__B__40008","core:levy_banner","weapon","5"
"building__B__40008","core:spore_fan","weapon","8"
"building__B__40009","core:canal_bow","weapon","8"
"building__B__40009","core:iron_blade","weapon","5"
"building__B__40009","core:mill_disc","weapon","11"
"building__B__40009","core:storm_fork","weapon","3"
"building__B__40009","core:ward_orbit","weapon","7"
"building__B__40010","core:harvest_scythe","weapon","4"
"building__B__40010","core:iron_blade","weapon","5"
"building__B__40010","core:levy_banner","weapon","7"
"building__B__40010","core:mill_disc","weapon","7"
"building__B__40010","core:storm_fork","weapon","2"
"building__B__40011","core:frost_chain","weapon","4"
"building__B__40011","core:iron_blade","weapon","4"
"building__B__40011","core:levy_banner","weapon","5"
"building__B__40011","core:mill_disc","weapon","4"
"building__B__40011","core:storm_fork","weapon","6"
"building__B__40012","core:canal_bow","weapon","3"
"building__B__40012","core:iron_blade","weapon","5"
"building__B__40012","core:levy_banner","weapon","12"
"building__B__40012","core:mill_disc","weapon","2"
"building__B__40012","core:ward_orbit","weapon","7"
"building__B__40013","core:frost_chain","weapon","5"
"building__B__40013","core:harvest_scythe","weapon","4"
"building__B__40013","core:iron_blade","weapon","5"
"building__B__40013","core:spore_fan","weapon","5"
"building__B__40013","core:storm_fork","weapon","8"
"building__B__40014","core:harvest_scythe","weapon","1"
"building__B__40014","core:iron_blade","weapon","6"
"building__B__40014","core:mill_disc","weapon","5"
"building__B__40014","core:spore_fan","weapon","10"
"building__B__40014","core:storm_fork","weapon","3"
"building__B__40015","core:canal_bow","weapon","6"
"building__B__40015","core:frost_chain","weapon","4"
"building__B__40015","core:iron_blade","weapon","6"
"building__B__40015","core:levy_banner","weapon","10"
"building__B__40015","core:spore_fan","weapon","7"
"building__B__40016","core:ember_wand","weapon","3"
"building__B__40016","core:harvest_scythe","weapon","6"
"building__B__40016","core:iron_blade","weapon","10"
"building__B__40016","core:storm_fork","weapon","7"
"building__B__40016","core:ward_orbit","weapon","4"
"building__B__40017","core:canal_bow","weapon","2"
"building__B__40017","core:iron_blade","weapon","10"
"building__B__40017","core:mill_disc","weapon","6"
"building__B__40017","core:spore_fan","weapon","10"
"building__B__40017","core:storm_fork","weapon","5"
"building__B__40018","core:harvest_scythe","weapon","6"
"building__B__40018","core:iron_blade","weapon","7"
"building__B__40018","core:levy_banner","weapon","9"
"building__B__40018","core:spore_fan","weapon","4"
"building__B__40018","core:storm_fork","weapon","6"
"building__B__40019","core:ember_wand","weapon","4"
"building__B__40019","core:harvest_scythe","weapon","5"
"building__B__40019","core:iron_blade","weapon","2"
"building__B__40019","core:storm_fork","weapon","4"
"building__B__40019","core:ward_orbit","weapon","7"
"building__B__40020","core:ember_wand","weapon","2"
"building__B__40020","core:harvest_scythe","weapon","7"
"building__B__40020","core:iron_blade","weapon","12"
"building__B__40020","core:levy_banner","weapon","5"
"building__B__40020","core:mill_disc","weapon","4"
"building__B__40021","core:canal_bow","weapon","4"
"building__B__40021","core:ember_wand","weapon","4"
"building__B__40021","core:frost_chain","weapon","5"
"building__B__40021","core:iron_blade","weapon","6"
"building__B__40021","core:storm_fork","weapon","4"
"building__B__40022","core:harvest_scythe","weapon","2"
"building__B__40022","core:iron_blade","weapon","3"
"building__B__40022","core:spore_fan","weapon","3"
"building__B__40022","core:storm_fork","weapon","3"
"building__B__40022","core:ward_orbit","weapon","7"
"building__B__40023","core:canal_bow","weapon","2"
"building__B__40023","core:frost_chain","weapon","6"
"building__B__40023","core:iron_blade","weapon","8"
"building__B__40023","core:spore_fan","weapon","2"
"building__B__40023","core:storm_fork","weapon","4"
"building__B__40024","core:canal_bow","weapon","5"
"building__B__40024","core:harvest_scythe","weapon","7"
"building__B__40024","core:iron_blade","weapon","9"
"building__B__40024","core:spore_fan","weapon","2"
"building__B__40024","core:ward_orbit","weapon","5"
"building__B__40025","core:ember_wand","weapon","4"
"building__B__40025","core:frost_chain","weapon","5"
"building__B__40025","core:iron_blade","weapon","4"
"building__B__40025","core:mill_disc","weapon","7"
"building__B__40025","core:spore_fan","weapon","4"
"building__B__40026","core:frost_chain","weapon","6"
"building__B__40026","core:iron_blade","weapon","1"
"building__B__40026","core:levy_banner","weapon","5"
"building__B__40026","core:mill_disc","weapon","6"
"building__B__40026","core:ward_orbit","weapon","8"
"building__B__40027","core:canal_bow","weapon","1"
"building__B__40027","core:harvest_scythe","weapon","4"
"building__B__40027","core:iron_blade","weapon","6"
"building__B__40027","core:mill_disc","weapon","3"
"building__B__40027","core:spore_fan","weapon","1"
"building__B__40028","core:frost_chain","weapon","4"
"building__B__40028","core:iron_blade","weapon","7"
"building__B__40028","core:levy_banner","weapon","4"
"building__B__40028","core:mill_disc","weapon","4"
"building__B__40028","core:spore_fan","weapon","4"
"building__B__40029","core:ember_wand","weapon","10"
"building__B__40029","core:iron_blade","weapon","4"
"building__B__40029","core:mill_disc","weapon","6"
"building__B__40029","core:spore_fan","weapon","4"
"building__B__40029","core:storm_fork","weapon","5"
"building__B__40030","core:frost_chain","weapon","5"
"building__B__40030","core:iron_blade","weapon","5"
"building__B__40030","core:levy_banner","weapon","4"
"building__B__40030","core:mill_disc","weapon","4"
"building__B__40030","core:spore_fan","weapon","5"
"building__B__40031","core:canal_bow","weapon","4"
"building__B__40031","core:harvest_scythe","weapon","4"
"building__B__40031","core:iron_blade","weapon","4"
"building__B__40031","core:levy_banner","weapon","5"
"building__B__40031","core:spore_fan","weapon","5"
"building__C__40000","core:frost_chain","weapon","3"
"building__C__40000","core:harvest_scythe","weapon","2"
"building__C__40000","core:iron_blade","weapon","6"
"building__C__40000","core:spore_fan","weapon","5"
"building__C__40000","core:ward_orbit","weapon","4"
"building__C__40001","core:frost_chain","weapon","7"
"building__C__40001","core:iron_blade","weapon","8"
"building__C__40001","core:levy_banner","weapon","8"
"building__C__40001","core:spore_fan","weapon","4"
"building__C__40001","core:ward_orbit","weapon","4"
"building__C__40002","core:ember_wand","weapon","5"
"building__C__40002","core:iron_blade","weapon","3"
"building__C__40002","core:levy_banner","weapon","2"
"building__C__40002","core:storm_fork","weapon","5"
"building__C__40002","core:ward_orbit","weapon","5"
"building__C__40003","core:ember_wand","weapon","4"
"building__C__40003","core:frost_chain","weapon","7"
"building__C__40003","core:iron_blade","weapon","5"
"building__C__40003","core:mill_disc","weapon","2"
"building__C__40003","core:storm_fork","weapon","4"
"building__C__40004","core:harvest_scythe","weapon","5"
"building__C__40004","core:iron_blade","weapon","3"
"building__C__40004","core:levy_banner","weapon","3"
"building__C__40004","core:mill_disc","weapon","7"
"building__C__40004","core:spore_fan","weapon","1"
"building__C__40005","core:harvest_scythe","weapon","5"
"building__C__40005","core:iron_blade","weapon","6"
"building__C__40005","core:levy_banner","weapon","9"
"building__C__40005","core:storm_fork","weapon","4"
"building__C__40005","core:ward_orbit","weapon","5"
"building__C__40006","core:canal_bow","weapon","3"
"building__C__40006","core:ember_wand","weapon","8"
"building__C__40006","core:frost_chain","weapon","5"
"building__C__40006","core:iron_blade","weapon","4"
"building__C__40006","core:mill_disc","weapon","8"
"building__C__40007","core:harvest_scythe","weapon","4"
"building__C__40007","core:iron_blade","weapon","3"
"building__C__40007","core:levy_banner","weapon","6"
"building__C__40007","core:spore_fan","weapon","6"
"building__C__40007","core:storm_fork","weapon","10"
"building__C__40008","core:ember_wand","weapon","2"
"building__C__40008","core:frost_chain","weapon","4"
"building__C__40008","core:iron_blade","weapon","1"
"building__C__40008","core:levy_banner","weapon","9"
"building__C__40008","core:spore_fan","weapon","5"
"building__C__40009","core:ember_wand","weapon","2"
"building__C__40009","core:frost_chain","weapon","1"
"building__C__40009","core:iron_blade","weapon","4"
"building__C__40009","core:spore_fan","weapon","5"
"building__C__40009","core:ward_orbit","weapon","7"
"building__C__40010","core:harvest_scythe","weapon","4"
"building__C__40010","core:iron_blade","weapon","5"
"building__C__40010","core:levy_banner","weapon","7"
"building__C__40010","core:mill_disc","weapon","7"
"building__C__40010","core:storm_fork","weapon","2"
"building__C__40011","core:canal_bow","weapon","6"
"building__C__40011","core:frost_chain","weapon","5"
"building__C__40011","core:iron_blade","weapon","4"
"building__C__40011","core:levy_banner","weapon","8"
"building__C__40011","core:storm_fork","weapon","5"
"building__C__40012","core:canal_bow","weapon","1"
"building__C__40012","core:iron_blade","weapon","2"
"building__C__40012","core:levy_banner","weapon","3"
"building__C__40012","core:mill_disc","weapon","4"
"building__C__40012","core:ward_orbit","weapon","6"
"building__C__40013","core:iron_blade","weapon","4"
"building__C__40013","core:levy_banner","weapon","10"
"building__C__40013","core:spore_fan","weapon","6"
"building__C__40013","core:storm_fork","weapon","4"
"building__C__40013","core:ward_orbit","weapon","3"
"building__C__40014","core:harvest_scythe","weapon","3"
"building__C__40014","core:iron_blade","weapon","6"
"building__C__40014","core:mill_disc","weapon","6"
"building__C__40014","core:spore_fan","weapon","4"
"building__C__40014","core:storm_fork","weapon","5"
"building__C__40015","core:canal_bow","weapon","6"
"building__C__40015","core:frost_chain","weapon","4"
"building__C__40015","core:iron_blade","weapon","6"
"building__C__40015","core:levy_banner","weapon","10"
"building__C__40015","core:spore_fan","weapon","7"
"building__C__40016","core:ember_wand","weapon","5"
"building__C__40016","core:harvest_scythe","weapon","2"
"building__C__40016","core:iron_blade","weapon","5"
"building__C__40016","core:storm_fork","weapon","6"
"building__C__40016","core:ward_orbit","weapon","4"
"building__C__40017","core:canal_bow","weapon","3"
"building__C__40017","core:iron_blade","weapon","5"
"building__C__40017","core:mill_disc","weapon","5"
"building__C__40017","core:spore_fan","weapon","11"
"building__C__40017","core:storm_fork","weapon","3"
"building__C__40018","core:ember_wand","weapon","2"
"building__C__40018","core:harvest_scythe","weapon","2"
"building__C__40018","core:iron_blade","weapon","4"
"building__C__40018","core:levy_banner","weapon","10"
"building__C__40018","core:ward_orbit","weapon","4"
"building__C__40019","core:ember_wand","weapon","2"
"building__C__40019","core:harvest_scythe","weapon","3"
"building__C__40019","core:iron_blade","weapon","1"
"building__C__40019","core:storm_fork","weapon","8"
"building__C__40019","core:ward_orbit","weapon","7"
"building__C__40020","core:ember_wand","weapon","6"
"building__C__40020","core:harvest_scythe","weapon","4"
"building__C__40020","core:iron_blade","weapon","9"
"building__C__40020","core:levy_banner","weapon","5"
"building__C__40020","core:mill_disc","weapon","8"
"building__C__40021","core:canal_bow","weapon","6"
"building__C__40021","core:frost_chain","weapon","5"
"building__C__40021","core:iron_blade","weapon","5"
"building__C__40021","core:levy_banner","weapon","6"
"building__C__40021","core:storm_fork","weapon","7"
"building__C__40022","core:harvest_scythe","weapon","10"
"building__C__40022","core:iron_blade","weapon","4"
"building__C__40022","core:spore_fan","weapon","5"
"building__C__40022","core:storm_fork","weapon","8"
"building__C__40022","core:ward_orbit","weapon","5"
"building__C__40023","core:ember_wand","weapon","3"
"building__C__40023","core:frost_chain","weapon","1"
"building__C__40023","core:iron_blade","weapon","7"
"building__C__40023","core:spore_fan","weapon","6"
"building__C__40023","core:storm_fork","weapon","6"
"building__C__40024","core:canal_bow","weapon","7"
"building__C__40024","core:ember_wand","weapon","5"
"building__C__40024","core:iron_blade","weapon","6"
"building__C__40024","core:spore_fan","weapon","5"
"building__C__40024","core:storm_fork","weapon","4"
"building__C__40025","core:ember_wand","weapon","5"
"building__C__40025","core:frost_chain","weapon","2"
"building__C__40025","core:iron_blade","weapon","6"
"building__C__40025","core:mill_disc","weapon","7"
"building__C__40025","core:spore_fan","weapon","9"
"building__C__40026","core:frost_chain","weapon","4"
"building__C__40026","core:iron_blade","weapon","3"
"building__C__40026","core:levy_banner","weapon","4"
"building__C__40026","core:spore_fan","weapon","3"
"building__C__40026","core:ward_orbit","weapon","5"
"building__C__40027","core:ember_wand","weapon","8"
"building__C__40027","core:harvest_scythe","weapon","8"
"building__C__40027","core:iron_blade","weapon","2"
"building__C__40027","core:spore_fan","weapon","4"
"building__C__40027","core:storm_fork","weapon","8"
"building__C__40028","core:frost_chain","weapon","2"
"building__C__40028","core:iron_blade","weapon","6"
"building__C__40028","core:levy_banner","weapon","3"
"building__C__40028","core:mill_disc","weapon","4"
"building__C__40028","core:spore_fan","weapon","4"
"building__C__40029","core:ember_wand","weapon","4"
"building__C__40029","core:iron_blade","weapon","6"
"building__C__40029","core:mill_disc","weapon","2"
"building__C__40029","core:spore_fan","weapon","8"
"building__C__40029","core:storm_fork","weapon","5"
"building__C__40030","core:frost_chain","weapon","6"
"building__C__40030","core:iron_blade","weapon","4"
"building__C__40030","core:levy_banner","weapon","4"
"building__C__40030","core:mill_disc","weapon","3"
"building__C__40030","core:spore_fan","weapon","4"
"building__C__40031","core:frost_chain","weapon","1"
"building__C__40031","core:harvest_scythe","weapon","4"
"building__C__40031","core:iron_blade","weapon","4"
"building__C__40031","core:levy_banner","weapon","4"
"building__C__40031","core:spore_fan","weapon","9"
"land__A__40000","core:harvest_scythe","weapon","3"
"land__A__40000","core:iron_blade","weapon","8"
"land__A__40000","core:levy_banner","weapon","3"
"land__A__40000","core:spore_fan","weapon","3"
"land__A__40000","core:storm_fork","weapon","1"
"land__A__40001","core:canal_bow","weapon","3"
"land__A__40001","core:frost_chain","weapon","5"
"land__A__40001","core:iron_blade","weapon","6"
"land__A__40001","core:spore_fan","weapon","2"
"land__A__40001","core:storm_fork","weapon","4"
"land__A__40002","core:ember_wand","weapon","3"
"land__A__40002","core:harvest_scythe","weapon","6"
"land__A__40002","core:iron_blade","weapon","1"
"land__A__40002","core:levy_banner","weapon","2"
"land__A__40002","core:storm_fork","weapon","3"
"land__A__40003","core:ember_wand","weapon","7"
"land__A__40003","core:frost_chain","weapon","5"
"land__A__40003","core:iron_blade","weapon","5"
"land__A__40003","core:levy_banner","weapon","6"
"land__A__40003","core:storm_fork","weapon","4"
"land__A__40004","core:frost_chain","weapon","3"
"land__A__40004","core:harvest_scythe","weapon","3"
"land__A__40004","core:iron_blade","weapon","6"
"land__A__40004","core:mill_disc","weapon","6"
"land__A__40004","core:spore_fan","weapon","3"
"land__A__40005","core:frost_chain","weapon","5"
"land__A__40005","core:harvest_scythe","weapon","3"
"land__A__40005","core:iron_blade","weapon","8"
"land__A__40005","core:levy_banner","weapon","7"
"land__A__40005","core:ward_orbit","weapon","5"
"land__A__40006","core:ember_wand","weapon","8"
"land__A__40006","core:frost_chain","weapon","5"
"land__A__40006","core:iron_blade","weapon","1"
"land__A__40006","core:spore_fan","weapon","2"
"land__A__40006","core:ward_orbit","weapon","5"
"land__A__40007","core:iron_blade","weapon","6"
"land__A__40007","core:levy_banner","weapon","4"
"land__A__40007","core:mill_disc","weapon","4"
"land__A__40007","core:storm_fork","weapon","4"
"land__A__40007","core:ward_orbit","weapon","2"
"land__A__40008","core:canal_bow","weapon","2"
"land__A__40008","core:iron_blade","weapon","5"
"land__A__40008","core:spore_fan","weapon","3"
"land__A__40008","core:storm_fork","weapon","3"
"land__A__40008","core:ward_orbit","weapon","8"
"land__A__40009","core:ember_wand","weapon","6"
"land__A__40009","core:frost_chain","weapon","2"
"land__A__40009","core:iron_blade","weapon","1"
"land__A__40009","core:spore_fan","weapon","3"
"land__A__40009","core:ward_orbit","weapon","3"
"land__A__40010","core:canal_bow","weapon","3"
"land__A__40010","core:ember_wand","weapon","5"
"land__A__40010","core:iron_blade","weapon","2"
"land__A__40010","core:spore_fan","weapon","3"
"land__A__40010","core:storm_fork","weapon","2"
"land__A__40011","core:ember_wand","weapon","7"
"land__A__40011","core:harvest_scythe","weapon","5"
"land__A__40011","core:iron_blade","weapon","3"
"land__A__40011","core:mill_disc","weapon","8"
"land__A__40011","core:storm_fork","weapon","2"
"land__A__40012","core:canal_bow","weapon","6"
"land__A__40012","core:frost_chain","weapon","3"
"land__A__40012","core:harvest_scythe","weapon","2"
"land__A__40012","core:iron_blade","weapon","2"
"land__A__40012","core:storm_fork","weapon","3"
"land__A__40013","core:frost_chain","weapon","4"
"land__A__40013","core:iron_blade","weapon","3"
"land__A__40013","core:mill_disc","weapon","6"
"land__A__40013","core:spore_fan","weapon","5"
"land__A__40013","core:storm_fork","weapon","5"
"land__A__40014","core:ember_wand","weapon","4"
"land__A__40014","core:frost_chain","weapon","7"
"land__A__40014","core:iron_blade","weapon","10"
"land__A__40014","core:spore_fan","weapon","4"
"land__A__40014","core:storm_fork","weapon","3"
"land__A__40015","core:canal_bow","weapon","4"
"land__A__40015","core:ember_wand","weapon","2"
"land__A__40015","core:iron_blade","weapon","3"
"land__A__40015","core:spore_fan","weapon","3"
"land__A__40015","core:ward_orbit","weapon","4"
"land__A__40016","core:harvest_scythe","weapon","6"
"land__A__40016","core:iron_blade","weapon","1"
"land__A__40016","core:spore_fan","weapon","4"
"land__A__40016","core:storm_fork","weapon","4"
"land__A__40016","core:ward_orbit","weapon","4"
"land__A__40017","core:canal_bow","weapon","10"
"land__A__40017","core:ember_wand","weapon","2"
"land__A__40017","core:iron_blade","weapon","5"
"land__A__40017","core:spore_fan","weapon","6"
"land__A__40017","core:storm_fork","weapon","9"
"land__A__40018","core:harvest_scythe","weapon","4"
"land__A__40018","core:iron_blade","weapon","5"
"land__A__40018","core:levy_banner","weapon","5"
"land__A__40018","core:mill_disc","weapon","3"
"land__A__40018","core:storm_fork","weapon","2"
"land__A__40019","core:ember_wand","weapon","2"
"land__A__40019","core:frost_chain","weapon","2"
"land__A__40019","core:harvest_scythe","weapon","4"
"land__A__40019","core:iron_blade","weapon","7"
"land__A__40019","core:ward_orbit","weapon","8"
"land__A__40020","core:canal_bow","weapon","3"
"land__A__40020","core:iron_blade","weapon","4"
"land__A__40020","core:levy_banner","weapon","5"
"land__A__40020","core:spore_fan","weapon","2"
"land__A__40020","core:storm_fork","weapon","5"
"land__A__40021","core:ember_wand","weapon","7"
"land__A__40021","core:iron_blade","weapon","4"
"land__A__40021","core:mill_disc","weapon","2"
"land__A__40021","core:spore_fan","weapon","4"
"land__A__40021","core:ward_orbit","weapon","3"
"land__A__40022","core:harvest_scythe","weapon","1"
"land__A__40022","core:iron_blade","weapon","9"
"land__A__40022","core:spore_fan","weapon","5"
"land__A__40022","core:storm_fork","weapon","3"
"land__A__40022","core:ward_orbit","weapon","5"
"land__A__40023","core:ember_wand","weapon","5"
"land__A__40023","core:iron_blade","weapon","1"
"land__A__40023","core:levy_banner","weapon","5"
"land__A__40023","core:storm_fork","weapon","1"
"land__A__40023","core:ward_orbit","weapon","4"
"land__A__40024","core:canal_bow","weapon","5"
"land__A__40024","core:frost_chain","weapon","3"
"land__A__40024","core:iron_blade","weapon","9"
"land__A__40024","core:spore_fan","weapon","2"
"land__A__40024","core:storm_fork","weapon","2"
"land__A__40025","core:ember_wand","weapon","1"
"land__A__40025","core:iron_blade","weapon","2"
"land__A__40025","core:levy_banner","weapon","1"
"land__A__40025","core:storm_fork","weapon","3"
"land__A__40025","core:ward_orbit","weapon","3"
"land__A__40026","core:canal_bow","weapon","5"
"land__A__40026","core:frost_chain","weapon","7"
"land__A__40026","core:iron_blade","weapon","5"
"land__A__40026","core:levy_banner","weapon","8"
"land__A__40026","core:spore_fan","weapon","5"
"land__A__40027","core:harvest_scythe","weapon","3"
"land__A__40027","core:iron_blade","weapon","2"
"land__A__40027","core:spore_fan","weapon","4"
"land__A__40027","core:storm_fork","weapon","2"
"land__A__40027","core:ward_orbit","weapon","5"
"land__A__40028","core:canal_bow","weapon","5"
"land__A__40028","core:harvest_scythe","weapon","1"
"land__A__40028","core:iron_blade","weapon","7"
"land__A__40028","core:storm_fork","weapon","1"
"land__A__40028","core:ward_orbit","weapon","1"
"land__A__40029","core:ember_wand","weapon","4"
"land__A__40029","core:frost_chain","weapon","8"
"land__A__40029","core:iron_blade","weapon","5"
"land__A__40029","core:levy_banner","weapon","10"
"land__A__40029","core:mill_disc","weapon","3"
"land__A__40030","core:frost_chain","weapon","1"
"land__A__40030","core:iron_blade","weapon","4"
"land__A__40030","core:levy_banner","weapon","2"
"land__A__40030","core:storm_fork","weapon","6"
"land__A__40030","core:ward_orbit","weapon","3"
"land__A__40031","core:harvest_scythe","weapon","1"
"land__A__40031","core:iron_blade","weapon","3"
"land__A__40031","core:levy_banner","weapon","8"
"land__A__40031","core:spore_fan","weapon","3"
"land__A__40031","core:ward_orbit","weapon","8"
"land__B__40000","core:frost_chain","weapon","3"
"land__B__40000","core:harvest_scythe","weapon","4"
"land__B__40000","core:iron_blade","weapon","3"
"land__B__40000","core:spore_fan","weapon","1"
"land__B__40000","core:storm_fork","weapon","3"
"land__B__40001","core:iron_blade","weapon","6"
"land__B__40001","core:levy_banner","weapon","2"
"land__B__40001","core:mill_disc","weapon","3"
"land__B__40001","core:spore_fan","weapon","4"
"land__B__40001","core:storm_fork","weapon","4"
"land__B__40002","core:canal_bow","weapon","2"
"land__B__40002","core:ember_wand","weapon","5"
"land__B__40002","core:iron_blade","weapon","1"
"land__B__40002","core:levy_banner","weapon","4"
"land__B__40002","core:mill_disc","weapon","3"
"land__B__40003","core:ember_wand","weapon","4"
"land__B__40003","core:frost_chain","weapon","3"
"land__B__40003","core:harvest_scythe","weapon","3"
"land__B__40003","core:iron_blade","weapon","2"
"land__B__40003","core:ward_orbit","weapon","2"
"land__B__40004","core:iron_blade","weapon","3"
"land__B__40004","core:levy_banner","weapon","3"
"land__B__40004","core:mill_disc","weapon","9"
"land__B__40004","core:spore_fan","weapon","1"
"land__B__40004","core:ward_orbit","weapon","2"
"land__B__40005","core:harvest_scythe","weapon","5"
"land__B__40005","core:iron_blade","weapon","8"
"land__B__40005","core:levy_banner","weapon","3"
"land__B__40005","core:mill_disc","weapon","8"
"land__B__40005","core:ward_orbit","weapon","4"
"land__B__40006","core:canal_bow","weapon","3"
"land__B__40006","core:frost_chain","weapon","5"
"land__B__40006","core:iron_blade","weapon","1"
"land__B__40006","core:spore_fan","weapon","2"
"land__B__40006","core:storm_fork","weapon","1"
"land__B__40007","core:harvest_scythe","weapon","4"
"land__B__40007","core:iron_blade","weapon","5"
"land__B__40007","core:levy_banner","weapon","7"
"land__B__40007","core:spore_fan","weapon","4"
"land__B__40007","core:ward_orbit","weapon","2"
"land__B__40008","core:canal_bow","weapon","2"
"land__B__40008","core:iron_blade","weapon","5"
"land__B__40008","core:spore_fan","weapon","3"
"land__B__40008","core:storm_fork","weapon","3"
"land__B__40008","core:ward_orbit","weapon","8"
"land__B__40009","core:frost_chain","weapon","3"
"land__B__40009","core:iron_blade","weapon","3"
"land__B__40009","core:mill_disc","weapon","3"
"land__B__40009","core:storm_fork","weapon","5"
"land__B__40009","core:ward_orbit","weapon","2"
"land__B__40010","core:canal_bow","weapon","4"
"land__B__40010","core:ember_wand","weapon","4"
"land__B__40010","core:iron_blade","weapon","4"
"land__B__40010","core:spore_fan","weapon","1"
"land__B__40010","core:storm_fork","weapon","1"
"land__B__40011","core:iron_blade","weapon","5"
"land__B__40011","core:levy_banner","weapon","3"
"land__B__40011","core:spore_fan","weapon","4"
"land__B__40011","core:storm_fork","weapon","4"
"land__B__40011","core:ward_orbit","weapon","3"
"land__B__40012","core:canal_bow","weapon","2"
"land__B__40012","core:ember_wand","weapon","4"
"land__B__40012","core:iron_blade","weapon","1"
"land__B__40012","core:spore_fan","weapon","3"
"land__B__40012","core:storm_fork","weapon","3"
"land__B__40013","core:frost_chain","weapon","3"
"land__B__40013","core:harvest_scythe","weapon","4"
"land__B__40013","core:iron_blade","weapon","4"
"land__B__40013","core:spore_fan","weapon","5"
"land__B__40013","core:storm_fork","weapon","4"
"land__B__40014","core:ember_wand","weapon","4"
"land__B__40014","core:frost_chain","weapon","5"
"land__B__40014","core:iron_blade","weapon","2"
"land__B__40014","core:spore_fan","weapon","2"
"land__B__40014","core:ward_orbit","weapon","2"
"land__B__40015","core:canal_bow","weapon","3"
"land__B__40015","core:ember_wand","weapon","1"
"land__B__40015","core:iron_blade","weapon","7"
"land__B__40015","core:spore_fan","weapon","3"
"land__B__40015","core:ward_orbit","weapon","2"
"land__B__40016","core:harvest_scythe","weapon","3"
"land__B__40016","core:iron_blade","weapon","3"
"land__B__40016","core:mill_disc","weapon","1"
"land__B__40016","core:storm_fork","weapon","1"
"land__B__40016","core:ward_orbit","weapon","4"
"land__B__40017","core:canal_bow","weapon","9"
"land__B__40017","core:ember_wand","weapon","2"
"land__B__40017","core:iron_blade","weapon","3"
"land__B__40017","core:spore_fan","weapon","6"
"land__B__40017","core:storm_fork","weapon","9"
"land__B__40018","core:frost_chain","weapon","4"
"land__B__40018","core:harvest_scythe","weapon","2"
"land__B__40018","core:iron_blade","weapon","2"
"land__B__40018","core:mill_disc","weapon","2"
"land__B__40018","core:spore_fan","weapon","3"
"land__B__40019","core:ember_wand","weapon","3"
"land__B__40019","core:frost_chain","weapon","3"
"land__B__40019","core:harvest_scythe","weapon","5"
"land__B__40019","core:iron_blade","weapon","5"
"land__B__40019","core:ward_orbit","weapon","5"
"land__B__40020","core:canal_bow","weapon","2"
"land__B__40020","core:frost_chain","weapon","1"
"land__B__40020","core:iron_blade","weapon","2"
"land__B__40020","core:mill_disc","weapon","2"
"land__B__40020","core:spore_fan","weapon","2"
"land__B__40021","core:canal_bow","weapon","1"
"land__B__40021","core:ember_wand","weapon","5"
"land__B__40021","core:iron_blade","weapon","4"
"land__B__40021","core:levy_banner","weapon","3"
"land__B__40021","core:mill_disc","weapon","1"
"land__B__40022","core:canal_bow","weapon","1"
"land__B__40022","core:iron_blade","weapon","5"
"land__B__40022","core:spore_fan","weapon","6"
"land__B__40022","core:storm_fork","weapon","2"
"land__B__40022","core:ward_orbit","weapon","2"
"land__B__40023","core:canal_bow","weapon","4"
"land__B__40023","core:ember_wand","weapon","2"
"land__B__40023","core:iron_blade","weapon","3"
"land__B__40023","core:storm_fork","weapon","5"
"land__B__40023","core:ward_orbit","weapon","2"
"land__B__40024","core:canal_bow","weapon","2"
"land__B__40024","core:iron_blade","weapon","4"
"land__B__40024","core:levy_banner","weapon","3"
"land__B__40024","core:spore_fan","weapon","2"
"land__B__40024","core:ward_orbit","weapon","2"
"land__B__40025","core:ember_wand","weapon","2"
"land__B__40025","core:iron_blade","weapon","1"
"land__B__40025","core:levy_banner","weapon","1"
"land__B__40025","core:storm_fork","weapon","3"
"land__B__40025","core:ward_orbit","weapon","1"
"land__B__40026","core:canal_bow","weapon","4"
"land__B__40026","core:frost_chain","weapon","6"
"land__B__40026","core:iron_blade","weapon","3"
"land__B__40026","core:levy_banner","weapon","6"
"land__B__40026","core:spore_fan","weapon","6"
"land__B__40027","core:harvest_scythe","weapon","4"
"land__B__40027","core:iron_blade","weapon","2"
"land__B__40027","core:spore_fan","weapon","3"
"land__B__40027","core:storm_fork","weapon","1"
"land__B__40027","core:ward_orbit","weapon","5"
"land__B__40028","core:ember_wand","weapon","3"
"land__B__40028","core:frost_chain","weapon","4"
"land__B__40028","core:harvest_scythe","weapon","4"
"land__B__40028","core:iron_blade","weapon","6"
"land__B__40028","core:mill_disc","weapon","3"
"land__B__40029","core:ember_wand","weapon","1"
"land__B__40029","core:frost_chain","weapon","2"
"land__B__40029","core:iron_blade","weapon","1"
"land__B__40029","core:levy_banner","weapon","4"
"land__B__40029","core:mill_disc","weapon","5"
"land__B__40030","core:frost_chain","weapon","3"
"land__B__40030","core:iron_blade","weapon","3"
"land__B__40030","core:levy_banner","weapon","1"
"land__B__40030","core:storm_fork","weapon","5"
"land__B__40030","core:ward_orbit","weapon","2"
"land__B__40031","core:harvest_scythe","weapon","3"
"land__B__40031","core:iron_blade","weapon","5"
"land__B__40031","core:spore_fan","weapon","6"
"land__B__40031","core:storm_fork","weapon","5"
"land__B__40031","core:ward_orbit","weapon","2"
"land__C__40000","core:frost_chain","weapon","3"
"land__C__40000","core:harvest_scythe","weapon","3"
"land__C__40000","core:iron_blade","weapon","4"
"land__C__40000","core:mill_disc","weapon","4"
"land__C__40000","core:ward_orbit","weapon","3"
"land__C__40001","core:frost_chain","weapon","3"
"land__C__40001","core:iron_blade","weapon","5"
"land__C__40001","core:levy_banner","weapon","9"
"land__C__40001","core:spore_fan","weapon","2"
"land__C__40001","core:storm_fork","weapon","2"
"land__C__40002","core:ember_wand","weapon","5"
"land__C__40002","core:harvest_scythe","weapon","1"
"land__C__40002","core:iron_blade","weapon","8"
"land__C__40002","core:levy_banner","weapon","1"
"land__C__40002","core:mill_disc","weapon","6"
"land__C__40003","core:ember_wand","weapon","4"
"land__C__40003","core:frost_chain","weapon","4"
"land__C__40003","core:iron_blade","weapon","7"
"land__C__40003","core:mill_disc","weapon","6"
"land__C__40003","core:storm_fork","weapon","7"
"land__C__40004","core:harvest_scythe","weapon","2"
"land__C__40004","core:iron_blade","weapon","7"
"land__C__40004","core:levy_banner","weapon","1"
"land__C__40004","core:mill_disc","weapon","3"
"land__C__40004","core:spore_fan","weapon","2"
"land__C__40005","core:canal_bow","weapon","1"
"land__C__40005","core:harvest_scythe","weapon","6"
"land__C__40005","core:iron_blade","weapon","4"
"land__C__40005","core:levy_banner","weapon","5"
"land__C__40005","core:ward_orbit","weapon","6"
"land__C__40006","core:harvest_scythe","weapon","5"
"land__C__40006","core:iron_blade","weapon","7"
"land__C__40006","core:levy_banner","weapon","8"
"land__C__40006","core:spore_fan","weapon","5"
"land__C__40006","core:ward_orbit","weapon","4"
"land__C__40007","core:iron_blade","weapon","5"
"land__C__40007","core:levy_banner","weapon","2"
"land__C__40007","core:mill_disc","weapon","1"
"land__C__40007","core:storm_fork","weapon","4"
"land__C__40007","core:ward_orbit","weapon","6"
"land__C__40008","core:canal_bow","weapon","2"
"land__C__40008","core:iron_blade","weapon","5"
"land__C__40008","core:spore_fan","weapon","3"
"land__C__40008","core:storm_fork","weapon","3"
"land__C__40008","core:ward_orbit","weapon","8"
"land__C__40009","core:frost_chain","weapon","6"
"land__C__40009","core:harvest_scythe","weapon","4"
"land__C__40009","core:iron_blade","weapon","3"
"land__C__40009","core:spore_fan","weapon","6"
"land__C__40009","core:ward_orbit","weapon","4"
"land__C__40010","core:canal_bow","weapon","2"
"land__C__40010","core:ember_wand","weapon","1"
"land__C__40010","core:iron_blade","weapon","1"
"land__C__40010","core:spore_fan","weapon","4"
"land__C__40010","core:storm_fork","weapon","1"
"land__C__40011","core:ember_wand","weapon","2"
"land__C__40011","core:frost_chain","weapon","4"
"land__C__40011","core:iron_blade","weapon","2"
"land__C__40011","core:spore_fan","weapon","1"
"land__C__40011","core:ward_orbit","weapon","2"
"land__C__40012","core:canal_bow","weapon","3"
"land__C__40012","core:frost_chain","weapon","3"
"land__C__40012","core:iron_blade","weapon","3"
"land__C__40012","core:levy_banner","weapon","6"
"land__C__40012","core:storm_fork","weapon","4"
"land__C__40013","core:iron_blade","weapon","1"
"land__C__40013","core:levy_banner","weapon","8"
"land__C__40013","core:spore_fan","weapon","4"
"land__C__40013","core:storm_fork","weapon","5"
"land__C__40013","core:ward_orbit","weapon","3"
"land__C__40014","core:ember_wand","weapon","7"
"land__C__40014","core:frost_chain","weapon","2"
"land__C__40014","core:iron_blade","weapon","1"
"land__C__40014","core:levy_banner","weapon","7"
"land__C__40014","core:spore_fan","weapon","5"
"land__C__40015","core:canal_bow","weapon","5"
"land__C__40015","core:ember_wand","weapon","2"
"land__C__40015","core:iron_blade","weapon","8"
"land__C__40015","core:spore_fan","weapon","2"
"land__C__40015","core:ward_orbit","weapon","1"
"land__C__40016","core:harvest_scythe","weapon","2"
"land__C__40016","core:iron_blade","weapon","5"
"land__C__40016","core:spore_fan","weapon","8"
"land__C__40016","core:storm_fork","weapon","3"
"land__C__40016","core:ward_orbit","weapon","2"
"land__C__40017","core:canal_bow","weapon","8"
"land__C__40017","core:ember_wand","weapon","2"
"land__C__40017","core:iron_blade","weapon","3"
"land__C__40017","core:spore_fan","weapon","6"
"land__C__40017","core:storm_fork","weapon","10"
"land__C__40018","core:ember_wand","weapon","5"
"land__C__40018","core:harvest_scythe","weapon","5"
"land__C__40018","core:iron_blade","weapon","5"
"land__C__40018","core:levy_banner","weapon","3"
"land__C__40018","core:storm_fork","weapon","3"
"land__C__40019","core:ember_wand","weapon","3"
"land__C__40019","core:frost_chain","weapon","3"
"land__C__40019","core:harvest_scythe","weapon","5"
"land__C__40019","core:iron_blade","weapon","1"
"land__C__40019","core:ward_orbit","weapon","4"
"land__C__40020","core:canal_bow","weapon","3"
"land__C__40020","core:ember_wand","weapon","4"
"land__C__40020","core:frost_chain","weapon","2"
"land__C__40020","core:iron_blade","weapon","4"
"land__C__40020","core:levy_banner","weapon","4"
"land__C__40021","core:canal_bow","weapon","5"
"land__C__40021","core:harvest_scythe","weapon","3"
"land__C__40021","core:iron_blade","weapon","4"
"land__C__40021","core:mill_disc","weapon","2"
"land__C__40021","core:storm_fork","weapon","4"
"land__C__40022","core:frost_chain","weapon","3"
"land__C__40022","core:iron_blade","weapon","3"
"land__C__40022","core:spore_fan","weapon","4"
"land__C__40022","core:storm_fork","weapon","2"
"land__C__40022","core:ward_orbit","weapon","2"
"land__C__40023","core:ember_wand","weapon","2"
"land__C__40023","core:frost_chain","weapon","2"
"land__C__40023","core:iron_blade","weapon","5"
"land__C__40023","core:spore_fan","weapon","8"
"land__C__40023","core:storm_fork","weapon","2"
"land__C__40024","core:canal_bow","weapon","4"
"land__C__40024","core:iron_blade","weapon","7"
"land__C__40024","core:levy_banner","weapon","3"
"land__C__40024","core:spore_fan","weapon","4"
"land__C__40024","core:storm_fork","weapon","6"
"land__C__40025","core:ember_wand","weapon","1"
"land__C__40025","core:harvest_scythe","weapon","2"
"land__C__40025","core:iron_blade","weapon","3"
"land__C__40025","core:storm_fork","weapon","3"
"land__C__40025","core:ward_orbit","weapon","3"
"land__C__40026","core:canal_bow","weapon","3"
"land__C__40026","core:frost_chain","weapon","1"
"land__C__40026","core:iron_blade","weapon","2"
"land__C__40026","core:levy_banner","weapon","4"
"land__C__40026","core:spore_fan","weapon","3"
"land__C__40027","core:harvest_scythe","weapon","3"
"land__C__40027","core:iron_blade","weapon","5"
"land__C__40027","core:spore_fan","weapon","1"
"land__C__40027","core:storm_fork","weapon","1"
"land__C__40027","core:ward_orbit","weapon","3"
"land__C__40028","core:canal_bow","weapon","2"
"land__C__40028","core:harvest_scythe","weapon","2"
"land__C__40028","core:iron_blade","weapon","2"
"land__C__40028","core:mill_disc","weapon","3"
"land__C__40028","core:storm_fork","weapon","7"
"land__C__40029","core:ember_wand","weapon","6"
"land__C__40029","core:frost_chain","weapon","2"
"land__C__40029","core:iron_blade","weapon","2"
"land__C__40029","core:mill_disc","weapon","3"
"land__C__40029","core:ward_orbit","weapon","3"
"land__C__40030","core:frost_chain","weapon","4"
"land__C__40030","core:iron_blade","weapon","2"
"land__C__40030","core:levy_banner","weapon","3"
"land__C__40030","core:storm_fork","weapon","4"
"land__C__40030","core:ward_orbit","weapon","5"
"land__C__40031","core:harvest_scythe","weapon","2"
"land__C__40031","core:iron_blade","weapon","7"
"land__C__40031","core:mill_disc","weapon","4"
"land__C__40031","core:spore_fan","weapon","1"
"land__C__40031","core:ward_orbit","weapon","4"
"mixed__A__40000","core:canal_bow","weapon","2"
"mixed__A__40000","core:harvest_scythe","weapon","5"
"mixed__A__40000","core:iron_blade","weapon","1"
"mixed__A__40000","core:levy_banner","weapon","3"
"mixed__A__40000","core:ward_orbit","weapon","1"
"mixed__A__40001","core:ember_wand","weapon","4"
"mixed__A__40001","core:harvest_scythe","weapon","1"
"mixed__A__40001","core:iron_blade","weapon","1"
"mixed__A__40001","core:mill_disc","weapon","9"
"mixed__A__40001","core:ward_orbit","weapon","4"
"mixed__A__40002","core:canal_bow","weapon","2"
"mixed__A__40002","core:harvest_scythe","weapon","1"
"mixed__A__40002","core:iron_blade","weapon","5"
"mixed__A__40002","core:levy_banner","weapon","2"
"mixed__A__40002","core:mill_disc","weapon","3"
"mixed__A__40003","core:canal_bow","weapon","3"
"mixed__A__40003","core:ember_wand","weapon","4"
"mixed__A__40003","core:frost_chain","weapon","6"
"mixed__A__40003","core:iron_blade","weapon","3"
"mixed__A__40003","core:spore_fan","weapon","5"
"mixed__A__40004","core:canal_bow","weapon","5"
"mixed__A__40004","core:frost_chain","weapon","5"
"mixed__A__40004","core:harvest_scythe","weapon","4"
"mixed__A__40004","core:iron_blade","weapon","4"
"mixed__A__40004","core:mill_disc","weapon","8"
"mixed__A__40005","core:canal_bow","weapon","5"
"mixed__A__40005","core:frost_chain","weapon","2"
"mixed__A__40005","core:iron_blade","weapon","1"
"mixed__A__40005","core:levy_banner","weapon","2"
"mixed__A__40005","core:spore_fan","weapon","5"
"mixed__A__40006","core:ember_wand","weapon","4"
"mixed__A__40006","core:frost_chain","weapon","2"
"mixed__A__40006","core:iron_blade","weapon","3"
"mixed__A__40006","core:levy_banner","weapon","5"
"mixed__A__40006","core:mill_disc","weapon","5"
"mixed__A__40007","core:harvest_scythe","weapon","6"
"mixed__A__40007","core:iron_blade","weapon","3"
"mixed__A__40007","core:levy_banner","weapon","7"
"mixed__A__40007","core:mill_disc","weapon","2"
"mixed__A__40007","core:storm_fork","weapon","6"
"mixed__A__40008","core:frost_chain","weapon","2"
"mixed__A__40008","core:harvest_scythe","weapon","2"
"mixed__A__40008","core:iron_blade","weapon","4"
"mixed__A__40008","core:mill_disc","weapon","3"
"mixed__A__40008","core:storm_fork","weapon","3"
"mixed__A__40009","core:frost_chain","weapon","1"
"mixed__A__40009","core:iron_blade","weapon","2"
"mixed__A__40009","core:spore_fan","weapon","2"
"mixed__A__40009","core:storm_fork","weapon","2"
"mixed__A__40009","core:ward_orbit","weapon","1"
"mixed__A__40010","core:ember_wand","weapon","2"
"mixed__A__40010","core:frost_chain","weapon","4"
"mixed__A__40010","core:harvest_scythe","weapon","2"
"mixed__A__40010","core:iron_blade","weapon","4"
"mixed__A__40010","core:mill_disc","weapon","1"
"mixed__A__40011","core:ember_wand","weapon","2"
"mixed__A__40011","core:frost_chain","weapon","8"
"mixed__A__40011","core:harvest_scythe","weapon","1"
"mixed__A__40011","core:iron_blade","weapon","3"
"mixed__A__40011","core:storm_fork","weapon","5"
"mixed__A__40012","core:canal_bow","weapon","3"
"mixed__A__40012","core:frost_chain","weapon","3"
"mixed__A__40012","core:iron_blade","weapon","1"
"mixed__A__40012","core:levy_banner","weapon","2"
"mixed__A__40012","core:storm_fork","weapon","6"
"mixed__A__40013","core:frost_chain","weapon","4"
"mixed__A__40013","core:iron_blade","weapon","2"
"mixed__A__40013","core:mill_disc","weapon","4"
"mixed__A__40013","core:spore_fan","weapon","4"
"mixed__A__40013","core:storm_fork","weapon","3"
"mixed__A__40014","core:frost_chain","weapon","4"
"mixed__A__40014","core:harvest_scythe","weapon","3"
"mixed__A__40014","core:iron_blade","weapon","3"
"mixed__A__40014","core:storm_fork","weapon","8"
"mixed__A__40014","core:ward_orbit","weapon","5"
"mixed__A__40015","core:canal_bow","weapon","4"
"mixed__A__40015","core:harvest_scythe","weapon","3"
"mixed__A__40015","core:iron_blade","weapon","2"
"mixed__A__40015","core:storm_fork","weapon","6"
"mixed__A__40015","core:ward_orbit","weapon","5"
"mixed__A__40016","core:ember_wand","weapon","8"
"mixed__A__40016","core:harvest_scythe","weapon","5"
"mixed__A__40016","core:iron_blade","weapon","3"
"mixed__A__40016","core:spore_fan","weapon","6"
"mixed__A__40016","core:ward_orbit","weapon","6"
"mixed__A__40017","core:frost_chain","weapon","5"
"mixed__A__40017","core:harvest_scythe","weapon","2"
"mixed__A__40017","core:iron_blade","weapon","1"
"mixed__A__40017","core:levy_banner","weapon","3"
"mixed__A__40017","core:mill_disc","weapon","1"
"mixed__A__40018","core:harvest_scythe","weapon","7"
"mixed__A__40018","core:iron_blade","weapon","1"
"mixed__A__40018","core:levy_banner","weapon","3"
"mixed__A__40018","core:spore_fan","weapon","8"
"mixed__A__40018","core:ward_orbit","weapon","1"
"mixed__A__40019","core:canal_bow","weapon","10"
"mixed__A__40019","core:ember_wand","weapon","5"
"mixed__A__40019","core:harvest_scythe","weapon","2"
"mixed__A__40019","core:iron_blade","weapon","2"
"mixed__A__40019","core:ward_orbit","weapon","2"
"mixed__A__40020","core:frost_chain","weapon","2"
"mixed__A__40020","core:iron_blade","weapon","4"
"mixed__A__40020","core:mill_disc","weapon","3"
"mixed__A__40020","core:spore_fan","weapon","3"
"mixed__A__40020","core:ward_orbit","weapon","7"
"mixed__A__40021","core:canal_bow","weapon","1"
"mixed__A__40021","core:ember_wand","weapon","1"
"mixed__A__40021","core:frost_chain","weapon","3"
"mixed__A__40021","core:harvest_scythe","weapon","2"
"mixed__A__40021","core:iron_blade","weapon","1"
"mixed__A__40022","core:canal_bow","weapon","5"
"mixed__A__40022","core:frost_chain","weapon","3"
"mixed__A__40022","core:iron_blade","weapon","1"
"mixed__A__40022","core:storm_fork","weapon","10"
"mixed__A__40022","core:ward_orbit","weapon","5"
"mixed__A__40023","core:frost_chain","weapon","2"
"mixed__A__40023","core:harvest_scythe","weapon","2"
"mixed__A__40023","core:iron_blade","weapon","3"
"mixed__A__40023","core:levy_banner","weapon","3"
"mixed__A__40023","core:storm_fork","weapon","6"
"mixed__A__40024","core:canal_bow","weapon","8"
"mixed__A__40024","core:ember_wand","weapon","6"
"mixed__A__40024","core:iron_blade","weapon","2"
"mixed__A__40024","core:levy_banner","weapon","7"
"mixed__A__40024","core:spore_fan","weapon","2"
"mixed__A__40025","core:harvest_scythe","weapon","3"
"mixed__A__40025","core:iron_blade","weapon","5"
"mixed__A__40025","core:levy_banner","weapon","4"
"mixed__A__40025","core:mill_disc","weapon","2"
"mixed__A__40025","core:storm_fork","weapon","3"
"mixed__A__40026","core:canal_bow","weapon","5"
"mixed__A__40026","core:ember_wand","weapon","7"
"mixed__A__40026","core:harvest_scythe","weapon","1"
"mixed__A__40026","core:iron_blade","weapon","2"
"mixed__A__40026","core:storm_fork","weapon","2"
"mixed__A__40027","core:ember_wand","weapon","3"
"mixed__A__40027","core:iron_blade","weapon","3"
"mixed__A__40027","core:levy_banner","weapon","2"
"mixed__A__40027","core:mill_disc","weapon","2"
"mixed__A__40027","core:ward_orbit","weapon","2"
"mixed__A__40028","core:harvest_scythe","weapon","3"
"mixed__A__40028","core:iron_blade","weapon","4"
"mixed__A__40028","core:levy_banner","weapon","5"
"mixed__A__40028","core:spore_fan","weapon","1"
"mixed__A__40028","core:ward_orbit","weapon","1"
"mixed__A__40029","core:canal_bow","weapon","1"
"mixed__A__40029","core:ember_wand","weapon","4"
"mixed__A__40029","core:iron_blade","weapon","1"
"mixed__A__40029","core:spore_fan","weapon","3"
"mixed__A__40029","core:storm_fork","weapon","4"
"mixed__A__40030","core:ember_wand","weapon","6"
"mixed__A__40030","core:harvest_scythe","weapon","4"
"mixed__A__40030","core:iron_blade","weapon","5"
"mixed__A__40030","core:levy_banner","weapon","3"
"mixed__A__40030","core:mill_disc","weapon","2"
"mixed__A__40031","core:ember_wand","weapon","4"
"mixed__A__40031","core:frost_chain","weapon","5"
"mixed__A__40031","core:iron_blade","weapon","3"
"mixed__A__40031","core:spore_fan","weapon","3"
"mixed__A__40031","core:storm_fork","weapon","3"
"mixed__B__40000","core:frost_chain","weapon","1"
"mixed__B__40000","core:harvest_scythe","weapon","1"
"mixed__B__40000","core:iron_blade","weapon","4"
"mixed__B__40000","core:mill_disc","weapon","1"
"mixed__B__40000","core:ward_orbit","weapon","1"
"mixed__B__40001","core:harvest_scythe","weapon","1"
"mixed__B__40001","core:iron_blade","weapon","1"
"mixed__B__40001","core:mill_disc","weapon","2"
"mixed__B__40001","core:storm_fork","weapon","1"
"mixed__B__40001","core:ward_orbit","weapon","2"
"mixed__B__40002","core:canal_bow","weapon","2"
"mixed__B__40002","core:iron_blade","weapon","2"
"mixed__B__40002","core:levy_banner","weapon","2"
"mixed__B__40002","core:spore_fan","weapon","3"
"mixed__B__40002","core:storm_fork","weapon","3"
"mixed__B__40003","core:canal_bow","weapon","2"
"mixed__B__40003","core:ember_wand","weapon","3"
"mixed__B__40003","core:frost_chain","weapon","2"
"mixed__B__40003","core:iron_blade","weapon","1"
"mixed__B__40003","core:spore_fan","weapon","1"
"mixed__B__40004","core:iron_blade","weapon","1"
"mixed__B__40004","core:levy_banner","weapon","4"
"mixed__B__40004","core:mill_disc","weapon","2"
"mixed__B__40004","core:spore_fan","weapon","2"
"mixed__B__40004","core:storm_fork","weapon","1"
"mixed__B__40005","core:harvest_scythe","weapon","3"
"mixed__B__40005","core:iron_blade","weapon","3"
"mixed__B__40005","core:mill_disc","weapon","4"
"mixed__B__40005","core:spore_fan","weapon","1"
"mixed__B__40005","core:ward_orbit","weapon","1"
"mixed__B__40006","core:canal_bow","weapon","2"
"mixed__B__40006","core:iron_blade","weapon","1"
"mixed__B__40006","core:spore_fan","weapon","2"
"mixed__B__40006","core:storm_fork","weapon","1"
"mixed__B__40006","core:ward_orbit","weapon","2"
"mixed__B__40007","core:canal_bow","weapon","3"
"mixed__B__40007","core:iron_blade","weapon","2"
"mixed__B__40007","core:mill_disc","weapon","2"
"mixed__B__40007","core:spore_fan","weapon","1"
"mixed__B__40007","core:ward_orbit","weapon","4"
"mixed__B__40008","core:canal_bow","weapon","1"
"mixed__B__40008","core:ember_wand","weapon","1"
"mixed__B__40008","core:frost_chain","weapon","4"
"mixed__B__40008","core:iron_blade","weapon","1"
"mixed__B__40009","core:iron_blade","weapon","4"
"mixed__B__40009","core:mill_disc","weapon","1"
"mixed__B__40009","core:spore_fan","weapon","1"
"mixed__B__40009","core:storm_fork","weapon","2"
"mixed__B__40009","core:ward_orbit","weapon","2"
"mixed__B__40010","core:harvest_scythe","weapon","1"
"mixed__B__40010","core:iron_blade","weapon","1"
"mixed__B__40010","core:mill_disc","weapon","1"
"mixed__B__40010","core:spore_fan","weapon","2"
"mixed__B__40010","core:ward_orbit","weapon","3"
"mixed__B__40011","core:frost_chain","weapon","1"
"mixed__B__40011","core:iron_blade","weapon","5"
"mixed__B__40011","core:levy_banner","weapon","5"
"mixed__B__40011","core:storm_fork","weapon","1"
"mixed__B__40011","core:ward_orbit","weapon","2"
"mixed__B__40012","core:canal_bow","weapon","2"
"mixed__B__40012","core:ember_wand","weapon","2"
"mixed__B__40012","core:frost_chain","weapon","1"
"mixed__B__40012","core:iron_blade","weapon","1"
"mixed__B__40012","core:spore_fan","weapon","2"
"mixed__B__40013","core:canal_bow","weapon","1"
"mixed__B__40013","core:iron_blade","weapon","1"
"mixed__B__40013","core:levy_banner","weapon","1"
"mixed__B__40013","core:spore_fan","weapon","3"
"mixed__B__40013","core:storm_fork","weapon","3"
"mixed__B__40014","core:canal_bow","weapon","4"
"mixed__B__40014","core:ember_wand","weapon","2"
"mixed__B__40014","core:harvest_scythe","weapon","1"
"mixed__B__40014","core:iron_blade","weapon","2"
"mixed__B__40014","core:levy_banner","weapon","2"
"mixed__B__40015","core:canal_bow","weapon","3"
"mixed__B__40015","core:iron_blade","weapon","5"
"mixed__B__40015","core:mill_disc","weapon","1"
"mixed__B__40015","core:storm_fork","weapon","1"
"mixed__B__40016","core:ember_wand","weapon","1"
"mixed__B__40016","core:harvest_scythe","weapon","1"
"mixed__B__40016","core:iron_blade","weapon","1"
"mixed__B__40016","core:spore_fan","weapon","1"
"mixed__B__40016","core:ward_orbit","weapon","2"
"mixed__B__40017","core:ember_wand","weapon","2"
"mixed__B__40017","core:harvest_scythe","weapon","2"
"mixed__B__40017","core:iron_blade","weapon","6"
"mixed__B__40017","core:mill_disc","weapon","3"
"mixed__B__40017","core:spore_fan","weapon","5"
"mixed__B__40018","core:frost_chain","weapon","1"
"mixed__B__40018","core:harvest_scythe","weapon","1"
"mixed__B__40018","core:iron_blade","weapon","2"
"mixed__B__40018","core:spore_fan","weapon","1"
"mixed__B__40018","core:storm_fork","weapon","4"
"mixed__B__40019","core:ember_wand","weapon","4"
"mixed__B__40019","core:harvest_scythe","weapon","4"
"mixed__B__40019","core:iron_blade","weapon","3"
"mixed__B__40019","core:mill_disc","weapon","2"
"mixed__B__40019","core:spore_fan","weapon","4"
"mixed__B__40020","core:canal_bow","weapon","4"
"mixed__B__40020","core:harvest_scythe","weapon","2"
"mixed__B__40020","core:iron_blade","weapon","1"
"mixed__B__40020","core:mill_disc","weapon","1"
"mixed__B__40020","core:ward_orbit","weapon","1"
"mixed__B__40021","core:canal_bow","weapon","1"
"mixed__B__40021","core:ember_wand","weapon","1"
"mixed__B__40021","core:frost_chain","weapon","3"
"mixed__B__40021","core:harvest_scythe","weapon","2"
"mixed__B__40021","core:iron_blade","weapon","1"
"mixed__B__40022","core:harvest_scythe","weapon","2"
"mixed__B__40022","core:iron_blade","weapon","2"
"mixed__B__40022","core:spore_fan","weapon","2"
"mixed__B__40022","core:ward_orbit","weapon","1"
"mixed__B__40023","core:canal_bow","weapon","1"
"mixed__B__40023","core:ember_wand","weapon","1"
"mixed__B__40023","core:iron_blade","weapon","1"
"mixed__B__40023","core:storm_fork","weapon","2"
"mixed__B__40023","core:ward_orbit","weapon","2"
"mixed__B__40024","core:canal_bow","weapon","1"
"mixed__B__40024","core:frost_chain","weapon","1"
"mixed__B__40024","core:iron_blade","weapon","1"
"mixed__B__40024","core:spore_fan","weapon","3"
"mixed__B__40024","core:storm_fork","weapon","1"
"mixed__B__40025","core:canal_bow","weapon","3"
"mixed__B__40025","core:ember_wand","weapon","2"
"mixed__B__40025","core:iron_blade","weapon","1"
"mixed__B__40025","core:levy_banner","weapon","1"
"mixed__B__40025","core:storm_fork","weapon","3"
"mixed__B__40026","core:ember_wand","weapon","4"
"mixed__B__40026","core:iron_blade","weapon","2"
"mixed__B__40026","core:levy_banner","weapon","2"
"mixed__B__40026","core:mill_disc","weapon","1"
"mixed__B__40026","core:storm_fork","weapon","1"
"mixed__B__40027","core:ember_wand","weapon","3"
"mixed__B__40027","core:iron_blade","weapon","1"
"mixed__B__40027","core:levy_banner","weapon","1"
"mixed__B__40027","core:storm_fork","weapon","1"
"mixed__B__40027","core:ward_orbit","weapon","2"
"mixed__B__40028","core:canal_bow","weapon","1"
"mixed__B__40028","core:harvest_scythe","weapon","2"
"mixed__B__40028","core:iron_blade","weapon","2"
"mixed__B__40028","core:levy_banner","weapon","2"
"mixed__B__40028","core:ward_orbit","weapon","2"
"mixed__B__40029","core:canal_bow","weapon","2"
"mixed__B__40029","core:ember_wand","weapon","2"
"mixed__B__40029","core:harvest_scythe","weapon","1"
"mixed__B__40029","core:iron_blade","weapon","1"
"mixed__B__40029","core:levy_banner","weapon","2"
"mixed__B__40030","core:ember_wand","weapon","1"
"mixed__B__40030","core:harvest_scythe","weapon","1"
"mixed__B__40030","core:iron_blade","weapon","1"
"mixed__B__40030","core:levy_banner","weapon","2"
"mixed__B__40030","core:spore_fan","weapon","1"
"mixed__B__40031","core:canal_bow","weapon","1"
"mixed__B__40031","core:iron_blade","weapon","3"
"mixed__B__40031","core:levy_banner","weapon","1"
"mixed__B__40031","core:spore_fan","weapon","1"
"mixed__B__40031","core:ward_orbit","weapon","6"
"mixed__C__40000","core:ember_wand","weapon","1"
"mixed__C__40000","core:harvest_scythe","weapon","3"
"mixed__C__40000","core:iron_blade","weapon","1"
"mixed__C__40000","core:spore_fan","weapon","4"
"mixed__C__40000","core:storm_fork","weapon","4"
"mixed__C__40001","core:ember_wand","weapon","2"
"mixed__C__40001","core:iron_blade","weapon","3"
"mixed__C__40001","core:mill_disc","weapon","4"
"mixed__C__40001","core:spore_fan","weapon","3"
"mixed__C__40001","core:ward_orbit","weapon","5"
"mixed__C__40002","core:frost_chain","weapon","4"
"mixed__C__40002","core:harvest_scythe","weapon","2"
"mixed__C__40002","core:iron_blade","weapon","3"
"mixed__C__40002","core:levy_banner","weapon","4"
"mixed__C__40002","core:spore_fan","weapon","7"
"mixed__C__40003","core:canal_bow","weapon","2"
"mixed__C__40003","core:ember_wand","weapon","1"
"mixed__C__40003","core:frost_chain","weapon","4"
"mixed__C__40003","core:iron_blade","weapon","1"
"mixed__C__40003","core:spore_fan","weapon","4"
"mixed__C__40004","core:canal_bow","weapon","5"
"mixed__C__40004","core:frost_chain","weapon","6"
"mixed__C__40004","core:iron_blade","weapon","1"
"mixed__C__40004","core:mill_disc","weapon","6"
"mixed__C__40004","core:storm_fork","weapon","10"
"mixed__C__40005","core:canal_bow","weapon","2"
"mixed__C__40005","core:ember_wand","weapon","1"
"mixed__C__40005","core:iron_blade","weapon","1"
"mixed__C__40005","core:levy_banner","weapon","2"
"mixed__C__40005","core:spore_fan","weapon","1"
"mixed__C__40006","core:frost_chain","weapon","1"
"mixed__C__40006","core:iron_blade","weapon","4"
"mixed__C__40006","core:mill_disc","weapon","5"
"mixed__C__40006","core:spore_fan","weapon","2"
"mixed__C__40006","core:storm_fork","weapon","2"
"mixed__C__40007","core:frost_chain","weapon","1"
"mixed__C__40007","core:harvest_scythe","weapon","4"
"mixed__C__40007","core:iron_blade","weapon","3"
"mixed__C__40007","core:mill_disc","weapon","5"
"mixed__C__40007","core:ward_orbit","weapon","3"
"mixed__C__40008","core:canal_bow","weapon","3"
"mixed__C__40008","core:frost_chain","weapon","3"
"mixed__C__40008","core:iron_blade","weapon","4"
"mixed__C__40008","core:mill_disc","weapon","4"
"mixed__C__40008","core:spore_fan","weapon","2"
"mixed__C__40009","core:frost_chain","weapon","1"
"mixed__C__40009","core:iron_blade","weapon","3"
"mixed__C__40009","core:mill_disc","weapon","4"
"mixed__C__40009","core:spore_fan","weapon","4"
"mixed__C__40009","core:ward_orbit","weapon","1"
"mixed__C__40010","core:ember_wand","weapon","1"
"mixed__C__40010","core:harvest_scythe","weapon","6"
"mixed__C__40010","core:iron_blade","weapon","5"
"mixed__C__40010","core:spore_fan","weapon","1"
"mixed__C__40010","core:ward_orbit","weapon","1"
"mixed__C__40011","core:canal_bow","weapon","1"
"mixed__C__40011","core:harvest_scythe","weapon","2"
"mixed__C__40011","core:iron_blade","weapon","1"
"mixed__C__40011","core:storm_fork","weapon","1"
"mixed__C__40011","core:ward_orbit","weapon","2"
"mixed__C__40012","core:canal_bow","weapon","7"
"mixed__C__40012","core:iron_blade","weapon","1"
"mixed__C__40012","core:levy_banner","weapon","1"
"mixed__C__40012","core:mill_disc","weapon","1"
"mixed__C__40012","core:spore_fan","weapon","1"
"mixed__C__40013","core:iron_blade","weapon","2"
"mixed__C__40013","core:levy_banner","weapon","4"
"mixed__C__40013","core:spore_fan","weapon","4"
"mixed__C__40013","core:storm_fork","weapon","5"
"mixed__C__40013","core:ward_orbit","weapon","1"
"mixed__C__40014","core:canal_bow","weapon","2"
"mixed__C__40014","core:frost_chain","weapon","3"
"mixed__C__40014","core:iron_blade","weapon","3"
"mixed__C__40014","core:mill_disc","weapon","4"
"mixed__C__40014","core:spore_fan","weapon","3"
"mixed__C__40015","core:harvest_scythe","weapon","1"
"mixed__C__40015","core:iron_blade","weapon","3"
"mixed__C__40015","core:mill_disc","weapon","1"
"mixed__C__40015","core:storm_fork","weapon","2"
"mixed__C__40015","core:ward_orbit","weapon","1"
"mixed__C__40016","core:ember_wand","weapon","2"
"mixed__C__40016","core:frost_chain","weapon","2"
"mixed__C__40016","core:harvest_scythe","weapon","6"
"mixed__C__40016","core:iron_blade","weapon","4"
"mixed__C__40016","core:ward_orbit","weapon","5"
"mixed__C__40017","core:canal_bow","weapon","5"
"mixed__C__40017","core:iron_blade","weapon","1"
"mixed__C__40017","core:levy_banner","weapon","2"
"mixed__C__40017","core:mill_disc","weapon","3"
"mixed__C__40017","core:ward_orbit","weapon","5"
"mixed__C__40018","core:canal_bow","weapon","1"
"mixed__C__40018","core:ember_wand","weapon","2"
"mixed__C__40018","core:frost_chain","weapon","1"
"mixed__C__40018","core:harvest_scythe","weapon","7"
"mixed__C__40018","core:iron_blade","weapon","3"
"mixed__C__40019","core:ember_wand","weapon","4"
"mixed__C__40019","core:harvest_scythe","weapon","3"
"mixed__C__40019","core:iron_blade","weapon","1"
"mixed__C__40019","core:spore_fan","weapon","4"
"mixed__C__40019","core:storm_fork","weapon","2"
"mixed__C__40020","core:ember_wand","weapon","2"
"mixed__C__40020","core:frost_chain","weapon","2"
"mixed__C__40020","core:iron_blade","weapon","6"
"mixed__C__40020","core:spore_fan","weapon","3"
"mixed__C__40020","core:ward_orbit","weapon","3"
"mixed__C__40021","core:canal_bow","weapon","1"
"mixed__C__40021","core:ember_wand","weapon","1"
"mixed__C__40021","core:frost_chain","weapon","3"
"mixed__C__40021","core:harvest_scythe","weapon","2"
"mixed__C__40021","core:iron_blade","weapon","1"
"mixed__C__40022","core:ember_wand","weapon","2"
"mixed__C__40022","core:harvest_scythe","weapon","3"
"mixed__C__40022","core:iron_blade","weapon","3"
"mixed__C__40022","core:spore_fan","weapon","2"
"mixed__C__40022","core:ward_orbit","weapon","1"
"mixed__C__40023","core:canal_bow","weapon","6"
"mixed__C__40023","core:frost_chain","weapon","2"
"mixed__C__40023","core:iron_blade","weapon","4"
"mixed__C__40023","core:spore_fan","weapon","4"
"mixed__C__40023","core:storm_fork","weapon","1"
"mixed__C__40024","core:canal_bow","weapon","5"
"mixed__C__40024","core:iron_blade","weapon","5"
"mixed__C__40024","core:levy_banner","weapon","5"
"mixed__C__40024","core:mill_disc","weapon","4"
"mixed__C__40024","core:ward_orbit","weapon","2"
"mixed__C__40025","core:ember_wand","weapon","1"
"mixed__C__40025","core:harvest_scythe","weapon","4"
"mixed__C__40025","core:iron_blade","weapon","3"
"mixed__C__40025","core:storm_fork","weapon","5"
"mixed__C__40025","core:ward_orbit","weapon","1"
"mixed__C__40026","core:ember_wand","weapon","6"
"mixed__C__40026","core:frost_chain","weapon","2"
"mixed__C__40026","core:iron_blade","weapon","2"
"mixed__C__40026","core:storm_fork","weapon","1"
"mixed__C__40026","core:ward_orbit","weapon","2"
"mixed__C__40027","core:canal_bow","weapon","3"
"mixed__C__40027","core:ember_wand","weapon","3"
"mixed__C__40027","core:harvest_scythe","weapon","1"
"mixed__C__40027","core:iron_blade","weapon","1"
"mixed__C__40027","core:levy_banner","weapon","2"
"mixed__C__40028","core:canal_bow","weapon","6"
"mixed__C__40028","core:ember_wand","weapon","1"
"mixed__C__40028","core:iron_blade","weapon","5"
"mixed__C__40028","core:levy_banner","weapon","2"
"mixed__C__40028","core:ward_orbit","weapon","1"
"mixed__C__40029","core:canal_bow","weapon","2"
"mixed__C__40029","core:ember_wand","weapon","2"
"mixed__C__40029","core:iron_blade","weapon","5"
"mixed__C__40029","core:levy_banner","weapon","1"
"mixed__C__40029","core:ward_orbit","weapon","3"
"mixed__C__40030","core:canal_bow","weapon","6"
"mixed__C__40030","core:ember_wand","weapon","4"
"mixed__C__40030","core:harvest_scythe","weapon","3"
"mixed__C__40030","core:iron_blade","weapon","2"
"mixed__C__40030","core:levy_banner","weapon","2"
"mixed__C__40031","core:canal_bow","weapon","2"
"mixed__C__40031","core:iron_blade","weapon","8"
"mixed__C__40031","core:spore_fan","weapon","2"
"mixed__C__40031","core:storm_fork","weapon","4"
"mixed__C__40031","core:ward_orbit","weapon","4"
"people__A__40000","core:ember_wand","weapon","9"
"people__A__40000","core:harvest_scythe","weapon","4"
"people__A__40000","core:iron_blade","weapon","2"
"people__A__40000","core:levy_banner","weapon","6"
"people__A__40000","core:ward_orbit","weapon","1"
"people__A__40001","core:iron_blade","weapon","4"
"people__A__40001","core:levy_banner","weapon","6"
"people__A__40001","core:mill_disc","weapon","2"
"people__A__40001","core:spore_fan","weapon","5"
"people__A__40001","core:ward_orbit","weapon","3"
"people__A__40002","core:ember_wand","weapon","1"
"people__A__40002","core:iron_blade","weapon","3"
"people__A__40002","core:levy_banner","weapon","6"
"people__A__40002","core:mill_disc","weapon","2"
"people__A__40002","core:spore_fan","weapon","2"
"people__A__40003","core:canal_bow","weapon","3"
"people__A__40003","core:ember_wand","weapon","4"
"people__A__40003","core:frost_chain","weapon","3"
"people__A__40003","core:harvest_scythe","weapon","2"
"people__A__40003","core:iron_blade","weapon","7"
"people__A__40004","core:frost_chain","weapon","5"
"people__A__40004","core:harvest_scythe","weapon","1"
"people__A__40004","core:iron_blade","weapon","5"
"people__A__40004","core:mill_disc","weapon","4"
"people__A__40004","core:spore_fan","weapon","6"
"people__A__40005","core:ember_wand","weapon","4"
"people__A__40005","core:harvest_scythe","weapon","6"
"people__A__40005","core:iron_blade","weapon","10"
"people__A__40005","core:levy_banner","weapon","8"
"people__A__40005","core:ward_orbit","weapon","3"
"people__A__40006","core:ember_wand","weapon","2"
"people__A__40006","core:frost_chain","weapon","7"
"people__A__40006","core:iron_blade","weapon","1"
"people__A__40006","core:spore_fan","weapon","7"
"people__A__40006","core:ward_orbit","weapon","3"
"people__A__40007","core:ember_wand","weapon","5"
"people__A__40007","core:harvest_scythe","weapon","2"
"people__A__40007","core:iron_blade","weapon","3"
"people__A__40007","core:levy_banner","weapon","6"
"people__A__40007","core:storm_fork","weapon","4"
"people__A__40008","core:canal_bow","weapon","1"
"people__A__40008","core:ember_wand","weapon","2"
"people__A__40008","core:harvest_scythe","weapon","2"
"people__A__40008","core:iron_blade","weapon","4"
"people__A__40008","core:mill_disc","weapon","4"
"people__A__40009","core:ember_wand","weapon","2"
"people__A__40009","core:frost_chain","weapon","7"
"people__A__40009","core:iron_blade","weapon","3"
"people__A__40009","core:spore_fan","weapon","7"
"people__A__40009","core:ward_orbit","weapon","2"
"people__A__40010","core:canal_bow","weapon","1"
"people__A__40010","core:harvest_scythe","weapon","4"
"people__A__40010","core:iron_blade","weapon","6"
"people__A__40010","core:levy_banner","weapon","11"
"people__A__40010","core:mill_disc","weapon","2"
"people__A__40011","core:ember_wand","weapon","1"
"people__A__40011","core:iron_blade","weapon","1"
"people__A__40011","core:spore_fan","weapon","4"
"people__A__40011","core:storm_fork","weapon","12"
"people__A__40011","core:ward_orbit","weapon","4"
"people__A__40012","core:harvest_scythe","weapon","5"
"people__A__40012","core:iron_blade","weapon","6"
"people__A__40012","core:mill_disc","weapon","4"
"people__A__40012","core:storm_fork","weapon","5"
"people__A__40012","core:ward_orbit","weapon","1"
"people__A__40013","core:canal_bow","weapon","2"
"people__A__40013","core:iron_blade","weapon","3"
"people__A__40013","core:spore_fan","weapon","9"
"people__A__40013","core:storm_fork","weapon","7"
"people__A__40013","core:ward_orbit","weapon","3"
"people__A__40014","core:canal_bow","weapon","8"
"people__A__40014","core:ember_wand","weapon","3"
"people__A__40014","core:frost_chain","weapon","4"
"people__A__40014","core:iron_blade","weapon","1"
"people__A__40014","core:mill_disc","weapon","4"
"people__A__40015","core:canal_bow","weapon","3"
"people__A__40015","core:ember_wand","weapon","7"
"people__A__40015","core:iron_blade","weapon","5"
"people__A__40015","core:mill_disc","weapon","7"
"people__A__40015","core:storm_fork","weapon","5"
"people__A__40016","core:ember_wand","weapon","4"
"people__A__40016","core:frost_chain","weapon","4"
"people__A__40016","core:harvest_scythe","weapon","10"
"people__A__40016","core:iron_blade","weapon","7"
"people__A__40016","core:ward_orbit","weapon","7"
"people__A__40017","core:canal_bow","weapon","3"
"people__A__40017","core:frost_chain","weapon","3"
"people__A__40017","core:iron_blade","weapon","3"
"people__A__40017","core:levy_banner","weapon","8"
"people__A__40017","core:storm_fork","weapon","6"
"people__A__40018","core:harvest_scythe","weapon","4"
"people__A__40018","core:iron_blade","weapon","1"
"people__A__40018","core:levy_banner","weapon","4"
"people__A__40018","core:spore_fan","weapon","5"
"people__A__40018","core:storm_fork","weapon","5"
"people__A__40019","core:ember_wand","weapon","2"
"people__A__40019","core:harvest_scythe","weapon","5"
"people__A__40019","core:iron_blade","weapon","12"
"people__A__40019","core:storm_fork","weapon","2"
"people__A__40019","core:ward_orbit","weapon","6"
"people__A__40020","core:canal_bow","weapon","5"
"people__A__40020","core:harvest_scythe","weapon","3"
"people__A__40020","core:iron_blade","weapon","3"
"people__A__40020","core:levy_banner","weapon","2"
"people__A__40020","core:ward_orbit","weapon","7"
"people__A__40021","core:canal_bow","weapon","9"
"people__A__40021","core:frost_chain","weapon","9"
"people__A__40021","core:iron_blade","weapon","4"
"people__A__40021","core:spore_fan","weapon","5"
"people__A__40021","core:storm_fork","weapon","2"
"people__A__40022","core:canal_bow","weapon","5"
"people__A__40022","core:frost_chain","weapon","3"
"people__A__40022","core:iron_blade","weapon","6"
"people__A__40022","core:levy_banner","weapon","4"
"people__A__40022","core:mill_disc","weapon","5"
"people__A__40023","core:ember_wand","weapon","4"
"people__A__40023","core:harvest_scythe","weapon","3"
"people__A__40023","core:iron_blade","weapon","6"
"people__A__40023","core:levy_banner","weapon","4"
"people__A__40023","core:storm_fork","weapon","2"
"people__A__40024","core:canal_bow","weapon","4"
"people__A__40024","core:ember_wand","weapon","5"
"people__A__40024","core:iron_blade","weapon","5"
"people__A__40024","core:spore_fan","weapon","2"
"people__A__40024","core:ward_orbit","weapon","6"
"people__A__40025","core:frost_chain","weapon","2"
"people__A__40025","core:iron_blade","weapon","5"
"people__A__40025","core:levy_banner","weapon","3"
"people__A__40025","core:storm_fork","weapon","5"
"people__A__40025","core:ward_orbit","weapon","3"
"people__A__40026","core:frost_chain","weapon","2"
"people__A__40026","core:harvest_scythe","weapon","4"
"people__A__40026","core:iron_blade","weapon","6"
"people__A__40026","core:levy_banner","weapon","2"
"people__A__40026","core:ward_orbit","weapon","3"
"people__A__40027","core:ember_wand","weapon","4"
"people__A__40027","core:harvest_scythe","weapon","2"
"people__A__40027","core:iron_blade","weapon","5"
"people__A__40027","core:spore_fan","weapon","4"
"people__A__40027","core:storm_fork","weapon","1"
"people__A__40028","core:ember_wand","weapon","5"
"people__A__40028","core:frost_chain","weapon","5"
"people__A__40028","core:iron_blade","weapon","5"
"people__A__40028","core:levy_banner","weapon","3"
"people__A__40028","core:mill_disc","weapon","2"
"people__A__40029","core:ember_wand","weapon","3"
"people__A__40029","core:iron_blade","weapon","3"
"people__A__40029","core:mill_disc","weapon","5"
"people__A__40029","core:spore_fan","weapon","5"
"people__A__40029","core:storm_fork","weapon","3"
"people__A__40030","core:frost_chain","weapon","3"
"people__A__40030","core:iron_blade","weapon","5"
"people__A__40030","core:levy_banner","weapon","3"
"people__A__40030","core:storm_fork","weapon","4"
"people__A__40030","core:ward_orbit","weapon","3"
"people__A__40031","core:frost_chain","weapon","2"
"people__A__40031","core:iron_blade","weapon","3"
"people__A__40031","core:mill_disc","weapon","1"
"people__A__40031","core:spore_fan","weapon","6"
"people__A__40031","core:storm_fork","weapon","5"
"people__B__40000","core:canal_bow","weapon","4"
"people__B__40000","core:frost_chain","weapon","1"
"people__B__40000","core:harvest_scythe","weapon","1"
"people__B__40000","core:iron_blade","weapon","5"
"people__B__40000","core:storm_fork","weapon","3"
"people__B__40001","core:ember_wand","weapon","4"
"people__B__40001","core:frost_chain","weapon","5"
"people__B__40001","core:iron_blade","weapon","3"
"people__B__40001","core:levy_banner","weapon","5"
"people__B__40001","core:spore_fan","weapon","6"
"people__B__40002","core:canal_bow","weapon","4"
"people__B__40002","core:iron_blade","weapon","3"
"people__B__40002","core:levy_banner","weapon","7"
"people__B__40002","core:mill_disc","weapon","7"
"people__B__40002","core:spore_fan","weapon","2"
"people__B__40003","core:ember_wand","weapon","3"
"people__B__40003","core:frost_chain","weapon","3"
"people__B__40003","core:harvest_scythe","weapon","4"
"people__B__40003","core:iron_blade","weapon","3"
"people__B__40003","core:mill_disc","weapon","6"
"people__B__40004","core:iron_blade","weapon","2"
"people__B__40004","core:levy_banner","weapon","2"
"people__B__40004","core:mill_disc","weapon","4"
"people__B__40004","core:spore_fan","weapon","3"
"people__B__40004","core:ward_orbit","weapon","4"
"people__B__40005","core:canal_bow","weapon","6"
"people__B__40005","core:harvest_scythe","weapon","5"
"people__B__40005","core:iron_blade","weapon","4"
"people__B__40005","core:levy_banner","weapon","10"
"people__B__40005","core:ward_orbit","weapon","8"
"people__B__40006","core:frost_chain","weapon","3"
"people__B__40006","core:harvest_scythe","weapon","9"
"people__B__40006","core:iron_blade","weapon","4"
"people__B__40006","core:levy_banner","weapon","5"
"people__B__40006","core:spore_fan","weapon","4"
"people__B__40007","core:ember_wand","weapon","2"
"people__B__40007","core:harvest_scythe","weapon","4"
"people__B__40007","core:iron_blade","weapon","2"
"people__B__40007","core:levy_banner","weapon","8"
"people__B__40007","core:storm_fork","weapon","7"
"people__B__40008","core:frost_chain","weapon","5"
"people__B__40008","core:harvest_scythe","weapon","1"
"people__B__40008","core:iron_blade","weapon","7"
"people__B__40008","core:mill_disc","weapon","1"
"people__B__40008","core:ward_orbit","weapon","4"
"people__B__40009","core:iron_blade","weapon","8"
"people__B__40009","core:mill_disc","weapon","10"
"people__B__40009","core:spore_fan","weapon","2"
"people__B__40009","core:storm_fork","weapon","1"
"people__B__40009","core:ward_orbit","weapon","4"
"people__B__40010","core:harvest_scythe","weapon","6"
"people__B__40010","core:iron_blade","weapon","3"
"people__B__40010","core:levy_banner","weapon","5"
"people__B__40010","core:mill_disc","weapon","7"
"people__B__40010","core:spore_fan","weapon","3"
"people__B__40011","core:ember_wand","weapon","7"
"people__B__40011","core:iron_blade","weapon","4"
"people__B__40011","core:spore_fan","weapon","1"
"people__B__40011","core:storm_fork","weapon","5"
"people__B__40011","core:ward_orbit","weapon","2"
"people__B__40012","core:harvest_scythe","weapon","3"
"people__B__40012","core:iron_blade","weapon","2"
"people__B__40012","core:mill_disc","weapon","3"
"people__B__40012","core:storm_fork","weapon","3"
"people__B__40012","core:ward_orbit","weapon","3"
"people__B__40013","core:frost_chain","weapon","1"
"people__B__40013","core:harvest_scythe","weapon","7"
"people__B__40013","core:iron_blade","weapon","3"
"people__B__40013","core:spore_fan","weapon","4"
"people__B__40013","core:storm_fork","weapon","1"
"people__B__40014","core:canal_bow","weapon","4"
"people__B__40014","core:ember_wand","weapon","2"
"people__B__40014","core:frost_chain","weapon","6"
"people__B__40014","core:harvest_scythe","weapon","1"
"people__B__40014","core:iron_blade","weapon","3"
"people__B__40015","core:canal_bow","weapon","1"
"people__B__40015","core:ember_wand","weapon","2"
"people__B__40015","core:frost_chain","weapon","6"
"people__B__40015","core:iron_blade","weapon","5"
"people__B__40015","core:levy_banner","weapon","5"
"people__B__40016","core:ember_wand","weapon","5"
"people__B__40016","core:harvest_scythe","weapon","7"
"people__B__40016","core:iron_blade","weapon","8"
"people__B__40016","core:levy_banner","weapon","4"
"people__B__40016","core:ward_orbit","weapon","4"
"people__B__40017","core:canal_bow","weapon","4"
"people__B__40017","core:ember_wand","weapon","1"
"people__B__40017","core:iron_blade","weapon","3"
"people__B__40017","core:levy_banner","weapon","10"
"people__B__40017","core:storm_fork","weapon","3"
"people__B__40018","core:ember_wand","weapon","10"
"people__B__40018","core:frost_chain","weapon","3"
"people__B__40018","core:harvest_scythe","weapon","2"
"people__B__40018","core:iron_blade","weapon","2"
"people__B__40018","core:storm_fork","weapon","7"
"people__B__40019","core:ember_wand","weapon","3"
"people__B__40019","core:harvest_scythe","weapon","7"
"people__B__40019","core:iron_blade","weapon","1"
"people__B__40019","core:storm_fork","weapon","2"
"people__B__40019","core:ward_orbit","weapon","7"
"people__B__40020","core:canal_bow","weapon","3"
"people__B__40020","core:harvest_scythe","weapon","3"
"people__B__40020","core:iron_blade","weapon","5"
"people__B__40020","core:levy_banner","weapon","4"
"people__B__40020","core:ward_orbit","weapon","4"
"people__B__40021","core:canal_bow","weapon","6"
"people__B__40021","core:ember_wand","weapon","7"
"people__B__40021","core:frost_chain","weapon","6"
"people__B__40021","core:iron_blade","weapon","4"
"people__B__40021","core:storm_fork","weapon","4"
"people__B__40022","core:frost_chain","weapon","4"
"people__B__40022","core:harvest_scythe","weapon","2"
"people__B__40022","core:iron_blade","weapon","5"
"people__B__40022","core:levy_banner","weapon","9"
"people__B__40022","core:storm_fork","weapon","6"
"people__B__40023","core:canal_bow","weapon","3"
"people__B__40023","core:frost_chain","weapon","5"
"people__B__40023","core:iron_blade","weapon","3"
"people__B__40023","core:spore_fan","weapon","8"
"people__B__40023","core:storm_fork","weapon","6"
"people__B__40024","core:canal_bow","weapon","3"
"people__B__40024","core:frost_chain","weapon","3"
"people__B__40024","core:harvest_scythe","weapon","3"
"people__B__40024","core:iron_blade","weapon","6"
"people__B__40024","core:spore_fan","weapon","2"
"people__B__40025","core:frost_chain","weapon","8"
"people__B__40025","core:iron_blade","weapon","1"
"people__B__40025","core:levy_banner","weapon","2"
"people__B__40025","core:storm_fork","weapon","7"
"people__B__40025","core:ward_orbit","weapon","1"
"people__B__40026","core:harvest_scythe","weapon","1"
"people__B__40026","core:iron_blade","weapon","2"
"people__B__40026","core:levy_banner","weapon","4"
"people__B__40026","core:spore_fan","weapon","2"
"people__B__40026","core:ward_orbit","weapon","1"
"people__B__40027","core:canal_bow","weapon","2"
"people__B__40027","core:harvest_scythe","weapon","1"
"people__B__40027","core:iron_blade","weapon","2"
"people__B__40027","core:mill_disc","weapon","1"
"people__B__40027","core:ward_orbit","weapon","2"
"people__B__40028","core:ember_wand","weapon","9"
"people__B__40028","core:frost_chain","weapon","3"
"people__B__40028","core:iron_blade","weapon","6"
"people__B__40028","core:levy_banner","weapon","6"
"people__B__40028","core:mill_disc","weapon","4"
"people__B__40029","core:canal_bow","weapon","3"
"people__B__40029","core:ember_wand","weapon","6"
"people__B__40029","core:iron_blade","weapon","9"
"people__B__40029","core:levy_banner","weapon","3"
"people__B__40029","core:spore_fan","weapon","7"
"people__B__40030","core:frost_chain","weapon","5"
"people__B__40030","core:iron_blade","weapon","3"
"people__B__40030","core:levy_banner","weapon","4"
"people__B__40030","core:storm_fork","weapon","3"
"people__B__40030","core:ward_orbit","weapon","3"
"people__B__40031","core:canal_bow","weapon","1"
"people__B__40031","core:ember_wand","weapon","3"
"people__B__40031","core:iron_blade","weapon","7"
"people__B__40031","core:mill_disc","weapon","9"
"people__B__40031","core:spore_fan","weapon","3"
"people__C__40000","core:ember_wand","weapon","2"
"people__C__40000","core:harvest_scythe","weapon","2"
"people__C__40000","core:iron_blade","weapon","3"
"people__C__40000","core:levy_banner","weapon","9"
"people__C__40000","core:storm_fork","weapon","6"
"people__C__40001","core:canal_bow","weapon","1"
"people__C__40001","core:ember_wand","weapon","3"
"people__C__40001","core:iron_blade","weapon","5"
"people__C__40001","core:spore_fan","weapon","5"
"people__C__40001","core:storm_fork","weapon","4"
"people__C__40002","core:frost_chain","weapon","5"
"people__C__40002","core:iron_blade","weapon","2"
"people__C__40002","core:levy_banner","weapon","10"
"people__C__40002","core:mill_disc","weapon","4"
"people__C__40002","core:spore_fan","weapon","1"
"people__C__40003","core:ember_wand","weapon","4"
"people__C__40003","core:frost_chain","weapon","2"
"people__C__40003","core:iron_blade","weapon","6"
"people__C__40003","core:mill_disc","weapon","5"
"people__C__40003","core:storm_fork","weapon","1"
"people__C__40004","core:harvest_scythe","weapon","5"
"people__C__40004","core:iron_blade","weapon","2"
"people__C__40004","core:levy_banner","weapon","1"
"people__C__40004","core:mill_disc","weapon","5"
"people__C__40004","core:spore_fan","weapon","3"
"people__C__40005","core:ember_wand","weapon","3"
"people__C__40005","core:harvest_scythe","weapon","3"
"people__C__40005","core:iron_blade","weapon","4"
"people__C__40005","core:levy_banner","weapon","6"
"people__C__40005","core:ward_orbit","weapon","2"
"people__C__40006","core:ember_wand","weapon","4"
"people__C__40006","core:harvest_scythe","weapon","3"
"people__C__40006","core:iron_blade","weapon","6"
"people__C__40006","core:spore_fan","weapon","5"
"people__C__40006","core:ward_orbit","weapon","5"
"people__C__40007","core:ember_wand","weapon","3"
"people__C__40007","core:harvest_scythe","weapon","5"
"people__C__40007","core:iron_blade","weapon","2"
"people__C__40007","core:levy_banner","weapon","6"
"people__C__40007","core:storm_fork","weapon","8"
"people__C__40008","core:ember_wand","weapon","1"
"people__C__40008","core:frost_chain","weapon","5"
"people__C__40008","core:harvest_scythe","weapon","2"
"people__C__40008","core:iron_blade","weapon","3"
"people__C__40008","core:mill_disc","weapon","5"
"people__C__40009","core:frost_chain","weapon","3"
"people__C__40009","core:harvest_scythe","weapon","2"
"people__C__40009","core:iron_blade","weapon","9"
"people__C__40009","core:spore_fan","weapon","2"
"people__C__40009","core:ward_orbit","weapon","1"
"people__C__40010","core:harvest_scythe","weapon","2"
"people__C__40010","core:iron_blade","weapon","3"
"people__C__40010","core:levy_banner","weapon","7"
"people__C__40010","core:mill_disc","weapon","5"
"people__C__40010","core:storm_fork","weapon","4"
"people__C__40011","core:ember_wand","weapon","3"
"people__C__40011","core:iron_blade","weapon","7"
"people__C__40011","core:spore_fan","weapon","5"
"people__C__40011","core:storm_fork","weapon","2"
"people__C__40011","core:ward_orbit","weapon","10"
"people__C__40012","core:harvest_scythe","weapon","4"
"people__C__40012","core:iron_blade","weapon","3"
"people__C__40012","core:mill_disc","weapon","4"
"people__C__40012","core:storm_fork","weapon","10"
"people__C__40012","core:ward_orbit","weapon","3"
"people__C__40013","core:iron_blade","weapon","4"
"people__C__40013","core:levy_banner","weapon","4"
"people__C__40013","core:spore_fan","weapon","9"
"people__C__40013","core:storm_fork","weapon","3"
"people__C__40013","core:ward_orbit","weapon","1"
"people__C__40014","core:canal_bow","weapon","6"
"people__C__40014","core:ember_wand","weapon","2"
"people__C__40014","core:frost_chain","weapon","3"
"people__C__40014","core:harvest_scythe","weapon","1"
"people__C__40014","core:iron_blade","weapon","2"
"people__C__40015","core:canal_bow","weapon","4"
"people__C__40015","core:frost_chain","weapon","2"
"people__C__40015","core:harvest_scythe","weapon","5"
"people__C__40015","core:iron_blade","weapon","6"
"people__C__40015","core:ward_orbit","weapon","4"
"people__C__40016","core:ember_wand","weapon","3"
"people__C__40016","core:frost_chain","weapon","4"
"people__C__40016","core:harvest_scythe","weapon","4"
"people__C__40016","core:iron_blade","weapon","6"
"people__C__40016","core:ward_orbit","weapon","4"
"people__C__40017","core:canal_bow","weapon","3"
"people__C__40017","core:iron_blade","weapon","2"
"people__C__40017","core:levy_banner","weapon","7"
"people__C__40017","core:storm_fork","weapon","3"
"people__C__40017","core:ward_orbit","weapon","2"
"people__C__40018","core:ember_wand","weapon","2"
"people__C__40018","core:frost_chain","weapon","3"
"people__C__40018","core:harvest_scythe","weapon","8"
"people__C__40018","core:iron_blade","weapon","4"
"people__C__40018","core:mill_disc","weapon","3"
"people__C__40019","core:ember_wand","weapon","4"
"people__C__40019","core:harvest_scythe","weapon","4"
"people__C__40019","core:iron_blade","weapon","2"
"people__C__40019","core:storm_fork","weapon","10"
"people__C__40019","core:ward_orbit","weapon","7"
"people__C__40020","core:ember_wand","weapon","3"
"people__C__40020","core:harvest_scythe","weapon","3"
"people__C__40020","core:iron_blade","weapon","2"
"people__C__40020","core:levy_banner","weapon","6"
"people__C__40020","core:ward_orbit","weapon","4"
"people__C__40021","core:canal_bow","weapon","2"
"people__C__40021","core:frost_chain","weapon","3"
"people__C__40021","core:iron_blade","weapon","4"
"people__C__40021","core:levy_banner","weapon","7"
"people__C__40021","core:storm_fork","weapon","6"
"people__C__40022","core:canal_bow","weapon","2"
"people__C__40022","core:ember_wand","weapon","1"
"people__C__40022","core:frost_chain","weapon","6"
"people__C__40022","core:iron_blade","weapon","4"
"people__C__40022","core:levy_banner","weapon","3"
"people__C__40023","core:canal_bow","weapon","3"
"people__C__40023","core:ember_wand","weapon","2"
"people__C__40023","core:iron_blade","weapon","3"
"people__C__40023","core:spore_fan","weapon","6"
"people__C__40023","core:storm_fork","weapon","6"
"people__C__40024","core:canal_bow","weapon","7"
"people__C__40024","core:ember_wand","weapon","4"
"people__C__40024","core:iron_blade","weapon","4"
"people__C__40024","core:spore_fan","weapon","3"
"people__C__40024","core:storm_fork","weapon","11"
"people__C__40025","core:frost_chain","weapon","1"
"people__C__40025","core:iron_blade","weapon","2"
"people__C__40025","core:levy_banner","weapon","5"
"people__C__40025","core:storm_fork","weapon","4"
"people__C__40025","core:ward_orbit","weapon","11"
"people__C__40026","core:frost_chain","weapon","2"
"people__C__40026","core:iron_blade","weapon","4"
"people__C__40026","core:levy_banner","weapon","2"
"people__C__40026","core:storm_fork","weapon","9"
"people__C__40026","core:ward_orbit","weapon","2"
"people__C__40027","core:frost_chain","weapon","2"
"people__C__40027","core:harvest_scythe","weapon","2"
"people__C__40027","core:iron_blade","weapon","2"
"people__C__40027","core:mill_disc","weapon","3"
"people__C__40027","core:spore_fan","weapon","5"
"people__C__40028","core:ember_wand","weapon","6"
"people__C__40028","core:frost_chain","weapon","6"
"people__C__40028","core:iron_blade","weapon","6"
"people__C__40028","core:levy_banner","weapon","5"
"people__C__40028","core:mill_disc","weapon","3"
"people__C__40029","core:canal_bow","weapon","3"
"people__C__40029","core:ember_wand","weapon","2"
"people__C__40029","core:iron_blade","weapon","4"
"people__C__40029","core:spore_fan","weapon","11"
"people__C__40029","core:storm_fork","weapon","6"
"people__C__40030","core:frost_chain","weapon","4"
"people__C__40030","core:iron_blade","weapon","3"
"people__C__40030","core:levy_banner","weapon","5"
"people__C__40030","core:storm_fork","weapon","7"
"people__C__40030","core:ward_orbit","weapon","2"
"people__C__40031","core:frost_chain","weapon","2"
"people__C__40031","core:iron_blade","weapon","5"
"people__C__40031","core:levy_banner","weapon","4"
"people__C__40031","core:spore_fan","weapon","5"
"people__C__40031","core:ward_orbit","weapon","4"
"random__A__40000","core:harvest_scythe","weapon","4"
"random__A__40000","core:iron_blade","weapon","5"
"random__A__40000","core:levy_banner","weapon","5"
"random__A__40000","core:storm_fork","weapon","6"
"random__A__40000","core:ward_orbit","weapon","2"
"random__A__40001","core:frost_chain","weapon","3"
"random__A__40001","core:harvest_scythe","weapon","7"
"random__A__40001","core:iron_blade","weapon","5"
"random__A__40001","core:levy_banner","weapon","5"
"random__A__40001","core:spore_fan","weapon","2"
"random__A__40002","core:ember_wand","weapon","3"
"random__A__40002","core:iron_blade","weapon","3"
"random__A__40002","core:levy_banner","weapon","8"
"random__A__40002","core:storm_fork","weapon","2"
"random__A__40002","core:ward_orbit","weapon","3"
"random__A__40003","core:ember_wand","weapon","5"
"random__A__40003","core:frost_chain","weapon","4"
"random__A__40003","core:harvest_scythe","weapon","3"
"random__A__40003","core:iron_blade","weapon","4"
"random__A__40003","core:spore_fan","weapon","9"
"random__A__40004","core:frost_chain","weapon","5"
"random__A__40004","core:harvest_scythe","weapon","1"
"random__A__40004","core:iron_blade","weapon","7"
"random__A__40004","core:mill_disc","weapon","4"
"random__A__40004","core:spore_fan","weapon","6"
"random__A__40005","core:harvest_scythe","weapon","8"
"random__A__40005","core:iron_blade","weapon","8"
"random__A__40005","core:levy_banner","weapon","4"
"random__A__40005","core:storm_fork","weapon","6"
"random__A__40005","core:ward_orbit","weapon","7"
"random__A__40006","core:ember_wand","weapon","6"
"random__A__40006","core:frost_chain","weapon","5"
"random__A__40006","core:iron_blade","weapon","3"
"random__A__40006","core:spore_fan","weapon","7"
"random__A__40006","core:ward_orbit","weapon","3"
"random__A__40007","core:harvest_scythe","weapon","7"
"random__A__40007","core:iron_blade","weapon","4"
"random__A__40007","core:levy_banner","weapon","7"
"random__A__40007","core:spore_fan","weapon","4"
"random__A__40007","core:storm_fork","weapon","6"
"random__A__40008","core:frost_chain","weapon","4"
"random__A__40008","core:harvest_scythe","weapon","4"
"random__A__40008","core:iron_blade","weapon","7"
"random__A__40008","core:mill_disc","weapon","6"
"random__A__40008","core:storm_fork","weapon","4"
"random__A__40009","core:ember_wand","weapon","5"
"random__A__40009","core:frost_chain","weapon","2"
"random__A__40009","core:iron_blade","weapon","6"
"random__A__40009","core:spore_fan","weapon","6"
"random__A__40009","core:ward_orbit","weapon","3"
"random__A__40010","core:harvest_scythe","weapon","4"
"random__A__40010","core:iron_blade","weapon","5"
"random__A__40010","core:levy_banner","weapon","7"
"random__A__40010","core:mill_disc","weapon","7"
"random__A__40010","core:storm_fork","weapon","2"
"random__A__40011","core:ember_wand","weapon","4"
"random__A__40011","core:iron_blade","weapon","3"
"random__A__40011","core:spore_fan","weapon","3"
"random__A__40011","core:storm_fork","weapon","4"
"random__A__40011","core:ward_orbit","weapon","4"
"random__A__40012","core:harvest_scythe","weapon","3"
"random__A__40012","core:iron_blade","weapon","3"
"random__A__40012","core:mill_disc","weapon","3"
"random__A__40012","core:storm_fork","weapon","6"
"random__A__40012","core:ward_orbit","weapon","5"
"random__A__40013","core:ember_wand","weapon","5"
"random__A__40013","core:harvest_scythe","weapon","4"
"random__A__40013","core:iron_blade","weapon","4"
"random__A__40013","core:spore_fan","weapon","4"
"random__A__40013","core:storm_fork","weapon","6"
"random__A__40014","core:ember_wand","weapon","5"
"random__A__40014","core:frost_chain","weapon","1"
"random__A__40014","core:harvest_scythe","weapon","3"
"random__A__40014","core:iron_blade","weapon","2"
"random__A__40014","core:ward_orbit","weapon","1"
"random__A__40015","core:canal_bow","weapon","3"
"random__A__40015","core:frost_chain","weapon","4"
"random__A__40015","core:iron_blade","weapon","5"
"random__A__40015","core:levy_banner","weapon","2"
"random__A__40015","core:spore_fan","weapon","4"
"random__A__40016","core:ember_wand","weapon","4"
"random__A__40016","core:harvest_scythe","weapon","2"
"random__A__40016","core:iron_blade","weapon","6"
"random__A__40016","core:storm_fork","weapon","8"
"random__A__40016","core:ward_orbit","weapon","4"
"random__A__40017","core:canal_bow","weapon","2"
"random__A__40017","core:iron_blade","weapon","7"
"random__A__40017","core:mill_disc","weapon","3"
"random__A__40017","core:spore_fan","weapon","7"
"random__A__40017","core:storm_fork","weapon","3"
"random__A__40018","core:harvest_scythe","weapon","1"
"random__A__40018","core:iron_blade","weapon","4"
"random__A__40018","core:levy_banner","weapon","9"
"random__A__40018","core:storm_fork","weapon","5"
"random__A__40018","core:ward_orbit","weapon","1"
"random__A__40019","core:ember_wand","weapon","2"
"random__A__40019","core:harvest_scythe","weapon","5"
"random__A__40019","core:iron_blade","weapon","10"
"random__A__40019","core:storm_fork","weapon","1"
"random__A__40019","core:ward_orbit","weapon","5"
"random__A__40020","core:frost_chain","weapon","6"
"random__A__40020","core:harvest_scythe","weapon","4"
"random__A__40020","core:iron_blade","weapon","3"
"random__A__40020","core:levy_banner","weapon","9"
"random__A__40020","core:ward_orbit","weapon","3"
"random__A__40021","core:canal_bow","weapon","9"
"random__A__40021","core:frost_chain","weapon","9"
"random__A__40021","core:iron_blade","weapon","4"
"random__A__40021","core:spore_fan","weapon","5"
"random__A__40021","core:storm_fork","weapon","2"
"random__A__40022","core:harvest_scythe","weapon","2"
"random__A__40022","core:iron_blade","weapon","3"
"random__A__40022","core:spore_fan","weapon","5"
"random__A__40022","core:storm_fork","weapon","6"
"random__A__40022","core:ward_orbit","weapon","4"
"random__A__40023","core:ember_wand","weapon","3"
"random__A__40023","core:harvest_scythe","weapon","3"
"random__A__40023","core:iron_blade","weapon","3"
"random__A__40023","core:levy_banner","weapon","8"
"random__A__40023","core:storm_fork","weapon","4"
"random__A__40024","core:canal_bow","weapon","4"
"random__A__40024","core:ember_wand","weapon","6"
"random__A__40024","core:iron_blade","weapon","5"
"random__A__40024","core:spore_fan","weapon","2"
"random__A__40024","core:ward_orbit","weapon","6"
"random__A__40025","core:frost_chain","weapon","5"
"random__A__40025","core:iron_blade","weapon","5"
"random__A__40025","core:levy_banner","weapon","4"
"random__A__40025","core:storm_fork","weapon","3"
"random__A__40025","core:ward_orbit","weapon","2"
"random__A__40026","core:canal_bow","weapon","4"
"random__A__40026","core:frost_chain","weapon","3"
"random__A__40026","core:iron_blade","weapon","2"
"random__A__40026","core:levy_banner","weapon","8"
"random__A__40026","core:spore_fan","weapon","7"
"random__A__40027","core:ember_wand","weapon","5"
"random__A__40027","core:harvest_scythe","weapon","2"
"random__A__40027","core:iron_blade","weapon","4"
"random__A__40027","core:spore_fan","weapon","3"
"random__A__40027","core:storm_fork","weapon","4"
"random__A__40028","core:canal_bow","weapon","3"
"random__A__40028","core:frost_chain","weapon","3"
"random__A__40028","core:iron_blade","weapon","3"
"random__A__40028","core:mill_disc","weapon","8"
"random__A__40028","core:ward_orbit","weapon","5"
"random__A__40029","core:ember_wand","weapon","2"
"random__A__40029","core:iron_blade","weapon","2"
"random__A__40029","core:mill_disc","weapon","7"
"random__A__40029","core:spore_fan","weapon","6"
"random__A__40029","core:storm_fork","weapon","5"
"random__A__40030","core:frost_chain","weapon","3"
"random__A__40030","core:iron_blade","weapon","2"
"random__A__40030","core:levy_banner","weapon","5"
"random__A__40030","core:storm_fork","weapon","8"
"random__A__40030","core:ward_orbit","weapon","6"
"random__A__40031","core:harvest_scythe","weapon","4"
"random__A__40031","core:iron_blade","weapon","11"
"random__A__40031","core:levy_banner","weapon","8"
"random__A__40031","core:spore_fan","weapon","1"
"random__A__40031","core:storm_fork","weapon","7"
"random__B__40000","core:frost_chain","weapon","3"
"random__B__40000","core:harvest_scythe","weapon","4"
"random__B__40000","core:iron_blade","weapon","3"
"random__B__40000","core:spore_fan","weapon","3"
"random__B__40000","core:ward_orbit","weapon","5"
"random__B__40001","core:iron_blade","weapon","5"
"random__B__40001","core:levy_banner","weapon","2"
"random__B__40001","core:mill_disc","weapon","1"
"random__B__40001","core:spore_fan","weapon","6"
"random__B__40001","core:storm_fork","weapon","3"
"random__B__40002","core:ember_wand","weapon","4"
"random__B__40002","core:iron_blade","weapon","5"
"random__B__40002","core:levy_banner","weapon","5"
"random__B__40002","core:storm_fork","weapon","2"
"random__B__40002","core:ward_orbit","weapon","2"
"random__B__40003","core:ember_wand","weapon","2"
"random__B__40003","core:frost_chain","weapon","3"
"random__B__40003","core:harvest_scythe","weapon","12"
"random__B__40003","core:iron_blade","weapon","4"
"random__B__40003","core:ward_orbit","weapon","6"
"random__B__40004","core:iron_blade","weapon","3"
"random__B__40004","core:levy_banner","weapon","5"
"random__B__40004","core:mill_disc","weapon","7"
"random__B__40004","core:spore_fan","weapon","1"
"random__B__40004","core:ward_orbit","weapon","11"
"random__B__40005","core:harvest_scythe","weapon","4"
"random__B__40005","core:iron_blade","weapon","2"
"random__B__40005","core:levy_banner","weapon","6"
"random__B__40005","core:mill_disc","weapon","9"
"random__B__40005","core:ward_orbit","weapon","4"
"random__B__40006","core:frost_chain","weapon","3"
"random__B__40006","core:iron_blade","weapon","6"
"random__B__40006","core:levy_banner","weapon","2"
"random__B__40006","core:mill_disc","weapon","6"
"random__B__40006","core:spore_fan","weapon","5"
"random__B__40007","core:harvest_scythe","weapon","7"
"random__B__40007","core:iron_blade","weapon","3"
"random__B__40007","core:levy_banner","weapon","4"
"random__B__40007","core:spore_fan","weapon","4"
"random__B__40007","core:storm_fork","weapon","10"
"random__B__40008","core:ember_wand","weapon","12"
"random__B__40008","core:frost_chain","weapon","6"
"random__B__40008","core:iron_blade","weapon","2"
"random__B__40008","core:levy_banner","weapon","5"
"random__B__40008","core:spore_fan","weapon","8"
"random__B__40009","core:iron_blade","weapon","6"
"random__B__40009","core:mill_disc","weapon","9"
"random__B__40009","core:spore_fan","weapon","7"
"random__B__40009","core:storm_fork","weapon","3"
"random__B__40009","core:ward_orbit","weapon","5"
"random__B__40010","core:harvest_scythe","weapon","4"
"random__B__40010","core:iron_blade","weapon","5"
"random__B__40010","core:levy_banner","weapon","7"
"random__B__40010","core:mill_disc","weapon","7"
"random__B__40010","core:storm_fork","weapon","2"
"random__B__40011","core:ember_wand","weapon","6"
"random__B__40011","core:iron_blade","weapon","4"
"random__B__40011","core:spore_fan","weapon","4"
"random__B__40011","core:storm_fork","weapon","5"
"random__B__40011","core:ward_orbit","weapon","6"
"random__B__40012","core:harvest_scythe","weapon","4"
"random__B__40012","core:iron_blade","weapon","6"
"random__B__40012","core:mill_disc","weapon","2"
"random__B__40012","core:storm_fork","weapon","4"
"random__B__40012","core:ward_orbit","weapon","9"
"random__B__40013","core:frost_chain","weapon","5"
"random__B__40013","core:harvest_scythe","weapon","4"
"random__B__40013","core:iron_blade","weapon","5"
"random__B__40013","core:spore_fan","weapon","5"
"random__B__40013","core:storm_fork","weapon","8"
"random__B__40014","core:ember_wand","weapon","5"
"random__B__40014","core:frost_chain","weapon","1"
"random__B__40014","core:iron_blade","weapon","1"
"random__B__40014","core:storm_fork","weapon","1"
"random__B__40014","core:ward_orbit","weapon","2"
"random__B__40015","core:canal_bow","weapon","10"
"random__B__40015","core:frost_chain","weapon","5"
"random__B__40015","core:iron_blade","weapon","8"
"random__B__40015","core:levy_banner","weapon","3"
"random__B__40015","core:spore_fan","weapon","4"
"random__B__40016","core:ember_wand","weapon","9"
"random__B__40016","core:harvest_scythe","weapon","5"
"random__B__40016","core:iron_blade","weapon","10"
"random__B__40016","core:storm_fork","weapon","4"
"random__B__40016","core:ward_orbit","weapon","3"
"random__B__40017","core:canal_bow","weapon","2"
"random__B__40017","core:iron_blade","weapon","10"
"random__B__40017","core:mill_disc","weapon","6"
"random__B__40017","core:spore_fan","weapon","10"
"random__B__40017","core:storm_fork","weapon","5"
"random__B__40018","core:harvest_scythe","weapon","6"
"random__B__40018","core:iron_blade","weapon","7"
"random__B__40018","core:levy_banner","weapon","9"
"random__B__40018","core:spore_fan","weapon","4"
"random__B__40018","core:storm_fork","weapon","6"
"random__B__40019","core:ember_wand","weapon","4"
"random__B__40019","core:harvest_scythe","weapon","5"
"random__B__40019","core:iron_blade","weapon","2"
"random__B__40019","core:storm_fork","weapon","4"
"random__B__40019","core:ward_orbit","weapon","7"
"random__B__40020","core:frost_chain","weapon","2"
"random__B__40020","core:harvest_scythe","weapon","8"
"random__B__40020","core:iron_blade","weapon","3"
"random__B__40020","core:levy_banner","weapon","11"
"random__B__40020","core:ward_orbit","weapon","3"
"random__B__40021","core:canal_bow","weapon","4"
"random__B__40021","core:ember_wand","weapon","4"
"random__B__40021","core:frost_chain","weapon","5"
"random__B__40021","core:iron_blade","weapon","6"
"random__B__40021","core:storm_fork","weapon","4"
"random__B__40022","core:harvest_scythe","weapon","2"
"random__B__40022","core:iron_blade","weapon","3"
"random__B__40022","core:spore_fan","weapon","3"
"random__B__40022","core:storm_fork","weapon","3"
"random__B__40022","core:ward_orbit","weapon","7"
"random__B__40023","core:canal_bow","weapon","2"
"random__B__40023","core:frost_chain","weapon","6"
"random__B__40023","core:iron_blade","weapon","8"
"random__B__40023","core:spore_fan","weapon","2"
"random__B__40023","core:storm_fork","weapon","4"
"random__B__40024","core:canal_bow","weapon","5"
"random__B__40024","core:harvest_scythe","weapon","7"
"random__B__40024","core:iron_blade","weapon","9"
"random__B__40024","core:spore_fan","weapon","2"
"random__B__40024","core:ward_orbit","weapon","5"
"random__B__40025","core:frost_chain","weapon","2"
"random__B__40025","core:iron_blade","weapon","4"
"random__B__40025","core:levy_banner","weapon","4"
"random__B__40025","core:storm_fork","weapon","6"
"random__B__40025","core:ward_orbit","weapon","2"
"random__B__40026","core:canal_bow","weapon","4"
"random__B__40026","core:frost_chain","weapon","3"
"random__B__40026","core:iron_blade","weapon","3"
"random__B__40026","core:levy_banner","weapon","3"
"random__B__40026","core:spore_fan","weapon","5"
"random__B__40027","core:canal_bow","weapon","1"
"random__B__40027","core:harvest_scythe","weapon","4"
"random__B__40027","core:iron_blade","weapon","6"
"random__B__40027","core:mill_disc","weapon","3"
"random__B__40027","core:spore_fan","weapon","1"
"random__B__40028","core:canal_bow","weapon","2"
"random__B__40028","core:frost_chain","weapon","3"
"random__B__40028","core:iron_blade","weapon","6"
"random__B__40028","core:mill_disc","weapon","7"
"random__B__40028","core:ward_orbit","weapon","1"
"random__B__40029","core:ember_wand","weapon","10"
"random__B__40029","core:iron_blade","weapon","4"
"random__B__40029","core:mill_disc","weapon","6"
"random__B__40029","core:spore_fan","weapon","4"
"random__B__40029","core:storm_fork","weapon","5"
"random__B__40030","core:frost_chain","weapon","5"
"random__B__40030","core:iron_blade","weapon","3"
"random__B__40030","core:levy_banner","weapon","5"
"random__B__40030","core:storm_fork","weapon","5"
"random__B__40030","core:ward_orbit","weapon","4"
"random__B__40031","core:canal_bow","weapon","4"
"random__B__40031","core:harvest_scythe","weapon","4"
"random__B__40031","core:iron_blade","weapon","4"
"random__B__40031","core:levy_banner","weapon","5"
"random__B__40031","core:spore_fan","weapon","5"
"random__C__40000","core:frost_chain","weapon","3"
"random__C__40000","core:harvest_scythe","weapon","2"
"random__C__40000","core:iron_blade","weapon","6"
"random__C__40000","core:spore_fan","weapon","5"
"random__C__40000","core:ward_orbit","weapon","4"
"random__C__40001","core:harvest_scythe","weapon","9"
"random__C__40001","core:iron_blade","weapon","5"
"random__C__40001","core:spore_fan","weapon","2"
"random__C__40001","core:storm_fork","weapon","3"
"random__C__40001","core:ward_orbit","weapon","6"
"random__C__40002","core:ember_wand","weapon","5"
"random__C__40002","core:iron_blade","weapon","3"
"random__C__40002","core:levy_banner","weapon","2"
"random__C__40002","core:storm_fork","weapon","5"
"random__C__40002","core:ward_orbit","weapon","5"
"random__C__40003","core:ember_wand","weapon","4"
"random__C__40003","core:frost_chain","weapon","7"
"random__C__40003","core:iron_blade","weapon","5"
"random__C__40003","core:mill_disc","weapon","2"
"random__C__40003","core:storm_fork","weapon","4"
"random__C__40004","core:harvest_scythe","weapon","5"
"random__C__40004","core:iron_blade","weapon","3"
"random__C__40004","core:levy_banner","weapon","3"
"random__C__40004","core:mill_disc","weapon","7"
"random__C__40004","core:spore_fan","weapon","1"
"random__C__40005","core:harvest_scythe","weapon","3"
"random__C__40005","core:iron_blade","weapon","3"
"random__C__40005","core:levy_banner","weapon","7"
"random__C__40005","core:spore_fan","weapon","6"
"random__C__40005","core:ward_orbit","weapon","12"
"random__C__40006","core:harvest_scythe","weapon","5"
"random__C__40006","core:iron_blade","weapon","8"
"random__C__40006","core:levy_banner","weapon","10"
"random__C__40006","core:spore_fan","weapon","4"
"random__C__40006","core:ward_orbit","weapon","3"
"random__C__40007","core:harvest_scythe","weapon","5"
"random__C__40007","core:iron_blade","weapon","3"
"random__C__40007","core:levy_banner","weapon","5"
"random__C__40007","core:spore_fan","weapon","6"
"random__C__40007","core:storm_fork","weapon","11"
"random__C__40008","core:ember_wand","weapon","2"
"random__C__40008","core:frost_chain","weapon","4"
"random__C__40008","core:iron_blade","weapon","1"
"random__C__40008","core:levy_banner","weapon","9"
"random__C__40008","core:spore_fan","weapon","5"
"random__C__40009","core:ember_wand","weapon","2"
"random__C__40009","core:frost_chain","weapon","1"
"random__C__40009","core:iron_blade","weapon","4"
"random__C__40009","core:spore_fan","weapon","5"
"random__C__40009","core:ward_orbit","weapon","7"
"random__C__40010","core:harvest_scythe","weapon","4"
"random__C__40010","core:iron_blade","weapon","5"
"random__C__40010","core:levy_banner","weapon","7"
"random__C__40010","core:mill_disc","weapon","7"
"random__C__40010","core:storm_fork","weapon","2"
"random__C__40011","core:ember_wand","weapon","5"
"random__C__40011","core:iron_blade","weapon","11"
"random__C__40011","core:spore_fan","weapon","3"
"random__C__40011","core:storm_fork","weapon","2"
"random__C__40011","core:ward_orbit","weapon","3"
"random__C__40012","core:harvest_scythe","weapon","4"
"random__C__40012","core:iron_blade","weapon","2"
"random__C__40012","core:mill_disc","weapon","7"
"random__C__40012","core:storm_fork","weapon","9"
"random__C__40012","core:ward_orbit","weapon","4"
"random__C__40013","core:iron_blade","weapon","4"
"random__C__40013","core:levy_banner","weapon","10"
"random__C__40013","core:spore_fan","weapon","6"
"random__C__40013","core:storm_fork","weapon","4"
"random__C__40013","core:ward_orbit","weapon","3"
"random__C__40014","core:ember_wand","weapon","6"
"random__C__40014","core:frost_chain","weapon","2"
"random__C__40014","core:harvest_scythe","weapon","4"
"random__C__40014","core:iron_blade","weapon","3"
"random__C__40014","core:ward_orbit","weapon","4"
"random__C__40015","core:canal_bow","weapon","12"
"random__C__40015","core:frost_chain","weapon","2"
"random__C__40015","core:iron_blade","weapon","2"
"random__C__40015","core:levy_banner","weapon","6"
"random__C__40015","core:spore_fan","weapon","4"
"random__C__40016","core:ember_wand","weapon","6"
"random__C__40016","core:harvest_scythe","weapon","4"
"random__C__40016","core:iron_blade","weapon","12"
"random__C__40016","core:storm_fork","weapon","4"
"random__C__40016","core:ward_orbit","weapon","8"
"random__C__40017","core:canal_bow","weapon","3"
"random__C__40017","core:iron_blade","weapon","5"
"random__C__40017","core:mill_disc","weapon","5"
"random__C__40017","core:spore_fan","weapon","11"
"random__C__40017","core:storm_fork","weapon","3"
"random__C__40018","core:ember_wand","weapon","2"
"random__C__40018","core:harvest_scythe","weapon","2"
"random__C__40018","core:iron_blade","weapon","4"
"random__C__40018","core:levy_banner","weapon","10"
"random__C__40018","core:ward_orbit","weapon","4"
"random__C__40019","core:ember_wand","weapon","2"
"random__C__40019","core:harvest_scythe","weapon","6"
"random__C__40019","core:iron_blade","weapon","5"
"random__C__40019","core:storm_fork","weapon","6"
"random__C__40019","core:ward_orbit","weapon","3"
"random__C__40020","core:frost_chain","weapon","3"
"random__C__40020","core:harvest_scythe","weapon","2"
"random__C__40020","core:iron_blade","weapon","2"
"random__C__40020","core:levy_banner","weapon","12"
"random__C__40020","core:ward_orbit","weapon","7"
"random__C__40021","core:canal_bow","weapon","3"
"random__C__40021","core:frost_chain","weapon","4"
"random__C__40021","core:iron_blade","weapon","5"
"random__C__40021","core:levy_banner","weapon","3"
"random__C__40021","core:storm_fork","weapon","7"
"random__C__40022","core:harvest_scythe","weapon","10"
"random__C__40022","core:iron_blade","weapon","4"
"random__C__40022","core:spore_fan","weapon","5"
"random__C__40022","core:storm_fork","weapon","8"
"random__C__40022","core:ward_orbit","weapon","5"
"random__C__40023","core:canal_bow","weapon","7"
"random__C__40023","core:ember_wand","weapon","1"
"random__C__40023","core:iron_blade","weapon","3"
"random__C__40023","core:spore_fan","weapon","7"
"random__C__40023","core:storm_fork","weapon","1"
"random__C__40024","core:canal_bow","weapon","7"
"random__C__40024","core:ember_wand","weapon","5"
"random__C__40024","core:iron_blade","weapon","6"
"random__C__40024","core:spore_fan","weapon","5"
"random__C__40024","core:storm_fork","weapon","4"
"random__C__40025","core:frost_chain","weapon","7"
"random__C__40025","core:iron_blade","weapon","5"
"random__C__40025","core:levy_banner","weapon","1"
"random__C__40025","core:storm_fork","weapon","2"
"random__C__40025","core:ward_orbit","weapon","6"
"random__C__40026","core:canal_bow","weapon","6"
"random__C__40026","core:frost_chain","weapon","9"
"random__C__40026","core:iron_blade","weapon","3"
"random__C__40026","core:levy_banner","weapon","4"
"random__C__40026","core:spore_fan","weapon","8"
"random__C__40027","core:ember_wand","weapon","8"
"random__C__40027","core:harvest_scythe","weapon","8"
"random__C__40027","core:iron_blade","weapon","2"
"random__C__40027","core:spore_fan","weapon","4"
"random__C__40027","core:storm_fork","weapon","8"
"random__C__40028","core:canal_bow","weapon","2"
"random__C__40028","core:frost_chain","weapon","4"
"random__C__40028","core:iron_blade","weapon","10"
"random__C__40028","core:mill_disc","weapon","8"
"random__C__40028","core:ward_orbit","weapon","1"
"random__C__40029","core:ember_wand","weapon","4"
"random__C__40029","core:iron_blade","weapon","6"
"random__C__40029","core:mill_disc","weapon","2"
"random__C__40029","core:spore_fan","weapon","8"
"random__C__40029","core:storm_fork","weapon","5"
"random__C__40030","core:frost_chain","weapon","5"
"random__C__40030","core:iron_blade","weapon","7"
"random__C__40030","core:levy_banner","weapon","5"
"random__C__40030","core:storm_fork","weapon","9"
"random__C__40030","core:ward_orbit","weapon","5"
"random__C__40031","core:frost_chain","weapon","1"
"random__C__40031","core:harvest_scythe","weapon","4"
"random__C__40031","core:iron_blade","weapon","4"
"random__C__40031","core:levy_banner","weapon","4"
"random__C__40031","core:spore_fan","weapon","9"
"weapon__A__40000","core:harvest_scythe","weapon","6"
"weapon__A__40000","core:iron_blade","weapon","6"
"weapon__A__40000","core:levy_banner","weapon","2"
"weapon__A__40000","core:mill_disc","weapon","3"
"weapon__A__40000","core:storm_fork","weapon","6"
"weapon__A__40001","core:ember_wand","weapon","2"
"weapon__A__40001","core:frost_chain","weapon","8"
"weapon__A__40001","core:iron_blade","weapon","3"
"weapon__A__40001","core:spore_fan","weapon","4"
"weapon__A__40001","core:ward_orbit","weapon","3"
"weapon__A__40002","core:ember_wand","weapon","3"
"weapon__A__40002","core:iron_blade","weapon","4"
"weapon__A__40002","core:levy_banner","weapon","3"
"weapon__A__40002","core:storm_fork","weapon","2"
"weapon__A__40002","core:ward_orbit","weapon","2"
"weapon__A__40003","core:ember_wand","weapon","4"
"weapon__A__40003","core:frost_chain","weapon","10"
"weapon__A__40003","core:iron_blade","weapon","2"
"weapon__A__40003","core:levy_banner","weapon","2"
"weapon__A__40003","core:mill_disc","weapon","6"
"weapon__A__40004","core:canal_bow","weapon","4"
"weapon__A__40004","core:harvest_scythe","weapon","3"
"weapon__A__40004","core:iron_blade","weapon","5"
"weapon__A__40004","core:levy_banner","weapon","9"
"weapon__A__40004","core:mill_disc","weapon","5"
"weapon__A__40005","core:canal_bow","weapon","3"
"weapon__A__40005","core:iron_blade","weapon","12"
"weapon__A__40005","core:levy_banner","weapon","5"
"weapon__A__40005","core:spore_fan","weapon","3"
"weapon__A__40005","core:ward_orbit","weapon","4"
"weapon__A__40006","core:canal_bow","weapon","8"
"weapon__A__40006","core:frost_chain","weapon","4"
"weapon__A__40006","core:iron_blade","weapon","7"
"weapon__A__40006","core:mill_disc","weapon","2"
"weapon__A__40006","core:spore_fan","weapon","6"
"weapon__A__40007","core:harvest_scythe","weapon","4"
"weapon__A__40007","core:iron_blade","weapon","8"
"weapon__A__40007","core:levy_banner","weapon","4"
"weapon__A__40007","core:spore_fan","weapon","4"
"weapon__A__40007","core:storm_fork","weapon","11"
"weapon__A__40008","core:canal_bow","weapon","9"
"weapon__A__40008","core:iron_blade","weapon","5"
"weapon__A__40008","core:levy_banner","weapon","2"
"weapon__A__40008","core:spore_fan","weapon","4"
"weapon__A__40008","core:ward_orbit","weapon","5"
"weapon__A__40009","core:frost_chain","weapon","4"
"weapon__A__40009","core:harvest_scythe","weapon","2"
"weapon__A__40009","core:iron_blade","weapon","8"
"weapon__A__40009","core:mill_disc","weapon","4"
"weapon__A__40009","core:ward_orbit","weapon","6"
"weapon__A__40010","core:frost_chain","weapon","5"
"weapon__A__40010","core:iron_blade","weapon","9"
"weapon__A__40010","core:levy_banner","weapon","6"
"weapon__A__40010","core:mill_disc","weapon","5"
"weapon__A__40010","core:storm_fork","weapon","4"
"weapon__A__40011","core:ember_wand","weapon","4"
"weapon__A__40011","core:iron_blade","weapon","8"
"weapon__A__40011","core:spore_fan","weapon","2"
"weapon__A__40011","core:storm_fork","weapon","7"
"weapon__A__40011","core:ward_orbit","weapon","4"
"weapon__A__40012","core:ember_wand","weapon","5"
"weapon__A__40012","core:iron_blade","weapon","4"
"weapon__A__40012","core:levy_banner","weapon","4"
"weapon__A__40012","core:mill_disc","weapon","4"
"weapon__A__40012","core:storm_fork","weapon","4"
"weapon__A__40013","core:frost_chain","weapon","2"
"weapon__A__40013","core:iron_blade","weapon","4"
"weapon__A__40013","core:levy_banner","weapon","2"
"weapon__A__40013","core:spore_fan","weapon","10"
"weapon__A__40013","core:storm_fork","weapon","4"
"weapon__A__40014","core:canal_bow","weapon","4"
"weapon__A__40014","core:ember_wand","weapon","5"
"weapon__A__40014","core:frost_chain","weapon","4"
"weapon__A__40014","core:harvest_scythe","weapon","6"
"weapon__A__40014","core:iron_blade","weapon","4"
"weapon__A__40015","core:canal_bow","weapon","7"
"weapon__A__40015","core:ember_wand","weapon","5"
"weapon__A__40015","core:frost_chain","weapon","2"
"weapon__A__40015","core:iron_blade","weapon","3"
"weapon__A__40015","core:spore_fan","weapon","6"
"weapon__A__40016","core:ember_wand","weapon","2"
"weapon__A__40016","core:harvest_scythe","weapon","6"
"weapon__A__40016","core:iron_blade","weapon","1"
"weapon__A__40016","core:spore_fan","weapon","6"
"weapon__A__40016","core:ward_orbit","weapon","7"
"weapon__A__40017","core:canal_bow","weapon","7"
"weapon__A__40017","core:iron_blade","weapon","7"
"weapon__A__40017","core:spore_fan","weapon","5"
"weapon__A__40017","core:storm_fork","weapon","2"
"weapon__A__40017","core:ward_orbit","weapon","7"
"weapon__A__40018","core:frost_chain","weapon","7"
"weapon__A__40018","core:harvest_scythe","weapon","7"
"weapon__A__40018","core:iron_blade","weapon","4"
"weapon__A__40018","core:levy_banner","weapon","1"
"weapon__A__40018","core:ward_orbit","weapon","5"
"weapon__A__40019","core:ember_wand","weapon","7"
"weapon__A__40019","core:harvest_scythe","weapon","7"
"weapon__A__40019","core:iron_blade","weapon","2"
"weapon__A__40019","core:storm_fork","weapon","7"
"weapon__A__40019","core:ward_orbit","weapon","10"
"weapon__A__40020","core:harvest_scythe","weapon","8"
"weapon__A__40020","core:iron_blade","weapon","8"
"weapon__A__40020","core:levy_banner","weapon","4"
"weapon__A__40020","core:mill_disc","weapon","6"
"weapon__A__40020","core:spore_fan","weapon","7"
"weapon__A__40021","core:canal_bow","weapon","2"
"weapon__A__40021","core:frost_chain","weapon","7"
"weapon__A__40021","core:iron_blade","weapon","8"
"weapon__A__40021","core:spore_fan","weapon","6"
"weapon__A__40021","core:storm_fork","weapon","5"
"weapon__A__40022","core:canal_bow","weapon","2"
"weapon__A__40022","core:harvest_scythe","weapon","3"
"weapon__A__40022","core:iron_blade","weapon","7"
"weapon__A__40022","core:mill_disc","weapon","7"
"weapon__A__40022","core:ward_orbit","weapon","3"
"weapon__A__40023","core:iron_blade","weapon","4"
"weapon__A__40023","core:levy_banner","weapon","8"
"weapon__A__40023","core:mill_disc","weapon","6"
"weapon__A__40023","core:storm_fork","weapon","9"
"weapon__A__40023","core:ward_orbit","weapon","4"
"weapon__A__40024","core:canal_bow","weapon","3"
"weapon__A__40024","core:frost_chain","weapon","10"
"weapon__A__40024","core:iron_blade","weapon","5"
"weapon__A__40024","core:levy_banner","weapon","4"
"weapon__A__40024","core:storm_fork","weapon","6"
"weapon__A__40025","core:ember_wand","weapon","3"
"weapon__A__40025","core:frost_chain","weapon","5"
"weapon__A__40025","core:iron_blade","weapon","10"
"weapon__A__40025","core:mill_disc","weapon","1"
"weapon__A__40025","core:storm_fork","weapon","2"
"weapon__A__40026","core:canal_bow","weapon","4"
"weapon__A__40026","core:ember_wand","weapon","7"
"weapon__A__40026","core:iron_blade","weapon","5"
"weapon__A__40026","core:storm_fork","weapon","4"
"weapon__A__40026","core:ward_orbit","weapon","10"
"weapon__A__40027","core:harvest_scythe","weapon","11"
"weapon__A__40027","core:iron_blade","weapon","4"
"weapon__A__40027","core:levy_banner","weapon","11"
"weapon__A__40027","core:mill_disc","weapon","4"
"weapon__A__40027","core:storm_fork","weapon","2"
"weapon__A__40028","core:harvest_scythe","weapon","9"
"weapon__A__40028","core:iron_blade","weapon","3"
"weapon__A__40028","core:mill_disc","weapon","8"
"weapon__A__40028","core:storm_fork","weapon","5"
"weapon__A__40028","core:ward_orbit","weapon","4"
"weapon__A__40029","core:ember_wand","weapon","10"
"weapon__A__40029","core:frost_chain","weapon","8"
"weapon__A__40029","core:iron_blade","weapon","8"
"weapon__A__40029","core:levy_banner","weapon","8"
"weapon__A__40029","core:spore_fan","weapon","9"
"weapon__A__40030","core:frost_chain","weapon","5"
"weapon__A__40030","core:iron_blade","weapon","5"
"weapon__A__40030","core:levy_banner","weapon","4"
"weapon__A__40030","core:spore_fan","weapon","3"
"weapon__A__40030","core:storm_fork","weapon","4"
"weapon__A__40031","core:harvest_scythe","weapon","6"
"weapon__A__40031","core:iron_blade","weapon","3"
"weapon__A__40031","core:levy_banner","weapon","4"
"weapon__A__40031","core:spore_fan","weapon","4"
"weapon__A__40031","core:ward_orbit","weapon","8"
"weapon__B__40000","core:canal_bow","weapon","3"
"weapon__B__40000","core:frost_chain","weapon","1"
"weapon__B__40000","core:harvest_scythe","weapon","6"
"weapon__B__40000","core:iron_blade","weapon","6"
"weapon__B__40000","core:levy_banner","weapon","8"
"weapon__B__40001","core:ember_wand","weapon","3"
"weapon__B__40001","core:frost_chain","weapon","5"
"weapon__B__40001","core:iron_blade","weapon","3"
"weapon__B__40001","core:spore_fan","weapon","4"
"weapon__B__40001","core:ward_orbit","weapon","6"
"weapon__B__40002","core:ember_wand","weapon","4"
"weapon__B__40002","core:iron_blade","weapon","6"
"weapon__B__40002","core:levy_banner","weapon","4"
"weapon__B__40002","core:storm_fork","weapon","4"
"weapon__B__40002","core:ward_orbit","weapon","6"
"weapon__B__40003","core:ember_wand","weapon","6"
"weapon__B__40003","core:frost_chain","weapon","6"
"weapon__B__40003","core:iron_blade","weapon","5"
"weapon__B__40003","core:levy_banner","weapon","2"
"weapon__B__40003","core:mill_disc","weapon","4"
"weapon__B__40004","core:canal_bow","weapon","7"
"weapon__B__40004","core:harvest_scythe","weapon","10"
"weapon__B__40004","core:iron_blade","weapon","3"
"weapon__B__40004","core:levy_banner","weapon","6"
"weapon__B__40004","core:mill_disc","weapon","5"
"weapon__B__40005","core:canal_bow","weapon","3"
"weapon__B__40005","core:iron_blade","weapon","12"
"weapon__B__40005","core:levy_banner","weapon","8"
"weapon__B__40005","core:spore_fan","weapon","5"
"weapon__B__40005","core:ward_orbit","weapon","2"
"weapon__B__40006","core:canal_bow","weapon","7"
"weapon__B__40006","core:frost_chain","weapon","6"
"weapon__B__40006","core:iron_blade","weapon","7"
"weapon__B__40006","core:mill_disc","weapon","9"
"weapon__B__40006","core:spore_fan","weapon","2"
"weapon__B__40007","core:harvest_scythe","weapon","6"
"weapon__B__40007","core:iron_blade","weapon","6"
"weapon__B__40007","core:levy_banner","weapon","4"
"weapon__B__40007","core:spore_fan","weapon","5"
"weapon__B__40007","core:storm_fork","weapon","12"
"weapon__B__40008","core:canal_bow","weapon","3"
"weapon__B__40008","core:harvest_scythe","weapon","4"
"weapon__B__40008","core:iron_blade","weapon","9"
"weapon__B__40008","core:mill_disc","weapon","9"
"weapon__B__40008","core:spore_fan","weapon","5"
"weapon__B__40009","core:frost_chain","weapon","4"
"weapon__B__40009","core:harvest_scythe","weapon","10"
"weapon__B__40009","core:iron_blade","weapon","8"
"weapon__B__40009","core:mill_disc","weapon","6"
"weapon__B__40009","core:ward_orbit","weapon","5"
"weapon__B__40010","core:frost_chain","weapon","8"
"weapon__B__40010","core:iron_blade","weapon","11"
"weapon__B__40010","core:levy_banner","weapon","6"
"weapon__B__40010","core:mill_disc","weapon","4"
"weapon__B__40010","core:storm_fork","weapon","8"
"weapon__B__40011","core:ember_wand","weapon","3"
"weapon__B__40011","core:iron_blade","weapon","10"
"weapon__B__40011","core:spore_fan","weapon","7"
"weapon__B__40011","core:storm_fork","weapon","7"
"weapon__B__40011","core:ward_orbit","weapon","7"
"weapon__B__40012","core:canal_bow","weapon","3"
"weapon__B__40012","core:iron_blade","weapon","7"
"weapon__B__40012","core:levy_banner","weapon","8"
"weapon__B__40012","core:mill_disc","weapon","8"
"weapon__B__40012","core:storm_fork","weapon","6"
"weapon__B__40013","core:frost_chain","weapon","3"
"weapon__B__40013","core:iron_blade","weapon","5"
"weapon__B__40013","core:levy_banner","weapon","5"
"weapon__B__40013","core:spore_fan","weapon","12"
"weapon__B__40013","core:storm_fork","weapon","7"
"weapon__B__40014","core:canal_bow","weapon","4"
"weapon__B__40014","core:ember_wand","weapon","8"
"weapon__B__40014","core:frost_chain","weapon","3"
"weapon__B__40014","core:harvest_scythe","weapon","11"
"weapon__B__40014","core:iron_blade","weapon","4"
"weapon__B__40015","core:canal_bow","weapon","8"
"weapon__B__40015","core:ember_wand","weapon","5"
"weapon__B__40015","core:frost_chain","weapon","2"
"weapon__B__40015","core:iron_blade","weapon","2"
"weapon__B__40015","core:spore_fan","weapon","7"
"weapon__B__40016","core:ember_wand","weapon","2"
"weapon__B__40016","core:harvest_scythe","weapon","9"
"weapon__B__40016","core:iron_blade","weapon","3"
"weapon__B__40016","core:spore_fan","weapon","10"
"weapon__B__40016","core:ward_orbit","weapon","9"
"weapon__B__40017","core:canal_bow","weapon","7"
"weapon__B__40017","core:iron_blade","weapon","8"
"weapon__B__40017","core:spore_fan","weapon","5"
"weapon__B__40017","core:storm_fork","weapon","3"
"weapon__B__40017","core:ward_orbit","weapon","8"
"weapon__B__40018","core:frost_chain","weapon","11"
"weapon__B__40018","core:harvest_scythe","weapon","7"
"weapon__B__40018","core:iron_blade","weapon","6"
"weapon__B__40018","core:levy_banner","weapon","3"
"weapon__B__40018","core:ward_orbit","weapon","2"
"weapon__B__40019","core:ember_wand","weapon","7"
"weapon__B__40019","core:harvest_scythe","weapon","12"
"weapon__B__40019","core:iron_blade","weapon","4"
"weapon__B__40019","core:storm_fork","weapon","2"
"weapon__B__40019","core:ward_orbit","weapon","11"
"weapon__B__40020","core:harvest_scythe","weapon","8"
"weapon__B__40020","core:iron_blade","weapon","11"
"weapon__B__40020","core:levy_banner","weapon","6"
"weapon__B__40020","core:mill_disc","weapon","3"
"weapon__B__40020","core:spore_fan","weapon","4"
"weapon__B__40021","core:canal_bow","weapon","5"
"weapon__B__40021","core:frost_chain","weapon","8"
"weapon__B__40021","core:iron_blade","weapon","11"
"weapon__B__40021","core:spore_fan","weapon","6"
"weapon__B__40021","core:storm_fork","weapon","3"
"weapon__B__40022","core:canal_bow","weapon","4"
"weapon__B__40022","core:harvest_scythe","weapon","8"
"weapon__B__40022","core:iron_blade","weapon","6"
"weapon__B__40022","core:storm_fork","weapon","1"
"weapon__B__40022","core:ward_orbit","weapon","5"
"weapon__B__40023","core:iron_blade","weapon","8"
"weapon__B__40023","core:levy_banner","weapon","7"
"weapon__B__40023","core:mill_disc","weapon","5"
"weapon__B__40023","core:storm_fork","weapon","11"
"weapon__B__40023","core:ward_orbit","weapon","5"
"weapon__B__40024","core:ember_wand","weapon","5"
"weapon__B__40024","core:frost_chain","weapon","4"
"weapon__B__40024","core:iron_blade","weapon","8"
"weapon__B__40024","core:mill_disc","weapon","4"
"weapon__B__40024","core:storm_fork","weapon","4"
"weapon__B__40025","core:ember_wand","weapon","4"
"weapon__B__40025","core:frost_chain","weapon","4"
"weapon__B__40025","core:iron_blade","weapon","3"
"weapon__B__40025","core:mill_disc","weapon","7"
"weapon__B__40025","core:storm_fork","weapon","3"
"weapon__B__40026","core:ember_wand","weapon","10"
"weapon__B__40026","core:harvest_scythe","weapon","3"
"weapon__B__40026","core:iron_blade","weapon","6"
"weapon__B__40026","core:storm_fork","weapon","3"
"weapon__B__40026","core:ward_orbit","weapon","8"
"weapon__B__40027","core:harvest_scythe","weapon","3"
"weapon__B__40027","core:iron_blade","weapon","2"
"weapon__B__40027","core:levy_banner","weapon","4"
"weapon__B__40027","core:mill_disc","weapon","12"
"weapon__B__40027","core:storm_fork","weapon","7"
"weapon__B__40028","core:harvest_scythe","weapon","8"
"weapon__B__40028","core:iron_blade","weapon","2"
"weapon__B__40028","core:mill_disc","weapon","9"
"weapon__B__40028","core:storm_fork","weapon","3"
"weapon__B__40028","core:ward_orbit","weapon","5"
"weapon__B__40029","core:ember_wand","weapon","12"
"weapon__B__40029","core:frost_chain","weapon","12"
"weapon__B__40029","core:iron_blade","weapon","7"
"weapon__B__40029","core:levy_banner","weapon","5"
"weapon__B__40029","core:spore_fan","weapon","12"
"weapon__B__40030","core:frost_chain","weapon","4"
"weapon__B__40030","core:iron_blade","weapon","5"
"weapon__B__40030","core:levy_banner","weapon","5"
"weapon__B__40030","core:spore_fan","weapon","2"
"weapon__B__40030","core:storm_fork","weapon","2"
"weapon__B__40031","core:harvest_scythe","weapon","6"
"weapon__B__40031","core:iron_blade","weapon","3"
"weapon__B__40031","core:levy_banner","weapon","4"
"weapon__B__40031","core:spore_fan","weapon","4"
"weapon__B__40031","core:ward_orbit","weapon","8"
"weapon__C__40000","core:ember_wand","weapon","2"
"weapon__C__40000","core:frost_chain","weapon","4"
"weapon__C__40000","core:harvest_scythe","weapon","7"
"weapon__C__40000","core:iron_blade","weapon","3"
"weapon__C__40000","core:storm_fork","weapon","6"
"weapon__C__40001","core:ember_wand","weapon","6"
"weapon__C__40001","core:frost_chain","weapon","4"
"weapon__C__40001","core:iron_blade","weapon","3"
"weapon__C__40001","core:spore_fan","weapon","6"
"weapon__C__40001","core:ward_orbit","weapon","9"
"weapon__C__40002","core:ember_wand","weapon","4"
"weapon__C__40002","core:iron_blade","weapon","7"
"weapon__C__40002","core:levy_banner","weapon","7"
"weapon__C__40002","core:storm_fork","weapon","8"
"weapon__C__40002","core:ward_orbit","weapon","3"
"weapon__C__40003","core:ember_wand","weapon","3"
"weapon__C__40003","core:frost_chain","weapon","7"
"weapon__C__40003","core:iron_blade","weapon","4"
"weapon__C__40003","core:levy_banner","weapon","2"
"weapon__C__40003","core:mill_disc","weapon","4"
"weapon__C__40004","core:canal_bow","weapon","6"
"weapon__C__40004","core:harvest_scythe","weapon","9"
"weapon__C__40004","core:iron_blade","weapon","8"
"weapon__C__40004","core:levy_banner","weapon","4"
"weapon__C__40004","core:mill_disc","weapon","6"
"weapon__C__40005","core:canal_bow","weapon","1"
"weapon__C__40005","core:iron_blade","weapon","10"
"weapon__C__40005","core:levy_banner","weapon","4"
"weapon__C__40005","core:spore_fan","weapon","3"
"weapon__C__40005","core:ward_orbit","weapon","3"
"weapon__C__40006","core:canal_bow","weapon","9"
"weapon__C__40006","core:frost_chain","weapon","6"
"weapon__C__40006","core:iron_blade","weapon","4"
"weapon__C__40006","core:mill_disc","weapon","5"
"weapon__C__40006","core:spore_fan","weapon","2"
"weapon__C__40007","core:harvest_scythe","weapon","4"
"weapon__C__40007","core:iron_blade","weapon","5"
"weapon__C__40007","core:levy_banner","weapon","5"
"weapon__C__40007","core:spore_fan","weapon","7"
"weapon__C__40007","core:storm_fork","weapon","11"
"weapon__C__40008","core:frost_chain","weapon","5"
"weapon__C__40008","core:harvest_scythe","weapon","9"
"weapon__C__40008","core:iron_blade","weapon","6"
"weapon__C__40008","core:levy_banner","weapon","7"
"weapon__C__40008","core:mill_disc","weapon","4"
"weapon__C__40009","core:frost_chain","weapon","2"
"weapon__C__40009","core:harvest_scythe","weapon","7"
"weapon__C__40009","core:iron_blade","weapon","7"
"weapon__C__40009","core:mill_disc","weapon","4"
"weapon__C__40009","core:ward_orbit","weapon","4"
"weapon__C__40010","core:frost_chain","weapon","7"
"weapon__C__40010","core:iron_blade","weapon","9"
"weapon__C__40010","core:levy_banner","weapon","3"
"weapon__C__40010","core:mill_disc","weapon","4"
"weapon__C__40010","core:storm_fork","weapon","9"
"weapon__C__40011","core:ember_wand","weapon","5"
"weapon__C__40011","core:iron_blade","weapon","4"
"weapon__C__40011","core:spore_fan","weapon","2"
"weapon__C__40011","core:storm_fork","weapon","7"
"weapon__C__40011","core:ward_orbit","weapon","9"
"weapon__C__40012","core:harvest_scythe","weapon","1"
"weapon__C__40012","core:iron_blade","weapon","5"
"weapon__C__40012","core:levy_banner","weapon","6"
"weapon__C__40012","core:mill_disc","weapon","5"
"weapon__C__40012","core:storm_fork","weapon","8"
"weapon__C__40013","core:frost_chain","weapon","2"
"weapon__C__40013","core:iron_blade","weapon","9"
"weapon__C__40013","core:levy_banner","weapon","4"
"weapon__C__40013","core:spore_fan","weapon","7"
"weapon__C__40013","core:storm_fork","weapon","4"
"weapon__C__40014","core:canal_bow","weapon","6"
"weapon__C__40014","core:ember_wand","weapon","8"
"weapon__C__40014","core:frost_chain","weapon","5"
"weapon__C__40014","core:harvest_scythe","weapon","6"
"weapon__C__40014","core:iron_blade","weapon","3"
"weapon__C__40015","core:canal_bow","weapon","7"
"weapon__C__40015","core:ember_wand","weapon","3"
"weapon__C__40015","core:frost_chain","weapon","4"
"weapon__C__40015","core:iron_blade","weapon","5"
"weapon__C__40015","core:spore_fan","weapon","4"
"weapon__C__40016","core:ember_wand","weapon","6"
"weapon__C__40016","core:harvest_scythe","weapon","6"
"weapon__C__40016","core:iron_blade","weapon","6"
"weapon__C__40016","core:spore_fan","weapon","7"
"weapon__C__40016","core:ward_orbit","weapon","4"
"weapon__C__40017","core:canal_bow","weapon","2"
"weapon__C__40017","core:iron_blade","weapon","12"
"weapon__C__40017","core:spore_fan","weapon","7"
"weapon__C__40017","core:storm_fork","weapon","3"
"weapon__C__40017","core:ward_orbit","weapon","4"
"weapon__C__40018","core:frost_chain","weapon","4"
"weapon__C__40018","core:harvest_scythe","weapon","12"
"weapon__C__40018","core:iron_blade","weapon","8"
"weapon__C__40018","core:levy_banner","weapon","8"
"weapon__C__40018","core:ward_orbit","weapon","7"
"weapon__C__40019","core:ember_wand","weapon","12"
"weapon__C__40019","core:harvest_scythe","weapon","5"
"weapon__C__40019","core:iron_blade","weapon","2"
"weapon__C__40019","core:storm_fork","weapon","7"
"weapon__C__40019","core:ward_orbit","weapon","7"
"weapon__C__40020","core:harvest_scythe","weapon","4"
"weapon__C__40020","core:iron_blade","weapon","11"
"weapon__C__40020","core:levy_banner","weapon","6"
"weapon__C__40020","core:mill_disc","weapon","3"
"weapon__C__40020","core:spore_fan","weapon","4"
"weapon__C__40021","core:canal_bow","weapon","6"
"weapon__C__40021","core:frost_chain","weapon","1"
"weapon__C__40021","core:iron_blade","weapon","7"
"weapon__C__40021","core:spore_fan","weapon","4"
"weapon__C__40021","core:storm_fork","weapon","2"
"weapon__C__40022","core:canal_bow","weapon","10"
"weapon__C__40022","core:ember_wand","weapon","9"
"weapon__C__40022","core:harvest_scythe","weapon","1"
"weapon__C__40022","core:iron_blade","weapon","9"
"weapon__C__40022","core:ward_orbit","weapon","3"
"weapon__C__40023","core:iron_blade","weapon","6"
"weapon__C__40023","core:levy_banner","weapon","7"
"weapon__C__40023","core:mill_disc","weapon","5"
"weapon__C__40023","core:storm_fork","weapon","9"
"weapon__C__40023","core:ward_orbit","weapon","7"
"weapon__C__40024","core:frost_chain","weapon","6"
"weapon__C__40024","core:iron_blade","weapon","7"
"weapon__C__40024","core:spore_fan","weapon","5"
"weapon__C__40024","core:storm_fork","weapon","2"
"weapon__C__40024","core:ward_orbit","weapon","10"
"weapon__C__40025","core:ember_wand","weapon","7"
"weapon__C__40025","core:frost_chain","weapon","8"
"weapon__C__40025","core:iron_blade","weapon","8"
"weapon__C__40025","core:mill_disc","weapon","2"
"weapon__C__40025","core:storm_fork","weapon","2"
"weapon__C__40026","core:ember_wand","weapon","4"
"weapon__C__40026","core:iron_blade","weapon","2"
"weapon__C__40026","core:levy_banner","weapon","8"
"weapon__C__40026","core:storm_fork","weapon","7"
"weapon__C__40026","core:ward_orbit","weapon","12"
"weapon__C__40027","core:harvest_scythe","weapon","4"
"weapon__C__40027","core:iron_blade","weapon","5"
"weapon__C__40027","core:levy_banner","weapon","5"
"weapon__C__40027","core:mill_disc","weapon","10"
"weapon__C__40027","core:storm_fork","weapon","6"
"weapon__C__40028","core:harvest_scythe","weapon","9"
"weapon__C__40028","core:iron_blade","weapon","4"
"weapon__C__40028","core:mill_disc","weapon","5"
"weapon__C__40028","core:storm_fork","weapon","5"
"weapon__C__40028","core:ward_orbit","weapon","7"
"weapon__C__40029","core:ember_wand","weapon","11"
"weapon__C__40029","core:frost_chain","weapon","7"
"weapon__C__40029","core:iron_blade","weapon","6"
"weapon__C__40029","core:levy_banner","weapon","5"
"weapon__C__40029","core:spore_fan","weapon","10"
"weapon__C__40030","core:frost_chain","weapon","6"
"weapon__C__40030","core:iron_blade","weapon","4"
"weapon__C__40030","core:levy_banner","weapon","7"
"weapon__C__40030","core:spore_fan","weapon","2"
"weapon__C__40030","core:storm_fork","weapon","1"
"weapon__C__40031","core:harvest_scythe","weapon","6"
"weapon__C__40031","core:iron_blade","weapon","3"
"weapon__C__40031","core:levy_banner","weapon","4"
"weapon__C__40031","core:spore_fan","weapon","4"
"weapon__C__40031","core:ward_orbit","weapon","8"
