"caseId","observedTicks","actorKind","role","sourceId","attackAttempts","noTargetAttempts","hitCount","requestedDamage","appliedHpDamage","suppressedHpDamage","candidateCount","shapeEligibleCount","effectiveCooldownSum","knockbackDistance","completedActivations","completedEmptyActivations","overkillRequestedMinusApplied","noRadiusTargetRate","trueEmptyCompletedActivationRate"
"building__A__40000","27000","weapon","","core:harvest_scythe","675","361","508","28482","14811","0","705","508","26766","0","675","413","13671","0.5348148148148149","0.6118518518518519"
"building__A__40000","27000","weapon","","core:iron_blade","930","632","214","11591","5393","0","567","214","27000","0","930","787","6198","0.6795698924731183","0.8462365591397849"
"building__A__40000","27000","weapon","","core:levy_banner","588","309","2457","120475","81547","0","515","2457","21604","0","585","29","38928","0.5255102040816326","0.04957264957264957"
"building__A__40000","27000","weapon","","core:storm_fork","524","106","809","50527","25267","0","1352","809","22664","0","524","115","25260","0.20229007633587787","0.21946564885496184"
"building__A__40000","27000","weapon","","core:ward_orbit","1122","801","1659","61423","38992","0","470","1659","20440","0","1117","325","22431","0.713903743315508","0.2909579230080573"
"building__A__40001","27000","weapon","","core:frost_chain","822","234","673","23493","18053","0","1479","673","25180","0","818","283","5440","0.2846715328467153","0.34596577017114916"
"building__A__40001","27000","weapon","","core:iron_blade","1007","894","65","2577","1551","0","166","65","27024","0","1007","951","1026","0.887785501489573","0.9443892750744787"
"building__A__40001","27000","weapon","","core:levy_banner","732","628","1335","42730","33143","0","135","1335","25870","0","729","213","9587","0.8579234972677595","0.29218106995884774"
"building__A__40001","27000","weapon","","core:spore_fan","1669","559","4599","263649","153913","0","2529","4599","26494","0","1647","538","109736","0.33493109646494906","0.32665452337583484"
"building__A__40001","27000","weapon","","core:ward_orbit","1512","1280","948","25062","17775","0","289","948","24658","0","1507","921","7287","0.8465608465608465","0.6111479761114798"
"building__A__40002","27000","weapon","","core:ember_wand","1231","37","526","26137","14899","0","7973","526","26260","0","1227","701","11238","0.030056864337936636","0.5713121434392828"
"building__A__40002","27000","weapon","","core:iron_blade","900","837","42","1764","976","0","95","42","27000","0","900","872","788","0.93","0.9688888888888889"
"building__A__40002","27000","weapon","","core:levy_banner","823","357","3280","193449","116341","0","1036","3280","26658","0","819","38","77108","0.43377885783718106","0.0463980463980464"
"building__A__40002","27000","weapon","","core:storm_fork","526","179","330","16158","9745","0","737","330","25534","0","526","196","6413","0.3403041825095057","0.3726235741444867"
"building__A__40002","27000","weapon","","core:ward_orbit","1274","749","2420","99449","64134","0","962","2420","25072","0","1269","283","35315","0.5879120879120879","0.22301024428684002"
"building__A__40003","27000","weapon","","core:ember_wand","1805","145","571","36708","15889","0","6029","571","26224","0","1796","1278","20819","0.08033240997229917","0.7115812917594655"
"building__A__40003","27000","weapon","","core:frost_chain","1000","447","444","24106","13843","0","1050","444","26644","0","997","614","10263","0.447","0.6158475426278837"
"building__A__40003","27000","weapon","","core:harvest_scythe","642","507","149","7931","5128","0","201","149","24590","0","642","533","2803","0.7897196261682243","0.8302180685358256"
"building__A__40003","27000","weapon","","core:iron_blade","922","803","43","1332","841","0","194","43","27012","0","922","892","491","0.8709327548806941","0.9674620390455532"
"building__A__40003","27000","weapon","","core:spore_fan","3372","2254","3961","331822","162637","0","1898","3961","22560","0","3291","2136","169185","0.6684460260972717","0.6490428441203282"
"building__A__40004","27000","weapon","","core:frost_chain","1252","598","765","22904","18245","0","1175","765","26226","0","1243","671","4659","0.4776357827476038","0.5398230088495575"
"building__A__40004","27000","weapon","","core:harvest_scythe","809","754","55","1577","1066","0","66","55","26498","0","809","762","511","0.9320148331273177","0.9419035846724351"
"building__A__40004","27000","weapon","","core:iron_blade","1433","1385","19","490","337","0","71","19","27006","0","1433","1417","153","0.9665038381018841","0.988834612700628"
"building__A__40004","27000","weapon","","core:mill_disc","628","510","118","4574","3554","0","178","118","26770","0","625","533","1020","0.8121019108280255","0.8528"
"building__A__40004","27000","weapon","","core:spore_fan","10283","8196","6951","275932","197351","0","2921","6951","25828","0","10194","8055","78581","0.7970436643003015","0.7901706886403767"
"building__A__40005","27000","weapon","","core:harvest_scythe","714","426","379","24404","13641","0","498","379","25638","0","714","469","10763","0.5966386554621849","0.6568627450980392"
"building__A__40005","27000","weapon","","core:iron_blade","1026","864","120","6639","3590","0","307","120","27006","0","1026","941","3049","0.8421052631578947","0.9171539961013645"
"building__A__40005","27000","weapon","","core:levy_banner","953","473","2878","186569","112784","0","1120","2878","26228","0","949","95","73785","0.4963273871983211","0.10010537407797682"
"building__A__40005","27000","weapon","","core:storm_fork","609","252","520","29678","18942","0","843","520","26432","0","609","267","10736","0.41379310344827586","0.43842364532019706"
"building__A__40005","27000","weapon","","core:ward_orbit","2282","1309","3093","143514","97215","0","1829","3093","26550","0","2271","781","46299","0.5736196319018405","0.34390136503742846"
"building__A__40006","27000","weapon","","core:frost_chain","1200","56","758","36526","24518","0","8359","758","26462","0","1193","676","12008","0.04666666666666667","0.5666387259010897"
"building__A__40006","27000","weapon","","core:harvest_scythe","713","119","1004","61470","34640","0","2393","1004","21898","0","713","261","26830","0.16690042075736325","0.36605890603085556"
"building__A__40006","27000","weapon","","core:iron_blade","1101","634","167","7306","4706","0","875","167","27014","0","1101","978","2600","0.5758401453224341","0.888283378746594"
"building__A__40006","27000","weapon","","core:mill_disc","586","84","643","34071","17661","0","2131","643","26116","0","583","351","16410","0.14334470989761092","0.6020583190394511"
"building__A__40006","27000","weapon","","core:storm_fork","621","104","707","34794","18016","0","1998","707","25856","0","621","103","16778","0.16747181964573268","0.16586151368760063"
"building__A__40007","27000","weapon","","core:harvest_scythe","915","543","581","37556","18744","0","658","581","24834","0","915","570","18812","0.5934426229508196","0.6229508196721312"
"building__A__40007","27000","weapon","","core:iron_blade","1221","1132","79","2658","1817","0","183","79","27010","0","1221","1169","841","0.9271089271089271","0.9574119574119574"
"building__A__40007","27000","weapon","","core:levy_banner","1126","855","2025","97635","63692","0","460","2025","26376","0","1121","304","33943","0.7593250444049734","0.2711864406779661"
"building__A__40007","27000","weapon","","core:spore_fan","1839","831","3038","169830","105491","0","2023","3038","24320","0","1822","861","64339","0.45187601957585644","0.4725576289791438"
"building__A__40007","27000","weapon","","core:storm_fork","796","357","828","44777","28068","0","903","828","26238","0","796","366","16709","0.4484924623115578","0.45979899497487436"
"building__A__40008","27000","weapon","","core:frost_chain","835","60","390","14826","11313","0","7390","390","25760","0","832","504","3513","0.0718562874251497","0.6057692307692307"
"building__A__40008","27000","weapon","","core:harvest_scythe","627","179","930","49234","30040","0","2632","930","24538","0","627","262","19194","0.28548644338118023","0.4178628389154705"
"building__A__40008","27000","weapon","","core:iron_blade","1001","296","592","36528","18124","0","3472","592","27012","0","1001","688","18404","0.2957042957042957","0.6873126873126874"
"building__A__40008","27000","weapon","","core:mill_disc","546","65","630","35293","17018","0","3653","630","25970","0","544","343","18275","0.11904761904761904","0.6305147058823529"
"building__A__40008","27000","weapon","","core:storm_fork","486","63","434","16948","11062","0","2464","434","23582","0","486","65","5886","0.12962962962962962","0.1337448559670782"
"building__A__40009","27000","weapon","","core:ember_wand","1726","105","845","38806","20960","0","9636","845","23476","0","1717","1091","17846","0.060834298957126304","0.6354105998835178"
"building__A__40009","27000","weapon","","core:frost_chain","939","308","323","8805","6757","0","1667","323","26110","0","935","612","2048","0.32800851970181044","0.6545454545454545"
"building__A__40009","27000","weapon","","core:iron_blade","1044","903","76","3616","1998","0","189","76","27014","0","1044","986","1618","0.8649425287356322","0.9444444444444444"
"building__A__40009","27000","weapon","","core:spore_fan","1979","727","5001","231543","158740","0","2884","5001","26432","0","1964","635","72803","0.36735725113693785","0.32331975560081466"
"building__A__40009","27000","weapon","","core:ward_orbit","2128","1746","943","23167","17177","0","530","943","26792","0","2117","1518","5990","0.8204887218045113","0.7170524326877658"
"building__A__40010","27000","weapon","","core:harvest_scythe","1027","339","1597","104094","56618","0","1941","1597","26584","0","1027","389","47476","0.33008763388510226","0.37877312560856863"
"building__A__40010","27000","weapon","","core:iron_blade","1696","1250","488","30749","15665","0","896","488","27000","0","1696","1411","15084","0.7370283018867925","0.8319575471698113"
"building__A__40010","27000","weapon","","core:levy_banner","1716","671","4981","322374","190098","0","2837","4981","25906","0","1707","178","132276","0.391025641025641","0.10427650849443468"
"building__A__40010","27000","weapon","","core:mill_disc","809","193","1309","88955","38090","0","2366","1309","26191","0","805","404","50865","0.23856613102595797","0.5018633540372671"
"building__A__40010","27000","weapon","","core:storm_fork","705","249","431","20816","13466","0","1107","431","24992","0","705","274","7350","0.35319148936170214","0.38865248226950355"
"building__A__40011","27000","weapon","","core:frost_chain","1016","233","548","25378","17799","0","2240","548","26582","0","1013","565","7579","0.22933070866141733","0.5577492596248766"
"building__A__40011","27000","weapon","","core:iron_blade","1120","753","342","22992","9707","0","650","342","27004","0","1120","913","13285","0.6723214285714286","0.8151785714285714"
"building__A__40011","27000","weapon","","core:levy_banner","969","526","2348","145682","83352","0","827","2348","25206","0","965","131","62330","0.542827657378741","0.13575129533678756"
"building__A__40011","27000","weapon","","core:spore_fan","925","267","2439","141467","84109","0","1804","2439","20406","0","920","276","57358","0.28864864864864864","0.3"
"building__A__40011","27000","weapon","","core:storm_fork","532","335","184","7450","4714","0","322","184","25560","0","532","348","2736","0.6296992481203008","0.6541353383458647"
"building__A__40012","27000","weapon","","core:canal_bow","1158","25","146","5527","4167","0","12932","146","26234","0","1158","1012","1360","0.02158894645941278","0.8739205526770294"
"building__A__40012","27000","weapon","","core:iron_blade","1446","1069","94","3741","2048","0","604","94","27004","0","1446","1372","1693","0.7392807745504841","0.9488243430152143"
"building__A__40012","27000","weapon","","core:levy_banner","991","598","2530","72649","54446","0","627","2530","25532","0","991","328","18203","0.6034308779011099","0.33097880928355194"
"building__A__40012","27000","weapon","","core:mill_disc","609","208","96","2930","2135","0","1042","96","26571","0","608","556","795","0.3415435139573071","0.9144736842105263"
"building__A__40012","27000","weapon","","core:ward_orbit","7416","2260","4613","130513","93274","0","15024","4613","25857","0","7376","4598","37239","0.3047464940668824","0.6233731019522777"
"building__A__40013","27000","weapon","","core:ember_wand","1638","77","375","24299","11630","0","8358","375","17209","0","1622","1320","12669","0.04700854700854701","0.813810110974106"
"building__A__40013","27000","weapon","","core:harvest_scythe","708","540","232","15010","6349","0","314","232","21316","0","708","571","8661","0.7627118644067796","0.806497175141243"
"building__A__40013","27000","weapon","","core:iron_blade","1253","1147","77","3599","2088","0","174","77","27002","0","1253","1196","1511","0.9154030327214685","0.9545091779728652"
"building__A__40013","27000","weapon","","core:spore_fan","1917","706","3946","237993","147152","0","2715","3946","26403","0","1901","599","90841","0.368283776734481","0.3150973172014729"
"building__A__40013","27000","weapon","","core:storm_fork","748","352","671","42860","24262","0","843","671","25924","0","748","367","18598","0.47058823529411764","0.49064171122994654"
"building__A__40014","27000","weapon","","core:harvest_scythe","553","408","164","7603","5951","0","213","164","21014","0","553","435","1652","0.7377938517179023","0.786618444846293"
"building__A__40014","27000","weapon","","core:iron_blade","1207","711","404","25313","13613","0","937","404","27002","0","1207","939","11700","0.5890637945318973","0.7779618889809445"
"building__A__40014","27000","weapon","","core:mill_disc","493","173","912","54238","25871","0","736","912","22461","0","491","210","28367","0.3509127789046653","0.42769857433808556"
"building__A__40014","27000","weapon","","core:spore_fan","1265","268","4094","212221","146851","0","2809","4094","25633","0","1259","224","65370","0.21185770750988142","0.17791898332009531"
"building__A__40014","27000","weapon","","core:storm_fork","450","217","218","10018","7544","0","463","218","20700","0","450","232","2474","0.4822222222222222","0.5155555555555555"
"building__A__40015","27000","weapon","","core:canal_bow","1065","34","769","47831","21475","0","7034","769","26626","0","1060","545","26356","0.03192488262910798","0.5141509433962265"
"building__A__40015","27000","weapon","","core:frost_chain","886","310","604","24587","18049","0","1327","604","26764","0","885","388","6538","0.34988713318284426","0.4384180790960452"
"building__A__40015","27000","weapon","","core:iron_blade","935","852","53","1613","951","0","143","53","27018","0","935","898","662","0.9112299465240642","0.960427807486631"
"building__A__40015","27000","weapon","","core:levy_banner","915","671","1790","98235","62443","0","396","1790","25862","0","911","222","35792","0.7333333333333333","0.24368825466520308"
"building__A__40015","27000","weapon","","core:spore_fan","1840","521","7118","455272","257559","0","3440","7118","26153","0","1832","515","197713","0.2831521739130435","0.28111353711790393"
"building__A__40016","27000","weapon","","core:ember_wand","2290","16","1087","95076","33151","0","39195","1087","26254","0","2277","1456","61925","0.0069868995633187774","0.6394378568291612"
"building__A__40016","27000","weapon","","core:harvest_scythe","754","254","719","61101","27746","0","1143","719","25408","0","754","361","33355","0.33687002652519893","0.47877984084880637"
"building__A__40016","27000","weapon","","core:iron_blade","1185","701","287","24778","9908","0","822","287","27012","0","1185","995","14870","0.5915611814345991","0.8396624472573839"
"building__A__40016","27000","weapon","","core:storm_fork","705","99","1140","103868","48628","0","1875","1140","25932","0","705","100","55240","0.14042553191489363","0.14184397163120568"
"building__A__40016","27000","weapon","","core:ward_orbit","2237","1529","1540","86394","49691","0","1074","1540","26766","0","2225","1255","36703","0.683504693786321","0.5640449438202247"
"building__A__40017","27000","weapon","","core:canal_bow","1240","105","553","34944","16091","0","4518","553","26111","0","1236","683","18853","0.0846774193548387","0.5525889967637541"
"building__A__40017","27000","weapon","","core:iron_blade","1366","1314","42","1524","979","0","132","42","27012","0","1366","1335","545","0.9619326500732065","0.9773060029282576"
"building__A__40017","27000","weapon","","core:mill_disc","580","571","340","23010","9507","0","9","340","23604","0","580","460","13503","0.9844827586206897","0.7931034482758621"
"building__A__40017","27000","weapon","","core:spore_fan","7195","5547","5002","391558","215324","0","2194","5002","25859","0","7106","5424","176234","0.7709520500347463","0.7632986208837602"
"building__A__40017","27000","weapon","","core:storm_fork","657","618","39","1376","733","0","79","39","26524","0","657","618","643","0.9406392694063926","0.9406392694063926"
"building__A__40018","27000","weapon","","core:ember_wand","935","33","657","49060","19221","0","5601","657","18570","0","933","477","29839","0.03529411764705882","0.5112540192926045"
"building__A__40018","27000","weapon","","core:harvest_scythe","724","275","989","84365","32483","0","1229","989","26786","0","724","332","51882","0.3798342541436464","0.4585635359116022"
"building__A__40018","27000","weapon","","core:iron_blade","908","649","68","3632","1337","0","470","68","27018","0","908","853","2295","0.7147577092511013","0.9394273127753304"
"building__A__40018","27000","weapon","","core:levy_banner","695","435","2817","175516","100869","0","567","2817","25424","0","692","33","74647","0.6258992805755396","0.0476878612716763"
"building__A__40018","27000","weapon","","core:storm_fork","488","261","232","12701","6688","0","426","232","24400","0","488","256","6013","0.5348360655737705","0.5245901639344263"
"building__A__40019","27000","weapon","","core:ember_wand","4803","54","789","33623","20784","0","407939","789","26789","0","4724","3935","12839","0.011242973141786383","0.8329805249788315"
"building__A__40019","27000","weapon","","core:harvest_scythe","1095","321","455","23608","13449","0","2120","455","26610","0","1095","820","10159","0.29315068493150687","0.7488584474885844"
"building__A__40019","27000","weapon","","core:iron_blade","5312","962","759","61352","26406","0","15120","759","27000","0","5312","4761","34946","0.18109939759036145","0.8962725903614458"
"building__A__40019","27000","weapon","","core:storm_fork","671","233","175","4835","3387","0","927","175","25912","0","671","496","1448","0.3472429210134128","0.7391952309985097"
"building__A__40019","27000","weapon","","core:ward_orbit","13613","4575","3185","97241","69217","0","18438","3185","26171","0","13555","11045","28024","0.33607580988760744","0.8148284765769089"
"building__A__40020","27000","weapon","","core:ember_wand","1151","26","290","21970","9974","0","8000","290","23728","0","1146","906","11996","0.022589052997393572","0.7905759162303665"
"building__A__40020","27000","weapon","","core:harvest_scythe","711","261","900","69204","33398","0","1149","900","26728","0","711","307","35806","0.3670886075949367","0.4317862165963432"
"building__A__40020","27000","weapon","","core:iron_blade","1214","454","1223","131442","42434","0","2354","1223","27012","0","1214","696","89008","0.37397034596375617","0.5733113673805601"
"building__A__40020","27000","weapon","","core:levy_banner","832","332","3632","268332","151092","0","1124","3632","26760","0","829","34","117240","0.39903846153846156","0.04101326899879373"
"building__A__40020","27000","weapon","","core:mill_disc","600","145","86","6901","2686","0","1547","86","26252","0","598","534","4215","0.24166666666666667","0.8929765886287625"
"building__A__40021","27000","weapon","","core:canal_bow","2845","53","508","27089","14344","0","22629","508","26705","0","2812","2453","12745","0.018629173989455183","0.8723328591749644"
"building__A__40021","27000","weapon","","core:frost_chain","1058","178","816","36113","26782","0","2628","816","26496","0","1053","597","9331","0.16824196597353497","0.5669515669515669"
"building__A__40021","27000","weapon","","core:iron_blade","980","803","107","3239","2206","0","401","107","27014","0","980","910","1033","0.8193877551020409","0.9285714285714286"
"building__A__40021","27000","weapon","","core:spore_fan","2026","922","4572","229799","149846","0","2125","4572","20186","0","2011","898","79953","0.4550839091806515","0.44654400795624066"
"building__A__40021","27000","weapon","","core:storm_fork","577","314","262","8591","6284","0","600","262","26584","0","577","315","2307","0.5441941074523396","0.5459272097053726"
"building__A__40022","27000","weapon","","core:harvest_scythe","984","569","55","1930","1196","0","871","55","22976","0","984","938","734","0.5782520325203252","0.9532520325203252"
"building__A__40022","27000","weapon","","core:iron_blade","1921","1609","86","2592","1773","0","511","86","27002","0","1921","1866","819","0.8375845913586674","0.9713690786048933"
"building__A__40022","27000","weapon","","core:spore_fan","8315","1379","3970","166067","114356","0","29268","3970","24714","0","8311","7301","51711","0.16584485868911605","0.8784743111538924"
"building__A__40022","27000","weapon","","core:storm_fork","810","354","128","3576","2649","0","1220","128","26172","0","810","682","927","0.43703703703703706","0.8419753086419753"
"building__A__40022","27000","weapon","","core:ward_orbit","15861","8711","3323","82358","61609","0","14839","3323","26457","0","15797","13316","20749","0.5492087510245256","0.8429448629486611"
"building__A__40023","27000","weapon","","core:ember_wand","1351","97","550","41793","15838","0","6804","550","24165","0","1350","800","25955","0.07179866765358993","0.5925925925925926"
"building__A__40023","27000","weapon","","core:harvest_scythe","417","220","351","23477","9774","0","386","351","15328","0","417","232","13703","0.5275779376498801","0.5563549160671463"
"building__A__40023","27000","weapon","","core:iron_blade","948","739","157","8249","4269","0","348","157","27008","0","948","839","3980","0.7795358649789029","0.8850210970464135"
"building__A__40023","27000","weapon","","core:levy_banner","778","413","2807","173514","98659","0","831","2807","26478","0","774","74","74855","0.5308483290488432","0.09560723514211886"
"building__A__40023","27000","weapon","","core:storm_fork","508","185","423","26728","13676","0","737","423","22798","0","508","188","13052","0.3641732283464567","0.3700787401574803"
"building__A__40024","27000","weapon","","core:canal_bow","2159","48","309","13514","8234","0","16553","309","26171","0","2146","1844","5280","0.0222325150532654","0.8592730661696178"
"building__A__40024","27000","weapon","","core:ember_wand","7598","206","709","30429","19835","0","43915","709","25620","0","7548","6874","10594","0.027112397999473545","0.9107048224695283"
"building__A__40024","27000","weapon","","core:iron_blade","1799","1626","79","2466","1545","0","247","79","27004","0","1799","1740","921","0.9038354641467482","0.9672040022234575"
"building__A__40024","27000","weapon","","core:spore_fan","3829","2148","5599","203577","150436","0","3024","5599","26477","0","3745","2063","53141","0.560981979629146","0.5508678237650201"
"building__A__40024","27000","weapon","","core:ward_orbit","12148","9417","1254","37375","24774","0","3983","1254","21719","0","12124","11084","12601","0.7751893315772144","0.9142197294622237"
"building__A__40025","27000","weapon","","core:ember_wand","7660","2088","664","19098","13828","0","14171","664","26172","0","7579","6915","5270","0.27258485639686686","0.9123894972951577"
"building__A__40025","27000","weapon","","core:frost_chain","1344","806","197","4766","3190","0","1116","197","24726","0","1338","1141","1576","0.5997023809523809","0.8527653213751868"
"building__A__40025","27000","weapon","","core:iron_blade","1696","1516","81","2479","1706","0","371","81","27008","0","1696","1634","773","0.8938679245283019","0.9634433962264151"
"building__A__40025","27000","weapon","","core:mill_disc","687","495","208","7308","4875","0","410","208","26471","0","686","588","2433","0.7205240174672489","0.8571428571428571"
"building__A__40025","27000","weapon","","core:spore_fan","9773","7773","5856","280582","190138","0","2813","5856","24064","0","9698","7686","90444","0.7953545482451653","0.7925345432047844"
"building__A__40026","27000","weapon","","core:frost_chain","872","164","288","7147","5952","0","2428","288","25680","0","869","581","1195","0.18807339449541285","0.6685845799769851"
"building__A__40026","27000","weapon","","core:iron_blade","1234","620","500","31623","16113","0","1319","500","27000","0","1234","926","15510","0.5024311183144247","0.7504051863857374"
"building__A__40026","27000","weapon","","core:levy_banner","851","412","3628","136752","98024","0","850","3628","26670","0","848","38","38728","0.48413631022326675","0.04481132075471698"
"building__A__40026","27000","weapon","","core:mill_disc","505","111","430","22298","10882","0","1329","430","20815","0","503","366","11416","0.2198019801980198","0.7276341948310139"
"building__A__40026","27000","weapon","","core:ward_orbit","1767","964","2928","74808","59251","0","1404","2928","24996","0","1761","581","15557","0.545557441992077","0.32992617830777965"
"building__A__40027","27000","weapon","","core:ember_wand","6975","326","457","22012","13478","0","31654","457","17880","0","6891","6438","8534","0.04673835125448029","0.934262080975185"
"building__A__40027","27000","weapon","","core:harvest_scythe","760","565","249","11042","6801","0","346","249","26138","0","760","605","4241","0.743421052631579","0.7960526315789473"
"building__A__40027","27000","weapon","","core:iron_blade","1144","984","114","4101","2469","0","306","114","27010","0","1144","1062","1632","0.8601398601398601","0.9283216783216783"
"building__A__40027","27000","weapon","","core:spore_fan","5757","4188","5254","251752","176678","0","2887","5254","24929","0","5669","3986","75074","0.7274622199062012","0.7031222437819721"
"building__A__40027","27000","weapon","","core:storm_fork","570","358","209","9417","6471","0","372","209","23294","0","570","365","2946","0.6280701754385964","0.6403508771929824"
"building__A__40028","27000","weapon","","core:frost_chain","1360","425","731","24597","18274","0","2242","731","25668","0","1351","863","6323","0.3125","0.6387860843819393"
"building__A__40028","27000","weapon","","core:iron_blade","1480","1357","96","2958","1733","0","200","96","27010","0","1480","1413","1225","0.9168918918918919","0.9547297297297297"
"building__A__40028","27000","weapon","","core:levy_banner","999","792","1723","52953","39165","0","347","1723","26174","0","995","297","13788","0.7927927927927928","0.2984924623115578"
"building__A__40028","27000","weapon","","core:mill_disc","596","388","103","3788","2660","0","416","103","25356","0","594","504","1128","0.6510067114093959","0.8484848484848485"
"building__A__40028","27000","weapon","","core:spore_fan","7548","5568","6522","249305","178624","0","3693","6522","24988","0","7459","5501","70681","0.7376788553259142","0.737498324172141"
"building__A__40029","27000","weapon","","core:ember_wand","1674","63","399","14107","10218","0","9290","399","26732","0","1668","1269","3889","0.03763440860215054","0.7607913669064749"
"building__A__40029","27000","weapon","","core:iron_blade","1106","915","139","5391","3184","0","296","139","27018","0","1106","1002","2207","0.8273056057866185","0.9059674502712477"
"building__A__40029","27000","weapon","","core:mill_disc","566","183","277","15572","7091","0","1025","277","23642","0","563","461","8481","0.32332155477031804","0.8188277087033747"
"building__A__40029","27000","weapon","","core:spore_fan","1710","407","5559","212585","151340","0","3507","5559","26488","0","1699","327","61245","0.23801169590643276","0.19246615656268393"
"building__A__40029","27000","weapon","","core:storm_fork","617","234","628","31602","18667","0","953","628","23970","0","617","238","12935","0.37925445705024313","0.3857374392220421"
"building__A__40030","27000","weapon","","core:frost_chain","1275","318","837","47399","28704","0","2322","837","26244","0","1270","746","18695","0.24941176470588236","0.5874015748031496"
"building__A__40030","27000","weapon","","core:iron_blade","1018","919","55","2245","1465","0","168","55","27000","0","1018","975","780","0.9027504911591355","0.9577603143418467"
"building__A__40030","27000","weapon","","core:levy_banner","764","598","1495","69970","46182","0","238","1495","25030","0","761","176","23788","0.7827225130890052","0.23127463863337713"
"building__A__40030","27000","weapon","","core:mill_disc","708","264","547","40513","16473","0","933","547","26782","0","705","494","24040","0.3728813559322034","0.700709219858156"
"building__A__40030","27000","weapon","","core:spore_fan","1674","793","3184","173066","112209","0","1757","3184","25621","0","1644","765","60857","0.47371565113500597","0.4653284671532847"
"building__A__40031","27000","weapon","","core:harvest_scythe","881","493","631","39785","18978","0","809","631","26552","0","881","557","20807","0.5595913734392736","0.6322360953461975"
"building__A__40031","27000","weapon","","core:iron_blade","1057","910","120","4733","2870","0","216","120","27012","0","1057","969","1863","0.8609271523178808","0.9167455061494797"
"building__A__40031","27000","weapon","","core:levy_banner","890","570","2127","92899","62246","0","597","2127","25182","0","884","165","30653","0.6404494382022472","0.18665158371040724"
"building__A__40031","27000","weapon","","core:spore_fan","3441","2414","3187","117083","86791","0","2036","3187","26639","0","3352","2325","30292","0.7015402499273466","0.6936157517899761"
"building__A__40031","27000","weapon","","core:storm_fork","585","287","395","17237","11026","0","631","395","24142","0","585","310","6211","0.4905982905982906","0.5299145299145299"
"building__B__40000","27000","weapon","","core:frost_chain","927","209","811","42177","27125","0","2267","811","24890","0","923","290","15052","0.22545846817691478","0.314192849404117"
"building__B__40000","27000","weapon","","core:harvest_scythe","669","496","191","8905","5087","0","379","191","26760","0","669","545","3818","0.7414050822122571","0.8146487294469357"
"building__B__40000","27000","weapon","","core:iron_blade","900","794","73","2601","1806","0","259","73","27000","0","900","848","795","0.8822222222222222","0.9422222222222222"
"building__B__40000","27000","weapon","","core:spore_fan","1716","414","7973","514846","287029","0","3869","7973","23586","0","1707","367","227817","0.24125874125874125","0.21499707088459286"
"building__B__40000","27000","weapon","","core:ward_orbit","1547","1400","367","14423","9221","0","192","367","23250","0","1539","1283","5202","0.9049773755656109","0.8336582196231319"
"building__B__40001","27000","weapon","","core:frost_chain","1258","221","2153","154204","77236","0","3674","2153","25170","0","1252","368","76968","0.17567567567567569","0.2939297124600639"
"building__B__40001","27000","weapon","","core:iron_blade","964","876","53","1664","1095","0","142","53","27022","0","964","923","569","0.9087136929460581","0.9574688796680498"
"building__B__40001","27000","weapon","","core:levy_banner","717","582","1894","89352","62146","0","209","1894","25874","0","714","115","27206","0.8117154811715481","0.16106442577030813"
"building__B__40001","27000","weapon","","core:spore_fan","2908","1821","4377","270456","165915","0","2369","4377","26493","0","2864","1774","104541","0.6262035763411279","0.619413407821229"
"building__B__40001","27000","weapon","","core:ward_orbit","1598","1384","644","24580","16391","0","295","644","23382","0","1591","1196","8189","0.8660826032540676","0.7517284726587052"
"building__B__40002","27000","weapon","","core:ember_wand","1351","49","688","41519","20590","0","10196","688","26251","0","1348","668","20929","0.03626943005181347","0.49554896142433236"
"building__B__40002","27000","weapon","","core:iron_blade","946","635","271","19342","8768","0","616","271","27024","0","946","786","10574","0.671247357293869","0.8308668076109936"
"building__B__40002","27000","weapon","","core:levy_banner","696","437","3220","169726","109286","0","549","3220","26668","0","693","36","60440","0.6278735632183908","0.05194805194805195"
"building__B__40002","27000","weapon","","core:storm_fork","518","197","297","15397","9008","0","828","297","25556","0","518","221","6389","0.3803088803088803","0.4266409266409266"
"building__B__40002","27000","weapon","","core:ward_orbit","1324","917","1986","88747","57569","0","705","1986","25086","0","1319","409","31178","0.6925981873111783","0.3100833965125095"
"building__B__40003","27000","weapon","","core:ember_wand","2009","12","855","60834","23428","0","182396","855","26218","0","2002","1147","37406","0.005973120955699353","0.5729270729270729"
"building__B__40003","27000","weapon","","core:frost_chain","1064","67","382","22084","10276","0","6193","382","26656","0","1062","680","11808","0.06296992481203008","0.64030131826742"
"building__B__40003","27000","weapon","","core:harvest_scythe","1203","123","2145","286230","80118","0","55244","2145","25670","0","1203","658","206112","0.10224438902743142","0.5469659185369908"
"building__B__40003","27000","weapon","","core:iron_blade","1123","888","96","4770","2701","0","330","96","27010","0","1123","1050","2069","0.7907390917186109","0.9349955476402493"
"building__B__40003","27000","weapon","","core:ward_orbit","5588","2284","2961","215119","86947","0","7786","2961","25320","0","5548","3639","128172","0.4087329992841804","0.6559120403749099"
"building__B__40004","27000","weapon","","core:iron_blade","900","872","11","333","265","0","53","11","27000","0","900","890","68","0.9688888888888889","0.9888888888888889"
"building__B__40004","27000","weapon","","core:levy_banner","762","627","2412","155266","94269","0","195","2412","26206","0","760","118","60997","0.8228346456692913","0.15526315789473685"
"building__B__40004","27000","weapon","","core:mill_disc","573","225","214","16079","8119","0","780","214","26781","0","571","410","7960","0.39267015706806285","0.7180385288966725"
"building__B__40004","27000","weapon","","core:spore_fan","945","496","1589","73693","51308","0","848","1589","25896","0","941","498","22385","0.5248677248677248","0.5292242295430393"
"building__B__40004","27000","weapon","","core:ward_orbit","1899","784","4433","332333","158442","0","2895","4433","24820","0","1890","395","173891","0.41284886782517116","0.20899470899470898"
"building__B__40005","27000","weapon","","core:harvest_scythe","681","493","199","11378","6405","0","289","199","25644","0","681","540","4973","0.723935389133627","0.7929515418502202"
"building__B__40005","27000","weapon","","core:iron_blade","1026","853","122","7155","3708","0","326","122","27006","0","1026","938","3447","0.8313840155945419","0.9142300194931774"
"building__B__40005","27000","weapon","","core:levy_banner","1115","452","3659","288039","152089","0","2251","3659","26228","0","1109","104","135950","0.4053811659192825","0.09377817853922453"
"building__B__40005","27000","weapon","","core:storm_fork","606","251","503","30029","18593","0","956","503","26436","0","606","266","11436","0.4141914191419142","0.4389438943894389"
"building__B__40005","27000","weapon","","core:ward_orbit","2290","1320","3164","158486","99624","0","2006","3164","26552","0","2279","797","58862","0.5764192139737991","0.3497147871873629"
"building__B__40006","27000","weapon","","core:frost_chain","939","453","472","22365","13694","0","959","472","24304","0","936","464","8671","0.48242811501597443","0.49572649572649574"
"building__B__40006","27000","weapon","","core:iron_blade","1581","1505","54","2585","1386","0","104","54","27008","0","1581","1539","1199","0.9519291587602783","0.9734345351043643"
"building__B__40006","27000","weapon","","core:levy_banner","789","736","1109","47987","34861","0","83","1109","25652","0","786","295","13126","0.9328263624841572","0.3753180661577608"
"building__B__40006","27000","weapon","","core:mill_disc","536","430","687","47293","19433","0","165","687","22230","0","534","339","27860","0.8022388059701493","0.6348314606741573"
"building__B__40006","27000","weapon","","core:spore_fan","7806","6064","6838","502444","263990","0","2863","6838","26637","0","7717","5971","238454","0.7768383294901358","0.7737462744589867"
"building__B__40007","27000","weapon","","core:harvest_scythe","941","537","819","59798","26396","0","970","819","24834","0","941","567","33402","0.5706695005313497","0.6025504782146652"
"building__B__40007","27000","weapon","","core:iron_blade","1189","1109","74","2335","1442","0","176","74","27002","0","1189","1143","893","0.9327165685449958","0.9613120269133726"
"building__B__40007","27000","weapon","","core:levy_banner","965","718","2107","102093","68617","0","444","2107","26392","0","961","227","33476","0.7440414507772021","0.23621227887617066"
"building__B__40007","27000","weapon","","core:spore_fan","4533","3333","4502","259042","159717","0","2541","4502","24328","0","4499","3355","99325","0.7352746525479815","0.7457212713936431"
"building__B__40007","27000","weapon","","core:storm_fork","947","254","2083","162067","76769","0","2077","2083","26232","0","947","258","85298","0.2682154171066526","0.27243928194297784"
"building__B__40008","27000","weapon","","core:ember_wand","14535","656","2069","129548","56626","0","85734","2069","24500","0","14473","13290","72922","0.045132438940488476","0.9182615905479168"
"building__B__40008","27000","weapon","","core:frost_chain","2434","1107","921","44217","30270","0","2993","921","23784","0","2427","1851","13947","0.45480690221857023","0.7626699629171817"
"building__B__40008","27000","weapon","","core:iron_blade","1885","1726","101","3223","2526","0","295","101","27008","0","1885","1815","697","0.9156498673740053","0.9628647214854111"
"building__B__40008","27000","weapon","","core:levy_banner","1124","1040","1129","46198","34215","0","140","1129","21838","0","1124","667","11983","0.9252669039145908","0.5934163701067615"
"building__B__40008","27000","weapon","","core:spore_fan","18251","13235","6312","354578","230513","0","10063","6312","21510","0","18230","16225","124065","0.7251657443427757","0.890016456390565"
"building__B__40009","27000","weapon","","core:canal_bow","1674","1","769","41090","21309","0","380870","769","23910","0","1662","1137","19781","0.0005973715651135006","0.6841155234657039"
"building__B__40009","27000","weapon","","core:iron_blade","1085","689","236","11283","6133","0","766","236","27014","0","1085","921","5150","0.6350230414746544","0.8488479262672811"
"building__B__40009","27000","weapon","","core:mill_disc","758","52","526","33037","15047","0","5806","526","24546","0","755","589","17990","0.06860158311345646","0.7801324503311259"
"building__B__40009","27000","weapon","","core:storm_fork","599","144","452","15649","9430","0","1353","452","26528","0","599","147","6219","0.24040066777963273","0.24540901502504173"
"building__B__40009","27000","weapon","","core:ward_orbit","2744","850","5824","188517","126580","0","5539","5824","26790","0","2729","566","61937","0.3097667638483965","0.2074019787467937"
"building__B__40010","27000","weapon","","core:harvest_scythe","1027","339","1597","104094","56618","0","1941","1597","26584","0","1027","389","47476","0.33008763388510226","0.37877312560856863"
"building__B__40010","27000","weapon","","core:iron_blade","1696","1250","488","30749","15665","0","896","488","27000","0","1696","1411","15084","0.7370283018867925","0.8319575471698113"
"building__B__40010","27000","weapon","","core:levy_banner","1716","671","4981","322374","190098","0","2837","4981","25906","0","1707","178","132276","0.391025641025641","0.10427650849443468"
"building__B__40010","27000","weapon","","core:mill_disc","809","193","1309","88955","38090","0","2366","1309","26191","0","805","404","50865","0.23856613102595797","0.5018633540372671"
"building__B__40010","27000","weapon","","core:storm_fork","705","249","431","20816","13466","0","1107","431","24992","0","705","274","7350","0.35319148936170214","0.38865248226950355"
"building__B__40011","27000","weapon","","core:frost_chain","935","107","457","23785","14651","0","4181","457","26588","0","933","508","9134","0.1144385026737968","0.5444801714898178"
"building__B__40011","27000","weapon","","core:iron_blade","976","669","266","15175","6878","0","622","266","27012","0","976","806","8297","0.6854508196721312","0.8258196721311475"
"building__B__40011","27000","weapon","","core:levy_banner","788","327","4318","259279","155623","0","1182","4318","25222","0","785","28","103656","0.4149746192893401","0.035668789808917196"
"building__B__40011","27000","weapon","","core:mill_disc","489","145","402","26741","12858","0","1145","402","23079","0","487","311","13883","0.2965235173824131","0.6386036960985626"
"building__B__40011","27000","weapon","","core:storm_fork","604","137","798","54099","26239","0","1673","798","25572","0","604","151","27860","0.22682119205298013","0.25"
"building__B__40012","27000","weapon","","core:canal_bow","1260","19","294","12340","9181","0","39350","294","26232","0","1254","960","3159","0.01507936507936508","0.7655502392344498"
"building__B__40012","27000","weapon","","core:iron_blade","1377","956","132","5868","3123","0","734","132","27008","0","1377","1274","2745","0.6942628903413217","0.925199709513435"
"building__B__40012","27000","weapon","","core:levy_banner","1289","319","2178","86385","60803","0","3670","2178","25536","0","1289","772","25582","0.24747866563227308","0.5989138867339022"
"building__B__40012","27000","weapon","","core:mill_disc","652","137","109","3973","2762","0","1849","109","26554","0","651","573","1211","0.21012269938650308","0.880184331797235"
"building__B__40012","27000","weapon","","core:ward_orbit","12119","2485","6223","213306","136581","0","32390","6223","25857","0","12054","8402","76725","0.20504992161069396","0.697030031524805"
"building__B__40013","27000","weapon","","core:frost_chain","870","183","731","56978","25451","0","2525","731","25368","0","866","392","31527","0.2103448275862069","0.45265588914549654"
"building__B__40013","27000","weapon","","core:harvest_scythe","642","382","457","35396","15194","0","606","457","24532","0","642","432","20202","0.5950155763239875","0.6728971962616822"
"building__B__40013","27000","weapon","","core:iron_blade","947","835","106","6379","2863","0","226","106","27014","0","947","871","3516","0.8817317845828934","0.9197465681098205"
"building__B__40013","27000","weapon","","core:spore_fan","1562","371","6974","619636","274219","0","4210","6974","26399","0","1554","316","345417","0.23751600512163892","0.20334620334620335"
"building__B__40013","27000","weapon","","core:storm_fork","589","261","527","43869","19730","0","838","527","25948","0","589","298","24139","0.4431239388794567","0.5059422750424448"
"building__B__40014","27000","weapon","","core:harvest_scythe","553","512","34","1515","1069","0","51","34","21014","0","553","524","446","0.9258589511754068","0.9475587703435805"
"building__B__40014","27000","weapon","","core:iron_blade","1199","954","217","11820","6278","0","489","217","27016","0","1199","1060","5542","0.7956630525437864","0.8840700583819849"
"building__B__40014","27000","weapon","","core:mill_disc","507","336","1687","114411","49303","0","325","1687","22491","0","505","194","65108","0.6627218934911243","0.38415841584158417"
"building__B__40014","27000","weapon","","core:spore_fan","4991","3370","7448","545152","301696","0","3365","7448","25625","0","4947","3320","243456","0.6752153876978562","0.6711138063472811"
"building__B__40014","27000","weapon","","core:storm_fork","458","380","64","2900","1915","0","126","64","20676","0","458","394","985","0.8296943231441049","0.8602620087336245"
"building__B__40015","27000","weapon","","core:canal_bow","1065","34","769","47831","21475","0","7034","769","26626","0","1060","545","26356","0.03192488262910798","0.5141509433962265"
"building__B__40015","27000","weapon","","core:frost_chain","886","310","604","24587","18049","0","1327","604","26764","0","885","388","6538","0.34988713318284426","0.4384180790960452"
"building__B__40015","27000","weapon","","core:iron_blade","935","852","53","1613","951","0","143","53","27018","0","935","898","662","0.9112299465240642","0.960427807486631"
"building__B__40015","27000","weapon","","core:levy_banner","915","671","1790","98235","62443","0","396","1790","25862","0","911","222","35792","0.7333333333333333","0.24368825466520308"
"building__B__40015","27000","weapon","","core:spore_fan","1840","521","7118","455272","257559","0","3440","7118","26153","0","1832","515","197713","0.2831521739130435","0.28111353711790393"
"building__B__40016","27000","weapon","","core:ember_wand","1984","10","961","93265","28553","0","176592","961","26249","0","1982","1021","64712","0.005040322580645161","0.5151362260343088"
"building__B__40016","27000","weapon","","core:harvest_scythe","749","246","716","68700","28169","0","1329","716","25410","0","749","380","40531","0.32843791722296395","0.507343124165554"
"building__B__40016","27000","weapon","","core:iron_blade","1427","553","1020","142113","36240","0","3013","1020","27004","0","1427","973","105873","0.3875262789067975","0.6818500350385424"
"building__B__40016","27000","weapon","","core:storm_fork","725","64","1679","186192","72535","0","3618","1679","25914","0","725","66","113657","0.08827586206896551","0.0910344827586207"
"building__B__40016","27000","weapon","","core:ward_orbit","2618","1281","2984","237819","109623","0","2907","2984","26764","0","2603","1086","128196","0.4893048128342246","0.4172109104878986"
"building__B__40017","27000","weapon","","core:canal_bow","1178","111","650","57502","19491","0","4291","650","26107","0","1176","526","38011","0.09422750424448217","0.44727891156462585"
"building__B__40017","27000","weapon","","core:iron_blade","1526","1474","42","1557","964","0","132","42","27010","0","1526","1495","593","0.9659239842726082","0.9796854521625163"
"building__B__40017","27000","weapon","","core:mill_disc","604","578","1335","140749","37972","0","27","1335","23608","0","604","363","102777","0.956953642384106","0.6009933774834437"
"building__B__40017","27000","weapon","","core:spore_fan","6862","5015","7088","796271","317114","0","2785","7088","25859","0","6789","4940","479157","0.7308364908190033","0.7276476653409928"
"building__B__40017","27000","weapon","","core:storm_fork","651","610","44","1949","1011","0","81","44","26500","0","651","610","938","0.9370199692780338","0.9370199692780338"
"building__B__40018","27000","weapon","","core:harvest_scythe","724","512","343","20782","11104","0","463","343","26790","0","724","540","9678","0.7071823204419889","0.7458563535911602"
"building__B__40018","27000","weapon","","core:iron_blade","1039","898","107","5622","2839","0","234","107","27020","0","1039","957","2783","0.8642925890279115","0.9210779595765158"
"building__B__40018","27000","weapon","","core:levy_banner","849","557","2193","132507","82896","0","542","2193","24212","0","846","143","49611","0.6560659599528857","0.1690307328605201"
"building__B__40018","27000","weapon","","core:spore_fan","1614","530","6046","333324","204395","0","3126","6046","24488","0","1607","521","128929","0.32837670384138784","0.3242065961418793"
"building__B__40018","27000","weapon","","core:storm_fork","580","304","495","28284","17282","0","611","495","25258","0","580","311","11002","0.5241379310344828","0.5362068965517242"
"building__B__40019","27000","weapon","","core:ember_wand","2868","20","1312","79355","36445","0","308497","1312","26792","0","2846","1630","42910","0.00697350069735007","0.5727336612789881"
"building__B__40019","27000","weapon","","core:harvest_scythe","807","377","278","16346","8515","0","983","278","26622","0","807","622","7831","0.46716232961586124","0.7707558859975217"
"building__B__40019","27000","weapon","","core:iron_blade","1130","1098","14","333","256","0","61","14","27004","0","1130","1118","77","0.9716814159292035","0.9893805309734514"
"building__B__40019","27000","weapon","","core:storm_fork","617","190","308","15430","8706","0","1131","308","25920","0","617","344","6724","0.3079416531604538","0.5575364667747164"
"building__B__40019","27000","weapon","","core:ward_orbit","5259","980","4994","273417","159733","0","14933","4994","26172","0","5216","2412","113684","0.18634721429929643","0.4624233128834356"
"building__B__40020","27000","weapon","","core:ember_wand","1079","38","315","21872","10773","0","7840","315","23738","0","1076","761","11099","0.03521779425393883","0.7072490706319703"
"building__B__40020","27000","weapon","","core:harvest_scythe","718","305","725","55044","26785","0","956","725","26716","0","718","366","28259","0.42479108635097496","0.5097493036211699"
"building__B__40020","27000","weapon","","core:iron_blade","1294","423","1294","148222","44553","0","2903","1294","27002","0","1294","764","103669","0.3268933539412674","0.5904173106646059"
"building__B__40020","27000","weapon","","core:levy_banner","847","471","3799","284580","158264","0","719","3799","26766","0","844","35","126316","0.5560802833530106","0.041469194312796206"
"building__B__40020","27000","weapon","","core:mill_disc","572","124","132","11216","4313","0","1381","132","26276","0","570","467","6903","0.21678321678321677","0.8192982456140351"
"building__B__40021","27000","weapon","","core:canal_bow","1147","3","475","21309","11930","0","107341","475","26700","0","1141","755","9379","0.0026155187445510027","0.6617002629272568"
"building__B__40021","27000","weapon","","core:ember_wand","1780","11","566","23351","13908","0","100402","566","24218","0","1764","1240","9443","0.006179775280898876","0.7029478458049887"
"building__B__40021","27000","weapon","","core:frost_chain","1032","40","1008","33385","24645","0","5923","1008","26494","0","1029","473","8740","0.03875968992248062","0.45966958211856174"
"building__B__40021","27000","weapon","","core:iron_blade","990","525","268","9542","5548","0","978","268","27016","0","990","800","3994","0.5303030303030303","0.8080808080808081"
"building__B__40021","27000","weapon","","core:storm_fork","606","73","735","26098","16881","0","1902","735","26598","0","606","80","9217","0.12046204620462046","0.132013201320132"
"building__B__40022","27000","weapon","","core:harvest_scythe","994","669","36","1382","804","0","558","36","22366","0","994","968","578","0.6730382293762576","0.9738430583501007"
"building__B__40022","27000","weapon","","core:iron_blade","2026","1873","48","1190","880","0","258","48","27004","0","2026","2001","310","0.9244817374136229","0.9876604146100691"
"building__B__40022","27000","weapon","","core:spore_fan","9378","1993","2570","121206","81306","0","26927","2570","24714","0","9378","8608","39900","0.2125186606952442","0.9178929409255705"
"building__B__40022","27000","weapon","","core:storm_fork","845","379","80","2507","1805","0","1130","80","26190","0","845","765","702","0.4485207100591716","0.9053254437869822"
"building__B__40022","27000","weapon","","core:ward_orbit","17821","8442","4364","243562","137974","0","23525","4364","26457","0","17761","14778","105588","0.4737107906402559","0.8320477450593998"
"building__B__40023","27000","weapon","","core:canal_bow","1064","6","785","52550","23098","0","14647","785","25929","0","1062","277","29452","0.005639097744360902","0.2608286252354049"
"building__B__40023","27000","weapon","","core:frost_chain","857","52","810","53885","29677","0","5081","810","23802","0","854","272","24208","0.060676779463243874","0.3185011709601874"
"building__B__40023","27000","weapon","","core:iron_blade","1003","428","616","46642","19078","0","1686","616","27016","0","1003","680","27564","0.4267198404785643","0.6779661016949152"
"building__B__40023","27000","weapon","","core:spore_fan","1169","153","5531","352098","208487","0","4661","5531","20223","0","1162","117","143611","0.13088109495295125","0.10068846815834767"
"building__B__40023","27000","weapon","","core:storm_fork","567","100","543","33456","18562","0","1803","543","26550","0","567","101","14894","0.1763668430335097","0.1781305114638448"
"building__B__40024","27000","weapon","","core:canal_bow","1231","13","1862","104258","53131","0","14937","1862","26184","0","1225","469","51127","0.010560519902518278","0.38285714285714284"
"building__B__40024","27000","weapon","","core:harvest_scythe","818","174","1391","89517","42609","0","2104","1391","25664","0","818","268","46908","0.21271393643031786","0.3276283618581907"
"building__B__40024","27000","weapon","","core:iron_blade","1053","695","258","13420","7466","0","686","258","27010","0","1053","896","5954","0.6600189933523267","0.8509021842355176"
"building__B__40024","27000","weapon","","core:spore_fan","1287","291","5788","202218","148294","0","3062","5788","26490","0","1281","185","53924","0.2261072261072261","0.1444184231069477"
"building__B__40024","27000","weapon","","core:ward_orbit","1931","1193","2142","60112","44476","0","1385","2142","23794","0","1920","820","15636","0.6178146038322113","0.4270833333333333"
"building__B__40025","27000","weapon","","core:ember_wand","6993","293","843","42639","23411","0","33873","843","26172","0","6913","6126","19228","0.0418990418990419","0.8861565167076523"
"building__B__40025","27000","weapon","","core:frost_chain","2143","537","1085","62835","35763","0","4438","1085","24726","0","2130","1435","27072","0.25058329444703686","0.6737089201877934"
"building__B__40025","27000","weapon","","core:iron_blade","1588","1326","156","6085","4021","0","528","156","27004","0","1588","1473","2064","0.8350125944584383","0.9275818639798489"
"building__B__40025","27000","weapon","","core:mill_disc","837","426","328","16591","8757","0","937","328","26465","0","832","699","7834","0.5089605734767025","0.8401442307692307"
"building__B__40025","27000","weapon","","core:spore_fan","7589","5518","7093","390107","247576","0","3984","7093","24064","0","7554","5867","142531","0.7271050204242984","0.776674609478422"
"building__B__40026","27000","weapon","","core:frost_chain","1227","171","1016","54600","33603","0","3214","1016","25680","0","1222","617","20997","0.1393643031784841","0.5049099836333879"
"building__B__40026","27000","weapon","","core:iron_blade","1070","1004","35","948","594","0","101","35","27010","0","1070","1042","354","0.9383177570093458","0.9738317757009346"
"building__B__40026","27000","weapon","","core:levy_banner","898","591","2705","129611","88693","0","431","2705","26668","0","895","79","40918","0.6581291759465479","0.08826815642458101"
"building__B__40026","27000","weapon","","core:mill_disc","555","199","826","48924","23707","0","642","826","23633","0","552","301","25217","0.35855855855855856","0.5452898550724637"
"building__B__40026","27000","weapon","","core:ward_orbit","3174","1624","2981","140360","90160","0","2521","2981","24990","0","3152","1376","50200","0.5116572148708255","0.4365482233502538"
"building__B__40027","27000","weapon","","core:canal_bow","1094","8","632","38859","18682","0","8385","632","22373","0","1091","459","20177","0.007312614259597806","0.42071494042163154"
"building__B__40027","27000","weapon","","core:harvest_scythe","846","438","623","40499","20431","0","815","623","26116","0","846","503","20068","0.5177304964539007","0.5945626477541371"
"building__B__40027","27000","weapon","","core:iron_blade","1433","1126","252","14974","7624","0","533","252","27006","0","1433","1254","7350","0.7857641311933008","0.8750872295882763"
"building__B__40027","27000","weapon","","core:mill_disc","527","238","1561","98662","44713","0","609","1561","23341","0","525","275","53949","0.45161290322580644","0.5238095238095238"
"building__B__40027","27000","weapon","","core:spore_fan","1749","562","5107","288217","188088","0","2824","5107","24940","0","1737","461","100129","0.3213264722698685","0.2654001151410478"
"building__B__40028","27000","weapon","","core:frost_chain","1275","175","705","22169","18074","0","4512","705","25674","0","1273","732","4095","0.13725490196078433","0.575019638648861"
"building__B__40028","27000","weapon","","core:iron_blade","1436","1066","327","16169","8178","0","669","327","27010","0","1436","1230","7991","0.7423398328690808","0.8565459610027855"
"building__B__40028","27000","weapon","","core:levy_banner","936","584","2975","95194","68340","0","635","2975","26178","0","932","114","26854","0.6239316239316239","0.1223175965665236"
"building__B__40028","27000","weapon","","core:mill_disc","587","297","181","6551","4564","0","712","181","25359","0","585","464","1987","0.5059625212947189","0.7931623931623931"
"building__B__40028","27000","weapon","","core:spore_fan","1838","588","5661","199181","147253","0","3647","5661","24988","0","1827","580","51928","0.31991294885745375","0.31746031746031744"
"building__B__40029","27000","weapon","","core:ember_wand","7559","107","934","85210","27899","0","68912","934","26729","0","7493","6832","57311","0.014155311549146713","0.9117843320432404"
"building__B__40029","27000","weapon","","core:iron_blade","1203","1099","76","3416","1947","0","184","76","27018","0","1203","1149","1469","0.913549459684123","0.9551122194513716"
"building__B__40029","27000","weapon","","core:mill_disc","582","372","110","6322","2984","0","436","110","23612","0","582","530","3338","0.6391752577319587","0.9106529209621993"
"building__B__40029","27000","weapon","","core:spore_fan","6320","4151","7942","624656","308032","0","4966","7942","26488","0","6284","4571","316624","0.6568037974683544","0.7274029280712921"
"building__B__40029","27000","weapon","","core:storm_fork","626","432","199","13374","6689","0","363","199","23972","0","626","476","6685","0.6900958466453674","0.7603833865814696"
"building__B__40030","27000","weapon","","core:frost_chain","910","182","848","74534","31871","0","2129","848","26242","0","908","431","42663","0.2","0.4746696035242291"
"building__B__40030","27000","weapon","","core:iron_blade","922","779","86","7107","2672","0","269","86","27010","0","922","868","4435","0.8449023861171366","0.9414316702819957"
"building__B__40030","27000","weapon","","core:levy_banner","692","502","1614","127921","67250","0","309","1614","25052","0","689","131","60671","0.7254335260115607","0.19013062409288825"
"building__B__40030","27000","weapon","","core:mill_disc","510","248","1085","96495","31390","0","545","1085","26762","0","509","253","65105","0.48627450980392156","0.49705304518664045"
"building__B__40030","27000","weapon","","core:spore_fan","1731","729","3163","259820","123845","0","2242","3163","25623","0","1703","723","135975","0.42114384748700173","0.42454492072812683"
"building__B__40031","27000","weapon","","core:canal_bow","1186","32","988","63212","28382","0","8163","988","23535","0","1180","357","34830","0.026981450252951095","0.30254237288135594"
"building__B__40031","27000","weapon","","core:harvest_scythe","783","659","152","7816","4009","0","205","152","26556","0","783","687","3807","0.8416347381864623","0.8773946360153256"
"building__B__40031","27000","weapon","","core:iron_blade","1119","1022","76","3392","2065","0","146","76","27014","0","1119","1065","1327","0.9133154602323503","0.9517426273458445"
"building__B__40031","27000","weapon","","core:levy_banner","674","601","1110","62390","40256","0","111","1110","19376","0","670","228","22134","0.8916913946587537","0.3402985074626866"
"building__B__40031","27000","weapon","","core:spore_fan","2709","1292","6239","390384","227652","0","3194","6239","26643","0","2679","1250","162732","0.47692875599852347","0.4665920119447555"
"building__C__40000","27000","weapon","","core:frost_chain","720","224","527","28006","15084","0","1372","527","24376","0","719","192","12922","0.3111111111111111","0.2670375521557719"
"building__C__40000","27000","weapon","","core:harvest_scythe","669","565","116","5293","2960","0","184","116","26760","0","669","588","2333","0.8445440956651719","0.8789237668161435"
"building__C__40000","27000","weapon","","core:iron_blade","968","899","41","1688","1019","0","136","41","27000","0","968","940","669","0.9287190082644629","0.9710743801652892"
"building__C__40000","27000","weapon","","core:spore_fan","1839","570","7079","578813","271565","0","3627","7079","22661","0","1826","534","307248","0.3099510603588907","0.29244249726177435"
"building__C__40000","27000","weapon","","core:ward_orbit","1284","1154","445","17267","10182","0","165","445","25180","0","1279","994","7085","0.8987538940809969","0.7771696637998436"
"building__C__40001","27000","weapon","","core:frost_chain","1073","148","1431","91050","49287","0","3833","1431","25178","0","1069","378","41763","0.13793103448275862","0.35360149672591207"
"building__C__40001","27000","weapon","","core:iron_blade","1042","929","72","4343","2070","0","190","72","27000","0","1042","986","2273","0.8915547024952015","0.946257197696737"
"building__C__40001","27000","weapon","","core:levy_banner","877","586","2299","141543","85790","0","574","2299","25876","0","873","142","55753","0.6681870011402509","0.16265750286368844"
"building__C__40001","27000","weapon","","core:spore_fan","1437","486","3946","269661","136551","0","2436","3946","26495","0","1428","489","133110","0.33820459290187893","0.34243697478991597"
"building__C__40001","27000","weapon","","core:ward_orbit","1729","1310","1846","82900","46805","0","635","1846","24660","0","1723","803","36095","0.7576633892423366","0.4660475914103308"
"building__C__40002","27000","weapon","","core:ember_wand","1819","35","807","45690","22761","0","19029","807","26250","0","1805","1028","22929","0.019241341396371632","0.5695290858725762"
"building__C__40002","27000","weapon","","core:iron_blade","900","764","98","5227","2891","0","252","98","27000","0","900","843","2336","0.8488888888888889","0.9366666666666666"
"building__C__40002","27000","weapon","","core:levy_banner","689","357","3793","185650","122329","0","694","3793","26658","0","687","23","63321","0.5181422351233672","0.033478893740902474"
"building__C__40002","27000","weapon","","core:storm_fork","537","126","524","30563","16569","0","1354","524","25558","0","537","139","13994","0.2346368715083799","0.25884543761638734"
"building__C__40002","27000","weapon","","core:ward_orbit","1312","566","3506","166893","96044","0","1700","3506","25078","0","1307","213","70849","0.43140243902439024","0.16296863045141546"
"building__C__40003","27000","weapon","","core:ember_wand","3467","10","1338","51111","34222","0","391150","1338","26219","0","3437","2406","16889","0.002884338044418806","0.7000290951411114"
"building__C__40003","27000","weapon","","core:frost_chain","1542","31","1972","92851","62115","0","16150","1972","26644","0","1535","544","30736","0.020103761348897537","0.3543973941368078"
"building__C__40003","27000","weapon","","core:iron_blade","1160","582","385","17743","9519","0","1367","385","27008","0","1160","924","8224","0.5017241379310344","0.7965517241379311"
"building__C__40003","27000","weapon","","core:mill_disc","560","70","229","8336","5511","0","1813","229","25248","0","558","451","2825","0.125","0.8082437275985663"
"building__C__40003","27000","weapon","","core:storm_fork","583","70","640","25638","16764","0","2096","640","24340","0","583","76","8874","0.12006861063464837","0.13036020583190394"
"building__C__40004","27000","weapon","","core:harvest_scythe","699","283","987","60590","28448","0","1172","987","26514","0","699","309","32142","0.40486409155937053","0.44206008583690987"
"building__C__40004","27000","weapon","","core:iron_blade","900","833","42","1858","774","0","104","42","27000","0","900","868","1084","0.9255555555555556","0.9644444444444444"
"building__C__40004","27000","weapon","","core:levy_banner","675","413","2144","87093","59013","0","557","2144","25834","0","673","94","28080","0.6118518518518519","0.13967310549777118"
"building__C__40004","27000","weapon","","core:mill_disc","567","138","176","11119","6403","0","1572","176","26763","0","565","428","4716","0.24338624338624337","0.7575221238938054"
"building__C__40004","27000","weapon","","core:spore_fan","946","259","2594","103998","69079","0","2149","2594","24480","0","941","248","34919","0.273784355179704","0.2635494155154091"
"building__C__40005","27000","weapon","","core:harvest_scythe","717","432","422","27434","14529","0","604","422","25654","0","717","493","12905","0.602510460251046","0.6875871687587168"
"building__C__40005","27000","weapon","","core:iron_blade","1112","837","203","13121","6377","0","549","203","27004","0","1112","983","6744","0.7526978417266187","0.8839928057553957"
"building__C__40005","27000","weapon","","core:levy_banner","980","434","3202","215166","125362","0","1592","3202","26244","0","975","97","89804","0.44285714285714284","0.09948717948717949"
"building__C__40005","27000","weapon","","core:storm_fork","610","221","525","29737","19333","0","1084","525","26430","0","610","254","10404","0.3622950819672131","0.4163934426229508"
"building__C__40005","27000","weapon","","core:ward_orbit","2971","1453","3707","176423","117930","0","3570","3707","26550","0","2930","1145","58493","0.4890609222484012","0.39078498293515357"
"building__C__40006","27000","weapon","","core:canal_bow","1102","4","313","16304","8372","0","129059","313","24376","0","1096","783","7932","0.003629764065335753","0.7144160583941606"
"building__C__40006","27000","weapon","","core:ember_wand","2292","10","940","69847","27193","0","405035","940","20100","0","2248","1643","42654","0.004363001745200698","0.7308718861209964"
"building__C__40006","27000","weapon","","core:frost_chain","1318","57","1372","80115","47109","0","15527","1372","24872","0","1309","562","33006","0.04324734446130501","0.4293353705118411"
"building__C__40006","27000","weapon","","core:iron_blade","1159","360","405","23281","12434","0","2459","405","27006","0","1159","888","10847","0.31061259706643657","0.7661777394305436"
"building__C__40006","27000","weapon","","core:mill_disc","594","62","521","30558","14642","0","4471","521","23238","0","590","441","15916","0.10437710437710437","0.747457627118644"
"building__C__40007","27000","weapon","","core:harvest_scythe","890","709","261","13762","7543","0","297","261","24854","0","890","725","6219","0.7966292134831461","0.8146067415730337"
"building__C__40007","27000","weapon","","core:iron_blade","1342","1280","61","1767","1189","0","151","61","27006","0","1342","1307","578","0.9538002980625931","0.973919523099851"
"building__C__40007","27000","weapon","","core:levy_banner","1122","1002","1584","67803","47808","0","199","1584","26382","0","1117","461","19995","0.893048128342246","0.41271262309758283"
"building__C__40007","27000","weapon","","core:spore_fan","6579","4889","6049","389453","223773","0","2863","6049","24320","0","6490","4851","165680","0.7431220550235598","0.747457627118644"
"building__C__40007","27000","weapon","","core:storm_fork","984","528","1050","66855","35840","0","892","1050","26218","0","984","538","31015","0.5365853658536586","0.5467479674796748"
"building__C__40008","27000","weapon","","core:ember_wand","1602","114","584","24514","14663","0","6834","584","24842","0","1600","1016","9851","0.07116104868913857","0.635"
"building__C__40008","27000","weapon","","core:frost_chain","982","294","618","22976","17794","0","1765","618","26270","0","979","503","5182","0.29938900203665986","0.5137895812053116"
"building__C__40008","27000","weapon","","core:iron_blade","992","898","49","1396","1073","0","119","49","27012","0","992","955","323","0.905241935483871","0.9627016129032258"
"building__C__40008","27000","weapon","","core:levy_banner","779","600","1724","68166","46358","0","246","1724","24106","0","774","149","21808","0.7702182284980744","0.1925064599483204"
"building__C__40008","27000","weapon","","core:spore_fan","1607","681","3234","163731","101900","0","1794","3234","22768","0","1597","677","61831","0.4237710018668326","0.42391984971822166"
"building__C__40009","27000","weapon","","core:ember_wand","4231","65","549","28233","15238","0","29516","549","20040","0","4231","3682","12995","0.015362798392814937","0.87024344126684"
"building__C__40009","27000","weapon","","core:frost_chain","837","345","245","7863","5854","0","1110","245","22234","0","837","592","2009","0.4121863799283154","0.7072879330943848"
"building__C__40009","27000","weapon","","core:iron_blade","1258","1222","21","569","412","0","56","21","27004","0","1258","1243","157","0.9713831478537361","0.9880763116057234"
"building__C__40009","27000","weapon","","core:spore_fan","9104","5377","7312","451462","264825","0","7255","7312","26429","0","9088","7430","186637","0.5906195079086116","0.8175616197183099"
"building__C__40009","27000","weapon","","core:ward_orbit","6216","5426","995","35911","21751","0","1141","995","26789","0","6172","5560","14160","0.8729086229086229","0.9008425145819832"
"building__C__40010","27000","weapon","","core:harvest_scythe","1027","339","1597","104094","56618","0","1941","1597","26584","0","1027","389","47476","0.33008763388510226","0.37877312560856863"
"building__C__40010","27000","weapon","","core:iron_blade","1696","1250","488","30749","15665","0","896","488","27000","0","1696","1411","15084","0.7370283018867925","0.8319575471698113"
"building__C__40010","27000","weapon","","core:levy_banner","1716","671","4981","322374","190098","0","2837","4981","25906","0","1707","178","132276","0.391025641025641","0.10427650849443468"
"building__C__40010","27000","weapon","","core:mill_disc","809","193","1309","88955","38090","0","2366","1309","26191","0","805","404","50865","0.23856613102595797","0.5018633540372671"
"building__C__40010","27000","weapon","","core:storm_fork","705","249","431","20816","13466","0","1107","431","24992","0","705","274","7350","0.35319148936170214","0.38865248226950355"
"building__C__40011","27000","weapon","","core:canal_bow","905","10","450","37635","14388","0","11147","450","23816","0","901","594","23247","0.011049723756906077","0.6592674805771365"
"building__C__40011","27000","weapon","","core:frost_chain","883","86","489","31578","15993","0","4574","489","26590","0","880","561","15585","0.09739524348810873","0.6375"
"building__C__40011","27000","weapon","","core:iron_blade","929","599","359","21696","8175","0","774","359","27012","0","929","727","13521","0.6447793326157158","0.7825618945102261"
"building__C__40011","27000","weapon","","core:levy_banner","786","220","5010","334810","172000","0","1874","5010","25202","0","783","19","162810","0.27989821882951654","0.024265644955300127"
"building__C__40011","27000","weapon","","core:storm_fork","551","129","636","42487","19064","0","1558","636","25572","0","551","133","23423","0.23411978221415608","0.2413793103448276"
"building__C__40012","27000","weapon","","core:canal_bow","1037","22","141","4137","3631","0","22658","141","26236","0","1032","891","506","0.021215043394406944","0.8633720930232558"
"building__C__40012","27000","weapon","","core:iron_blade","1269","1199","30","809","544","0","125","30","27010","0","1269","1243","265","0.9448384554767534","0.9795114263199369"
"building__C__40012","27000","weapon","","core:levy_banner","938","530","1613","46011","34879","0","731","1613","25546","0","938","459","11132","0.5650319829424307","0.48933901918976547"
"building__C__40012","27000","weapon","","core:mill_disc","708","174","106","3759","2492","0","1829","106","26546","0","704","631","1267","0.2457627118644068","0.8963068181818182"
"building__C__40012","27000","weapon","","core:ward_orbit","10372","3118","4222","111927","79861","0","18169","4222","25857","0","10319","7579","32066","0.30061704589278826","0.7344703944180637"
"building__C__40013","27000","weapon","","core:iron_blade","1098","1069","26","970","661","0","70","26","27012","0","1098","1079","309","0.9735883424408015","0.982695810564663"
"building__C__40013","27000","weapon","","core:levy_banner","1100","912","1314","101490","54431","0","296","1314","24748","0","1094","467","47059","0.8290909090909091","0.42687385740402195"
"building__C__40013","27000","weapon","","core:spore_fan","2091","689","6361","525760","251184","0","3528","6361","26406","0","2080","683","274576","0.32950741272118605","0.3283653846153846"
"building__C__40013","27000","weapon","","core:storm_fork","630","491","166","10331","6059","0","216","166","25930","0","630","496","4272","0.7793650793650794","0.7873015873015873"
"building__C__40013","27000","weapon","","core:ward_orbit","2352","2259","234","10658","6335","0","123","234","23434","0","2338","2161","4323","0.9604591836734694","0.9242942686056459"
"building__C__40014","27000","weapon","","core:harvest_scythe","553","383","202","10292","6885","0","305","202","21000","0","553","419","3407","0.6925858951175407","0.7576853526220615"
"building__C__40014","27000","weapon","","core:iron_blade","1199","717","423","26771","14444","0","956","423","27016","0","1199","928","12327","0.5979983319432861","0.773978315262719"
"building__C__40014","27000","weapon","","core:mill_disc","526","132","1314","90902","38982","0","1383","1314","22480","0","524","180","51920","0.2509505703422053","0.3435114503816794"
"building__C__40014","27000","weapon","","core:spore_fan","1196","188","6208","328365","217710","0","3784","6208","25636","0","1191","154","110655","0.15719063545150502","0.12930310663308145"
"building__C__40014","27000","weapon","","core:storm_fork","478","176","466","27227","17251","0","915","466","20676","0","478","186","9976","0.3682008368200837","0.3891213389121339"
"building__C__40015","27000","weapon","","core:canal_bow","1065","34","769","47831","21475","0","7034","769","26626","0","1060","545","26356","0.03192488262910798","0.5141509433962265"
"building__C__40015","27000","weapon","","core:frost_chain","886","310","604","24587","18049","0","1327","604","26764","0","885","388","6538","0.34988713318284426","0.4384180790960452"
"building__C__40015","27000","weapon","","core:iron_blade","935","852","53","1613","951","0","143","53","27018","0","935","898","662","0.9112299465240642","0.960427807486631"
"building__C__40015","27000","weapon","","core:levy_banner","915","671","1790","98235","62443","0","396","1790","25862","0","911","222","35792","0.7333333333333333","0.24368825466520308"
"building__C__40015","27000","weapon","","core:spore_fan","1840","521","7118","455272","257559","0","3440","7118","26153","0","1832","515","197713","0.2831521739130435","0.28111353711790393"
"building__C__40016","27000","weapon","","core:ember_wand","1960","11","870","70427","25282","0","182104","870","26252","0","1957","1244","45145","0.005612244897959183","0.6356668369954012"
"building__C__40016","27000","weapon","","core:harvest_scythe","739","286","589","44729","22488","0","999","589","25422","0","739","409","22241","0.3870094722598105","0.5534506089309879"
"building__C__40016","27000","weapon","","core:iron_blade","1185","736","289","24557","10244","0","795","289","27012","0","1185","985","14313","0.6210970464135022","0.8312236286919831"
"building__C__40016","27000","weapon","","core:storm_fork","705","103","1224","109754","48558","0","1995","1224","25932","0","705","105","61196","0.14609929078014183","0.14893617021276595"
"building__C__40016","27000","weapon","","core:ward_orbit","2187","1292","2172","133418","72203","0","1622","2172","26762","0","2178","1020","61215","0.5907636031092821","0.46831955922865015"
"building__C__40017","27000","weapon","","core:canal_bow","1053","83","549","38943","15416","0","3839","549","26112","0","1051","502","23527","0.0788224121557455","0.4776403425309229"
"building__C__40017","27000","weapon","","core:iron_blade","1194","1141","42","1527","964","0","134","42","27008","0","1194","1163","563","0.9556113902847572","0.974036850921273"
"building__C__40017","27000","weapon","","core:mill_disc","591","573","1226","103357","35342","0","19","1226","23599","0","589","306","68015","0.9695431472081218","0.5195246179966044"
"building__C__40017","27000","weapon","","core:spore_fan","4213","2404","7187","698347","311642","0","2983","7187","25860","0","4191","2352","386705","0.5706147638262521","0.5612025769506085"
"building__C__40017","27000","weapon","","core:storm_fork","640","599","41","1532","858","0","81","41","26504","0","640","599","674","0.9359375","0.9359375"
"building__C__40018","27000","weapon","","core:ember_wand","2044","139","903","56113","25035","0","13257","903","25830","0","2016","1113","31078","0.06800391389432485","0.5520833333333334"
"building__C__40018","27000","weapon","","core:harvest_scythe","737","398","479","30249","16928","0","658","479","26792","0","737","447","13321","0.5400271370420624","0.6065128900949797"
"building__C__40018","27000","weapon","","core:iron_blade","1034","878","78","3447","1937","0","247","78","27014","0","1034","972","1510","0.8491295938104448","0.9400386847195358"
"building__C__40018","27000","weapon","","core:levy_banner","1114","387","3918","337933","161530","0","1944","3918","24476","0","1108","91","176403","0.3473967684021544","0.08212996389891697"
"building__C__40018","27000","weapon","","core:ward_orbit","1843","1226","1250","68267","41635","0","1029","1250","23326","0","1832","1074","26632","0.6652197504069451","0.5862445414847162"
"building__C__40019","27000","weapon","","core:ember_wand","6827","86","1140","34064","24823","0","476950","1140","26791","0","6817","5677","9241","0.012597041160099605","0.8327710136423647"
"building__C__40019","27000","weapon","","core:harvest_scythe","789","488","276","11147","6838","0","497","276","26614","0","789","587","4309","0.6185044359949303","0.743979721166033"
"building__C__40019","27000","weapon","","core:iron_blade","1087","1036","24","609","450","0","86","24","27006","0","1087","1066","159","0.953081876724931","0.9806807727690893"
"building__C__40019","27000","weapon","","core:storm_fork","723","181","1303","67849","41205","0","2077","1303","25900","0","723","194","26644","0.2503457814661134","0.26832641770401106"
"building__C__40019","27000","weapon","","core:ward_orbit","3664","1876","2989","97183","68134","0","3692","2989","26174","0","3641","1807","29049","0.5120087336244541","0.4962922274100522"
"building__C__40020","27000","weapon","","core:ember_wand","1167","29","410","39526","13962","0","11522","410","23742","0","1162","844","25564","0.024850042844901457","0.7263339070567987"
"building__C__40020","27000","weapon","","core:harvest_scythe","726","189","1437","139517","49934","0","1995","1437","26698","0","726","225","89583","0.2603305785123967","0.30991735537190085"
"building__C__40020","27000","weapon","","core:iron_blade","1196","422","1605","191449","53382","0","3048","1605","27000","0","1196","615","138067","0.3528428093645485","0.5142140468227425"
"building__C__40020","27000","weapon","","core:levy_banner","849","275","4529","403543","183754","0","1908","4529","26788","0","846","34","219789","0.32391048292108365","0.04018912529550828"
"building__C__40020","27000","weapon","","core:mill_disc","600","108","119","11520","3962","0","2426","119","26260","0","598","510","7558","0.18","0.8528428093645485"
"building__C__40021","27000","weapon","","core:canal_bow","1165","38","488","18381","11407","0","8298","488","26712","0","1159","767","6974","0.03261802575107296","0.6617773943054357"
"building__C__40021","27000","weapon","","core:frost_chain","1029","175","465","14018","10879","0","3038","465","26486","0","1025","622","3139","0.17006802721088435","0.6068292682926829"
"building__C__40021","27000","weapon","","core:iron_blade","1027","653","276","11025","6499","0","768","276","27006","0","1027","845","4526","0.6358325219084713","0.8227848101265823"
"building__C__40021","27000","weapon","","core:levy_banner","777","365","3398","126920","89269","0","818","3398","24064","0","773","38","37651","0.4697554697554698","0.04915912031047866"
"building__C__40021","27000","weapon","","core:storm_fork","649","175","839","35931","24603","0","1339","839","26582","0","649","179","11328","0.2696456086286595","0.275808936825886"
"building__C__40022","27000","weapon","","core:harvest_scythe","1091","856","189","14842","5848","0","1264","189","22966","0","1091","1003","8994","0.7846012832263978","0.919340054995417"
"building__C__40022","27000","weapon","","core:iron_blade","1666","1605","49","1260","925","0","141","49","27004","0","1666","1641","335","0.9633853541416567","0.9849939975990396"
"building__C__40022","27000","weapon","","core:spore_fan","3630","1570","7795","409757","266361","0","5662","7795","24716","0","3628","1891","143396","0.4325068870523416","0.5212238147739802"
"building__C__40022","27000","weapon","","core:storm_fork","880","567","461","24304","15780","0","813","461","26176","0","880","661","8524","0.6443181818181818","0.7511363636363636"
"building__C__40022","27000","weapon","","core:ward_orbit","5620","4820","1127","34338","22761","0","1824","1127","26458","0","5575","4864","11577","0.8576512455516014","0.8724663677130045"
"building__C__40023","27000","weapon","","core:ember_wand","4306","459","962","42483","25366","0","12889","962","25378","0","4218","3256","17117","0.10659544821179749","0.7719298245614035"
"building__C__40023","27000","weapon","","core:frost_chain","832","458","270","9750","7472","0","719","270","21428","0","828","558","2278","0.5504807692307693","0.6739130434782609"
"building__C__40023","27000","weapon","","core:iron_blade","1404","1244","99","5037","2646","0","272","99","27002","0","1404","1321","2391","0.886039886039886","0.9408831908831908"
"building__C__40023","27000","weapon","","core:spore_fan","5370","3851","4620","230149","161387","0","2510","4620","24838","0","5284","3709","68762","0.7171322160148976","0.7019303557910673"
"building__C__40023","27000","weapon","","core:storm_fork","720","499","291","15631","9569","0","407","291","25836","0","720","502","6062","0.6930555555555555","0.6972222222222222"
"building__C__40024","27000","weapon","","core:canal_bow","2275","77","352","19628","8859","0","12517","352","26177","0","2264","2020","10769","0.033846153846153845","0.892226148409894"
"building__C__40024","27000","weapon","","core:ember_wand","3727","275","560","27906","14887","0","14454","560","25627","0","3712","3288","13019","0.07378588677220284","0.8857758620689655"
"building__C__40024","27000","weapon","","core:iron_blade","1199","1116","61","1659","1197","0","144","61","27000","0","1199","1158","462","0.9307756463719766","0.9658048373644704"
"building__C__40024","27000","weapon","","core:spore_fan","4462","2988","4741","238474","157310","0","2523","4741","26477","0","4388","2844","81164","0.6696548632900045","0.6481312670920693"
"building__C__40024","27000","weapon","","core:storm_fork","641","473","155","5363","3737","0","278","155","25012","0","641","486","1626","0.7379095163806553","0.7581903276131046"
"building__C__40025","27000","weapon","","core:ember_wand","1950","151","969","56113","25750","0","6883","969","26178","0","1943","1128","30363","0.07743589743589743","0.5805455481214616"
"building__C__40025","27000","weapon","","core:frost_chain","1127","745","462","21353","11654","0","909","462","24740","0","1126","664","9699","0.6610470275066548","0.5896980461811723"
"building__C__40025","27000","weapon","","core:iron_blade","1288","1104","88","2943","2123","0","383","88","27008","0","1288","1224","820","0.8571428571428571","0.9503105590062112"
"building__C__40025","27000","weapon","","core:mill_disc","753","542","601","40773","16729","0","468","601","26459","0","750","547","24044","0.7197875166002656","0.7293333333333333"
"building__C__40025","27000","weapon","","core:spore_fan","8283","6497","7055","545993","282272","0","2772","7055","24064","0","8199","6398","263721","0.7843776409513461","0.7803390657397243"
"building__C__40026","27000","weapon","","core:frost_chain","1138","277","686","31971","20006","0","2355","686","25680","0","1134","510","11965","0.24340949033391915","0.4497354497354497"
"building__C__40026","27000","weapon","","core:iron_blade","1142","1070","41","1294","889","0","109","41","27016","0","1142","1109","405","0.9369527145359019","0.9711033274956217"
"building__C__40026","27000","weapon","","core:levy_banner","932","677","1520","72889","49450","0","358","1520","26670","0","928","279","23439","0.7263948497854077","0.30064655172413796"
"building__C__40026","27000","weapon","","core:spore_fan","1591","558","3123","156191","106417","0","2299","3123","24028","0","1581","614","49774","0.3507228158390949","0.3883617963314358"
"building__C__40026","27000","weapon","","core:ward_orbit","3326","2565","1424","60188","36256","0","1052","1424","24990","0","3283","2282","23932","0.7711966325917018","0.6950959488272921"
"building__C__40027","27000","weapon","","core:ember_wand","6680","144","952","67274","28024","0","43726","952","21770","0","6657","6022","39250","0.02155688622754491","0.9046116869460719"
"building__C__40027","27000","weapon","","core:harvest_scythe","756","616","201","9528","5339","0","282","201","26132","0","756","642","4189","0.8148148148148148","0.8492063492063492"
"building__C__40027","27000","weapon","","core:iron_blade","1034","929","82","2559","1606","0","227","82","27008","0","1034","980","953","0.8984526112185687","0.9477756286266924"
"building__C__40027","27000","weapon","","core:spore_fan","5356","3928","5455","353588","200120","0","2882","5455","24932","0","5327","3835","153468","0.7333831217326363","0.7199174019147738"
"building__C__40027","27000","weapon","","core:storm_fork","611","376","381","24493","13319","0","482","381","22608","0","611","402","11174","0.6153846153846154","0.6579378068739771"
"building__C__40028","27000","weapon","","core:frost_chain","729","167","130","4658","3828","0","1689","130","25686","0","726","596","830","0.22908093278463648","0.8209366391184573"
"building__C__40028","27000","weapon","","core:iron_blade","966","660","262","14509","7192","0","564","262","27014","0","966","803","7317","0.6832298136645962","0.8312629399585921"
"building__C__40028","27000","weapon","","core:levy_banner","704","461","1775","72911","51767","0","390","1775","26174","0","702","106","21144","0.6548295454545454","0.150997150997151"
"building__C__40028","27000","weapon","","core:mill_disc","491","195","72","4001","2076","0","771","72","25391","0","489","428","1925","0.3971486761710794","0.8752556237218814"
"building__C__40028","27000","weapon","","core:spore_fan","1058","257","3257","144808","99760","0","2487","3257","24996","0","1054","266","45048","0.24291115311909262","0.2523719165085389"
"building__C__40029","27000","weapon","","core:ember_wand","2885","293","688","37769","19342","0","10022","688","26730","0","2858","2171","18427","0.10155979202772963","0.7596221133659902"
"building__C__40029","27000","weapon","","core:iron_blade","1211","1115","72","2508","1568","0","165","72","27006","0","1211","1158","940","0.9207266721717589","0.9562345169281585"
"building__C__40029","27000","weapon","","core:mill_disc","532","420","143","7523","3673","0","217","143","23644","0","532","464","3850","0.7894736842105263","0.8721804511278195"
"building__C__40029","27000","weapon","","core:spore_fan","11841","9702","8162","578544","313921","0","3372","8162","26488","0","11768","9586","264623","0.8193564732708386","0.8145819170632222"
"building__C__40029","27000","weapon","","core:storm_fork","598","496","95","3431","2172","0","173","95","23972","0","598","503","1259","0.8294314381270903","0.8411371237458194"
"building__C__40030","27000","weapon","","core:frost_chain","919","200","634","54476","22140","0","2280","634","26252","0","915","462","32336","0.2176278563656148","0.5049180327868853"
"building__C__40030","27000","weapon","","core:iron_blade","936","747","136","10655","4261","0","348","136","27010","0","936","842","6394","0.7980769230769231","0.8995726495726496"
"building__C__40030","27000","weapon","","core:levy_banner","648","453","1440","102943","57399","0","324","1440","25038","0","645","119","45544","0.6990740740740741","0.18449612403100776"
"building__C__40030","27000","weapon","","core:mill_disc","529","240","964","84328","27987","0","695","964","26767","0","527","272","56341","0.45368620037807184","0.5161290322580645"
"building__C__40030","27000","weapon","","core:spore_fan","1139","282","3356","320543","134223","0","2649","3356","25630","0","1134","276","186320","0.247585601404741","0.24338624338624337"
"building__C__40031","27000","weapon","","core:frost_chain","821","569","489","27897","13584","0","395","489","24692","0","820","331","14313","0.6930572472594397","0.4036585365853659"
"building__C__40031","27000","weapon","","core:harvest_scythe","715","650","57","2677","1387","0","78","57","26546","0","715","665","1290","0.9090909090909091","0.9300699300699301"
"building__C__40031","27000","weapon","","core:iron_blade","1016","943","51","2248","1143","0","109","51","27014","0","1016","978","1105","0.9281496062992126","0.9625984251968503"
"building__C__40031","27000","weapon","","core:levy_banner","653","618","654","37290","23875","0","43","654","24306","0","650","288","13415","0.9464012251148545","0.4430769230769231"
"building__C__40031","27000","weapon","","core:spore_fan","3297","2104","3817","356156","152840","0","1917","3817","26640","0","3252","2054","203316","0.6381558993023961","0.6316113161131611"
"land__A__40000","27000","weapon","","core:harvest_scythe","756","563","260","12978","6612","0","351","260","26772","0","756","590","6366","0.7447089947089947","0.7804232804232805"
"land__A__40000","27000","weapon","","core:iron_blade","1180","1008","139","7876","3160","0","296","139","27008","0","1180","1091","4716","0.8542372881355932","0.9245762711864407"
"land__A__40000","27000","weapon","","core:levy_banner","473","429","759","33084","24302","0","55","759","15810","0","470","140","8782","0.9069767441860465","0.2978723404255319"
"land__A__40000","27000","weapon","","core:spore_fan","3624","2242","4269","209977","136572","0","2564","4269","24598","0","3535","2158","73405","0.6186534216335541","0.6104667609618105"
"land__A__40000","27000","weapon","","core:storm_fork","410","320","85","3530","2071","0","133","85","18852","0","410","325","1459","0.7804878048780488","0.7926829268292683"
"land__A__40001","27000","weapon","","core:canal_bow","878","34","429","21092","11594","0","6462","429","24512","0","874","445","9498","0.0387243735763098","0.5091533180778032"
"land__A__40001","27000","weapon","","core:frost_chain","866","117","701","27466","21160","0","3115","701","22978","0","862","413","6306","0.1351039260969977","0.4791183294663573"
"land__A__40001","27000","weapon","","core:iron_blade","928","692","109","4620","2929","0","398","109","27008","0","928","849","1691","0.7456896551724138","0.9148706896551724"
"land__A__40001","27000","weapon","","core:spore_fan","1215","333","3743","169101","119800","0","2514","3743","26497","0","1210","261","49301","0.2740740740740741","0.21570247933884298"
"land__A__40001","27000","weapon","","core:storm_fork","520","173","503","21837","15491","0","857","503","23830","0","520","181","6346","0.3326923076923077","0.34807692307692306"
"land__A__40002","27000","weapon","","core:ember_wand","1996","97","908","75974","26678","0","12698","908","26249","0","1993","1085","49296","0.048597194388777555","0.5444054189663824"
"land__A__40002","27000","weapon","","core:harvest_scythe","699","138","1544","153567","61090","0","2008","1544","24238","0","699","192","92477","0.19742489270386265","0.27467811158798283"
"land__A__40002","27000","weapon","","core:iron_blade","900","749","122","7150","3985","0","277","122","27000","0","900","818","3165","0.8322222222222222","0.9088888888888889"
"land__A__40002","27000","weapon","","core:levy_banner","681","405","3197","202805","125677","0","553","3197","26674","0","678","35","77128","0.5947136563876652","0.051622418879056046"
"land__A__40002","27000","weapon","","core:storm_fork","476","177","286","19607","10963","0","764","286","23088","0","476","190","8644","0.37184873949579833","0.39915966386554624"
"land__A__40003","27000","weapon","","core:ember_wand","1712","49","681","28812","16800","0","12988","681","26218","0","1701","1329","12012","0.028621495327102803","0.781305114638448"
"land__A__40003","27000","weapon","","core:frost_chain","964","133","710","22513","17706","0","3293","710","26640","0","961","562","4807","0.13796680497925312","0.5848074921956296"
"land__A__40003","27000","weapon","","core:iron_blade","919","485","189","7035","3864","0","818","189","27006","0","919","791","3171","0.5277475516866159","0.8607181719260065"
"land__A__40003","27000","weapon","","core:levy_banner","673","324","3976","121203","89203","0","868","3976","24112","0","670","16","32000","0.4814264487369985","0.023880597014925373"
"land__A__40003","27000","weapon","","core:storm_fork","390","149","286","8864","6486","0","540","286","18954","0","390","152","2378","0.382051282051282","0.38974358974358975"
"land__A__40004","27000","weapon","","core:frost_chain","820","116","171","6615","5130","0","2928","171","26226","0","817","646","1485","0.14146341463414633","0.7906976744186046"
"land__A__40004","27000","weapon","","core:harvest_scythe","683","274","681","36684","21812","0","972","681","26510","0","683","338","14872","0.4011713030746706","0.49487554904831627"
"land__A__40004","27000","weapon","","core:iron_blade","986","597","342","21666","11305","0","842","342","27010","0","986","804","10361","0.6054766734279919","0.8154158215010142"
"land__A__40004","27000","weapon","","core:mill_disc","556","141","106","5870","3158","0","1489","106","26772","0","554","469","2712","0.25359712230215825","0.8465703971119134"
"land__A__40004","27000","weapon","","core:spore_fan","1182","190","4478","202120","148547","0","3697","4478","25844","0","1177","140","53573","0.16074450084602368","0.11894647408666101"
"land__A__40005","27000","weapon","","core:frost_chain","957","166","720","43647","23505","0","2971","720","24848","0","953","474","20142","0.17345872518286312","0.49737670514165794"
"land__A__40005","27000","weapon","","core:harvest_scythe","683","379","380","23209","12683","0","490","380","25954","0","683","421","10526","0.554904831625183","0.616398243045388"
"land__A__40005","27000","weapon","","core:iron_blade","1035","677","273","23212","8667","0","718","273","27004","0","1035","861","14545","0.6541062801932367","0.8318840579710145"
"land__A__40005","27000","weapon","","core:levy_banner","761","436","2582","152074","94522","0","524","2582","26444","0","758","71","57552","0.5729303547963206","0.09366754617414248"
"land__A__40005","27000","weapon","","core:ward_orbit","1815","1287","1874","92770","56273","0","807","1874","26552","0","1808","805","36497","0.7090909090909091","0.4452433628318584"
"land__A__40006","27000","weapon","","core:ember_wand","6928","30","797","41848","20790","0","53072","797","22511","0","6877","6351","21058","0.0043302540415704385","0.9235131598080558"
"land__A__40006","27000","weapon","","core:frost_chain","1165","135","648","25210","19320","0","3266","648","24878","0","1162","662","5890","0.11587982832618025","0.5697074010327022"
"land__A__40006","27000","weapon","","core:iron_blade","1161","1063","31","808","540","0","146","31","27014","0","1161","1133","268","0.9155900086132644","0.9758828596037898"
"land__A__40006","27000","weapon","","core:spore_fan","1890","593","5001","187250","142955","0","2852","5001","26581","0","1876","514","44295","0.31375661375661373","0.27398720682302774"
"land__A__40006","27000","weapon","","core:ward_orbit","2765","1844","1830","54134","38199","0","1292","1830","23462","0","2750","1580","15935","0.6669077757685352","0.5745454545454546"
"land__A__40007","27000","weapon","","core:iron_blade","1370","949","311","19200","10670","0","740","311","27004","0","1370","1155","8530","0.6927007299270073","0.843065693430657"
"land__A__40007","27000","weapon","","core:levy_banner","872","571","2982","131997","94899","0","507","2982","26370","0","868","59","37098","0.6548165137614679","0.06797235023041474"
"land__A__40007","27000","weapon","","core:mill_disc","574","221","670","34806","18726","0","839","670","24572","0","571","323","16080","0.38501742160278746","0.5656742556917689"
"land__A__40007","27000","weapon","","core:storm_fork","557","151","514","27916","16520","0","1042","514","20960","0","557","167","11396","0.2710951526032316","0.2998204667863555"
"land__A__40007","27000","weapon","","core:ward_orbit","4110","2815","2250","83609","57254","0","2002","2250","26214","0","4065","2603","26355","0.6849148418491484","0.6403444034440344"
"land__A__40008","27000","weapon","","core:canal_bow","1004","6","548","55431","17185","0","12935","548","25077","0","1001","453","38246","0.00597609561752988","0.45254745254745254"
"land__A__40008","27000","weapon","","core:iron_blade","1149","845","232","21915","7814","0","571","232","27008","0","1149","1007","14101","0.7354221061792864","0.876414273281114"
"land__A__40008","27000","weapon","","core:spore_fan","1224","207","5095","563885","215258","0","3892","5095","20049","0","1218","187","348627","0.16911764705882354","0.1535303776683087"
"land__A__40008","27000","weapon","","core:storm_fork","516","200","307","32295","13096","0","833","307","21432","0","516","209","19199","0.3875968992248062","0.4050387596899225"
"land__A__40008","27000","weapon","","core:ward_orbit","2062","1122","1962","229090","77434","0","2138","1962","22060","0","2047","1049","151656","0.5441319107662463","0.512457254518808"
"land__A__40009","27000","weapon","","core:ember_wand","1709","91","738","45225","21411","0","9343","738","23471","0","1691","1167","23814","0.05324751316559392","0.6901241868716735"
"land__A__40009","27000","weapon","","core:frost_chain","860","215","260","8670","6173","0","1640","260","26122","0","856","596","2497","0.25","0.6962616822429907"
"land__A__40009","27000","weapon","","core:iron_blade","938","864","42","1549","901","0","95","42","27004","0","938","903","648","0.9211087420042644","0.9626865671641791"
"land__A__40009","27000","weapon","","core:spore_fan","1536","463","3813","206843","131116","0","2514","3813","26432","0","1526","378","75727","0.3014322916666667","0.24770642201834864"
"land__A__40009","27000","weapon","","core:ward_orbit","1785","1415","969","35136","23541","0","501","969","26796","0","1779","1134","11595","0.7927170868347339","0.6374367622259697"
"land__A__40010","27000","weapon","","core:canal_bow","1147","28","296","18529","8116","0","7809","296","26471","0","1141","845","10413","0.024411508282476024","0.740578439964943"
"land__A__40010","27000","weapon","","core:ember_wand","1998","82","596","39871","16970","0","11250","596","26176","0","1985","1425","22901","0.04104104104104104","0.7178841309823678"
"land__A__40010","27000","weapon","","core:iron_blade","900","804","56","1859","1208","0","184","56","27000","0","900","861","651","0.8933333333333333","0.9566666666666667"
"land__A__40010","27000","weapon","","core:spore_fan","1671","451","4358","288290","154636","0","3060","4358","25866","0","1661","370","133654","0.2698982645122681","0.22275737507525586"
"land__A__40010","27000","weapon","","core:storm_fork","549","281","264","13719","8249","0","501","264","26776","0","549","285","5470","0.51183970856102","0.5191256830601093"
"land__A__40011","27000","weapon","","core:ember_wand","1265","18","697","32982","18846","0","102466","697","25831","0","1259","842","14136","0.014229249011857707","0.6687847498014297"
"land__A__40011","27000","weapon","","core:harvest_scythe","607","144","968","56997","29277","0","1860","968","22328","0","607","226","27720","0.2372322899505766","0.3723228995057661"
"land__A__40011","27000","weapon","","core:iron_blade","902","449","131","5233","2347","0","1123","131","27000","0","902","807","2886","0.4977827050997783","0.8946784922394678"
"land__A__40011","27000","weapon","","core:mill_disc","416","13","225","15415","5892","0","2648","225","17378","0","414","347","9523","0.03125","0.8381642512077294"
"land__A__40011","27000","weapon","","core:storm_fork","448","76","375","14651","9103","0","1401","375","21468","0","448","73","5548","0.16964285714285715","0.16294642857142858"
"land__A__40012","27000","weapon","","core:canal_bow","1481","9","270","20715","8099","0","222535","270","26436","0","1472","1241","12616","0.006076975016880486","0.8430706521739131"
"land__A__40012","27000","weapon","","core:frost_chain","912","28","82","3475","2330","0","6960","82","25860","0","909","827","1145","0.03070175438596491","0.9097909790979097"
"land__A__40012","27000","weapon","","core:harvest_scythe","611","80","1144","66979","29924","0","2100","1144","23218","0","611","150","37055","0.1309328968903437","0.24549918166939444"
"land__A__40012","27000","weapon","","core:iron_blade","958","543","264","12636","5665","0","800","264","27014","0","958","779","6971","0.5668058455114823","0.8131524008350731"
"land__A__40012","27000","weapon","","core:storm_fork","518","46","473","25134","12214","0","2151","473","23696","0","518","45","12920","0.0888030888030888","0.08687258687258688"
"land__A__40013","27000","weapon","","core:frost_chain","814","281","403","24263","14246","0","1115","403","23558","0","811","485","10017","0.3452088452088452","0.5980271270036991"
"land__A__40013","27000","weapon","","core:iron_blade","960","903","40","1647","1000","0","107","40","27024","0","960","929","647","0.940625","0.9677083333333333"
"land__A__40013","27000","weapon","","core:mill_disc","508","345","284","19541","8671","0","241","284","25204","0","505","377","10870","0.6791338582677166","0.7465346534653465"
"land__A__40013","27000","weapon","","core:spore_fan","1778","698","4351","301209","169441","0","2128","4351","26399","0","1769","638","131768","0.3925759280089989","0.36065573770491804"
"land__A__40013","27000","weapon","","core:storm_fork","563","407","172","9050","5605","0","217","172","25950","0","563","408","3445","0.7229129662522202","0.7246891651865008"
"land__A__40014","27000","weapon","","core:ember_wand","2536","140","725","43472","20984","0","10300","725","26759","0","2525","2005","22488","0.055205047318611984","0.7940594059405941"
"land__A__40014","27000","weapon","","core:frost_chain","953","265","467","26507","15886","0","1567","467","26574","0","948","668","10621","0.2780692549842602","0.7046413502109705"
"land__A__40014","27000","weapon","","core:iron_blade","1219","942","168","11337","4996","0","438","168","27012","0","1219","1089","6341","0.7727645611156686","0.8933552091878589"
"land__A__40014","27000","weapon","","core:spore_fan","2234","1008","4458","258252","160516","0","2168","4458","25909","0","2219","935","97736","0.4512085944494181","0.42136097341144657"
"land__A__40014","27000","weapon","","core:storm_fork","480","360","120","5519","2999","0","179","120","22044","0","480","360","2520","0.75","0.75"
"land__A__40015","27000","weapon","","core:canal_bow","1135","11","446","28559","13015","0","9421","446","26611","0","1130","749","15544","0.009691629955947136","0.6628318584070797"
"land__A__40015","27000","weapon","","core:ember_wand","1504","67","473","24960","13362","0","7661","473","25297","0","1497","1024","11598","0.04454787234042553","0.6840347361389446"
"land__A__40015","27000","weapon","","core:iron_blade","900","768","91","3941","2121","0","243","91","27000","0","900","832","1820","0.8533333333333334","0.9244444444444444"
"land__A__40015","27000","weapon","","core:spore_fan","1407","305","4305","247409","151853","0","2849","4305","25889","0","1401","232","95556","0.21677327647476902","0.1655960028551035"
"land__A__40015","27000","weapon","","core:ward_orbit","1362","1026","1121","41354","29265","0","472","1121","24602","0","1356","688","12089","0.7533039647577092","0.5073746312684366"
"land__A__40016","27000","weapon","","core:harvest_scythe","957","647","294","13432","7662","0","669","294","24540","0","957","793","5770","0.6760710553814002","0.8286311389759665"
"land__A__40016","27000","weapon","","core:iron_blade","1395","1326","35","895","681","0","97","35","27004","0","1395","1369","214","0.9505376344086022","0.9813620071684588"
"land__A__40016","27000","weapon","","core:spore_fan","9263","5385","6613","227072","163888","0","8646","6613","23466","0","9262","7453","63184","0.5813451365648278","0.8046858129993522"
"land__A__40016","27000","weapon","","core:storm_fork","703","443","216","6621","4619","0","501","216","25920","0","703","492","2002","0.6301564722617354","0.6998577524893315"
"land__A__40016","27000","weapon","","core:ward_orbit","7620","6638","1319","27713","21417","0","1594","1319","26759","0","7555","6765","6296","0.8711286089238846","0.8954334877564527"
"land__A__40017","27000","weapon","","core:canal_bow","2391","39","1284","151991","36892","0","16935","1284","26099","0","2347","1815","115099","0.01631116687578419","0.7733276523221133"
"land__A__40017","27000","weapon","","core:ember_wand","1236","103","125","11093","3658","0","4235","125","18147","0","1227","1102","7435","0.08333333333333333","0.8981255093724532"
"land__A__40017","27000","weapon","","core:iron_blade","1122","1067","43","1603","1067","0","136","43","27014","0","1122","1091","536","0.9509803921568627","0.9723707664884136"
"land__A__40017","27000","weapon","","core:spore_fan","2450","1158","4829","467913","210014","0","2387","4829","25862","0","2427","1098","257899","0.4726530612244898","0.45241038318912236"
"land__A__40017","27000","weapon","","core:storm_fork","859","476","898","91722","39374","0","734","898","26512","0","859","482","52348","0.5541327124563445","0.5611175785797439"
"land__A__40018","27000","weapon","","core:harvest_scythe","682","237","828","48842","25760","0","1106","828","26762","0","682","307","23082","0.34750733137829914","0.4501466275659824"
"land__A__40018","27000","weapon","","core:iron_blade","914","603","119","6502","3273","0","610","119","27016","0","914","835","3229","0.6597374179431073","0.9135667396061269"
"land__A__40018","27000","weapon","","core:levy_banner","684","347","3491","166469","116961","0","775","3491","25412","0","681","24","49508","0.5073099415204678","0.03524229074889868"
"land__A__40018","27000","weapon","","core:mill_disc","427","107","776","44342","21602","0","950","776","22513","0","425","202","22740","0.2505854800936768","0.4752941176470588"
"land__A__40018","27000","weapon","","core:storm_fork","489","229","262","11249","7243","0","618","262","24408","0","489","227","4006","0.46830265848670755","0.46421267893660534"
"land__A__40019","27000","weapon","","core:ember_wand","1314","67","572","30734","14866","0","7963","572","26800","0","1312","740","15868","0.05098934550989345","0.5640243902439024"
"land__A__40019","27000","weapon","","core:frost_chain","795","110","330","16445","8599","0","2412","330","25326","0","794","464","7846","0.13836477987421383","0.5843828715365239"
"land__A__40019","27000","weapon","","core:harvest_scythe","687","262","513","38108","18267","0","911","513","26610","0","687","386","19841","0.3813682678311499","0.5618631732168851"
"land__A__40019","27000","weapon","","core:iron_blade","964","646","155","12959","5249","0","547","155","27018","0","964","853","7710","0.6701244813278008","0.8848547717842323"
"land__A__40019","27000","weapon","","core:ward_orbit","1508","696","2784","143449","90233","0","1392","2784","26174","0","1499","343","53216","0.46153846153846156","0.22881921280853904"
"land__A__40020","27000","weapon","","core:canal_bow","1236","20","239","16481","8122","0","13705","239","24584","0","1229","990","8359","0.016181229773462782","0.80553295362083"
"land__A__40020","27000","weapon","","core:iron_blade","1211","807","410","27685","11686","0","960","410","27016","0","1211","972","15999","0.6663914120561519","0.8026424442609413"
"land__A__40020","27000","weapon","","core:levy_banner","741","407","2451","172526","95453","0","645","2451","21520","0","737","78","77073","0.5492577597840755","0.10583446404341927"
"land__A__40020","27000","weapon","","core:spore_fan","584","209","1319","83406","48783","0","946","1319","6480","0","574","212","34623","0.3578767123287671","0.3693379790940767"
"land__A__40020","27000","weapon","","core:storm_fork","537","176","560","43764","21310","0","931","560","20714","0","537","182","22454","0.32774674115456237","0.33891992551210426"
"land__A__40021","27000","weapon","","core:ember_wand","1250","60","335","22889","10880","0","8327","335","23789","0","1245","995","12009","0.048","0.7991967871485943"
"land__A__40021","27000","weapon","","core:iron_blade","953","779","91","4542","2387","0","324","91","27016","0","953","891","2155","0.8174186778593914","0.9349422875131165"
"land__A__40021","27000","weapon","","core:mill_disc","512","195","237","13716","6814","0","689","237","26494","0","510","411","6902","0.380859375","0.8058823529411765"
"land__A__40021","27000","weapon","","core:spore_fan","901","180","3090","179160","111444","0","2000","3090","20357","0","896","146","67716","0.1997780244173141","0.16294642857142858"
"land__A__40021","27000","weapon","","core:ward_orbit","1235","861","1562","76749","43049","0","582","1562","22742","0","1230","520","33700","0.697165991902834","0.42276422764227645"
"land__A__40022","27000","weapon","","core:harvest_scythe","683","677","4","160","72","0","7","4","18708","0","683","679","88","0.9912152269399708","0.9941434846266471"
"land__A__40022","27000","weapon","","core:iron_blade","1722","1666","52","1380","995","0","136","52","27006","0","1722","1693","385","0.967479674796748","0.9831591173054588"
"land__A__40022","27000","weapon","","core:spore_fan","6704","4738","6269","360635","226756","0","3111","6269","24714","0","6669","4874","133879","0.7067422434367542","0.730844204528415"
"land__A__40022","27000","weapon","","core:storm_fork","713","619","92","3101","2148","0","137","92","26194","0","713","621","953","0.8681626928471248","0.8709677419354839"
"land__A__40022","27000","weapon","","core:ward_orbit","4765","4604","427","9725","7325","0","226","427","26458","0","4720","4483","2400","0.9662119622245541","0.9497881355932203"
"land__A__40023","27000","weapon","","core:ember_wand","1335","73","586","47110","16713","0","8773","586","24158","0","1330","885","30397","0.05468164794007491","0.6654135338345865"
"land__A__40023","27000","weapon","","core:iron_blade","900","817","54","1973","1234","0","137","54","27000","0","900","861","739","0.9077777777777778","0.9566666666666667"
"land__A__40023","27000","weapon","","core:levy_banner","708","408","2566","162110","95088","0","567","2566","26476","0","705","60","67022","0.576271186440678","0.0851063829787234"
"land__A__40023","27000","weapon","","core:storm_fork","456","206","245","14730","8169","0","564","245","22800","0","456","211","6561","0.4517543859649123","0.46271929824561403"
"land__A__40023","27000","weapon","","core:ward_orbit","962","572","1507","86393","45393","0","756","1507","18904","0","957","327","41000","0.5945945945945946","0.34169278996865204"
"land__A__40024","27000","weapon","","core:canal_bow","1239","26","484","16723","10719","0","11855","484","26171","0","1233","811","6004","0.020984665052461663","0.6577453365774534"
"land__A__40024","27000","weapon","","core:frost_chain","976","80","287","7300","6032","0","3847","287","21092","0","971","684","1268","0.08196721311475409","0.7044284243048403"
"land__A__40024","27000","weapon","","core:iron_blade","1523","601","844","50073","24411","0","2281","844","27002","0","1523","1034","25662","0.39461588969139855","0.6789231779382797"
"land__A__40024","27000","weapon","","core:spore_fan","1588","292","6485","165033","131302","0","3726","6485","26489","0","1581","206","33731","0.18387909319899245","0.13029728020240355"
"land__A__40024","27000","weapon","","core:storm_fork","592","200","388","11067","8124","0","878","388","24816","0","592","204","2943","0.33783783783783783","0.34459459459459457"
"land__A__40025","27000","weapon","","core:ember_wand","1293","28","583","54692","17609","0","12058","583","23620","0","1288","705","37083","0.02165506573859242","0.547360248447205"
"land__A__40025","27000","weapon","","core:iron_blade","1017","860","110","7917","3673","0","285","110","27006","0","1017","936","4244","0.8456243854473943","0.9203539823008849"
"land__A__40025","27000","weapon","","core:levy_banner","465","321","1873","174126","78698","0","211","1873","16566","0","462","39","95428","0.6903225806451613","0.08441558441558442"
"land__A__40025","27000","weapon","","core:storm_fork","565","188","357","34314","13656","0","921","357","25394","0","565","208","20658","0.3327433628318584","0.368141592920354"
"land__A__40025","27000","weapon","","core:ward_orbit","1574","1024","1408","126407","50634","0","817","1408","22384","0","1565","718","75773","0.650571791613723","0.45878594249201277"
"land__A__40026","27000","weapon","","core:canal_bow","1640","124","595","40641","17126","0","6273","595","26280","0","1627","1071","23515","0.07560975609756097","0.6582667486170867"
"land__A__40026","27000","weapon","","core:frost_chain","959","470","595","34817","19994","0","849","595","25682","0","954","580","14823","0.49009384775808135","0.6079664570230608"
"land__A__40026","27000","weapon","","core:iron_blade","998","946","45","1852","1230","0","87","45","27012","0","998","965","622","0.9478957915831663","0.966933867735471"
"land__A__40026","27000","weapon","","core:levy_banner","954","828","1351","80096","48791","0","192","1351","26680","0","950","339","31305","0.8679245283018868","0.3568421052631579"
"land__A__40026","27000","weapon","","core:spore_fan","4645","3645","2777","200560","110706","0","1517","2777","25860","0","4556","3568","89854","0.7847147470398278","0.7831431079894644"
"land__A__40027","27000","weapon","","core:harvest_scythe","723","524","260","16652","9019","0","482","260","26148","0","723","581","7633","0.7247579529737206","0.8035961272475796"
"land__A__40027","27000","weapon","","core:iron_blade","964","833","102","3567","2490","0","313","102","27008","0","964","901","1077","0.8641078838174274","0.9346473029045643"
"land__A__40027","27000","weapon","","core:spore_fan","1509","550","4157","329728","174509","0","2122","4157","20511","0","1500","490","155219","0.36447978793903246","0.32666666666666666"
"land__A__40027","27000","weapon","","core:storm_fork","495","341","146","8813","5447","0","359","146","23610","0","495","349","3366","0.6888888888888889","0.705050505050505"
"land__A__40027","27000","weapon","","core:ward_orbit","1493","1267","1183","71485","39891","0","329","1183","21968","0","1485","912","31594","0.8486269256530475","0.6141414141414141"
"land__A__40028","27000","weapon","","core:canal_bow","1436","2","292","19539","9436","0","247771","292","24562","0","1427","1175","10103","0.001392757660167131","0.8234057463209531"
"land__A__40028","27000","weapon","","core:harvest_scythe","683","267","530","24303","15703","0","919","530","25954","0","683","379","8600","0.39092240117130306","0.554904831625183"
"land__A__40028","27000","weapon","","core:iron_blade","1015","381","506","31164","15460","0","1891","506","27020","0","1015","717","15704","0.3753694581280788","0.7064039408866996"
"land__A__40028","27000","weapon","","core:storm_fork","444","49","395","16856","12132","0","1516","395","21312","0","444","49","4724","0.11036036036036036","0.11036036036036036"
"land__A__40028","27000","weapon","","core:ward_orbit","1046","467","2242","78622","59688","0","1208","2242","18154","0","1041","187","18934","0.4464627151051625","0.17963496637848222"
"land__A__40029","27000","weapon","","core:ember_wand","1447","75","385","21308","10582","0","6580","385","26730","0","1442","1145","10726","0.051831375259156875","0.7940360610263523"
"land__A__40029","27000","weapon","","core:frost_chain","927","140","571","31760","19687","0","2698","571","26496","0","922","614","12073","0.15102481121898598","0.665943600867679"
"land__A__40029","27000","weapon","","core:iron_blade","911","607","192","8377","5181","0","525","192","27012","0","911","780","3196","0.6663007683863886","0.8562019758507134"
"land__A__40029","27000","weapon","","core:levy_banner","819","299","4053","243055","147708","0","1184","4053","24538","0","815","29","95347","0.36507936507936506","0.03558282208588957"
"land__A__40029","27000","weapon","","core:mill_disc","518","151","177","8688","5022","0","830","177","26260","0","516","445","3666","0.2915057915057915","0.8624031007751938"
"land__A__40030","27000","weapon","","core:frost_chain","835","158","524","23209","14069","0","2164","524","26676","0","834","310","9140","0.18922155688622755","0.37170263788968827"
"land__A__40030","27000","weapon","","core:iron_blade","1051","924","51","2701","1435","0","179","51","27022","0","1051","1010","1266","0.879162702188392","0.9609895337773549"
"land__A__40030","27000","weapon","","core:levy_banner","746","498","2814","135587","94044","0","383","2814","26788","0","743","57","41543","0.6675603217158177","0.07671601615074024"
"land__A__40030","27000","weapon","","core:storm_fork","633","183","750","52334","28846","0","1252","750","26280","0","633","200","23488","0.2890995260663507","0.315955766192733"
"land__A__40030","27000","weapon","","core:ward_orbit","1628","1072","2718","130499","81010","0","906","2718","25920","0","1622","512","49489","0.6584766584766585","0.3156596794081381"
"land__A__40031","27000","weapon","","core:harvest_scythe","737","681","48","1927","1101","0","70","48","26566","0","737","697","826","0.9240162822252375","0.9457259158751696"
"land__A__40031","27000","weapon","","core:iron_blade","1037","994","29","917","643","0","69","29","27002","0","1037","1017","274","0.9585342333654774","0.9807135969141755"
"land__A__40031","27000","weapon","","core:levy_banner","899","706","1251","69779","44240","0","268","1251","25184","0","896","340","25539","0.7853170189098999","0.3794642857142857"
"land__A__40031","27000","weapon","","core:spore_fan","2005","821","3054","157750","108011","0","2263","3054","26644","0","2000","928","49739","0.4094763092269327","0.464"
"land__A__40031","27000","weapon","","core:ward_orbit","6857","4802","1259","65814","38925","0","3097","1259","21389","0","6821","5901","26889","0.7003062563803413","0.8651224160680252"
"land__B__40000","27000","weapon","","core:frost_chain","848","38","651","43572","18556","0","5414","651","24884","0","848","197","25016","0.04481132075471698","0.23231132075471697"
"land__B__40000","27000","weapon","","core:harvest_scythe","699","196","1199","102875","38435","0","2064","1199","26780","0","699","276","64440","0.2804005722460658","0.3948497854077253"
"land__B__40000","27000","weapon","","core:iron_blade","900","789","78","2870","1752","0","278","78","27000","0","900","847","1118","0.8766666666666667","0.9411111111111111"
"land__B__40000","27000","weapon","","core:spore_fan","962","155","4421","326157","159763","0","3687","4421","23596","0","957","103","166394","0.16112266112266113","0.10762800417972831"
"land__B__40000","27000","weapon","","core:storm_fork","451","152","293","21221","10718","0","1087","293","22002","0","451","158","10503","0.3370288248337029","0.35033259423503327"
"land__B__40001","27000","weapon","","core:iron_blade","984","743","234","19090","8899","0","493","234","27016","0","984","846","10191","0.7550813008130082","0.8597560975609756"
"land__B__40001","27000","weapon","","core:levy_banner","662","480","1755","96707","65305","0","317","1755","25662","0","660","111","31402","0.7250755287009063","0.16818181818181818"
"land__B__40001","27000","weapon","","core:mill_disc","467","220","1833","137664","52540","0","643","1833","24425","0","466","167","85124","0.47109207708779444","0.3583690987124464"
"land__B__40001","27000","weapon","","core:spore_fan","1462","382","4417","350673","174224","0","3400","4417","26493","0","1456","366","176449","0.2612859097127223","0.25137362637362637"
"land__B__40001","27000","weapon","","core:storm_fork","526","229","375","26684","15131","0","738","375","23944","0","526","236","11553","0.435361216730038","0.44866920152091255"
"land__B__40002","27000","weapon","","core:canal_bow","811","9","465","31453","14062","0","7216","465","23119","0","809","344","17391","0.011097410604192354","0.4252163164400494"
"land__B__40002","27000","weapon","","core:ember_wand","1427","29","1039","70972","30443","0","10927","1039","26253","0","1423","574","40529","0.020322354590049056","0.4033731553056922"
"land__B__40002","27000","weapon","","core:iron_blade","900","614","250","15043","8442","0","585","250","27000","0","900","739","6601","0.6822222222222222","0.8211111111111111"
"land__B__40002","27000","weapon","","core:levy_banner","754","258","4900","332989","202783","0","1357","4900","26656","0","751","16","130206","0.3421750663129973","0.02130492676431425"
"land__B__40002","27000","weapon","","core:mill_disc","468","96","914","67614","25683","0","1170","914","24662","0","467","290","41931","0.20512820512820512","0.6209850107066381"
"land__B__40003","27000","weapon","","core:ember_wand","3755","10","1316","126226","38053","0","529151","1316","26218","0","3666","2750","88173","0.002663115845539281","0.7501363884342608"
"land__B__40003","27000","weapon","","core:frost_chain","1010","28","206","13182","5712","0","8504","206","26658","0","1006","800","7470","0.027722772277227723","0.7952286282306164"
"land__B__40003","27000","weapon","","core:harvest_scythe","735","133","993","87861","31565","0","1990","993","25668","0","735","296","56296","0.18095238095238095","0.40272108843537413"
"land__B__40003","27000","weapon","","core:iron_blade","1061","862","95","5693","2786","0","313","95","27006","0","1061","989","2907","0.8124410933081998","0.9321394910461829"
"land__B__40003","27000","weapon","","core:ward_orbit","1850","978","2804","196789","82320","0","1895","2804","25326","0","1843","595","114469","0.5286486486486487","0.3228431904503527"
"land__B__40004","27000","weapon","","core:iron_blade","900","867","13","502","243","0","58","13","27000","0","900","888","259","0.9633333333333334","0.9866666666666667"
"land__B__40004","27000","weapon","","core:levy_banner","689","478","1835","170163","73851","0","403","1835","26208","0","687","125","96312","0.6937590711175616","0.1819505094614265"
"land__B__40004","27000","weapon","","core:mill_disc","657","115","301","39493","11275","0","2235","301","26783","0","654","456","28218","0.1750380517503805","0.6972477064220184"
"land__B__40004","27000","weapon","","core:spore_fan","1240","388","3439","334312","128469","0","2601","3439","25890","0","1234","393","205843","0.31290322580645163","0.3184764991896272"
"land__B__40004","27000","weapon","","core:ward_orbit","1251","1022","1101","89669","35265","0","349","1101","24822","0","1246","638","54404","0.8169464428457234","0.5120385232744783"
"land__B__40005","27000","weapon","","core:harvest_scythe","855","371","742","44694","19890","0","880","742","25936","0","855","410","24804","0.43391812865497076","0.47953216374269003"
"land__B__40005","27000","weapon","","core:iron_blade","1265","812","343","22889","11040","0","855","343","27014","0","1265","1032","11849","0.641897233201581","0.8158102766798419"
"land__B__40005","27000","weapon","","core:levy_banner","829","597","2570","99742","70919","0","323","2570","26434","0","826","75","28823","0.7201447527141134","0.09079903147699758"
"land__B__40005","27000","weapon","","core:mill_disc","641","165","945","58055","26191","0","1308","945","25405","0","639","371","31864","0.2574102964118565","0.5805946791862285"
"land__B__40005","27000","weapon","","core:ward_orbit","2024","1376","1668","52854","36422","0","988","1668","26554","0","2015","982","16432","0.6798418972332015","0.48734491315136474"
"land__B__40006","27000","weapon","","core:canal_bow","995","2","620","46550","18649","0","10823","620","22116","0","987","367","27901","0.0020100502512562816","0.3718338399189463"
"land__B__40006","27000","weapon","","core:frost_chain","907","84","1084","76395","37982","0","4485","1084","25922","0","904","323","38413","0.0926130099228225","0.3573008849557522"
"land__B__40006","27000","weapon","","core:iron_blade","922","797","81","3849","2302","0","215","81","27010","0","922","869","1547","0.8644251626898047","0.9425162689804772"
"land__B__40006","27000","weapon","","core:spore_fan","1774","437","6268","410728","237074","0","4904","6268","26637","0","1752","353","173654","0.2463359639233371","0.2014840182648402"
"land__B__40006","27000","weapon","","core:storm_fork","534","219","309","15986","10247","0","851","309","26320","0","534","225","5739","0.4101123595505618","0.42134831460674155"
"land__B__40007","27000","weapon","","core:harvest_scythe","895","647","128","6169","3278","0","563","128","23082","0","895","793","2891","0.7229050279329609","0.8860335195530726"
"land__B__40007","27000","weapon","","core:iron_blade","1603","1398","83","3719","1833","0","411","83","27004","0","1603","1548","1886","0.8721147847785402","0.9656893325015595"
"land__B__40007","27000","weapon","","core:levy_banner","1407","1022","2150","116798","71124","0","1032","2150","26372","0","1396","565","45674","0.7263681592039801","0.4047277936962751"
"land__B__40007","27000","weapon","","core:spore_fan","6292","2411","7038","364426","230849","0","14192","7038","24560","0","6274","4760","133577","0.3831849968213605","0.7586866432897673"
"land__B__40007","27000","weapon","","core:ward_orbit","9152","7927","1158","38618","24096","0","2152","1158","26213","0","9090","8238","14522","0.8661494755244755","0.9062706270627062"
"land__B__40008","27000","weapon","","core:canal_bow","1004","6","548","55431","17185","0","12935","548","25077","0","1001","453","38246","0.00597609561752988","0.45254745254745254"
"land__B__40008","27000","weapon","","core:iron_blade","1149","845","232","21915","7814","0","571","232","27008","0","1149","1007","14101","0.7354221061792864","0.876414273281114"
"land__B__40008","27000","weapon","","core:spore_fan","1224","207","5095","563885","215258","0","3892","5095","20049","0","1218","187","348627","0.16911764705882354","0.1535303776683087"
"land__B__40008","27000","weapon","","core:storm_fork","516","200","307","32295","13096","0","833","307","21432","0","516","209","19199","0.3875968992248062","0.4050387596899225"
"land__B__40008","27000","weapon","","core:ward_orbit","2062","1122","1962","229090","77434","0","2138","1962","22060","0","2047","1049","151656","0.5441319107662463","0.512457254518808"
"land__B__40009","27000","weapon","","core:frost_chain","912","36","440","25039","12518","0","6368","440","25622","0","909","469","12521","0.039473684210526314","0.5159515951595159"
"land__B__40009","27000","weapon","","core:iron_blade","959","762","77","3974","2067","0","269","77","27014","0","959","896","1907","0.794577685088634","0.9343065693430657"
"land__B__40009","27000","weapon","","core:mill_disc","521","78","864","60880","24429","0","1812","864","25171","0","519","299","36451","0.14971209213051823","0.5761078998073218"
"land__B__40009","27000","weapon","","core:storm_fork","611","86","877","65663","24576","0","2338","877","26552","0","611","93","41087","0.1407528641571195","0.15220949263502456"
"land__B__40009","27000","weapon","","core:ward_orbit","1732","846","3005","160194","84618","0","1709","3005","26798","0","1724","470","75576","0.4884526558891455","0.27262180974477956"
"land__B__40010","27000","weapon","","core:canal_bow","1112","10","938","93539","27536","0","12967","938","26468","0","1107","494","66003","0.008992805755395683","0.44625112917795845"
"land__B__40010","27000","weapon","","core:ember_wand","1649","30","1095","101106","31646","0","14574","1095","26172","0","1641","765","69460","0.018192844147968467","0.46617915904936014"
"land__B__40010","27000","weapon","","core:iron_blade","936","697","166","14308","5738","0","505","166","27022","0","936","827","8570","0.7446581196581197","0.8835470085470085"
"land__B__40010","27000","weapon","","core:spore_fan","1188","186","4769","400807","193805","0","3884","4769","25869","0","1182","123","207002","0.15656565656565657","0.10406091370558376"
"land__B__40010","27000","weapon","","core:storm_fork","536","190","345","24837","13147","0","1187","345","26800","0","536","191","11690","0.35447761194029853","0.35634328358208955"
"land__B__40011","27000","weapon","","core:iron_blade","1132","1026","86","4626","2407","0","213","86","27008","0","1132","1077","2219","0.9063604240282686","0.9514134275618374"
"land__B__40011","27000","weapon","","core:levy_banner","493","479","639","51611","28640","0","18","639","16266","0","490","207","22971","0.9716024340770791","0.42244897959183675"
"land__B__40011","27000","weapon","","core:spore_fan","3500","2050","6900","684067","278646","0","3217","6900","23494","0","3455","2000","405421","0.5857142857142857","0.5788712011577424"
"land__B__40011","27000","weapon","","core:storm_fork","649","397","375","27341","14825","0","484","375","25890","0","649","408","12516","0.6117103235747303","0.6286594761171033"
"land__B__40011","27000","weapon","","core:ward_orbit","3006","2708","1111","58931","32955","0","401","1111","25228","0","2984","2370","25976","0.9008649367930806","0.7942359249329759"
"land__B__40012","27000","weapon","","core:canal_bow","939","8","167","11972","5218","0","11627","167","26438","0","935","768","6754","0.008519701810436636","0.8213903743315508"
"land__B__40012","27000","weapon","","core:ember_wand","1287","18","368","32002","12277","0","14808","368","22714","0","1279","983","19725","0.013986013986013986","0.7685691946833464"
"land__B__40012","27000","weapon","","core:iron_blade","900","835","60","2275","1218","0","159","60","27000","0","900","861","1057","0.9277777777777778","0.9566666666666667"
"land__B__40012","27000","weapon","","core:spore_fan","1291","129","5685","445016","212388","0","6648","5685","25901","0","1284","103","232628","0.09992254066615028","0.08021806853582554"
"land__B__40012","27000","weapon","","core:storm_fork","533","108","411","30930","14191","0","1899","411","24722","0","533","122","16739","0.2026266416510319","0.22889305816135083"
"land__B__40013","27000","weapon","","core:frost_chain","978","156","541","56530","16309","0","3940","541","25356","0","974","433","40221","0.15950920245398773","0.44455852156057496"
"land__B__40013","27000","weapon","","core:harvest_scythe","624","405","368","39531","11899","0","505","368","24512","0","624","447","27632","0.6490384615384616","0.7163461538461539"
"land__B__40013","27000","weapon","","core:iron_blade","907","757","139","12266","3861","0","332","139","27010","0","907","814","8405","0.834619625137817","0.8974641675854466"
"land__B__40013","27000","weapon","","core:spore_fan","1509","301","6398","840633","251295","0","4945","6398","26405","0","1497","247","589338","0.19946984758117958","0.16499665998663995"
"land__B__40013","27000","weapon","","core:storm_fork","558","206","334","32946","11861","0","1080","334","25956","0","558","229","21085","0.36917562724014336","0.4103942652329749"
"land__B__40014","27000","weapon","","core:ember_wand","1385","21","1499","102194","41747","0","11458","1499","26772","0","1381","515","60447","0.01516245487364621","0.3729181752353367"
"land__B__40014","27000","weapon","","core:frost_chain","939","85","830","48314","27090","0","4210","830","26576","0","935","402","21224","0.09052183173588925","0.4299465240641711"
"land__B__40014","27000","weapon","","core:iron_blade","900","768","70","2817","1644","0","213","70","27000","0","900","841","1173","0.8533333333333334","0.9344444444444444"
"land__B__40014","27000","weapon","","core:spore_fan","1063","185","4723","250689","159032","0","2978","4723","25924","0","1058","124","91657","0.17403574788334902","0.11720226843100189"
"land__B__40014","27000","weapon","","core:ward_orbit","1674","1067","1642","71364","46945","0","1100","1642","24798","0","1668","763","24419","0.6373954599761051","0.45743405275779375"
"land__B__40015","27000","weapon","","core:canal_bow","897","7","626","53266","17351","0","9331","626","26611","0","895","269","35915","0.007803790412486065","0.3005586592178771"
"land__B__40015","27000","weapon","","core:ember_wand","1136","23","792","61799","22952","0","8344","792","25302","0","1134","342","38847","0.020246478873239437","0.30158730158730157"
"land__B__40015","27000","weapon","","core:iron_blade","962","610","335","33276","11883","0","799","335","27016","0","962","786","21393","0.6340956340956341","0.817047817047817"
"land__B__40015","27000","weapon","","core:spore_fan","1073","164","4535","391868","182429","0","3463","4535","25903","0","1068","100","209439","0.15284249767008387","0.09363295880149813"
"land__B__40015","27000","weapon","","core:ward_orbit","1335","871","2036","130614","67738","0","713","2036","24608","0","1330","438","62876","0.652434456928839","0.3293233082706767"
"land__B__40016","27000","weapon","","core:harvest_scythe","838","283","663","28885","18299","0","1621","663","24550","0","838","504","10586","0.33770883054892603","0.6014319809069213"
"land__B__40016","27000","weapon","","core:iron_blade","1306","1095","87","2830","2006","0","306","87","27012","0","1306","1242","824","0.8384379785604901","0.9509954058192955"
"land__B__40016","27000","weapon","","core:mill_disc","544","52","1589","62281","43263","0","2305","1589","23362","0","544","273","19018","0.09558823529411764","0.5018382352941176"
"land__B__40016","27000","weapon","","core:storm_fork","635","94","445","14331","10414","0","1830","445","25926","0","635","190","3917","0.14803149606299212","0.2992125984251969"
"land__B__40016","27000","weapon","","core:ward_orbit","6633","1614","5024","144861","108768","0","15559","5024","26759","0","6576","3899","36093","0.2433288104929896","0.5929136253041363"
"land__B__40017","27000","weapon","","core:canal_bow","2107","39","2035","296243","58577","0","17093","2035","26101","0","2089","1450","237666","0.018509729473184623","0.6941120153183341"
"land__B__40017","27000","weapon","","core:ember_wand","1194","92","197","20896","5854","0","4894","197","18155","0","1185","988","15042","0.07705192629815745","0.8337552742616033"
"land__B__40017","27000","weapon","","core:iron_blade","1108","1050","43","1603","1067","0","140","43","27000","0","1108","1077","536","0.9476534296028881","0.9720216606498195"
"land__B__40017","27000","weapon","","core:spore_fan","2307","1013","5758","695220","256521","0","2728","5758","25861","0","2289","959","438699","0.4390983961855223","0.41896024464831805"
"land__B__40017","27000","weapon","","core:storm_fork","859","439","1088","132335","47234","0","929","1088","26512","0","859","449","85101","0.5110593713620489","0.5227008149010477"
"land__B__40018","27000","weapon","","core:frost_chain","738","62","414","43047","12992","0","4070","414","23092","0","734","344","30055","0.08401084010840108","0.46866485013623976"
"land__B__40018","27000","weapon","","core:harvest_scythe","669","206","957","101528","35688","0","1560","957","26760","0","669","276","65840","0.30792227204783257","0.4125560538116592"
"land__B__40018","27000","weapon","","core:iron_blade","900","762","126","10478","4368","0","253","126","27000","0","900","811","6110","0.8466666666666667","0.9011111111111111"
"land__B__40018","27000","weapon","","core:mill_disc","470","142","875","94370","26085","0","1267","875","24794","0","469","248","68285","0.3021276595744681","0.5287846481876333"
"land__B__40018","27000","weapon","","core:spore_fan","986","113","4982","551803","217208","0","4648","4982","22656","0","982","70","334595","0.11460446247464504","0.07128309572301425"
"land__B__40019","27000","weapon","","core:ember_wand","2410","19","1278","79062","35586","0","215838","1278","26790","0","2385","1107","43476","0.007883817427385892","0.4641509433962264"
"land__B__40019","27000","weapon","","core:frost_chain","796","26","449","22421","12462","0","4928","449","25328","0","794","345","9959","0.032663316582914576","0.4345088161209068"
"land__B__40019","27000","weapon","","core:harvest_scythe","738","194","895","72159","30166","0","1623","895","26618","0","738","331","41993","0.26287262872628725","0.44850948509485095"
"land__B__40019","27000","weapon","","core:iron_blade","926","686","96","6517","3121","0","438","96","27008","0","926","854","3396","0.7408207343412527","0.9222462203023758"
"land__B__40019","27000","weapon","","core:ward_orbit","1462","519","3541","178389","102020","0","2023","3541","26184","0","1456","189","76369","0.35499316005471954","0.12980769230769232"
"land__B__40020","27000","weapon","","core:canal_bow","1068","13","289","35695","9590","0","14142","289","24582","0","1065","776","26105","0.012172284644194757","0.7286384976525822"
"land__B__40020","27000","weapon","","core:frost_chain","579","75","129","15356","4441","0","2922","129","17016","0","576","447","10915","0.12953367875647667","0.7760416666666666"
"land__B__40020","27000","weapon","","core:iron_blade","1125","785","364","33970","10793","0","851","364","27010","0","1125","928","23177","0.6977777777777778","0.8248888888888889"
"land__B__40020","27000","weapon","","core:mill_disc","353","92","89","12404","3048","0","1148","89","16375","0","351","291","9356","0.26062322946175637","0.8290598290598291"
"land__B__40020","27000","weapon","","core:spore_fan","1493","282","5633","736305","208897","0","5791","5633","22535","0","1483","229","527408","0.18888144675150703","0.15441672285906946"
"land__B__40021","27000","weapon","","core:canal_bow","764","7","253","22234","7400","0","7410","253","24899","0","762","509","14834","0.009162303664921465","0.6679790026246719"
"land__B__40021","27000","weapon","","core:ember_wand","1040","13","430","42441","13007","0","9906","430","21962","0","1035","659","29434","0.0125","0.6367149758454106"
"land__B__40021","27000","weapon","","core:iron_blade","914","656","187","17223","5749","0","623","187","27002","0","914","806","11474","0.7177242888402626","0.8818380743982495"
"land__B__40021","27000","weapon","","core:levy_banner","651","249","4161","384463","162232","0","1080","4161","23436","0","649","9","222231","0.3824884792626728","0.01386748844375963"
"land__B__40021","27000","weapon","","core:mill_disc","520","141","551","48647","15782","0","1379","551","26464","0","518","344","32865","0.27115384615384613","0.6640926640926641"
"land__B__40022","27000","weapon","","core:canal_bow","926","26","684","33988","19899","0","5973","684","19763","0","923","239","14089","0.028077753779697623","0.2589382448537378"
"land__B__40022","27000","weapon","","core:iron_blade","1379","1319","53","1480","971","0","142","53","27012","0","1379","1349","509","0.9564902102973168","0.9782451051486585"
"land__B__40022","27000","weapon","","core:spore_fan","4921","3131","8858","561829","336230","0","3876","8858","24714","0","4842","3015","225599","0.636252794147531","0.6226765799256505"
"land__B__40022","27000","weapon","","core:storm_fork","675","538","134","5320","3508","0","232","134","26208","0","675","541","1812","0.797037037037037","0.8014814814814815"
"land__B__40022","27000","weapon","","core:ward_orbit","2525","2395","471","11625","8518","0","192","471","26458","0","2516","2247","3107","0.9485148514851485","0.8930842607313195"
"land__B__40023","27000","weapon","","core:canal_bow","2982","5","1316","106654","37857","0","791597","1316","25926","0","2934","2093","68797","0.001676727028839705","0.7133605998636674"
"land__B__40023","27000","weapon","","core:ember_wand","4936","4","1060","73474","31155","0","768076","1060","24698","0","4866","3806","42319","0.0008103727714748784","0.7821619399917797"
"land__B__40023","27000","weapon","","core:iron_blade","1120","662","177","11653","6221","0","829","177","27006","0","1120","988","5432","0.5910714285714286","0.8821428571428571"
"land__B__40023","27000","weapon","","core:storm_fork","675","55","948","67036","39371","0","3267","948","26538","0","675","58","27665","0.08148148148148149","0.08592592592592592"
"land__B__40023","27000","weapon","","core:ward_orbit","2097","879","4181","224638","150226","0","2514","4181","24940","0","2085","376","74412","0.41917024320457796","0.1803357314148681"
"land__B__40024","27000","weapon","","core:canal_bow","1310","21","989","53327","28887","0","12020","989","26173","0","1307","318","24440","0.01603053435114504","0.2433052792654935"
"land__B__40024","27000","weapon","","core:iron_blade","979","818","112","4166","2652","0","277","112","27016","0","979","898","1514","0.8355464759959143","0.9172625127681308"
"land__B__40024","27000","weapon","","core:levy_banner","638","438","1997","91417","64400","0","366","1997","22534","0","636","93","27017","0.6865203761755486","0.14622641509433962"
"land__B__40024","27000","weapon","","core:spore_fan","2039","546","6122","316314","208466","0","4617","6122","26478","0","2021","548","107848","0.2677783227072094","0.2711528946066304"
"land__B__40024","27000","weapon","","core:ward_orbit","1247","996","1330","48832","31118","0","379","1330","22110","0","1242","602","17714","0.7987169206094628","0.48470209339774556"
"land__B__40025","27000","weapon","","core:ember_wand","1555","28","1071","151985","30623","0","14570","1071","23621","0","1551","480","121362","0.0180064308681672","0.30947775628626695"
"land__B__40025","27000","weapon","","core:iron_blade","1145","936","117","10235","4095","0","363","117","27012","0","1145","1058","6140","0.8174672489082969","0.9240174672489083"
"land__B__40025","27000","weapon","","core:levy_banner","644","389","2628","378276","107546","0","483","2628","20944","0","642","55","270730","0.6040372670807453","0.08566978193146417"
"land__B__40025","27000","weapon","","core:storm_fork","604","150","434","59600","14208","0","1449","434","25374","0","604","170","45392","0.24834437086092714","0.2814569536423841"
"land__B__40025","27000","weapon","","core:ward_orbit","2648","1546","2498","346798","75094","0","2022","2498","22380","0","2633","1232","271704","0.5838368580060423","0.4679073300417774"
"land__B__40026","27000","weapon","","core:canal_bow","1662","70","1697","163582","49153","0","8428","1697","26283","0","1656","701","114429","0.0421179302045728","0.42330917874396135"
"land__B__40026","27000","weapon","","core:frost_chain","910","455","619","47580","21817","0","878","619","25686","0","905","464","25763","0.5","0.512707182320442"
"land__B__40026","27000","weapon","","core:iron_blade","956","914","32","940","595","0","71","32","27020","0","956","932","345","0.9560669456066946","0.9748953974895398"
"land__B__40026","27000","weapon","","core:levy_banner","790","719","1073","66900","40613","0","108","1073","26682","0","787","310","26287","0.910126582278481","0.39390088945362134"
"land__B__40026","27000","weapon","","core:spore_fan","7591","5981","5896","578027","253205","0","2480","5896","25860","0","7502","5907","324822","0.7879067316559083","0.7873900293255132"
"land__B__40027","27000","weapon","","core:harvest_scythe","737","377","493","38454","18772","0","866","493","26138","0","737","473","19682","0.5115332428765265","0.6417910447761194"
"land__B__40027","27000","weapon","","core:iron_blade","988","857","103","3639","2500","0","313","103","27008","0","988","924","1139","0.8674089068825911","0.9352226720647774"
"land__B__40027","27000","weapon","","core:spore_fan","1568","441","5302","468040","229675","0","3437","5302","20512","0","1550","400","238365","0.28125","0.25806451612903225"
"land__B__40027","27000","weapon","","core:storm_fork","500","284","205","13074","8291","0","468","205","23620","0","500","295","4783","0.568","0.59"
"land__B__40027","27000","weapon","","core:ward_orbit","1370","982","2492","166629","84271","0","618","2492","21970","0","1364","439","82358","0.7167883211678832","0.3218475073313783"
"land__B__40028","27000","weapon","","core:ember_wand","871","0","290","23710","10624","0","142476","290","13980","0","867","577","13086","0","0.6655132641291811"
"land__B__40028","27000","weapon","","core:frost_chain","1022","2","1101","82063","41179","0","12318","1101","24436","0","1020","271","40884","0.0019569471624266144","0.2656862745098039"
"land__B__40028","27000","weapon","","core:harvest_scythe","736","26","2084","181034","74408","0","4699","2084","25938","0","736","139","106626","0.035326086956521736","0.18885869565217392"
"land__B__40028","27000","weapon","","core:iron_blade","1044","361","690","57632","21449","0","2554","690","27012","0","1044","744","36183","0.3457854406130268","0.7126436781609196"
"land__B__40028","27000","weapon","","core:mill_disc","153","2","32","2710","1189","0","1294","32","6983","0","151","125","1521","0.013071895424836602","0.8278145695364238"
"land__B__40029","27000","weapon","","core:ember_wand","1307","37","445","39670","13292","0","10498","445","26739","0","1303","858","26378","0.028309104820198928","0.6584804297774367"
"land__B__40029","27000","weapon","","core:frost_chain","743","57","237","19286","6997","0","3903","237","26520","0","740","503","12289","0.07671601615074024","0.6797297297297298"
"land__B__40029","27000","weapon","","core:iron_blade","900","523","399","35652","13258","0","1026","399","27000","0","900","674","22394","0.5811111111111111","0.7488888888888889"
"land__B__40029","27000","weapon","","core:levy_banner","682","154","5263","540200","216164","0","2013","5263","24280","0","679","9","324036","0.22580645161290322","0.013254786450662739"
"land__B__40029","27000","weapon","","core:mill_disc","540","79","460","51487","13443","0","2526","460","26262","0","538","375","38044","0.14629629629629629","0.6970260223048327"
"land__B__40030","27000","weapon","","core:frost_chain","1039","125","703","38870","20359","0","4389","703","26674","0","1037","334","18511","0.12030798845043311","0.32208293153326906"
"land__B__40030","27000","weapon","","core:iron_blade","1036","844","104","6711","3174","0","313","104","27000","0","1036","962","3537","0.8146718146718147","0.9285714285714286"
"land__B__40030","27000","weapon","","core:levy_banner","743","436","2885","151040","103478","0","551","2885","26772","0","741","50","47562","0.5868102288021534","0.06747638326585695"
"land__B__40030","27000","weapon","","core:storm_fork","594","191","515","34186","19432","0","1273","515","26272","0","594","214","14754","0.32154882154882153","0.3602693602693603"
"land__B__40030","27000","weapon","","core:ward_orbit","2216","1399","3050","157621","91033","0","1507","3050","25920","0","2205","734","66588","0.6313176895306859","0.3328798185941043"
"land__B__40031","27000","weapon","","core:harvest_scythe","840","715","107","4652","2158","0","216","107","26542","0","840","763","2494","0.8511904761904762","0.9083333333333333"
"land__B__40031","27000","weapon","","core:iron_blade","1243","1164","60","2288","1392","0","123","60","27000","0","1243","1200","896","0.9364440868865648","0.9654062751407884"
"land__B__40031","27000","weapon","","core:spore_fan","4945","3160","8210","776281","328360","0","3373","8210","26639","0","4862","3012","447921","0.6390293225480284","0.6194981489099136"
"land__B__40031","27000","weapon","","core:storm_fork","610","515","97","5356","2694","0","165","97","23530","0","610","526","2662","0.8442622950819673","0.8622950819672132"
"land__B__40031","27000","weapon","","core:ward_orbit","1466","1463","21","956","700","0","3","21","15972","0","1458","1438","256","0.9979536152796725","0.9862825788751715"
"land__C__40000","27000","weapon","","core:frost_chain","728","67","425","18696","11417","0","5225","425","24386","0","726","301","7279","0.09203296703296704","0.41460055096418735"
"land__C__40000","27000","weapon","","core:harvest_scythe","674","266","600","32251","18308","0","1159","600","26774","0","674","368","13943","0.39465875370919884","0.5459940652818991"
"land__C__40000","27000","weapon","","core:iron_blade","911","723","52","2205","1439","0","324","52","27024","0","911","873","766","0.7936333699231614","0.9582875960482986"
"land__C__40000","27000","weapon","","core:mill_disc","437","61","1570","101628","44243","0","1994","1570","21965","0","435","179","57385","0.13958810068649885","0.4114942528735632"
"land__C__40000","27000","weapon","","core:ward_orbit","1274","599","3284","135321","89036","0","1616","3284","25180","0","1269","302","46285","0.47017268445839877","0.23798266351457842"
"land__C__40001","27000","weapon","","core:frost_chain","917","344","485","23460","14051","0","1302","485","24422","0","915","430","9409","0.3751363140676118","0.46994535519125685"
"land__C__40001","27000","weapon","","core:iron_blade","1056","971","49","2234","1272","0","134","49","27016","0","1056","1017","962","0.9195075757575758","0.9630681818181818"
"land__C__40001","27000","weapon","","core:levy_banner","875","664","1362","85442","49988","0","323","1362","24722","0","870","268","35454","0.7588571428571429","0.3080459770114943"
"land__C__40001","27000","weapon","","core:spore_fan","3213","1906","3651","205188","130390","0","2405","3651","26490","0","3168","1869","74798","0.5932150638032991","0.5899621212121212"
"land__C__40001","27000","weapon","","core:storm_fork","557","391","151","7211","4513","0","259","151","25544","0","557","406","2698","0.7019748653500898","0.7289048473967684"
"land__C__40002","27000","weapon","","core:ember_wand","1935","48","999","59821","29043","0","15289","999","26251","0","1928","1287","30778","0.024806201550387597","0.6675311203319502"
"land__C__40002","27000","weapon","","core:harvest_scythe","650","359","441","21025","13189","0","543","441","24266","0","650","393","7836","0.5523076923076923","0.6046153846153847"
"land__C__40002","27000","weapon","","core:iron_blade","1138","436","735","53595","26915","0","1810","735","27012","0","1138","756","26680","0.38312829525483305","0.664323374340949"
"land__C__40002","27000","weapon","","core:levy_banner","710","306","3783","150823","109952","0","895","3783","26666","0","707","23","40871","0.4309859154929577","0.03253182461103253"
"land__C__40002","27000","weapon","","core:mill_disc","530","85","417","26751","12209","0","1628","417","23768","0","528","412","14542","0.16037735849056603","0.7803030303030303"
"land__C__40003","27000","weapon","","core:ember_wand","1332","10","620","38124","17468","0","90457","620","26218","0","1329","787","20656","0.0075075075075075074","0.5921745673438675"
"land__C__40003","27000","weapon","","core:frost_chain","1234","49","1002","65582","34249","0","10172","1002","26652","0","1229","514","31333","0.03970826580226904","0.41822620016273393"
"land__C__40003","27000","weapon","","core:iron_blade","997","363","610","53149","15597","0","2561","610","27018","0","997","707","37552","0.3640922768304915","0.7091273821464393"
"land__C__40003","27000","weapon","","core:mill_disc","638","66","766","62271","22053","0","3573","766","25250","0","635","398","40218","0.10344827586206896","0.6267716535433071"
"land__C__40003","27000","weapon","","core:storm_fork","571","56","1169","89906","35763","0","2923","1169","24308","0","571","56","54143","0.09807355516637478","0.09807355516637478"
"land__C__40004","27000","weapon","","core:harvest_scythe","663","337","666","43329","20808","0","794","666","26520","0","663","369","22521","0.5082956259426847","0.5565610859728507"
"land__C__40004","27000","weapon","","core:iron_blade","953","725","269","22816","7389","0","588","269","27006","0","953","826","15427","0.7607555089192025","0.8667366211962224"
"land__C__40004","27000","weapon","","core:levy_banner","646","433","2200","113950","72889","0","389","2200","25840","0","644","76","41061","0.6702786377708978","0.11801242236024845"
"land__C__40004","27000","weapon","","core:mill_disc","525","154","233","15556","8401","0","1256","233","26771","0","523","369","7155","0.29333333333333333","0.7055449330783938"
"land__C__40004","27000","weapon","","core:spore_fan","979","201","3463","249073","114481","0","3213","3463","24470","0","975","187","134592","0.20531154239019409","0.19179487179487179"
"land__C__40005","27000","weapon","","core:canal_bow","924","60","425","23081","12659","0","4780","425","24020","0","922","497","10422","0.06493506493506493","0.5390455531453362"
"land__C__40005","27000","weapon","","core:harvest_scythe","787","318","846","50285","26124","0","1018","846","25954","0","787","364","24161","0.4040660736975858","0.4625158831003812"
"land__C__40005","27000","weapon","","core:iron_blade","1039","902","82","2902","1928","0","234","82","27018","0","1039","977","974","0.8681424446583254","0.9403272377285852"
"land__C__40005","27000","weapon","","core:levy_banner","851","590","2303","90341","62085","0","404","2303","26438","0","848","140","28256","0.6933019976498237","0.1650943396226415"
"land__C__40005","27000","weapon","","core:ward_orbit","2010","1350","1963","65706","44817","0","1127","1963","26554","0","2001","933","20889","0.6716417910447762","0.4662668665667166"
"land__C__40006","27000","weapon","","core:harvest_scythe","709","566","125","6018","3665","0","206","125","25844","0","709","613","2353","0.7983074753173484","0.8645980253878702"
"land__C__40006","27000","weapon","","core:iron_blade","952","878","43","1995","1061","0","96","43","27016","0","952","915","934","0.9222689075630253","0.9611344537815126"
"land__C__40006","27000","weapon","","core:levy_banner","764","645","1380","69092","46646","0","158","1380","24500","0","761","215","22446","0.8442408376963351","0.28252299605781866"
"land__C__40006","27000","weapon","","core:spore_fan","1846","637","4751","305993","165531","0","2690","4751","26580","0","1835","651","140462","0.34507042253521125","0.3547683923705722"
"land__C__40006","27000","weapon","","core:ward_orbit","1358","1252","563","16513","11425","0","130","563","22960","0","1351","997","5088","0.9219440353460973","0.7379718726868986"
"land__C__40007","27000","weapon","","core:iron_blade","1128","795","216","13318","6115","0","570","216","27006","0","1128","979","7203","0.7047872340425532","0.8679078014184397"
"land__C__40007","27000","weapon","","core:levy_banner","767","562","3309","154259","106416","0","297","3309","26392","0","764","73","47843","0.7327249022164276","0.09554973821989529"
"land__C__40007","27000","weapon","","core:mill_disc","501","193","1656","91651","47906","0","692","1656","23415","0","499","181","43745","0.3852295409181637","0.3627254509018036"
"land__C__40007","27000","weapon","","core:storm_fork","495","162","569","34918","19821","0","993","569","19652","0","495","167","15097","0.32727272727272727","0.3373737373737374"
"land__C__40007","27000","weapon","","core:ward_orbit","2927","1587","3357","164902","99522","0","2464","3357","26214","0","2905","1129","65380","0.5421933720532969","0.3886402753872633"
"land__C__40008","27000","weapon","","core:canal_bow","1004","6","548","55431","17185","0","12935","548","25077","0","1001","453","38246","0.00597609561752988","0.45254745254745254"
"land__C__40008","27000","weapon","","core:iron_blade","1149","845","232","21915","7814","0","571","232","27008","0","1149","1007","14101","0.7354221061792864","0.876414273281114"
"land__C__40008","27000","weapon","","core:spore_fan","1224","207","5095","563885","215258","0","3892","5095","20049","0","1218","187","348627","0.16911764705882354","0.1535303776683087"
"land__C__40008","27000","weapon","","core:storm_fork","516","200","307","32295","13096","0","833","307","21432","0","516","209","19199","0.3875968992248062","0.4050387596899225"
"land__C__40008","27000","weapon","","core:ward_orbit","2062","1122","1962","229090","77434","0","2138","1962","22060","0","2047","1049","151656","0.5441319107662463","0.512457254518808"
"land__C__40009","27000","weapon","","core:frost_chain","689","135","538","23335","16015","0","1995","538","21494","0","686","193","7320","0.19593613933236576","0.2813411078717201"
"land__C__40009","27000","weapon","","core:harvest_scythe","327","269","107","6411","3542","0","128","107","12588","0","327","273","2869","0.8226299694189603","0.8348623853211009"
"land__C__40009","27000","weapon","","core:iron_blade","900","882","18","429","347","0","34","18","27000","0","900","888","82","0.98","0.9866666666666667"
"land__C__40009","27000","weapon","","core:spore_fan","1402","339","6266","411866","230487","0","3395","6266","26432","0","1395","293","181379","0.24179743223965763","0.21003584229390682"
"land__C__40009","27000","weapon","","core:ward_orbit","1525","1180","1197","42235","29631","0","531","1197","26802","0","1519","855","12604","0.7737704918032787","0.5628703094140882"
"land__C__40010","27000","weapon","","core:canal_bow","1062","17","618","49549","17537","0","7684","618","26461","0","1058","440","32012","0.0160075329566855","0.4158790170132325"
"land__C__40010","27000","weapon","","core:ember_wand","1642","100","949","72378","27152","0","7286","949","26174","0","1634","685","45226","0.06090133982947625","0.41921664626682986"
"land__C__40010","27000","weapon","","core:iron_blade","900","843","47","1543","1195","0","136","47","27000","0","900","870","348","0.9366666666666666","0.9666666666666667"
"land__C__40010","27000","weapon","","core:spore_fan","1844","548","6924","614701","287469","0","3472","6924","25861","0","1832","488","327232","0.29718004338394793","0.2663755458515284"
"land__C__40010","27000","weapon","","core:storm_fork","536","385","148","7998","4977","0","320","148","26800","0","536","388","3021","0.7182835820895522","0.7238805970149254"
"land__C__40011","27000","weapon","","core:ember_wand","1813","54","1208","94790","35010","0","14872","1208","25837","0","1808","600","59780","0.02978488692774407","0.33185840707964603"
"land__C__40011","27000","weapon","","core:frost_chain","866","89","750","60526","29311","0","3664","750","24818","0","863","329","31215","0.10277136258660508","0.38122827346465815"
"land__C__40011","27000","weapon","","core:iron_blade","958","838","74","3248","2170","0","244","74","27004","0","958","914","1078","0.8747390396659708","0.954070981210856"
"land__C__40011","27000","weapon","","core:spore_fan","1257","280","4579","373364","195857","0","3035","4579","22324","0","1250","224","177507","0.22275258552108193","0.1792"
"land__C__40011","27000","weapon","","core:ward_orbit","1217","950","1244","87249","45173","0","402","1244","21906","0","1212","564","42076","0.780608052588332","0.46534653465346537"
"land__C__40012","27000","weapon","","core:canal_bow","957","14","199","11164","6267","0","7893","199","26443","0","954","755","4897","0.014629049111807733","0.7914046121593291"
"land__C__40012","27000","weapon","","core:frost_chain","686","103","113","5132","3385","0","2349","113","22666","0","683","570","1747","0.15014577259475217","0.8345534407027818"
"land__C__40012","27000","weapon","","core:iron_blade","900","777","105","4511","2282","0","250","105","27000","0","900","826","2229","0.8633333333333333","0.9177777777777778"
"land__C__40012","27000","weapon","","core:levy_banner","689","293","3064","183059","102582","0","941","3064","23498","0","686","27","80477","0.42525399129172714","0.03935860058309038"
"land__C__40012","27000","weapon","","core:storm_fork","549","172","380","20468","9732","0","968","380","25534","0","549","172","10736","0.3132969034608379","0.3132969034608379"
"land__C__40013","27000","weapon","","core:iron_blade","1036","1007","22","720","521","0","71","22","27002","0","1036","1021","199","0.972007722007722","0.9855212355212355"
"land__C__40013","27000","weapon","","core:levy_banner","949","732","1511","133306","62301","0","367","1511","24752","0","944","293","71005","0.7713382507903056","0.3103813559322034"
"land__C__40013","27000","weapon","","core:spore_fan","1592","576","4657","447724","177196","0","2698","4657","26405","0","1582","572","270528","0.36180904522613067","0.3615676359039191"
"land__C__40013","27000","weapon","","core:storm_fork","662","364","544","46124","20712","0","571","544","25936","0","662","393","25412","0.5498489425981873","0.5936555891238671"
"land__C__40013","27000","weapon","","core:ward_orbit","1880","1652","839","49680","24238","0","308","839","23440","0","1869","1371","25442","0.8787234042553191","0.7335473515248796"
"land__C__40014","27000","weapon","","core:ember_wand","1858","120","927","105330","25851","0","10414","927","26759","0","1849","1374","79479","0.06458557588805167","0.7431043807463493"
"land__C__40014","27000","weapon","","core:frost_chain","817","252","128","7784","3442","0","1554","128","26584","0","814","686","4342","0.3084455324357405","0.8427518427518428"
"land__C__40014","27000","weapon","","core:iron_blade","900","816","62","3009","1736","0","152","62","27000","0","900","854","1273","0.9066666666666666","0.9488888888888889"
"land__C__40014","27000","weapon","","core:levy_banner","769","463","1857","177209","75142","0","566","1857","24090","0","765","141","102067","0.6020806241872562","0.1843137254901961"
"land__C__40014","27000","weapon","","core:spore_fan","1281","459","2430","229476","93291","0","1906","2430","25909","0","1271","454","136185","0.3583138173302108","0.35719905586152634"
"land__C__40015","27000","weapon","","core:canal_bow","1173","8","1311","151043","37790","0","13004","1311","26615","0","1169","561","113253","0.0068201193520886615","0.4798973481608212"
"land__C__40015","27000","weapon","","core:ember_wand","1374","35","618","45205","17308","0","9012","618","25299","0","1369","751","27897","0.025473071324599708","0.5485756026296567"
"land__C__40015","27000","weapon","","core:iron_blade","958","700","231","21578","8760","0","566","231","27020","0","958","825","12818","0.7306889352818372","0.8611691022964509"
"land__C__40015","27000","weapon","","core:spore_fan","1242","213","4805","392091","192541","0","3301","4805","25896","0","1236","145","199550","0.17149758454106281","0.11731391585760517"
"land__C__40015","27000","weapon","","core:ward_orbit","1447","978","1312","65486","40856","0","743","1312","24600","0","1441","709","24630","0.6758811333794057","0.49201943095072864"
"land__C__40016","27000","weapon","","core:harvest_scythe","682","580","101","3643","2661","0","131","101","24552","0","682","599","982","0.8504398826979472","0.8782991202346041"
"land__C__40016","27000","weapon","","core:iron_blade","1063","945","81","3247","1989","0","171","81","27020","0","1063","1000","1258","0.8889934148635936","0.940733772342427"
"land__C__40016","27000","weapon","","core:spore_fan","1740","399","8637","451448","285921","0","4592","8637","23466","0","1723","356","165527","0.2293103448275862","0.2066163668020894"
"land__C__40016","27000","weapon","","core:storm_fork","570","364","202","6269","4663","0","382","202","25932","0","570","368","1606","0.6385964912280702","0.6456140350877193"
"land__C__40016","27000","weapon","","core:ward_orbit","1779","1506","1172","26494","19611","0","395","1172","26762","0","1773","1156","6883","0.8465430016863407","0.6520022560631697"
"land__C__40017","27000","weapon","","core:canal_bow","3578","35","1869","238120","54149","0","32467","1869","26099","0","3502","2811","183971","0.009782001117942985","0.8026841804683038"
"land__C__40017","27000","weapon","","core:ember_wand","1772","121","203","18852","5898","0","7466","203","18146","0","1763","1560","12954","0.0682844243792325","0.8848553601815088"
"land__C__40017","27000","weapon","","core:iron_blade","1187","1128","45","1794","1081","0","142","45","27000","0","1187","1155","713","0.9502948609941028","0.9730412805391744"
"land__C__40017","27000","weapon","","core:spore_fan","3836","2180","5646","567132","247943","0","3427","5646","25859","0","3804","2426","319189","0.5683003128258602","0.6377497371188223"
"land__C__40017","27000","weapon","","core:storm_fork","940","451","1369","152875","60222","0","1032","1369","26504","0","940","467","92653","0.4797872340425532","0.4968085106382979"
"land__C__40018","27000","weapon","","core:ember_wand","1567","91","1019","36731","24937","0","10106","1019","25832","0","1562","753","11794","0.05807275047862157","0.4820742637644046"
"land__C__40018","27000","weapon","","core:harvest_scythe","712","255","915","44766","27921","0","1262","915","26786","0","712","306","16845","0.35814606741573035","0.4297752808988764"
"land__C__40018","27000","weapon","","core:iron_blade","925","563","305","14277","8080","0","817","305","27014","0","925","758","6197","0.6086486486486486","0.8194594594594594"
"land__C__40018","27000","weapon","","core:levy_banner","649","279","3806","123580","91779","0","868","3806","24486","0","646","16","31801","0.42989214175654855","0.02476780185758514"
"land__C__40018","27000","weapon","","core:storm_fork","480","114","363","13557","9331","0","1037","363","22400","0","480","117","4226","0.2375","0.24375"
"land__C__40019","27000","weapon","","core:ember_wand","1511","41","790","38208","19908","0","132135","790","26796","0","1508","718","18300","0.027134348113831898","0.4761273209549072"
"land__C__40019","27000","weapon","","core:frost_chain","853","52","403","18679","10140","0","7699","403","25334","0","851","448","8539","0.06096131301289566","0.5264394829612221"
"land__C__40019","27000","weapon","","core:harvest_scythe","712","206","664","39708","22477","0","1561","664","26624","0","712","360","17231","0.2893258426966292","0.5056179775280899"
"land__C__40019","27000","weapon","","core:iron_blade","976","868","32","1096","620","0","157","32","27002","0","976","948","476","0.889344262295082","0.9713114754098361"
"land__C__40019","27000","weapon","","core:ward_orbit","1548","476","5085","233449","152849","0","3102","5085","26174","0","1542","221","80600","0.30749354005167956","0.14332036316472113"
"land__C__40020","27000","weapon","","core:canal_bow","2348","16","88","6669","3051","0","27350","88","24581","0","2330","2242","3618","0.0068143100511073255","0.9622317596566523"
"land__C__40020","27000","weapon","","core:ember_wand","9539","126","296","26737","9751","0","86713","296","21269","0","9450","9164","16986","0.013208931753852605","0.9697354497354498"
"land__C__40020","27000","weapon","","core:frost_chain","812","62","13","929","489","0","3433","13","18482","0","805","792","440","0.07635467980295567","0.9838509316770186"
"land__C__40020","27000","weapon","","core:iron_blade","1136","717","392","28314","10027","0","911","392","27000","0","1136","892","18287","0.6311619718309859","0.7852112676056338"
"land__C__40020","27000","weapon","","core:levy_banner","766","307","3760","302840","140477","0","1073","3760","23716","0","763","26","162363","0.4007832898172324","0.03407601572739188"
"land__C__40021","27000","weapon","","core:canal_bow","1212","2","787","82345","24074","0","202026","787","22411","0","1204","753","58271","0.0016501650165016502","0.6254152823920266"
"land__C__40021","27000","weapon","","core:harvest_scythe","578","243","774","61056","24265","0","1297","774","22978","0","578","295","36791","0.4204152249134948","0.5103806228373703"
"land__C__40021","27000","weapon","","core:iron_blade","913","586","352","27470","8914","0","915","352","27010","0","913","742","18556","0.6418400876232202","0.8127053669222344"
"land__C__40021","27000","weapon","","core:mill_disc","508","105","362","24233","9889","0","1854","362","26496","0","506","342","14344","0.20669291338582677","0.6758893280632411"
"land__C__40021","27000","weapon","","core:storm_fork","428","58","486","37826","15121","0","2093","486","20172","0","428","58","22705","0.13551401869158877","0.13551401869158877"
"land__C__40022","27000","weapon","","core:frost_chain","656","192","464","19441","13743","0","1215","464","14304","0","653","189","5698","0.2926829268292683","0.2894333843797856"
"land__C__40022","27000","weapon","","core:iron_blade","1245","1185","55","1548","1106","0","142","55","27006","0","1245","1214","442","0.9518072289156626","0.9751004016064257"
"land__C__40022","27000","weapon","","core:spore_fan","2814","1246","7770","436327","280539","0","3551","7770","24719","0","2800","1191","155788","0.4427860696517413","0.4253571428571429"
"land__C__40022","27000","weapon","","core:storm_fork","640","501","134","5071","3583","0","217","134","26192","0","640","506","1488","0.7828125","0.790625"
"land__C__40022","27000","weapon","","core:ward_orbit","2730","2532","580","15671","11291","0","273","580","26458","0","2708","2355","4380","0.9274725274725275","0.869645494830133"
"land__C__40023","27000","weapon","","core:ember_wand","3518","358","873","72076","25041","0","13748","873","25379","0","3479","2606","47035","0.10176236498010233","0.7490658235125036"
"land__C__40023","27000","weapon","","core:frost_chain","914","546","244","16509","7032","0","822","244","21420","0","913","669","9477","0.5973741794310722","0.732749178532311"
"land__C__40023","27000","weapon","","core:iron_blade","1327","1230","61","2720","1485","0","159","61","27010","0","1327","1275","1235","0.9269027882441597","0.9608138658628486"
"land__C__40023","27000","weapon","","core:spore_fan","7158","5402","7068","697923","287519","0","3114","7068","24838","0","7075","5262","410404","0.7546800782341436","0.7437455830388693"
"land__C__40023","27000","weapon","","core:storm_fork","652","524","126","6429","3867","0","234","126","25852","0","652","526","2562","0.803680981595092","0.8067484662576687"
"land__C__40024","27000","weapon","","core:canal_bow","1137","54","1087","90632","30778","0","9044","1087","26183","0","1133","351","59854","0.047493403693931395","0.30979699911738745"
"land__C__40024","27000","weapon","","core:iron_blade","1090","892","206","13783","6725","0","377","206","27008","0","1090","958","7058","0.818348623853211","0.8788990825688073"
"land__C__40024","27000","weapon","","core:levy_banner","695","559","1450","81232","57486","0","225","1450","24888","0","692","187","23746","0.8043165467625899","0.2702312138728324"
"land__C__40024","27000","weapon","","core:spore_fan","1668","605","4772","393563","193069","0","3065","4772","26483","0","1656","591","200494","0.3627098321342926","0.35688405797101447"
"land__C__40024","27000","weapon","","core:storm_fork","563","274","509","37186","20170","0","726","509","23662","0","563","290","17016","0.4866785079928952","0.5150976909413855"
"land__C__40025","27000","weapon","","core:ember_wand","1244","2","724","89946","21312","0","52359","724","23621","0","1238","514","68634","0.001607717041800643","0.41518578352180935"
"land__C__40025","27000","weapon","","core:harvest_scythe","336","113","254","33797","7789","0","503","254","12768","0","336","182","26008","0.33630952380952384","0.5416666666666666"
"land__C__40025","27000","weapon","","core:iron_blade","962","783","117","9422","4017","0","331","117","27024","0","962","879","5405","0.8139293139293139","0.9137214137214137"
"land__C__40025","27000","weapon","","core:storm_fork","544","112","414","48545","13261","0","1273","414","25380","0","544","130","35284","0.20588235294117646","0.23897058823529413"
"land__C__40025","27000","weapon","","core:ward_orbit","1397","791","1715","193889","53477","0","1152","1715","22384","0","1391","516","140412","0.5662133142448104","0.3709561466570812"
"land__C__40026","27000","weapon","","core:canal_bow","899","61","472","38361","13168","0","7401","472","26282","0","897","425","25193","0.067853170189099","0.4738015607580825"
"land__C__40026","27000","weapon","","core:frost_chain","846","204","441","28870","12589","0","2648","441","25690","0","844","403","16281","0.24113475177304963","0.4774881516587678"
"land__C__40026","27000","weapon","","core:iron_blade","900","780","86","5722","2093","0","210","86","27000","0","900","844","3629","0.8666666666666667","0.9377777777777778"
"land__C__40026","27000","weapon","","core:levy_banner","737","422","2403","186649","85704","0","718","2403","26686","0","734","103","100945","0.5725915875169606","0.14032697547683923"
"land__C__40026","27000","weapon","","core:spore_fan","1203","301","3347","299142","110622","0","3561","3347","25868","0","1197","295","188520","0.2502078137988362","0.24644945697577275"
"land__C__40027","27000","weapon","","core:harvest_scythe","818","542","360","24921","12630","0","608","360","26128","0","818","602","12291","0.6625916870415648","0.7359413202933985"
"land__C__40027","27000","weapon","","core:iron_blade","1153","996","114","4651","2881","0","347","114","27010","0","1153","1079","1770","0.8638334778837814","0.9358196010407632"
"land__C__40027","27000","weapon","","core:spore_fan","1673","496","5541","388191","221483","0","2843","5541","20513","0","1662","438","166708","0.2964734010759115","0.26353790613718414"
"land__C__40027","27000","weapon","","core:storm_fork","543","315","208","13075","8116","0","485","208","23628","0","543","335","4959","0.580110497237569","0.6169429097605893"
"land__C__40027","27000","weapon","","core:ward_orbit","2026","1595","1906","117479","62037","0","612","1906","21968","0","2015","1088","55442","0.7872655478775913","0.5399503722084368"
"land__C__40028","27000","weapon","","core:canal_bow","928","0","212","19248","7282","0","143122","212","19694","0","922","710","11966","0","0.7700650759219089"
"land__C__40028","27000","weapon","","core:harvest_scythe","683","142","1179","105874","40601","0","2196","1179","25954","0","683","217","65273","0.20790629575402636","0.31771595900439237"
"land__C__40028","27000","weapon","","core:iron_blade","964","605","322","25478","9667","0","853","322","27024","0","964","779","15811","0.6275933609958506","0.808091286307054"
"land__C__40028","27000","weapon","","core:mill_disc","334","25","54","5072","2070","0","1785","54","17026","0","332","289","3002","0.0748502994011976","0.8704819277108434"
"land__C__40028","27000","weapon","","core:storm_fork","520","37","1054","108643","40601","0","3432","1054","21218","0","520","36","68042","0.07115384615384615","0.06923076923076923"
"land__C__40029","27000","weapon","","core:ember_wand","4212","24","969","106148","28224","0","505412","969","26729","0","4123","3277","77924","0.005698005698005698","0.7948096046568033"
"land__C__40029","27000","weapon","","core:frost_chain","801","51","190","13675","5020","0","4237","190","26490","0","798","608","8655","0.06367041198501873","0.7619047619047619"
"land__C__40029","27000","weapon","","core:iron_blade","958","812","65","3392","1718","0","277","65","27016","0","958","911","1674","0.8475991649269311","0.9509394572025052"
"land__C__40029","27000","weapon","","core:mill_disc","502","101","195","16017","5285","0","1319","195","26244","0","500","403","10732","0.20119521912350596","0.806"
"land__C__40029","27000","weapon","","core:ward_orbit","1400","635","2903","262204","97237","0","1685","2903","24088","0","1393","288","164967","0.45357142857142857","0.20674802584350324"
"land__C__40030","27000","weapon","","core:frost_chain","1014","125","897","75587","30610","0","4904","897","26676","0","1012","317","44977","0.1232741617357002","0.3132411067193676"
"land__C__40030","27000","weapon","","core:iron_blade","1036","922","42","2532","1290","0","162","42","27000","0","1036","1001","1242","0.88996138996139","0.9662162162162162"
"land__C__40030","27000","weapon","","core:levy_banner","768","437","2989","235957","119675","0","587","2989","26780","0","765","59","116282","0.5690104166666666","0.07712418300653595"
"land__C__40030","27000","weapon","","core:storm_fork","579","207","354","28453","13102","0","989","354","26258","0","579","229","15351","0.35751295336787564","0.3955094991364421"
"land__C__40030","27000","weapon","","core:ward_orbit","1842","987","3790","305205","129272","0","1738","3790","25920","0","1835","500","175933","0.5358306188925082","0.2724795640326976"
"land__C__40031","27000","weapon","","core:harvest_scythe","698","434","310","24587","9916","0","483","310","26556","0","698","500","14671","0.6217765042979942","0.7163323782234957"
"land__C__40031","27000","weapon","","core:iron_blade","1096","787","213","21867","7419","0","529","213","27018","0","1096","951","14448","0.718065693430657","0.8677007299270073"
"land__C__40031","27000","weapon","","core:mill_disc","386","102","1215","120584","35248","0","746","1215","17574","0","383","128","85336","0.26424870466321243","0.3342036553524804"
"land__C__40031","27000","weapon","","core:spore_fan","1287","332","4523","366274","170964","0","2601","4523","26654","0","1282","260","195310","0.257964257964258","0.20280811232449297"
"land__C__40031","27000","weapon","","core:ward_orbit","1644","1064","1696","126425","53643","0","997","1696","23328","0","1636","670","72782","0.6472019464720195","0.4095354523227384"
"mixed__A__40000","27000","weapon","","core:canal_bow","906","16","529","42819","15662","0","7691","529","24651","0","904","375","27157","0.017660044150110375","0.41482300884955753"
"mixed__A__40000","27000","weapon","","core:harvest_scythe","688","345","583","44819","18413","0","772","583","26762","0","688","385","26406","0.501453488372093","0.559593023255814"
"mixed__A__40000","27000","weapon","","core:iron_blade","900","834","54","2744","1332","0","121","54","27000","0","900","857","1412","0.9266666666666666","0.9522222222222222"
"mixed__A__40000","27000","weapon","","core:levy_banner","667","461","2813","173161","101477","0","402","2813","26094","0","665","46","71684","0.6911544227886057","0.06917293233082707"
"mixed__A__40000","27000","weapon","","core:ward_orbit","1557","964","1588","83133","42507","0","1077","1588","25770","0","1550","670","40626","0.6191393705844573","0.432258064516129"
"mixed__A__40001","27000","weapon","","core:ember_wand","1917","31","946","55131","26430","0","146092","946","25561","0","1905","1212","28701","0.01617110067814293","0.6362204724409449"
"mixed__A__40001","27000","weapon","","core:harvest_scythe","292","149","101","6084","3500","0","263","101","10084","0","292","215","2584","0.5102739726027398","0.7363013698630136"
"mixed__A__40001","27000","weapon","","core:iron_blade","986","873","34","1579","924","0","158","34","27010","0","986","955","655","0.8853955375253549","0.9685598377281948"
"mixed__A__40001","27000","weapon","","core:mill_disc","637","88","488","34260","13944","0","2926","488","26599","0","634","486","20316","0.13814756671899528","0.7665615141955836"
"mixed__A__40001","27000","weapon","","core:ward_orbit","1957","1050","2714","122266","78202","0","1638","2714","26286","0","1946","572","44064","0.5365355135411344","0.29393627954779034"
"mixed__A__40002","27000","weapon","","core:canal_bow","577","5","251","12081","7276","0","4895","251","17934","0","576","325","4805","0.008665511265164644","0.5642361111111112"
"mixed__A__40002","27000","weapon","","core:harvest_scythe","631","379","271","12405","7347","0","414","271","25240","0","631","466","5058","0.6006339144215531","0.7385103011093502"
"mixed__A__40002","27000","weapon","","core:iron_blade","907","577","304","14844","8744","0","671","304","27008","0","907","722","6100","0.6361631753031973","0.7960308710033076"
"mixed__A__40002","27000","weapon","","core:levy_banner","700","338","3219","135842","99573","0","720","3219","26638","0","698","32","36269","0.4828571428571429","0.045845272206303724"
"mixed__A__40002","27000","weapon","","core:mill_disc","315","70","371","20513","10328","0","727","371","15991","0","313","200","10185","0.2222222222222222","0.6389776357827476"
"mixed__A__40003","27000","weapon","","core:canal_bow","1001","30","236","10638","6246","0","6306","236","24905","0","997","761","4392","0.029970029970029972","0.7632898696088265"
"mixed__A__40003","27000","weapon","","core:ember_wand","1596","109","446","18931","12159","0","7776","446","26177","0","1588","1192","6772","0.06829573934837092","0.7506297229219143"
"mixed__A__40003","27000","weapon","","core:frost_chain","891","132","672","36075","22866","0","2786","672","26656","0","888","497","13209","0.14814814814814814","0.5596846846846847"
"mixed__A__40003","27000","weapon","","core:iron_blade","900","607","135","6103","3718","0","519","135","27000","0","900","798","2385","0.6744444444444444","0.8866666666666667"
"mixed__A__40003","27000","weapon","","core:spore_fan","1330","325","4595","187423","133302","0","2447","4595","25265","0","1320","239","54121","0.24436090225563908","0.18106060606060606"
"mixed__A__40004","27000","weapon","","core:canal_bow","934","1","169","14557","5868","0","12070","169","20582","0","929","793","8689","0.0010706638115631692","0.8536060279870828"
"mixed__A__40004","27000","weapon","","core:frost_chain","878","52","402","25631","14298","0","4568","402","25788","0","874","650","11333","0.05922551252847381","0.7437070938215103"
"mixed__A__40004","27000","weapon","","core:harvest_scythe","644","124","1028","71954","37209","0","1770","1028","25320","0","644","237","34745","0.19254658385093168","0.36801242236024845"
"mixed__A__40004","27000","weapon","","core:iron_blade","908","425","367","21553","11823","0","1127","367","27026","0","908","681","9730","0.46806167400881055","0.75"
"mixed__A__40004","27000","weapon","","core:mill_disc","559","79","84","5143","2642","0","1971","84","26783","0","557","499","2501","0.1413237924865832","0.895870736086176"
"mixed__A__40005","27000","weapon","","core:canal_bow","2389","74","589","34798","16110","0","13136","589","24914","0","2372","1966","18688","0.03097530347425701","0.8288364249578415"
"mixed__A__40005","27000","weapon","","core:frost_chain","827","392","131","4640","3337","0","858","131","24276","0","824","693","1303","0.4740024183796856","0.8410194174757282"
"mixed__A__40005","27000","weapon","","core:iron_blade","1026","945","53","2109","1095","0","112","53","27006","0","1026","984","1014","0.9210526315789473","0.9590643274853801"
"mixed__A__40005","27000","weapon","","core:levy_banner","733","621","1092","41811","28691","0","168","1092","26216","0","731","230","13120","0.8472032742155525","0.3146374829001368"
"mixed__A__40005","27000","weapon","","core:spore_fan","8504","6856","5108","254070","173333","0","2713","5108","26699","0","8415","6776","80737","0.80620884289746","0.8052287581699347"
"mixed__A__40006","27000","weapon","","core:ember_wand","1055","6","358","16819","9979","0","17403","358","21968","0","1051","749","6840","0.005687203791469194","0.7126546146527117"
"mixed__A__40006","27000","weapon","","core:frost_chain","795","76","207","7500","5349","0","3499","207","26486","0","792","585","2151","0.09559748427672957","0.7386363636363636"
"mixed__A__40006","27000","weapon","","core:iron_blade","958","547","274","13353","9015","0","775","274","27024","0","958","772","4338","0.5709812108559499","0.8058455114822547"
"mixed__A__40006","27000","weapon","","core:levy_banner","345","87","2928","151718","105350","0","856","2928","11300","0","342","0","46368","0.25217391304347825","0"
"mixed__A__40006","27000","weapon","","core:mill_disc","515","91","254","13033","7116","0","1515","254","26103","0","513","388","5917","0.1766990291262136","0.7563352826510721"
"mixed__A__40007","27000","weapon","","core:harvest_scythe","802","363","760","43815","19853","0","903","760","26042","0","802","402","23962","0.45261845386533667","0.5012468827930174"
"mixed__A__40007","27000","weapon","","core:iron_blade","1120","895","174","7533","4114","0","392","174","27020","0","1120","997","3419","0.7991071428571429","0.8901785714285714"
"mixed__A__40007","27000","weapon","","core:levy_banner","809","400","3272","174147","111108","0","895","3272","21616","0","805","38","63039","0.49443757725587145","0.04720496894409938"
"mixed__A__40007","27000","weapon","","core:mill_disc","533","201","575","27662","15483","0","773","575","25765","0","531","313","12179","0.3771106941838649","0.5894538606403014"
"mixed__A__40007","27000","weapon","","core:storm_fork","551","212","395","20201","11797","0","787","395","22420","0","551","223","8404","0.38475499092558985","0.4047186932849365"
"mixed__A__40008","27000","weapon","","core:frost_chain","777","57","420","15276","11025","0","6817","420","25740","0","776","356","4251","0.07335907335907337","0.4587628865979381"
"mixed__A__40008","27000","weapon","","core:harvest_scythe","614","184","609","30924","19213","0","1700","609","24560","0","614","308","11711","0.2996742671009772","0.501628664495114"
"mixed__A__40008","27000","weapon","","core:iron_blade","930","365","340","18696","11613","0","1691","340","27008","0","930","715","7083","0.3924731182795699","0.7688172043010753"
"mixed__A__40008","27000","weapon","","core:mill_disc","511","52","997","52955","27020","0","2915","997","25971","0","509","231","25935","0.10176125244618395","0.4538310412573674"
"mixed__A__40008","27000","weapon","","core:storm_fork","491","47","440","20552","12753","0","2860","440","23582","0","491","51","7799","0.09572301425661914","0.10386965376782077"
"mixed__A__40009","27000","weapon","","core:frost_chain","1109","437","782","28696","19762","0","1387","782","26098","0","1107","325","8934","0.39404869251578","0.2935862691960253"
"mixed__A__40009","27000","weapon","","core:iron_blade","1157","1121","19","545","413","0","54","19","27000","0","1157","1145","132","0.9688850475367329","0.989628349178911"
"mixed__A__40009","27000","weapon","","core:spore_fan","5058","3576","4844","297789","180727","0","2372","4844","26429","0","4969","3399","117062","0.7069988137603797","0.6840410545381365"
"mixed__A__40009","27000","weapon","","core:storm_fork","373","337","28","1298","824","0","55","28","14582","0","373","345","474","0.903485254691689","0.9249329758713136"
"mixed__A__40009","27000","weapon","","core:ward_orbit","4901","4661","466","12319","8600","0","306","466","26790","0","4856","4515","3719","0.951030401958784","0.9297775947281713"
"mixed__A__40010","27000","weapon","","core:ember_wand","409","0","162","8853","4622","0","23999","162","7362","0","406","244","4231","0","0.6009852216748769"
"mixed__A__40010","27000","weapon","","core:frost_chain","783","80","350","14365","8968","0","4164","350","24680","0","780","448","5397","0.10217113665389528","0.5743589743589743"
"mixed__A__40010","27000","weapon","","core:harvest_scythe","719","265","693","38296","18209","0","1229","693","26592","0","719","374","20087","0.36856745479833103","0.5201668984700973"
"mixed__A__40010","27000","weapon","","core:iron_blade","1024","515","332","19138","8941","0","1144","332","27000","0","1024","807","10197","0.5029296875","0.7880859375"
"mixed__A__40010","27000","weapon","","core:mill_disc","281","26","348","20838","9650","0","981","348","14077","0","279","167","11188","0.09252669039145907","0.5985663082437276"
"mixed__A__40011","27000","weapon","","core:ember_wand","1630","4","680","18143","13766","0","117334","680","23318","0","1623","943","4377","0.00245398773006135","0.581022797288971"
"mixed__A__40011","27000","weapon","","core:frost_chain","1294","43","1439","61074","44115","0","12926","1439","26250","0","1287","550","16959","0.03323029366306028","0.42735042735042733"
"mixed__A__40011","27000","weapon","","core:harvest_scythe","759","223","741","23548","19284","0","1705","741","25798","0","759","366","4264","0.2938076416337286","0.48221343873517786"
"mixed__A__40011","27000","weapon","","core:iron_blade","1125","626","236","7317","5569","0","1060","236","27018","0","1125","960","1748","0.5564444444444444","0.8533333333333334"
"mixed__A__40011","27000","weapon","","core:storm_fork","514","26","943","39740","32516","0","2943","943","18600","0","514","25","7224","0.05058365758754864","0.048638132295719845"
"mixed__A__40012","27000","weapon","","core:canal_bow","1040","21","195","8093","5698","0","8303","195","26440","0","1036","841","2395","0.020192307692307693","0.8117760617760618"
"mixed__A__40012","27000","weapon","","core:frost_chain","508","56","76","2369","2007","0","1772","76","17400","0","506","430","362","0.11023622047244094","0.849802371541502"
"mixed__A__40012","27000","weapon","","core:iron_blade","900","745","125","4016","2150","0","293","125","27000","0","900","809","1866","0.8277777777777777","0.8988888888888888"
"mixed__A__40012","27000","weapon","","core:levy_banner","571","332","2917","98820","70712","0","416","2917","21698","0","568","16","28108","0.5814360770577933","0.028169014084507043"
"mixed__A__40012","27000","weapon","","core:storm_fork","536","202","396","15721","10518","0","729","396","25508","0","536","199","5203","0.376865671641791","0.3712686567164179"
"mixed__A__40013","27000","weapon","","core:frost_chain","772","158","429","21626","14815","0","1998","429","20048","0","770","432","6811","0.20466321243523317","0.561038961038961"
"mixed__A__40013","27000","weapon","","core:iron_blade","993","911","59","2308","1432","0","148","59","27014","0","993","947","876","0.9174219536757301","0.9536757301107754"
"mixed__A__40013","27000","weapon","","core:mill_disc","408","193","286","17355","8404","0","543","286","18760","0","405","286","8951","0.4730392156862745","0.7061728395061728"
"mixed__A__40013","27000","weapon","","core:spore_fan","1900","816","4460","212985","135609","0","2689","4460","26403","0","1887","728","77376","0.42947368421052634","0.3857975622681505"
"mixed__A__40013","27000","weapon","","core:storm_fork","556","321","225","8759","5217","0","470","225","25944","0","556","331","3542","0.5773381294964028","0.5953237410071942"
"mixed__A__40014","27000","weapon","","core:frost_chain","883","79","580","29249","18616","0","3416","580","24378","0","879","372","10633","0.08946772366930918","0.4232081911262799"
"mixed__A__40014","27000","weapon","","core:harvest_scythe","630","372","249","13542","7120","0","423","249","23384","0","630","452","6422","0.5904761904761905","0.7174603174603175"
"mixed__A__40014","27000","weapon","","core:iron_blade","964","784","97","3820","2163","0","302","97","27010","0","964","897","1657","0.8132780082987552","0.9304979253112033"
"mixed__A__40014","27000","weapon","","core:storm_fork","496","92","851","61099","28411","0","1282","851","19828","0","496","93","32688","0.18548387096774194","0.1875"
"mixed__A__40014","27000","weapon","","core:ward_orbit","1079","540","1968","100634","53017","0","972","1968","15310","0","1072","254","47617","0.5004633920296571","0.23694029850746268"
"mixed__A__40015","27000","weapon","","core:canal_bow","947","15","538","21710","13855","0","70868","538","25773","0","943","475","7855","0.01583949313621964","0.503711558854719"
"mixed__A__40015","27000","weapon","","core:harvest_scythe","656","289","412","16491","11247","0","857","412","26070","0","656","405","5244","0.4405487804878049","0.6173780487804879"
"mixed__A__40015","27000","weapon","","core:iron_blade","900","786","59","1604","1224","0","185","59","27000","0","900","856","380","0.8733333333333333","0.9511111111111111"
"mixed__A__40015","27000","weapon","","core:storm_fork","603","113","1017","47978","33176","0","2389","1017","26686","0","603","111","14802","0.18739635157545606","0.18407960199004975"
"mixed__A__40015","27000","weapon","","core:ward_orbit","1093","377","4408","140398","102406","0","1908","4408","20462","0","1088","119","37992","0.34492223238792313","0.109375"
"mixed__A__40016","27000","weapon","","core:ember_wand","2690","247","466","30324","13824","0","10846","466","24827","0","2673","2326","16500","0.09182156133828996","0.8701833146277591"
"mixed__A__40016","27000","weapon","","core:harvest_scythe","901","787","120","7368","3725","0","166","120","25920","0","901","811","3643","0.8734739178690344","0.9001109877913429"
"mixed__A__40016","27000","weapon","","core:iron_blade","1202","1168","25","696","422","0","50","25","27008","0","1202","1185","274","0.9717138103161398","0.9858569051580699"
"mixed__A__40016","27000","weapon","","core:spore_fan","2684","1485","4218","280863","161751","0","1928","4218","22474","0","2667","1420","119112","0.5532786885245902","0.5324334458192725"
"mixed__A__40016","27000","weapon","","core:ward_orbit","3644","3390","469","14989","9865","0","333","469","26762","0","3621","3272","5124","0.9302963776070252","0.9036177851422259"
"mixed__A__40017","27000","weapon","","core:frost_chain","861","42","452","21309","14231","0","4532","452","22320","0","856","506","7078","0.04878048780487805","0.5911214953271028"
"mixed__A__40017","27000","weapon","","core:harvest_scythe","708","233","910","45459","28269","0","1237","910","24632","0","708","289","17190","0.3290960451977401","0.4081920903954802"
"mixed__A__40017","27000","weapon","","core:iron_blade","1087","692","282","12228","8182","0","747","282","27012","0","1087","897","4046","0.6366145354185833","0.8252069917203312"
"mixed__A__40017","27000","weapon","","core:levy_banner","725","224","4422","201008","143823","0","1392","4422","22940","0","721","7","57185","0.30896551724137933","0.009708737864077669"
"mixed__A__40017","27000","weapon","","core:mill_disc","362","58","324","17061","9563","0","1040","324","17662","0","360","246","7498","0.16022099447513813","0.6833333333333333"
"mixed__A__40018","27000","weapon","","core:harvest_scythe","716","470","311","15494","8983","0","413","311","26766","0","716","513","6511","0.6564245810055865","0.7164804469273743"
"mixed__A__40018","27000","weapon","","core:iron_blade","900","766","37","1067","552","0","240","37","27000","0","900","870","515","0.8511111111111112","0.9666666666666667"
"mixed__A__40018","27000","weapon","","core:levy_banner","672","539","1400","50643","36823","0","208","1400","25418","0","669","139","13820","0.8020833333333334","0.2077727952167414"
"mixed__A__40018","27000","weapon","","core:spore_fan","1047","269","3645","243797","133192","0","1994","3645","17462","0","1038","263","110605","0.25692454632282713","0.25337186897880537"
"mixed__A__40018","27000","weapon","","core:ward_orbit","572","532","168","4854","3661","0","54","168","11440","0","567","464","1193","0.9300699300699301","0.818342151675485"
"mixed__A__40019","27000","weapon","","core:canal_bow","1314","1","468","34336","13362","0","179352","468","21720","0","1303","1060","20974","0.00076103500761035","0.8135072908672295"
"mixed__A__40019","27000","weapon","","core:ember_wand","1666","30","482","22015","12470","0","82861","482","26800","0","1659","1273","9545","0.01800720288115246","0.7673297166968053"
"mixed__A__40019","27000","weapon","","core:harvest_scythe","738","228","567","24279","15232","0","1133","567","26612","0","738","404","9047","0.3089430894308943","0.5474254742547425"
"mixed__A__40019","27000","weapon","","core:iron_blade","1035","820","60","2103","1524","0","275","60","27022","0","1035","979","579","0.7922705314009661","0.9458937198067633"
"mixed__A__40019","27000","weapon","","core:ward_orbit","1534","859","1925","53250","38744","0","1124","1925","24544","0","1529","636","14506","0.559973924380704","0.4159581425768476"
"mixed__A__40020","27000","weapon","","core:frost_chain","631","68","126","9485","4481","0","2214","126","20538","0","628","502","5004","0.10776545166402536","0.7993630573248408"
"mixed__A__40020","27000","weapon","","core:iron_blade","1010","929","36","2383","918","0","108","36","27018","0","1010","979","1465","0.9198019801980198","0.9693069306930693"
"mixed__A__40020","27000","weapon","","core:mill_disc","519","204","82","6548","2626","0","694","82","26493","0","517","446","3922","0.3930635838150289","0.8626692456479691"
"mixed__A__40020","27000","weapon","","core:spore_fan","872","180","3243","263405","128997","0","2133","3243","16003","0","866","143","134408","0.20642201834862386","0.1651270207852194"
"mixed__A__40020","27000","weapon","","core:ward_orbit","1668","957","2329","163545","76751","0","1346","2329","26762","0","1661","589","86794","0.5737410071942446","0.35460565924142085"
"mixed__A__40021","27000","weapon","","core:canal_bow","1045","3","416","25066","11508","0","123328","416","26702","0","1041","625","13558","0.0028708133971291866","0.6003842459173871"
"mixed__A__40021","27000","weapon","","core:ember_wand","1649","1","640","40824","18950","0","84083","640","23092","0","1644","1004","21874","0.0006064281382656155","0.610705596107056"
"mixed__A__40021","27000","weapon","","core:frost_chain","930","2","381","22404","11167","0","10523","381","24306","0","926","545","11237","0.002150537634408602","0.5885529157667386"
"mixed__A__40021","27000","weapon","","core:harvest_scythe","729","54","1414","96982","54856","0","3625","1414","26504","0","729","216","42126","0.07407407407407407","0.2962962962962963"
"mixed__A__40021","27000","weapon","","core:iron_blade","1023","443","356","20197","11421","0","1713","356","27014","0","1023","805","8776","0.43304007820136853","0.7869012707722385"
"mixed__A__40022","27000","weapon","","core:canal_bow","1057","4","410","23122","11113","0","130998","410","19932","0","1051","775","12009","0.003784295175023652","0.7373929590865842"
"mixed__A__40022","27000","weapon","","core:frost_chain","544","11","97","2556","2228","0","4288","97","13686","0","540","443","328","0.02022058823529412","0.8203703703703704"
"mixed__A__40022","27000","weapon","","core:iron_blade","1037","782","158","4503","3299","0","468","158","27010","0","1037","932","1204","0.7540983606557377","0.8987463837994214"
"mixed__A__40022","27000","weapon","","core:storm_fork","632","108","1157","58545","34430","0","2855","1157","24190","0","632","108","24115","0.17088607594936708","0.17088607594936708"
"mixed__A__40022","27000","weapon","","core:ward_orbit","2031","877","3261","80263","62653","0","2856","3261","26458","0","2022","693","17610","0.43180699162973907","0.3427299703264095"
"mixed__A__40023","27000","weapon","","core:frost_chain","1002","168","635","21486","15807","0","3208","635","26608","0","1001","366","5679","0.16766467065868262","0.36563436563436563"
"mixed__A__40023","27000","weapon","","core:harvest_scythe","740","339","637","30932","20651","0","914","637","26124","0","740","405","10281","0.4581081081081081","0.5472972972972973"
"mixed__A__40023","27000","weapon","","core:iron_blade","1068","774","217","9898","6662","0","526","217","27016","0","1068","917","3236","0.7247191011235955","0.8586142322097379"
"mixed__A__40023","27000","weapon","","core:levy_banner","815","416","3606","154290","114762","0","862","3606","26468","0","811","33","39528","0.5104294478527608","0.040690505548705305"
"mixed__A__40023","27000","weapon","","core:storm_fork","640","141","827","48436","29203","0","1733","827","24642","0","640","147","19233","0.2203125","0.2296875"
"mixed__A__40024","27000","weapon","","core:canal_bow","1124","42","373","31505","11159","0","7832","373","26577","0","1118","878","20346","0.037366548042704624","0.7853309481216458"
"mixed__A__40024","27000","weapon","","core:ember_wand","858","25","153","13039","5055","0","5274","153","14745","0","852","717","7984","0.029137529137529136","0.8415492957746479"
"mixed__A__40024","27000","weapon","","core:iron_blade","964","828","89","4201","2412","0","219","89","27010","0","964","895","1789","0.8589211618257261","0.9284232365145229"
"mixed__A__40024","27000","weapon","","core:levy_banner","408","281","1311","106239","55867","0","238","1311","12202","0","404","36","50372","0.6887254901960784","0.0891089108910891"
"mixed__A__40024","27000","weapon","","core:spore_fan","1094","455","2007","135405","69947","0","1373","2007","26225","0","1090","418","65458","0.41590493601462525","0.3834862385321101"
"mixed__A__40025","27000","weapon","","core:harvest_scythe","663","360","448","30122","12995","0","557","448","24790","0","663","402","17127","0.5429864253393665","0.6063348416289592"
"mixed__A__40025","27000","weapon","","core:iron_blade","1011","782","192","12551","5324","0","382","192","27022","0","1011","879","7227","0.7734915924826904","0.8694362017804155"
"mixed__A__40025","27000","weapon","","core:levy_banner","812","445","2770","175973","99965","0","672","2770","26460","0","810","90","76008","0.5480295566502463","0.1111111111111111"
"mixed__A__40025","27000","weapon","","core:mill_disc","533","200","702","46486","19609","0","737","702","25889","0","531","298","26877","0.37523452157598497","0.5612052730696798"
"mixed__A__40025","27000","weapon","","core:storm_fork","581","262","317","19428","9790","0","724","317","26198","0","581","264","9638","0.4509466437177281","0.45438898450946646"
"mixed__A__40026","27000","weapon","","core:canal_bow","867","4","182","13582","5669","0","80946","182","19476","0","861","698","7913","0.00461361014994233","0.81068524970964"
"mixed__A__40026","27000","weapon","","core:ember_wand","1794","15","838","65116","25278","0","145126","838","24868","0","1786","1293","39838","0.008361204013377926","0.7239641657334827"
"mixed__A__40026","27000","weapon","","core:harvest_scythe","388","58","554","36279","19326","0","1368","554","15520","0","388","138","16953","0.14948453608247422","0.3556701030927835"
"mixed__A__40026","27000","weapon","","core:iron_blade","900","300","316","18842","8166","0","1906","316","27000","0","900","704","10676","0.3333333333333333","0.7822222222222223"
"mixed__A__40026","27000","weapon","","core:storm_fork","519","63","454","26501","14518","0","2108","454","25876","0","519","65","11983","0.12138728323699421","0.1252408477842004"
"mixed__A__40027","27000","weapon","","core:ember_wand","1553","75","691","50660","20346","0","9663","691","26208","0","1550","859","30314","0.04829362524146812","0.5541935483870968"
"mixed__A__40027","27000","weapon","","core:iron_blade","994","835","81","4372","2070","0","229","81","27004","0","994","931","2302","0.8400402414486922","0.9366197183098591"
"mixed__A__40027","27000","weapon","","core:levy_banner","724","454","2636","162591","96279","0","461","2636","26478","0","721","46","66312","0.6270718232044199","0.0638002773925104"
"mixed__A__40027","27000","weapon","","core:mill_disc","514","174","393","29841","10045","0","844","393","24550","0","512","397","19796","0.33852140077821014","0.775390625"
"mixed__A__40027","27000","weapon","","core:ward_orbit","1430","954","1188","74230","39232","0","738","1188","17992","0","1421","695","34998","0.6671328671328671","0.48909218859957776"
"mixed__A__40028","27000","weapon","","core:harvest_scythe","617","262","612","28240","17685","0","742","612","23392","0","617","301","10555","0.4246353322528363","0.4878444084278768"
"mixed__A__40028","27000","weapon","","core:iron_blade","977","814","94","3815","2386","0","252","94","27010","0","977","905","1429","0.8331627430910952","0.9263050153531218"
"mixed__A__40028","27000","weapon","","core:levy_banner","780","342","3190","134736","94789","0","1002","3190","26200","0","777","48","39947","0.43846153846153846","0.06177606177606178"
"mixed__A__40028","27000","weapon","","core:spore_fan","487","48","2029","80374","59645","0","1613","2029","11776","0","483","54","20729","0.09856262833675565","0.11180124223602485"
"mixed__A__40028","27000","weapon","","core:ward_orbit","1388","933","1903","55053","42158","0","776","1903","24984","0","1383","484","12895","0.6721902017291066","0.3499638467100506"
"mixed__A__40029","27000","weapon","","core:canal_bow","709","1","151","7028","4350","0","8553","151","18969","0","705","554","2678","0.0014104372355430183","0.7858156028368795"
"mixed__A__40029","27000","weapon","","core:ember_wand","1708","26","713","36884","19474","0","16205","713","26734","0","1698","1155","17410","0.01522248243559719","0.6802120141342756"
"mixed__A__40029","27000","weapon","","core:iron_blade","1024","649","250","8816","6999","0","655","250","27016","0","1024","843","1817","0.6337890625","0.8232421875"
"mixed__A__40029","27000","weapon","","core:spore_fan","928","98","4255","200506","138082","0","3134","4255","16474","0","920","57","62424","0.10560344827586207","0.06195652173913044"
"mixed__A__40029","27000","weapon","","core:storm_fork","292","55","305","15396","10497","0","798","305","12364","0","292","63","4899","0.18835616438356165","0.21575342465753425"
"mixed__A__40030","27000","weapon","","core:ember_wand","2053","103","659","36512","18089","0","12748","659","26478","0","2038","1477","18423","0.050170482221139796","0.7247301275760549"
"mixed__A__40030","27000","weapon","","core:harvest_scythe","680","313","633","33088","17501","0","872","633","25646","0","680","357","15587","0.4602941176470588","0.525"
"mixed__A__40030","27000","weapon","","core:iron_blade","998","652","269","13632","7479","0","669","269","27016","0","998","817","6153","0.6533066132264529","0.8186372745490982"
"mixed__A__40030","27000","weapon","","core:levy_banner","741","348","3405","148440","101551","0","775","3405","26170","0","738","37","46889","0.46963562753036436","0.05013550135501355"
"mixed__A__40030","27000","weapon","","core:mill_disc","350","85","211","10981","5149","0","695","211","17394","0","348","292","5832","0.24285714285714285","0.8390804597701149"
"mixed__A__40031","27000","weapon","","core:ember_wand","822","3","314","14510","8814","0","7661","314","12228","0","816","502","5696","0.0036496350364963502","0.6151960784313726"
"mixed__A__40031","27000","weapon","","core:frost_chain","436","10","494","21039","15376","0","2290","494","13008","0","433","160","5663","0.022935779816513763","0.3695150115473441"
"mixed__A__40031","27000","weapon","","core:iron_blade","900","814","52","1669","991","0","134","52","27000","0","900","863","678","0.9044444444444445","0.9588888888888889"
"mixed__A__40031","27000","weapon","","core:spore_fan","1383","347","4541","170472","117823","0","3285","4541","26699","0","1378","266","52649","0.25090383224873464","0.193033381712627"
"mixed__A__40031","27000","weapon","","core:storm_fork","561","220","341","13114","7662","0","827","341","26518","0","561","220","5452","0.39215686274509803","0.39215686274509803"
"mixed__B__40000","27000","weapon","","core:frost_chain","287","14","149","14670","5004","0","1991","149","9062","0","285","136","9666","0.04878048780487805","0.47719298245614034"
"mixed__B__40000","27000","weapon","","core:harvest_scythe","703","252","778","60227","25106","0","1380","778","26772","0","703","337","35121","0.3584637268847795","0.4793741109530583"
"mixed__B__40000","27000","weapon","","core:iron_blade","994","488","490","41445","14911","0","1259","490","27008","0","994","722","26534","0.4909456740442656","0.7263581488933601"
"mixed__B__40000","27000","weapon","","core:mill_disc","399","103","507","49896","15989","0","1210","507","20679","0","397","212","33907","0.2581453634085213","0.5340050377833753"
"mixed__B__40000","27000","weapon","","core:ward_orbit","117","68","149","15637","6207","0","121","149","1638","0","111","37","9430","0.5811965811965812","0.3333333333333333"
"mixed__B__40001","27000","weapon","","core:harvest_scythe","676","412","345","20490","10196","0","501","345","24500","0","676","463","10294","0.6094674556213018","0.6849112426035503"
"mixed__B__40001","27000","weapon","","core:iron_blade","1018","821","81","4382","2061","0","298","81","27016","0","1018","953","2321","0.806483300589391","0.9361493123772102"
"mixed__B__40001","27000","weapon","","core:mill_disc","566","100","1732","113894","49110","0","1607","1732","26586","0","564","234","64784","0.17667844522968199","0.4148936170212766"
"mixed__B__40001","27000","weapon","","core:storm_fork","516","135","377","19772","9463","0","1101","377","23808","0","516","139","10309","0.2616279069767442","0.2693798449612403"
"mixed__B__40001","27000","weapon","","core:ward_orbit","1915","1078","2465","115178","67115","0","1698","2465","26310","0","1908","667","48063","0.5629242819843342","0.34958071278826"
"mixed__B__40002","27000","weapon","","core:canal_bow","928","28","651","54002","19085","0","7834","651","23897","0","927","276","34917","0.03017241379310345","0.2977346278317152"
"mixed__B__40002","27000","weapon","","core:iron_blade","900","752","85","5527","1901","0","270","85","27000","0","900","843","3626","0.8355555555555556","0.9366666666666666"
"mixed__B__40002","27000","weapon","","core:levy_banner","700","388","2202","154145","83720","0","670","2202","26638","0","698","75","70425","0.5542857142857143","0.10744985673352435"
"mixed__B__40002","27000","weapon","","core:spore_fan","1316","302","3600","310743","129214","0","4080","3600","24914","0","1308","293","181529","0.22948328267477203","0.22400611620795108"
"mixed__B__40002","27000","weapon","","core:storm_fork","484","185","286","22269","9020","0","929","286","22812","0","484","198","13249","0.3822314049586777","0.4090909090909091"
"mixed__B__40003","27000","weapon","","core:canal_bow","917","10","486","25758","13598","0","10108","486","24918","0","915","429","12160","0.010905125408942203","0.46885245901639344"
"mixed__B__40003","27000","weapon","","core:ember_wand","1538","41","810","41836","22581","0","13844","810","26184","0","1535","725","19255","0.026657997399219768","0.4723127035830619"
"mixed__B__40003","27000","weapon","","core:frost_chain","781","73","431","18807","11633","0","3355","431","26650","0","780","349","7174","0.09346991037131883","0.44743589743589746"
"mixed__B__40003","27000","weapon","","core:iron_blade","900","555","265","13337","8868","0","783","265","27000","0","900","739","4469","0.6166666666666667","0.8211111111111111"
"mixed__B__40003","27000","weapon","","core:spore_fan","1108","174","4946","232062","167302","0","3987","4946","25263","0","1104","112","64760","0.15703971119133575","0.10144927536231885"
"mixed__B__40004","27000","weapon","","core:iron_blade","900","851","36","2932","486","0","104","36","27000","0","900","877","2446","0.9455555555555556","0.9744444444444444"
"mixed__B__40004","27000","weapon","","core:levy_banner","662","354","2582","216649","94457","0","673","2582","26226","0","659","49","122192","0.5347432024169184","0.07435508345978756"
"mixed__B__40004","27000","weapon","","core:mill_disc","521","137","272","27406","9826","0","1343","272","26761","0","520","342","17580","0.2629558541266795","0.6576923076923077"
"mixed__B__40004","27000","weapon","","core:spore_fan","997","208","3307","303307","104560","0","3476","3307","25897","0","993","186","198747","0.2086258776328987","0.18731117824773413"
"mixed__B__40004","27000","weapon","","core:storm_fork","491","191","297","25527","9628","0","1007","297","24550","0","491","194","15899","0.3890020366598778","0.395112016293279"
"mixed__B__40005","27000","weapon","","core:harvest_scythe","698","376","401","24488","12289","0","561","401","26542","0","698","446","12199","0.5386819484240688","0.6389684813753582"
"mixed__B__40005","27000","weapon","","core:iron_blade","900","856","20","641","324","0","64","20","27000","0","900","884","317","0.9511111111111111","0.9822222222222222"
"mixed__B__40005","27000","weapon","","core:mill_disc","471","152","1184","80365","34274","0","872","1184","23929","0","469","221","46091","0.3227176220806794","0.47121535181236673"
"mixed__B__40005","27000","weapon","","core:spore_fan","1011","269","3342","183276","110980","0","1955","3342","26710","0","1007","189","72296","0.26607319485657766","0.18768619662363456"
"mixed__B__40005","27000","weapon","","core:ward_orbit","1058","805","676","28474","17114","0","365","676","20966","0","1053","593","11360","0.7608695652173914","0.5631528964862298"
"mixed__B__40006","27000","weapon","","core:canal_bow","1148","28","899","99697","27249","0","9822","899","24243","0","1146","247","72448","0.024390243902439025","0.21553228621291448"
"mixed__B__40006","27000","weapon","","core:iron_blade","1107","1063","18","1148","579","0","70","18","27000","0","1107","1092","569","0.960252935862692","0.986449864498645"
"mixed__B__40006","27000","weapon","","core:spore_fan","1831","749","4405","483087","184890","0","2903","4405","26637","0","1819","673","298197","0.4090660841070453","0.36998350742166025"
"mixed__B__40006","27000","weapon","","core:storm_fork","594","411","173","15722","6533","0","322","173","26310","0","594","421","9189","0.6919191919191919","0.7087542087542088"
"mixed__B__40006","27000","weapon","","core:ward_orbit","2373","2119","807","75968","29870","0","351","807","24556","0","2364","1804","46098","0.8929624947324062","0.7631133671742809"
"mixed__B__40007","27000","weapon","","core:canal_bow","1120","19","435","22594","12968","0","11518","435","26128","0","1115","680","9626","0.016964285714285713","0.6098654708520179"
"mixed__B__40007","27000","weapon","","core:iron_blade","1058","968","47","1560","880","0","167","47","27014","0","1058","1025","680","0.9149338374291115","0.9688090737240076"
"mixed__B__40007","27000","weapon","","core:mill_disc","483","190","633","38185","18230","0","726","633","23171","0","481","321","19955","0.39337474120082816","0.6673596673596673"
"mixed__B__40007","27000","weapon","","core:spore_fan","1340","422","4889","207339","153184","0","2555","4889","25835","0","1333","285","54155","0.31492537313432833","0.21380345086271568"
"mixed__B__40007","27000","weapon","","core:ward_orbit","1831","1253","1854","83790","50131","0","1041","1854","24632","0","1820","797","33659","0.6843255051884216","0.4379120879120879"
"mixed__B__40008","27000","weapon","","core:canal_bow","485","0","328","22206","10045","0","124996","328","9377","0","482","154","12161","0","0.31950207468879666"
"mixed__B__40008","27000","weapon","","core:ember_wand","2195","6","1337","73686","37271","0","126569","1337","24505","0","2186","849","36415","0.002733485193621868","0.38838060384263495"
"mixed__B__40008","27000","weapon","","core:frost_chain","1047","8","816","47842","26162","0","11152","816","23788","0","1044","359","21680","0.007640878701050621","0.3438697318007663"
"mixed__B__40008","27000","weapon","","core:iron_blade","1305","556","584","33059","21988","0","2382","584","27006","0","1305","956","11071","0.42605363984674327","0.7325670498084291"
"mixed__B__40009","27000","weapon","","core:iron_blade","1103","895","136","8754","4782","0","303","136","27010","0","1103","999","3972","0.8114233907524931","0.9057116953762466"
"mixed__B__40009","27000","weapon","","core:mill_disc","507","215","849","54099","25367","0","694","849","24843","0","506","253","28732","0.4240631163708087","0.5"
"mixed__B__40009","27000","weapon","","core:spore_fan","1158","366","4089","240597","152436","0","2600","4089","23029","0","1152","266","88161","0.3160621761658031","0.2309027777777778"
"mixed__B__40009","27000","weapon","","core:storm_fork","598","312","280","15818","8981","0","640","280","26532","0","598","318","6837","0.5217391304347826","0.5317725752508361"
"mixed__B__40009","27000","weapon","","core:ward_orbit","1896","1364","1179","54381","35625","0","849","1179","26794","0","1890","1098","18756","0.7194092827004219","0.580952380952381"
"mixed__B__40010","27000","weapon","","core:harvest_scythe","765","510","320","16783","10400","0","478","320","26580","0","765","562","6383","0.6666666666666666","0.734640522875817"
"mixed__B__40010","27000","weapon","","core:iron_blade","1090","941","97","3034","2143","0","312","97","27006","0","1090","1020","891","0.863302752293578","0.9357798165137615"
"mixed__B__40010","27000","weapon","","core:mill_disc","488","210","2244","161121","63844","0","631","2244","23352","0","486","176","97277","0.430327868852459","0.36213991769547327"
"mixed__B__40010","27000","weapon","","core:spore_fan","457","146","2025","156515","90603","0","1008","2025","8300","0","452","103","65912","0.31947483588621445","0.22787610619469026"
"mixed__B__40010","27000","weapon","","core:ward_orbit","1624","1120","1424","81363","53073","0","931","1424","20216","0","1615","752","28290","0.6896551724137931","0.46563467492260063"
"mixed__B__40011","27000","weapon","","core:frost_chain","697","184","593","37456","17158","0","2026","593","23066","0","696","103","20298","0.26398852223816355","0.14798850574712644"
"mixed__B__40011","27000","weapon","","core:iron_blade","990","713","198","15914","6963","0","508","198","27002","0","990","865","8951","0.7202020202020202","0.8737373737373737"
"mixed__B__40011","27000","weapon","","core:levy_banner","782","348","2650","203340","106901","0","1186","2650","25312","0","779","68","96439","0.44501278772378516","0.08729139922978177"
"mixed__B__40011","27000","weapon","","core:storm_fork","535","245","280","17999","10398","0","677","280","25680","0","535","255","7601","0.45794392523364486","0.4766355140186916"
"mixed__B__40011","27000","weapon","","core:ward_orbit","1401","1050","2136","135670","74268","0","547","2136","23916","0","1395","413","61402","0.7494646680942184","0.2960573476702509"
"mixed__B__40012","27000","weapon","","core:canal_bow","1054","6","191","16688","6077","0","12340","191","26430","0","1050","859","10611","0.0056925996204933585","0.8180952380952381"
"mixed__B__40012","27000","weapon","","core:ember_wand","1497","9","264","23218","8728","0","14854","264","24616","0","1490","1226","14490","0.006012024048096192","0.8228187919463087"
"mixed__B__40012","27000","weapon","","core:frost_chain","352","53","69","5513","2391","0","1411","69","12672","0","349","280","3122","0.15056818181818182","0.8022922636103151"
"mixed__B__40012","27000","weapon","","core:iron_blade","900","857","46","1404","1022","0","130","46","27000","0","900","872","382","0.9522222222222222","0.9688888888888889"
"mixed__B__40012","27000","weapon","","core:spore_fan","1252","312","4585","374037","169728","0","3238","4585","25896","0","1245","194","204309","0.24920127795527156","0.15582329317269075"
"mixed__B__40013","27000","weapon","","core:canal_bow","609","11","360","28408","12048","0","5972","360","20536","0","607","247","16360","0.0180623973727422","0.40691927512355847"
"mixed__B__40013","27000","weapon","","core:iron_blade","900","730","201","13419","6563","0","371","201","27000","0","900","768","6856","0.8111111111111111","0.8533333333333334"
"mixed__B__40013","27000","weapon","","core:levy_banner","624","474","1978","132336","81496","0","303","1978","24960","0","622","79","50840","0.7596153846153846","0.1270096463022508"
"mixed__B__40013","27000","weapon","","core:spore_fan","1110","294","2836","230529","112781","0","3169","2836","26418","0","1106","328","117748","0.2648648648648649","0.2965641952983725"
"mixed__B__40013","27000","weapon","","core:storm_fork","542","296","244","17464","9516","0","697","244","25926","0","542","298","7948","0.5461254612546126","0.5498154981549815"
"mixed__B__40014","27000","weapon","","core:canal_bow","1510","6","637","42042","18977","0","19392","637","19636","0","1497","1073","23065","0.003973509933774834","0.7167668670674683"
"mixed__B__40014","27000","weapon","","core:ember_wand","2508","53","570","29031","16641","0","23141","570","22361","0","2478","1908","12390","0.02113237639553429","0.7699757869249395"
"mixed__B__40014","27000","weapon","","core:harvest_scythe","746","488","489","21921","16499","0","674","489","25632","0","746","514","5422","0.6541554959785523","0.6890080428954424"
"mixed__B__40014","27000","weapon","","core:iron_blade","1102","873","193","8488","5983","0","457","193","27010","0","1102","991","2505","0.7921960072595281","0.8992740471869328"
"mixed__B__40014","27000","weapon","","core:levy_banner","627","414","3552","146948","112805","0","537","3552","20536","0","624","15","34143","0.6602870813397129","0.02403846153846154"
"mixed__B__40015","27000","weapon","","core:canal_bow","1110","2","692","54199","20460","0","203064","692","25875","0","1108","416","33739","0.0018018018018018018","0.37545126353790614"
"mixed__B__40015","27000","weapon","","core:iron_blade","1183","279","778","68785","31060","0","2965","778","27016","0","1183","769","37725","0.23584108199492815","0.6500422654268808"
"mixed__B__40015","27000","weapon","","core:mill_disc","476","46","1525","121796","43999","0","2363","1525","21896","0","474","227","77797","0.09663865546218488","0.47890295358649787"
"mixed__B__40015","27000","weapon","","core:storm_fork","596","79","511","33100","20697","0","2260","511","26722","0","596","85","12403","0.1325503355704698","0.14261744966442952"
"mixed__B__40016","27000","weapon","","core:ember_wand","1874","62","800","74867","23965","0","14063","800","24843","0","1863","1063","50902","0.033084311632870865","0.5705850778314546"
"mixed__B__40016","27000","weapon","","core:harvest_scythe","720","494","239","20891","8529","0","374","239","25920","0","720","552","12362","0.6861111111111111","0.7666666666666667"
"mixed__B__40016","27000","weapon","","core:iron_blade","1036","929","62","4047","1611","0","145","62","27012","0","1036","987","2436","0.8967181467181468","0.9527027027027027"
"mixed__B__40016","27000","weapon","","core:spore_fan","1345","338","4875","487376","185280","0","3423","4875","23027","0","1339","260","302096","0.2513011152416357","0.1941747572815534"
"mixed__B__40016","27000","weapon","","core:ward_orbit","2129","1490","1169","77802","31110","0","1071","1169","26760","0","2122","1376","46692","0.6998590887740723","0.648444863336475"
"mixed__B__40017","27000","weapon","","core:ember_wand","931","24","441","24715","13806","0","6911","441","18240","0","928","487","10909","0.02577873254564984","0.5247844827586207"
"mixed__B__40017","27000","weapon","","core:harvest_scythe","310","209","176","9832","6288","0","258","176","11780","0","310","226","3544","0.6741935483870968","0.7290322580645161"
"mixed__B__40017","27000","weapon","","core:iron_blade","1078","565","481","32293","16790","0","1267","481","27016","0","1078","813","15503","0.5241187384044527","0.7541743970315399"
"mixed__B__40017","27000","weapon","","core:mill_disc","558","161","827","49865","24057","0","1281","827","26542","0","556","317","25808","0.2885304659498208","0.5701438848920863"
"mixed__B__40017","27000","weapon","","core:spore_fan","1297","179","6319","394717","241452","0","4452","6319","24124","0","1290","145","153265","0.13801079414032383","0.1124031007751938"
"mixed__B__40018","27000","weapon","","core:frost_chain","44","1","38","3691","1220","0","402","38","1584","0","43","5","2471","0.022727272727272728","0.11627906976744186"
"mixed__B__40018","27000","weapon","","core:harvest_scythe","669","245","698","55755","25382","0","1346","698","26760","0","669","390","30373","0.3662182361733931","0.5829596412556054"
"mixed__B__40018","27000","weapon","","core:iron_blade","900","706","183","13486","5645","0","383","183","27000","0","900","776","7841","0.7844444444444445","0.8622222222222222"
"mixed__B__40018","27000","weapon","","core:spore_fan","830","109","4330","363545","176262","0","3863","4330","23009","0","826","60","187283","0.13132530120481928","0.07263922518159806"
"mixed__B__40018","27000","weapon","","core:storm_fork","536","94","631","57586","25767","0","2248","631","24820","0","536","94","31819","0.17537313432835822","0.17537313432835822"
"mixed__B__40019","27000","weapon","","core:ember_wand","1689","40","851","65774","24487","0","12654","851","26790","0","1683","975","41287","0.023682652457075192","0.5793226381461676"
"mixed__B__40019","27000","weapon","","core:harvest_scythe","801","340","806","68087","26963","0","1172","806","26628","0","801","426","41124","0.42446941323345816","0.5318352059925093"
"mixed__B__40019","27000","weapon","","core:iron_blade","1104","863","130","8937","3415","0","379","130","27010","0","1104","1007","5522","0.7817028985507246","0.9121376811594203"
"mixed__B__40019","27000","weapon","","core:mill_disc","467","196","424","37389","11978","0","775","424","21069","0","465","351","25411","0.4197002141327623","0.7548387096774194"
"mixed__B__40019","27000","weapon","","core:spore_fan","1164","273","5280","484153","206491","0","3187","5280","20384","0","1157","213","277662","0.2345360824742268","0.18409680207433016"
"mixed__B__40020","27000","weapon","","core:canal_bow","939","1","379","24971","12936","0","127101","379","23326","0","936","650","12035","0.0010649627263045794","0.6944444444444444"
"mixed__B__40020","27000","weapon","","core:harvest_scythe","305","151","358","21233","13358","0","489","358","11590","0","305","163","7875","0.49508196721311476","0.5344262295081967"
"mixed__B__40020","27000","weapon","","core:iron_blade","961","760","102","4550","3083","0","303","102","27000","0","961","883","1467","0.7908428720083247","0.918834547346514"
"mixed__B__40020","27000","weapon","","core:mill_disc","534","194","111","5736","3313","0","1196","111","26200","0","532","445","2423","0.36329588014981273","0.8364661654135338"
"mixed__B__40020","27000","weapon","","core:ward_orbit","1911","1125","2398","89758","70004","0","1660","2398","26764","0","1904","717","19754","0.5886970172684458","0.37657563025210083"
"mixed__B__40021","27000","weapon","","core:canal_bow","1045","3","416","25066","11508","0","123328","416","26702","0","1041","625","13558","0.0028708133971291866","0.6003842459173871"
"mixed__B__40021","27000","weapon","","core:ember_wand","1649","1","640","40824","18950","0","84083","640","23092","0","1644","1004","21874","0.0006064281382656155","0.610705596107056"
"mixed__B__40021","27000","weapon","","core:frost_chain","930","2","381","22404","11167","0","10523","381","24306","0","926","545","11237","0.002150537634408602","0.5885529157667386"
"mixed__B__40021","27000","weapon","","core:harvest_scythe","729","54","1414","96982","54856","0","3625","1414","26504","0","729","216","42126","0.07407407407407407","0.2962962962962963"
"mixed__B__40021","27000","weapon","","core:iron_blade","1023","443","356","20197","11421","0","1713","356","27014","0","1023","805","8776","0.43304007820136853","0.7869012707722385"
"mixed__B__40022","27000","weapon","","core:harvest_scythe","769","760","6","350","188","0","12","6","22204","0","769","765","162","0.988296488946684","0.9947984395318595"
"mixed__B__40022","27000","weapon","","core:iron_blade","1384","1321","61","1680","1130","0","146","61","27006","0","1384","1347","550","0.9544797687861272","0.9732658959537572"
"mixed__B__40022","27000","weapon","","core:spore_fan","8163","6052","8463","569269","319366","0","4043","8463","24588","0","8074","5865","249903","0.7413940953080975","0.7264057468417141"
"mixed__B__40022","27000","weapon","","core:ward_orbit","4124","3887","481","15306","9794","0","338","481","26460","0","4101","3775","5512","0.9425315227934045","0.9205071933674713"
"mixed__B__40023","27000","weapon","","core:canal_bow","930","7","593","66056","15724","0","129339","593","26618","0","928","335","50332","0.007526881720430108","0.3609913793103448"
"mixed__B__40023","27000","weapon","","core:ember_wand","1367","1","910","103596","25634","0","75716","910","24525","0","1363","453","77962","0.000731528895391368","0.33235509904622157"
"mixed__B__40023","27000","weapon","","core:iron_blade","900","815","50","3868","1485","0","157","50","27000","0","900","864","2383","0.9055555555555556","0.96"
"mixed__B__40023","27000","weapon","","core:storm_fork","551","87","453","43852","14984","0","1971","453","26520","0","551","98","28868","0.15789473684210525","0.17785843920145192"
"mixed__B__40023","27000","weapon","","core:ward_orbit","1486","687","4172","385029","131307","0","1799","4172","26292","0","1480","231","253722","0.46231493943472407","0.15608108108108107"
"mixed__B__40024","27000","weapon","","core:canal_bow","920","13","386","24017","11354","0","9859","386","26579","0","917","531","12663","0.014130434782608696","0.579062159214831"
"mixed__B__40024","27000","weapon","","core:frost_chain","701","68","300","13352","8611","0","3181","300","23010","0","698","398","4741","0.09700427960057062","0.5702005730659025"
"mixed__B__40024","27000","weapon","","core:iron_blade","964","732","212","9896","5247","0","475","212","27010","0","964","834","4649","0.7593360995850622","0.8651452282157677"
"mixed__B__40024","27000","weapon","","core:spore_fan","1392","187","5773","394614","192824","0","6143","5773","26183","0","1386","158","201790","0.1343390804597701","0.113997113997114"
"mixed__B__40024","27000","weapon","","core:storm_fork","423","134","283","14476","8814","0","988","283","20304","0","423","140","5662","0.31678486997635935","0.3309692671394799"
"mixed__B__40025","27000","weapon","","core:canal_bow","921","7","590","46566","17441","0","10538","590","15045","0","915","325","29125","0.00760043431053203","0.3551912568306011"
"mixed__B__40025","27000","weapon","","core:ember_wand","2077","83","1334","83228","38407","0","15016","1334","26430","0","2067","733","44821","0.03996148290804044","0.35462022254475084"
"mixed__B__40025","27000","weapon","","core:iron_blade","996","802","155","8260","5250","0","364","155","27014","0","996","891","3010","0.8052208835341366","0.8945783132530121"
"mixed__B__40025","27000","weapon","","core:levy_banner","657","473","2992","171226","118243","0","333","2992","24324","0","654","33","52983","0.7199391171993912","0.05045871559633028"
"mixed__B__40025","27000","weapon","","core:storm_fork","518","247","271","17239","10994","0","747","271","23532","0","518","247","6245","0.4768339768339768","0.4768339768339768"
"mixed__B__40026","27000","weapon","","core:ember_wand","3927","22","1247","107649","38877","0","52426","1247","24875","0","3906","2987","68772","0.0056022408963585435","0.764720942140297"
"mixed__B__40026","27000","weapon","","core:iron_blade","1242","675","555","41979","19105","0","1420","555","27002","0","1242","934","22874","0.5434782608695652","0.7520128824476651"
"mixed__B__40026","27000","weapon","","core:levy_banner","656","223","4301","337274","190360","0","1447","4301","18730","0","653","12","146914","0.3399390243902439","0.018376722817764167"
"mixed__B__40026","27000","weapon","","core:mill_disc","439","84","198","16448","5887","0","1713","198","18433","0","437","381","10561","0.19134396355353075","0.8718535469107551"
"mixed__B__40026","27000","weapon","","core:storm_fork","620","116","487","34227","18185","0","2070","487","25848","0","620","133","16042","0.1870967741935484","0.21451612903225806"
"mixed__B__40027","27000","weapon","","core:ember_wand","1527","20","768","41609","22548","0","13545","768","26212","0","1522","754","19061","0.01309757694826457","0.49540078843626806"
"mixed__B__40027","27000","weapon","","core:iron_blade","964","861","38","1448","979","0","145","38","27008","0","964","934","469","0.8931535269709544","0.9688796680497925"
"mixed__B__40027","27000","weapon","","core:levy_banner","697","449","3565","155652","109493","0","409","3565","26486","0","695","21","46159","0.6441893830703013","0.030215827338129497"
"mixed__B__40027","27000","weapon","","core:storm_fork","415","175","234","11935","7318","0","610","234","19920","0","415","181","4617","0.42168674698795183","0.43614457831325304"
"mixed__B__40027","27000","weapon","","core:ward_orbit","1426","908","2291","94957","63257","0","862","2291","25444","0","1421","410","31700","0.6367461430575035","0.2885292047853624"
"mixed__B__40028","27000","weapon","","core:canal_bow","465","0","185","12391","6737","0","6793","185","14109","0","462","277","5654","0","0.5995670995670995"
"mixed__B__40028","27000","weapon","","core:harvest_scythe","303","69","607","43378","21451","0","866","607","11514","0","303","83","21927","0.22772277227722773","0.2739273927392739"
"mixed__B__40028","27000","weapon","","core:iron_blade","962","805","87","4293","2328","0","243","87","27026","0","962","899","1965","0.8367983367983368","0.9345114345114345"
"mixed__B__40028","27000","weapon","","core:levy_banner","727","327","3534","202049","131597","0","945","3534","26200","0","724","42","70452","0.4497936726272352","0.058011049723756904"
"mixed__B__40028","27000","weapon","","core:ward_orbit","1388","749","3267","161251","101015","0","1290","3267","24984","0","1383","274","60236","0.5396253602305475","0.19812002892263195"
"mixed__B__40029","27000","weapon","","core:canal_bow","963","6","673","27911","16969","0","12787","673","25342","0","960","287","10942","0.006230529595015576","0.2989583333333333"
"mixed__B__40029","27000","weapon","","core:ember_wand","1479","25","1053","39308","27071","0","16279","1053","26730","0","1476","423","12237","0.016903313049357674","0.2865853658536585"
"mixed__B__40029","27000","weapon","","core:harvest_scythe","601","216","760","24884","20307","0","983","760","24040","0","601","255","4577","0.3594009983361065","0.4242928452579035"
"mixed__B__40029","27000","weapon","","core:iron_blade","900","578","297","8948","7357","0","687","297","27000","0","900","721","1591","0.6422222222222222","0.8011111111111111"
"mixed__B__40029","27000","weapon","","core:levy_banner","689","219","6773","194974","151011","0","1346","6773","26182","0","687","9","43963","0.3178519593613933","0.013100436681222707"
"mixed__B__40030","27000","weapon","","core:ember_wand","1503","96","1216","95351","33517","0","9834","1216","26486","0","1501","285","61834","0.06387225548902195","0.189873417721519"
"mixed__B__40030","27000","weapon","","core:harvest_scythe","675","426","387","29834","12661","0","504","387","25650","0","675","467","17173","0.6311111111111111","0.6918518518518518"
"mixed__B__40030","27000","weapon","","core:iron_blade","964","792","132","7926","3388","0","334","132","27010","0","964","871","4538","0.8215767634854771","0.9035269709543569"
"mixed__B__40030","27000","weapon","","core:levy_banner","725","411","2112","151724","80503","0","665","2112","26178","0","722","76","71221","0.5668965517241379","0.10526315789473684"
"mixed__B__40030","27000","weapon","","core:spore_fan","1161","295","3546","296890","124985","0","2950","3546","23708","0","1155","298","171905","0.2540913006029285","0.258008658008658"
"mixed__B__40031","27000","weapon","","core:canal_bow","856","12","686","54463","19027","0","8062","686","26293","0","855","169","35436","0.014018691588785047","0.1976608187134503"
"mixed__B__40031","27000","weapon","","core:iron_blade","900","820","60","3214","1874","0","124","60","27000","0","900","855","1340","0.9111111111111111","0.95"
"mixed__B__40031","27000","weapon","","core:levy_banner","166","140","635","60071","28123","0","35","635","6640","0","164","19","31948","0.8433734939759037","0.11585365853658537"
"mixed__B__40031","27000","weapon","","core:spore_fan","1083","270","3650","269754","127680","0","2255","3650","26709","0","1078","214","142074","0.24930747922437674","0.19851576994434136"
"mixed__B__40031","27000","weapon","","core:ward_orbit","1495","817","2718","234989","83651","0","1260","2718","24356","0","1489","417","151338","0.5464882943143813","0.2800537273337811"
"mixed__C__40000","27000","weapon","","core:ember_wand","1353","115","763","65543","22393","0","8370","763","26066","0","1347","584","43150","0.08499630450849963","0.4335560504825538"
"mixed__C__40000","27000","weapon","","core:harvest_scythe","708","456","411","34318","12884","0","578","411","26794","0","708","492","21434","0.6440677966101694","0.6949152542372882"
"mixed__C__40000","27000","weapon","","core:iron_blade","961","832","84","4977","2359","0","212","84","27016","0","961","895","2618","0.8657648283038502","0.931321540062435"
"mixed__C__40000","27000","weapon","","core:spore_fan","1315","269","6176","657578","245846","0","4137","6176","23322","0","1308","238","411732","0.20456273764258556","0.1819571865443425"
"mixed__C__40000","27000","weapon","","core:storm_fork","485","227","260","23186","9474","0","673","260","21934","0","485","237","13712","0.46804123711340206","0.488659793814433"
"mixed__C__40001","27000","weapon","","core:ember_wand","6002","330","651","25571","16282","0","29144","651","25891","0","5913","5262","9289","0.05498167277574142","0.8899036022323693"
"mixed__C__40001","27000","weapon","","core:iron_blade","1100","1056","23","696","358","0","69","23","27002","0","1100","1081","338","0.96","0.9827272727272728"
"mixed__C__40001","27000","weapon","","core:mill_disc","578","401","121","5364","2928","0","292","121","26588","0","576","504","2436","0.6937716262975778","0.875"
"mixed__C__40001","27000","weapon","","core:spore_fan","5960","3960","7709","360681","242765","0","3950","7709","25560","0","5872","3793","117916","0.6644295302013423","0.6459468664850136"
"mixed__C__40001","27000","weapon","","core:ward_orbit","2511","2189","575","15285","9879","0","438","575","26282","0","2500","2068","5406","0.8717642373556352","0.8272"
"mixed__C__40002","27000","weapon","","core:frost_chain","796","351","430","11795","9420","0","839","430","24406","0","792","363","2375","0.44095477386934673","0.4583333333333333"
"mixed__C__40002","27000","weapon","","core:harvest_scythe","632","559","77","2848","1622","0","91","77","25280","0","632","570","1226","0.884493670886076","0.9018987341772152"
"mixed__C__40002","27000","weapon","","core:iron_blade","900","846","38","1291","744","0","86","38","27000","0","900","872","547","0.94","0.9688888888888889"
"mixed__C__40002","27000","weapon","","core:levy_banner","729","628","1204","42674","31561","0","144","1204","26662","0","726","235","11113","0.8614540466392319","0.3236914600550964"
"mixed__C__40002","27000","weapon","","core:spore_fan","1470","396","5417","307396","183119","0","2732","5417","24888","0","1462","383","124277","0.2693877551020408","0.26196990424076605"
"mixed__C__40003","27000","weapon","","core:canal_bow","1063","28","358","24094","10258","0","8111","358","24904","0","1058","700","13836","0.02634054562558796","0.6616257088846881"
"mixed__C__40003","27000","weapon","","core:ember_wand","1937","143","682","42654","19310","0","9527","682","26173","0","1923","1241","23344","0.0738255033557047","0.6453458138325533"
"mixed__C__40003","27000","weapon","","core:frost_chain","874","183","405","24360","12363","0","2358","405","26658","0","872","509","11997","0.20938215102974828","0.5837155963302753"
"mixed__C__40003","27000","weapon","","core:iron_blade","955","759","120","6394","3214","0","314","120","27004","0","955","868","3180","0.7947643979057591","0.9089005235602095"
"mixed__C__40003","27000","weapon","","core:spore_fan","1946","710","5859","442685","234269","0","3579","5859","25260","0","1910","618","208416","0.3648509763617677","0.32356020942408376"
"mixed__C__40004","27000","weapon","","core:canal_bow","1306","4","211","11553","6472","0","130650","211","24328","0","1300","1125","5081","0.0030627871362940277","0.8653846153846154"
"mixed__C__40004","27000","weapon","","core:frost_chain","1063","60","504","23405","15424","0","6817","504","26248","0","1058","780","7981","0.05644402634054563","0.7372400756143668"
"mixed__C__40004","27000","weapon","","core:iron_blade","991","649","239","8292","5244","0","885","239","27010","0","991","833","3048","0.6548940464177598","0.8405650857719476"
"mixed__C__40004","27000","weapon","","core:mill_disc","602","88","49","2060","1271","0","2231","49","26764","0","600","564","789","0.1461794019933555","0.94"
"mixed__C__40004","27000","weapon","","core:storm_fork","530","72","1007","58481","31094","0","2561","1007","21332","0","530","69","27387","0.13584905660377358","0.13018867924528302"
"mixed__C__40005","27000","weapon","","core:canal_bow","914","34","433","29114","12504","0","9161","433","23427","0","911","478","16610","0.037199124726477024","0.5246981339187706"
"mixed__C__40005","27000","weapon","","core:ember_wand","1455","117","703","41591","19397","0","10168","703","25898","0","1450","747","22194","0.08041237113402062","0.5151724137931034"
"mixed__C__40005","27000","weapon","","core:iron_blade","900","754","128","8004","3983","0","318","128","27000","0","900","816","4021","0.8377777777777777","0.9066666666666666"
"mixed__C__40005","27000","weapon","","core:levy_banner","687","394","2398","148972","88468","0","728","2398","26222","0","685","95","60504","0.5735080058224163","0.1386861313868613"
"mixed__C__40005","27000","weapon","","core:spore_fan","1211","313","3818","241617","136772","0","3562","3818","26703","0","1205","301","104845","0.2584640792733278","0.24979253112033195"
"mixed__C__40006","27000","weapon","","core:frost_chain","446","9","268","21458","8139","0","4005","268","13744","0","444","176","13319","0.020179372197309416","0.3963963963963964"
"mixed__C__40006","27000","weapon","","core:iron_blade","924","410","589","49247","17841","0","1640","589","27010","0","924","633","31406","0.44372294372294374","0.685064935064935"
"mixed__C__40006","27000","weapon","","core:mill_disc","533","87","956","85753","28655","0","2757","956","24963","0","530","247","57098","0.16322701688555347","0.4660377358490566"
"mixed__C__40006","27000","weapon","","core:spore_fan","347","8","2391","229093","100889","0","2598","2391","9312","0","343","6","128204","0.023054755043227664","0.01749271137026239"
"mixed__C__40006","27000","weapon","","core:storm_fork","406","71","335","25547","13101","0","1623","335","20118","0","406","71","12446","0.1748768472906404","0.1748768472906404"
"mixed__C__40007","27000","weapon","","core:frost_chain","943","45","453","22622","12384","0","4909","453","24898","0","942","489","10238","0.04772004241781548","0.5191082802547771"
"mixed__C__40007","27000","weapon","","core:harvest_scythe","375","63","540","46488","21486","0","1196","540","12100","0","375","147","25002","0.168","0.392"
"mixed__C__40007","27000","weapon","","core:iron_blade","1094","619","271","16121","9255","0","893","271","27006","0","1094","909","6866","0.5658135283363802","0.8308957952468007"
"mixed__C__40007","27000","weapon","","core:mill_disc","540","40","741","58091","21543","0","2335","741","21966","0","537","315","36548","0.07407407407407407","0.5865921787709497"
"mixed__C__40007","27000","weapon","","core:ward_orbit","1989","898","2292","134450","84592","0","2232","2292","16472","0","1966","719","49858","0.4514831573655103","0.36571719226856564"
"mixed__C__40008","27000","weapon","","core:canal_bow","846","18","234","13838","6698","0","8566","234","23570","0","843","609","7140","0.02127659574468085","0.7224199288256228"
"mixed__C__40008","27000","weapon","","core:frost_chain","882","121","296","14053","8258","0","2608","296","26264","0","878","582","5795","0.13718820861678005","0.662870159453303"
"mixed__C__40008","27000","weapon","","core:iron_blade","982","744","161","8760","3805","0","343","161","27018","0","982","870","4955","0.7576374745417516","0.8859470468431772"
"mixed__C__40008","27000","weapon","","core:mill_disc","315","66","262","18737","7080","0","714","262","14757","0","313","237","11657","0.20952380952380953","0.7571884984025559"
"mixed__C__40008","27000","weapon","","core:spore_fan","805","130","2979","192456","99733","0","2227","2979","16397","0","800","93","92723","0.16149068322981366","0.11625"
"mixed__C__40009","27000","weapon","","core:frost_chain","349","105","178","9377","5324","0","695","178","11360","0","347","169","4053","0.3008595988538682","0.48703170028818443"
"mixed__C__40009","27000","weapon","","core:iron_blade","900","864","27","989","591","0","55","27","27000","0","900","882","398","0.96","0.98"
"mixed__C__40009","27000","weapon","","core:mill_disc","493","280","813","58644","23703","0","443","813","24301","0","491","261","34941","0.5679513184584178","0.5315682281059063"
"mixed__C__40009","27000","weapon","","core:spore_fan","1634","600","4979","379912","194645","0","2565","4979","26434","0","1623","533","185267","0.3671970624235006","0.3284041897720271"
"mixed__C__40009","27000","weapon","","core:ward_orbit","1471","1308","378","14077","9788","0","228","378","26796","0","1465","1180","4289","0.8891910265125765","0.8054607508532423"
"mixed__C__40010","27000","weapon","","core:ember_wand","483","1","438","22189","13264","0","14206","438","9723","0","481","43","8925","0.002070393374741201","0.0893970893970894"
"mixed__C__40010","27000","weapon","","core:harvest_scythe","729","170","1340","87894","45407","0","2027","1340","26582","0","729","244","42487","0.23319615912208505","0.3347050754458162"
"mixed__C__40010","27000","weapon","","core:iron_blade","1009","521","481","28807","14637","0","1263","481","27016","0","1009","749","14170","0.5163528245787908","0.7423191278493558"
"mixed__C__40010","27000","weapon","","core:spore_fan","209","52","1643","83730","58410","0","637","1643","4909","0","205","22","25320","0.24880382775119617","0.1073170731707317"
"mixed__C__40010","27000","weapon","","core:ward_orbit","250","196","328","14391","10551","0","100","328","4500","0","245","90","3840","0.784","0.3673469387755102"
"mixed__C__40011","27000","weapon","","core:canal_bow","226","0","170","8198","5125","0","71188","170","6574","0","225","55","3073","0","0.24444444444444444"
"mixed__C__40011","27000","weapon","","core:harvest_scythe","643","166","943","48667","30315","0","1991","943","24114","0","643","256","18352","0.2581648522550544","0.39813374805598756"
"mixed__C__40011","27000","weapon","","core:iron_blade","979","760","84","3209","1963","0","349","84","27002","0","979","905","1246","0.7763023493360572","0.9244126659856997"
"mixed__C__40011","27000","weapon","","core:storm_fork","427","51","373","15862","11538","0","2053","373","20246","0","427","54","4324","0.11943793911007025","0.12646370023419204"
"mixed__C__40011","27000","weapon","","core:ward_orbit","1636","752","6250","225310","160767","0","2363","6250","25596","0","1630","202","64543","0.45965770171149145","0.12392638036809817"
"mixed__C__40012","27000","weapon","","core:canal_bow","1961","30","485","35528","14955","0","32169","485","26431","0","1939","1557","20573","0.015298317185109638","0.8029912325941206"
"mixed__C__40012","27000","weapon","","core:iron_blade","900","799","39","1074","734","0","231","39","27000","0","900","876","340","0.8877777777777778","0.9733333333333334"
"mixed__C__40012","27000","weapon","","core:levy_banner","561","344","2605","94727","63659","0","546","2605","22440","0","558","50","31068","0.6131907308377896","0.08960573476702509"
"mixed__C__40012","27000","weapon","","core:mill_disc","391","118","22","1000","640","0","864","22","21505","0","389","369","360","0.30179028132992325","0.9485861182519281"
"mixed__C__40012","27000","weapon","","core:spore_fan","1299","265","4936","191417","129407","0","4306","4936","24494","0","1290","231","62010","0.2040030792917629","0.17906976744186046"
"mixed__C__40013","27000","weapon","","core:iron_blade","900","866","30","1292","804","0","83","30","27000","0","900","879","488","0.9622222222222222","0.9766666666666667"
"mixed__C__40013","27000","weapon","","core:levy_banner","665","576","1169","77433","46490","0","104","1169","24750","0","663","192","30943","0.8661654135338346","0.2895927601809955"
"mixed__C__40013","27000","weapon","","core:spore_fan","1481","573","3502","281242","137480","0","2211","3502","26411","0","1476","565","143762","0.38690074274139097","0.38279132791327913"
"mixed__C__40013","27000","weapon","","core:storm_fork","557","357","212","14831","7948","0","343","212","25948","0","557","382","6883","0.6409335727109515","0.6858168761220825"
"mixed__C__40013","27000","weapon","","core:ward_orbit","1402","1277","388","19310","12101","0","168","388","23440","0","1397","1120","7209","0.9108416547788873","0.8017179670722978"
"mixed__C__40014","27000","weapon","","core:canal_bow","931","8","517","20479","14152","0","9416","517","24858","0","928","411","6327","0.008592910848549946","0.44288793103448276"
"mixed__C__40014","27000","weapon","","core:frost_chain","331","19","169","4780","3959","0","1734","169","10386","0","329","160","821","0.05740181268882175","0.48632218844984804"
"mixed__C__40014","27000","weapon","","core:iron_blade","964","671","227","8175","5373","0","529","227","27010","0","964","810","2802","0.696058091286307","0.8402489626556017"
"mixed__C__40014","27000","weapon","","core:mill_disc","250","67","488","22027","13584","0","677","488","12124","0","248","125","8443","0.268","0.5040322580645161"
"mixed__C__40014","27000","weapon","","core:spore_fan","1241","293","4994","205619","148810","0","3203","4994","24340","0","1236","201","56809","0.23609991941982272","0.16262135922330098"
"mixed__C__40015","27000","weapon","","core:harvest_scythe","534","231","561","27325","16179","0","1014","561","21360","0","534","293","11146","0.43258426966292135","0.548689138576779"
"mixed__C__40015","27000","weapon","","core:iron_blade","900","432","358","18387","9791","0","1282","358","27000","0","900","686","8596","0.48","0.7622222222222222"
"mixed__C__40015","27000","weapon","","core:mill_disc","339","15","625","32105","18619","0","2301","625","18339","0","338","131","13486","0.04424778761061947","0.3875739644970414"
"mixed__C__40015","27000","weapon","","core:storm_fork","552","72","478","22041","13587","0","2792","478","26696","0","552","74","8454","0.13043478260869565","0.13405797101449277"
"mixed__C__40015","27000","weapon","","core:ward_orbit","1354","497","5749","205641","153974","0","2621","5749","26180","0","1349","154","51667","0.3670605612998523","0.11415863602668644"
"mixed__C__40016","27000","weapon","","core:ember_wand","2855","59","677","34579","18912","0","184048","677","24828","0","2825","2148","15667","0.02066549912434326","0.7603539823008849"
"mixed__C__40016","27000","weapon","","core:frost_chain","598","31","143","6148","4048","0","2769","143","15420","0","595","452","2100","0.051839464882943144","0.7596638655462185"
"mixed__C__40016","27000","weapon","","core:harvest_scythe","760","387","449","33241","17556","0","1043","449","25930","0","760","504","15685","0.5092105263157894","0.6631578947368421"
"mixed__C__40016","27000","weapon","","core:iron_blade","1038","966","35","1268","828","0","99","35","27006","0","1038","1012","440","0.930635838150289","0.9749518304431599"
"mixed__C__40016","27000","weapon","","core:ward_orbit","2636","1228","2622","122565","79183","0","2502","2622","26766","0","2624","1114","43382","0.4658573596358118","0.4245426829268293"
"mixed__C__40017","27000","weapon","","core:canal_bow","1328","35","705","53719","20633","0","13427","705","26019","0","1321","875","33086","0.02635542168674699","0.6623769871309614"
"mixed__C__40017","27000","weapon","","core:iron_blade","900","788","58","1943","1232","0","184","58","27000","0","900","852","711","0.8755555555555555","0.9466666666666667"
"mixed__C__40017","27000","weapon","","core:levy_banner","665","373","2865","136735","97218","0","505","2865","25476","0","663","53","39517","0.5609022556390978","0.07993966817496229"
"mixed__C__40017","27000","weapon","","core:mill_disc","505","148","294","14857","8364","0","977","294","26461","0","504","365","6493","0.29306930693069305","0.7242063492063492"
"mixed__C__40017","27000","weapon","","core:ward_orbit","1188","557","3662","184158","121390","0","1475","3662","19922","0","1183","187","62768","0.46885521885521886","0.158072696534235"
"mixed__C__40018","27000","weapon","","core:canal_bow","605","3","261","20891","7189","0","44607","261","17421","0","603","342","13702","0.0049586776859504135","0.5671641791044776"
"mixed__C__40018","27000","weapon","","core:ember_wand","1300","67","504","35054","12961","0","49588","504","25839","0","1297","793","22093","0.05153846153846154","0.6114109483423285"
"mixed__C__40018","27000","weapon","","core:frost_chain","680","128","263","15828","6845","0","2244","263","24480","0","679","416","8983","0.18823529411764706","0.6126656848306333"
"mixed__C__40018","27000","weapon","","core:harvest_scythe","769","225","1443","167104","43255","0","2498","1443","26774","0","769","309","123849","0.2925877763328999","0.40182054616384916"
"mixed__C__40018","27000","weapon","","core:iron_blade","900","524","129","9174","2080","0","849","129","27000","0","900","799","7094","0.5822222222222222","0.8877777777777778"
"mixed__C__40019","27000","weapon","","core:ember_wand","2348","86","830","63320","23847","0","14373","830","26791","0","2336","1556","39473","0.036626916524701875","0.666095890410959"
"mixed__C__40019","27000","weapon","","core:harvest_scythe","753","535","246","15256","8271","0","366","246","26608","0","753","590","6985","0.7104913678618858","0.7835325365205843"
"mixed__C__40019","27000","weapon","","core:iron_blade","1035","927","43","1785","1266","0","155","43","27022","0","1035","996","519","0.8956521739130435","0.9623188405797102"
"mixed__C__40019","27000","weapon","","core:spore_fan","1858","721","4973","466328","199652","0","3071","4973","18476","0","1845","672","266676","0.38805166846071043","0.3642276422764228"
"mixed__C__40019","27000","weapon","","core:storm_fork","523","366","155","8808","4817","0","247","155","23716","0","523","368","3991","0.6998087954110899","0.7036328871892925"
"mixed__C__40020","27000","weapon","","core:ember_wand","2384","76","246","10662","6805","0","15529","246","26063","0","2365","2119","3857","0.031879194630872486","0.8959830866807611"
"mixed__C__40020","27000","weapon","","core:frost_chain","483","128","39","1358","1096","0","929","39","15042","0","480","441","262","0.2650103519668737","0.91875"
"mixed__C__40020","27000","weapon","","core:iron_blade","911","828","42","1424","770","0","118","42","27006","0","911","874","654","0.9088913282107574","0.9593852908891328"
"mixed__C__40020","27000","weapon","","core:spore_fan","1785","798","3548","175575","119211","0","2178","3548","13929","0","1762","726","56364","0.4470588235294118","0.4120317820658343"
"mixed__C__40020","27000","weapon","","core:ward_orbit","1562","1215","1144","32427","23207","0","495","1144","26768","0","1556","873","9220","0.7778489116517285","0.5610539845758354"
"mixed__C__40021","27000","weapon","","core:canal_bow","1045","3","416","25066","11508","0","123328","416","26702","0","1041","625","13558","0.0028708133971291866","0.6003842459173871"
"mixed__C__40021","27000","weapon","","core:ember_wand","1649","1","640","40824","18950","0","84083","640","23092","0","1644","1004","21874","0.0006064281382656155","0.610705596107056"
"mixed__C__40021","27000","weapon","","core:frost_chain","930","2","381","22404","11167","0","10523","381","24306","0","926","545","11237","0.002150537634408602","0.5885529157667386"
"mixed__C__40021","27000","weapon","","core:harvest_scythe","729","54","1414","96982","54856","0","3625","1414","26504","0","729","216","42126","0.07407407407407407","0.2962962962962963"
"mixed__C__40021","27000","weapon","","core:iron_blade","1023","443","356","20197","11421","0","1713","356","27014","0","1023","805","8776","0.43304007820136853","0.7869012707722385"
"mixed__C__40022","27000","weapon","","core:ember_wand","1588","19","765","76935","22617","0","16133","765","23857","0","1583","818","54318","0.011964735516372796","0.5167403663929249"
"mixed__C__40022","27000","weapon","","core:harvest_scythe","701","359","556","58889","18612","0","767","556","24980","0","701","411","40277","0.5121255349500713","0.5863052781740371"
"mixed__C__40022","27000","weapon","","core:iron_blade","1037","857","120","7934","2937","0","324","120","27010","0","1037","959","4997","0.8264223722275795","0.9247830279652844"
"mixed__C__40022","27000","weapon","","core:spore_fan","1086","165","4746","527622","181187","0","3664","4746","19119","0","1080","124","346435","0.15193370165745856","0.11481481481481481"
"mixed__C__40022","27000","weapon","","core:ward_orbit","2034","1404","1403","114364","40672","0","1062","1403","26466","0","2025","1181","73692","0.6902654867256637","0.5832098765432099"
"mixed__C__40023","27000","weapon","","core:canal_bow","1198","15","814","63973","23528","0","9184","814","26131","0","1192","792","40445","0.012520868113522538","0.6644295302013423"
"mixed__C__40023","27000","weapon","","core:frost_chain","790","260","208","9281","5743","0","1195","208","26634","0","787","579","3538","0.3291139240506329","0.735705209656925"
"mixed__C__40023","27000","weapon","","core:iron_blade","933","840","55","2570","1640","0","164","55","27002","0","933","888","930","0.9003215434083601","0.9517684887459807"
"mixed__C__40023","27000","weapon","","core:spore_fan","1235","505","2823","190682","114134","0","1682","2823","24847","0","1229","440","76548","0.4089068825910931","0.3580146460537022"
"mixed__C__40023","27000","weapon","","core:storm_fork","431","267","159","8672","5882","0","270","159","21550","0","431","272","2790","0.6194895591647331","0.6310904872389791"
"mixed__C__40024","27000","weapon","","core:canal_bow","1378","55","569","39289","16180","0","11777","569","26580","0","1370","961","23109","0.03991291727140784","0.7014598540145985"
"mixed__C__40024","27000","weapon","","core:iron_blade","972","821","87","4161","1870","0","251","87","27002","0","972","911","2291","0.8446502057613169","0.9372427983539094"
"mixed__C__40024","27000","weapon","","core:levy_banner","698","419","2315","116448","76942","0","466","2315","24538","0","695","72","39506","0.6002865329512894","0.10359712230215827"
"mixed__C__40024","27000","weapon","","core:mill_disc","392","143","224","12661","6055","0","545","224","20456","0","390","323","6606","0.3647959183673469","0.8282051282051283"
"mixed__C__40024","27000","weapon","","core:ward_orbit","1455","1109","1577","60896","38981","0","478","1577","26190","0","1450","579","21915","0.7621993127147766","0.3993103448275862"
"mixed__C__40025","27000","weapon","","core:ember_wand","140","0","104","4377","2999","0","11192","104","2520","0","139","35","1378","0","0.2517985611510791"
"mixed__C__40025","27000","weapon","","core:harvest_scythe","803","190","1348","74464","41215","0","2173","1348","25866","0","803","286","33249","0.23661270236612703","0.3561643835616438"
"mixed__C__40025","27000","weapon","","core:iron_blade","1110","866","160","6518","3428","0","376","160","27008","0","1110","995","3090","0.7801801801801802","0.8963963963963963"
"mixed__C__40025","27000","weapon","","core:storm_fork","390","53","486","24979","14733","0","1417","486","15490","0","390","72","10246","0.1358974358974359","0.18461538461538463"
"mixed__C__40025","27000","weapon","","core:ward_orbit","1901","1180","2051","54725","38503","0","1380","2051","26438","0","1894","836","16222","0.6207259337190952","0.44139387539598735"
"mixed__C__40026","27000","weapon","","core:ember_wand","1719","5","873","71799","26230","0","134271","873","24871","0","1707","1028","45569","0.0029086678301337987","0.6022261277094317"
"mixed__C__40026","27000","weapon","","core:frost_chain","718","56","251","13551","7277","0","3290","251","22970","0","715","464","6274","0.07799442896935933","0.6489510489510489"
"mixed__C__40026","27000","weapon","","core:iron_blade","960","720","144","7284","3671","0","510","144","27024","0","960","863","3613","0.75","0.8989583333333333"
"mixed__C__40026","27000","weapon","","core:storm_fork","537","114","413","24002","14329","0","1111","413","25830","0","537","124","9673","0.2122905027932961","0.2309124767225326"
"mixed__C__40026","27000","weapon","","core:ward_orbit","1334","776","2276","123957","78876","0","964","2276","22282","0","1328","361","45081","0.5817091454272864","0.27183734939759036"
"mixed__C__40027","27000","weapon","","core:canal_bow","1213","18","400","28194","11698","0","11278","400","24008","0","1205","805","16496","0.01483924154987634","0.6680497925311203"
"mixed__C__40027","27000","weapon","","core:ember_wand","2630","64","897","61654","26148","0","20753","897","26204","0","2608","1711","35506","0.024334600760456272","0.656058282208589"
"mixed__C__40027","27000","weapon","","core:harvest_scythe","686","467","320","20597","9828","0","353","320","24788","0","686","478","10769","0.6807580174927114","0.6967930029154519"
"mixed__C__40027","27000","weapon","","core:iron_blade","1027","868","101","5616","3009","0","244","101","27000","0","1027","950","2607","0.8451801363193768","0.9250243427458618"
"mixed__C__40027","27000","weapon","","core:levy_banner","736","535","2845","167904","102899","0","323","2845","26478","0","734","47","65005","0.7269021739130435","0.06403269754768393"
"mixed__C__40028","27000","weapon","","core:canal_bow","985","5","317","19197","10653","0","16889","317","22106","0","980","728","8544","0.005076142131979695","0.7428571428571429"
"mixed__C__40028","27000","weapon","","core:ember_wand","985","8","145","6124","4642","0","11632","145","18352","0","979","834","1482","0.008121827411167513","0.8518896833503575"
"mixed__C__40028","27000","weapon","","core:iron_blade","965","502","460","25821","13177","0","1095","460","27006","0","965","700","12644","0.5202072538860104","0.7253886010362695"
"mixed__C__40028","27000","weapon","","core:levy_banner","727","249","4801","220632","156506","0","1393","4801","26200","0","724","25","64126","0.3425034387895461","0.034530386740331494"
"mixed__C__40028","27000","weapon","","core:ward_orbit","1488","636","2668","97506","70264","0","2183","2668","24984","0","1483","398","27242","0.4274193548387097","0.2683749157113958"
"mixed__C__40029","27000","weapon","","core:canal_bow","768","0","301","14896","8709","0","14023","301","18069","0","764","463","6187","0","0.606020942408377"
"mixed__C__40029","27000","weapon","","core:ember_wand","1748","65","709","27148","18023","0","17960","709","26735","0","1742","1033","9125","0.03718535469107551","0.5929965556831228"
"mixed__C__40029","27000","weapon","","core:iron_blade","1070","499","557","29764","16967","0","1447","557","27006","0","1070","754","12797","0.4663551401869159","0.7046728971962617"
"mixed__C__40029","27000","weapon","","core:levy_banner","440","148","4491","170849","122799","0","773","4491","15840","0","438","2","48050","0.33636363636363636","0.0045662100456621"
"mixed__C__40029","27000","weapon","","core:ward_orbit","771","244","3911","148335","105195","0","1345","3911","12336","0","765","23","43140","0.3164721141374838","0.030065359477124184"
"mixed__C__40030","27000","weapon","","core:canal_bow","1000","31","623","48856","17495","0","9949","623","22640","0","994","580","31361","0.031","0.5835010060362174"
"mixed__C__40030","27000","weapon","","core:ember_wand","1538","111","768","46366","20603","0","9893","768","26484","0","1530","874","25763","0.07217165149544863","0.5712418300653594"
"mixed__C__40030","27000","weapon","","core:harvest_scythe","703","319","769","48265","25091","0","933","769","25646","0","703","343","23174","0.45376955903271693","0.4879089615931721"
"mixed__C__40030","27000","weapon","","core:iron_blade","964","774","146","6598","3296","0","341","146","27010","0","964","858","3302","0.8029045643153527","0.8900414937759336"
"mixed__C__40030","27000","weapon","","core:levy_banner","725","484","3377","169426","106703","0","390","3377","26178","0","722","50","62723","0.6675862068965517","0.06925207756232687"
"mixed__C__40031","27000","weapon","","core:canal_bow","1101","57","509","25315","14216","0","6499","509","26219","0","1098","589","11099","0.051771117166212535","0.5364298724954463"
"mixed__C__40031","27000","weapon","","core:iron_blade","1194","979","161","11470","5197","0","361","161","27012","0","1194","1079","6273","0.8199329983249581","0.9036850921273032"
"mixed__C__40031","27000","weapon","","core:spore_fan","1451","566","3132","143699","97298","0","1839","3132","26702","0","1444","478","46401","0.39007580978635426","0.33102493074792244"
"mixed__C__40031","27000","weapon","","core:storm_fork","649","332","318","17302","9322","0","554","318","26522","0","649","351","7980","0.5115562403697997","0.5408320493066255"
"mixed__C__40031","27000","weapon","","core:ward_orbit","1548","1163","919","44240","24768","0","537","919","20502","0","1540","936","19472","0.7512919896640827","0.6077922077922078"
"people__A__40000","27000","weapon","","core:ember_wand","4968","103","1085","80352","32229","0","45557","1085","26489","0","4892","4242","48123","0.02073268921095008","0.8671300081766149"
"people__A__40000","27000","weapon","","core:harvest_scythe","762","388","595","41759","22794","0","784","595","26770","0","762","444","18965","0.5091863517060368","0.5826771653543307"
"people__A__40000","27000","weapon","","core:iron_blade","1033","914","52","2268","1241","0","178","52","27000","0","1033","989","1027","0.8848015488867377","0.957405614714424"
"people__A__40000","27000","weapon","","core:levy_banner","817","457","2822","158372","102213","0","686","2822","26176","0","813","82","56159","0.5593635250917993","0.1008610086100861"
"people__A__40000","27000","weapon","","core:ward_orbit","1649","1197","1362","53867","38292","0","673","1362","25830","0","1642","814","15575","0.7258944815039418","0.49573690621193667"
"people__A__40001","27000","weapon","","core:iron_blade","989","895","52","1425","887","0","135","52","27018","0","989","943","538","0.9049544994944388","0.9534883720930233"
"people__A__40001","27000","weapon","","core:levy_banner","600","496","1149","33587","25158","0","138","1149","20008","0","597","161","8429","0.8266666666666667","0.2696817420435511"
"people__A__40001","27000","weapon","","core:mill_disc","465","316","593","17108","13641","0","230","593","24437","0","463","275","3467","0.6795698924731183","0.593952483801296"
"people__A__40001","27000","weapon","","core:spore_fan","1578","449","4917","216358","150210","0","2585","4917","26493","0","1573","412","66148","0.28453738910012677","0.2619198982835346"
"people__A__40001","27000","weapon","","core:ward_orbit","1251","1084","525","8382","6808","0","210","525","21956","0","1246","875","1574","0.8665067945643485","0.702247191011236"
"people__A__40002","27000","weapon","","core:ember_wand","1454","175","383","17188","10683","0","4988","383","22202","0","1446","1063","6505","0.1203576341127923","0.7351313969571232"
"people__A__40002","27000","weapon","","core:iron_blade","1075","934","84","4010","2194","0","185","84","27000","0","1075","1005","1816","0.8688372093023256","0.9348837209302325"
"people__A__40002","27000","weapon","","core:levy_banner","904","616","2000","107458","63888","0","472","2000","26638","0","900","150","43570","0.6814159292035398","0.16666666666666666"
"people__A__40002","27000","weapon","","core:mill_disc","619","318","348","19464","10041","0","540","348","25653","0","617","496","9423","0.5137318255250404","0.8038897893030794"
"people__A__40002","27000","weapon","","core:spore_fan","1365","545","2417","122329","76202","0","1772","2417","25188","0","1359","530","46127","0.3992673992673993","0.3899926416482708"
"people__A__40003","27000","weapon","","core:canal_bow","918","8","202","8196","4937","0","97100","202","22663","0","914","712","3259","0.008714596949891068","0.7789934354485777"
"people__A__40003","27000","weapon","","core:ember_wand","1552","32","526","19645","11428","0","97794","526","26218","0","1546","1100","8217","0.020618556701030927","0.7115135834411385"
"people__A__40003","27000","weapon","","core:frost_chain","1025","57","266","6008","5216","0","8615","266","26654","0","1021","755","792","0.055609756097560976","0.7394711067580804"
"people__A__40003","27000","weapon","","core:harvest_scythe","639","140","821","27935","23100","0","1985","821","24570","0","639","267","4835","0.2190923317683881","0.41784037558685444"
"people__A__40003","27000","weapon","","core:iron_blade","1049","320","607","29660","17413","0","2974","607","27006","0","1049","726","12247","0.30505243088655865","0.6920877025738799"
"people__A__40004","27000","weapon","","core:frost_chain","1252","598","765","22904","18245","0","1175","765","26226","0","1243","671","4659","0.4776357827476038","0.5398230088495575"
"people__A__40004","27000","weapon","","core:harvest_scythe","809","754","55","1577","1066","0","66","55","26498","0","809","762","511","0.9320148331273177","0.9419035846724351"
"people__A__40004","27000","weapon","","core:iron_blade","1248","1200","19","490","337","0","71","19","27010","0","1248","1232","153","0.9615384615384616","0.9871794871794872"
"people__A__40004","27000","weapon","","core:mill_disc","628","510","118","4574","3554","0","178","118","26770","0","625","533","1020","0.8121019108280255","0.8528"
"people__A__40004","27000","weapon","","core:spore_fan","10283","8196","6951","275932","197351","0","2921","6951","25828","0","10194","8055","78581","0.7970436643003015","0.7901706886403767"
"people__A__40005","27000","weapon","","core:ember_wand","1262","116","525","17087","12498","0","6498","525","22082","0","1254","746","4589","0.0919175911251981","0.594896331738437"
"people__A__40005","27000","weapon","","core:harvest_scythe","755","322","780","41857","25734","0","949","780","25938","0","755","364","16123","0.42649006622516555","0.4821192052980132"
"people__A__40005","27000","weapon","","core:iron_blade","1136","680","404","26305","12475","0","989","404","27000","0","1136","890","13830","0.5985915492957746","0.7834507042253521"
"people__A__40005","27000","weapon","","core:levy_banner","940","450","3343","155843","109963","0","887","3343","26440","0","936","113","45880","0.4787234042553192","0.12072649572649573"
"people__A__40005","27000","weapon","","core:ward_orbit","1730","1223","1444","31666","25231","0","794","1444","26550","0","1724","867","6435","0.706936416184971","0.5029002320185615"
"people__A__40006","27000","weapon","","core:ember_wand","1604","135","495","13530","10638","0","5149","495","22516","0","1604","1109","2892","0.08416458852867831","0.6913965087281796"
"people__A__40006","27000","weapon","","core:frost_chain","1105","413","621","21906","16625","0","1356","621","24882","0","1104","663","5281","0.3737556561085973","0.6005434782608695"
"people__A__40006","27000","weapon","","core:iron_blade","1019","944","34","897","607","0","113","34","27020","0","1019","992","290","0.9263984298331698","0.9735034347399412"
"people__A__40006","27000","weapon","","core:spore_fan","5567","3892","5805","260759","185164","0","2698","5805","26579","0","5489","3786","75595","0.6991198131848392","0.6897431226088541"
"people__A__40006","27000","weapon","","core:ward_orbit","1866","1676","393","6726","5515","0","245","393","23464","0","1859","1577","1211","0.8981779206859593","0.8483055406132329"
"people__A__40007","27000","weapon","","core:ember_wand","3943","125","905","46368","24871","0","23676","905","22770","0","3913","3015","21497","0.0317017499365965","0.7705085612062357"
"people__A__40007","27000","weapon","","core:harvest_scythe","879","572","447","22981","11884","0","520","447","24830","0","879","600","11097","0.6507394766780432","0.6825938566552902"
"people__A__40007","27000","weapon","","core:iron_blade","1479","1273","115","4926","2720","0","339","115","27006","0","1479","1402","2206","0.8607167004732927","0.9479377958079783"
"people__A__40007","27000","weapon","","core:levy_banner","1321","681","3709","206351","122678","0","1220","3709","26378","0","1314","146","83673","0.5155185465556397","0.1111111111111111"
"people__A__40007","27000","weapon","","core:storm_fork","768","274","572","30871","17562","0","1097","572","26236","0","768","284","13309","0.3567708333333333","0.3697916666666667"
"people__A__40008","27000","weapon","","core:canal_bow","870","0","227","11325","6326","0","109509","227","18595","0","866","639","4999","0","0.7378752886836027"
"people__A__40008","27000","weapon","","core:ember_wand","2014","14","553","26675","14974","0","182774","553","23998","0","2004","1451","11701","0.006951340615690168","0.7240518962075848"
"people__A__40008","27000","weapon","","core:harvest_scythe","612","144","788","35276","25185","0","1703","788","24480","0","612","246","10091","0.23529411764705882","0.4019607843137255"
"people__A__40008","27000","weapon","","core:iron_blade","915","364","347","15903","9870","0","1568","347","27006","0","915","696","6033","0.3978142076502732","0.760655737704918"
"people__A__40008","27000","weapon","","core:mill_disc","490","76","402","19403","11217","0","2063","402","25810","0","488","343","8186","0.15510204081632653","0.7028688524590164"
"people__A__40009","27000","weapon","","core:ember_wand","1668","257","400","13903","10303","0","3725","400","23481","0","1661","1261","3600","0.15407673860911272","0.7591812161348586"
"people__A__40009","27000","weapon","","core:frost_chain","1301","564","833","39719","25720","0","1297","833","26104","0","1294","792","13999","0.4335126825518832","0.6120556414219475"
"people__A__40009","27000","weapon","","core:iron_blade","975","940","17","450","376","0","50","17","27004","0","975","964","74","0.9641025641025641","0.9887179487179487"
"people__A__40009","27000","weapon","","core:spore_fan","3303","1916","4944","245239","161675","0","2217","4944","26436","0","3285","1839","83564","0.5800787163184984","0.5598173515981735"
"people__A__40009","27000","weapon","","core:ward_orbit","2536","2367","326","7367","5283","0","213","326","26790","0","2525","2273","2084","0.9333596214511041","0.9001980198019802"
"people__A__40010","27000","weapon","","core:canal_bow","768","43","310","7811","5952","0","4050","310","24629","0","765","455","1859","0.055989583333333336","0.5947712418300654"
"people__A__40010","27000","weapon","","core:harvest_scythe","712","390","454","17422","11723","0","595","454","26582","0","712","435","5699","0.547752808988764","0.6109550561797753"
"people__A__40010","27000","weapon","","core:iron_blade","1023","743","219","9017","5290","0","475","219","27018","0","1023","865","3727","0.7262952101661779","0.8455522971652004"
"people__A__40010","27000","weapon","","core:levy_banner","1005","412","4052","200190","130698","0","1225","4052","25906","0","1000","56","69492","0.4099502487562189","0.056"
"people__A__40010","27000","weapon","","core:mill_disc","580","248","692","24113","15562","0","658","692","26186","0","578","349","8551","0.42758620689655175","0.6038062283737025"
"people__A__40011","27000","weapon","","core:ember_wand","1734","203","809","24315","19576","0","5527","809","26699","0","1729","920","4739","0.11707035755478662","0.5320994794679005"
"people__A__40011","27000","weapon","","core:iron_blade","900","873","13","322","284","0","50","13","27000","0","900","891","38","0.97","0.99"
"people__A__40011","27000","weapon","","core:spore_fan","1957","901","4599","202968","153621","0","2023","4599","26604","0","1946","809","49347","0.46039856923863054","0.4157245632065776"
"people__A__40011","27000","weapon","","core:storm_fork","679","311","892","60557","33585","0","909","892","26180","0","679","334","26972","0.4580265095729013","0.49189985272459497"
"people__A__40011","27000","weapon","","core:ward_orbit","1407","1236","374","8702","6548","0","217","374","26530","0","1402","1120","2154","0.8784648187633263","0.7988587731811697"
"people__A__40012","27000","weapon","","core:harvest_scythe","614","339","424","23778","12241","0","608","424","23640","0","614","386","11537","0.5521172638436482","0.6286644951140065"
"people__A__40012","27000","weapon","","core:iron_blade","939","645","194","9751","5650","0","659","194","27002","0","939","809","4101","0.6869009584664537","0.8615548455804047"
"people__A__40012","27000","weapon","","core:mill_disc","548","128","221","11213","6747","0","1444","221","26582","0","546","399","4466","0.23357664233576642","0.7307692307692307"
"people__A__40012","27000","weapon","","core:storm_fork","606","130","908","50762","28748","0","1625","908","25914","0","606","130","22014","0.2145214521452145","0.2145214521452145"
"people__A__40012","27000","weapon","","core:ward_orbit","1245","895","1268","42743","27378","0","566","1268","22410","0","1240","530","15365","0.7188755020080321","0.4274193548387097"
"people__A__40013","27000","weapon","","core:canal_bow","1195","92","264","12622","7996","0","4188","264","22402","0","1194","930","4626","0.07698744769874477","0.7788944723618091"
"people__A__40013","27000","weapon","","core:iron_blade","1407","1361","29","1020","708","0","88","29","27000","0","1407","1385","312","0.9673063255152807","0.984363894811656"
"people__A__40013","27000","weapon","","core:spore_fan","7990","6430","5030","323453","192481","0","2323","5030","26399","0","7901","6284","130972","0.804755944931164","0.7953423617263637"
"people__A__40013","27000","weapon","","core:storm_fork","781","653","159","8081","4855","0","171","159","25936","0","781","656","3226","0.8361075544174136","0.8399487836107554"
"people__A__40013","27000","weapon","","core:ward_orbit","3580","3550","59","1940","1340","0","33","59","18584","0","3574","3524","600","0.9916201117318436","0.9860100727476218"
"people__A__40014","27000","weapon","","core:canal_bow","1978","0","743","52779","20256","0","400314","743","24070","0","1948","1561","32523","0","0.8013347022587269"
"people__A__40014","27000","weapon","","core:ember_wand","2580","6","472","20988","11634","0","259700","472","26759","0","2563","2091","9354","0.002325581395348837","0.815840811548966"
"people__A__40014","27000","weapon","","core:frost_chain","1209","12","449","19402","12926","0","11093","449","26582","0","1208","837","6476","0.009925558312655087","0.6928807947019867"
"people__A__40014","27000","weapon","","core:iron_blade","1111","446","305","12675","8328","0","1496","305","27022","0","1111","888","4347","0.4014401440144014","0.7992799279927992"
"people__A__40014","27000","weapon","","core:mill_disc","549","24","108","5922","2660","0","3459","108","21943","0","547","498","3262","0.04371584699453552","0.9104204753199269"
"people__A__40015","27000","weapon","","core:canal_bow","771","12","188","9608","5090","0","45928","188","20495","0","768","580","4518","0.01556420233463035","0.7552083333333334"
"people__A__40015","27000","weapon","","core:ember_wand","1516","95","687","41811","19499","0","78800","687","26039","0","1508","1047","22312","0.06266490765171503","0.6942970822281167"
"people__A__40015","27000","weapon","","core:iron_blade","912","456","308","17549","9782","0","1230","308","27014","0","912","720","7767","0.5","0.7894736842105263"
"people__A__40015","27000","weapon","","core:mill_disc","509","123","252","14929","6822","0","1738","252","24759","0","507","389","8107","0.24165029469548133","0.7672583826429981"
"people__A__40015","27000","weapon","","core:storm_fork","601","121","1016","62399","30368","0","2017","1016","25350","0","601","118","32031","0.20133111480865223","0.19633943427620631"
"people__A__40016","27000","weapon","","core:ember_wand","9645","22","683","26389","18995","0","686272","683","24826","0","9556","8874","7394","0.0022809745982374286","0.9286312264545835"
"people__A__40016","27000","weapon","","core:frost_chain","905","89","426","17782","13595","0","3739","426","23772","0","903","566","4187","0.09834254143646409","0.6267995570321152"
"people__A__40016","27000","weapon","","core:harvest_scythe","931","164","1535","143018","53281","0","4144","1535","25912","0","931","344","89737","0.1761546723952739","0.3694951664876477"
"people__A__40016","27000","weapon","","core:iron_blade","1129","786","82","4227","2247","0","558","82","27016","0","1129","1066","1980","0.6961913197519929","0.9441984056687334"
"people__A__40016","27000","weapon","","core:ward_orbit","2110","1135","2169","80005","50390","0","1841","2169","26766","0","2101","883","29615","0.5379146919431279","0.42027605901951454"
"people__A__40017","27000","weapon","","core:canal_bow","1509","46","551","39692","15700","0","13989","551","26104","0","1506","955","23992","0.030483764082173626","0.6341301460823373"
"people__A__40017","27000","weapon","","core:frost_chain","744","139","248","13006","7157","0","2409","248","21150","0","741","493","5849","0.1868279569892473","0.6653171390013495"
"people__A__40017","27000","weapon","","core:iron_blade","975","713","218","12208","5922","0","496","218","27024","0","975","830","6286","0.7312820512820513","0.8512820512820513"
"people__A__40017","27000","weapon","","core:levy_banner","986","418","3857","288564","151822","0","1497","3857","25624","0","982","71","136742","0.4239350912778905","0.07230142566191446"
"people__A__40017","27000","weapon","","core:storm_fork","636","166","840","61089","28788","0","1422","840","26516","0","636","174","32301","0.2610062893081761","0.27358490566037735"
"people__A__40018","27000","weapon","","core:harvest_scythe","683","509","221","14744","6915","0","292","221","26766","0","683","532","7829","0.7452415812591509","0.7789165446559297"
"people__A__40018","27000","weapon","","core:iron_blade","900","814","40","1397","553","0","160","40","27000","0","900","870","844","0.9044444444444445","0.9666666666666667"
"people__A__40018","27000","weapon","","core:levy_banner","676","602","1183","75271","46069","0","108","1183","25428","0","673","185","29202","0.8905325443786982","0.274888558692422"
"people__A__40018","27000","weapon","","core:spore_fan","1257","373","3939","348030","153719","0","2494","3939","21424","0","1250","367","194311","0.2967382657120127","0.2936"
"people__A__40018","27000","weapon","","core:storm_fork","532","325","360","28353","13856","0","421","360","24412","0","532","329","14497","0.6109022556390977","0.618421052631579"
"people__A__40019","27000","weapon","","core:ember_wand","3652","54","685","27819","17718","0","264415","685","26790","0","3638","2953","10101","0.014786418400876232","0.8117097306212204"
"people__A__40019","27000","weapon","","core:harvest_scythe","1119","337","477","24791","13997","0","2126","477","26616","0","1119","827","10794","0.30116175156389635","0.7390527256478999"
"people__A__40019","27000","weapon","","core:iron_blade","5540","704","751","68896","28643","0","29402","751","27000","0","5540","4974","40253","0.12707581227436823","0.8978339350180505"
"people__A__40019","27000","weapon","","core:storm_fork","680","237","177","4910","3450","0","968","177","25924","0","680","503","1460","0.34852941176470587","0.7397058823529412"
"people__A__40019","27000","weapon","","core:ward_orbit","13613","4714","3205","100626","70195","0","18726","3205","26171","0","13568","11085","30431","0.34628663777271723","0.8169958726415094"
"people__A__40020","27000","weapon","","core:canal_bow","902","15","184","9959","5893","0","8105","184","22388","0","897","732","4066","0.01662971175166297","0.8160535117056856"
"people__A__40020","27000","weapon","","core:harvest_scythe","678","342","450","19246","12122","0","632","450","26726","0","678","407","7124","0.504424778761062","0.6002949852507374"
"people__A__40020","27000","weapon","","core:iron_blade","900","868","22","733","454","0","45","22","27000","0","900","879","279","0.9644444444444444","0.9766666666666667"
"people__A__40020","27000","weapon","","core:levy_banner","705","483","3244","106167","78337","0","360","3244","26790","0","702","45","27830","0.6851063829787234","0.0641025641025641"
"people__A__40020","27000","weapon","","core:ward_orbit","1549","815","2972","95483","68899","0","1409","2972","26544","0","1542","423","26584","0.5261459005810201","0.27431906614785995"
"people__A__40021","27000","weapon","","core:canal_bow","2845","53","508","27089","14344","0","22629","508","26705","0","2812","2453","12745","0.018629173989455183","0.8723328591749644"
"people__A__40021","27000","weapon","","core:frost_chain","1058","178","816","36113","26782","0","2628","816","26496","0","1053","597","9331","0.16824196597353497","0.5669515669515669"
"people__A__40021","27000","weapon","","core:iron_blade","980","803","107","3239","2206","0","401","107","27014","0","980","910","1033","0.8193877551020409","0.9285714285714286"
"people__A__40021","27000","weapon","","core:spore_fan","2026","922","4572","229799","149846","0","2125","4572","20186","0","2011","898","79953","0.4550839091806515","0.44654400795624066"
"people__A__40021","27000","weapon","","core:storm_fork","577","314","262","8591","6284","0","600","262","26584","0","577","315","2307","0.5441941074523396","0.5459272097053726"
"people__A__40022","27000","weapon","","core:canal_bow","6086","62","599","27610","15763","0","68023","599","26579","0","6018","5650","11847","0.010187315149523497","0.9388501163177135"
"people__A__40022","27000","weapon","","core:frost_chain","1154","195","105","2284","2012","0","3684","105","26476","0","1147","1042","272","0.16897746967071056","0.9084568439407149"
"people__A__40022","27000","weapon","","core:iron_blade","1211","703","445","18210","11927","0","1104","445","27004","0","1211","951","6283","0.5805119735755574","0.7853014037985137"
"people__A__40022","27000","weapon","","core:levy_banner","906","348","4649","149527","111301","0","1259","4649","25754","0","901","44","38226","0.3841059602649007","0.048834628190899"
"people__A__40022","27000","weapon","","core:mill_disc","627","198","212","7371","4517","0","1311","212","26083","0","624","567","2854","0.3157894736842105","0.9086538461538461"
"people__A__40023","27000","weapon","","core:ember_wand","3125","97","759","56716","22873","0","18373","759","24149","0","3096","2512","33843","0.03104","0.8113695090439277"
"people__A__40023","27000","weapon","","core:harvest_scythe","444","298","182","10965","5908","0","221","182","15300","0","444","319","5057","0.6711711711711712","0.7184684684684685"
"people__A__40023","27000","weapon","","core:iron_blade","1100","778","236","15536","8182","0","551","236","27008","0","1100","948","7354","0.7072727272727273","0.8618181818181818"
"people__A__40023","27000","weapon","","core:levy_banner","783","468","2587","144137","91368","0","550","2587","26474","0","779","74","52769","0.5977011494252874","0.09499358151476252"
"people__A__40023","27000","weapon","","core:storm_fork","515","209","303","17612","10167","0","591","303","22798","0","515","212","7445","0.4058252427184466","0.4116504854368932"
"people__A__40024","27000","weapon","","core:canal_bow","2159","48","311","13626","8320","0","16625","311","26171","0","2144","1840","5306","0.0222325150532654","0.8582089552238806"
"people__A__40024","27000","weapon","","core:ember_wand","7598","204","709","30345","19769","0","44130","709","25620","0","7545","6867","10576","0.026849170834430114","0.9101391650099404"
"people__A__40024","27000","weapon","","core:iron_blade","1799","1626","79","2466","1545","0","247","79","27004","0","1799","1740","921","0.9038354641467482","0.9672040022234575"
"people__A__40024","27000","weapon","","core:spore_fan","3829","2147","5607","203884","150446","0","3032","5607","26477","0","3744","2053","53438","0.5607208148341604","0.5483440170940171"
"people__A__40024","27000","weapon","","core:ward_orbit","12148","9417","1254","37376","24774","0","3983","1254","21719","0","12125","11085","12602","0.7751893315772144","0.9142268041237114"
"people__A__40025","27000","weapon","","core:frost_chain","962","210","403","23909","12015","0","2579","403","23368","0","958","555","11894","0.2182952182952183","0.5793319415448852"
"people__A__40025","27000","weapon","","core:iron_blade","1079","832","160","11426","5279","0","434","160","27002","0","1079","957","6147","0.7710843373493976","0.8869323447636701"
"people__A__40025","27000","weapon","","core:levy_banner","739","504","2193","141214","84055","0","354","2193","24854","0","735","106","57159","0.6820027063599459","0.14421768707482993"
"people__A__40025","27000","weapon","","core:storm_fork","584","225","415","30416","16336","0","879","415","24524","0","584","252","14080","0.3852739726027397","0.4315068493150685"
"people__A__40025","27000","weapon","","core:ward_orbit","2699","1791","2142","123626","69657","0","1520","2142","25862","0","2676","1380","53969","0.6635791033716191","0.515695067264574"
"people__A__40026","27000","weapon","","core:frost_chain","1136","190","654","21143","15039","0","3609","654","22602","0","1136","482","6104","0.16725352112676056","0.4242957746478873"
"people__A__40026","27000","weapon","","core:harvest_scythe","961","463","462","26070","13522","0","975","462","23296","0","961","662","12548","0.481789802289282","0.6888657648283039"
"people__A__40026","27000","weapon","","core:iron_blade","2401","1694","263","15242","7518","0","1112","263","27000","0","2401","2199","7724","0.7055393586005831","0.9158683881715952"
"people__A__40026","27000","weapon","","core:levy_banner","939","757","2588","89432","63142","0","248","2588","24938","0","939","231","26290","0.8061767838125665","0.24600638977635783"
"people__A__40026","27000","weapon","","core:ward_orbit","9514","5347","2339","87223","53967","0","7034","2339","26443","0","9444","7633","33256","0.5620138742905192","0.8082380347310462"
"people__A__40027","27000","weapon","","core:ember_wand","10559","969","1321","72154","37964","0","32843","1321","21585","0","10471","9174","34190","0.09177005398238469","0.87613408461465"
"people__A__40027","27000","weapon","","core:harvest_scythe","884","693","218","9707","6416","0","389","218","26116","0","884","743","3291","0.7839366515837104","0.8404977375565611"
"people__A__40027","27000","weapon","","core:iron_blade","1424","1246","135","4979","3249","0","379","135","27004","0","1424","1341","1730","0.875","0.9417134831460674"
"people__A__40027","27000","weapon","","core:spore_fan","9534","7896","5219","306917","199198","0","2438","5219","20372","0","9480","7820","107719","0.8281938325991189","0.8248945147679325"
"people__A__40027","27000","weapon","","core:storm_fork","491","400","85","3899","2537","0","149","85","18378","0","491","406","1362","0.814663951120163","0.8268839103869654"
"people__A__40028","27000","weapon","","core:ember_wand","3323","43","251","9892","6952","0","28053","251","25667","0","3278","3038","2940","0.012940114354498947","0.9267846247712019"
"people__A__40028","27000","weapon","","core:frost_chain","1235","77","1017","40170","29769","0","6312","1017","22682","0","1226","704","10401","0.062348178137651825","0.5742251223491027"
"people__A__40028","27000","weapon","","core:iron_blade","1331","546","573","25678","15456","0","1686","573","27000","0","1331","962","10222","0.41021788129226144","0.7227648384673178"
"people__A__40028","27000","weapon","","core:levy_banner","928","282","5592","190562","138132","0","1563","5592","26190","0","924","18","52430","0.30387931034482757","0.01948051948051948"
"people__A__40028","27000","weapon","","core:mill_disc","594","79","44","1730","995","0","1658","44","25352","0","592","557","735","0.132996632996633","0.9408783783783784"
"people__A__40029","27000","weapon","","core:ember_wand","1528","154","357","19744","10051","0","5482","357","26730","0","1523","1166","9693","0.10078534031413612","0.7655942219304005"
"people__A__40029","27000","weapon","","core:iron_blade","900","828","51","2215","1094","0","130","51","27000","0","900","862","1121","0.92","0.9577777777777777"
"people__A__40029","27000","weapon","","core:mill_disc","500","301","157","10306","4559","0","372","157","24034","0","498","421","5747","0.602","0.8453815261044176"
"people__A__40029","27000","weapon","","core:spore_fan","1659","470","4933","330715","183000","0","2776","4933","26494","0","1652","408","147715","0.2833031946955998","0.2469733656174334"
"people__A__40029","27000","weapon","","core:storm_fork","361","296","62","3310","2125","0","82","62","17958","0","361","299","1185","0.8199445983379502","0.8282548476454293"
"people__A__40030","27000","weapon","","core:frost_chain","1025","130","539","22547","15016","0","3609","539","26678","0","1021","482","7531","0.12682926829268293","0.4720861900097943"
"people__A__40030","27000","weapon","","core:iron_blade","1272","852","240","14092","6778","0","721","240","27010","0","1272","1109","7314","0.6698113207547169","0.8718553459119497"
"people__A__40030","27000","weapon","","core:levy_banner","868","485","3193","142438","98973","0","741","3193","26776","0","865","54","43465","0.5587557603686636","0.06242774566473988"
"people__A__40030","27000","weapon","","core:storm_fork","669","195","536","28317","16446","0","1256","536","26264","0","669","207","11871","0.2914798206278027","0.3094170403587444"
"people__A__40030","27000","weapon","","core:ward_orbit","2128","1316","2276","84725","55311","0","1522","2276","25920","0","2120","902","29414","0.618421052631579","0.42547169811320756"
"people__A__40031","27000","weapon","","core:frost_chain","1277","775","366","8585","6649","0","1128","366","23694","0","1266","900","1936","0.6068911511354738","0.7109004739336493"
"people__A__40031","27000","weapon","","core:iron_blade","1528","1403","79","2457","1731","0","179","79","27000","0","1528","1463","726","0.9181937172774869","0.9574607329842932"
"people__A__40031","27000","weapon","","core:mill_disc","634","462","359","12825","8250","0","325","359","25874","0","631","464","4575","0.7287066246056783","0.7353407290015848"
"people__A__40031","27000","weapon","","core:spore_fan","8813","7098","5904","242968","181374","0","2702","5904","26639","0","8724","6939","61594","0.8054011119936457","0.7953920220082531"
"people__A__40031","27000","weapon","","core:storm_fork","752","501","252","9485","6381","0","518","252","24984","0","752","508","3104","0.6662234042553191","0.675531914893617"
"people__B__40000","27000","weapon","","core:canal_bow","1474","2","660","27046","18624","0","241950","660","24113","0","1461","933","8422","0.0013568521031207597","0.6386036960985626"
"people__B__40000","27000","weapon","","core:frost_chain","745","132","226","4845","4168","0","3568","226","21262","0","741","515","677","0.17718120805369128","0.6950067476383266"
"people__B__40000","27000","weapon","","core:harvest_scythe","762","460","521","16540","14257","0","840","521","26768","0","762","513","2283","0.6036745406824147","0.6732283464566929"
"people__B__40000","27000","weapon","","core:iron_blade","1161","631","701","33348","22468","0","1531","701","27006","0","1161","815","10880","0.5434969853574505","0.7019810508182601"
"people__B__40000","27000","weapon","","core:storm_fork","291","126","167","6334","5607","0","785","167","11640","0","291","124","727","0.4329896907216495","0.4261168384879725"
"people__B__40001","27000","weapon","","core:ember_wand","1253","108","699","30404","17700","0","4555","699","25539","0","1251","615","12704","0.08619313647246608","0.49160671462829736"
"people__B__40001","27000","weapon","","core:frost_chain","932","226","609","26668","17967","0","1796","609","24330","0","928","486","8701","0.24248927038626608","0.5237068965517241"
"people__B__40001","27000","weapon","","core:iron_blade","964","756","136","5505","2849","0","346","136","27022","0","964","858","2656","0.7842323651452282","0.8900414937759336"
"people__B__40001","27000","weapon","","core:levy_banner","742","525","1940","82856","55494","0","371","1940","24880","0","739","116","27362","0.7075471698113207","0.15696887686062247"
"people__B__40001","27000","weapon","","core:spore_fan","1214","390","2886","132726","83841","0","1850","2886","26502","0","1207","370","48885","0.3212520593080725","0.30654515327257664"
"people__B__40002","27000","weapon","","core:canal_bow","992","25","746","50257","22091","0","7488","746","23344","0","988","380","28166","0.025201612903225805","0.38461538461538464"
"people__B__40002","27000","weapon","","core:iron_blade","1035","945","60","2466","1468","0","132","60","27018","0","1035","988","998","0.9130434782608695","0.9545893719806763"
"people__B__40002","27000","weapon","","core:levy_banner","854","554","2459","139121","88570","0","548","2459","26648","0","850","102","50551","0.6487119437939111","0.12"
"people__B__40002","27000","weapon","","core:mill_disc","675","225","1296","101780","37016","0","1218","1296","25671","0","672","371","64764","0.3333333333333333","0.5520833333333334"
"people__B__40002","27000","weapon","","core:spore_fan","1256","550","2499","141185","94780","0","1670","2499","25192","0","1249","542","46405","0.43789808917197454","0.4339471577261809"
"people__B__40003","27000","weapon","","core:ember_wand","4428","18","1459","81485","40183","0","356898","1459","26218","0","4388","2929","41302","0.0040650406504065045","0.6675022789425706"
"people__B__40003","27000","weapon","","core:frost_chain","1006","53","377","15404","9065","0","5260","377","26654","0","1002","625","6339","0.05268389662027833","0.6237524950099801"
"people__B__40003","27000","weapon","","core:harvest_scythe","767","178","1435","92380","54023","0","2207","1435","25690","0","767","266","38357","0.2320730117340287","0.3468057366362451"
"people__B__40003","27000","weapon","","core:iron_blade","1058","663","237","11708","7699","0","761","237","27008","0","1058","910","4009","0.6266540642722117","0.8601134215500945"
"people__B__40003","27000","weapon","","core:mill_disc","556","84","586","35910","15647","0","2043","586","24044","0","554","426","20263","0.1510791366906475","0.7689530685920578"
"people__B__40004","27000","weapon","","core:iron_blade","900","872","11","284","220","0","53","11","27000","0","900","890","64","0.9688888888888889","0.9888888888888889"
"people__B__40004","27000","weapon","","core:levy_banner","659","522","2068","107516","73363","0","213","2068","26206","0","657","99","34153","0.7921092564491654","0.1506849315068493"
"people__B__40004","27000","weapon","","core:mill_disc","576","290","241","17356","9286","0","856","241","26802","0","574","394","8070","0.5034722222222222","0.686411149825784"
"people__B__40004","27000","weapon","","core:spore_fan","1065","384","2810","190095","101078","0","2342","2810","25908","0","1060","374","89017","0.36056338028169016","0.35283018867924526"
"people__B__40004","27000","weapon","","core:ward_orbit","1509","1050","1978","104041","65383","0","856","1978","24828","0","1502","559","38658","0.6958250497017893","0.37217043941411454"
"people__B__40005","27000","weapon","","core:canal_bow","727","19","597","39456","17850","0","6739","597","20508","0","723","350","21606","0.026134800550206328","0.48409405255878285"
"people__B__40005","27000","weapon","","core:harvest_scythe","729","307","792","54506","24663","0","977","792","25930","0","729","340","29843","0.42112482853223593","0.4663923182441701"
"people__B__40005","27000","weapon","","core:iron_blade","901","878","26","698","524","0","87","26","27008","0","901","888","174","0.974472807991121","0.9855715871254163"
"people__B__40005","27000","weapon","","core:levy_banner","947","398","3458","233566","135336","0","1564","3458","26440","0","943","90","98230","0.42027455121436114","0.09544008483563096"
"people__B__40005","27000","weapon","","core:ward_orbit","1826","974","3045","136126","85171","0","1810","3045","26556","0","1814","519","50955","0.5334063526834611","0.2861080485115766"
"people__B__40006","27000","weapon","","core:frost_chain","829","287","591","23505","15112","0","1377","591","24316","0","827","236","8393","0.34620024125452353","0.28536880290205563"
"people__B__40006","27000","weapon","","core:harvest_scythe","848","339","1187","116887","43795","0","1456","1187","22210","0","848","395","73092","0.39976415094339623","0.4658018867924528"
"people__B__40006","27000","weapon","","core:iron_blade","1039","944","78","3617","2054","0","133","78","27000","0","1039","979","1563","0.9085659287776708","0.9422521655437921"
"people__B__40006","27000","weapon","","core:levy_banner","824","670","1647","83769","58469","0","239","1647","25666","0","821","197","25300","0.8131067961165048","0.23995127892813642"
"people__B__40006","27000","weapon","","core:spore_fan","1585","496","4686","306945","174513","0","2845","4686","26647","0","1577","483","132432","0.31293375394321765","0.3062777425491439"
"people__B__40007","27000","weapon","","core:ember_wand","7171","298","1286","67500","38597","0","48739","1286","22702","0","7084","5798","28903","0.041556268302886626","0.8184641445511011"
"people__B__40007","27000","weapon","","core:harvest_scythe","843","456","603","40168","18959","0","761","603","24832","0","843","508","21209","0.5409252669039146","0.6026097271648873"
"people__B__40007","27000","weapon","","core:iron_blade","1258","1124","106","4329","2723","0","255","106","27000","0","1258","1191","1606","0.8934817170111288","0.9467408585055644"
"people__B__40007","27000","weapon","","core:levy_banner","1244","637","4165","274116","162447","0","1365","4165","26376","0","1236","116","111669","0.5120578778135049","0.09385113268608414"
"people__B__40007","27000","weapon","","core:storm_fork","800","209","1334","94379","51074","0","1859","1334","26230","0","800","219","43305","0.26125","0.27375"
"people__B__40008","27000","weapon","","core:frost_chain","1082","110","987","73722","36799","0","4889","987","25574","0","1077","424","36923","0.10166358595194085","0.393686165273909"
"people__B__40008","27000","weapon","","core:harvest_scythe","701","591","103","7423","4479","0","149","103","23288","0","701","620","2944","0.8430813124108416","0.884450784593438"
"people__B__40008","27000","weapon","","core:iron_blade","1357","974","185","15735","7031","0","710","185","27004","0","1357","1222","8704","0.7177597641857038","0.9005158437730287"
"people__B__40008","27000","weapon","","core:mill_disc","552","252","1811","137110","51494","0","706","1811","26558","0","550","247","85616","0.45652173913043476","0.4490909090909091"
"people__B__40008","27000","weapon","","core:ward_orbit","2285","1485","2100","139262","84337","0","1377","2100","24110","0","2274","1028","54925","0.649890590809628","0.4520668425681618"
"people__B__40009","27000","weapon","","core:iron_blade","1993","948","432","35609","14804","0","3133","432","27004","0","1993","1704","20805","0.4756648268941295","0.8549924736578023"
"people__B__40009","27000","weapon","","core:mill_disc","816","123","919","70778","26443","0","4425","919","25180","0","816","502","44335","0.15073529411764705","0.6151960784313726"
"people__B__40009","27000","weapon","","core:spore_fan","2043","383","4483","235021","156670","0","7201","4483","23768","0","2043","1049","78351","0.18746940773372492","0.5134605971610376"
"people__B__40009","27000","weapon","","core:storm_fork","635","298","230","9593","6097","0","780","230","26540","0","635","405","3496","0.4692913385826772","0.6377952755905512"
"people__B__40009","27000","weapon","","core:ward_orbit","6569","2778","3261","148447","87306","0","11011","3261","26789","0","6509","4500","61141","0.4228954178718222","0.6913504378552773"
"people__B__40010","27000","weapon","","core:harvest_scythe","788","402","746","64776","29870","0","868","746","26608","0","788","436","34906","0.5101522842639594","0.5532994923857868"
"people__B__40010","27000","weapon","","core:iron_blade","987","892","78","3447","2024","0","187","78","27020","0","987","930","1423","0.9037487335359676","0.9422492401215805"
"people__B__40010","27000","weapon","","core:levy_banner","854","683","1882","125912","76592","0","287","1882","25922","0","850","180","49320","0.7997658079625293","0.21176470588235294"
"people__B__40010","27000","weapon","","core:mill_disc","589","269","1703","144571","48809","0","788","1703","26175","0","587","225","95762","0.4567062818336163","0.3833049403747871"
"people__B__40010","27000","weapon","","core:spore_fan","1998","894","3852","274876","157794","0","2664","3852","24740","0","1984","889","117082","0.44744744744744747","0.4480846774193548"
"people__B__40011","27000","weapon","","core:ember_wand","3180","38","1405","98390","40370","0","36391","1405","26701","0","3161","2360","58020","0.011949685534591196","0.7465991774754824"
"people__B__40011","27000","weapon","","core:iron_blade","919","839","50","2769","1417","0","127","50","27016","0","919","882","1352","0.9129488574537541","0.9597388465723613"
"people__B__40011","27000","weapon","","core:spore_fan","1613","428","5893","311226","198462","0","3433","5893","26608","0","1606","340","112764","0.2653440793552387","0.21170610211706103"
"people__B__40011","27000","weapon","","core:storm_fork","555","212","450","27204","14356","0","845","450","26174","0","555","227","12848","0.38198198198198197","0.409009009009009"
"people__B__40011","27000","weapon","","core:ward_orbit","1474","1128","1171","46054","28619","0","534","1171","26528","0","1468","784","17435","0.7652645861601085","0.5340599455040872"
"people__B__40012","27000","weapon","","core:harvest_scythe","618","272","462","29108","15378","0","770","462","23616","0","618","358","13730","0.4401294498381877","0.5792880258899676"
"people__B__40012","27000","weapon","","core:iron_blade","900","778","83","2800","1903","0","345","83","27000","0","900","840","897","0.8644444444444445","0.9333333333333333"
"people__B__40012","27000","weapon","","core:mill_disc","535","94","303","18034","10427","0","1739","303","26579","0","533","343","7607","0.17570093457943925","0.6435272045028143"
"people__B__40012","27000","weapon","","core:storm_fork","563","104","445","24549","12118","0","1660","445","25914","0","563","118","12431","0.1847246891651865","0.20959147424511546"
"people__B__40012","27000","weapon","","core:ward_orbit","1245","637","2691","130255","79148","0","1411","2691","22410","0","1240","272","51107","0.5116465863453815","0.21935483870967742"
"people__B__40013","27000","weapon","","core:frost_chain","744","332","372","24587","11957","0","940","372","25356","0","743","371","12630","0.44623655913978494","0.4993270524899058"
"people__B__40013","27000","weapon","","core:harvest_scythe","677","507","202","19578","6797","0","286","202","24536","0","677","546","12781","0.7488921713441654","0.8064992614475628"
"people__B__40013","27000","weapon","","core:iron_blade","900","853","45","1919","1268","0","100","45","27000","0","900","869","651","0.9477777777777778","0.9655555555555555"
"people__B__40013","27000","weapon","","core:spore_fan","2930","1573","6589","630354","257866","0","3222","6589","26408","0","2862","1440","372488","0.5368600682593857","0.5031446540880503"
"people__B__40013","27000","weapon","","core:storm_fork","519","382","117","7181","3132","0","231","117","25950","0","519","402","4049","0.7360308285163777","0.7745664739884393"
"people__B__40014","27000","weapon","","core:canal_bow","1225","0","762","77105","22708","0","291077","762","21425","0","1218","560","54397","0","0.45977011494252873"
"people__B__40014","27000","weapon","","core:ember_wand","2433","5","1364","114494","38657","0","325692","1364","26761","0","2422","1058","75837","0.002055076037813399","0.43682906688687034"
"people__B__40014","27000","weapon","","core:frost_chain","1457","17","1227","100006","43983","0","17098","1227","26574","0","1450","625","56023","0.011667810569663692","0.43103448275862066"
"people__B__40014","27000","weapon","","core:harvest_scythe","715","209","698","52918","26240","0","1564","698","23544","0","715","351","26678","0.2923076923076923","0.4909090909090909"
"people__B__40014","27000","weapon","","core:iron_blade","1157","475","340","24123","10545","0","1746","340","27014","0","1157","925","13578","0.4105445116681072","0.7994814174589455"
"people__B__40015","27000","weapon","","core:canal_bow","893","35","306","19702","8215","0","4451","306","23835","0","891","585","11487","0.03919372900335946","0.6565656565656566"
"people__B__40015","27000","weapon","","core:ember_wand","1525","87","541","33762","14378","0","6662","541","25916","0","1522","981","19384","0.057049180327868855","0.6445466491458607"
"people__B__40015","27000","weapon","","core:frost_chain","1134","178","617","40094","20128","0","2880","617","26238","0","1127","662","19966","0.15696649029982362","0.5874001774622892"
"people__B__40015","27000","weapon","","core:iron_blade","1076","715","209","12696","5776","0","575","209","27004","0","1076","926","6920","0.6644981412639405","0.8605947955390335"
"people__B__40015","27000","weapon","","core:levy_banner","768","435","2544","150362","88737","0","578","2544","24582","0","765","47","61625","0.56640625","0.06143790849673202"
"people__B__40016","27000","weapon","","core:ember_wand","1844","59","813","46252","24535","0","14919","813","24833","0","1834","1164","21717","0.031995661605206074","0.6346782988004362"
"people__B__40016","27000","weapon","","core:harvest_scythe","765","346","894","68217","26414","0","1095","894","25926","0","765","395","41803","0.4522875816993464","0.5163398692810458"
"people__B__40016","27000","weapon","","core:iron_blade","1223","687","541","43715","16596","0","1211","541","27008","0","1223","913","27119","0.5617334423548651","0.7465249386753884"
"people__B__40016","27000","weapon","","core:levy_banner","739","468","3037","172329","111262","0","484","3037","23356","0","736","62","61067","0.6332882273342354","0.08423913043478261"
"people__B__40016","27000","weapon","","core:ward_orbit","2316","1234","2652","121812","75045","0","1924","2652","26764","0","2305","912","46767","0.5328151986183074","0.39566160520607374"
"people__B__40017","27000","weapon","","core:canal_bow","1422","42","631","45441","18527","0","12273","631","26103","0","1413","884","26914","0.029535864978902954","0.6256192498230715"
"people__B__40017","27000","weapon","","core:ember_wand","2088","149","673","42695","19966","0","12392","673","22601","0","2072","1399","22729","0.07136015325670499","0.6751930501930502"
"people__B__40017","27000","weapon","","core:iron_blade","1237","1110","91","3803","2358","0","258","91","27004","0","1237","1172","1445","0.8973322554567502","0.9474535165723524"
"people__B__40017","27000","weapon","","core:levy_banner","1758","668","4882","413761","209457","0","3200","4882","25624","0","1747","245","204304","0.3799772468714448","0.14024041213508873"
"people__B__40017","27000","weapon","","core:storm_fork","647","328","303","16747","10641","0","805","303","26512","0","647","344","6106","0.5069551777434312","0.5316846986089645"
"people__B__40018","27000","weapon","","core:ember_wand","2882","0","1780","113827","50901","0","655419","1780","23920","0","2832","2086","62926","0","0.7365819209039548"
"people__B__40018","27000","weapon","","core:frost_chain","816","21","217","8157","5500","0","7328","217","24488","0","813","596","2657","0.025735294117647058","0.7330873308733087"
"people__B__40018","27000","weapon","","core:harvest_scythe","669","142","849","40101","28967","0","2143","849","26760","0","669","308","11134","0.21225710014947682","0.46038863976083705"
"people__B__40018","27000","weapon","","core:iron_blade","900","526","269","11990","7547","0","817","269","27000","0","900","723","4443","0.5844444444444444","0.8033333333333333"
"people__B__40018","27000","weapon","","core:storm_fork","619","25","1570","97657","53210","0","4500","1570","25244","0","619","23","44447","0.04038772213247173","0.03715670436187399"
"people__B__40019","27000","weapon","","core:ember_wand","4022","33","1220","37215","27286","0","172573","1220","26797","0","4007","2787","9929","0.008204873197414222","0.6955328175692538"
"people__B__40019","27000","weapon","","core:harvest_scythe","987","262","1476","87896","41792","0","3395","1476","26608","0","987","430","46104","0.26545086119554206","0.43566362715298884"
"people__B__40019","27000","weapon","","core:iron_blade","1218","1185","17","419","315","0","62","17","27012","0","1218","1203","104","0.9729064039408867","0.9876847290640394"
"people__B__40019","27000","weapon","","core:storm_fork","633","228","385","11012","7262","0","1112","385","25932","0","633","248","3750","0.36018957345971564","0.39178515007898895"
"people__B__40019","27000","weapon","","core:ward_orbit","4299","1442","4455","137830","101370","0","7657","4455","26174","0","4276","1781","36460","0.33542684345196555","0.41651075771749296"
"people__B__40020","27000","weapon","","core:canal_bow","1527","20","350","17501","11153","0","16059","350","25718","0","1514","1164","6348","0.01309757694826457","0.7688243064729194"
"people__B__40020","27000","weapon","","core:harvest_scythe","822","401","744","36240","23182","0","969","744","26702","0","822","459","13058","0.4878345498783455","0.5583941605839416"
"people__B__40020","27000","weapon","","core:iron_blade","1191","789","251","13621","7029","0","811","251","27012","0","1191","1022","6592","0.6624685138539043","0.8581024349286314"
"people__B__40020","27000","weapon","","core:levy_banner","899","524","3570","144889","107608","0","788","3570","26782","0","895","62","37281","0.5828698553948832","0.06927374301675977"
"people__B__40020","27000","weapon","","core:ward_orbit","2150","1437","1893","56830","41037","0","1350","1893","26544","0","2139","1035","15793","0.6683720930232558","0.4838709677419355"
"people__B__40021","27000","weapon","","core:canal_bow","1196","4","407","23573","11145","0","152805","407","26702","0","1188","864","12428","0.0033444816053511705","0.7272727272727273"
"people__B__40021","27000","weapon","","core:ember_wand","1857","4","915","52950","25299","0","210002","915","24211","0","1844","1297","27651","0.002154011847065159","0.7033622559652929"
"people__B__40021","27000","weapon","","core:frost_chain","1002","48","984","47676","30761","0","7156","984","26492","0","1000","489","16915","0.04790419161676647","0.489"
"people__B__40021","27000","weapon","","core:iron_blade","967","583","225","8186","4924","0","769","225","27022","0","967","810","3262","0.6028955532574974","0.8376421923474664"
"people__B__40021","27000","weapon","","core:storm_fork","616","68","823","37415","21815","0","2246","823","26586","0","616","78","15600","0.11038961038961038","0.1266233766233766"
"people__B__40022","27000","weapon","","core:frost_chain","857","120","722","42543","23264","0","4082","722","26218","0","857","268","19279","0.14002333722287047","0.31271878646441076"
"people__B__40022","27000","weapon","","core:harvest_scythe","615","333","516","32444","14965","0","692","516","24600","0","615","361","17479","0.5414634146341464","0.5869918699186992"
"people__B__40022","27000","weapon","","core:iron_blade","960","581","469","34676","12269","0","884","469","27024","0","960","705","22407","0.6052083333333333","0.734375"
"people__B__40022","27000","weapon","","core:levy_banner","837","279","4759","359638","181624","0","1911","4759","25680","0","834","28","178014","0.3333333333333333","0.03357314148681055"
"people__B__40022","27000","weapon","","core:storm_fork","625","130","1080","79300","34567","0","1983","1080","26638","0","625","138","44733","0.208","0.2208"
"people__B__40023","27000","weapon","","core:canal_bow","965","9","623","31024","18250","0","9658","623","25923","0","963","340","12774","0.00932642487046632","0.3530633437175493"
"people__B__40023","27000","weapon","","core:frost_chain","943","203","956","47908","30759","0","2757","956","23798","0","939","364","17149","0.21527041357370094","0.3876464323748669"
"people__B__40023","27000","weapon","","core:iron_blade","900","609","198","8384","4887","0","752","198","27000","0","900","768","3497","0.6766666666666666","0.8533333333333334"
"people__B__40023","27000","weapon","","core:spore_fan","1708","580","6017","350064","215706","0","3081","6017","20222","0","1685","522","134358","0.3395784543325527","0.30979228486646887"
"people__B__40023","27000","weapon","","core:storm_fork","605","230","542","28293","16828","0","1241","542","26544","0","605","233","11465","0.38016528925619836","0.3851239669421488"
"people__B__40024","27000","weapon","","core:canal_bow","1028","12","556","32623","15261","0","12432","556","26185","0","1026","470","17362","0.011673151750972763","0.4580896686159844"
"people__B__40024","27000","weapon","","core:frost_chain","869","46","472","23416","12707","0","4770","472","23668","0","868","396","10709","0.05293440736478711","0.45622119815668205"
"people__B__40024","27000","weapon","","core:harvest_scythe","685","277","763","45175","22490","0","1111","763","25690","0","685","336","22685","0.4043795620437956","0.4905109489051095"
"people__B__40024","27000","weapon","","core:iron_blade","1033","532","509","34460","14626","0","1222","509","27014","0","1033","754","19834","0.5150048402710552","0.7299128751210068"
"people__B__40024","27000","weapon","","core:spore_fan","1317","188","5792","323686","185794","0","4512","5792","26490","0","1311","122","137892","0.1427486712224753","0.09305873379099924"
"people__B__40025","27000","weapon","","core:frost_chain","4423","356","1380","122565","48016","0","26003","1380","23359","0","4405","3507","74549","0.08048835631924034","0.7961407491486947"
"people__B__40025","27000","weapon","","core:iron_blade","1156","1046","67","3606","1829","0","185","67","27014","0","1156","1106","1777","0.9048442906574394","0.9567474048442907"
"people__B__40025","27000","weapon","","core:levy_banner","786","612","1412","97944","59142","0","253","1412","24854","0","786","231","38802","0.7786259541984732","0.29389312977099236"
"people__B__40025","27000","weapon","","core:storm_fork","657","273","427","36683","16831","0","903","427","24512","0","657","372","19852","0.4155251141552511","0.5662100456621004"
"people__B__40025","27000","weapon","","core:ward_orbit","7010","5219","1429","88405","47093","0","2590","1429","25859","0","6921","5771","41312","0.7445078459343795","0.8338390406010692"
"people__B__40026","27000","weapon","","core:harvest_scythe","660","503","196","7892","5393","0","238","196","23760","0","660","519","2499","0.7621212121212121","0.7863636363636364"
"people__B__40026","27000","weapon","","core:iron_blade","1038","937","74","2351","1709","0","184","74","27024","0","1038","988","642","0.9026974951830443","0.9518304431599229"
"people__B__40026","27000","weapon","","core:levy_banner","744","556","2677","99919","70586","0","304","2677","25276","0","741","87","29333","0.7473118279569892","0.11740890688259109"
"people__B__40026","27000","weapon","","core:spore_fan","1231","397","3756","142769","105254","0","2594","3756","22790","0","1225","395","37515","0.32250203086921203","0.3224489795918367"
"people__B__40026","27000","weapon","","core:ward_orbit","2084","1551","1369","38291","27361","0","781","1369","26448","0","2077","1209","10930","0.7442418426103646","0.582089552238806"
"people__B__40027","27000","weapon","","core:canal_bow","864","0","574","46140","17302","0","150521","574","22369","0","862","288","28838","0","0.33410672853828305"
"people__B__40027","27000","weapon","","core:harvest_scythe","719","198","592","41185","22653","0","1194","592","26132","0","719","373","18532","0.2753824756606398","0.5187760778859527"
"people__B__40027","27000","weapon","","core:iron_blade","1023","708","169","8702","4942","0","604","169","27012","0","1023","905","3760","0.6920821114369502","0.884652981427175"
"people__B__40027","27000","weapon","","core:mill_disc","462","30","1686","132590","48267","0","1922","1686","22730","0","460","198","84323","0.06493506493506493","0.43043478260869567"
"people__B__40027","27000","weapon","","core:ward_orbit","1215","503","2747","186548","115032","0","1518","2747","17010","0","1209","215","71516","0.4139917695473251","0.17783291976840365"
"people__B__40028","27000","weapon","","core:ember_wand","3085","34","445","29000","14026","0","39102","445","25666","0","3041","2668","14974","0.011021069692058346","0.8773429792831305"
"people__B__40028","27000","weapon","","core:frost_chain","781","76","54","1845","1396","0","3822","54","22678","0","778","724","449","0.0973111395646607","0.9305912596401028"
"people__B__40028","27000","weapon","","core:iron_blade","1181","404","1158","78301","35997","0","2286","1158","27014","0","1181","653","42304","0.3420829805249788","0.5529212531752752"
"people__B__40028","27000","weapon","","core:levy_banner","874","192","6017","334676","214218","0","2402","6017","26194","0","870","15","120458","0.21967963386727687","0.017241379310344827"
"people__B__40028","27000","weapon","","core:mill_disc","549","74","54","2790","1366","0","2099","54","25365","0","547","504","1424","0.13479052823315119","0.9213893967093236"
"people__B__40029","27000","weapon","","core:canal_bow","1034","35","128","7073","3580","0","6682","128","22484","0","1029","901","3493","0.033849129593810444","0.8756073858114675"
"people__B__40029","27000","weapon","","core:ember_wand","2107","139","778","49110","22209","0","10487","778","26736","0","2095","1554","26901","0.06597057427622212","0.7417661097852029"
"people__B__40029","27000","weapon","","core:iron_blade","1276","1107","134","7867","3584","0","281","134","27010","0","1276","1174","4283","0.8675548589341693","0.9200626959247649"
"people__B__40029","27000","weapon","","core:levy_banner","639","582","980","42729","31778","0","80","980","21612","0","636","215","10951","0.9107981220657277","0.3380503144654088"
"people__B__40029","27000","weapon","","core:spore_fan","2537","990","7234","491603","271324","0","3724","7234","26490","0","2515","961","220279","0.390224674812771","0.38210735586481115"
"people__B__40030","27000","weapon","","core:frost_chain","1683","127","1071","53037","31261","0","9131","1071","26672","0","1676","791","21776","0.0754604872251931","0.47195704057279236"
"people__B__40030","27000","weapon","","core:iron_blade","1404","963","265","14600","7372","0","712","265","27002","0","1404","1211","7228","0.6858974358974359","0.8625356125356125"
"people__B__40030","27000","weapon","","core:levy_banner","990","498","3765","176382","121096","0","981","3765","26768","0","988","144","55286","0.503030303030303","0.145748987854251"
"people__B__40030","27000","weapon","","core:storm_fork","730","216","402","20838","10949","0","1396","402","26252","0","730","328","9889","0.2958904109589041","0.44931506849315067"
"people__B__40030","27000","weapon","","core:ward_orbit","9168","5307","3334","133421","82495","0","6935","3334","25920","0","9100","6939","50926","0.5788612565445026","0.7625274725274725"
"people__B__40031","27000","weapon","","core:canal_bow","1076","27","283","15068","8260","0","6124","283","23508","0","1072","789","6808","0.02509293680297398","0.7360074626865671"
"people__B__40031","27000","weapon","","core:ember_wand","2203","140","641","33180","18261","0","9162","641","25171","0","2191","1550","14919","0.06354970494779846","0.7074395253308992"
"people__B__40031","27000","weapon","","core:iron_blade","1218","987","165","11369","5162","0","374","165","27002","0","1218","1092","6207","0.8103448275862069","0.896551724137931"
"people__B__40031","27000","weapon","","core:mill_disc","730","206","482","38571","13769","0","1491","482","25872","0","726","590","24802","0.2821917808219178","0.8126721763085399"
"people__B__40031","27000","weapon","","core:spore_fan","2171","592","5158","304493","193077","0","3956","5158","26639","0","2159","523","111416","0.27268539843390144","0.24224177860120427"
"people__C__40000","27000","weapon","","core:ember_wand","2577","225","929","33206","21658","0","11602","929","26491","0","2570","1641","11548","0.08731082654249127","0.6385214007782101"
"people__C__40000","27000","weapon","","core:harvest_scythe","902","644","308","11133","7653","0","406","308","26782","0","902","681","3480","0.7139689578713969","0.7549889135254989"
"people__C__40000","27000","weapon","","core:iron_blade","1391","1261","93","3220","1736","0","199","93","27014","0","1391","1320","1484","0.9065420560747663","0.9489575844716032"
"people__C__40000","27000","weapon","","core:levy_banner","1647","750","3772","204918","126891","0","1876","3772","26168","0","1638","263","78027","0.4553734061930783","0.16056166056166057"
"people__C__40000","27000","weapon","","core:storm_fork","771","300","853","40461","26599","0","1088","853","25872","0","771","307","13862","0.38910505836575876","0.3981841763942931"
"people__C__40001","27000","weapon","","core:canal_bow","793","18","276","11783","7465","0","5303","276","24011","0","790","514","4318","0.02269861286254729","0.6506329113924051"
"people__C__40001","27000","weapon","","core:ember_wand","986","45","357","17200","10282","0","5378","357","18602","0","980","623","6918","0.04563894523326572","0.6357142857142857"
"people__C__40001","27000","weapon","","core:iron_blade","975","867","54","1969","1498","0","172","54","27024","0","975","928","471","0.8892307692307693","0.9517948717948718"
"people__C__40001","27000","weapon","","core:spore_fan","1301","482","3791","187494","123983","0","2054","3791","26493","0","1295","373","63511","0.3704842428900845","0.28803088803088805"
"people__C__40001","27000","weapon","","core:storm_fork","568","284","418","20047","12775","0","555","418","24578","0","568","286","7272","0.5","0.5035211267605634"
"people__C__40002","27000","weapon","","core:frost_chain","1182","241","1399","67940","45112","0","3291","1399","24224","0","1176","479","22828","0.2038917089678511","0.407312925170068"
"people__C__40002","27000","weapon","","core:iron_blade","1155","1043","58","1956","1482","0","149","58","27010","0","1155","1106","474","0.9030303030303031","0.9575757575757575"
"people__C__40002","27000","weapon","","core:levy_banner","1213","675","3218","185732","112514","0","1098","3218","26646","0","1204","195","73218","0.5564715581203628","0.16196013289036545"
"people__C__40002","27000","weapon","","core:mill_disc","628","297","1033","58577","29801","0","746","1033","25680","0","625","317","28776","0.4729299363057325","0.5072"
"people__C__40002","27000","weapon","","core:spore_fan","1442","636","2496","103880","79100","0","1783","2496","25187","0","1432","638","24780","0.44105409153952846","0.44553072625698326"
"people__C__40003","27000","weapon","","core:ember_wand","1417","12","523","37365","14828","0","98782","523","26219","0","1411","957","22537","0.008468595624558928","0.6782423812898654"
"people__C__40003","27000","weapon","","core:frost_chain","849","41","256","13823","6625","0","5791","256","26662","0","846","590","7198","0.048292108362779744","0.6973995271867612"
"people__C__40003","27000","weapon","","core:iron_blade","992","283","668","59275","19756","0","2249","668","27022","0","992","627","39519","0.2852822580645161","0.6320564516129032"
"people__C__40003","27000","weapon","","core:mill_disc","545","72","322","25953","8756","0","2496","322","25251","0","543","391","17197","0.13211009174311927","0.7200736648250461"
"people__C__40003","27000","weapon","","core:storm_fork","487","87","401","26616","11723","0","1522","401","24350","0","487","86","14893","0.17864476386036962","0.17659137577002054"
"people__C__40004","27000","weapon","","core:harvest_scythe","681","420","440","24697","14145","0","511","440","26516","0","681","449","10552","0.6167400881057269","0.6593245227606461"
"people__C__40004","27000","weapon","","core:iron_blade","900","845","33","1289","725","0","85","33","27000","0","900","875","564","0.9388888888888889","0.9722222222222222"
"people__C__40004","27000","weapon","","core:levy_banner","646","474","1931","76628","55503","0","256","1931","25840","0","644","86","21125","0.7337461300309598","0.13354037267080746"
"people__C__40004","27000","weapon","","core:mill_disc","568","196","182","11434","6673","0","965","182","26788","0","566","427","4761","0.34507042253521125","0.7544169611307421"
"people__C__40004","27000","weapon","","core:spore_fan","969","308","2361","124542","78197","0","1817","2361","24466","0","965","285","46345","0.31785345717234265","0.29533678756476683"
"people__C__40005","27000","weapon","","core:ember_wand","1889","42","608","40093","17391","0","16522","608","19886","0","1876","1268","22702","0.02223398623610376","0.67590618336887"
"people__C__40005","27000","weapon","","core:harvest_scythe","683","337","556","39732","15843","0","671","556","25954","0","683","377","23889","0.493411420204978","0.5519765739385066"
"people__C__40005","27000","weapon","","core:iron_blade","917","786","116","7963","3240","0","257","116","27018","0","917","840","4723","0.8571428571428571","0.916030534351145"
"people__C__40005","27000","weapon","","core:levy_banner","781","371","3076","210146","106504","0","1061","3076","26438","0","778","64","103642","0.47503201024327785","0.08226221079691516"
"people__C__40005","27000","weapon","","core:ward_orbit","1564","1042","1831","90478","46080","0","872","1831","26562","0","1558","640","44398","0.6662404092071611","0.41078305519897307"
"people__C__40006","27000","weapon","","core:ember_wand","1687","110","688","49013","19697","0","7965","688","24502","0","1680","1118","29316","0.06520450503852994","0.6654761904761904"
"people__C__40006","27000","weapon","","core:harvest_scythe","662","512","176","11851","5863","0","249","176","25846","0","662","543","5988","0.7734138972809668","0.8202416918429003"
"people__C__40006","27000","weapon","","core:iron_blade","999","886","70","5442","1948","0","174","70","27008","0","999","949","3494","0.8868868868868869","0.94994994994995"
"people__C__40006","27000","weapon","","core:spore_fan","1592","562","3598","286899","138165","0","2325","3598","26585","0","1583","501","148734","0.3530150753768844","0.31648768161718255"
"people__C__40006","27000","weapon","","core:ward_orbit","1646","1375","513","30099","15585","0","385","513","23592","0","1635","1270","14514","0.8353584447144593","0.7767584097859327"
"people__C__40007","27000","weapon","","core:ember_wand","1557","172","816","36347","21547","0","7039","816","21874","0","1549","733","14800","0.11046885035324341","0.47320852162685606"
"people__C__40007","27000","weapon","","core:harvest_scythe","767","516","391","23719","12704","0","509","391","24842","0","767","545","11015","0.6727509778357236","0.7105606258148631"
"people__C__40007","27000","weapon","","core:iron_blade","1120","1016","86","2961","1768","0","206","86","27014","0","1120","1065","1193","0.9071428571428571","0.9508928571428571"
"people__C__40007","27000","weapon","","core:levy_banner","1001","614","2468","132893","83455","0","718","2468","26378","0","997","156","49438","0.6133866133866134","0.15646940822467403"
"people__C__40007","27000","weapon","","core:storm_fork","819","247","1211","82220","46947","0","1468","1211","26234","0","819","256","35273","0.30158730158730157","0.3125763125763126"
"people__C__40008","27000","weapon","","core:ember_wand","1235","42","406","27049","11781","0","6837","406","24548","0","1230","824","15268","0.0340080971659919","0.6699186991869919"
"people__C__40008","27000","weapon","","core:frost_chain","834","97","549","39269","20200","0","2948","549","26222","0","831","478","19069","0.11630695443645084","0.5752105896510229"
"people__C__40008","27000","weapon","","core:harvest_scythe","663","339","452","32187","13864","0","661","452","26520","0","663","411","18323","0.5113122171945701","0.6199095022624435"
"people__C__40008","27000","weapon","","core:iron_blade","900","450","107","6633","2991","0","927","107","27000","0","900","819","3642","0.5","0.91"
"people__C__40008","27000","weapon","","core:mill_disc","517","123","519","41317","14494","0","1132","519","25935","0","515","351","26823","0.2379110251450677","0.6815533980582524"
"people__C__40009","27000","weapon","","core:frost_chain","676","78","519","16948","12880","0","3010","519","22256","0","675","156","4068","0.11538461538461539","0.2311111111111111"
"people__C__40009","27000","weapon","","core:harvest_scythe","522","316","287","12286","7906","0","460","287","20880","0","522","358","4380","0.6053639846743295","0.685823754789272"
"people__C__40009","27000","weapon","","core:iron_blade","1038","685","522","38443","17006","0","1036","522","27004","0","1038","811","21437","0.6599229287090559","0.7813102119460501"
"people__C__40009","27000","weapon","","core:spore_fan","1185","372","4511","196388","139393","0","2857","4511","26435","0","1180","244","56995","0.3139240506329114","0.20677966101694914"
"people__C__40009","27000","weapon","","core:ward_orbit","1340","956","1464","33765","26802","0","646","1464","26800","0","1335","573","6963","0.7134328358208956","0.42921348314606744"
"people__C__40010","27000","weapon","","core:harvest_scythe","665","364","356","17700","12132","0","658","356","26600","0","665","455","5568","0.5473684210526316","0.6842105263157895"
"people__C__40010","27000","weapon","","core:iron_blade","900","691","190","8756","5616","0","428","190","27000","0","900","786","3140","0.7677777777777778","0.8733333333333333"
"people__C__40010","27000","weapon","","core:levy_banner","833","338","4043","237276","153720","0","1429","4043","25904","0","830","56","83556","0.4057623049219688","0.06746987951807229"
"people__C__40010","27000","weapon","","core:mill_disc","523","161","1473","87205","43190","0","1107","1473","26201","0","521","173","44015","0.3078393881453155","0.33205374280230326"
"people__C__40010","27000","weapon","","core:storm_fork","539","234","457","24802","16410","0","807","457","24692","0","539","245","8392","0.43413729128014844","0.45454545454545453"
"people__C__40011","27000","weapon","","core:ember_wand","3637","215","785","27709","19443","0","15181","785","26699","0","3635","2850","8266","0.059114654935386306","0.7840440165061898"
"people__C__40011","27000","weapon","","core:iron_blade","1034","1002","14","402","342","0","56","14","27016","0","1034","1023","60","0.9690522243713733","0.9893617021276596"
"people__C__40011","27000","weapon","","core:spore_fan","6271","4284","6488","289530","210317","0","3035","6488","26602","0","6258","4569","79213","0.6831446340296603","0.7301054650047939"
"people__C__40011","27000","weapon","","core:storm_fork","564","460","85","2709","1825","0","131","85","26184","0","564","479","884","0.8156028368794326","0.849290780141844"
"people__C__40011","27000","weapon","","core:ward_orbit","2485","1938","1020","39027","24069","0","751","1020","26522","0","2470","1758","14958","0.7798792756539236","0.7117408906882591"
"people__C__40012","27000","weapon","","core:harvest_scythe","614","204","746","54450","22446","0","1172","746","23608","0","614","290","32004","0.3322475570032573","0.4723127035830619"
"people__C__40012","27000","weapon","","core:iron_blade","900","653","180","9810","4829","0","582","180","27000","0","900","775","4981","0.7255555555555555","0.8611111111111112"
"people__C__40012","27000","weapon","","core:mill_disc","538","71","251","15536","8533","0","2339","251","26580","0","536","373","7003","0.13197026022304834","0.6958955223880597"
"people__C__40012","27000","weapon","","core:storm_fork","614","65","1174","97410","39701","0","3598","1174","25926","0","614","70","57709","0.10586319218241043","0.11400651465798045"
"people__C__40012","27000","weapon","","core:ward_orbit","1311","560","3688","210991","107026","0","1867","3688","22410","0","1305","224","103965","0.4271548436308162","0.17164750957854405"
"people__C__40013","27000","weapon","","core:iron_blade","907","885","21","669","508","0","63","21","27004","0","907","893","161","0.9757442116868799","0.9845644983461963"
"people__C__40013","27000","weapon","","core:levy_banner","712","685","700","45079","28267","0","31","700","24744","0","710","341","16812","0.9620786516853933","0.4802816901408451"
"people__C__40013","27000","weapon","","core:spore_fan","5918","4384","5458","503938","222528","0","2630","5458","26399","0","5871","4376","281410","0.7407908077053058","0.745358541986033"
"people__C__40013","27000","weapon","","core:storm_fork","559","485","70","3645","2236","0","95","70","25932","0","559","489","1409","0.8676207513416816","0.8747763864042933"
"people__C__40013","27000","weapon","","core:ward_orbit","1302","1285","84","3049","2096","0","19","84","23440","0","1297","1228","953","0.9869431643625192","0.9468003084040093"
"people__C__40014","27000","weapon","","core:canal_bow","3569","0","906","63316","25237","0","1478781","906","24069","0","3487","2798","38079","0","0.8024089475193577"
"people__C__40014","27000","weapon","","core:ember_wand","5417","5","1079","47117","28165","0","1141832","1079","26759","0","5332","4253","18952","0.0009230201218386561","0.7976369092273068"
"people__C__40014","27000","weapon","","core:frost_chain","1161","20","469","15499","11157","0","10517","469","26582","0","1155","686","4342","0.017226528854435832","0.593939393939394"
"people__C__40014","27000","weapon","","core:harvest_scythe","702","200","901","40774","30387","0","1719","901","21918","0","702","314","10387","0.2849002849002849","0.4472934472934473"
"people__C__40014","27000","weapon","","core:iron_blade","1233","729","349","14606","10821","0","1141","349","27012","0","1233","1003","3785","0.5912408759124088","0.813463098134631"
"people__C__40015","27000","weapon","","core:canal_bow","804","2","879","59839","25416","0","152805","879","22764","0","802","208","34423","0.0024875621890547263","0.2593516209476309"
"people__C__40015","27000","weapon","","core:frost_chain","753","34","546","25835","15193","0","5704","546","24730","0","752","206","10642","0.0451527224435591","0.27393617021276595"
"people__C__40015","27000","weapon","","core:harvest_scythe","721","181","934","67640","35793","0","2137","934","25880","0","721","320","31847","0.2510402219140083","0.44382801664355065"
"people__C__40015","27000","weapon","","core:iron_blade","1068","678","128","9273","5073","0","742","128","27014","0","1068","968","4200","0.6348314606741573","0.9063670411985019"
"people__C__40015","27000","weapon","","core:ward_orbit","1543","540","4814","244579","165049","0","2554","4814","26170","0","1536","190","79530","0.34996759559300067","0.12369791666666667"
"people__C__40016","27000","weapon","","core:ember_wand","2960","78","839","47640","24165","0","127179","839","24826","0","2924","2085","23475","0.026351351351351353","0.7130642954856361"
"people__C__40016","27000","weapon","","core:frost_chain","1007","119","499","31774","17665","0","3751","499","22058","0","1003","611","14109","0.11817279046673287","0.609172482552343"
"people__C__40016","27000","weapon","","core:harvest_scythe","741","341","400","29331","14391","0","746","400","25910","0","741","473","14940","0.4601889338731444","0.6383265856950068"
"people__C__40016","27000","weapon","","core:iron_blade","1073","883","72","4139","2207","0","258","72","27008","0","1073","1014","1932","0.8229263746505125","0.9450139794967382"
"people__C__40016","27000","weapon","","core:ward_orbit","2885","1696","1778","91639","51635","0","1864","1778","26760","0","2870","1620","40004","0.5878682842287695","0.5644599303135889"
"people__C__40017","27000","weapon","","core:canal_bow","1493","32","577","51967","16902","0","12979","577","26099","0","1489","912","35065","0.021433355659745478","0.6124916051040967"
"people__C__40017","27000","weapon","","core:iron_blade","1154","990","74","3395","1979","0","311","74","27016","0","1154","1099","1416","0.8578856152512998","0.9523396880415944"
"people__C__40017","27000","weapon","","core:levy_banner","1006","482","3152","252559","125502","0","1011","3152","25626","0","1001","99","127057","0.47912524850894633","0.0989010989010989"
"people__C__40017","27000","weapon","","core:storm_fork","622","257","335","22375","10498","0","761","335","26490","0","622","287","11877","0.41318327974276525","0.46141479099678456"
"people__C__40017","27000","weapon","","core:ward_orbit","1982","1441","969","61163","28381","0","805","969","21120","0","1971","1285","32782","0.7270433905146317","0.6519533231861999"
"people__C__40018","27000","weapon","","core:ember_wand","1343","69","447","16149","11687","0","20814","447","25838","0","1337","890","4462","0.05137751303052867","0.6656694091249065"
"people__C__40018","27000","weapon","","core:frost_chain","724","147","217","7330","5502","0","2236","217","24508","0","722","505","1828","0.20303867403314918","0.6994459833795014"
"people__C__40018","27000","weapon","","core:harvest_scythe","719","259","894","61105","32677","0","1488","894","26784","0","719","362","28428","0.36022253129346316","0.5034770514603616"
"people__C__40018","27000","weapon","","core:iron_blade","920","536","158","7262","4072","0","754","158","27000","0","920","804","3190","0.5826086956521739","0.8739130434782608"
"people__C__40018","27000","weapon","","core:mill_disc","375","97","317","16949","8294","0","802","317","19281","0","373","299","8655","0.25866666666666666","0.8016085790884718"
"people__C__40019","27000","weapon","","core:ember_wand","4460","85","1359","59357","36961","0","264457","1359","26789","0","4438","3331","22396","0.01905829596412556","0.7505633168093736"
"people__C__40019","27000","weapon","","core:harvest_scythe","778","419","612","29032","18504","0","951","612","26630","0","778","487","10528","0.538560411311054","0.6259640102827764"
"people__C__40019","27000","weapon","","core:iron_blade","1062","1000","23","568","444","0","103","23","27010","0","1062","1043","124","0.9416195856873822","0.9821092278719398"
"people__C__40019","27000","weapon","","core:storm_fork","739","192","1494","82563","54127","0","2506","1494","25908","0","739","210","28436","0.2598105548037889","0.28416779431664413"
"people__C__40019","27000","weapon","","core:ward_orbit","2720","1769","2552","70343","56020","0","1916","2552","26172","0","2698","1264","14323","0.6503676470588236","0.46849518161601184"
"people__C__40020","27000","weapon","","core:ember_wand","1037","41","271","18993","9174","0","9444","271","23774","0","1034","763","9819","0.03953712632594021","0.7379110251450677"
"people__C__40020","27000","weapon","","core:harvest_scythe","700","275","847","53923","28028","0","1094","847","26716","0","700","311","25895","0.39285714285714285","0.4442857142857143"
"people__C__40020","27000","weapon","","core:iron_blade","900","862","24","995","475","0","50","24","27000","0","900","879","520","0.9577777777777777","0.9766666666666667"
"people__C__40020","27000","weapon","","core:levy_banner","792","325","3868","240630","143350","0","1481","3868","26768","0","789","74","97280","0.41035353535353536","0.09378960709759189"
"people__C__40020","27000","weapon","","core:ward_orbit","1344","683","3019","145163","88528","0","1709","3019","26552","0","1339","394","56635","0.5081845238095238","0.29424943988050783"
"people__C__40021","27000","weapon","","core:canal_bow","1326","36","609","21510","13253","0","9812","609","26702","0","1323","714","8257","0.027149321266968326","0.5396825396825397"
"people__C__40021","27000","weapon","","core:frost_chain","987","179","429","11655","8850","0","3131","429","26486","0","986","557","2805","0.18135764944275581","0.5649087221095335"
"people__C__40021","27000","weapon","","core:iron_blade","1030","681","281","10875","6423","0","731","281","27002","0","1030","849","4452","0.6611650485436893","0.8242718446601942"
"people__C__40021","27000","weapon","","core:levy_banner","751","339","3587","139950","95452","0","1010","3587","24052","0","748","43","44498","0.45139813581890814","0.05748663101604278"
"people__C__40021","27000","weapon","","core:storm_fork","658","169","848","39514","23455","0","1651","848","26596","0","658","170","16059","0.256838905775076","0.25835866261398177"
"people__C__40022","27000","weapon","","core:canal_bow","1466","66","322","12707","7120","0","10315","322","26585","0","1460","1138","5587","0.045020463847203276","0.7794520547945205"
"people__C__40022","27000","weapon","","core:ember_wand","3084","120","610","22819","15596","0","18011","610","20547","0","3063","2453","7223","0.038910505836575876","0.8008488410055501"
"people__C__40022","27000","weapon","","core:frost_chain","1212","217","505","17131","13078","0","3713","505","26480","0","1206","835","4053","0.17904290429042904","0.6923714759535655"
"people__C__40022","27000","weapon","","core:iron_blade","1162","746","253","10048","5903","0","650","253","27006","0","1162","974","4145","0.6419965576592083","0.8382099827882961"
"people__C__40022","27000","weapon","","core:levy_banner","827","443","3626","108015","79034","0","683","3626","26264","0","824","62","28981","0.535671100362757","0.07524271844660194"
"people__C__40023","27000","weapon","","core:canal_bow","483","1","309","20562","9037","0","6075","309","11806","0","480","171","11525","0.002070393374741201","0.35625"
"people__C__40023","27000","weapon","","core:ember_wand","1339","133","751","37560","20874","0","7000","751","25378","0","1336","585","16686","0.09932785660941","0.437874251497006"
"people__C__40023","27000","weapon","","core:iron_blade","1050","908","96","5024","2341","0","242","96","27012","0","1050","979","2683","0.8647619047619047","0.9323809523809524"
"people__C__40023","27000","weapon","","core:spore_fan","1515","475","5196","348438","193518","0","3302","5196","24842","0","1500","425","154920","0.31353135313531355","0.2833333333333333"
"people__C__40023","27000","weapon","","core:storm_fork","672","298","766","52696","25942","0","1055","766","25846","0","672","304","26754","0.44345238095238093","0.4523809523809524"
"people__C__40024","27000","weapon","","core:canal_bow","4380","115","383","27863","11823","0","24988","383","26171","0","4340","4034","16040","0.026255707762557076","0.9294930875576037"
"people__C__40024","27000","weapon","","core:ember_wand","8962","673","771","49479","21904","0","33630","771","25620","0","8931","8361","27575","0.0750948449006918","0.9361773597581458"
"people__C__40024","27000","weapon","","core:iron_blade","1118","1032","53","1678","1172","0","138","53","27014","0","1118","1081","506","0.9230769230769231","0.9669051878354203"
"people__C__40024","27000","weapon","","core:spore_fan","6970","5684","3728","221558","135201","0","2090","3728","26477","0","6883","5574","86357","0.8154949784791966","0.8098212988522446"
"people__C__40024","27000","weapon","","core:storm_fork","790","375","794","64131","29584","0","900","794","25014","0","790","437","34547","0.47468354430379744","0.5531645569620253"
"people__C__40025","27000","weapon","","core:frost_chain","1069","225","313","17715","8924","0","2940","313","23364","0","1069","756","8791","0.21047708138447146","0.7072029934518241"
"people__C__40025","27000","weapon","","core:iron_blade","1112","1046","54","2677","1419","0","138","54","27000","0","1112","1074","1258","0.9406474820143885","0.9658273381294964"
"people__C__40025","27000","weapon","","core:levy_banner","848","565","771","49549","30078","0","414","771","24838","0","848","487","19471","0.6662735849056604","0.5742924528301887"
"people__C__40025","27000","weapon","","core:storm_fork","607","251","156","10771","5812","0","692","156","24506","0","607","451","4959","0.4135090609555189","0.742998352553542"
"people__C__40025","27000","weapon","","core:ward_orbit","10502","3067","3337","240674","116635","0","19291","3337","25859","0","10458","8204","124039","0.29203961150257096","0.784471218206158"
"people__C__40026","27000","weapon","","core:frost_chain","1177","351","745","26862","18375","0","2219","745","24210","0","1176","431","8487","0.2982158028887001","0.3664965986394558"
"people__C__40026","27000","weapon","","core:iron_blade","1136","976","101","3966","2430","0","260","101","27012","0","1136","1062","1536","0.8591549295774648","0.9348591549295775"
"people__C__40026","27000","weapon","","core:levy_banner","699","589","1813","72307","51851","0","140","1813","22326","0","696","114","20456","0.8426323319027181","0.16379310344827586"
"people__C__40026","27000","weapon","","core:storm_fork","661","254","858","55924","32200","0","1032","858","23638","0","661","263","23724","0.3842662632375189","0.3978819969742814"
"people__C__40026","27000","weapon","","core:ward_orbit","5939","4787","1499","44884","31397","0","1614","1499","26444","0","5894","4773","13487","0.8060279508334737","0.8098065829657278"
"people__C__40027","27000","weapon","","core:frost_chain","768","187","510","22900","14521","0","1697","510","19954","0","765","255","8379","0.24348958333333334","0.3333333333333333"
"people__C__40027","27000","weapon","","core:harvest_scythe","758","507","347","17337","11814","0","519","347","26116","0","758","558","5523","0.6688654353562006","0.7361477572559367"
"people__C__40027","27000","weapon","","core:iron_blade","1100","933","134","4696","3315","0","367","134","27000","0","1100","1013","1381","0.8481818181818181","0.9209090909090909"
"people__C__40027","27000","weapon","","core:mill_disc","494","237","1484","92152","42853","0","549","1484","21458","0","491","190","49299","0.4797570850202429","0.3869653767820774"
"people__C__40027","27000","weapon","","core:spore_fan","1306","253","6250","422388","253888","0","3215","6250","21142","0","1295","212","168500","0.19372128637059724","0.1637065637065637"
"people__C__40028","27000","weapon","","core:ember_wand","6924","40","535","23480","15115","0","106544","535","25666","0","6835","6367","8365","0.005777007510109763","0.931528895391368"
"people__C__40028","27000","weapon","","core:frost_chain","930","66","696","33261","22518","0","6819","696","22678","0","928","603","10743","0.07096774193548387","0.6497844827586207"
"people__C__40028","27000","weapon","","core:iron_blade","1191","290","1442","78184","43415","0","3345","1442","27018","0","1191","590","34769","0.2434928631402183","0.49538203190596136"
"people__C__40028","27000","weapon","","core:levy_banner","814","170","6806","247882","181788","0","2231","6806","26184","0","811","18","66094","0.20884520884520885","0.02219482120838471"
"people__C__40028","27000","weapon","","core:mill_disc","559","60","42","1700","848","0","2345","42","25351","0","557","518","852","0.1073345259391771","0.9299820466786356"
"people__C__40029","27000","weapon","","core:canal_bow","755","57","188","11943","5497","0","3129","188","22492","0","752","564","6446","0.07549668874172186","0.75"
"people__C__40029","27000","weapon","","core:ember_wand","1197","214","359","18390","10239","0","3005","359","26745","0","1193","834","8151","0.17878028404344193","0.6990779547359598"
"people__C__40029","27000","weapon","","core:iron_blade","937","883","38","1408","876","0","103","38","27024","0","937","907","532","0.9423692636072573","0.967982924226254"
"people__C__40029","27000","weapon","","core:spore_fan","2195","834","5570","482221","223384","0","2851","5570","26488","0","2183","797","258837","0.37995444191343963","0.3650939074667888"
"people__C__40029","27000","weapon","","core:storm_fork","474","423","47","2987","1924","0","70","47","20904","0","474","436","1063","0.8924050632911392","0.919831223628692"
"people__C__40030","27000","weapon","","core:frost_chain","1177","129","873","47371","27388","0","4700","873","26678","0","1172","451","19983","0.10960067969413764","0.3848122866894198"
"people__C__40030","27000","weapon","","core:iron_blade","1181","826","223","12906","6924","0","577","223","27006","0","1181","1029","5982","0.6994072819644369","0.8712955122777307"
"people__C__40030","27000","weapon","","core:levy_banner","860","484","3055","154441","101234","0","638","3055","26776","0","855","56","53207","0.5627906976744186","0.06549707602339182"
"people__C__40030","27000","weapon","","core:storm_fork","744","162","1287","96229","46450","0","2090","1287","26260","0","744","170","49779","0.21774193548387097","0.22849462365591397"
"people__C__40030","27000","weapon","","core:ward_orbit","2851","1840","2502","107742","69155","0","1725","2502","25920","0","2829","1445","38587","0.6453875833041038","0.5107811947684694"
"people__C__40031","27000","weapon","","core:frost_chain","894","230","595","37273","16398","0","1737","595","25876","0","892","297","20875","0.25727069351230425","0.3329596412556054"
"people__C__40031","27000","weapon","","core:iron_blade","929","834","67","5205","2096","0","158","67","27026","0","929","882","3109","0.8977395048439182","0.9494079655543596"
"people__C__40031","27000","weapon","","core:levy_banner","635","503","1174","76745","43943","0","185","1174","25096","0","632","167","32802","0.7921259842519685","0.26424050632911394"
"people__C__40031","27000","weapon","","core:spore_fan","1088","378","2683","224817","100403","0","1764","2683","26653","0","1082","373","124414","0.3474264705882353","0.34473197781885395"
"people__C__40031","27000","weapon","","core:ward_orbit","1820","1437","774","47276","22058","0","553","774","25562","0","1809","1267","25218","0.7895604395604395","0.7003869541182974"
"random__A__40000","27000","weapon","","core:harvest_scythe","675","361","508","28482","14811","0","705","508","26766","0","675","413","13671","0.5348148148148149","0.6118518518518519"
"random__A__40000","27000","weapon","","core:iron_blade","930","632","214","11591","5393","0","567","214","27000","0","930","787","6198","0.6795698924731183","0.8462365591397849"
"random__A__40000","27000","weapon","","core:levy_banner","588","309","2457","120475","81547","0","515","2457","21604","0","585","29","38928","0.5255102040816326","0.04957264957264957"
"random__A__40000","27000","weapon","","core:storm_fork","524","106","809","50527","25267","0","1352","809","22664","0","524","115","25260","0.20229007633587787","0.21946564885496184"
"random__A__40000","27000","weapon","","core:ward_orbit","1122","801","1659","61423","38992","0","470","1659","20440","0","1117","325","22431","0.713903743315508","0.2909579230080573"
"random__A__40001","27000","weapon","","core:frost_chain","787","143","601","22001","15450","0","1948","601","23836","0","786","185","6551","0.18170266836086404","0.23536895674300254"
"random__A__40001","27000","weapon","","core:harvest_scythe","669","286","625","38441","21158","0","902","625","24168","0","669","355","17283","0.42750373692077726","0.5306427503736921"
"random__A__40001","27000","weapon","","core:iron_blade","927","738","127","6322","3642","0","328","127","27010","0","927","840","2680","0.7961165048543689","0.9061488673139159"
"random__A__40001","27000","weapon","","core:levy_banner","683","466","1941","76486","56128","0","396","1941","24916","0","680","84","20358","0.6822840409956076","0.12352941176470589"
"random__A__40001","27000","weapon","","core:spore_fan","1713","543","3861","174260","124383","0","2871","3861","26490","0","1695","521","49877","0.3169877408056042","0.30737463126843656"
"random__A__40002","27000","weapon","","core:ember_wand","1231","37","526","26137","14899","0","7973","526","26260","0","1227","701","11238","0.030056864337936636","0.5713121434392828"
"random__A__40002","27000","weapon","","core:iron_blade","900","837","42","1764","976","0","95","42","27000","0","900","872","788","0.93","0.9688888888888889"
"random__A__40002","27000","weapon","","core:levy_banner","823","357","3280","193449","116341","0","1036","3280","26658","0","819","38","77108","0.43377885783718106","0.0463980463980464"
"random__A__40002","27000","weapon","","core:storm_fork","526","179","330","16158","9745","0","737","330","25534","0","526","196","6413","0.3403041825095057","0.3726235741444867"
"random__A__40002","27000","weapon","","core:ward_orbit","1274","749","2420","99449","64134","0","962","2420","25072","0","1269","283","35315","0.5879120879120879","0.22301024428684002"
"random__A__40003","27000","weapon","","core:ember_wand","1805","145","571","36708","15889","0","6029","571","26224","0","1796","1278","20819","0.08033240997229917","0.7115812917594655"
"random__A__40003","27000","weapon","","core:frost_chain","1000","447","444","24106","13843","0","1050","444","26644","0","997","614","10263","0.447","0.6158475426278837"
"random__A__40003","27000","weapon","","core:harvest_scythe","642","507","149","7931","5128","0","201","149","24590","0","642","533","2803","0.7897196261682243","0.8302180685358256"
"random__A__40003","27000","weapon","","core:iron_blade","922","803","43","1332","841","0","194","43","27012","0","922","892","491","0.8709327548806941","0.9674620390455532"
"random__A__40003","27000","weapon","","core:spore_fan","3372","2254","3961","331822","162637","0","1898","3961","22560","0","3291","2136","169185","0.6684460260972717","0.6490428441203282"
"random__A__40004","27000","weapon","","core:frost_chain","1252","598","765","22904","18245","0","1175","765","26226","0","1243","671","4659","0.4776357827476038","0.5398230088495575"
"random__A__40004","27000","weapon","","core:harvest_scythe","809","754","55","1577","1066","0","66","55","26498","0","809","762","511","0.9320148331273177","0.9419035846724351"
"random__A__40004","27000","weapon","","core:iron_blade","1433","1385","19","490","337","0","71","19","27006","0","1433","1417","153","0.9665038381018841","0.988834612700628"
"random__A__40004","27000","weapon","","core:mill_disc","628","510","118","4574","3554","0","178","118","26770","0","625","533","1020","0.8121019108280255","0.8528"
"random__A__40004","27000","weapon","","core:spore_fan","10283","8196","6951","275932","197351","0","2921","6951","25828","0","10194","8055","78581","0.7970436643003015","0.7901706886403767"
"random__A__40005","27000","weapon","","core:harvest_scythe","785","238","1322","128187","50575","0","1693","1322","25950","0","785","295","77612","0.30318471337579617","0.37579617834394907"
"random__A__40005","27000","weapon","","core:iron_blade","1046","815","219","17479","7594","0","479","219","27012","0","1046","910","9885","0.7791586998087954","0.869980879541109"
"random__A__40005","27000","weapon","","core:levy_banner","751","552","2294","131742","84629","0","304","2294","26442","0","748","83","47113","0.7350199733688415","0.11096256684491979"
"random__A__40005","27000","weapon","","core:storm_fork","559","245","506","34760","19190","0","669","506","24818","0","559","247","15570","0.43828264758497315","0.4418604651162791"
"random__A__40005","27000","weapon","","core:ward_orbit","1454","1152","1288","60105","39149","0","495","1288","26554","0","1447","699","20956","0.7922971114167813","0.48306841741534207"
"random__A__40006","27000","weapon","","core:ember_wand","3180","121","746","32583","19206","0","14326","746","22514","0","3171","2693","13377","0.038050314465408804","0.8492589088615579"
"random__A__40006","27000","weapon","","core:frost_chain","1085","357","530","17475","13553","0","2126","530","24872","0","1081","652","3922","0.32903225806451614","0.603145235892692"
"random__A__40006","27000","weapon","","core:iron_blade","1094","984","32","824","530","0","164","32","27008","0","1094","1065","294","0.8994515539305301","0.973491773308958"
"random__A__40006","27000","weapon","","core:spore_fan","5450","3897","6321","285445","191099","0","2945","6321","26582","0","5414","3827","94346","0.7150458715596331","0.7068710749907647"
"random__A__40006","27000","weapon","","core:ward_orbit","1992","1633","938","17363","14082","0","557","938","23464","0","1983","1460","3281","0.8197791164658634","0.7362581946545638"
"random__A__40007","27000","weapon","","core:harvest_scythe","915","543","581","37556","18744","0","658","581","24834","0","915","570","18812","0.5934426229508196","0.6229508196721312"
"random__A__40007","27000","weapon","","core:iron_blade","1221","1132","79","2658","1817","0","183","79","27010","0","1221","1169","841","0.9271089271089271","0.9574119574119574"
"random__A__40007","27000","weapon","","core:levy_banner","1126","855","2025","97635","63692","0","460","2025","26376","0","1121","304","33943","0.7593250444049734","0.2711864406779661"
"random__A__40007","27000","weapon","","core:spore_fan","1839","831","3038","169830","105491","0","2023","3038","24320","0","1822","861","64339","0.45187601957585644","0.4725576289791438"
"random__A__40007","27000","weapon","","core:storm_fork","796","357","828","44777","28068","0","903","828","26238","0","796","366","16709","0.4484924623115578","0.45979899497487436"
"random__A__40008","27000","weapon","","core:frost_chain","835","60","390","14826","11313","0","7390","390","25760","0","832","504","3513","0.0718562874251497","0.6057692307692307"
"random__A__40008","27000","weapon","","core:harvest_scythe","627","179","930","49234","30040","0","2632","930","24538","0","627","262","19194","0.28548644338118023","0.4178628389154705"
"random__A__40008","27000","weapon","","core:iron_blade","1001","296","592","36528","18124","0","3472","592","27012","0","1001","688","18404","0.2957042957042957","0.6873126873126874"
"random__A__40008","27000","weapon","","core:mill_disc","546","65","630","35293","17018","0","3653","630","25970","0","544","343","18275","0.11904761904761904","0.6305147058823529"
"random__A__40008","27000","weapon","","core:storm_fork","486","63","434","16948","11062","0","2464","434","23582","0","486","65","5886","0.12962962962962962","0.1337448559670782"
"random__A__40009","27000","weapon","","core:ember_wand","1726","105","845","38806","20960","0","9636","845","23476","0","1717","1091","17846","0.060834298957126304","0.6354105998835178"
"random__A__40009","27000","weapon","","core:frost_chain","939","308","323","8805","6757","0","1667","323","26110","0","935","612","2048","0.32800851970181044","0.6545454545454545"
"random__A__40009","27000","weapon","","core:iron_blade","1044","903","76","3616","1998","0","189","76","27014","0","1044","986","1618","0.8649425287356322","0.9444444444444444"
"random__A__40009","27000","weapon","","core:spore_fan","1979","727","5001","231543","158740","0","2884","5001","26432","0","1964","635","72803","0.36735725113693785","0.32331975560081466"
"random__A__40009","27000","weapon","","core:ward_orbit","2128","1746","943","23167","17177","0","530","943","26792","0","2117","1518","5990","0.8204887218045113","0.7170524326877658"
"random__A__40010","27000","weapon","","core:harvest_scythe","1027","339","1597","104094","56618","0","1941","1597","26584","0","1027","389","47476","0.33008763388510226","0.37877312560856863"
"random__A__40010","27000","weapon","","core:iron_blade","1696","1250","488","30749","15665","0","896","488","27000","0","1696","1411","15084","0.7370283018867925","0.8319575471698113"
"random__A__40010","27000","weapon","","core:levy_banner","1716","671","4981","322374","190098","0","2837","4981","25906","0","1707","178","132276","0.391025641025641","0.10427650849443468"
"random__A__40010","27000","weapon","","core:mill_disc","809","193","1309","88955","38090","0","2366","1309","26191","0","805","404","50865","0.23856613102595797","0.5018633540372671"
"random__A__40010","27000","weapon","","core:storm_fork","705","249","431","20816","13466","0","1107","431","24992","0","705","274","7350","0.35319148936170214","0.38865248226950355"
"random__A__40011","27000","weapon","","core:ember_wand","3010","154","686","30578","18432","0","15373","686","26700","0","2980","2352","12146","0.05116279069767442","0.789261744966443"
"random__A__40011","27000","weapon","","core:iron_blade","1133","1059","27","920","618","0","101","27","27002","0","1133","1109","302","0.9346866725507502","0.9788172992056487"
"random__A__40011","27000","weapon","","core:spore_fan","1953","785","4518","191536","137585","0","2380","4518","26604","0","1935","665","53951","0.4019457245263697","0.34366925064599485"
"random__A__40011","27000","weapon","","core:storm_fork","626","349","252","9278","6407","0","489","252","26184","0","626","374","2871","0.5575079872204473","0.597444089456869"
"random__A__40011","27000","weapon","","core:ward_orbit","3161","2341","1375","41639","29571","0","1269","1375","26520","0","3139","2231","12068","0.7405884213856374","0.7107359031538707"
"random__A__40012","27000","weapon","","core:harvest_scythe","609","293","417","27724","11986","0","632","417","23626","0","609","367","15738","0.48111658456486045","0.6026272577996716"
"random__A__40012","27000","weapon","","core:iron_blade","900","757","95","3796","2259","0","382","95","27000","0","900","832","1537","0.8411111111111111","0.9244444444444444"
"random__A__40012","27000","weapon","","core:mill_disc","525","79","281","16769","8310","0","1492","281","26575","0","523","369","8459","0.15047619047619049","0.7055449330783938"
"random__A__40012","27000","weapon","","core:storm_fork","582","86","707","47424","23420","0","1788","707","25930","0","582","96","24004","0.14776632302405499","0.16494845360824742"
"random__A__40012","27000","weapon","","core:ward_orbit","1265","600","2841","146305","79125","0","1360","2841","22422","0","1259","211","67180","0.4743083003952569","0.1675933280381255"
"random__A__40013","27000","weapon","","core:ember_wand","1638","77","375","24299","11630","0","8358","375","17209","0","1622","1320","12669","0.04700854700854701","0.813810110974106"
"random__A__40013","27000","weapon","","core:harvest_scythe","708","540","232","15010","6349","0","314","232","21316","0","708","571","8661","0.7627118644067796","0.806497175141243"
"random__A__40013","27000","weapon","","core:iron_blade","1253","1147","77","3599","2088","0","174","77","27002","0","1253","1196","1511","0.9154030327214685","0.9545091779728652"
"random__A__40013","27000","weapon","","core:spore_fan","1917","706","3946","237993","147152","0","2715","3946","26403","0","1901","599","90841","0.368283776734481","0.3150973172014729"
"random__A__40013","27000","weapon","","core:storm_fork","748","352","671","42860","24262","0","843","671","25924","0","748","367","18598","0.47058823529411764","0.49064171122994654"
"random__A__40014","27000","weapon","","core:ember_wand","2219","10","852","41573","22436","0","191273","852","26760","0","2199","1588","19137","0.004506534474988734","0.7221464301955435"
"random__A__40014","27000","weapon","","core:frost_chain","1096","57","263","7707","6092","0","4756","263","26572","0","1090","827","1615","0.05200729927007299","0.7587155963302752"
"random__A__40014","27000","weapon","","core:harvest_scythe","675","398","246","11679","6283","0","451","246","23218","0","675","500","5396","0.5896296296296296","0.7407407407407407"
"random__A__40014","27000","weapon","","core:iron_blade","1074","892","68","2334","1531","0","285","68","27014","0","1074","1019","803","0.8305400372439479","0.9487895716945997"
"random__A__40014","27000","weapon","","core:ward_orbit","4631","2461","2008","63772","42795","0","3705","2008","24710","0","4548","3032","20977","0.5314187000647809","0.6666666666666666"
"random__A__40015","27000","weapon","","core:canal_bow","1329","74","499","31013","13753","0","5673","499","26616","0","1322","823","17260","0.05568096313017306","0.6225416036308623"
"random__A__40015","27000","weapon","","core:frost_chain","1036","399","472","25371","14636","0","1247","472","26772","0","1032","615","10735","0.38513513513513514","0.5959302325581395"
"random__A__40015","27000","weapon","","core:iron_blade","1272","1107","87","4249","2183","0","246","87","27018","0","1272","1205","2066","0.8702830188679245","0.9473270440251572"
"random__A__40015","27000","weapon","","core:levy_banner","805","684","1048","47754","33581","0","167","1048","25866","0","802","296","14173","0.8496894409937888","0.3690773067331671"
"random__A__40015","27000","weapon","","core:spore_fan","2547","1219","4192","271638","163084","0","2334","4192","26148","0","2529","1190","108554","0.4786022771888496","0.4705417160933175"
"random__A__40016","27000","weapon","","core:ember_wand","1735","15","767","55657","22883","0","66487","767","26250","0","1726","1066","32774","0.008645533141210375","0.6176129779837776"
"random__A__40016","27000","weapon","","core:harvest_scythe","669","364","305","19733","9988","0","526","305","25422","0","669","466","9745","0.5440956651718983","0.6965620328849028"
"random__A__40016","27000","weapon","","core:iron_blade","1093","806","112","8075","3143","0","430","112","27000","0","1093","1007","4932","0.737419945105215","0.9213174748398902"
"random__A__40016","27000","weapon","","core:storm_fork","640","101","1164","94576","40328","0","1880","1164","25940","0","640","116","54248","0.1578125","0.18125"
"random__A__40016","27000","weapon","","core:ward_orbit","1699","911","2361","127230","69541","0","1386","2361","26762","0","1693","531","57689","0.5361977633902295","0.3136444181925576"
"random__A__40017","27000","weapon","","core:canal_bow","1240","105","553","34944","16091","0","4518","553","26111","0","1236","683","18853","0.0846774193548387","0.5525889967637541"
"random__A__40017","27000","weapon","","core:iron_blade","1366","1314","42","1524","979","0","132","42","27012","0","1366","1335","545","0.9619326500732065","0.9773060029282576"
"random__A__40017","27000","weapon","","core:mill_disc","580","571","340","23010","9507","0","9","340","23604","0","580","460","13503","0.9844827586206897","0.7931034482758621"
"random__A__40017","27000","weapon","","core:spore_fan","7195","5547","5002","391558","215324","0","2194","5002","25859","0","7106","5424","176234","0.7709520500347463","0.7632986208837602"
"random__A__40017","27000","weapon","","core:storm_fork","657","618","39","1376","733","0","79","39","26524","0","657","618","643","0.9406392694063926","0.9406392694063926"
"random__A__40018","27000","weapon","","core:harvest_scythe","669","458","276","10350","6596","0","411","276","26760","0","669","500","3754","0.6846038863976084","0.7473841554559043"
"random__A__40018","27000","weapon","","core:iron_blade","925","692","130","6210","2850","0","393","130","27020","0","925","831","3360","0.7481081081081081","0.8983783783783784"
"random__A__40018","27000","weapon","","core:levy_banner","790","323","3682","187788","117111","0","1214","3682","25406","0","786","25","70677","0.4088607594936709","0.031806615776081425"
"random__A__40018","27000","weapon","","core:storm_fork","535","155","489","22876","13391","0","1010","489","24438","0","535","159","9485","0.2897196261682243","0.297196261682243"
"random__A__40018","27000","weapon","","core:ward_orbit","1064","774","1610","44651","31554","0","445","1610","21280","0","1059","314","13097","0.7274436090225563","0.29650613786591123"
"random__A__40019","27000","weapon","","core:ember_wand","4803","54","789","33623","20784","0","407939","789","26789","0","4724","3935","12839","0.011242973141786383","0.8329805249788315"
"random__A__40019","27000","weapon","","core:harvest_scythe","1095","321","455","23608","13449","0","2120","455","26610","0","1095","820","10159","0.29315068493150687","0.7488584474885844"
"random__A__40019","27000","weapon","","core:iron_blade","5312","962","759","61352","26406","0","15120","759","27000","0","5312","4761","34946","0.18109939759036145","0.8962725903614458"
"random__A__40019","27000","weapon","","core:storm_fork","671","233","175","4835","3387","0","927","175","25912","0","671","496","1448","0.3472429210134128","0.7391952309985097"
"random__A__40019","27000","weapon","","core:ward_orbit","13613","4575","3185","97241","69217","0","18438","3185","26171","0","13555","11045","28024","0.33607580988760744","0.8148284765769089"
"random__A__40020","27000","weapon","","core:frost_chain","1913","172","1266","48654","34878","0","7953","1266","25344","0","1913","1220","13776","0.08991113434396236","0.6377417668583377"
"random__A__40020","27000","weapon","","core:harvest_scythe","854","365","811","37399","23739","0","1044","811","26718","0","854","435","13660","0.4274004683840749","0.509367681498829"
"random__A__40020","27000","weapon","","core:iron_blade","1177","1100","26","789","582","0","93","26","27004","0","1177","1151","207","0.9345794392523364","0.9779099405267629"
"random__A__40020","27000","weapon","","core:levy_banner","1307","578","4153","195334","137646","0","1645","4153","26764","0","1298","133","57688","0.44223412394797246","0.1024653312788906"
"random__A__40020","27000","weapon","","core:ward_orbit","5604","3472","2559","58267","45322","0","3942","2559","26542","0","5531","3998","12945","0.6195574589578873","0.7228349303923342"
"random__A__40021","27000","weapon","","core:canal_bow","2845","53","508","27089","14344","0","22629","508","26705","0","2812","2453","12745","0.018629173989455183","0.8723328591749644"
"random__A__40021","27000","weapon","","core:frost_chain","1058","178","816","36113","26782","0","2628","816","26496","0","1053","597","9331","0.16824196597353497","0.5669515669515669"
"random__A__40021","27000","weapon","","core:iron_blade","980","803","107","3239","2206","0","401","107","27014","0","980","910","1033","0.8193877551020409","0.9285714285714286"
"random__A__40021","27000","weapon","","core:spore_fan","2026","922","4572","229799","149846","0","2125","4572","20186","0","2011","898","79953","0.4550839091806515","0.44654400795624066"
"random__A__40021","27000","weapon","","core:storm_fork","577","314","262","8591","6284","0","600","262","26584","0","577","315","2307","0.5441941074523396","0.5459272097053726"
"random__A__40022","27000","weapon","","core:harvest_scythe","984","569","55","1930","1196","0","871","55","22976","0","984","938","734","0.5782520325203252","0.9532520325203252"
"random__A__40022","27000","weapon","","core:iron_blade","1921","1609","86","2592","1773","0","511","86","27002","0","1921","1866","819","0.8375845913586674","0.9713690786048933"
"random__A__40022","27000","weapon","","core:spore_fan","8315","1379","3970","166067","114356","0","29268","3970","24714","0","8311","7301","51711","0.16584485868911605","0.8784743111538924"
"random__A__40022","27000","weapon","","core:storm_fork","810","354","128","3576","2649","0","1220","128","26172","0","810","682","927","0.43703703703703706","0.8419753086419753"
"random__A__40022","27000","weapon","","core:ward_orbit","15861","8711","3323","82358","61609","0","14839","3323","26457","0","15797","13316","20749","0.5492087510245256","0.8429448629486611"
"random__A__40023","27000","weapon","","core:ember_wand","1351","97","550","41793","15838","0","6804","550","24165","0","1350","800","25955","0.07179866765358993","0.5925925925925926"
"random__A__40023","27000","weapon","","core:harvest_scythe","417","220","351","23477","9774","0","386","351","15328","0","417","232","13703","0.5275779376498801","0.5563549160671463"
"random__A__40023","27000","weapon","","core:iron_blade","948","739","157","8249","4269","0","348","157","27008","0","948","839","3980","0.7795358649789029","0.8850210970464135"
"random__A__40023","27000","weapon","","core:levy_banner","778","413","2807","173514","98659","0","831","2807","26478","0","774","74","74855","0.5308483290488432","0.09560723514211886"
"random__A__40023","27000","weapon","","core:storm_fork","508","185","423","26728","13676","0","737","423","22798","0","508","188","13052","0.3641732283464567","0.3700787401574803"
"random__A__40024","27000","weapon","","core:canal_bow","2159","48","309","13514","8234","0","16553","309","26171","0","2146","1844","5280","0.0222325150532654","0.8592730661696178"
"random__A__40024","27000","weapon","","core:ember_wand","7598","206","709","30429","19835","0","43915","709","25620","0","7548","6874","10594","0.027112397999473545","0.9107048224695283"
"random__A__40024","27000","weapon","","core:iron_blade","1799","1626","79","2466","1545","0","247","79","27004","0","1799","1740","921","0.9038354641467482","0.9672040022234575"
"random__A__40024","27000","weapon","","core:spore_fan","3829","2148","5599","203577","150436","0","3024","5599","26477","0","3745","2063","53141","0.560981979629146","0.5508678237650201"
"random__A__40024","27000","weapon","","core:ward_orbit","12148","9417","1254","37375","24774","0","3983","1254","21719","0","12124","11084","12601","0.7751893315772144","0.9142197294622237"
"random__A__40025","27000","weapon","","core:frost_chain","977","156","543","29918","16744","0","2950","543","23366","0","971","470","13174","0.15967246673490276","0.4840370751802266"
"random__A__40025","27000","weapon","","core:iron_blade","1055","767","160","10466","4756","0","478","160","27000","0","1055","935","5710","0.7270142180094786","0.8862559241706162"
"random__A__40025","27000","weapon","","core:levy_banner","741","503","2371","140994","89256","0","413","2371","24834","0","738","71","51738","0.6788124156545209","0.09620596205962059"
"random__A__40025","27000","weapon","","core:storm_fork","567","216","333","20928","10981","0","801","333","24532","0","567","234","9947","0.38095238095238093","0.4126984126984127"
"random__A__40025","27000","weapon","","core:ward_orbit","2481","1804","1745","88104","52754","0","978","1745","25860","0","2470","1335","35350","0.7271261588069327","0.5404858299595142"
"random__A__40026","27000","weapon","","core:canal_bow","1134","58","564","50258","16706","0","5350","564","26284","0","1127","754","33552","0.05114638447971781","0.6690328305235137"
"random__A__40026","27000","weapon","","core:frost_chain","803","401","216","12714","6158","0","772","216","25690","0","802","586","6556","0.49937733499377335","0.7306733167082294"
"random__A__40026","27000","weapon","","core:iron_blade","900","835","40","1549","778","0","99","40","27000","0","900","868","771","0.9277777777777778","0.9644444444444444"
"random__A__40026","27000","weapon","","core:levy_banner","763","655","1206","78313","43404","0","164","1206","26682","0","761","262","34909","0.8584534731323722","0.3442838370565046"
"random__A__40026","27000","weapon","","core:spore_fan","3815","2710","3939","389423","163042","0","2027","3939","25860","0","3734","2650","226381","0.7103538663171691","0.7096946973754686"
"random__A__40027","27000","weapon","","core:ember_wand","6975","326","457","22012","13478","0","31654","457","17880","0","6891","6438","8534","0.04673835125448029","0.934262080975185"
"random__A__40027","27000","weapon","","core:harvest_scythe","760","565","249","11042","6801","0","346","249","26138","0","760","605","4241","0.743421052631579","0.7960526315789473"
"random__A__40027","27000","weapon","","core:iron_blade","1144","984","114","4101","2469","0","306","114","27010","0","1144","1062","1632","0.8601398601398601","0.9283216783216783"
"random__A__40027","27000","weapon","","core:spore_fan","5757","4188","5254","251752","176678","0","2887","5254","24929","0","5669","3986","75074","0.7274622199062012","0.7031222437819721"
"random__A__40027","27000","weapon","","core:storm_fork","570","358","209","9417","6471","0","372","209","23294","0","570","365","2946","0.6280701754385964","0.6403508771929824"
"random__A__40028","27000","weapon","","core:canal_bow","870","0","85","3516","2455","0","130076","85","18545","0","869","784","1061","0","0.9021864211737629"
"random__A__40028","27000","weapon","","core:frost_chain","1076","7","108","3980","3011","0","8843","108","24344","0","1076","968","969","0.006505576208178439","0.8996282527881041"
"random__A__40028","27000","weapon","","core:iron_blade","1089","662","197","8026","4673","0","951","197","27002","0","1089","968","3353","0.6078971533516988","0.8888888888888888"
"random__A__40028","27000","weapon","","core:mill_disc","776","15","164","9947","4609","0","5497","164","26452","0","774","659","5338","0.019329896907216496","0.851421188630491"
"random__A__40028","27000","weapon","","core:ward_orbit","4284","593","5284","189874","132880","0","11073","5284","23984","0","4239","1661","56994","0.13842203548085902","0.39183769757018166"
"random__A__40029","27000","weapon","","core:ember_wand","1674","63","399","14107","10218","0","9290","399","26732","0","1668","1269","3889","0.03763440860215054","0.7607913669064749"
"random__A__40029","27000","weapon","","core:iron_blade","1106","915","139","5391","3184","0","296","139","27018","0","1106","1002","2207","0.8273056057866185","0.9059674502712477"
"random__A__40029","27000","weapon","","core:mill_disc","566","183","277","15572","7091","0","1025","277","23642","0","563","461","8481","0.32332155477031804","0.8188277087033747"
"random__A__40029","27000","weapon","","core:spore_fan","1710","407","5559","212585","151340","0","3507","5559","26488","0","1699","327","61245","0.23801169590643276","0.19246615656268393"
"random__A__40029","27000","weapon","","core:storm_fork","617","234","628","31602","18667","0","953","628","23970","0","617","238","12935","0.37925445705024313","0.3857374392220421"
"random__A__40030","27000","weapon","","core:frost_chain","1267","282","559","20150","14343","0","3135","559","26676","0","1265","706","5807","0.22257300710339384","0.558102766798419"
"random__A__40030","27000","weapon","","core:iron_blade","1287","1232","26","705","451","0","89","26","27006","0","1287","1268","254","0.9572649572649573","0.9852369852369852"
"random__A__40030","27000","weapon","","core:levy_banner","1060","700","2682","125633","84848","0","603","2682","26770","0","1056","166","40785","0.660377358490566","0.1571969696969697"
"random__A__40030","27000","weapon","","core:storm_fork","806","253","943","56493","32643","0","1485","943","26258","0","806","341","23850","0.31389578163771714","0.4230769230769231"
"random__A__40030","27000","weapon","","core:ward_orbit","9083","5278","2567","106150","66897","0","7300","2567","25920","0","9021","7239","39253","0.5810855444236486","0.8024609245094779"
"random__A__40031","27000","weapon","","core:harvest_scythe","747","538","264","15494","8560","0","329","264","26556","0","747","572","6934","0.7202141900937081","0.7657295850066934"
"random__A__40031","27000","weapon","","core:iron_blade","1413","780","663","62198","21432","0","1232","663","27010","0","1413","1027","40766","0.5520169851380042","0.726822363765039"
"random__A__40031","27000","weapon","","core:levy_banner","822","599","1643","88509","55920","0","321","1643","25182","0","818","162","32589","0.7287104622871047","0.1980440097799511"
"random__A__40031","27000","weapon","","core:spore_fan","1826","839","2964","140720","92870","0","1877","2964","26644","0","1815","836","47850","0.45947426067908","0.46060606060606063"
"random__A__40031","27000","weapon","","core:storm_fork","559","306","312","17419","10344","0","448","312","24120","0","559","330","7075","0.5474060822898033","0.590339892665474"
"random__B__40000","27000","weapon","","core:frost_chain","854","82","698","52297","20170","0","3668","698","24896","0","852","154","32127","0.09601873536299765","0.1807511737089202"
"random__B__40000","27000","weapon","","core:harvest_scythe","680","425","298","22863","9414","0","587","298","26766","0","680","512","13449","0.625","0.7529411764705882"
"random__B__40000","27000","weapon","","core:iron_blade","900","790","68","2387","1616","0","265","68","27000","0","900","852","771","0.8777777777777778","0.9466666666666667"
"random__B__40000","27000","weapon","","core:spore_fan","1035","204","4260","399619","167260","0","3096","4260","23596","0","1029","153","232359","0.19710144927536233","0.14868804664723032"
"random__B__40000","27000","weapon","","core:ward_orbit","1736","1054","2581","215449","83678","0","1358","2581","23242","0","1729","572","131771","0.6071428571428571","0.3308270676691729"
"random__B__40001","27000","weapon","","core:iron_blade","940","774","110","5579","3342","0","305","110","27000","0","940","865","2237","0.823404255319149","0.9202127659574468"
"random__B__40001","27000","weapon","","core:levy_banner","642","476","1850","64030","48472","0","266","1850","25658","0","640","106","15558","0.7414330218068536","0.165625"
"random__B__40001","27000","weapon","","core:mill_disc","469","254","1828","93319","49954","0","513","1828","24447","0","467","167","43365","0.5415778251599147","0.3576017130620985"
"random__B__40001","27000","weapon","","core:spore_fan","4062","2716","5815","363572","209119","0","3336","5815","26491","0","4010","2630","154453","0.6686361398325947","0.655860349127182"
"random__B__40001","27000","weapon","","core:storm_fork","518","259","253","11406","7563","0","616","253","23938","0","518","265","3843","0.5","0.5115830115830116"
"random__B__40002","27000","weapon","","core:ember_wand","1351","49","688","41519","20590","0","10196","688","26251","0","1348","668","20929","0.03626943005181347","0.49554896142433236"
"random__B__40002","27000","weapon","","core:iron_blade","946","635","271","19342","8768","0","616","271","27024","0","946","786","10574","0.671247357293869","0.8308668076109936"
"random__B__40002","27000","weapon","","core:levy_banner","696","437","3220","169726","109286","0","549","3220","26668","0","693","36","60440","0.6278735632183908","0.05194805194805195"
"random__B__40002","27000","weapon","","core:storm_fork","518","197","297","15397","9008","0","828","297","25556","0","518","221","6389","0.3803088803088803","0.4266409266409266"
"random__B__40002","27000","weapon","","core:ward_orbit","1324","917","1986","88747","57569","0","705","1986","25086","0","1319","409","31178","0.6925981873111783","0.3100833965125095"
"random__B__40003","27000","weapon","","core:ember_wand","2009","12","855","60834","23428","0","182396","855","26218","0","2002","1147","37406","0.005973120955699353","0.5729270729270729"
"random__B__40003","27000","weapon","","core:frost_chain","1064","67","382","22084","10276","0","6193","382","26656","0","1062","680","11808","0.06296992481203008","0.64030131826742"
"random__B__40003","27000","weapon","","core:harvest_scythe","1203","123","2145","286230","80118","0","55244","2145","25670","0","1203","658","206112","0.10224438902743142","0.5469659185369908"
"random__B__40003","27000","weapon","","core:iron_blade","1123","888","96","4770","2701","0","330","96","27010","0","1123","1050","2069","0.7907390917186109","0.9349955476402493"
"random__B__40003","27000","weapon","","core:ward_orbit","5588","2284","2961","215119","86947","0","7786","2961","25320","0","5548","3639","128172","0.4087329992841804","0.6559120403749099"
"random__B__40004","27000","weapon","","core:iron_blade","900","872","11","333","265","0","53","11","27000","0","900","890","68","0.9688888888888889","0.9888888888888889"
"random__B__40004","27000","weapon","","core:levy_banner","762","627","2412","155266","94269","0","195","2412","26206","0","760","118","60997","0.8228346456692913","0.15526315789473685"
"random__B__40004","27000","weapon","","core:mill_disc","573","225","214","16079","8119","0","780","214","26781","0","571","410","7960","0.39267015706806285","0.7180385288966725"
"random__B__40004","27000","weapon","","core:spore_fan","945","496","1589","73693","51308","0","848","1589","25896","0","941","498","22385","0.5248677248677248","0.5292242295430393"
"random__B__40004","27000","weapon","","core:ward_orbit","1899","784","4433","332333","158442","0","2895","4433","24820","0","1890","395","173891","0.41284886782517116","0.20899470899470898"
"random__B__40005","27000","weapon","","core:harvest_scythe","730","375","528","29921","16396","0","647","528","25940","0","730","421","13525","0.5136986301369864","0.5767123287671233"
"random__B__40005","27000","weapon","","core:iron_blade","978","890","60","2071","1327","0","166","60","27000","0","978","935","744","0.9100204498977505","0.9560327198364008"
"random__B__40005","27000","weapon","","core:levy_banner","896","442","2733","140598","90036","0","842","2733","26440","0","892","107","50562","0.49330357142857145","0.11995515695067265"
"random__B__40005","27000","weapon","","core:mill_disc","676","180","867","60976","24450","0","1385","867","25408","0","673","410","36526","0.26627218934911245","0.6092124814264487"
"random__B__40005","27000","weapon","","core:ward_orbit","2077","1484","1367","45197","31287","0","895","1367","26550","0","2062","1159","13910","0.7144920558497834","0.5620756547041708"
"random__B__40006","27000","weapon","","core:frost_chain","939","453","472","22365","13694","0","959","472","24304","0","936","464","8671","0.48242811501597443","0.49572649572649574"
"random__B__40006","27000","weapon","","core:iron_blade","1581","1505","54","2585","1386","0","104","54","27008","0","1581","1539","1199","0.9519291587602783","0.9734345351043643"
"random__B__40006","27000","weapon","","core:levy_banner","789","736","1109","47987","34861","0","83","1109","25652","0","786","295","13126","0.9328263624841572","0.3753180661577608"
"random__B__40006","27000","weapon","","core:mill_disc","536","430","687","47293","19433","0","165","687","22230","0","534","339","27860","0.8022388059701493","0.6348314606741573"
"random__B__40006","27000","weapon","","core:spore_fan","7806","6064","6838","502444","263990","0","2863","6838","26637","0","7717","5971","238454","0.7768383294901358","0.7737462744589867"
"random__B__40007","27000","weapon","","core:harvest_scythe","941","537","819","59798","26396","0","970","819","24834","0","941","567","33402","0.5706695005313497","0.6025504782146652"
"random__B__40007","27000","weapon","","core:iron_blade","1189","1109","74","2335","1442","0","176","74","27002","0","1189","1143","893","0.9327165685449958","0.9613120269133726"
"random__B__40007","27000","weapon","","core:levy_banner","965","718","2107","102093","68617","0","444","2107","26392","0","961","227","33476","0.7440414507772021","0.23621227887617066"
"random__B__40007","27000","weapon","","core:spore_fan","4533","3333","4502","259042","159717","0","2541","4502","24328","0","4499","3355","99325","0.7352746525479815","0.7457212713936431"
"random__B__40007","27000","weapon","","core:storm_fork","947","254","2083","162067","76769","0","2077","2083","26232","0","947","258","85298","0.2682154171066526","0.27243928194297784"
"random__B__40008","27000","weapon","","core:ember_wand","14535","656","2069","129548","56626","0","85734","2069","24500","0","14473","13290","72922","0.045132438940488476","0.9182615905479168"
"random__B__40008","27000","weapon","","core:frost_chain","2434","1107","921","44217","30270","0","2993","921","23784","0","2427","1851","13947","0.45480690221857023","0.7626699629171817"
"random__B__40008","27000","weapon","","core:iron_blade","1885","1726","101","3223","2526","0","295","101","27008","0","1885","1815","697","0.9156498673740053","0.9628647214854111"
"random__B__40008","27000","weapon","","core:levy_banner","1124","1040","1129","46198","34215","0","140","1129","21838","0","1124","667","11983","0.9252669039145908","0.5934163701067615"
"random__B__40008","27000","weapon","","core:spore_fan","18251","13235","6312","354578","230513","0","10063","6312","21510","0","18230","16225","124065","0.7251657443427757","0.890016456390565"
"random__B__40009","27000","weapon","","core:iron_blade","1431","1237","116","7060","3612","0","272","116","27010","0","1431","1343","3448","0.8644304682040531","0.9385045422781272"
"random__B__40009","27000","weapon","","core:mill_disc","719","311","1041","72140","30345","0","1031","1041","25177","0","717","383","41795","0.4325452016689847","0.5341701534170153"
"random__B__40009","27000","weapon","","core:spore_fan","5133","3557","6421","440035","244952","0","3253","6421","23768","0","5072","3560","195083","0.6929670757841419","0.7018927444794952"
"random__B__40009","27000","weapon","","core:storm_fork","623","415","193","7519","5063","0","341","193","26546","0","623","430","2456","0.666131621187801","0.6902086677367576"
"random__B__40009","27000","weapon","","core:ward_orbit","4166","3345","1424","52508","33516","0","1315","1424","26792","0","4144","3192","18992","0.8029284685549688","0.7702702702702703"
"random__B__40010","27000","weapon","","core:harvest_scythe","1027","339","1597","104094","56618","0","1941","1597","26584","0","1027","389","47476","0.33008763388510226","0.37877312560856863"
"random__B__40010","27000","weapon","","core:iron_blade","1696","1250","488","30749","15665","0","896","488","27000","0","1696","1411","15084","0.7370283018867925","0.8319575471698113"
"random__B__40010","27000","weapon","","core:levy_banner","1716","671","4981","322374","190098","0","2837","4981","25906","0","1707","178","132276","0.391025641025641","0.10427650849443468"
"random__B__40010","27000","weapon","","core:mill_disc","809","193","1309","88955","38090","0","2366","1309","26191","0","805","404","50865","0.23856613102595797","0.5018633540372671"
"random__B__40010","27000","weapon","","core:storm_fork","705","249","431","20816","13466","0","1107","431","24992","0","705","274","7350","0.35319148936170214","0.38865248226950355"
"random__B__40011","27000","weapon","","core:ember_wand","6272","171","1324","73525","36814","0","40259","1324","26699","0","6211","5028","36711","0.0272640306122449","0.809531476412816"
"random__B__40011","27000","weapon","","core:iron_blade","1139","1070","31","1075","597","0","98","31","27004","0","1139","1113","478","0.9394205443371378","0.9771729587357331"
"random__B__40011","27000","weapon","","core:spore_fan","3989","2114","8230","469329","289273","0","3623","8230","26604","0","3966","2014","180056","0.5299573828027074","0.507816439737771"
"random__B__40011","27000","weapon","","core:storm_fork","674","423","370","19806","10669","0","433","370","26184","0","674","434","9137","0.6275964391691394","0.6439169139465876"
"random__B__40011","27000","weapon","","core:ward_orbit","2377","1990","700","22817","14267","0","513","700","26524","0","2369","1877","8550","0.8371897349600337","0.7923174335162516"
"random__B__40012","27000","weapon","","core:harvest_scythe","596","435","208","15938","6591","0","323","208","23628","0","596","479","9347","0.7298657718120806","0.8036912751677853"
"random__B__40012","27000","weapon","","core:iron_blade","982","719","123","7227","3598","0","536","123","27008","0","982","890","3629","0.7321792260692465","0.9063136456211812"
"random__B__40012","27000","weapon","","core:mill_disc","518","112","319","24482","10676","0","1420","319","26552","0","517","323","13806","0.21621621621621623","0.6247582205029013"
"random__B__40012","27000","weapon","","core:storm_fork","570","102","538","42225","19104","0","1511","538","25928","0","570","123","23121","0.17894736842105263","0.21578947368421053"
"random__B__40012","27000","weapon","","core:ward_orbit","1542","562","3890","322688","132602","0","2454","3890","22410","0","1535","211","190086","0.364461738002594","0.13745928338762214"
"random__B__40013","27000","weapon","","core:frost_chain","870","183","731","56978","25451","0","2525","731","25368","0","866","392","31527","0.2103448275862069","0.45265588914549654"
"random__B__40013","27000","weapon","","core:harvest_scythe","642","382","457","35396","15194","0","606","457","24532","0","642","432","20202","0.5950155763239875","0.6728971962616822"
"random__B__40013","27000","weapon","","core:iron_blade","947","835","106","6379","2863","0","226","106","27014","0","947","871","3516","0.8817317845828934","0.9197465681098205"
"random__B__40013","27000","weapon","","core:spore_fan","1562","371","6974","619636","274219","0","4210","6974","26399","0","1554","316","345417","0.23751600512163892","0.20334620334620335"
"random__B__40013","27000","weapon","","core:storm_fork","589","261","527","43869","19730","0","838","527","25948","0","589","298","24139","0.4431239388794567","0.5059422750424448"
"random__B__40014","27000","weapon","","core:ember_wand","8616","10","2234","144433","62925","0","955845","2234","26759","0","8539","6435","81508","0.001160631383472609","0.7536011242534255"
"random__B__40014","27000","weapon","","core:frost_chain","1179","114","382","16364","10244","0","4710","382","26580","0","1176","794","6120","0.09669211195928754","0.6751700680272109"
"random__B__40014","27000","weapon","","core:iron_blade","1248","1103","53","1765","1265","0","241","53","27006","0","1248","1209","500","0.8838141025641025","0.96875"
"random__B__40014","27000","weapon","","core:storm_fork","379","171","194","12019","8320","0","494","194","15078","0","379","185","3699","0.45118733509234826","0.48812664907651715"
"random__B__40014","27000","weapon","","core:ward_orbit","5455","3797","1701","85756","59936","0","2869","1701","24710","0","5403","4099","25820","0.6960586617781852","0.7586526004071812"
"random__B__40015","27000","weapon","","core:canal_bow","6805","60","1127","96381","33698","0","68985","1127","26608","0","6748","6090","62683","0.00881704628949302","0.9024896265560166"
"random__B__40015","27000","weapon","","core:frost_chain","1858","550","1401","83175","47754","0","3149","1401","26760","0","1844","1017","35421","0.2960172228202368","0.5515184381778742"
"random__B__40015","27000","weapon","","core:iron_blade","1818","1636","98","6006","2788","0","332","98","27002","0","1818","1746","3218","0.8998899889988999","0.9603960396039604"
"random__B__40015","27000","weapon","","core:levy_banner","946","830","1326","60190","43185","0","168","1326","25868","0","944","383","17005","0.8773784355179705","0.4057203389830508"
"random__B__40015","27000","weapon","","core:spore_fan","2969","1397","5687","374127","222623","0","3022","5687","26148","0","2960","1509","151504","0.47052879757494104","0.5097972972972973"
"random__B__40016","27000","weapon","","core:ember_wand","1616","9","1081","112224","32551","0","315379","1081","26248","0","1604","966","79673","0.005569306930693069","0.6022443890274314"
"random__B__40016","27000","weapon","","core:harvest_scythe","736","195","821","84602","28208","0","1495","821","25408","0","736","324","56394","0.264945652173913","0.44021739130434784"
"random__B__40016","27000","weapon","","core:iron_blade","1369","487","1037","138389","33909","0","3064","1037","27002","0","1369","901","104480","0.3557341124908692","0.6581446311176041"
"random__B__40016","27000","weapon","","core:storm_fork","559","158","412","34213","12815","0","1096","412","25912","0","559","177","21398","0.2826475849731664","0.31663685152057247"
"random__B__40016","27000","weapon","","core:ward_orbit","1585","782","2675","188566","84961","0","1673","2675","26760","0","1579","427","103605","0.4933753943217666","0.27042431918936033"
"random__B__40017","27000","weapon","","core:canal_bow","1178","111","650","57502","19491","0","4291","650","26107","0","1176","526","38011","0.09422750424448217","0.44727891156462585"
"random__B__40017","27000","weapon","","core:iron_blade","1526","1474","42","1557","964","0","132","42","27010","0","1526","1495","593","0.9659239842726082","0.9796854521625163"
"random__B__40017","27000","weapon","","core:mill_disc","604","578","1335","140749","37972","0","27","1335","23608","0","604","363","102777","0.956953642384106","0.6009933774834437"
"random__B__40017","27000","weapon","","core:spore_fan","6862","5015","7088","796271","317114","0","2785","7088","25859","0","6789","4940","479157","0.7308364908190033","0.7276476653409928"
"random__B__40017","27000","weapon","","core:storm_fork","651","610","44","1949","1011","0","81","44","26500","0","651","610","938","0.9370199692780338","0.9370199692780338"
"random__B__40018","27000","weapon","","core:harvest_scythe","724","512","343","20782","11104","0","463","343","26790","0","724","540","9678","0.7071823204419889","0.7458563535911602"
"random__B__40018","27000","weapon","","core:iron_blade","1039","898","107","5622","2839","0","234","107","27020","0","1039","957","2783","0.8642925890279115","0.9210779595765158"
"random__B__40018","27000","weapon","","core:levy_banner","849","557","2193","132507","82896","0","542","2193","24212","0","846","143","49611","0.6560659599528857","0.1690307328605201"
"random__B__40018","27000","weapon","","core:spore_fan","1614","530","6046","333324","204395","0","3126","6046","24488","0","1607","521","128929","0.32837670384138784","0.3242065961418793"
"random__B__40018","27000","weapon","","core:storm_fork","580","304","495","28284","17282","0","611","495","25258","0","580","311","11002","0.5241379310344828","0.5362068965517242"
"random__B__40019","27000","weapon","","core:ember_wand","2868","20","1312","79355","36445","0","308497","1312","26792","0","2846","1630","42910","0.00697350069735007","0.5727336612789881"
"random__B__40019","27000","weapon","","core:harvest_scythe","807","377","278","16346","8515","0","983","278","26622","0","807","622","7831","0.46716232961586124","0.7707558859975217"
"random__B__40019","27000","weapon","","core:iron_blade","1130","1098","14","333","256","0","61","14","27004","0","1130","1118","77","0.9716814159292035","0.9893805309734514"
"random__B__40019","27000","weapon","","core:storm_fork","617","190","308","15430","8706","0","1131","308","25920","0","617","344","6724","0.3079416531604538","0.5575364667747164"
"random__B__40019","27000","weapon","","core:ward_orbit","5259","980","4994","273417","159733","0","14933","4994","26172","0","5216","2412","113684","0.18634721429929643","0.4624233128834356"
"random__B__40020","27000","weapon","","core:frost_chain","1175","282","209","3749","3516","0","3129","209","25348","0","1175","966","233","0.24","0.8221276595744681"
"random__B__40020","27000","weapon","","core:harvest_scythe","1309","308","3295","216033","107182","0","4037","3295","26710","0","1309","357","108851","0.23529411764705882","0.2727272727272727"
"random__B__40020","27000","weapon","","core:iron_blade","1490","1423","43","1394","907","0","96","43","27002","0","1490","1457","487","0.9550335570469799","0.9778523489932885"
"random__B__40020","27000","weapon","","core:levy_banner","3529","1332","5547","310652","201487","0","6671","5547","26762","0","3506","1072","109165","0.3774440351374327","0.3057615516257844"
"random__B__40020","27000","weapon","","core:ward_orbit","7227","6274","881","16621","13800","0","1575","881","26542","0","7183","6573","2821","0.8681333886813339","0.9150772657663929"
"random__B__40021","27000","weapon","","core:canal_bow","1147","3","475","21309","11930","0","107341","475","26700","0","1141","755","9379","0.0026155187445510027","0.6617002629272568"
"random__B__40021","27000","weapon","","core:ember_wand","1780","11","566","23351","13908","0","100402","566","24218","0","1764","1240","9443","0.006179775280898876","0.7029478458049887"
"random__B__40021","27000","weapon","","core:frost_chain","1032","40","1008","33385","24645","0","5923","1008","26494","0","1029","473","8740","0.03875968992248062","0.45966958211856174"
"random__B__40021","27000","weapon","","core:iron_blade","990","525","268","9542","5548","0","978","268","27016","0","990","800","3994","0.5303030303030303","0.8080808080808081"
"random__B__40021","27000","weapon","","core:storm_fork","606","73","735","26098","16881","0","1902","735","26598","0","606","80","9217","0.12046204620462046","0.132013201320132"
"random__B__40022","27000","weapon","","core:harvest_scythe","994","669","36","1382","804","0","558","36","22366","0","994","968","578","0.6730382293762576","0.9738430583501007"
"random__B__40022","27000","weapon","","core:iron_blade","2026","1873","48","1190","880","0","258","48","27004","0","2026","2001","310","0.9244817374136229","0.9876604146100691"
"random__B__40022","27000","weapon","","core:spore_fan","9378","1993","2570","121206","81306","0","26927","2570","24714","0","9378","8608","39900","0.2125186606952442","0.9178929409255705"
"random__B__40022","27000","weapon","","core:storm_fork","845","379","80","2507","1805","0","1130","80","26190","0","845","765","702","0.4485207100591716","0.9053254437869822"
"random__B__40022","27000","weapon","","core:ward_orbit","17821","8442","4364","243562","137974","0","23525","4364","26457","0","17761","14778","105588","0.4737107906402559","0.8320477450593998"
"random__B__40023","27000","weapon","","core:canal_bow","1064","6","785","52550","23098","0","14647","785","25929","0","1062","277","29452","0.005639097744360902","0.2608286252354049"
"random__B__40023","27000","weapon","","core:frost_chain","857","52","810","53885","29677","0","5081","810","23802","0","854","272","24208","0.060676779463243874","0.3185011709601874"
"random__B__40023","27000","weapon","","core:iron_blade","1003","428","616","46642","19078","0","1686","616","27016","0","1003","680","27564","0.4267198404785643","0.6779661016949152"
"random__B__40023","27000","weapon","","core:spore_fan","1169","153","5531","352098","208487","0","4661","5531","20223","0","1162","117","143611","0.13088109495295125","0.10068846815834767"
"random__B__40023","27000","weapon","","core:storm_fork","567","100","543","33456","18562","0","1803","543","26550","0","567","101","14894","0.1763668430335097","0.1781305114638448"
"random__B__40024","27000","weapon","","core:canal_bow","1231","13","1862","104258","53131","0","14937","1862","26184","0","1225","469","51127","0.010560519902518278","0.38285714285714284"
"random__B__40024","27000","weapon","","core:harvest_scythe","818","174","1391","89517","42609","0","2104","1391","25664","0","818","268","46908","0.21271393643031786","0.3276283618581907"
"random__B__40024","27000","weapon","","core:iron_blade","1053","695","258","13420","7466","0","686","258","27010","0","1053","896","5954","0.6600189933523267","0.8509021842355176"
"random__B__40024","27000","weapon","","core:spore_fan","1287","291","5788","202218","148294","0","3062","5788","26490","0","1281","185","53924","0.2261072261072261","0.1444184231069477"
"random__B__40024","27000","weapon","","core:ward_orbit","1931","1193","2142","60112","44476","0","1385","2142","23794","0","1920","820","15636","0.6178146038322113","0.4270833333333333"
"random__B__40025","27000","weapon","","core:frost_chain","1240","137","476","24349","14204","0","10418","476","23368","0","1240","764","10145","0.11048387096774194","0.6161290322580645"
"random__B__40025","27000","weapon","","core:iron_blade","1110","721","118","7150","3539","0","780","118","27008","0","1110","1024","3611","0.6495495495495496","0.9225225225225225"
"random__B__40025","27000","weapon","","core:levy_banner","776","362","1602","92456","61880","0","1535","1602","24844","0","776","360","30576","0.46649484536082475","0.4639175257731959"
"random__B__40025","27000","weapon","","core:storm_fork","658","117","562","41796","23283","0","3752","562","24526","0","658","373","18513","0.1778115501519757","0.5668693009118541"
"random__B__40025","27000","weapon","","core:ward_orbit","10766","4412","4255","246797","149100","0","16653","4255","25859","0","10694","7908","97697","0.4098086568827791","0.7394800822891341"
"random__B__40026","27000","weapon","","core:canal_bow","1029","27","959","97025","28402","0","7690","959","26294","0","1025","460","68623","0.026239067055393587","0.44878048780487806"
"random__B__40026","27000","weapon","","core:frost_chain","802","232","403","30246","11964","0","1693","403","25680","0","801","398","18282","0.2892768079800499","0.4968789013732834"
"random__B__40026","27000","weapon","","core:iron_blade","900","812","72","4470","2006","0","141","72","27000","0","900","850","2464","0.9022222222222223","0.9444444444444444"
"random__B__40026","27000","weapon","","core:levy_banner","715","530","1613","117576","64886","0","326","1613","26676","0","713","144","52690","0.7412587412587412","0.20196353436185133"
"random__B__40026","27000","weapon","","core:spore_fan","1367","327","5321","543864","213913","0","3499","5321","25866","0","1363","314","329951","0.23920994879297733","0.23037417461482024"
"random__B__40027","27000","weapon","","core:canal_bow","1094","8","632","38859","18682","0","8385","632","22373","0","1091","459","20177","0.007312614259597806","0.42071494042163154"
"random__B__40027","27000","weapon","","core:harvest_scythe","846","438","623","40499","20431","0","815","623","26116","0","846","503","20068","0.5177304964539007","0.5945626477541371"
"random__B__40027","27000","weapon","","core:iron_blade","1433","1126","252","14974","7624","0","533","252","27006","0","1433","1254","7350","0.7857641311933008","0.8750872295882763"
"random__B__40027","27000","weapon","","core:mill_disc","527","238","1561","98662","44713","0","609","1561","23341","0","525","275","53949","0.45161290322580644","0.5238095238095238"
"random__B__40027","27000","weapon","","core:spore_fan","1749","562","5107","288217","188088","0","2824","5107","24940","0","1737","461","100129","0.3213264722698685","0.2654001151410478"
"random__B__40028","27000","weapon","","core:canal_bow","826","0","177","9538","5229","0","141767","177","18545","0","820","643","4309","0","0.7841463414634147"
"random__B__40028","27000","weapon","","core:frost_chain","959","7","199","8229","5841","0","8981","199","24358","0","954","755","2388","0.0072992700729927005","0.7914046121593291"
"random__B__40028","27000","weapon","","core:iron_blade","1122","294","721","40203","17675","0","2490","721","27008","0","1122","741","22528","0.2620320855614973","0.660427807486631"
"random__B__40028","27000","weapon","","core:mill_disc","704","10","200","12662","5248","0","5467","200","26438","0","702","548","7414","0.014204545454545454","0.7806267806267806"
"random__B__40028","27000","weapon","","core:ward_orbit","1872","511","4579","148970","102933","0","3492","4579","23990","0","1860","270","46037","0.27297008547008544","0.14516129032258066"
"random__B__40029","27000","weapon","","core:ember_wand","7559","107","934","85210","27899","0","68912","934","26729","0","7493","6832","57311","0.014155311549146713","0.9117843320432404"
"random__B__40029","27000","weapon","","core:iron_blade","1203","1099","76","3416","1947","0","184","76","27018","0","1203","1149","1469","0.913549459684123","0.9551122194513716"
"random__B__40029","27000","weapon","","core:mill_disc","582","372","110","6322","2984","0","436","110","23612","0","582","530","3338","0.6391752577319587","0.9106529209621993"
"random__B__40029","27000","weapon","","core:spore_fan","6320","4151","7942","624656","308032","0","4966","7942","26488","0","6284","4571","316624","0.6568037974683544","0.7274029280712921"
"random__B__40029","27000","weapon","","core:storm_fork","626","432","199","13374","6689","0","363","199","23972","0","626","476","6685","0.6900958466453674","0.7603833865814696"
"random__B__40030","27000","weapon","","core:frost_chain","1165","129","862","31334","22419","0","6242","862","26680","0","1158","424","8915","0.11072961373390558","0.36614853195164077"
"random__B__40030","27000","weapon","","core:iron_blade","1036","968","28","786","609","0","99","28","27000","0","1036","1015","177","0.9343629343629344","0.9797297297297297"
"random__B__40030","27000","weapon","","core:levy_banner","840","384","4187","166644","120728","0","1138","4187","26776","0","837","39","45916","0.45714285714285713","0.04659498207885305"
"random__B__40030","27000","weapon","","core:storm_fork","627","162","595","26801","17492","0","1684","595","26282","0","627","179","9309","0.2583732057416268","0.28548644338118023"
"random__B__40030","27000","weapon","","core:ward_orbit","3501","1446","6069","201682","143230","0","5350","6069","25922","0","3479","987","58452","0.4130248500428449","0.2837022132796781"
"random__B__40031","27000","weapon","","core:canal_bow","1186","32","988","63212","28382","0","8163","988","23535","0","1180","357","34830","0.026981450252951095","0.30254237288135594"
"random__B__40031","27000","weapon","","core:harvest_scythe","783","659","152","7816","4009","0","205","152","26556","0","783","687","3807","0.8416347381864623","0.8773946360153256"
"random__B__40031","27000","weapon","","core:iron_blade","1119","1022","76","3392","2065","0","146","76","27014","0","1119","1065","1327","0.9133154602323503","0.9517426273458445"
"random__B__40031","27000","weapon","","core:levy_banner","674","601","1110","62390","40256","0","111","1110","19376","0","670","228","22134","0.8916913946587537","0.3402985074626866"
"random__B__40031","27000","weapon","","core:spore_fan","2709","1292","6239","390384","227652","0","3194","6239","26643","0","2679","1250","162732","0.47692875599852347","0.4665920119447555"
"random__C__40000","27000","weapon","","core:frost_chain","720","224","527","28006","15084","0","1372","527","24376","0","719","192","12922","0.3111111111111111","0.2670375521557719"
"random__C__40000","27000","weapon","","core:harvest_scythe","669","565","116","5293","2960","0","184","116","26760","0","669","588","2333","0.8445440956651719","0.8789237668161435"
"random__C__40000","27000","weapon","","core:iron_blade","968","899","41","1688","1019","0","136","41","27000","0","968","940","669","0.9287190082644629","0.9710743801652892"
"random__C__40000","27000","weapon","","core:spore_fan","1839","570","7079","578813","271565","0","3627","7079","22661","0","1826","534","307248","0.3099510603588907","0.29244249726177435"
"random__C__40000","27000","weapon","","core:ward_orbit","1284","1154","445","17267","10182","0","165","445","25180","0","1279","994","7085","0.8987538940809969","0.7771696637998436"
"random__C__40001","27000","weapon","","core:harvest_scythe","688","286","1150","139142","42235","0","1583","1150","23876","0","688","329","96907","0.41569767441860467","0.47819767441860467"
"random__C__40001","27000","weapon","","core:iron_blade","944","835","78","6141","2556","0","177","78","27000","0","944","886","3585","0.8845338983050848","0.9385593220338984"
"random__C__40001","27000","weapon","","core:spore_fan","1711","498","5395","451947","211671","0","3845","5395","26490","0","1702","443","240276","0.2910578609000584","0.2602820211515864"
"random__C__40001","27000","weapon","","core:storm_fork","485","270","196","14246","7840","0","505","196","23250","0","485","289","6406","0.5567010309278351","0.5958762886597938"
"random__C__40001","27000","weapon","","core:ward_orbit","1316","1018","1239","79415","40076","0","474","1239","25528","0","1310","673","39339","0.7735562310030395","0.5137404580152671"
"random__C__40002","27000","weapon","","core:ember_wand","1819","35","807","45690","22761","0","19029","807","26250","0","1805","1028","22929","0.019241341396371632","0.5695290858725762"
"random__C__40002","27000","weapon","","core:iron_blade","900","764","98","5227","2891","0","252","98","27000","0","900","843","2336","0.8488888888888889","0.9366666666666666"
"random__C__40002","27000","weapon","","core:levy_banner","689","357","3793","185650","122329","0","694","3793","26658","0","687","23","63321","0.5181422351233672","0.033478893740902474"
"random__C__40002","27000","weapon","","core:storm_fork","537","126","524","30563","16569","0","1354","524","25558","0","537","139","13994","0.2346368715083799","0.25884543761638734"
"random__C__40002","27000","weapon","","core:ward_orbit","1312","566","3506","166893","96044","0","1700","3506","25078","0","1307","213","70849","0.43140243902439024","0.16296863045141546"
"random__C__40003","27000","weapon","","core:ember_wand","3467","10","1338","51111","34222","0","391150","1338","26219","0","3437","2406","16889","0.002884338044418806","0.7000290951411114"
"random__C__40003","27000","weapon","","core:frost_chain","1542","31","1972","92851","62115","0","16150","1972","26644","0","1535","544","30736","0.020103761348897537","0.3543973941368078"
"random__C__40003","27000","weapon","","core:iron_blade","1160","582","385","17743","9519","0","1367","385","27008","0","1160","924","8224","0.5017241379310344","0.7965517241379311"
"random__C__40003","27000","weapon","","core:mill_disc","560","70","229","8336","5511","0","1813","229","25248","0","558","451","2825","0.125","0.8082437275985663"
"random__C__40003","27000","weapon","","core:storm_fork","583","70","640","25638","16764","0","2096","640","24340","0","583","76","8874","0.12006861063464837","0.13036020583190394"
"random__C__40004","27000","weapon","","core:harvest_scythe","699","283","987","60590","28448","0","1172","987","26514","0","699","309","32142","0.40486409155937053","0.44206008583690987"
"random__C__40004","27000","weapon","","core:iron_blade","900","833","42","1858","774","0","104","42","27000","0","900","868","1084","0.9255555555555556","0.9644444444444444"
"random__C__40004","27000","weapon","","core:levy_banner","675","413","2144","87093","59013","0","557","2144","25834","0","673","94","28080","0.6118518518518519","0.13967310549777118"
"random__C__40004","27000","weapon","","core:mill_disc","567","138","176","11119","6403","0","1572","176","26763","0","565","428","4716","0.24338624338624337","0.7575221238938054"
"random__C__40004","27000","weapon","","core:spore_fan","946","259","2594","103998","69079","0","2149","2594","24480","0","941","248","34919","0.273784355179704","0.2635494155154091"
"random__C__40005","27000","weapon","","core:harvest_scythe","683","577","111","5398","3097","0","140","111","25954","0","683","595","2301","0.8448023426061494","0.8711566617862372"
"random__C__40005","27000","weapon","","core:iron_blade","900","871","32","943","625","0","94","32","27000","0","900","881","318","0.9677777777777777","0.9788888888888889"
"random__C__40005","27000","weapon","","core:levy_banner","852","654","1468","77666","50386","0","290","1468","26434","0","849","261","27280","0.7676056338028169","0.30742049469964666"
"random__C__40005","27000","weapon","","core:spore_fan","1166","396","3614","227053","126274","0","2139","3614","24450","0","1160","404","100779","0.33962264150943394","0.3482758620689655"
"random__C__40005","27000","weapon","","core:ward_orbit","1821","1185","1892","89635","54245","0","1180","1892","26556","0","1809","799","35390","0.6507413509060955","0.44168048645660585"
"random__C__40006","27000","weapon","","core:harvest_scythe","700","472","301","16489","8266","0","397","301","25830","0","700","511","8223","0.6742857142857143","0.73"
"random__C__40006","27000","weapon","","core:iron_blade","1115","840","287","21100","8296","0","505","287","27014","0","1115","944","12804","0.7533632286995515","0.8466367713004485"
"random__C__40006","27000","weapon","","core:levy_banner","878","553","1843","114347","66588","0","616","1843","24502","0","873","213","47759","0.6298405466970387","0.24398625429553264"
"random__C__40006","27000","weapon","","core:spore_fan","1567","479","4706","307985","161805","0","3115","4706","26583","0","1554","486","146180","0.3056796426292278","0.3127413127413127"
"random__C__40006","27000","weapon","","core:ward_orbit","1377","1190","716","23527","14637","0","240","716","22956","0","1368","918","8890","0.8641975308641975","0.6710526315789473"
"random__C__40007","27000","weapon","","core:harvest_scythe","929","749","260","13703","7484","0","296","260","24844","0","929","765","6219","0.806243272335845","0.8234660925726588"
"random__C__40007","27000","weapon","","core:iron_blade","1342","1280","61","1767","1189","0","151","61","27006","0","1342","1307","578","0.9538002980625931","0.973919523099851"
"random__C__40007","27000","weapon","","core:levy_banner","1109","989","1592","68669","47900","0","199","1592","26376","0","1105","445","20769","0.8917944093778178","0.40271493212669685"
"random__C__40007","27000","weapon","","core:spore_fan","5707","4096","5914","379324","217113","0","2803","5914","24320","0","5618","4066","162211","0.7177150867355879","0.7237451050195799"
"random__C__40007","27000","weapon","","core:storm_fork","989","509","1192","79027","41874","0","936","1192","26214","0","989","522","37153","0.5146612740141557","0.5278058645096056"
"random__C__40008","27000","weapon","","core:ember_wand","1602","114","584","24514","14663","0","6834","584","24842","0","1600","1016","9851","0.07116104868913857","0.635"
"random__C__40008","27000","weapon","","core:frost_chain","982","294","618","22976","17794","0","1765","618","26270","0","979","503","5182","0.29938900203665986","0.5137895812053116"
"random__C__40008","27000","weapon","","core:iron_blade","992","898","49","1396","1073","0","119","49","27012","0","992","955","323","0.905241935483871","0.9627016129032258"
"random__C__40008","27000","weapon","","core:levy_banner","779","600","1724","68166","46358","0","246","1724","24106","0","774","149","21808","0.7702182284980744","0.1925064599483204"
"random__C__40008","27000","weapon","","core:spore_fan","1607","681","3234","163731","101900","0","1794","3234","22768","0","1597","677","61831","0.4237710018668326","0.42391984971822166"
"random__C__40009","27000","weapon","","core:ember_wand","4231","65","549","28233","15238","0","29516","549","20040","0","4231","3682","12995","0.015362798392814937","0.87024344126684"
"random__C__40009","27000","weapon","","core:frost_chain","837","345","245","7863","5854","0","1110","245","22234","0","837","592","2009","0.4121863799283154","0.7072879330943848"
"random__C__40009","27000","weapon","","core:iron_blade","1258","1222","21","569","412","0","56","21","27004","0","1258","1243","157","0.9713831478537361","0.9880763116057234"
"random__C__40009","27000","weapon","","core:spore_fan","9104","5377","7312","451462","264825","0","7255","7312","26429","0","9088","7430","186637","0.5906195079086116","0.8175616197183099"
"random__C__40009","27000","weapon","","core:ward_orbit","6216","5426","995","35911","21751","0","1141","995","26789","0","6172","5560","14160","0.8729086229086229","0.9008425145819832"
"random__C__40010","27000","weapon","","core:harvest_scythe","1027","339","1597","104094","56618","0","1941","1597","26584","0","1027","389","47476","0.33008763388510226","0.37877312560856863"
"random__C__40010","27000","weapon","","core:iron_blade","1696","1250","488","30749","15665","0","896","488","27000","0","1696","1411","15084","0.7370283018867925","0.8319575471698113"
"random__C__40010","27000","weapon","","core:levy_banner","1716","671","4981","322374","190098","0","2837","4981","25906","0","1707","178","132276","0.391025641025641","0.10427650849443468"
"random__C__40010","27000","weapon","","core:mill_disc","809","193","1309","88955","38090","0","2366","1309","26191","0","805","404","50865","0.23856613102595797","0.5018633540372671"
"random__C__40010","27000","weapon","","core:storm_fork","705","249","431","20816","13466","0","1107","431","24992","0","705","274","7350","0.35319148936170214","0.38865248226950355"
"random__C__40011","27000","weapon","","core:ember_wand","13157","805","1276","72175","35058","0","60203","1276","26699","0","13075","11922","37117","0.06118416052291556","0.9118164435946463"
"random__C__40011","27000","weapon","","core:iron_blade","1677","1447","192","17280","5966","0","363","192","27004","0","1677","1543","11314","0.862850327966607","0.9200954084675015"
"random__C__40011","27000","weapon","","core:spore_fan","10911","8833","5882","343025","211229","0","2992","5882","26602","0","10846","8909","131796","0.8095499954174686","0.8214088143094228"
"random__C__40011","27000","weapon","","core:storm_fork","632","530","87","3074","2113","0","135","87","26198","0","632","545","961","0.8386075949367089","0.8623417721518988"
"random__C__40011","27000","weapon","","core:ward_orbit","2153","2027","236","5484","4063","0","168","236","26520","0","2144","1953","1421","0.9414770088248955","0.9109141791044776"
"random__C__40012","27000","weapon","","core:harvest_scythe","597","361","434","29844","12732","0","721","434","23636","0","597","408","17112","0.6046901172529313","0.6834170854271356"
"random__C__40012","27000","weapon","","core:iron_blade","900","785","75","2419","1765","0","338","75","27000","0","900","848","654","0.8722222222222222","0.9422222222222222"
"random__C__40012","27000","weapon","","core:mill_disc","567","55","310","20681","9978","0","2494","310","26549","0","565","374","10703","0.09700176366843033","0.6619469026548672"
"random__C__40012","27000","weapon","","core:storm_fork","652","47","1489","114774","50581","0","3453","1489","25928","0","652","53","64193","0.07208588957055215","0.08128834355828221"
"random__C__40012","27000","weapon","","core:ward_orbit","1346","573","3472","177304","96697","0","1766","3472","22422","0","1340","221","80607","0.42570579494799404","0.16492537313432837"
"random__C__40013","27000","weapon","","core:iron_blade","1098","1069","26","970","661","0","70","26","27012","0","1098","1079","309","0.9735883424408015","0.982695810564663"
"random__C__40013","27000","weapon","","core:levy_banner","1100","912","1314","101490","54431","0","296","1314","24748","0","1094","467","47059","0.8290909090909091","0.42687385740402195"
"random__C__40013","27000","weapon","","core:spore_fan","2091","689","6361","525760","251184","0","3528","6361","26406","0","2080","683","274576","0.32950741272118605","0.3283653846153846"
"random__C__40013","27000","weapon","","core:storm_fork","630","491","166","10331","6059","0","216","166","25930","0","630","496","4272","0.7793650793650794","0.7873015873015873"
"random__C__40013","27000","weapon","","core:ward_orbit","2352","2259","234","10658","6335","0","123","234","23434","0","2338","2161","4323","0.9604591836734694","0.9242942686056459"
"random__C__40014","27000","weapon","","core:ember_wand","6574","7","1685","99213","45527","0","1121308","1685","26759","0","6488","5262","53686","0.0010648007301490721","0.811035758323058"
"random__C__40014","27000","weapon","","core:frost_chain","984","45","359","11581","8252","0","5494","359","26590","0","980","621","3329","0.04573170731707317","0.6336734693877552"
"random__C__40014","27000","weapon","","core:harvest_scythe","692","188","712","41839","22563","0","1364","712","22602","0","692","301","19276","0.27167630057803466","0.434971098265896"
"random__C__40014","27000","weapon","","core:iron_blade","1121","827","113","4771","2901","0","489","113","27012","0","1121","1037","1870","0.7377341659232828","0.9250669045495094"
"random__C__40014","27000","weapon","","core:ward_orbit","2276","911","2606","100098","62931","0","3043","2606","24712","0","2258","892","37167","0.40026362038664326","0.3950398582816652"
"random__C__40015","27000","weapon","","core:canal_bow","8556","95","1480","137329","42675","0","87412","1480","26608","0","8495","7698","94654","0.011103319308087892","0.9061801059446734"
"random__C__40015","27000","weapon","","core:frost_chain","1402","569","273","10592","6703","0","2138","273","26760","0","1396","1123","3889","0.405848787446505","0.8044412607449857"
"random__C__40015","27000","weapon","","core:iron_blade","1604","1437","109","5070","2895","0","283","109","27000","0","1604","1527","2175","0.8958852867830424","0.9519950124688279"
"random__C__40015","27000","weapon","","core:levy_banner","1249","989","1494","76503","49283","0","511","1494","25856","0","1249","650","27220","0.7918334667734187","0.5204163330664532"
"random__C__40015","27000","weapon","","core:spore_fan","8774","5479","5157","356719","202016","0","8433","5157","26146","0","8745","7212","154703","0.6244586277638478","0.8246998284734134"
"random__C__40016","27000","weapon","","core:ember_wand","2263","12","1053","75826","30908","0","180988","1053","26250","0","2233","1368","44918","0.005302695536897923","0.612628750559785"
"random__C__40016","27000","weapon","","core:harvest_scythe","684","381","330","24119","11059","0","562","330","25434","0","684","478","13060","0.5570175438596491","0.6988304093567251"
"random__C__40016","27000","weapon","","core:iron_blade","1401","566","1173","151791","43684","0","3507","1173","27004","0","1401","907","108107","0.4039971448965025","0.6473947180585297"
"random__C__40016","27000","weapon","","core:storm_fork","588","208","546","40102","19119","0","848","546","25934","0","588","223","20983","0.35374149659863946","0.3792517006802721"
"random__C__40016","27000","weapon","","core:ward_orbit","2274","1031","2885","187164","94268","0","2421","2885","26764","0","2263","768","92896","0.45338610378188215","0.3393725143614671"
"random__C__40017","27000","weapon","","core:canal_bow","1053","83","549","38943","15416","0","3839","549","26112","0","1051","502","23527","0.0788224121557455","0.4776403425309229"
"random__C__40017","27000","weapon","","core:iron_blade","1194","1141","42","1527","964","0","134","42","27008","0","1194","1163","563","0.9556113902847572","0.974036850921273"
"random__C__40017","27000","weapon","","core:mill_disc","591","573","1226","103357","35342","0","19","1226","23599","0","589","306","68015","0.9695431472081218","0.5195246179966044"
"random__C__40017","27000","weapon","","core:spore_fan","4213","2404","7187","698347","311642","0","2983","7187","25860","0","4191","2352","386705","0.5706147638262521","0.5612025769506085"
"random__C__40017","27000","weapon","","core:storm_fork","640","599","41","1532","858","0","81","41","26504","0","640","599","674","0.9359375","0.9359375"
"random__C__40018","27000","weapon","","core:ember_wand","2044","139","903","56113","25035","0","13257","903","25830","0","2016","1113","31078","0.06800391389432485","0.5520833333333334"
"random__C__40018","27000","weapon","","core:harvest_scythe","737","398","479","30249","16928","0","658","479","26792","0","737","447","13321","0.5400271370420624","0.6065128900949797"
"random__C__40018","27000","weapon","","core:iron_blade","1034","878","78","3447","1937","0","247","78","27014","0","1034","972","1510","0.8491295938104448","0.9400386847195358"
"random__C__40018","27000","weapon","","core:levy_banner","1114","387","3918","337933","161530","0","1944","3918","24476","0","1108","91","176403","0.3473967684021544","0.08212996389891697"
"random__C__40018","27000","weapon","","core:ward_orbit","1843","1226","1250","68267","41635","0","1029","1250","23326","0","1832","1074","26632","0.6652197504069451","0.5862445414847162"
"random__C__40019","27000","weapon","","core:ember_wand","12092","80","1473","44884","31484","0","838663","1473","26789","0","12020","10547","13400","0.006615944426066821","0.8774542429284525"
"random__C__40019","27000","weapon","","core:harvest_scythe","973","314","1164","65126","35888","0","2560","1164","26618","0","973","545","29238","0.3227132579650565","0.5601233299075026"
"random__C__40019","27000","weapon","","core:iron_blade","1470","935","283","13379","8175","0","1015","283","27004","0","1470","1279","5204","0.6360544217687075","0.8700680272108844"
"random__C__40019","27000","weapon","","core:storm_fork","778","167","1045","46750","28122","0","2316","1045","25918","0","778","310","18628","0.21465295629820053","0.39845758354755784"
"random__C__40019","27000","weapon","","core:ward_orbit","7187","3134","2944","74227","56478","0","9056","2944","26171","0","7123","5076","17749","0.4360651175733964","0.7126210866208058"
"random__C__40020","27000","weapon","","core:frost_chain","863","179","214","6725","5593","0","2057","214","25348","0","863","649","1132","0.2074159907300116","0.7520278099652375"
"random__C__40020","27000","weapon","","core:harvest_scythe","750","542","257","10861","6502","0","318","257","26710","0","750","574","4359","0.7226666666666667","0.7653333333333333"
"random__C__40020","27000","weapon","","core:iron_blade","1063","1043","10","256","218","0","27","10","27016","0","1063","1053","38","0.9811853245531514","0.9905926622765757"
"random__C__40020","27000","weapon","","core:levy_banner","1629","522","3627","242547","134663","0","2807","3627","26762","0","1617","338","107884","0.32044198895027626","0.20902906617192332"
"random__C__40020","27000","weapon","","core:ward_orbit","2982","1437","2651","105734","69450","0","3018","2651","26542","0","2945","1538","36284","0.4818913480885312","0.5222410865874363"
"random__C__40021","27000","weapon","","core:canal_bow","1054","26","417","13408","9628","0","7660","417","26709","0","1051","634","3780","0.024667931688804556","0.6032350142721218"
"random__C__40021","27000","weapon","","core:frost_chain","1051","136","521","17379","13045","0","3573","521","26502","0","1048","612","4334","0.12940057088487156","0.583969465648855"
"random__C__40021","27000","weapon","","core:iron_blade","1078","667","307","11963","6341","0","875","307","27014","0","1078","884","5622","0.6187384044526901","0.8200371057513914"
"random__C__40021","27000","weapon","","core:levy_banner","704","387","3436","101526","74395","0","594","3436","24054","0","701","18","27131","0.5497159090909091","0.025677603423680456"
"random__C__40021","27000","weapon","","core:storm_fork","690","151","1018","50594","29949","0","1820","1018","26596","0","690","156","20645","0.21884057971014492","0.22608695652173913"
"random__C__40022","27000","weapon","","core:harvest_scythe","1091","856","189","14842","5848","0","1264","189","22966","0","1091","1003","8994","0.7846012832263978","0.919340054995417"
"random__C__40022","27000","weapon","","core:iron_blade","1666","1605","49","1260","925","0","141","49","27004","0","1666","1641","335","0.9633853541416567","0.9849939975990396"
"random__C__40022","27000","weapon","","core:spore_fan","3630","1570","7795","409757","266361","0","5662","7795","24716","0","3628","1891","143396","0.4325068870523416","0.5212238147739802"
"random__C__40022","27000","weapon","","core:storm_fork","880","567","461","24304","15780","0","813","461","26176","0","880","661","8524","0.6443181818181818","0.7511363636363636"
"random__C__40022","27000","weapon","","core:ward_orbit","5620","4820","1127","34338","22761","0","1824","1127","26458","0","5575","4864","11577","0.8576512455516014","0.8724663677130045"
"random__C__40023","27000","weapon","","core:canal_bow","1043","25","445","26310","12391","0","6377","445","18348","0","1032","784","13919","0.023969319271332695","0.7596899224806202"
"random__C__40023","27000","weapon","","core:ember_wand","1496","270","318","11860","8170","0","3232","318","25386","0","1487","1169","3690","0.1804812834224599","0.7861466039004708"
"random__C__40023","27000","weapon","","core:iron_blade","1104","1042","33","1141","634","0","113","33","27016","0","1104","1076","507","0.9438405797101449","0.9746376811594203"
"random__C__40023","27000","weapon","","core:spore_fan","3249","1945","4788","287881","179012","0","2197","4788","24838","0","3205","1868","108869","0.5986457371498922","0.5828393135725429"
"random__C__40023","27000","weapon","","core:storm_fork","581","488","90","3546","2513","0","135","90","25838","0","581","491","1033","0.8399311531841652","0.8450946643717728"
"random__C__40024","27000","weapon","","core:canal_bow","2275","77","352","19628","8859","0","12517","352","26177","0","2264","2020","10769","0.033846153846153845","0.892226148409894"
"random__C__40024","27000","weapon","","core:ember_wand","3727","275","560","27906","14887","0","14454","560","25627","0","3712","3288","13019","0.07378588677220284","0.8857758620689655"
"random__C__40024","27000","weapon","","core:iron_blade","1199","1116","61","1659","1197","0","144","61","27000","0","1199","1158","462","0.9307756463719766","0.9658048373644704"
"random__C__40024","27000","weapon","","core:spore_fan","4462","2988","4741","238474","157310","0","2523","4741","26477","0","4388","2844","81164","0.6696548632900045","0.6481312670920693"
"random__C__40024","27000","weapon","","core:storm_fork","641","473","155","5363","3737","0","278","155","25012","0","641","486","1626","0.7379095163806553","0.7581903276131046"
"random__C__40025","27000","weapon","","core:frost_chain","3634","115","250","12018","7001","0","68934","250","23359","0","3634","3384","5017","0.03164556962025317","0.9312052834342323"
"random__C__40025","27000","weapon","","core:iron_blade","1194","676","70","3815","2005","0","959","70","27012","0","1194","1143","1810","0.5661641541038526","0.957286432160804"
"random__C__40025","27000","weapon","","core:levy_banner","736","512","697","35015","25683","0","342","697","24852","0","736","483","9332","0.6956521739130435","0.65625"
"random__C__40025","27000","weapon","","core:storm_fork","585","160","113","6488","3918","0","1297","113","24510","0","585","472","2570","0.27350427350427353","0.8068376068376069"
"random__C__40025","27000","weapon","","core:ward_orbit","14419","2964","5311","346452","194443","0","34680","5311","25859","0","14376","10969","152009","0.20556210555517027","0.7630077907623818"
"random__C__40026","27000","weapon","","core:canal_bow","1126","30","1087","115409","32222","0","7102","1087","26279","0","1121","580","83187","0.02664298401420959","0.5173951828724354"
"random__C__40026","27000","weapon","","core:frost_chain","869","261","950","79371","35451","0","1571","950","25680","0","864","360","43920","0.3003452243958573","0.4166666666666667"
"random__C__40026","27000","weapon","","core:iron_blade","900","827","47","2058","1049","0","110","47","27000","0","900","863","1009","0.9188888888888889","0.9588888888888889"
"random__C__40026","27000","weapon","","core:levy_banner","740","611","1269","81595","47646","0","204","1269","26696","0","737","203","33949","0.8256756756756757","0.27544097693351427"
"random__C__40026","27000","weapon","","core:spore_fan","1968","813","5102","489198","207372","0","2887","5102","25864","0","1957","796","281826","0.41310975609756095","0.4067450178845171"
"random__C__40027","27000","weapon","","core:ember_wand","6680","144","952","67274","28024","0","43726","952","21770","0","6657","6022","39250","0.02155688622754491","0.9046116869460719"
"random__C__40027","27000","weapon","","core:harvest_scythe","756","616","201","9528","5339","0","282","201","26132","0","756","642","4189","0.8148148148148148","0.8492063492063492"
"random__C__40027","27000","weapon","","core:iron_blade","1034","929","82","2559","1606","0","227","82","27008","0","1034","980","953","0.8984526112185687","0.9477756286266924"
"random__C__40027","27000","weapon","","core:spore_fan","5356","3928","5455","353588","200120","0","2882","5455","24932","0","5327","3835","153468","0.7333831217326363","0.7199174019147738"
"random__C__40027","27000","weapon","","core:storm_fork","611","376","381","24493","13319","0","482","381","22608","0","611","402","11174","0.6153846153846154","0.6579378068739771"
"random__C__40028","27000","weapon","","core:canal_bow","740","0","119","5495","3811","0","109205","119","18548","0","737","618","1684","0","0.8385345997286295"
"random__C__40028","27000","weapon","","core:frost_chain","963","10","290","12222","8807","0","8520","290","24348","0","961","726","3415","0.010384215991692628","0.7554630593132154"
"random__C__40028","27000","weapon","","core:iron_blade","1252","245","1017","68258","26884","0","3879","1017","27008","0","1252","759","41374","0.19568690095846644","0.6062300319488818"
"random__C__40028","27000","weapon","","core:mill_disc","715","13","165","10139","4842","0","5441","165","26465","0","712","594","5297","0.01818181818181818","0.8342696629213483"
"random__C__40028","27000","weapon","","core:ward_orbit","1816","511","4667","141841","101977","0","3130","4667","23990","0","1807","231","39864","0.2813876651982379","0.12783619258439402"
"random__C__40029","27000","weapon","","core:ember_wand","2885","293","688","37769","19342","0","10022","688","26730","0","2858","2171","18427","0.10155979202772963","0.7596221133659902"
"random__C__40029","27000","weapon","","core:iron_blade","1211","1115","72","2508","1568","0","165","72","27006","0","1211","1158","940","0.9207266721717589","0.9562345169281585"
"random__C__40029","27000","weapon","","core:mill_disc","532","420","143","7523","3673","0","217","143","23644","0","532","464","3850","0.7894736842105263","0.8721804511278195"
"random__C__40029","27000","weapon","","core:spore_fan","11841","9702","8162","578544","313921","0","3372","8162","26488","0","11768","9586","264623","0.8193564732708386","0.8145819170632222"
"random__C__40029","27000","weapon","","core:storm_fork","598","496","95","3431","2172","0","173","95","23972","0","598","503","1259","0.8294314381270903","0.8411371237458194"
"random__C__40030","27000","weapon","","core:frost_chain","2103","259","1414","60605","44304","0","8513","1414","26674","0","2081","958","16301","0.12315739419876368","0.46035559827006245"
"random__C__40030","27000","weapon","","core:iron_blade","2110","1267","614","43196","20901","0","1681","614","27006","0","2110","1716","22295","0.6004739336492891","0.8132701421800947"
"random__C__40030","27000","weapon","","core:levy_banner","1189","684","3511","161536","114402","0","863","3511","26768","0","1185","233","47134","0.575273338940286","0.19662447257383966"
"random__C__40030","27000","weapon","","core:storm_fork","1090","195","1504","102012","57142","0","3598","1504","26250","0","1090","520","44870","0.17889908256880735","0.47706422018348627"
"random__C__40030","27000","weapon","","core:ward_orbit","11970","7819","3156","111082","75273","0","6682","3156","25920","0","11910","9702","35809","0.6532163742690058","0.8146095717884131"
"random__C__40031","27000","weapon","","core:frost_chain","821","569","489","27897","13584","0","395","489","24692","0","820","331","14313","0.6930572472594397","0.4036585365853659"
"random__C__40031","27000","weapon","","core:harvest_scythe","715","650","57","2677","1387","0","78","57","26546","0","715","665","1290","0.9090909090909091","0.9300699300699301"
"random__C__40031","27000","weapon","","core:iron_blade","1016","943","51","2248","1143","0","109","51","27014","0","1016","978","1105","0.9281496062992126","0.9625984251968503"
"random__C__40031","27000","weapon","","core:levy_banner","653","618","654","37290","23875","0","43","654","24306","0","650","288","13415","0.9464012251148545","0.4430769230769231"
"random__C__40031","27000","weapon","","core:spore_fan","3297","2104","3817","356156","152840","0","1917","3817","26640","0","3252","2054","203316","0.6381558993023961","0.6316113161131611"
"weapon__A__40000","27000","weapon","","core:harvest_scythe","773","225","1222","79339","38658","0","1607","1222","26788","0","773","278","40681","0.2910737386804657","0.35963777490297544"
"weapon__A__40000","27000","weapon","","core:iron_blade","967","569","347","19177","9685","0","887","347","27016","0","967","759","9492","0.5884177869700103","0.7849017580144778"
"weapon__A__40000","27000","weapon","","core:levy_banner","658","367","3278","125829","90183","0","544","3278","24602","0","656","35","35646","0.5577507598784195","0.053353658536585365"
"weapon__A__40000","27000","weapon","","core:mill_disc","489","149","675","34518","18574","0","958","675","23121","0","486","277","15944","0.3047034764826176","0.5699588477366255"
"weapon__A__40000","27000","weapon","","core:storm_fork","537","176","496","24318","15264","0","955","496","25132","0","537","187","9054","0.32774674115456237","0.34823091247672255"
"weapon__A__40001","27000","weapon","","core:ember_wand","2055","157","270","7986","6038","0","7654","270","25628","0","2044","1774","1948","0.07639902676399027","0.8679060665362035"
"weapon__A__40001","27000","weapon","","core:frost_chain","1759","239","1452","72481","47823","0","5493","1452","25174","0","1748","957","24658","0.1358726549175668","0.5474828375286042"
"weapon__A__40001","27000","weapon","","core:iron_blade","1223","1171","23","657","306","0","82","23","27014","0","1223","1204","351","0.9574816026165167","0.9844644317252658"
"weapon__A__40001","27000","weapon","","core:spore_fan","1778","744","4839","149229","112160","0","2015","4839","26490","0","1763","618","37069","0.4184476940382452","0.35053885422575154"
"weapon__A__40001","27000","weapon","","core:ward_orbit","2780","2004","1599","41849","29972","0","1086","1599","26184","0","2765","1728","11877","0.720863309352518","0.6249547920433997"
"weapon__A__40002","27000","weapon","","core:ember_wand","3984","71","851","66701","24499","0","29720","851","26250","0","3939","3088","42202","0.01782128514056225","0.783955318608784"
"weapon__A__40002","27000","weapon","","core:iron_blade","916","784","71","4909","1912","0","199","71","27016","0","916","862","2997","0.8558951965065502","0.9410480349344978"
"weapon__A__40002","27000","weapon","","core:levy_banner","718","368","2712","186442","101985","0","639","2712","26660","0","715","46","84457","0.5125348189415042","0.06433566433566433"
"weapon__A__40002","27000","weapon","","core:storm_fork","521","180","329","22433","10597","0","759","329","25536","0","521","192","11836","0.345489443378119","0.3685220729366603"
"weapon__A__40002","27000","weapon","","core:ward_orbit","1254","866","1806","110769","56905","0","603","1806","25080","0","1249","401","53864","0.6905901116427432","0.3210568454763811"
"weapon__A__40003","27000","weapon","","core:ember_wand","1453","70","342","10708","7966","0","7967","342","26224","0","1446","1133","2742","0.04817618719889883","0.7835408022130014"
"weapon__A__40003","27000","weapon","","core:frost_chain","1960","94","2269","119816","75232","0","9884","2269","26642","0","1945","900","44584","0.04795918367346939","0.46272493573264784"
"weapon__A__40003","27000","weapon","","core:iron_blade","947","627","139","4338","2840","0","487","139","27014","0","947","840","1498","0.662090813093981","0.8870116156282999"
"weapon__A__40003","27000","weapon","","core:levy_banner","693","300","4558","110545","91059","0","723","4558","26540","0","690","25","19486","0.4329004329004329","0.036231884057971016"
"weapon__A__40003","27000","weapon","","core:mill_disc","636","106","201","8223","4858","0","1569","201","25940","0","633","529","3365","0.16666666666666666","0.8357030015797788"
"weapon__A__40004","27000","weapon","","core:canal_bow","1310","51","169","8549","5526","0","10385","169","26635","0","1303","1148","3023","0.038931297709923665","0.8810437452033768"
"weapon__A__40004","27000","weapon","","core:harvest_scythe","782","325","861","41329","23895","0","1086","861","25918","0","782","365","17434","0.4156010230179028","0.46675191815856776"
"weapon__A__40004","27000","weapon","","core:iron_blade","1126","797","268","11703","6286","0","561","268","27000","0","1126","946","5417","0.7078152753108348","0.8401420959147424"
"weapon__A__40004","27000","weapon","","core:levy_banner","1079","383","4180","222015","139164","0","1746","4180","26170","0","1073","62","82851","0.35495829471733087","0.05778191985088537"
"weapon__A__40004","27000","weapon","","core:mill_disc","627","175","76","3185","2130","0","1312","76","26769","0","624","563","1055","0.27910685805422647","0.9022435897435898"
"weapon__A__40005","27000","weapon","","core:canal_bow","1098","38","369","18963","10870","0","6234","369","25696","0","1093","724","8093","0.03460837887067395","0.6623970722781336"
"weapon__A__40005","27000","weapon","","core:iron_blade","2319","928","1155","106991","44048","0","2806","1155","27002","0","2319","1601","62943","0.4001724881414403","0.6903837861147046"
"weapon__A__40005","27000","weapon","","core:levy_banner","877","687","1705","68827","49084","0","249","1705","26264","0","873","204","19743","0.7833523375142531","0.23367697594501718"
"weapon__A__40005","27000","weapon","","core:spore_fan","1465","621","2894","121730","92161","0","1570","2894","26708","0","1456","611","29569","0.42389078498293514","0.41964285714285715"
"weapon__A__40005","27000","weapon","","core:ward_orbit","2101","1730","798","22579","16425","0","446","798","26548","0","2090","1488","6154","0.823417420276059","0.7119617224880382"
"weapon__A__40006","27000","weapon","","core:canal_bow","1152","21","503","36202","15160","0","11942","503","26494","0","1147","848","21042","0.018229166666666668","0.7393199651264167"
"weapon__A__40006","27000","weapon","","core:frost_chain","1082","104","701","38643","24164","0","4642","701","26738","0","1078","545","14479","0.09611829944547134","0.5055658627087198"
"weapon__A__40006","27000","weapon","","core:iron_blade","1004","481","373","26091","11508","0","1331","373","27008","0","1004","782","14583","0.47908366533864544","0.7788844621513944"
"weapon__A__40006","27000","weapon","","core:mill_disc","532","133","206","11537","5696","0","1217","206","25188","0","530","449","5841","0.25","0.8471698113207548"
"weapon__A__40006","27000","weapon","","core:spore_fan","1067","166","4126","198505","124609","0","3392","4126","25842","0","1061","119","73896","0.15557638238050608","0.11215834118755891"
"weapon__A__40007","27000","weapon","","core:harvest_scythe","808","580","364","19104","11680","0","427","364","24850","0","808","603","7424","0.7178217821782178","0.7462871287128713"
"weapon__A__40007","27000","weapon","","core:iron_blade","1398","1281","110","4291","2797","0","227","110","27000","0","1398","1325","1494","0.9163090128755365","0.9477825464949928"
"weapon__A__40007","27000","weapon","","core:levy_banner","963","803","1751","74175","52446","0","253","1751","26390","0","959","302","21729","0.833852544132918","0.3149113660062565"
"weapon__A__40007","27000","weapon","","core:spore_fan","3911","2658","4102","277807","157656","0","2405","4102","24321","0","3866","2662","120151","0.6796215801585272","0.6885669943093636"
"weapon__A__40007","27000","weapon","","core:storm_fork","947","348","1560","111922","59033","0","1438","1560","26216","0","947","357","52889","0.36747624076029567","0.37697993664202745"
"weapon__A__40008","27000","weapon","","core:canal_bow","1485","26","692","48017","20203","0","14001","692","24510","0","1477","1137","27814","0.017508417508417508","0.7698036560595802"
"weapon__A__40008","27000","weapon","","core:iron_blade","921","764","79","3321","2226","0","210","79","27026","0","921","857","1095","0.8295331161780674","0.9305103148751357"
"weapon__A__40008","27000","weapon","","core:levy_banner","682","515","1767","63387","46468","0","235","1767","26278","0","679","107","16919","0.7551319648093842","0.15758468335787923"
"weapon__A__40008","27000","weapon","","core:spore_fan","1127","313","2984","147690","94499","0","2059","2984","23475","0","1121","304","53191","0.2777284826974268","0.2711864406779661"
"weapon__A__40008","27000","weapon","","core:ward_orbit","1210","796","1448","53460","35781","0","623","1448","20482","0","1204","509","17679","0.6578512396694215","0.4227574750830565"
"weapon__A__40009","27000","weapon","","core:frost_chain","1044","59","489","14100","11737","0","7728","489","25686","0","1044","654","2363","0.05651340996168582","0.6264367816091954"
"weapon__A__40009","27000","weapon","","core:harvest_scythe","694","394","158","4863","3242","0","550","158","25290","0","694","571","1621","0.5677233429394812","0.8227665706051873"
"weapon__A__40009","27000","weapon","","core:iron_blade","1298","470","315","18553","8749","0","2428","315","27004","0","1298","1089","9804","0.362095531587057","0.8389830508474576"
"weapon__A__40009","27000","weapon","","core:mill_disc","590","80","542","21176","13295","0","2015","542","26676","0","590","419","7881","0.13559322033898305","0.7101694915254237"
"weapon__A__40009","27000","weapon","","core:ward_orbit","4505","868","5147","142135","103572","0","10882","5147","26789","0","4458","2254","38563","0.19267480577136514","0.5056078959174518"
"weapon__A__40010","27000","weapon","","core:frost_chain","1273","168","938","47408","31315","0","3475","938","26260","0","1267","678","16093","0.13197172034564023","0.5351223362273086"
"weapon__A__40010","27000","weapon","","core:iron_blade","1260","609","365","26095","11278","0","1243","365","27006","0","1260","999","14817","0.48333333333333334","0.7928571428571428"
"weapon__A__40010","27000","weapon","","core:levy_banner","823","451","3693","176442","113702","0","621","3693","26512","0","819","27","62740","0.5479951397326853","0.03296703296703297"
"weapon__A__40010","27000","weapon","","core:mill_disc","629","215","820","46476","23004","0","908","820","26627","0","626","358","23472","0.34181240063593005","0.5718849840255591"
"weapon__A__40010","27000","weapon","","core:storm_fork","628","178","636","32885","20076","0","954","636","26768","0","628","184","12809","0.28343949044585987","0.2929936305732484"
"weapon__A__40011","27000","weapon","","core:ember_wand","2141","145","676","32662","18751","0","10136","676","26704","0","2132","1622","13911","0.067725361980383","0.7607879924953096"
"weapon__A__40011","27000","weapon","","core:iron_blade","1383","1018","258","14490","8366","0","637","258","27004","0","1383","1199","6124","0.7360809833694866","0.8669558929862617"
"weapon__A__40011","27000","weapon","","core:spore_fan","1642","583","3873","184244","121991","0","2375","3873","26604","0","1636","493","62253","0.35505481120584653","0.30134474327628363"
"weapon__A__40011","27000","weapon","","core:storm_fork","749","249","1028","51112","36145","0","1294","1028","26194","0","749","270","14967","0.3324432576769025","0.3604806408544726"
"weapon__A__40011","27000","weapon","","core:ward_orbit","2067","1663","784","16125","12640","0","556","784","26520","0","2056","1515","3485","0.8045476536042574","0.7368677042801557"
"weapon__A__40012","27000","weapon","","core:ember_wand","2608","46","260","14712","8339","0","36989","260","20429","0","2564","2322","6373","0.01763803680981595","0.905616224648986"
"weapon__A__40012","27000","weapon","","core:iron_blade","1097","603","420","21141","11196","0","1065","420","27010","0","1097","826","9945","0.5496809480401094","0.7529626253418414"
"weapon__A__40012","27000","weapon","","core:levy_banner","786","265","4295","208225","133122","0","1617","4295","24448","0","782","24","75103","0.3371501272264631","0.030690537084398978"
"weapon__A__40012","27000","weapon","","core:mill_disc","590","105","128","5762","3481","0","2180","128","26548","0","588","513","2281","0.17796610169491525","0.8724489795918368"
"weapon__A__40012","27000","weapon","","core:storm_fork","663","82","918","50285","29239","0","2430","918","25916","0","663","89","21046","0.12368024132730016","0.13423831070889894"
"weapon__A__40013","27000","weapon","","core:frost_chain","1156","1001","261","8312","6345","0","223","261","25332","0","1156","895","1967","0.865916955017301","0.7742214532871973"
"weapon__A__40013","27000","weapon","","core:iron_blade","1302","1271","28","915","683","0","78","28","27002","0","1302","1284","232","0.9761904761904762","0.9861751152073732"
"weapon__A__40013","27000","weapon","","core:levy_banner","877","856","664","26752","18485","0","28","664","25712","0","877","512","8267","0.976054732041049","0.5838084378563284"
"weapon__A__40013","27000","weapon","","core:spore_fan","11572","9803","5010","368748","195044","0","2255","5010","26399","0","11483","9731","173704","0.847131005876253","0.8474266306714273"
"weapon__A__40013","27000","weapon","","core:storm_fork","676","649","25","888","518","0","38","25","25934","0","676","651","370","0.9600591715976331","0.9630177514792899"
"weapon__A__40014","27000","weapon","","core:canal_bow","946","3","288","11818","7544","0","129682","288","25876","0","941","688","4274","0.003171247357293869","0.7311370882040382"
"weapon__A__40014","27000","weapon","","core:ember_wand","1362","4","719","28080","17213","0","129106","719","26768","0","1355","862","10867","0.002936857562408223","0.6361623616236163"
"weapon__A__40014","27000","weapon","","core:frost_chain","960","5","638","21651","16851","0","9023","638","26584","0","959","490","4800","0.005208333333333333","0.5109489051094891"
"weapon__A__40014","27000","weapon","","core:harvest_scythe","739","47","1494","80524","47253","0","4052","1494","25588","0","739","201","33271","0.06359945872801083","0.2719891745602165"
"weapon__A__40014","27000","weapon","","core:iron_blade","1007","231","310","12473","7452","0","2070","310","27016","0","1007","805","5021","0.22939424031777558","0.7994041708043694"
"weapon__A__40015","27000","weapon","","core:canal_bow","4900","53","764","65516","21833","0","31190","764","26609","0","4866","4422","43683","0.010816326530612244","0.9087546239210851"
"weapon__A__40015","27000","weapon","","core:ember_wand","4544","410","179","10319","4718","0","14456","179","26507","0","4523","4355","5601","0.09022887323943662","0.9628565111651559"
"weapon__A__40015","27000","weapon","","core:frost_chain","1022","418","70","2161","1593","0","1319","70","26772","0","1018","948","568","0.4090019569471624","0.931237721021611"
"weapon__A__40015","27000","weapon","","core:iron_blade","1117","970","77","2756","1664","0","248","77","27014","0","1117","1057","1092","0.8683974932855864","0.946284691136974"
"weapon__A__40015","27000","weapon","","core:spore_fan","6309","4564","5151","363932","207395","0","2986","5151","26146","0","6245","4535","156537","0.7234110001585037","0.7261809447558046"
"weapon__A__40016","27000","weapon","","core:ember_wand","1292","110","685","25317","17319","0","4442","685","24738","0","1289","604","7998","0.08513931888544891","0.4685802948021722"
"weapon__A__40016","27000","weapon","","core:harvest_scythe","758","448","411","24203","13309","0","529","411","25942","0","758","505","10894","0.5910290237467019","0.6662269129287599"
"weapon__A__40016","27000","weapon","","core:iron_blade","900","872","25","586","453","0","49","25","27000","0","900","884","133","0.9688888888888889","0.9822222222222222"
"weapon__A__40016","27000","weapon","","core:spore_fan","1847","523","6313","325455","216273","0","3021","6313","25004","0","1839","477","109182","0.28316188413643745","0.25938009787928223"
"weapon__A__40016","27000","weapon","","core:ward_orbit","1876","1542","768","22954","16837","0","470","768","26760","0","1867","1328","6117","0.8219616204690832","0.7113015532940546"
"weapon__A__40017","27000","weapon","","core:canal_bow","2796","48","742","60491","22201","0","17868","742","26100","0","2753","2185","38290","0.017167381974248927","0.7936796222302942"
"weapon__A__40017","27000","weapon","","core:iron_blade","1468","1311","96","5230","2920","0","261","96","27010","0","1468","1388","2310","0.8930517711171662","0.9455040871934605"
"weapon__A__40017","27000","weapon","","core:spore_fan","6229","4764","4907","393814","203158","0","2270","4907","25859","0","6160","4695","190656","0.7648097607962755","0.7621753246753247"
"weapon__A__40017","27000","weapon","","core:storm_fork","624","497","120","4851","3341","0","201","120","26514","0","624","504","1510","0.7964743589743589","0.8076923076923077"
"weapon__A__40017","27000","weapon","","core:ward_orbit","2640","2460","419","15706","10529","0","226","419","24510","0","2634","2327","5177","0.9318181818181818","0.8834472285497342"
"weapon__A__40018","27000","weapon","","core:frost_chain","1002","108","1284","102487","44898","0","3527","1284","25650","0","998","345","57589","0.10778443113772455","0.3456913827655311"
"weapon__A__40018","27000","weapon","","core:harvest_scythe","820","206","1105","110086","40251","0","1573","1105","26784","0","820","315","69835","0.25121951219512195","0.38414634146341464"
"weapon__A__40018","27000","weapon","","core:iron_blade","912","843","46","1540","1029","0","147","46","27014","0","912","881","511","0.9243421052631579","0.9660087719298246"
"weapon__A__40018","27000","weapon","","core:levy_banner","591","491","2154","133095","80363","0","128","2154","23640","0","589","51","52732","0.8307952622673435","0.0865874363327674"
"weapon__A__40018","27000","weapon","","core:ward_orbit","1545","1107","1598","91575","46729","0","657","1598","26180","0","1538","645","44846","0.7165048543689321","0.41937581274382313"
"weapon__A__40019","27000","weapon","","core:ember_wand","1477","55","655","29981","17184","0","90765","655","26798","0","1477","1090","12797","0.037237643872714964","0.7379823967501693"
"weapon__A__40019","27000","weapon","","core:harvest_scythe","833","402","233","11824","6380","0","965","233","26626","0","833","673","5444","0.48259303721488594","0.8079231692677071"
"weapon__A__40019","27000","weapon","","core:iron_blade","976","942","15","355","278","0","63","15","27012","0","976","963","77","0.9651639344262295","0.9866803278688525"
"weapon__A__40019","27000","weapon","","core:storm_fork","672","144","818","34759","24896","0","1479","818","25912","0","672","306","9863","0.21428571428571427","0.45535714285714285"
"weapon__A__40019","27000","weapon","","core:ward_orbit","7085","1028","4692","175249","121509","0","20230","4692","26171","0","7032","4331","53740","0.1450952717007763","0.6158987485779295"
"weapon__A__40020","27000","weapon","","core:harvest_scythe","863","564","460","34364","15310","0","556","460","26712","0","863","600","19054","0.6535341830822712","0.6952491309385863"
"weapon__A__40020","27000","weapon","","core:iron_blade","1211","1056","151","11249","4540","0","258","151","27018","0","1211","1119","6709","0.8720066061106524","0.9240297274979355"
"weapon__A__40020","27000","weapon","","core:levy_banner","826","699","1336","69726","47201","0","192","1336","26768","0","823","284","22525","0.8462469733656174","0.3450789793438639"
"weapon__A__40020","27000","weapon","","core:mill_disc","572","396","129","8693","4809","0","316","129","26272","0","570","467","3884","0.6923076923076923","0.8192982456140351"
"weapon__A__40020","27000","weapon","","core:spore_fan","2318","1093","4326","355034","166816","0","2278","4326","26545","0","2303","1085","188218","0.4715271786022433","0.47112462006079026"
"weapon__A__40021","27000","weapon","","core:canal_bow","1314","58","385","14495","9425","0","5892","385","26705","0","1310","925","5070","0.0441400304414003","0.7061068702290076"
"weapon__A__40021","27000","weapon","","core:frost_chain","890","363","382","14438","10623","0","1139","382","26492","0","885","603","3815","0.40786516853932586","0.6813559322033899"
"weapon__A__40021","27000","weapon","","core:iron_blade","1281","989","195","10629","4869","0","535","195","27002","0","1281","1136","5760","0.7720530835284933","0.8868071818891491"
"weapon__A__40021","27000","weapon","","core:spore_fan","6896","5274","5677","249898","168382","0","2673","5677","25842","0","6877","5160","81516","0.7647911832946636","0.7503271775483495"
"weapon__A__40021","27000","weapon","","core:storm_fork","659","399","360","14640","9707","0","515","360","26598","0","659","415","4933","0.6054628224582701","0.629742033383915"
"weapon__A__40022","27000","weapon","","core:canal_bow","872","23","336","11166","8568","0","51899","336","26600","0","871","535","2598","0.026376146788990827","0.6142365097588978"
"weapon__A__40022","27000","weapon","","core:harvest_scythe","698","199","586","21145","13802","0","1313","586","26688","0","698","373","7343","0.2851002865329513","0.5343839541547278"
"weapon__A__40022","27000","weapon","","core:iron_blade","1040","451","326","15383","8089","0","1436","326","27004","0","1040","830","7294","0.43365384615384617","0.7980769230769231"
"weapon__A__40022","27000","weapon","","core:mill_disc","537","73","610","29087","16347","0","2515","610","24551","0","535","345","12740","0.13594040968342644","0.6448598130841121"
"weapon__A__40022","27000","weapon","","core:ward_orbit","1465","603","3356","68156","53658","0","1863","3356","25842","0","1459","347","14498","0.4116040955631399","0.23783413296778616"
"weapon__A__40023","27000","weapon","","core:iron_blade","1312","1107","116","4027","2808","0","326","116","27010","0","1312","1221","1219","0.84375","0.930640243902439"
"weapon__A__40023","27000","weapon","","core:levy_banner","1228","590","4094","183961","129557","0","1372","4094","25508","0","1222","121","54404","0.4804560260586319","0.09901800327332243"
"weapon__A__40023","27000","weapon","","core:mill_disc","701","212","1019","47441","28430","0","1375","1019","26763","0","698","376","19011","0.3024251069900143","0.5386819484240688"
"weapon__A__40023","27000","weapon","","core:storm_fork","941","154","2040","118063","74661","0","2755","2040","26518","0","941","167","43402","0.1636556854410202","0.17747077577045697"
"weapon__A__40023","27000","weapon","","core:ward_orbit","4024","2501","2830","70668","54896","0","2608","2830","24208","0","3980","2431","15772","0.6215208747514911","0.6108040201005025"
"weapon__A__40024","27000","weapon","","core:canal_bow","1336","26","469","21475","12699","0","10807","469","23543","0","1329","860","8776","0.019461077844311378","0.6471030850263356"
"weapon__A__40024","27000","weapon","","core:frost_chain","1167","101","1422","66246","44036","0","5067","1422","26616","0","1159","479","22210","0.08654670094258783","0.41328731665228646"
"weapon__A__40024","27000","weapon","","core:iron_blade","1116","489","472","22029","13545","0","1304","472","27012","0","1116","827","8484","0.4381720430107527","0.7410394265232975"
"weapon__A__40024","27000","weapon","","core:levy_banner","752","294","4294","142351","106187","0","993","4294","24806","0","749","18","36164","0.39095744680851063","0.02403204272363151"
"weapon__A__40024","27000","weapon","","core:storm_fork","654","121","850","38401","24328","0","1651","850","26118","0","654","125","14073","0.18501529051987767","0.191131498470948"
"weapon__A__40025","27000","weapon","","core:ember_wand","1799","4","398","20398","11961","0","118089","398","25508","0","1793","1395","8437","0.0022234574763757642","0.7780256553262688"
"weapon__A__40025","27000","weapon","","core:frost_chain","916","21","214","9475","6471","0","7323","214","25052","0","911","721","3004","0.02292576419213974","0.7914379802414928"
"weapon__A__40025","27000","weapon","","core:iron_blade","1417","333","941","76925","31728","0","5798","941","27004","0","1417","949","45197","0.23500352858151025","0.6697247706422018"
"weapon__A__40025","27000","weapon","","core:mill_disc","488","67","180","9366","5353","0","1768","180","23318","0","486","414","4013","0.13729508196721313","0.8518518518518519"
"weapon__A__40025","27000","weapon","","core:storm_fork","615","76","541","26421","15808","0","2178","541","26450","0","615","74","10613","0.12357723577235773","0.12032520325203253"
"weapon__A__40026","27000","weapon","","core:canal_bow","917","0","131","7537","3664","0","116882","131","21576","0","917","814","3873","0","0.8876772082878953"
"weapon__A__40026","27000","weapon","","core:ember_wand","1651","3","471","29461","13321","0","199343","471","23684","0","1651","1376","16140","0.0018170805572380376","0.8334342822531798"
"weapon__A__40026","27000","weapon","","core:iron_blade","1122","973","47","1457","1046","0","259","47","27014","0","1122","1093","411","0.8672014260249554","0.9741532976827094"
"weapon__A__40026","27000","weapon","","core:storm_fork","627","152","473","23112","17498","0","1210","473","25152","0","627","289","5614","0.24242424242424243","0.4609250398724083"
"weapon__A__40026","27000","weapon","","core:ward_orbit","6996","1006","5114","249344","167936","0","21831","5114","26443","0","6957","4230","81408","0.14379645511720984","0.6080206985769728"
"weapon__A__40027","27000","weapon","","core:harvest_scythe","1277","347","2249","200233","86142","0","2865","2249","24310","0","1277","422","114091","0.2717306186374315","0.33046202036021927"
"weapon__A__40027","27000","weapon","","core:iron_blade","1478","1309","112","3550","2322","0","319","112","27010","0","1478","1395","1228","0.8856562922868741","0.9438430311231394"
"weapon__A__40027","27000","weapon","","core:levy_banner","1262","972","2972","122347","83216","0","452","2972","24540","0","1251","204","39131","0.7702060221870047","0.1630695443645084"
"weapon__A__40027","27000","weapon","","core:mill_disc","767","444","669","29076","18513","0","592","669","25881","0","763","499","10563","0.5788787483702738","0.653997378768021"
"weapon__A__40027","27000","weapon","","core:storm_fork","656","443","209","5584","4138","0","359","209","25624","0","656","447","1446","0.6753048780487805","0.6814024390243902"
"weapon__A__40028","27000","weapon","","core:harvest_scythe","1217","134","2455","206117","82039","0","5046","2455","25920","0","1217","327","124078","0.11010682004930156","0.2686935086277732"
"weapon__A__40028","27000","weapon","","core:iron_blade","1219","1104","58","1704","1233","0","189","58","27002","0","1219","1183","471","0.9056603773584906","0.970467596390484"
"weapon__A__40028","27000","weapon","","core:mill_disc","655","70","149","8285","5203","0","2048","149","26195","0","653","524","3082","0.10687022900763359","0.8024502297090352"
"weapon__A__40028","27000","weapon","","core:storm_fork","723","139","1155","57258","36442","0","1838","1155","26782","0","723","145","20816","0.19225449515905949","0.20055325034578148"
"weapon__A__40028","27000","weapon","","core:ward_orbit","2289","1362","2352","64857","47749","0","1632","2352","26578","0","2278","1035","17108","0.5950196592398427","0.4543459174714662"
"weapon__A__40029","27000","weapon","","core:ember_wand","2505","201","541","40133","16480","0","9581","541","26736","0","2494","2211","23653","0.08023952095808383","0.8865276663993584"
"weapon__A__40029","27000","weapon","","core:frost_chain","1236","678","796","46019","29755","0","918","796","25956","0","1230","752","16264","0.5485436893203883","0.6113821138211382"
"weapon__A__40029","27000","weapon","","core:iron_blade","1148","1076","38","1300","835","0","127","38","27000","0","1148","1118","465","0.9372822299651568","0.9738675958188153"
"weapon__A__40029","27000","weapon","","core:levy_banner","842","783","858","43809","29633","0","78","858","23932","0","838","401","14176","0.9299287410926366","0.4785202863961814"
"weapon__A__40029","27000","weapon","","core:spore_fan","5408","4057","4099","312857","162946","0","2256","4099","26491","0","5383","4050","149911","0.7501849112426036","0.7523685677131711"
"weapon__A__40030","27000","weapon","","core:frost_chain","968","200","482","13684","10597","0","2510","482","26672","0","964","534","3087","0.2066115702479339","0.553941908713693"
"weapon__A__40030","27000","weapon","","core:iron_blade","1066","742","260","11321","6494","0","610","260","27004","0","1066","896","4827","0.6960600375234521","0.8405253283302064"
"weapon__A__40030","27000","weapon","","core:levy_banner","763","513","2074","53765","40687","0","452","2074","26786","0","759","113","13078","0.672346002621232","0.14888010540184454"
"weapon__A__40030","27000","weapon","","core:spore_fan","1857","530","4881","160378","118356","0","3706","4881","26549","0","1848","506","42022","0.28540656973613354","0.27380952380952384"
"weapon__A__40030","27000","weapon","","core:storm_fork","616","252","503","19049","12911","0","876","503","25696","0","616","269","6138","0.4090909090909091","0.4366883116883117"
"weapon__A__40031","27000","weapon","","core:harvest_scythe","839","513","85","3425","1863","0","727","85","24876","0","839","768","1562","0.6114421930870083","0.9153754469606674"
"weapon__A__40031","27000","weapon","","core:iron_blade","1168","1103","36","1048","658","0","103","36","27016","0","1168","1143","390","0.9443493150684932","0.978595890410959"
"weapon__A__40031","27000","weapon","","core:levy_banner","790","674","738","23670","18427","0","152","738","24460","0","790","464","5243","0.8531645569620253","0.5873417721518988"
"weapon__A__40031","27000","weapon","","core:spore_fan","2161","773","2433","138037","84494","0","3509","2433","26648","0","2136","1280","53543","0.35770476631189263","0.599250936329588"
"weapon__A__40031","27000","weapon","","core:ward_orbit","11162","5383","3004","143358","87787","0","12966","3004","25920","0","11119","8990","55571","0.48226124350474825","0.8085259465779296"
"weapon__B__40000","27000","weapon","","core:canal_bow","1051","18","590","36263","16449","0","10676","590","23708","0","1046","456","19814","0.017126546146527116","0.4359464627151052"
"weapon__B__40000","27000","weapon","","core:frost_chain","878","129","485","20872","13175","0","2973","485","22912","0","874","389","7697","0.1469248291571754","0.4450800915331808"
"weapon__B__40000","27000","weapon","","core:harvest_scythe","843","298","1091","71669","32927","0","1321","1091","26764","0","843","338","38742","0.3534994068801898","0.40094899169632264"
"weapon__B__40000","27000","weapon","","core:iron_blade","1442","865","660","47396","17797","0","1190","660","27004","0","1442","1063","29599","0.5998613037447988","0.7371705963938974"
"weapon__B__40000","27000","weapon","","core:levy_banner","1122","430","4657","304861","164820","0","1741","4657","25598","0","1114","64","140041","0.38324420677361853","0.05745062836624776"
"weapon__B__40001","27000","weapon","","core:ember_wand","8581","725","876","34004","21545","0","30367","876","25624","0","8581","7705","12459","0.08448898729751778","0.8979139960377578"
"weapon__B__40001","27000","weapon","","core:frost_chain","1734","438","533","21061","15340","0","3237","533","25170","0","1734","1320","5721","0.25259515570934254","0.7612456747404844"
"weapon__B__40001","27000","weapon","","core:iron_blade","1482","1450","18","534","328","0","63","18","27002","0","1482","1469","206","0.9784075573549258","0.9912280701754386"
"weapon__B__40001","27000","weapon","","core:spore_fan","7604","5474","6129","276552","185775","0","3604","6129","26491","0","7574","5563","90777","0.7198842714360862","0.7344864008449961"
"weapon__B__40001","27000","weapon","","core:ward_orbit","10739","9900","773","22332","14616","0","1234","773","26180","0","10694","10162","7716","0.921873545022814","0.9502524780250607"
"weapon__B__40002","27000","weapon","","core:ember_wand","1482","69","808","64465","24040","0","11501","808","26259","0","1476","863","40425","0.0465587044534413","0.5846883468834688"
"weapon__B__40002","27000","weapon","","core:iron_blade","949","614","238","19480","6898","0","560","238","27004","0","949","782","12582","0.6469968387776607","0.8240252897787145"
"weapon__B__40002","27000","weapon","","core:levy_banner","702","445","3027","193388","113783","0","409","3027","26660","0","699","36","79605","0.6339031339031339","0.05150214592274678"
"weapon__B__40002","27000","weapon","","core:storm_fork","530","185","395","27633","13693","0","886","395","25542","0","530","196","13940","0.3490566037735849","0.36981132075471695"
"weapon__B__40002","27000","weapon","","core:ward_orbit","1596","814","3241","215516","102729","0","1710","3241","25072","0","1589","399","112787","0.5100250626566416","0.2511013215859031"
"weapon__B__40003","27000","weapon","","core:ember_wand","1787","29","1027","62272","28157","0","20137","1027","26223","0","1774","1123","34115","0.016228315612758813","0.6330326944757609"
"weapon__B__40003","27000","weapon","","core:frost_chain","1089","53","1212","55163","38080","0","7329","1212","26638","0","1086","476","17083","0.048668503213957756","0.43830570902394106"
"weapon__B__40003","27000","weapon","","core:iron_blade","1023","422","481","20401","12494","0","1407","481","27002","0","1023","719","7907","0.4125122189638319","0.7028347996089932"
"weapon__B__40003","27000","weapon","","core:levy_banner","737","172","6878","224423","163963","0","1646","6878","26544","0","734","7","60460","0.23337856173677068","0.009536784741144414"
"weapon__B__40003","27000","weapon","","core:mill_disc","584","55","530","25281","14043","0","2517","530","25940","0","582","432","11238","0.09417808219178082","0.7422680412371134"
"weapon__B__40004","27000","weapon","","core:canal_bow","1316","22","377","21658","11944","0","13748","377","26635","0","1309","1016","9714","0.016717325227963525","0.7761650114591291"
"weapon__B__40004","27000","weapon","","core:harvest_scythe","825","209","2568","233118","83578","0","3293","2568","25926","0","825","241","149540","0.25333333333333335","0.2921212121212121"
"weapon__B__40004","27000","weapon","","core:iron_blade","991","736","218","7397","4536","0","457","218","27002","0","991","844","2861","0.7426841574167508","0.851664984863774"
"weapon__B__40004","27000","weapon","","core:levy_banner","870","349","4015","183113","122007","0","1452","4015","26166","0","866","30","61106","0.4011494252873563","0.03464203233256351"
"weapon__B__40004","27000","weapon","","core:mill_disc","606","170","85","3613","2390","0","1449","85","26770","0","604","547","1223","0.28052805280528054","0.9056291390728477"
"weapon__B__40005","27000","weapon","","core:canal_bow","2033","54","469","22711","14076","0","14739","469","25687","0","2033","1564","8635","0.026561731431382195","0.7693064436792917"
"weapon__B__40005","27000","weapon","","core:iron_blade","6711","4573","1827","194824","65060","0","3464","1827","27000","0","6711","5544","129764","0.6814185665325585","0.8261063924899419"
"weapon__B__40005","27000","weapon","","core:levy_banner","1151","1030","1492","66386","45752","0","167","1492","26252","0","1151","617","20634","0.894874022589053","0.5360556038227628"
"weapon__B__40005","27000","weapon","","core:spore_fan","8459","6901","6259","328980","214000","0","2368","6259","26699","0","8384","6847","114980","0.8158174725144817","0.8166746183206107"
"weapon__B__40005","27000","weapon","","core:ward_orbit","7094","6845","449","11465","7844","0","314","449","26542","0","7036","6722","3621","0.9648999154214829","0.9553723706651507"
"weapon__B__40006","27000","weapon","","core:canal_bow","1305","7","871","71740","26252","0","18264","871","26492","0","1299","795","45488","0.0053639846743295016","0.6120092378752887"
"weapon__B__40006","27000","weapon","","core:frost_chain","1046","47","1601","103550","53292","0","6340","1601","26746","0","1043","320","50258","0.044933078393881457","0.3068072866730585"
"weapon__B__40006","27000","weapon","","core:iron_blade","1013","372","729","59664","18601","0","2027","729","27004","0","1013","666","41063","0.36722606120434353","0.6574531095755183"
"weapon__B__40006","27000","weapon","","core:mill_disc","561","61","266","17702","7766","0","2340","266","25173","0","559","444","9936","0.10873440285204991","0.7942754919499105"
"weapon__B__40006","27000","weapon","","core:spore_fan","1165","133","5399","297071","171449","0","4322","5399","25836","0","1160","90","125622","0.11416309012875536","0.07758620689655173"
"weapon__B__40007","27000","weapon","","core:harvest_scythe","860","612","403","22079","13073","0","468","403","24832","0","860","633","9006","0.7116279069767442","0.736046511627907"
"weapon__B__40007","27000","weapon","","core:iron_blade","1364","1249","108","4139","2713","0","225","108","27000","0","1364","1293","1426","0.9156891495601173","0.9479472140762464"
"weapon__B__40007","27000","weapon","","core:levy_banner","973","813","1855","78694","56143","0","253","1855","26376","0","969","278","22551","0.8355601233299075","0.2868937048503612"
"weapon__B__40007","27000","weapon","","core:spore_fan","4660","3308","5569","410111","215689","0","2769","5569","24320","0","4571","3268","194422","0.7098712446351931","0.7149420258149202"
"weapon__B__40007","27000","weapon","","core:storm_fork","949","363","1633","115067","63149","0","1456","1633","26216","0","949","371","51918","0.38250790305584825","0.3909378292939937"
"weapon__B__40008","27000","weapon","","core:canal_bow","1307","18","680","37950","18931","0","8354","680","25234","0","1303","623","19019","0.013771996939556235","0.4781273983115886"
"weapon__B__40008","27000","weapon","","core:harvest_scythe","906","748","199","8264","4955","0","265","199","24874","0","906","768","3309","0.82560706401766","0.847682119205298"
"weapon__B__40008","27000","weapon","","core:iron_blade","1982","1742","161","8760","4403","0","334","161","27002","0","1982","1853","4357","0.8789101917255298","0.9349142280524723"
"weapon__B__40008","27000","weapon","","core:mill_disc","764","426","1113","77781","31739","0","674","1113","26520","0","761","460","46042","0.5575916230366492","0.6044678055190539"
"weapon__B__40008","27000","weapon","","core:spore_fan","3350","1734","7224","415413","258629","0","3035","7224","24248","0","3328","1658","156784","0.5176119402985074","0.49819711538461536"
"weapon__B__40009","27000","weapon","","core:frost_chain","945","61","601","24249","17578","0","4112","601","25682","0","942","430","6671","0.06455026455026455","0.4564755838641189"
"weapon__B__40009","27000","weapon","","core:harvest_scythe","939","84","2983","288033","110487","0","6326","2983","25310","0","939","188","177546","0.08945686900958466","0.20021299254526093"
"weapon__B__40009","27000","weapon","","core:iron_blade","1189","614","287","19275","9724","0","1125","287","27010","0","1189","995","9551","0.5164003364171573","0.8368376787216149"
"weapon__B__40009","27000","weapon","","core:mill_disc","603","122","900","50936","25272","0","1530","900","26685","0","601","318","25664","0.2023217247097844","0.5291181364392679"
"weapon__B__40009","27000","weapon","","core:ward_orbit","2109","1024","2614","92311","62559","0","2086","2614","26790","0","2100","788","29752","0.48553816974869607","0.37523809523809526"
"weapon__B__40010","27000","weapon","","core:frost_chain","1567","155","2556","160282","88495","0","5658","2556","26250","0","1558","560","71787","0.09891512444160817","0.3594351732991014"
"weapon__B__40010","27000","weapon","","core:iron_blade","1325","637","596","45714","18605","0","1413","596","27006","0","1325","977","27109","0.4807547169811321","0.7373584905660377"
"weapon__B__40010","27000","weapon","","core:levy_banner","831","462","3965","186606","126289","0","658","3965","26518","0","827","43","60317","0.555956678700361","0.05199516324062878"
"weapon__B__40010","27000","weapon","","core:mill_disc","629","220","1130","61118","32008","0","986","1130","26609","0","627","353","29110","0.3497615262321145","0.5629984051036683"
"weapon__B__40010","27000","weapon","","core:storm_fork","717","147","1296","85425","41431","0","1532","1296","26778","0","717","153","43994","0.20502092050209206","0.21338912133891214"
"weapon__B__40011","27000","weapon","","core:ember_wand","6373","772","1701","97886","47182","0","19980","1701","26701","0","6361","4660","50704","0.12113604268005648","0.7325892155321491"
"weapon__B__40011","27000","weapon","","core:iron_blade","2604","2498","48","2244","1441","0","141","48","27002","0","2604","2561","803","0.9592933947772657","0.9834869431643625"
"weapon__B__40011","27000","weapon","","core:spore_fan","13530","10402","6999","504845","274364","0","4879","6999","26602","0","13491","11498","230481","0.768810051736881","0.8522718849603439"
"weapon__B__40011","27000","weapon","","core:storm_fork","875","707","171","7310","5069","0","272","171","26182","0","875","751","2241","0.808","0.8582857142857143"
"weapon__B__40011","27000","weapon","","core:ward_orbit","15272","14891","371","9944","7028","0","537","371","26519","0","15245","14977","2916","0.9750523834468308","0.9824204657264677"
"weapon__B__40012","27000","weapon","","core:canal_bow","832","10","247","11505","7996","0","9995","247","21552","0","829","582","3509","0.01201923076923077","0.7020506634499397"
"weapon__B__40012","27000","weapon","","core:iron_blade","1006","410","813","46061","21935","0","1794","813","27008","0","1006","617","24126","0.40755467196819084","0.6133200795228628"
"weapon__B__40012","27000","weapon","","core:levy_banner","807","191","5399","279106","180941","0","2260","5399","24460","0","803","10","98165","0.23667905824039653","0.012453300124533"
"weapon__B__40012","27000","weapon","","core:mill_disc","638","76","236","13052","7084","0","3153","236","26550","0","636","484","5968","0.11912225705329153","0.7610062893081762"
"weapon__B__40012","27000","weapon","","core:storm_fork","612","78","874","46382","26530","0","2612","874","25910","0","612","86","19852","0.12745098039215685","0.14052287581699346"
"weapon__B__40013","27000","weapon","","core:frost_chain","1261","1121","213","7294","5238","0","210","213","25326","0","1261","1048","2056","0.8889770023790642","0.8310864393338621"
"weapon__B__40013","27000","weapon","","core:iron_blade","1317","1287","28","915","683","0","77","28","27010","0","1317","1299","232","0.9772209567198178","0.9863325740318907"
"weapon__B__40013","27000","weapon","","core:levy_banner","970","950","434","17696","12690","0","27","434","25718","0","970","717","5006","0.979381443298969","0.7391752577319588"
"weapon__B__40013","27000","weapon","","core:spore_fan","14451","12333","6640","575879","268643","0","2711","6640","26399","0","14373","12378","307236","0.8534357483911148","0.8611980797328324"
"weapon__B__40013","27000","weapon","","core:storm_fork","778","737","40","1673","1033","0","55","40","25948","0","778","742","640","0.9473007712082262","0.9537275064267352"
"weapon__B__40014","27000","weapon","","core:canal_bow","1171","3","349","16884","9239","0","196672","349","25876","0","1166","882","7645","0.0025619128949615714","0.7564322469982847"
"weapon__B__40014","27000","weapon","","core:ember_wand","2045","4","1125","62468","29815","0","357034","1125","26766","0","2033","1377","32653","0.0019559902200488996","0.6773241515002459"
"weapon__B__40014","27000","weapon","","core:frost_chain","1039","7","207","6082","4580","0","8964","207","26580","0","1035","828","1502","0.006737247353224254","0.8"
"weapon__B__40014","27000","weapon","","core:harvest_scythe","1025","26","3694","303665","134340","0","15366","3694","25580","0","1025","156","169325","0.025365853658536587","0.1521951219512195"
"weapon__B__40014","27000","weapon","","core:iron_blade","1161","312","473","20647","13517","0","2436","473","27008","0","1161","878","7130","0.268733850129199","0.756244616709733"
"weapon__B__40015","27000","weapon","","core:canal_bow","13946","53","1135","98954","33480","0","173198","1135","26608","0","13893","13216","65474","0.003800372866771834","0.9512704239545094"
"weapon__B__40015","27000","weapon","","core:ember_wand","13368","277","256","15575","7199","0","107697","256","26506","0","13336","13117","8376","0.020721125074805506","0.9835782843431313"
"weapon__B__40015","27000","weapon","","core:frost_chain","1319","424","75","2476","1811","0","3008","75","26770","0","1314","1239","665","0.3214556482183472","0.9429223744292238"
"weapon__B__40015","27000","weapon","","core:iron_blade","1715","1476","133","5537","2856","0","429","133","27002","0","1715","1614","2681","0.8606413994169096","0.9411078717201167"
"weapon__B__40015","27000","weapon","","core:spore_fan","10618","4637","7574","540355","282882","0","20433","7574","26146","0","10597","8713","257473","0.436711245055566","0.8222138341039917"
"weapon__B__40016","27000","weapon","","core:ember_wand","9698","216","263","8290","6221","0","95168","263","24727","0","9698","9435","2069","0.02227263353268715","0.9728810063930707"
"weapon__B__40016","27000","weapon","","core:harvest_scythe","2859","836","126","6145","3684","0","8232","126","25920","0","2859","2778","2461","0.29240993354319694","0.9716684155299056"
"weapon__B__40016","27000","weapon","","core:iron_blade","2104","2076","24","563","430","0","49","24","27002","0","2104","2089","133","0.9866920152091255","0.9928707224334601"
"weapon__B__40016","27000","weapon","","core:spore_fan","15714","3673","6143","385013","228736","0","59840","6143","25004","0","15710","14276","156277","0.23374061346569938","0.9087205601527689"
"weapon__B__40016","27000","weapon","","core:ward_orbit","13730","5173","4405","217183","143521","0","26578","4405","26759","0","13688","11323","73662","0.37676620538965766","0.8272209234365868"
"weapon__B__40017","27000","weapon","","core:canal_bow","2309","27","2061","246835","60377","0","17973","2061","26099","0","2268","1383","186458","0.01169337375487224","0.6097883597883598"
"weapon__B__40017","27000","weapon","","core:iron_blade","1675","1422","162","13727","5493","0","401","162","27000","0","1675","1546","8234","0.848955223880597","0.9229850746268656"
"weapon__B__40017","27000","weapon","","core:spore_fan","3056","1459","6385","622189","273083","0","3256","6385","25859","0","3025","1513","349106","0.47742146596858637","0.5001652892561983"
"weapon__B__40017","27000","weapon","","core:storm_fork","623","479","139","8034","4490","0","237","139","26494","0","623","484","3544","0.7688603531300161","0.7768860353130016"
"weapon__B__40017","27000","weapon","","core:ward_orbit","3681","3324","335","22565","11225","0","525","335","24509","0","3657","3396","11340","0.9030154849225754","0.9286300246103364"
"weapon__B__40018","27000","weapon","","core:frost_chain","1147","115","2037","217226","75958","0","4993","2037","25658","0","1139","282","141268","0.1002615518744551","0.247585601404741"
"weapon__B__40018","27000","weapon","","core:harvest_scythe","837","212","1297","147944","35708","0","1680","1297","26774","0","837","287","112236","0.2532855436081243","0.3428912783751493"
"weapon__B__40018","27000","weapon","","core:iron_blade","904","832","47","1662","945","0","154","47","27006","0","904","873","717","0.9203539823008849","0.9657079646017699"
"weapon__B__40018","27000","weapon","","core:levy_banner","631","443","2417","195819","99325","0","323","2417","23650","0","629","37","96494","0.7020602218700476","0.058823529411764705"
"weapon__B__40018","27000","weapon","","core:ward_orbit","1532","1174","1654","106994","47891","0","551","1654","26176","0","1527","652","59103","0.7663185378590078","0.426981008513425"
"weapon__B__40019","27000","weapon","","core:ember_wand","2956","21","1295","64278","35631","0","478306","1295","26789","0","2927","2043","28647","0.007104194857916103","0.6979842842500854"
"weapon__B__40019","27000","weapon","","core:harvest_scythe","962","106","1857","178827","67570","0","16886","1857","26614","0","962","298","111257","0.1101871101871102","0.3097713097713098"
"weapon__B__40019","27000","weapon","","core:iron_blade","976","944","16","395","303","0","61","16","27014","0","976","962","92","0.9672131147540983","0.985655737704918"
"weapon__B__40019","27000","weapon","","core:storm_fork","556","318","206","7527","5334","0","457","206","25934","0","556","350","2193","0.5719424460431655","0.6294964028776978"
"weapon__B__40019","27000","weapon","","core:ward_orbit","2125","507","4846","261352","158987","0","6201","4846","26178","0","2113","353","102365","0.23858823529411766","0.16706105063890203"
"weapon__B__40020","27000","weapon","","core:harvest_scythe","867","420","849","78783","31839","0","1087","849","26702","0","867","481","46944","0.4844290657439446","0.5547866205305652"
"weapon__B__40020","27000","weapon","","core:iron_blade","1826","998","1382","165075","49985","0","2099","1382","27000","0","1826","1218","115090","0.5465498357064622","0.6670317634173056"
"weapon__B__40020","27000","weapon","","core:levy_banner","924","727","2010","133677","79969","0","321","2010","26772","0","920","217","53708","0.7867965367965368","0.2358695652173913"
"weapon__B__40020","27000","weapon","","core:mill_disc","567","363","222","16004","8635","0","407","222","26295","0","565","397","7369","0.6402116402116402","0.7026548672566372"
"weapon__B__40020","27000","weapon","","core:spore_fan","1611","772","3654","259457","141617","0","1886","3654","26543","0","1601","773","117840","0.4792054624456859","0.48282323547782635"
"weapon__B__40021","27000","weapon","","core:canal_bow","1164","56","552","39960","15750","0","5639","552","26716","0","1159","786","24210","0.048109965635738834","0.6781708369283865"
"weapon__B__40021","27000","weapon","","core:frost_chain","1150","282","1272","90216","47361","0","2238","1272","26492","0","1144","536","42855","0.24521739130434783","0.46853146853146854"
"weapon__B__40021","27000","weapon","","core:iron_blade","1329","983","280","27131","9769","0","596","280","27002","0","1329","1147","17362","0.7396538750940557","0.8630549285176825"
"weapon__B__40021","27000","weapon","","core:spore_fan","1803","755","4236","293447","159832","0","2084","4236","25844","0","1789","698","133615","0.4187465335551858","0.39016210173281163"
"weapon__B__40021","27000","weapon","","core:storm_fork","582","432","143","6379","3917","0","226","143","26610","0","582","439","2462","0.7422680412371134","0.7542955326460481"
"weapon__B__40022","27000","weapon","","core:canal_bow","1526","6","974","79732","27407","0","215670","974","26591","0","1517","792","52325","0.003931847968545216","0.5220830586684245"
"weapon__B__40022","27000","weapon","","core:harvest_scythe","832","119","1440","159623","43778","0","2921","1440","26676","0","832","274","115845","0.14302884615384615","0.3293269230769231"
"weapon__B__40022","27000","weapon","","core:iron_blade","919","707","84","5589","2568","0","377","84","27022","0","919","860","3021","0.7693144722524483","0.9357997823721437"
"weapon__B__40022","27000","weapon","","core:storm_fork","513","191","310","19485","9109","0","694","310","25650","0","513","203","10376","0.3723196881091618","0.39571150097465885"
"weapon__B__40022","27000","weapon","","core:ward_orbit","2102","1034","2320","146736","73083","0","2119","2320","25888","0","2088","793","73653","0.49191246431969554","0.3797892720306513"
"weapon__B__40023","27000","weapon","","core:iron_blade","1731","1044","348","18449","9980","0","1662","348","27002","0","1731","1531","8469","0.6031195840554593","0.8844598497978048"
"weapon__B__40023","27000","weapon","","core:levy_banner","1313","528","4616","206095","148055","0","2162","4616","25504","0","1305","127","58040","0.4021325209444021","0.09731800766283524"
"weapon__B__40023","27000","weapon","","core:mill_disc","744","195","1312","61582","37459","0","1926","1312","26774","0","742","374","24123","0.2620967741935484","0.5040431266846361"
"weapon__B__40023","27000","weapon","","core:storm_fork","1035","140","1958","112987","71150","0","4042","1958","26516","0","1035","328","41837","0.13526570048309178","0.3169082125603865"
"weapon__B__40023","27000","weapon","","core:ward_orbit","7506","3436","4107","112245","85208","0","9935","4107","24208","0","7459","5141","27037","0.45776711963762323","0.689234481834026"
"weapon__B__40024","27000","weapon","","core:ember_wand","6573","0","1263","79060","34731","0","1276401","1263","23878","0","6484","5433","44329","0","0.8379086983343615"
"weapon__B__40024","27000","weapon","","core:frost_chain","1452","11","1038","52681","32767","0","14648","1038","26612","0","1444","668","19914","0.007575757575757576","0.4626038781163435"
"weapon__B__40024","27000","weapon","","core:iron_blade","2912","213","1504","122789","49583","0","14030","1504","27000","0","2912","2037","73206","0.0731456043956044","0.6995192307692307"
"weapon__B__40024","27000","weapon","","core:mill_disc","599","28","346","15192","9155","0","3512","346","23537","0","595","497","6037","0.04674457429048414","0.8352941176470589"
"weapon__B__40024","27000","weapon","","core:storm_fork","798","29","1210","65475","29806","0","4782","1210","26100","0","798","29","35669","0.03634085213032581","0.03634085213032581"
"weapon__B__40025","27000","weapon","","core:ember_wand","3665","1","1422","127449","41896","0","264581","1422","25500","0","3656","2426","85553","0.00027285129604365623","0.6635667396061269"
"weapon__B__40025","27000","weapon","","core:frost_chain","1027","16","610","50406","21938","0","7861","610","25058","0","1025","540","28468","0.01557935735150925","0.526829268292683"
"weapon__B__40025","27000","weapon","","core:iron_blade","1194","568","382","30303","10112","0","1251","382","27014","0","1194","937","20191","0.47571189279731996","0.7847571189279732"
"weapon__B__40025","27000","weapon","","core:mill_disc","546","46","730","71475","20933","0","2254","730","23298","0","543","410","50542","0.08424908424908426","0.7550644567219152"
"weapon__B__40025","27000","weapon","","core:storm_fork","676","64","614","48484","17358","0","2449","614","26442","0","676","62","31126","0.09467455621301775","0.09171597633136094"
"weapon__B__40026","27000","weapon","","core:ember_wand","7697","8","773","43470","22324","0","1868322","773","23678","0","7697","7079","21146","0.0010393659867480836","0.9197089775237105"
"weapon__B__40026","27000","weapon","","core:harvest_scythe","624","286","167","9238","5967","0","612","167","19086","0","624","505","3271","0.4583333333333333","0.8092948717948718"
"weapon__B__40026","27000","weapon","","core:iron_blade","1261","1051","53","1733","1214","0","336","53","27002","0","1261","1227","519","0.8334655035685964","0.9730372720063442"
"weapon__B__40026","27000","weapon","","core:storm_fork","650","140","343","16558","10603","0","1303","343","25156","0","650","307","5955","0.2153846153846154","0.4723076923076923"
"weapon__B__40026","27000","weapon","","core:ward_orbit","6281","1447","5215","269802","162435","0","14175","5215","26444","0","6239","3218","107367","0.23037732845088363","0.5157877865042475"
"weapon__B__40027","27000","weapon","","core:harvest_scythe","918","383","1134","57230","30919","0","1392","1134","24314","0","918","407","26311","0.41721132897603486","0.4433551198257081"
"weapon__B__40027","27000","weapon","","core:iron_blade","1528","1273","209","8222","4445","0","494","209","27000","0","1528","1385","3777","0.8331151832460733","0.9064136125654451"
"weapon__B__40027","27000","weapon","","core:levy_banner","1088","529","4722","209512","142441","0","1351","4722","24542","0","1084","53","67071","0.48621323529411764","0.048892988929889296"
"weapon__B__40027","27000","weapon","","core:mill_disc","1332","113","1255","96522","36955","0","7876","1255","25864","0","1324","809","59567","0.08483483483483484","0.6110271903323263"
"weapon__B__40027","27000","weapon","","core:storm_fork","788","168","1123","59101","33857","0","2392","1123","25638","0","788","173","25244","0.2131979695431472","0.21954314720812182"
"weapon__B__40028","27000","weapon","","core:harvest_scythe","1295","96","1884","195875","68561","0","7588","1884","25914","0","1295","685","127314","0.07413127413127413","0.528957528957529"
"weapon__B__40028","27000","weapon","","core:iron_blade","1710","1617","49","1385","1043","0","161","49","27008","0","1710","1681","342","0.9456140350877194","0.9830409356725146"
"weapon__B__40028","27000","weapon","","core:mill_disc","926","45","165","15492","5902","0","7933","165","26204","0","926","796","9590","0.04859611231101512","0.8596112311015118"
"weapon__B__40028","27000","weapon","","core:storm_fork","810","112","644","49680","24837","0","2925","644","26784","0","810","166","24843","0.1382716049382716","0.20493827160493827"
"weapon__B__40028","27000","weapon","","core:ward_orbit","10072","2363","5093","366613","173915","0","25617","5093","26572","0","10010","6963","192698","0.23461080222398728","0.6956043956043956"
"weapon__B__40029","27000","weapon","","core:ember_wand","3877","255","795","67118","23563","0","19206","795","26731","0","3831","3402","43555","0.06577250451379933","0.8880187940485513"
"weapon__B__40029","27000","weapon","","core:frost_chain","1367","685","1340","90641","51758","0","1269","1340","25954","0","1360","739","38883","0.5010972933430871","0.5433823529411764"
"weapon__B__40029","27000","weapon","","core:iron_blade","1134","1056","43","1674","1030","0","138","43","27014","0","1134","1100","644","0.9312169312169312","0.9700176366843033"
"weapon__B__40029","27000","weapon","","core:levy_banner","804","743","799","40765","27543","0","83","799","23946","0","803","409","13222","0.9241293532338308","0.5093399750933998"
"weapon__B__40029","27000","weapon","","core:spore_fan","3938","2309","4568","383381","184183","0","3047","4568","26490","0","3917","2638","199198","0.5863382427628238","0.6734745979065612"
"weapon__B__40030","27000","weapon","","core:frost_chain","932","195","590","24256","16132","0","2400","590","26676","0","929","402","8124","0.2092274678111588","0.4327233584499462"
"weapon__B__40030","27000","weapon","","core:iron_blade","1017","811","171","8215","4581","0","344","171","27020","0","1017","904","3634","0.7974434611602753","0.8888888888888888"
"weapon__B__40030","27000","weapon","","core:levy_banner","801","488","2054","91538","62726","0","555","2054","26766","0","798","109","28812","0.6092384519350812","0.13659147869674185"
"weapon__B__40030","27000","weapon","","core:spore_fan","1293","372","2910","143882","88585","0","2429","2910","26554","0","1286","363","55297","0.2877030162412993","0.2822706065318818"
"weapon__B__40030","27000","weapon","","core:storm_fork","570","244","306","13150","8092","0","689","306","25714","0","570","264","5058","0.4280701754385965","0.4631578947368421"
"weapon__B__40031","27000","weapon","","core:harvest_scythe","839","513","85","3425","1863","0","727","85","24876","0","839","768","1562","0.6114421930870083","0.9153754469606674"
"weapon__B__40031","27000","weapon","","core:iron_blade","1168","1103","36","1048","658","0","103","36","27016","0","1168","1143","390","0.9443493150684932","0.978595890410959"
"weapon__B__40031","27000","weapon","","core:levy_banner","790","674","738","23670","18427","0","152","738","24460","0","790","464","5243","0.8531645569620253","0.5873417721518988"
"weapon__B__40031","27000","weapon","","core:spore_fan","2161","773","2433","138037","84494","0","3509","2433","26648","0","2136","1280","53543","0.35770476631189263","0.599250936329588"
"weapon__B__40031","27000","weapon","","core:ward_orbit","11162","5383","3004","143358","87787","0","12966","3004","25920","0","11119","8990","55571","0.48226124350474825","0.8085259465779296"
"weapon__C__40000","27000","weapon","","core:ember_wand","1453","32","764","35228","20226","0","71643","764","25572","0","1448","684","15002","0.02202339986235375","0.4723756906077348"
"weapon__C__40000","27000","weapon","","core:frost_chain","994","76","681","28952","21949","0","5612","681","24876","0","990","471","7003","0.07645875251509054","0.47575757575757577"
"weapon__C__40000","27000","weapon","","core:harvest_scythe","796","181","1150","69219","34640","0","2129","1150","26782","0","796","297","34579","0.22738693467336685","0.3731155778894472"
"weapon__C__40000","27000","weapon","","core:iron_blade","1009","581","203","8934","5244","0","838","203","27010","0","1009","871","3690","0.5758176412289395","0.8632309217046581"
"weapon__C__40000","27000","weapon","","core:storm_fork","605","106","821","41638","22718","0","1931","821","25148","0","605","110","18920","0.17520661157024794","0.18181818181818182"
"weapon__C__40001","27000","weapon","","core:ember_wand","1688","66","329","11478","6971","0","15185","329","25628","0","1688","1359","4507","0.03909952606635071","0.8050947867298578"
"weapon__C__40001","27000","weapon","","core:frost_chain","1134","190","210","6726","5131","0","3781","210","25184","0","1134","931","1595","0.1675485008818342","0.8209876543209876"
"weapon__C__40001","27000","weapon","","core:iron_blade","1162","1120","18","516","336","0","71","18","27016","0","1162","1147","180","0.963855421686747","0.9870912220309811"
"weapon__C__40001","27000","weapon","","core:spore_fan","1437","469","2213","79349","57729","0","2312","2213","26494","0","1428","866","21620","0.32637439109255395","0.6064425770308123"
"weapon__C__40001","27000","weapon","","core:ward_orbit","7544","2565","3872","201236","118215","0","12451","3872","26180","0","7479","4898","83021","0.3400053022269353","0.6549003877523734"
"weapon__C__40002","27000","weapon","","core:ember_wand","1773","97","800","54475","24130","0","12773","800","26254","0","1768","997","30345","0.05470953186689227","0.5639140271493213"
"weapon__C__40002","27000","weapon","","core:iron_blade","1009","572","491","42973","14480","0","1002","491","27020","0","1009","724","28493","0.5668979187314173","0.7175421209117938"
"weapon__C__40002","27000","weapon","","core:levy_banner","738","386","3046","195401","116190","0","778","3046","26638","0","735","40","79211","0.5230352303523035","0.05442176870748299"
"weapon__C__40002","27000","weapon","","core:storm_fork","623","127","1239","102367","43794","0","1960","1239","25554","0","623","136","58573","0.20385232744783308","0.21829855537720708"
"weapon__C__40002","27000","weapon","","core:ward_orbit","1314","888","2051","108152","58754","0","761","2051","25080","0","1309","396","49398","0.6757990867579908","0.3025210084033613"
"weapon__C__40003","27000","weapon","","core:ember_wand","2048","43","559","23962","14546","0","17839","559","26225","0","2038","1479","9416","0.02099609375","0.725711481844946"
"weapon__C__40003","27000","weapon","","core:frost_chain","1699","85","2236","111501","73622","0","10414","2236","26646","0","1690","665","37879","0.050029429075927015","0.39349112426035504"
"weapon__C__40003","27000","weapon","","core:iron_blade","1318","704","438","19797","11261","0","1222","438","27002","0","1318","1043","8536","0.5341426403641881","0.791350531107739"
"weapon__C__40003","27000","weapon","","core:levy_banner","848","314","6012","188335","138368","0","1130","6012","26536","0","844","11","49967","0.37028301886792453","0.013033175355450236"
"weapon__C__40003","27000","weapon","","core:mill_disc","627","97","364","16052","9704","0","1819","364","25949","0","624","482","6348","0.1547049441786284","0.7724358974358975"
"weapon__C__40004","27000","weapon","","core:canal_bow","2029","27","381","18492","11471","0","24553","381","26635","0","2011","1711","7021","0.01330704780680138","0.8508204873197415"
"weapon__C__40004","27000","weapon","","core:harvest_scythe","1032","110","3658","267076","122637","0","4822","3658","25920","0","1032","155","144439","0.1065891472868217","0.1501937984496124"
"weapon__C__40004","27000","weapon","","core:iron_blade","1435","893","592","34490","17086","0","1160","592","27008","0","1435","1125","17404","0.6222996515679442","0.7839721254355401"
"weapon__C__40004","27000","weapon","","core:levy_banner","929","576","4579","155372","115841","0","710","4579","26176","0","925","39","39531","0.620021528525296","0.04216216216216216"
"weapon__C__40004","27000","weapon","","core:mill_disc","700","154","78","3064","2138","0","1756","78","26780","0","697","644","926","0.22","0.9239598278335724"
"weapon__C__40005","27000","weapon","","core:canal_bow","1084","39","404","17201","11793","0","5917","404","25689","0","1080","676","5408","0.035977859778597784","0.6259259259259259"
"weapon__C__40005","27000","weapon","","core:iron_blade","1907","1276","469","35574","14921","0","993","469","27004","0","1907","1573","20653","0.6691137912952281","0.8248557944415312"
"weapon__C__40005","27000","weapon","","core:levy_banner","852","712","1361","46967","33977","0","171","1361","26260","0","848","249","12990","0.8356807511737089","0.2936320754716981"
"weapon__C__40005","27000","weapon","","core:spore_fan","1967","680","4100","171510","122721","0","2774","4100","26705","0","1956","681","48789","0.34570411794611083","0.348159509202454"
"weapon__C__40005","27000","weapon","","core:ward_orbit","3878","3258","716","20172","14307","0","794","716","26542","0","3834","3297","5865","0.8401237751418257","0.8599374021909233"
"weapon__C__40006","27000","weapon","","core:canal_bow","1139","6","763","49931","22460","0","10477","763","26502","0","1133","760","27471","0.0052677787532923615","0.6707855251544572"
"weapon__C__40006","27000","weapon","","core:frost_chain","1028","71","910","46697","29583","0","4366","910","26730","0","1024","451","17114","0.06906614785992218","0.4404296875"
"weapon__C__40006","27000","weapon","","core:iron_blade","934","533","282","14072","6867","0","840","282","27000","0","934","753","7205","0.5706638115631691","0.8062098501070664"
"weapon__C__40006","27000","weapon","","core:mill_disc","546","95","275","15857","7727","0","1431","275","25170","0","544","430","8130","0.17399267399267399","0.7904411764705882"
"weapon__C__40006","27000","weapon","","core:spore_fan","1004","166","3713","136566","94530","0","2711","3713","25846","0","1000","102","42036","0.16533864541832669","0.102"
"weapon__C__40007","27000","weapon","","core:harvest_scythe","847","624","361","18913","11547","0","422","361","24832","0","847","645","7366","0.7367178276269185","0.7615112160566706"
"weapon__C__40007","27000","weapon","","core:iron_blade","1372","1257","108","4139","2713","0","225","108","27006","0","1372","1301","1426","0.9161807580174927","0.9482507288629738"
"weapon__C__40007","27000","weapon","","core:levy_banner","1023","864","1829","78747","55367","0","252","1829","26370","0","1018","332","23380","0.844574780058651","0.32612966601178783"
"weapon__C__40007","27000","weapon","","core:spore_fan","9308","7698","6053","465236","235627","0","2842","6053","24320","0","9220","7673","229609","0.8270305113880533","0.8322125813449024"
"weapon__C__40007","27000","weapon","","core:storm_fork","1006","519","1255","85349","45590","0","1157","1255","26224","0","1006","539","39759","0.5159045725646123","0.5357852882703777"
"weapon__C__40008","27000","weapon","","core:frost_chain","894","187","726","31341","22196","0","2358","726","26232","0","890","441","9145","0.20917225950782997","0.49550561797752807"
"weapon__C__40008","27000","weapon","","core:harvest_scythe","803","208","1570","129505","53844","0","1876","1570","26510","0","803","240","75661","0.2590286425902864","0.298879202988792"
"weapon__C__40008","27000","weapon","","core:iron_blade","917","707","92","4373","2200","0","353","92","27018","0","917","853","2173","0.7709923664122137","0.9302071973827699"
"weapon__C__40008","27000","weapon","","core:levy_banner","763","491","3074","152854","97927","0","543","3074","25912","0","760","62","54927","0.6435124508519003","0.08157894736842106"
"weapon__C__40008","27000","weapon","","core:mill_disc","443","174","679","37141","18822","0","567","679","21029","0","441","234","18319","0.3927765237020316","0.5306122448979592"
"weapon__C__40009","27000","weapon","","core:frost_chain","873","151","336","11206","8063","0","2636","336","25690","0","872","536","3143","0.1729667812142039","0.6146788990825688"
"weapon__C__40009","27000","weapon","","core:harvest_scythe","757","281","726","53682","24132","0","1430","726","25290","0","757","399","29550","0.3712021136063408","0.5270805812417437"
"weapon__C__40009","27000","weapon","","core:iron_blade","1198","582","268","19059","8985","0","1275","268","27016","0","1198","1007","10074","0.48580968280467446","0.840567612687813"
"weapon__C__40009","27000","weapon","","core:mill_disc","586","158","920","50580","24703","0","1176","920","26686","0","584","321","25877","0.2696245733788396","0.5496575342465754"
"weapon__C__40009","27000","weapon","","core:ward_orbit","2249","1142","2572","98343","61707","0","1889","2572","26790","0","2238","811","36636","0.5077812361049355","0.3623771224307417"
"weapon__C__40010","27000","weapon","","core:frost_chain","1744","117","2435","130121","80168","0","6672","2435","26250","0","1729","674","49953","0.06708715596330275","0.3898207056101793"
"weapon__C__40010","27000","weapon","","core:iron_blade","1323","534","597","44149","19533","0","1716","597","27000","0","1323","970","24616","0.4036281179138322","0.7331821617535903"
"weapon__C__40010","27000","weapon","","core:levy_banner","767","454","4030","154866","108070","0","549","4030","26498","0","765","22","46796","0.5919165580182529","0.02875816993464052"
"weapon__C__40010","27000","weapon","","core:mill_disc","625","222","999","47209","28189","0","900","999","26621","0","622","335","19020","0.3552","0.5385852090032154"
"weapon__C__40010","27000","weapon","","core:storm_fork","678","126","1132","65685","37849","0","1441","1132","26764","0","678","135","27836","0.18584070796460178","0.19911504424778761"
"weapon__C__40011","27000","weapon","","core:ember_wand","2425","134","895","52993","24581","0","15293","895","26702","0","2425","1802","28412","0.055257731958762886","0.7430927835051546"
"weapon__C__40011","27000","weapon","","core:iron_blade","1194","1095","49","1786","1206","0","141","49","27008","0","1194","1151","580","0.9170854271356784","0.9639865996649917"
"weapon__C__40011","27000","weapon","","core:spore_fan","1781","666","2535","135019","83801","0","2244","2535","26606","0","1773","879","51218","0.37394722066254915","0.4957698815566836"
"weapon__C__40011","27000","weapon","","core:storm_fork","682","310","298","12163","8957","0","835","298","26172","0","682","478","3206","0.45454545454545453","0.7008797653958945"
"weapon__C__40011","27000","weapon","","core:ward_orbit","5518","2418","2258","85938","61233","0","7113","2258","26519","0","5461","3924","24705","0.43820224719101125","0.7185497161691998"
"weapon__C__40012","27000","weapon","","core:harvest_scythe","594","221","888","55919","26227","0","1160","888","23760","0","594","247","29692","0.3720538720538721","0.4158249158249158"
"weapon__C__40012","27000","weapon","","core:iron_blade","915","550","425","28889","10942","0","950","425","27008","0","915","678","17947","0.6010928961748634","0.740983606557377"
"weapon__C__40012","27000","weapon","","core:levy_banner","732","177","4815","353652","180478","0","2342","4815","24472","0","729","18","173174","0.24180327868852458","0.024691358024691357"
"weapon__C__40012","27000","weapon","","core:mill_disc","537","82","316","22239","10684","0","2226","316","26569","0","535","328","11555","0.1527001862197393","0.6130841121495327"
"weapon__C__40012","27000","weapon","","core:storm_fork","622","63","1226","102978","42180","0","3218","1226","25922","0","622","62","60798","0.10128617363344052","0.09967845659163987"
"weapon__C__40013","27000","weapon","","core:frost_chain","1149","935","435","14875","10623","0","305","435","25334","0","1149","714","4252","0.8137510879025239","0.6214099216710183"
"weapon__C__40013","27000","weapon","","core:iron_blade","1738","1707","28","915","683","0","78","28","27004","0","1738","1720","232","0.9821634062140391","0.9896432681242808"
"weapon__C__40013","27000","weapon","","core:levy_banner","936","914","815","33018","23466","0","29","815","25726","0","933","504","9552","0.9764957264957265","0.5401929260450161"
"weapon__C__40013","27000","weapon","","core:spore_fan","10921","9109","5210","310657","183653","0","2401","5210","26399","0","10833","9033","127004","0.8340811281018222","0.8338410412628081"
"weapon__C__40013","27000","weapon","","core:storm_fork","689","655","32","1203","680","0","45","32","25936","0","689","657","523","0.9506531204644412","0.95355587808418"
"weapon__C__40014","27000","weapon","","core:canal_bow","1145","3","518","31670","14262","0","156569","518","25868","0","1140","850","17408","0.0026200873362445414","0.7456140350877193"
"weapon__C__40014","27000","weapon","","core:ember_wand","1478","4","624","31041","15059","0","137306","624","26762","0","1471","1042","15982","0.0027063599458728013","0.708361658735554"
"weapon__C__40014","27000","weapon","","core:frost_chain","907","29","198","6998","4782","0","5964","198","26582","0","903","713","2216","0.03197353914002205","0.7895902547065338"
"weapon__C__40014","27000","weapon","","core:harvest_scythe","726","78","1569","100210","53384","0","3322","1569","25604","0","726","179","46826","0.10743801652892562","0.2465564738292011"
"weapon__C__40014","27000","weapon","","core:iron_blade","987","325","396","19885","10532","0","1758","396","27008","0","987","750","9353","0.3292806484295846","0.7598784194528876"
"weapon__C__40015","27000","weapon","","core:canal_bow","4365","70","834","67035","25203","0","30219","834","26608","0","4304","3888","41832","0.016036655211912942","0.9033457249070632"
"weapon__C__40015","27000","weapon","","core:ember_wand","5721","443","310","18998","8962","0","21341","310","26506","0","5687","5377","10036","0.077434015032337","0.9454897133813962"
"weapon__C__40015","27000","weapon","","core:frost_chain","1233","394","412","21077","14158","0","2039","412","26762","0","1225","878","6919","0.3195458231954582","0.7167346938775511"
"weapon__C__40015","27000","weapon","","core:iron_blade","1180","916","142","7581","3964","0","450","142","27010","0","1180","1072","3617","0.7762711864406779","0.9084745762711864"
"weapon__C__40015","27000","weapon","","core:spore_fan","5541","3378","4024","275515","157042","0","4779","4024","26146","0","5513","4205","118473","0.6096372495939361","0.7627426083801923"
"weapon__C__40016","27000","weapon","","core:ember_wand","1272","102","822","50676","23378","0","7439","822","24734","0","1266","631","27298","0.08018867924528301","0.49842022116903634"
"weapon__C__40016","27000","weapon","","core:harvest_scythe","758","449","555","41245","19801","0","700","555","25942","0","758","491","21444","0.5923482849604221","0.6477572559366754"
"weapon__C__40016","27000","weapon","","core:iron_blade","1031","886","131","8399","4108","0","241","131","27018","0","1031","946","4291","0.8593598448108632","0.9175557710960233"
"weapon__C__40016","27000","weapon","","core:spore_fan","1560","371","6704","457288","258146","0","3780","6704","25004","0","1553","348","199142","0.2378205128205128","0.2240824211204121"
"weapon__C__40016","27000","weapon","","core:ward_orbit","1462","1271","702","23438","17180","0","277","702","26764","0","1456","1028","6258","0.8693570451436389","0.7060439560439561"
"weapon__C__40017","27000","weapon","","core:canal_bow","1328","39","812","58135","23917","0","8211","812","26103","0","1324","512","34218","0.029367469879518073","0.3867069486404834"
"weapon__C__40017","27000","weapon","","core:iron_blade","2529","2126","272","24979","9808","0","658","272","27000","0","2529","2341","15171","0.8406484776591538","0.9256623171213919"
"weapon__C__40017","27000","weapon","","core:spore_fan","7033","5029","7650","655163","315802","0","3468","7650","25859","0","6991","5248","339361","0.7150575856675672","0.7506794450007152"
"weapon__C__40017","27000","weapon","","core:storm_fork","633","510","122","5477","3858","0","219","122","26494","0","633","511","1619","0.8056872037914692","0.8072669826224329"
"weapon__C__40017","27000","weapon","","core:ward_orbit","8382","8194","376","16266","10330","0","232","376","24509","0","8347","8083","5936","0.9775709854450012","0.9683718701329819"
"weapon__C__40018","27000","weapon","","core:frost_chain","912","281","723","47132","23070","0","1910","723","25652","0","910","277","24062","0.3081140350877193","0.30439560439560437"
"weapon__C__40018","27000","weapon","","core:harvest_scythe","916","179","2973","384606","108083","0","3748","2973","26776","0","916","232","276523","0.19541484716157206","0.25327510917030566"
"weapon__C__40018","27000","weapon","","core:iron_blade","1066","821","195","16660","5616","0","482","195","27016","0","1066","946","11044","0.7701688555347092","0.8874296435272045"
"weapon__C__40018","27000","weapon","","core:levy_banner","764","603","2495","204755","102047","0","301","2495","23644","0","761","75","102708","0.7892670157068062","0.09855453350854139"
"weapon__C__40018","27000","weapon","","core:ward_orbit","1712","1357","1117","57864","28879","0","537","1117","26174","0","1703","1031","28985","0.7926401869158879","0.6054022313564298"
"weapon__C__40019","27000","weapon","","core:ember_wand","5771","35","982","66056","27207","0","897724","982","26789","0","5716","5156","38849","0.006064806792583608","0.9020293911826452"
"weapon__C__40019","27000","weapon","","core:harvest_scythe","868","406","378","22594","12706","0","894","378","26622","0","868","613","9888","0.46774193548387094","0.706221198156682"
"weapon__C__40019","27000","weapon","","core:iron_blade","1047","1010","15","375","297","0","69","15","27008","0","1047","1034","78","0.9646609360076409","0.9875835721107927"
"weapon__C__40019","27000","weapon","","core:storm_fork","696","189","853","49161","29284","0","1557","853","25912","0","696","304","19877","0.27155172413793105","0.4367816091954023"
"weapon__C__40019","27000","weapon","","core:ward_orbit","3938","1345","3078","133181","87278","0","6474","3078","26171","0","3910","2253","45903","0.34154393092940577","0.5762148337595908"
"weapon__C__40020","27000","weapon","","core:harvest_scythe","764","531","369","25945","12147","0","443","369","26724","0","764","556","13798","0.6950261780104712","0.7277486910994765"
"weapon__C__40020","27000","weapon","","core:iron_blade","1321","1030","307","29086","9729","0","488","307","27004","0","1321","1128","19357","0.7797123391370174","0.8538985616956851"
"weapon__C__40020","27000","weapon","","core:levy_banner","919","733","1568","105031","61359","0","279","1568","26774","0","915","286","43672","0.7976060935799782","0.31256830601092894"
"weapon__C__40020","27000","weapon","","core:mill_disc","538","342","171","12885","6526","0","371","171","26302","0","536","405","6359","0.6356877323420075","0.7555970149253731"
"weapon__C__40020","27000","weapon","","core:spore_fan","1976","751","4941","418249","188958","0","2839","4941","26545","0","1958","784","229291","0.3800607287449393","0.4004085801838611"
"weapon__C__40021","27000","weapon","","core:canal_bow","4664","97","525","30691","14745","0","29430","525","26698","0","4575","4158","15946","0.02079759862778731","0.9088524590163934"
"weapon__C__40021","27000","weapon","","core:frost_chain","1053","638","151","4961","3599","0","688","151","26496","0","1050","899","1362","0.6058879392212726","0.8561904761904762"
"weapon__C__40021","27000","weapon","","core:iron_blade","1725","1618","71","3119","1840","0","189","71","27004","0","1725","1674","1279","0.9379710144927537","0.9704347826086956"
"weapon__C__40021","27000","weapon","","core:spore_fan","12944","10925","5412","301484","191103","0","2668","5412","25835","0","12898","10947","110381","0.8440203955500618","0.8487362381764615"
"weapon__C__40021","27000","weapon","","core:storm_fork","686","590","95","3637","2230","0","174","95","26580","0","686","591","1407","0.8600583090379009","0.8615160349854227"
"weapon__C__40022","27000","weapon","","core:canal_bow","7254","19","875","87555","24874","0","2401303","875","26579","0","7208","6644","62681","0.0026192445547284257","0.9217536071032186"
"weapon__C__40022","27000","weapon","","core:ember_wand","9335","41","626","52246","18020","0","2582721","626","25538","0","9308","8889","34226","0.004392072844134976","0.9549849591749033"
"weapon__C__40022","27000","weapon","","core:harvest_scythe","769","366","338","20804","11476","0","803","338","26688","0","769","546","9328","0.4759427828348505","0.7100130039011704"
"weapon__C__40022","27000","weapon","","core:iron_blade","1412","447","772","75978","26209","0","3347","772","27012","0","1412","1034","49769","0.31657223796033995","0.7322946175637394"
"weapon__C__40022","27000","weapon","","core:ward_orbit","2211","733","3941","238297","125697","0","3872","3941","25834","0","2207","817","112600","0.331524197195839","0.3701857725419121"
"weapon__C__40023","27000","weapon","","core:iron_blade","1362","1048","221","9730","5828","0","539","221","27006","0","1362","1206","3902","0.7694566813509545","0.8854625550660793"
"weapon__C__40023","27000","weapon","","core:levy_banner","1150","505","4375","190133","136656","0","1583","4375","25502","0","1145","98","53477","0.4391304347826087","0.08558951965065502"
"weapon__C__40023","27000","weapon","","core:mill_disc","683","189","1158","52674","32797","0","1580","1158","26765","0","682","327","19877","0.2767203513909224","0.47947214076246336"
"weapon__C__40023","27000","weapon","","core:storm_fork","926","145","2222","127369","77994","0","3337","2222","26526","0","926","155","49375","0.15658747300215983","0.1673866090712743"
"weapon__C__40023","27000","weapon","","core:ward_orbit","3528","1856","3515","89959","68927","0","3466","3515","24208","0","3489","1658","21032","0.5260770975056689","0.4752077959300659"
"weapon__C__40024","27000","weapon","","core:frost_chain","1676","337","1041","50630","32337","0","4222","1041","26610","0","1672","923","18293","0.20107398568019094","0.5520334928229665"
"weapon__C__40024","27000","weapon","","core:iron_blade","1646","1438","118","5412","3009","0","319","118","27004","0","1646","1555","2403","0.8736330498177399","0.9447144592952612"
"weapon__C__40024","27000","weapon","","core:spore_fan","6480","4280","6858","306016","218132","0","3786","6858","24824","0","6429","4543","87884","0.6604938271604939","0.7066417794369264"
"weapon__C__40024","27000","weapon","","core:storm_fork","666","471","191","7748","4750","0","336","191","26104","0","666","475","2998","0.7072072072072072","0.7132132132132132"
"weapon__C__40024","27000","weapon","","core:ward_orbit","8535","7675","736","29772","17419","0","1134","736","23270","0","8498","7942","12353","0.8992384299941417","0.9345728406683925"
"weapon__C__40025","27000","weapon","","core:ember_wand","1482","3","666","42828","19538","0","106735","666","25500","0","1476","964","23290","0.0020242914979757085","0.6531165311653117"
"weapon__C__40025","27000","weapon","","core:frost_chain","928","49","809","48711","28660","0","5511","809","25056","0","923","486","20051","0.052801724137931036","0.5265438786565547"
"weapon__C__40025","27000","weapon","","core:iron_blade","1277","381","606","47250","17622","0","2391","606","27002","0","1277","906","29628","0.2983555207517619","0.7094753328112764"
"weapon__C__40025","27000","weapon","","core:mill_disc","459","120","377","20958","10490","0","897","377","23291","0","457","342","10468","0.26143790849673204","0.7483588621444202"
"weapon__C__40025","27000","weapon","","core:storm_fork","579","138","442","22105","10690","0","1212","442","26450","0","579","137","11415","0.23834196891191708","0.23661485319516407"
"weapon__C__40026","27000","weapon","","core:ember_wand","1944","149","688","46952","19965","0","14755","688","23680","0","1944","1481","26987","0.07664609053497942","0.7618312757201646"
"weapon__C__40026","27000","weapon","","core:iron_blade","1064","1008","42","1149","872","0","127","42","27016","0","1064","1040","277","0.9473684210526315","0.9774436090225563"
"weapon__C__40026","27000","weapon","","core:levy_banner","700","567","1406","88277","54559","0","173","1406","18356","0","700","235","33718","0.81","0.3357142857142857"
"weapon__C__40026","27000","weapon","","core:storm_fork","660","330","375","22703","13909","0","569","375","25162","0","660","423","8794","0.5","0.6409090909090909"
"weapon__C__40026","27000","weapon","","core:ward_orbit","4462","1595","3757","233673","126533","0","8814","3757","26443","0","4432","2275","107140","0.3574630210667862","0.513312274368231"
"weapon__C__40027","27000","weapon","","core:harvest_scythe","1030","482","1135","62273","32339","0","1428","1135","24326","0","1030","539","29934","0.4679611650485437","0.5233009708737864"
"weapon__C__40027","27000","weapon","","core:iron_blade","1822","1364","457","23148","11452","0","940","457","27000","0","1822","1563","11696","0.7486278814489572","0.8578485181119648"
"weapon__C__40027","27000","weapon","","core:levy_banner","1070","662","3811","153133","104267","0","849","3811","24544","0","1064","106","48866","0.6186915887850467","0.09962406015037593"
"weapon__C__40027","27000","weapon","","core:mill_disc","924","214","1082","69884","31095","0","3399","1082","25860","0","918","513","38789","0.23160173160173161","0.5588235294117647"
"weapon__C__40027","27000","weapon","","core:storm_fork","834","268","941","48977","28952","0","1836","941","25630","0","834","272","20025","0.3213429256594724","0.3261390887290168"
"weapon__C__40028","27000","weapon","","core:harvest_scythe","1269","165","1232","111211","45454","0","7918","1232","25908","0","1269","844","65757","0.13002364066193853","0.665090622537431"
"weapon__C__40028","27000","weapon","","core:iron_blade","1315","1217","51","1451","1082","0","168","51","27000","0","1315","1284","369","0.9254752851711027","0.976425855513308"
"weapon__C__40028","27000","weapon","","core:mill_disc","718","99","108","6023","3639","0","2568","108","26214","0","718","631","2384","0.13788300835654596","0.8788300835654597"
"weapon__C__40028","27000","weapon","","core:storm_fork","745","151","880","52278","33996","0","2207","880","26760","0","745","282","18282","0.20268456375838925","0.3785234899328859"
"weapon__C__40028","27000","weapon","","core:ward_orbit","10691","1522","6770","353761","214052","0","34969","6770","26572","0","10623","6949","139709","0.14236273501075672","0.654146662901252"
"weapon__C__40029","27000","weapon","","core:ember_wand","3740","174","827","66776","24801","0","19306","827","26729","0","3671","3206","41975","0.046524064171122995","0.8733315172977391"
"weapon__C__40029","27000","weapon","","core:frost_chain","1227","671","771","44469","27321","0","998","771","25954","0","1227","759","17148","0.5468622656886716","0.6185819070904646"
"weapon__C__40029","27000","weapon","","core:iron_blade","1114","1036","39","1378","910","0","135","39","27014","0","1114","1083","468","0.9299820466786356","0.9721723518850988"
"weapon__C__40029","27000","weapon","","core:levy_banner","823","756","804","41726","27967","0","90","804","23944","0","823","424","13759","0.9185905224787363","0.5151883353584447"
"weapon__C__40029","27000","weapon","","core:spore_fan","4546","2932","3859","277502","152742","0","2837","3859","26488","0","4510","3246","124760","0.6449626044874615","0.7197339246119734"
"weapon__C__40030","27000","weapon","","core:frost_chain","1193","221","1053","54959","32502","0","3673","1053","26678","0","1187","519","22457","0.18524727577535624","0.43723673125526535"
"weapon__C__40030","27000","weapon","","core:iron_blade","1110","922","121","5884","3186","0","288","121","27004","0","1110","1028","2698","0.8306306306306306","0.9261261261261261"
"weapon__C__40030","27000","weapon","","core:levy_banner","852","552","1946","89136","58612","0","548","1946","26772","0","847","146","30524","0.647887323943662","0.17237308146399055"
"weapon__C__40030","27000","weapon","","core:spore_fan","1372","428","2953","137666","90479","0","2543","2953","26554","0","1366","409","47187","0.3119533527696793","0.29941434846266474"
"weapon__C__40030","27000","weapon","","core:storm_fork","578","281","273","11327","7158","0","569","273","25696","0","578","305","4169","0.486159169550173","0.527681660899654"
"weapon__C__40031","27000","weapon","","core:harvest_scythe","839","513","85","3425","1863","0","727","85","24876","0","839","768","1562","0.6114421930870083","0.9153754469606674"
"weapon__C__40031","27000","weapon","","core:iron_blade","1168","1103","36","1048","658","0","103","36","27016","0","1168","1143","390","0.9443493150684932","0.978595890410959"
"weapon__C__40031","27000","weapon","","core:levy_banner","790","674","738","23670","18427","0","152","738","24460","0","790","464","5243","0.8531645569620253","0.5873417721518988"
"weapon__C__40031","27000","weapon","","core:spore_fan","2161","773","2433","138037","84494","0","3509","2433","26648","0","2136","1280","53543","0.35770476631189263","0.599250936329588"
"weapon__C__40031","27000","weapon","","core:ward_orbit","11162","5383","3004","143358","87787","0","12966","3004","25920","0","11119","8990","55571","0.48226124350474825","0.8085259465779296"
