quality	Set up job	﻿2026-10-07T21:31:00.9685871Z Current runner version: '2.337.0'
quality	Set up job	2026-10-07T21:31:00.9710710Z ##[group]Runner Image Provisioner
quality	Set up job	2026-10-07T21:31:00.9711604Z Hosted Compute Agent
quality	Set up job	2026-10-07T21:31:00.9712207Z Version: 20261002.596
quality	Set up job	2026-10-07T21:31:00.9712916Z Commit: c3d12f3313a95f25162a1503be624f3b0617f8c0
quality	Set up job	2026-10-07T21:31:00.9713686Z Build Date: 2026-10-02T22:28:27Z
quality	Set up job	2026-10-07T21:31:00.9714478Z Worker ID: {f3230b43-248a-4a1b-b779-ce7439d026dc}
quality	Set up job	2026-10-07T21:31:00.9715196Z Region: eastus
quality	Set up job	2026-10-07T21:31:00.9715764Z Cloud: Azure
quality	Set up job	2026-10-07T21:31:00.9716448Z ##[endgroup]
quality	Set up job	2026-10-07T21:31:00.9718443Z ##[group]Operating System
quality	Set up job	2026-10-07T21:31:00.9719217Z Ubuntu
quality	Set up job	2026-10-07T21:31:00.9719843Z 24.04.5
quality	Set up job	2026-10-07T21:31:00.9720344Z LTS
quality	Set up job	2026-10-07T21:31:00.9720958Z ##[endgroup]
quality	Set up job	2026-10-07T21:31:00.9721543Z ##[group]Runner Image
quality	Set up job	2026-10-07T21:31:00.9722196Z Image: ubuntu-24.04
quality	Set up job	2026-10-07T21:31:00.9722809Z Version: 20261004.327.1
quality	Set up job	2026-10-07T21:31:00.9723869Z Included Software: https://github.com/actions/runner-images/blob/ubuntu24/20261004.327/images/ubuntu/Ubuntu2404-Readme.md
quality	Set up job	2026-10-07T21:31:00.9725725Z Image Release: https://github.com/actions/runner-images/releases/tag/ubuntu24%2F20261004.327
quality	Set up job	2026-10-07T21:31:00.9726744Z ##[endgroup]
quality	Set up job	2026-10-07T21:31:00.9728324Z ##[group]GITHUB_TOKEN Permissions
quality	Set up job	2026-10-07T21:31:00.9730473Z Contents: read
quality	Set up job	2026-10-07T21:31:00.9731117Z Issues: read
quality	Set up job	2026-10-07T21:31:00.9731700Z Metadata: read
quality	Set up job	2026-10-07T21:31:00.9732311Z ##[endgroup]
quality	Set up job	2026-10-07T21:31:00.9734356Z Secret source: Actions
quality	Set up job	2026-10-07T21:31:00.9735477Z Cache mode: write
quality	Set up job	2026-10-07T21:31:00.9736193Z Prepare workflow directory
quality	Set up job	2026-10-07T21:31:01.0058824Z Prepare all required actions
quality	Set up job	2026-10-07T21:31:01.0105995Z Getting action download info
quality	Set up job	2026-10-07T21:31:01.2361255Z Download action repository 'actions/checkout@11d5960a326750d5838078e36cf38b85af677262' (SHA:11d5960a326750d5838078e36cf38b85af677262)
quality	Set up job	2026-10-07T21:31:01.3189477Z Download action repository 'actions/setup-dotnet@67a3573c9a986a3f9c594539f4ab511d57bb3ce9' (SHA:67a3573c9a986a3f9c594539f4ab511d57bb3ce9)
quality	Set up job	2026-10-07T21:31:01.5224184Z Download action repository 'actions/setup-node@49933ea5288caeca8642d1e84afbd3f7d6820020' (SHA:49933ea5288caeca8642d1e84afbd3f7d6820020)
quality	Set up job	2026-10-07T21:31:01.6047627Z Download action repository 'actions/upload-artifact@ea165f8d65b6e75b540449e92b4886f43607fa02' (SHA:ea165f8d65b6e75b540449e92b4886f43607fa02)
quality	Set up job	2026-10-07T21:31:01.8124102Z Complete job name: quality
quality	Run actions/checkout@11d5960a326750d5838078e36cf38b85af677262	﻿2026-10-07T21:31:01.8923349Z ##[group]Run actions/checkout@11d5960a326750d5838078e36cf38b85af677262
quality	Run actions/checkout@11d5960a326750d5838078e36cf38b85af677262	2026-10-07T21:31:01.8924511Z with:
quality	Run actions/checkout@11d5960a326750d5838078e36cf38b85af677262	2026-10-07T21:31:01.8924962Z   fetch-depth: 0
quality	Run actions/checkout@11d5960a326750d5838078e36cf38b85af677262	2026-10-07T21:31:01.8925438Z   persist-credentials: false
quality	Run actions/checkout@11d5960a326750d5838078e36cf38b85af677262	2026-10-07T21:31:01.8925986Z   repository: hyunlord/bs-mobile
quality	Run actions/checkout@11d5960a326750d5838078e36cf38b85af677262	2026-10-07T21:31:01.8930044Z   token: ***
quality	Run actions/checkout@11d5960a326750d5838078e36cf38b85af677262	2026-10-07T21:31:01.8930497Z   ssh-strict: true
quality	Run actions/checkout@11d5960a326750d5838078e36cf38b85af677262	2026-10-07T21:31:01.8930948Z   ssh-user: git
quality	Run actions/checkout@11d5960a326750d5838078e36cf38b85af677262	2026-10-07T21:31:01.8931376Z   clean: true
quality	Run actions/checkout@11d5960a326750d5838078e36cf38b85af677262	2026-10-07T21:31:01.8931833Z   sparse-checkout-cone-mode: true
quality	Run actions/checkout@11d5960a326750d5838078e36cf38b85af677262	2026-10-07T21:31:01.8932420Z   fetch-tags: false
quality	Run actions/checkout@11d5960a326750d5838078e36cf38b85af677262	2026-10-07T21:31:01.8932934Z   show-progress: true
quality	Run actions/checkout@11d5960a326750d5838078e36cf38b85af677262	2026-10-07T21:31:01.8933475Z   lfs: false
quality	Run actions/checkout@11d5960a326750d5838078e36cf38b85af677262	2026-10-07T21:31:01.8933897Z   submodules: false
quality	Run actions/checkout@11d5960a326750d5838078e36cf38b85af677262	2026-10-07T21:31:01.8934356Z   set-safe-directory: true
quality	Run actions/checkout@11d5960a326750d5838078e36cf38b85af677262	2026-10-07T21:31:01.8934876Z   allow-unsafe-pr-checkout: false
quality	Run actions/checkout@11d5960a326750d5838078e36cf38b85af677262	2026-10-07T21:31:01.8935670Z ##[endgroup]
quality	Run actions/checkout@11d5960a326750d5838078e36cf38b85af677262	2026-10-07T21:31:02.0001622Z Syncing repository: hyunlord/bs-mobile
quality	Run actions/checkout@11d5960a326750d5838078e36cf38b85af677262	2026-10-07T21:31:02.0006033Z ##[group]Getting Git version info
quality	Run actions/checkout@11d5960a326750d5838078e36cf38b85af677262	2026-10-07T21:31:02.0037635Z Working directory is '/home/runner/work/bs-mobile/bs-mobile'
quality	Run actions/checkout@11d5960a326750d5838078e36cf38b85af677262	2026-10-07T21:31:02.0040263Z [command]/usr/bin/git version
quality	Run actions/checkout@11d5960a326750d5838078e36cf38b85af677262	2026-10-07T21:31:02.0098390Z git version 2.55.0
quality	Run actions/checkout@11d5960a326750d5838078e36cf38b85af677262	2026-10-07T21:31:02.0121239Z ##[endgroup]
quality	Run actions/checkout@11d5960a326750d5838078e36cf38b85af677262	2026-10-07T21:31:02.0143975Z Temporarily overriding HOME='/home/runner/work/_temp/28588887-7e42-4036-a16d-ce0de61591b0' before making global git config changes
quality	Run actions/checkout@11d5960a326750d5838078e36cf38b85af677262	2026-10-07T21:31:02.0146612Z Adding repository directory to the temporary git global config as a safe directory
quality	Run actions/checkout@11d5960a326750d5838078e36cf38b85af677262	2026-10-07T21:31:02.0166850Z [command]/usr/bin/git config --global --add safe.directory /home/runner/work/bs-mobile/bs-mobile
quality	Run actions/checkout@11d5960a326750d5838078e36cf38b85af677262	2026-10-07T21:31:02.0193467Z Deleting the contents of '/home/runner/work/bs-mobile/bs-mobile'
quality	Run actions/checkout@11d5960a326750d5838078e36cf38b85af677262	2026-10-07T21:31:02.0199235Z ##[group]Initializing the repository
quality	Run actions/checkout@11d5960a326750d5838078e36cf38b85af677262	2026-10-07T21:31:02.0204345Z [command]/usr/bin/git init /home/runner/work/bs-mobile/bs-mobile
quality	Run actions/checkout@11d5960a326750d5838078e36cf38b85af677262	2026-10-07T21:31:02.0327339Z hint: Using 'master' as the name for the initial branch. This default branch name
quality	Run actions/checkout@11d5960a326750d5838078e36cf38b85af677262	2026-10-07T21:31:02.0329209Z hint: will change to "main" in Git 3.0. To configure the initial branch name
quality	Run actions/checkout@11d5960a326750d5838078e36cf38b85af677262	2026-10-07T21:31:02.0331061Z hint: to use in all of your new repositories, which will suppress this warning,
quality	Run actions/checkout@11d5960a326750d5838078e36cf38b85af677262	2026-10-07T21:31:02.0332479Z hint: call:
quality	Run actions/checkout@11d5960a326750d5838078e36cf38b85af677262	2026-10-07T21:31:02.0333245Z hint:
quality	Run actions/checkout@11d5960a326750d5838078e36cf38b85af677262	2026-10-07T21:31:02.0334165Z hint: 	git config --global init.defaultBranch <name>
quality	Run actions/checkout@11d5960a326750d5838078e36cf38b85af677262	2026-10-07T21:31:02.0335285Z hint:
quality	Run actions/checkout@11d5960a326750d5838078e36cf38b85af677262	2026-10-07T21:31:02.0336441Z hint: Names commonly chosen instead of 'master' are 'main', 'trunk' and
quality	Run actions/checkout@11d5960a326750d5838078e36cf38b85af677262	2026-10-07T21:31:02.0338473Z hint: 'development'. The just-created branch can be renamed via this command:
quality	Run actions/checkout@11d5960a326750d5838078e36cf38b85af677262	2026-10-07T21:31:02.0339902Z hint:
quality	Run actions/checkout@11d5960a326750d5838078e36cf38b85af677262	2026-10-07T21:31:02.0340726Z hint: 	git branch -m <name>
quality	Run actions/checkout@11d5960a326750d5838078e36cf38b85af677262	2026-10-07T21:31:02.0341616Z hint:
quality	Run actions/checkout@11d5960a326750d5838078e36cf38b85af677262	2026-10-07T21:31:02.0342765Z hint: Disable this message with "git config set advice.defaultBranchName false"
quality	Run actions/checkout@11d5960a326750d5838078e36cf38b85af677262	2026-10-07T21:31:02.0344950Z Initialized empty Git repository in /home/runner/work/bs-mobile/bs-mobile/.git/
quality	Run actions/checkout@11d5960a326750d5838078e36cf38b85af677262	2026-10-07T21:31:02.0354850Z [command]/usr/bin/git remote add origin https://github.com/hyunlord/bs-mobile
quality	Run actions/checkout@11d5960a326750d5838078e36cf38b85af677262	2026-10-07T21:31:02.0409347Z ##[endgroup]
quality	Run actions/checkout@11d5960a326750d5838078e36cf38b85af677262	2026-10-07T21:31:02.0411345Z ##[group]Disabling automatic garbage collection
quality	Run actions/checkout@11d5960a326750d5838078e36cf38b85af677262	2026-10-07T21:31:02.0412947Z [command]/usr/bin/git config --local gc.auto 0
quality	Run actions/checkout@11d5960a326750d5838078e36cf38b85af677262	2026-10-07T21:31:02.0470084Z ##[endgroup]
quality	Run actions/checkout@11d5960a326750d5838078e36cf38b85af677262	2026-10-07T21:31:02.0570705Z ##[group]Setting up auth
quality	Run actions/checkout@11d5960a326750d5838078e36cf38b85af677262	2026-10-07T21:31:02.0578089Z [command]/usr/bin/git config --local --name-only --get-regexp core\.sshCommand
quality	Run actions/checkout@11d5960a326750d5838078e36cf38b85af677262	2026-10-07T21:31:02.0598668Z [command]/usr/bin/git submodule foreach --recursive sh -c "git config --local --name-only --get-regexp 'core\.sshCommand' && git config --local --unset-all 'core.sshCommand' || :"
quality	Run actions/checkout@11d5960a326750d5838078e36cf38b85af677262	2026-10-07T21:31:02.0913323Z [command]/usr/bin/git config --local --name-only --get-regexp http\.https\:\/\/github\.com\/\.extraheader
quality	Run actions/checkout@11d5960a326750d5838078e36cf38b85af677262	2026-10-07T21:31:02.0952135Z [command]/usr/bin/git submodule foreach --recursive sh -c "git config --local --name-only --get-regexp 'http\.https\:\/\/github\.com\/\.extraheader' && git config --local --unset-all 'http.https://github.com/.extraheader' || :"
quality	Run actions/checkout@11d5960a326750d5838078e36cf38b85af677262	2026-10-07T21:31:02.1194791Z [command]/usr/bin/git config --local --name-only --get-regexp ^includeIf\.gitdir:
quality	Run actions/checkout@11d5960a326750d5838078e36cf38b85af677262	2026-10-07T21:31:02.1231098Z [command]/usr/bin/git submodule foreach --recursive git config --local --show-origin --name-only --get-regexp remote.origin.url
quality	Run actions/checkout@11d5960a326750d5838078e36cf38b85af677262	2026-10-07T21:31:02.1459074Z [command]/usr/bin/git config --local http.https://github.com/.extraheader AUTHORIZATION: basic ***
quality	Run actions/checkout@11d5960a326750d5838078e36cf38b85af677262	2026-10-07T21:31:02.1500729Z ##[endgroup]
quality	Run actions/checkout@11d5960a326750d5838078e36cf38b85af677262	2026-10-07T21:31:02.1501780Z ##[group]Fetching the repository
quality	Run actions/checkout@11d5960a326750d5838078e36cf38b85af677262	2026-10-07T21:31:02.1511515Z [command]/usr/bin/git -c protocol.version=2 fetch --prune --no-recurse-submodules origin +refs/heads/*:refs/remotes/origin/* +refs/tags/*:refs/tags/* +7eee6ba29e5c6c9710b87fc24f84837e2bed7cbb:refs/remotes/pull/37/merge
quality	Run actions/checkout@11d5960a326750d5838078e36cf38b85af677262	2026-10-07T21:31:02.5239277Z From https://github.com/hyunlord/bs-mobile
quality	Run actions/checkout@11d5960a326750d5838078e36cf38b85af677262	2026-10-07T21:31:02.5241059Z  * [new branch]      dependabot/github_actions/actions/checkout-7.0.1 -> origin/dependabot/github_actions/actions/checkout-7.0.1
quality	Run actions/checkout@11d5960a326750d5838078e36cf38b85af677262	2026-10-07T21:31:02.5243214Z  * [new branch]      dependabot/github_actions/actions/setup-dotnet-6.0.0 -> origin/dependabot/github_actions/actions/setup-dotnet-6.0.0
quality	Run actions/checkout@11d5960a326750d5838078e36cf38b85af677262	2026-10-07T21:31:02.5245390Z  * [new branch]      dependabot/github_actions/actions/setup-node-7.0.0 -> origin/dependabot/github_actions/actions/setup-node-7.0.0
quality	Run actions/checkout@11d5960a326750d5838078e36cf38b85af677262	2026-10-07T21:31:02.5247751Z  * [new branch]      dependabot/github_actions/actions/upload-artifact-7.0.1 -> origin/dependabot/github_actions/actions/upload-artifact-7.0.1
quality	Run actions/checkout@11d5960a326750d5838078e36cf38b85af677262	2026-10-07T21:31:02.5250852Z  * [new branch]      dependabot/github_actions/gitleaks/gitleaks-action-ff98106e4c7b2bc287b24eaf42907196329070c7 -> origin/dependabot/github_actions/gitleaks/gitleaks-action-ff98106e4c7b2bc287b24eaf42907196329070c7
quality	Run actions/checkout@11d5960a326750d5838078e36cf38b85af677262	2026-10-07T21:31:02.5253869Z  * [new branch]      dependabot/nuget/core/bench/SowSiege.Bench/BenchmarkDotNet-0.15.8 -> origin/dependabot/nuget/core/bench/SowSiege.Bench/BenchmarkDotNet-0.15.8
quality	Run actions/checkout@11d5960a326750d5838078e36cf38b85af677262	2026-10-07T21:31:02.5256231Z  * [new branch]      dependabot/nuget/core/tests/SowSiege.Tests/Microsoft.NET.Test.Sdk-18.10.1 -> origin/dependabot/nuget/core/tests/SowSiege.Tests/Microsoft.NET.Test.Sdk-18.10.1
quality	Run actions/checkout@11d5960a326750d5838078e36cf38b85af677262	2026-10-07T21:31:02.5259908Z  * [new branch]      dependabot/nuget/core/tests/SowSiege.Tests/xunit-2.9.3 -> origin/dependabot/nuget/core/tests/SowSiege.Tests/xunit-2.9.3
quality	Run actions/checkout@11d5960a326750d5838078e36cf38b85af677262	2026-10-07T21:31:02.5263145Z  * [new branch]      dependabot/nuget/core/tests/SowSiege.Tests/xunit.runner.visualstudio-4.0.0 -> origin/dependabot/nuget/core/tests/SowSiege.Tests/xunit.runner.visualstudio-4.0.0
quality	Run actions/checkout@11d5960a326750d5838078e36cf38b85af677262	2026-10-07T21:31:02.5265414Z  * [new branch]      feat/s3-content-pool                     -> origin/feat/s3-content-pool
quality	Run actions/checkout@11d5960a326750d5838078e36cf38b85af677262	2026-10-07T21:31:02.5266623Z  * [new branch]      main                                     -> origin/main
quality	Run actions/checkout@11d5960a326750d5838078e36cf38b85af677262	2026-10-07T21:31:02.5268340Z  * [new tag]         metrics-history                          -> metrics-history
quality	Run actions/checkout@11d5960a326750d5838078e36cf38b85af677262	2026-10-07T21:31:02.5269718Z  * [new ref]         7eee6ba29e5c6c9710b87fc24f84837e2bed7cbb -> pull/37/merge
quality	Run actions/checkout@11d5960a326750d5838078e36cf38b85af677262	2026-10-07T21:31:02.5273429Z ##[endgroup]
quality	Run actions/checkout@11d5960a326750d5838078e36cf38b85af677262	2026-10-07T21:31:02.5274922Z ##[group]Determining the checkout info
quality	Run actions/checkout@11d5960a326750d5838078e36cf38b85af677262	2026-10-07T21:31:02.5276481Z ##[endgroup]
quality	Run actions/checkout@11d5960a326750d5838078e36cf38b85af677262	2026-10-07T21:31:02.5277583Z [command]/usr/bin/git sparse-checkout disable
quality	Run actions/checkout@11d5960a326750d5838078e36cf38b85af677262	2026-10-07T21:31:02.5320328Z [command]/usr/bin/git config --local --unset-all extensions.worktreeConfig
quality	Run actions/checkout@11d5960a326750d5838078e36cf38b85af677262	2026-10-07T21:31:02.5366797Z ##[group]Checking out the ref
quality	Run actions/checkout@11d5960a326750d5838078e36cf38b85af677262	2026-10-07T21:31:02.5371991Z [command]/usr/bin/git checkout --progress --force refs/remotes/pull/37/merge
quality	Run actions/checkout@11d5960a326750d5838078e36cf38b85af677262	2026-10-07T21:31:02.5784906Z Note: switching to 'refs/remotes/pull/37/merge'.
quality	Run actions/checkout@11d5960a326750d5838078e36cf38b85af677262	2026-10-07T21:31:02.5786290Z 
quality	Run actions/checkout@11d5960a326750d5838078e36cf38b85af677262	2026-10-07T21:31:02.5787609Z You are in 'detached HEAD' state. You can look around, make experimental
quality	Run actions/checkout@11d5960a326750d5838078e36cf38b85af677262	2026-10-07T21:31:02.5790303Z changes and commit them, and you can discard any commits you make in this
quality	Run actions/checkout@11d5960a326750d5838078e36cf38b85af677262	2026-10-07T21:31:02.5792928Z state without impacting any branches by switching back to a branch.
quality	Run actions/checkout@11d5960a326750d5838078e36cf38b85af677262	2026-10-07T21:31:02.5794213Z 
quality	Run actions/checkout@11d5960a326750d5838078e36cf38b85af677262	2026-10-07T21:31:02.5794804Z If you want to create a new branch to retain commits you create, you may
quality	Run actions/checkout@11d5960a326750d5838078e36cf38b85af677262	2026-10-07T21:31:02.5796132Z do so (now or later) by using -c with the switch command. Example:
quality	Run actions/checkout@11d5960a326750d5838078e36cf38b85af677262	2026-10-07T21:31:02.5796952Z 
quality	Run actions/checkout@11d5960a326750d5838078e36cf38b85af677262	2026-10-07T21:31:02.5797935Z   git switch -c <new-branch-name>
quality	Run actions/checkout@11d5960a326750d5838078e36cf38b85af677262	2026-10-07T21:31:02.5798542Z 
quality	Run actions/checkout@11d5960a326750d5838078e36cf38b85af677262	2026-10-07T21:31:02.5798901Z Or undo this operation with:
quality	Run actions/checkout@11d5960a326750d5838078e36cf38b85af677262	2026-10-07T21:31:02.5799476Z 
quality	Run actions/checkout@11d5960a326750d5838078e36cf38b85af677262	2026-10-07T21:31:02.5799788Z   git switch -
quality	Run actions/checkout@11d5960a326750d5838078e36cf38b85af677262	2026-10-07T21:31:02.5800257Z 
quality	Run actions/checkout@11d5960a326750d5838078e36cf38b85af677262	2026-10-07T21:31:02.5801013Z Turn off this advice by setting config variable advice.detachedHead to false
quality	Run actions/checkout@11d5960a326750d5838078e36cf38b85af677262	2026-10-07T21:31:02.5802027Z 
quality	Run actions/checkout@11d5960a326750d5838078e36cf38b85af677262	2026-10-07T21:31:02.5803248Z HEAD is now at 7eee6ba Merge 0e4da17ee6a72b3ffed8e69833c1ce04d3f500e4 into 680edd1ae6e9527d0baa30714da243f8bf13b6fd
quality	Run actions/checkout@11d5960a326750d5838078e36cf38b85af677262	2026-10-07T21:31:02.5808562Z ##[endgroup]
quality	Run actions/checkout@11d5960a326750d5838078e36cf38b85af677262	2026-10-07T21:31:02.5850563Z [command]/usr/bin/git log -1 --format=%H
quality	Run actions/checkout@11d5960a326750d5838078e36cf38b85af677262	2026-10-07T21:31:02.5878419Z 7eee6ba29e5c6c9710b87fc24f84837e2bed7cbb
quality	Run actions/checkout@11d5960a326750d5838078e36cf38b85af677262	2026-10-07T21:31:02.5889130Z ##[group]Removing auth
quality	Run actions/checkout@11d5960a326750d5838078e36cf38b85af677262	2026-10-07T21:31:02.5892660Z [command]/usr/bin/git config --local --name-only --get-regexp core\.sshCommand
quality	Run actions/checkout@11d5960a326750d5838078e36cf38b85af677262	2026-10-07T21:31:02.5925901Z [command]/usr/bin/git submodule foreach --recursive sh -c "git config --local --name-only --get-regexp 'core\.sshCommand' && git config --local --unset-all 'core.sshCommand' || :"
quality	Run actions/checkout@11d5960a326750d5838078e36cf38b85af677262	2026-10-07T21:31:02.6150049Z [command]/usr/bin/git config --local --name-only --get-regexp http\.https\:\/\/github\.com\/\.extraheader
quality	Run actions/checkout@11d5960a326750d5838078e36cf38b85af677262	2026-10-07T21:31:02.6177296Z http.https://github.com/.extraheader
quality	Run actions/checkout@11d5960a326750d5838078e36cf38b85af677262	2026-10-07T21:31:02.6184745Z [command]/usr/bin/git config --local --unset-all http.https://github.com/.extraheader
quality	Run actions/checkout@11d5960a326750d5838078e36cf38b85af677262	2026-10-07T21:31:02.6222025Z [command]/usr/bin/git submodule foreach --recursive sh -c "git config --local --name-only --get-regexp 'http\.https\:\/\/github\.com\/\.extraheader' && git config --local --unset-all 'http.https://github.com/.extraheader' || :"
quality	Run actions/checkout@11d5960a326750d5838078e36cf38b85af677262	2026-10-07T21:31:02.6442502Z [command]/usr/bin/git config --local --name-only --get-regexp ^includeIf\.gitdir:
quality	Run actions/checkout@11d5960a326750d5838078e36cf38b85af677262	2026-10-07T21:31:02.6476693Z [command]/usr/bin/git submodule foreach --recursive git config --local --show-origin --name-only --get-regexp remote.origin.url
quality	Run actions/checkout@11d5960a326750d5838078e36cf38b85af677262	2026-10-07T21:31:02.6700390Z ##[endgroup]
quality	Run actions/setup-dotnet@67a3573c9a986a3f9c594539f4ab511d57bb3ce9	﻿2026-10-07T21:31:02.7017261Z ##[group]Run actions/setup-dotnet@67a3573c9a986a3f9c594539f4ab511d57bb3ce9
quality	Run actions/setup-dotnet@67a3573c9a986a3f9c594539f4ab511d57bb3ce9	2026-10-07T21:31:02.7018851Z with:
quality	Run actions/setup-dotnet@67a3573c9a986a3f9c594539f4ab511d57bb3ce9	2026-10-07T21:31:02.7019734Z   global-json-file: global.json
quality	Run actions/setup-dotnet@67a3573c9a986a3f9c594539f4ab511d57bb3ce9	2026-10-07T21:31:02.7020801Z   cache: false
quality	Run actions/setup-dotnet@67a3573c9a986a3f9c594539f4ab511d57bb3ce9	2026-10-07T21:31:02.7021674Z ##[endgroup]
quality	Run actions/setup-dotnet@67a3573c9a986a3f9c594539f4ab511d57bb3ce9	2026-10-07T21:31:02.8463982Z (node:2388) [DEP0040] DeprecationWarning: The `punycode` module is deprecated. Please use a userland alternative instead.
quality	Run actions/setup-dotnet@67a3573c9a986a3f9c594539f4ab511d57bb3ce9	2026-10-07T21:31:02.8468043Z (Use `node --trace-deprecation ...` to show where the warning was created)
quality	Run actions/setup-dotnet@67a3573c9a986a3f9c594539f4ab511d57bb3ce9	2026-10-07T21:31:02.8490027Z [command]/home/runner/work/_actions/actions/setup-dotnet/67a3573c9a986a3f9c594539f4ab511d57bb3ce9/externals/install-dotnet.sh --skip-non-versioned-files --runtime dotnet --channel LTS
quality	Run actions/setup-dotnet@67a3573c9a986a3f9c594539f4ab511d57bb3ce9	2026-10-07T21:31:03.1254189Z dotnet-install: .NET Core Runtime with version '10.0.12' is already installed.
quality	Run actions/setup-dotnet@67a3573c9a986a3f9c594539f4ab511d57bb3ce9	2026-10-07T21:31:03.1312593Z [command]/home/runner/work/_actions/actions/setup-dotnet/67a3573c9a986a3f9c594539f4ab511d57bb3ce9/externals/install-dotnet.sh --skip-non-versioned-files --version 8.0.425
quality	Run actions/setup-dotnet@67a3573c9a986a3f9c594539f4ab511d57bb3ce9	2026-10-07T21:31:03.2525106Z dotnet-install: .NET Core SDK with version '8.0.425' is already installed.
quality	Run actions/setup-node@49933ea5288caeca8642d1e84afbd3f7d6820020	﻿2026-10-07T21:31:03.2739731Z ##[group]Run actions/setup-node@49933ea5288caeca8642d1e84afbd3f7d6820020
quality	Run actions/setup-node@49933ea5288caeca8642d1e84afbd3f7d6820020	2026-10-07T21:31:03.2740189Z with:
quality	Run actions/setup-node@49933ea5288caeca8642d1e84afbd3f7d6820020	2026-10-07T21:31:03.2740398Z   node-version: 22
quality	Run actions/setup-node@49933ea5288caeca8642d1e84afbd3f7d6820020	2026-10-07T21:31:03.2740611Z   cache: npm
quality	Run actions/setup-node@49933ea5288caeca8642d1e84afbd3f7d6820020	2026-10-07T21:31:03.2740816Z   always-auth: false
quality	Run actions/setup-node@49933ea5288caeca8642d1e84afbd3f7d6820020	2026-10-07T21:31:03.2741044Z   check-latest: false
quality	Run actions/setup-node@49933ea5288caeca8642d1e84afbd3f7d6820020	2026-10-07T21:31:03.2743805Z   token: ***
quality	Run actions/setup-node@49933ea5288caeca8642d1e84afbd3f7d6820020	2026-10-07T21:31:03.2744015Z env:
quality	Run actions/setup-node@49933ea5288caeca8642d1e84afbd3f7d6820020	2026-10-07T21:31:03.2744220Z   DOTNET_ROOT: /usr/share/dotnet
quality	Run actions/setup-node@49933ea5288caeca8642d1e84afbd3f7d6820020	2026-10-07T21:31:03.2744491Z ##[endgroup]
quality	Run actions/setup-node@49933ea5288caeca8642d1e84afbd3f7d6820020	2026-10-07T21:31:03.4183121Z Found in cache @ /opt/hostedtoolcache/node/22.23.3/x64
quality	Run actions/setup-node@49933ea5288caeca8642d1e84afbd3f7d6820020	2026-10-07T21:31:03.4187590Z (node:2561) [DEP0040] DeprecationWarning: The `punycode` module is deprecated. Please use a userland alternative instead.
quality	Run actions/setup-node@49933ea5288caeca8642d1e84afbd3f7d6820020	2026-10-07T21:31:03.4188744Z (Use `node --trace-deprecation ...` to show where the warning was created)
quality	Run actions/setup-node@49933ea5288caeca8642d1e84afbd3f7d6820020	2026-10-07T21:31:03.4190560Z ##[group]Environment details
quality	Run actions/setup-node@49933ea5288caeca8642d1e84afbd3f7d6820020	2026-10-07T21:31:03.7966638Z node: v22.23.3
quality	Run actions/setup-node@49933ea5288caeca8642d1e84afbd3f7d6820020	2026-10-07T21:31:03.7967999Z npm: 10.9.9
quality	Run actions/setup-node@49933ea5288caeca8642d1e84afbd3f7d6820020	2026-10-07T21:31:03.7968382Z yarn: 1.22.22
quality	Run actions/setup-node@49933ea5288caeca8642d1e84afbd3f7d6820020	2026-10-07T21:31:03.7969265Z ##[endgroup]
quality	Run actions/setup-node@49933ea5288caeca8642d1e84afbd3f7d6820020	2026-10-07T21:31:03.7993720Z [command]/opt/hostedtoolcache/node/22.23.3/x64/bin/npm config get cache
quality	Run actions/setup-node@49933ea5288caeca8642d1e84afbd3f7d6820020	2026-10-07T21:31:03.9084353Z /home/runner/.npm
quality	Run actions/setup-node@49933ea5288caeca8642d1e84afbd3f7d6820020	2026-10-07T21:31:03.9879688Z Cache hit for: node-cache-Linux-x64-npm-cdb2da766a805e8f9ebcf60a145848332c0bb5aaf2bc7f6f00be2d7028f88b29
quality	Run actions/setup-node@49933ea5288caeca8642d1e84afbd3f7d6820020	2026-10-07T21:31:03.9983383Z (node:2561) [DEP0169] DeprecationWarning: `url.parse()` behavior is not standardized and prone to errors that have security implications. Use the WHATWG URL API instead. CVEs are not issued for `url.parse()` vulnerabilities.
quality	Run actions/setup-node@49933ea5288caeca8642d1e84afbd3f7d6820020	2026-10-07T21:31:04.0590195Z Received 279809 of 279809 (100.0%), 7.2 MBs/sec
quality	Run actions/setup-node@49933ea5288caeca8642d1e84afbd3f7d6820020	2026-10-07T21:31:04.0590914Z Cache Size: ~0 MB (279809 B)
quality	Run actions/setup-node@49933ea5288caeca8642d1e84afbd3f7d6820020	2026-10-07T21:31:04.0617901Z [command]/usr/bin/tar -xf /home/runner/work/_temp/a2608d33-fd80-4cd5-9881-dadf77e3a11f/cache.tzst -P -C /home/runner/work/bs-mobile/bs-mobile --use-compress-program unzstd
quality	Run actions/setup-node@49933ea5288caeca8642d1e84afbd3f7d6820020	2026-10-07T21:31:04.0690909Z Cache restored successfully
quality	Run actions/setup-node@49933ea5288caeca8642d1e84afbd3f7d6820020	2026-10-07T21:31:04.0694955Z Cache restored from key: node-cache-Linux-x64-npm-cdb2da766a805e8f9ebcf60a145848332c0bb5aaf2bc7f6f00be2d7028f88b29
quality	Full gate	﻿2026-10-07T21:31:04.0847521Z ##[group]Run ./tools/check.sh
quality	Full gate	2026-10-07T21:31:04.0847892Z [36;1m./tools/check.sh[0m
quality	Full gate	2026-10-07T21:31:04.1100323Z shell: /usr/bin/bash -e {0}
quality	Full gate	2026-10-07T21:31:04.1100712Z env:
quality	Full gate	2026-10-07T21:31:04.1101003Z   DOTNET_ROOT: /usr/share/dotnet
quality	Full gate	2026-10-07T21:31:04.1105013Z   GH_TOKEN: ***
quality	Full gate	2026-10-07T21:31:04.1105321Z ##[endgroup]
quality	Full gate	2026-10-07T21:31:05.0101235Z 
quality	Full gate	2026-10-07T21:31:05.0107563Z added 5 packages, and audited 6 packages in 835ms
quality	Full gate	2026-10-07T21:31:05.0108675Z 
quality	Full gate	2026-10-07T21:31:05.0109194Z 2 packages are looking for funding
quality	Full gate	2026-10-07T21:31:05.0109951Z   run `npm fund` for details
quality	Full gate	2026-10-07T21:31:05.0112527Z 
quality	Full gate	2026-10-07T21:31:05.0112912Z found 0 vulnerabilities
quality	Full gate	2026-10-07T21:31:05.1421038Z 
quality	Full gate	2026-10-07T21:31:05.1421729Z > test
quality	Full gate	2026-10-07T21:31:05.1422570Z > node --test tools/test-content-validator.mjs
quality	Full gate	2026-10-07T21:31:05.1423016Z 
quality	Full gate	2026-10-07T21:31:05.1893982Z TAP version 13
quality	Full gate	2026-10-07T21:31:05.3538866Z # Subtest: valid schema and cross-record references pass
quality	Full gate	2026-10-07T21:31:05.3548054Z ok 1 - valid schema and cross-record references pass
quality	Full gate	2026-10-07T21:31:05.3558136Z   ---
quality	Full gate	2026-10-07T21:31:05.3560141Z   duration_ms: 91.691234
quality	Full gate	2026-10-07T21:31:05.3562278Z   type: 'test'
quality	Full gate	2026-10-07T21:31:05.3562751Z   ...
quality	Full gate	2026-10-07T21:31:05.3952284Z # Subtest: rejects damage below minimum
quality	Full gate	2026-10-07T21:31:05.3954255Z ok 2 - rejects damage below minimum
quality	Full gate	2026-10-07T21:31:05.3956485Z   ---
quality	Full gate	2026-10-07T21:31:05.3956873Z   duration_ms: 41.50508
quality	Full gate	2026-10-07T21:31:05.3957674Z   type: 'test'
quality	Full gate	2026-10-07T21:31:05.3958050Z   ...
quality	Full gate	2026-10-07T21:31:05.4309360Z # Subtest: rejects unknown field
quality	Full gate	2026-10-07T21:31:05.4311302Z ok 3 - rejects unknown field
quality	Full gate	2026-10-07T21:31:05.4313256Z   ---
quality	Full gate	2026-10-07T21:31:05.4314043Z   duration_ms: 35.868831
quality	Full gate	2026-10-07T21:31:05.4314904Z   type: 'test'
quality	Full gate	2026-10-07T21:31:05.4315469Z   ...
quality	Full gate	2026-10-07T21:31:05.4617771Z # Subtest: rejects missing growth
quality	Full gate	2026-10-07T21:31:05.4622533Z ok 4 - rejects missing growth
quality	Full gate	2026-10-07T21:31:05.4623056Z   ---
quality	Full gate	2026-10-07T21:31:05.4623567Z   duration_ms: 30.738465
quality	Full gate	2026-10-07T21:31:05.4624115Z   type: 'test'
quality	Full gate	2026-10-07T21:31:05.4624494Z   ...
quality	Full gate	2026-10-07T21:31:05.4885360Z # Subtest: rejects missing activation
quality	Full gate	2026-10-07T21:31:05.4890884Z ok 5 - rejects missing activation
quality	Full gate	2026-10-07T21:31:05.4891723Z   ---
quality	Full gate	2026-10-07T21:31:05.4893146Z   duration_ms: 26.727905
quality	Full gate	2026-10-07T21:31:05.4893612Z   type: 'test'
quality	Full gate	2026-10-07T21:31:05.4894324Z   ...
quality	Full gate	2026-10-07T21:31:05.5166783Z # Subtest: rejects wrong scalar type
quality	Full gate	2026-10-07T21:31:05.5168106Z ok 6 - rejects wrong scalar type
quality	Full gate	2026-10-07T21:31:05.5168849Z   ---
quality	Full gate	2026-10-07T21:31:05.5169270Z   duration_ms: 28.083004
quality	Full gate	2026-10-07T21:31:05.5169752Z   type: 'test'
quality	Full gate	2026-10-07T21:31:05.5170256Z   ...
quality	Full gate	2026-10-07T21:31:05.5481380Z # Subtest: rejects invalid namespace
quality	Full gate	2026-10-07T21:31:05.5483079Z ok 7 - rejects invalid namespace
quality	Full gate	2026-10-07T21:31:05.5483812Z   ---
quality	Full gate	2026-10-07T21:31:05.5484327Z   duration_ms: 31.406466
quality	Full gate	2026-10-07T21:31:05.5484771Z   type: 'test'
quality	Full gate	2026-10-07T21:31:05.5485117Z   ...
quality	Full gate	2026-10-07T21:31:05.5690517Z # Subtest: rejects unresolved hero tool
quality	Full gate	2026-10-07T21:31:05.5691507Z ok 8 - rejects unresolved hero tool
quality	Full gate	2026-10-07T21:31:05.5692099Z   ---
quality	Full gate	2026-10-07T21:31:05.5692515Z   duration_ms: 20.965646
quality	Full gate	2026-10-07T21:31:05.5692968Z   type: 'test'
quality	Full gate	2026-10-07T21:31:05.5693341Z   ...
quality	Full gate	2026-10-07T21:31:05.5925362Z # Subtest: rejects wrong-kind reference
quality	Full gate	2026-10-07T21:31:05.5928339Z ok 9 - rejects wrong-kind reference
quality	Full gate	2026-10-07T21:31:05.5928825Z   ---
quality	Full gate	2026-10-07T21:31:05.5929060Z   duration_ms: 23.25439
quality	Full gate	2026-10-07T21:31:05.5929456Z   type: 'test'
quality	Full gate	2026-10-07T21:31:05.5929983Z   ...
quality	Full gate	2026-10-07T21:31:05.6136898Z # Subtest: rejects unresolved estate tool
quality	Full gate	2026-10-07T21:31:05.6139093Z ok 10 - rejects unresolved estate tool
quality	Full gate	2026-10-07T21:31:05.6139785Z   ---
quality	Full gate	2026-10-07T21:31:05.6140219Z   duration_ms: 21.210783
quality	Full gate	2026-10-07T21:31:05.6140642Z   type: 'test'
quality	Full gate	2026-10-07T21:31:05.6141103Z   ...
quality	Full gate	2026-10-07T21:31:05.6355999Z # Subtest: rejects unresolved tuning hero
quality	Full gate	2026-10-07T21:31:05.6356813Z ok 11 - rejects unresolved tuning hero
quality	Full gate	2026-10-07T21:31:05.6357520Z   ---
quality	Full gate	2026-10-07T21:31:05.6358036Z   duration_ms: 21.927081
quality	Full gate	2026-10-07T21:31:05.6358291Z   type: 'test'
quality	Full gate	2026-10-07T21:31:05.6358494Z   ...
quality	Full gate	2026-10-07T21:31:05.6574660Z # Subtest: rejects unresolved anti-synergy
quality	Full gate	2026-10-07T21:31:05.6588162Z ok 12 - rejects unresolved anti-synergy
quality	Full gate	2026-10-07T21:31:05.6588771Z   ---
quality	Full gate	2026-10-07T21:31:05.6589187Z   duration_ms: 21.748992
quality	Full gate	2026-10-07T21:31:05.6589665Z   type: 'test'
quality	Full gate	2026-10-07T21:31:05.6590479Z   ...
quality	Full gate	2026-10-07T21:31:05.6796674Z # Subtest: rejects invalid schema
quality	Full gate	2026-10-07T21:31:05.6799897Z ok 13 - rejects invalid schema
quality	Full gate	2026-10-07T21:31:05.6800363Z   ---
quality	Full gate	2026-10-07T21:31:05.6800713Z   duration_ms: 22.11573
quality	Full gate	2026-10-07T21:31:05.6801102Z   type: 'test'
quality	Full gate	2026-10-07T21:31:05.6801436Z   ...
quality	Full gate	2026-10-07T21:31:05.7004189Z # Subtest: rejects undeclared schema draft
quality	Full gate	2026-10-07T21:31:05.7005672Z ok 14 - rejects undeclared schema draft
quality	Full gate	2026-10-07T21:31:05.7006258Z   ---
quality	Full gate	2026-10-07T21:31:05.7006676Z   duration_ms: 20.788242
quality	Full gate	2026-10-07T21:31:05.7007427Z   type: 'test'
quality	Full gate	2026-10-07T21:31:05.7007873Z   ...
quality	Full gate	2026-10-07T21:31:05.7255058Z # Subtest: rejects unknown schema keyword
quality	Full gate	2026-10-07T21:31:05.7257337Z ok 15 - rejects unknown schema keyword
quality	Full gate	2026-10-07T21:31:05.7258047Z   ---
quality	Full gate	2026-10-07T21:31:05.7258464Z   duration_ms: 24.999842
quality	Full gate	2026-10-07T21:31:05.7259113Z   type: 'test'
quality	Full gate	2026-10-07T21:31:05.7259542Z   ...
quality	Full gate	2026-10-07T21:31:05.7496108Z # Subtest: recursively checks test content and global duplicate IDs
quality	Full gate	2026-10-07T21:31:05.7497551Z ok 16 - recursively checks test content and global duplicate IDs
quality	Full gate	2026-10-07T21:31:05.7499181Z   ---
quality	Full gate	2026-10-07T21:31:05.7499546Z   duration_ms: 24.082494
quality	Full gate	2026-10-07T21:31:05.7499982Z   type: 'test'
quality	Full gate	2026-10-07T21:31:05.7500346Z   ...
quality	Full gate	2026-10-07T21:31:05.7685584Z # Subtest: rejects content without matching schema
quality	Full gate	2026-10-07T21:31:05.7689891Z ok 17 - rejects content without matching schema
quality	Full gate	2026-10-07T21:31:05.7690430Z   ---
quality	Full gate	2026-10-07T21:31:05.7690785Z   duration_ms: 18.863732
quality	Full gate	2026-10-07T21:31:05.7691164Z   type: 'test'
quality	Full gate	2026-10-07T21:31:05.7691571Z   ...
quality	Full gate	2026-10-07T21:31:05.7888557Z # Subtest: skin numbers fail even if schema permits arbitrary fields
quality	Full gate	2026-10-07T21:31:05.7889608Z ok 18 - skin numbers fail even if schema permits arbitrary fields
quality	Full gate	2026-10-07T21:31:05.7890217Z   ---
quality	Full gate	2026-10-07T21:31:05.7917687Z   duration_ms: 20.24785
quality	Full gate	2026-10-07T21:31:05.7918242Z   type: 'test'
quality	Full gate	2026-10-07T21:31:05.7918645Z   ...
quality	Full gate	2026-10-07T21:31:05.8114443Z # Subtest: valid Draft2020 unevaluatedProperties is enforced
quality	Full gate	2026-10-07T21:31:05.8115167Z ok 19 - valid Draft2020 unevaluatedProperties is enforced
quality	Full gate	2026-10-07T21:31:05.8115579Z   ---
quality	Full gate	2026-10-07T21:31:05.8115809Z   duration_ms: 22.090005
quality	Full gate	2026-10-07T21:31:05.8116063Z   type: 'test'
quality	Full gate	2026-10-07T21:31:05.8116333Z   ...
quality	Full gate	2026-10-07T21:31:05.8341910Z # Subtest: rejects malformed JSON instead of silently skipping it
quality	Full gate	2026-10-07T21:31:05.8343180Z ok 20 - rejects malformed JSON instead of silently skipping it
quality	Full gate	2026-10-07T21:31:05.8343918Z   ---
quality	Full gate	2026-10-07T21:31:05.8344161Z   duration_ms: 23.056206
quality	Full gate	2026-10-07T21:31:05.8344485Z   type: 'test'
quality	Full gate	2026-10-07T21:31:05.8344705Z   ...
quality	Full gate	2026-10-07T21:31:06.1336884Z # Subtest: S2 rejects season duration mismatch
quality	Full gate	2026-10-07T21:31:06.1338074Z ok 21 - S2 rejects season duration mismatch
quality	Full gate	2026-10-07T21:31:06.1339030Z   ---
quality	Full gate	2026-10-07T21:31:06.1339686Z   duration_ms: 299.373647
quality	Full gate	2026-10-07T21:31:06.1340050Z   type: 'test'
quality	Full gate	2026-10-07T21:31:06.1340274Z   ...
quality	Full gate	2026-10-07T21:31:06.4149052Z # Subtest: S2 rejects missing world numeric tuning
quality	Full gate	2026-10-07T21:31:06.4150517Z ok 22 - S2 rejects missing world numeric tuning
quality	Full gate	2026-10-07T21:31:06.4151345Z   ---
quality	Full gate	2026-10-07T21:31:06.4151867Z   duration_ms: 281.108747
quality	Full gate	2026-10-07T21:31:06.4152727Z   type: 'test'
quality	Full gate	2026-10-07T21:31:06.4153257Z   ...
quality	Full gate	2026-10-07T21:31:06.6358239Z # Subtest: S2 rejects unresolved starting weapon
quality	Full gate	2026-10-07T21:31:06.6359116Z ok 23 - S2 rejects unresolved starting weapon
quality	Full gate	2026-10-07T21:31:06.6359460Z   ---
quality	Full gate	2026-10-07T21:31:06.6359693Z   duration_ms: 220.877659
quality	Full gate	2026-10-07T21:31:06.6360028Z   type: 'test'
quality	Full gate	2026-10-07T21:31:06.6360238Z   ...
quality	Full gate	2026-10-07T21:31:06.8532410Z # Subtest: S2 rejects excessive load
quality	Full gate	2026-10-07T21:31:06.8533676Z ok 24 - S2 rejects excessive load
quality	Full gate	2026-10-07T21:31:06.8534378Z   ---
quality	Full gate	2026-10-07T21:31:06.8534747Z   duration_ms: 217.289422
quality	Full gate	2026-10-07T21:31:06.8535151Z   type: 'test'
quality	Full gate	2026-10-07T21:31:06.8535447Z   ...
quality	Full gate	2026-10-07T21:31:07.0923748Z # Subtest: S2 rejects map-incompatible spawn inset
quality	Full gate	2026-10-07T21:31:07.0924778Z ok 25 - S2 rejects map-incompatible spawn inset
quality	Full gate	2026-10-07T21:31:07.0925503Z   ---
quality	Full gate	2026-10-07T21:31:07.0925825Z   duration_ms: 238.989984
quality	Full gate	2026-10-07T21:31:07.0926138Z   type: 'test'
quality	Full gate	2026-10-07T21:31:07.0926374Z   ...
quality	Full gate	2026-10-07T21:31:07.3130906Z # Subtest: S2 rejects unsupported people rule
quality	Full gate	2026-10-07T21:31:07.3132070Z ok 26 - S2 rejects unsupported people rule
quality	Full gate	2026-10-07T21:31:07.3132522Z   ---
quality	Full gate	2026-10-07T21:31:07.3132785Z   duration_ms: 220.711621
quality	Full gate	2026-10-07T21:31:07.3133058Z   type: 'test'
quality	Full gate	2026-10-07T21:31:07.3133347Z   ...
quality	Full gate	2026-10-07T21:31:07.5174840Z # Subtest: S2 rejects wrong card count
quality	Full gate	2026-10-07T21:31:07.5175587Z ok 27 - S2 rejects wrong card count
quality	Full gate	2026-10-07T21:31:07.5176084Z   ---
quality	Full gate	2026-10-07T21:31:07.5176431Z   duration_ms: 204.249087
quality	Full gate	2026-10-07T21:31:07.5176845Z   type: 'test'
quality	Full gate	2026-10-07T21:31:07.5177388Z   ...
quality	Full gate	2026-10-07T21:31:07.7579515Z # Subtest: S2 rejects duplicate rarity names
quality	Full gate	2026-10-07T21:31:07.7580705Z ok 28 - S2 rejects duplicate rarity names
quality	Full gate	2026-10-07T21:31:07.7581423Z   ---
quality	Full gate	2026-10-07T21:31:07.7581983Z   duration_ms: 240.455418
quality	Full gate	2026-10-07T21:31:07.7582508Z   type: 'test'
quality	Full gate	2026-10-07T21:31:07.7582939Z   ...
quality	Full gate	2026-10-07T21:31:07.9792012Z # Subtest: S2 rejects oversized squad
quality	Full gate	2026-10-07T21:31:07.9793173Z ok 29 - S2 rejects oversized squad
quality	Full gate	2026-10-07T21:31:07.9794149Z   ---
quality	Full gate	2026-10-07T21:31:07.9794683Z   duration_ms: 221.162057
quality	Full gate	2026-10-07T21:31:07.9795106Z   type: 'test'
quality	Full gate	2026-10-07T21:31:07.9795464Z   ...
quality	Full gate	2026-10-07T21:31:08.1949165Z # Subtest: S3 rejects missing canonical item
quality	Full gate	2026-10-07T21:31:08.1951057Z ok 30 - S3 rejects missing canonical item
quality	Full gate	2026-10-07T21:31:08.1951562Z   ---
quality	Full gate	2026-10-07T21:31:08.1951921Z   duration_ms: 215.678008
quality	Full gate	2026-10-07T21:31:08.1952353Z   type: 'test'
quality	Full gate	2026-10-07T21:31:08.1952688Z   ...
quality	Full gate	2026-10-07T21:31:08.5287988Z # Subtest: S3 rejects unknown estate loop stage
quality	Full gate	2026-10-07T21:31:08.5289334Z ok 31 - S3 rejects unknown estate loop stage
quality	Full gate	2026-10-07T21:31:08.5290213Z   ---
quality	Full gate	2026-10-07T21:31:08.5290868Z   duration_ms: 333.915702
quality	Full gate	2026-10-07T21:31:08.5291343Z   type: 'test'
quality	Full gate	2026-10-07T21:31:08.5291744Z   ...
quality	Full gate	2026-10-07T21:31:08.7581571Z # Subtest: S3 rejects candidate profile activation
quality	Full gate	2026-10-07T21:31:08.7582929Z ok 32 - S3 rejects candidate profile activation
quality	Full gate	2026-10-07T21:31:08.7583956Z   ---
quality	Full gate	2026-10-07T21:31:08.7584388Z   duration_ms: 229.121026
quality	Full gate	2026-10-07T21:31:08.7584855Z   type: 'test'
quality	Full gate	2026-10-07T21:31:08.7585243Z   ...
quality	Full gate	2026-10-07T21:31:08.9903947Z # Subtest: S3 rejects profile wrong kind
quality	Full gate	2026-10-07T21:31:08.9908159Z ok 33 - S3 rejects profile wrong kind
quality	Full gate	2026-10-07T21:31:08.9908672Z   ---
quality	Full gate	2026-10-07T21:31:08.9909010Z   duration_ms: 232.28404
quality	Full gate	2026-10-07T21:31:08.9909420Z   type: 'test'
quality	Full gate	2026-10-07T21:31:08.9909751Z   ...
quality	Full gate	2026-10-07T21:31:09.2081447Z # Subtest: S3 rejects profile test leakage
quality	Full gate	2026-10-07T21:31:09.2082349Z ok 34 - S3 rejects profile test leakage
quality	Full gate	2026-10-07T21:31:09.2083016Z   ---
quality	Full gate	2026-10-07T21:31:09.2083443Z   duration_ms: 217.555327
quality	Full gate	2026-10-07T21:31:09.2083821Z   type: 'test'
quality	Full gate	2026-10-07T21:31:09.2084037Z   ...
quality	Full gate	2026-10-07T21:31:09.4351414Z # Subtest: S3 rejects missing anti-synergy rationale
quality	Full gate	2026-10-07T21:31:09.4352439Z ok 35 - S3 rejects missing anti-synergy rationale
quality	Full gate	2026-10-07T21:31:09.4353066Z   ---
quality	Full gate	2026-10-07T21:31:09.4353857Z   duration_ms: 226.981294
quality	Full gate	2026-10-07T21:31:09.4354882Z   type: 'test'
quality	Full gate	2026-10-07T21:31:09.4355422Z   ...
quality	Full gate	2026-10-07T21:31:09.6888423Z # Subtest: S3 rejects hero affinity wrong kind
quality	Full gate	2026-10-07T21:31:09.6889218Z ok 36 - S3 rejects hero affinity wrong kind
quality	Full gate	2026-10-07T21:31:09.6889735Z   ---
quality	Full gate	2026-10-07T21:31:09.6890199Z   duration_ms: 251.166298
quality	Full gate	2026-10-07T21:31:09.6890687Z   type: 'test'
quality	Full gate	2026-10-07T21:31:09.6891124Z   ...
quality	Full gate	2026-10-07T21:31:09.7989891Z # Subtest: S3 canonical pool passes all semantic gates
quality	Full gate	2026-10-07T21:31:09.7991142Z ok 37 - S3 canonical pool passes all semantic gates
quality	Full gate	2026-10-07T21:31:09.7991673Z   ---
quality	Full gate	2026-10-07T21:31:09.7992018Z   duration_ms: 112.173564
quality	Full gate	2026-10-07T21:31:09.7992429Z   type: 'test'
quality	Full gate	2026-10-07T21:31:09.7992759Z   ...
quality	Full gate	2026-10-07T21:31:10.0404211Z # Subtest: S3 rejects candidate pretending implemented
quality	Full gate	2026-10-07T21:31:10.0418224Z ok 38 - S3 rejects candidate pretending implemented
quality	Full gate	2026-10-07T21:31:10.0419206Z   ---
quality	Full gate	2026-10-07T21:31:10.0419601Z   duration_ms: 241.716582
quality	Full gate	2026-10-07T21:31:10.0420077Z   type: 'test'
quality	Full gate	2026-10-07T21:31:10.0420464Z   ...
quality	Full gate	2026-10-07T21:31:10.2796312Z # Subtest: S3 rejects missing profile enemy
quality	Full gate	2026-10-07T21:31:10.2796916Z ok 39 - S3 rejects missing profile enemy
quality	Full gate	2026-10-07T21:31:10.2797607Z   ---
quality	Full gate	2026-10-07T21:31:10.2798006Z   duration_ms: 238.932149
quality	Full gate	2026-10-07T21:31:10.2798450Z   type: 'test'
quality	Full gate	2026-10-07T21:31:10.2798840Z   ...
quality	Full gate	2026-10-07T21:31:10.5061711Z # Subtest: S3 rejects missing test profile hero
quality	Full gate	2026-10-07T21:31:10.5063016Z ok 40 - S3 rejects missing test profile hero
quality	Full gate	2026-10-07T21:31:10.5063744Z   ---
quality	Full gate	2026-10-07T21:31:10.5064122Z   duration_ms: 226.670211
quality	Full gate	2026-10-07T21:31:10.5064880Z   type: 'test'
quality	Full gate	2026-10-07T21:31:10.5065178Z   ...
quality	Full gate	2026-10-07T21:31:10.7286650Z # Subtest: S3 rejects test metadata orphan
quality	Full gate	2026-10-07T21:31:10.7288863Z ok 41 - S3 rejects test metadata orphan
quality	Full gate	2026-10-07T21:31:10.7289209Z   ---
quality	Full gate	2026-10-07T21:31:10.7289439Z   duration_ms: 222.41536
quality	Full gate	2026-10-07T21:31:10.7289699Z   type: 'test'
quality	Full gate	2026-10-07T21:31:10.7289907Z   ...
quality	Full gate	2026-10-07T21:31:10.9517974Z # Subtest: S3 rejects reordered duplicate evolution
quality	Full gate	2026-10-07T21:31:10.9518842Z ok 42 - S3 rejects reordered duplicate evolution
quality	Full gate	2026-10-07T21:31:10.9519340Z   ---
quality	Full gate	2026-10-07T21:31:10.9519909Z   duration_ms: 222.70497
quality	Full gate	2026-10-07T21:31:10.9520394Z   type: 'test'
quality	Full gate	2026-10-07T21:31:10.9520757Z   ...
quality	Full gate	2026-10-07T21:31:11.3038660Z # Subtest: S3 rejects sparse tag coverage
quality	Full gate	2026-10-07T21:31:11.3040537Z ok 43 - S3 rejects sparse tag coverage
quality	Full gate	2026-10-07T21:31:11.3041031Z   ---
quality	Full gate	2026-10-07T21:31:11.3041417Z   duration_ms: 352.330435
quality	Full gate	2026-10-07T21:31:11.3041747Z   type: 'test'
quality	Full gate	2026-10-07T21:31:11.3041974Z   ...
quality	Full gate	2026-10-07T21:31:11.5209016Z # Subtest: S3 rejects evolution input kind
quality	Full gate	2026-10-07T21:31:11.5210047Z ok 44 - S3 rejects evolution input kind
quality	Full gate	2026-10-07T21:31:11.5210654Z   ---
quality	Full gate	2026-10-07T21:31:11.5210909Z   duration_ms: 216.913534
quality	Full gate	2026-10-07T21:31:11.5211227Z   type: 'test'
quality	Full gate	2026-10-07T21:31:11.5211472Z   ...
quality	Full gate	2026-10-07T21:31:11.7420766Z # Subtest: S3 rejects evolution result base
quality	Full gate	2026-10-07T21:31:11.7421812Z ok 45 - S3 rejects evolution result base
quality	Full gate	2026-10-07T21:31:11.7422334Z   ---
quality	Full gate	2026-10-07T21:31:11.7422680Z   duration_ms: 220.933423
quality	Full gate	2026-10-07T21:31:11.7423087Z   type: 'test'
quality	Full gate	2026-10-07T21:31:11.7423419Z   ...
quality	Full gate	2026-10-07T21:31:11.9933503Z # Subtest: S3 rejects vassal owner kind
quality	Full gate	2026-10-07T21:31:11.9934522Z ok 46 - S3 rejects vassal owner kind
quality	Full gate	2026-10-07T21:31:11.9935023Z   ---
quality	Full gate	2026-10-07T21:31:11.9935404Z   duration_ms: 251.391088
quality	Full gate	2026-10-07T21:31:11.9935954Z   type: 'test'
quality	Full gate	2026-10-07T21:31:11.9936349Z   ...
quality	Full gate	2026-10-07T21:31:12.2253142Z # Subtest: S3 rejects item tool reference
quality	Full gate	2026-10-07T21:31:12.2253885Z ok 47 - S3 rejects item tool reference
quality	Full gate	2026-10-07T21:31:12.2254357Z   ---
quality	Full gate	2026-10-07T21:31:12.2254703Z   duration_ms: 231.74967
quality	Full gate	2026-10-07T21:31:12.2255097Z   type: 'test'
quality	Full gate	2026-10-07T21:31:12.2255423Z   ...
quality	Full gate	2026-10-07T21:31:12.4553489Z # Subtest: S3 rejects skin numeric metadata
quality	Full gate	2026-10-07T21:31:12.4554459Z ok 48 - S3 rejects skin numeric metadata
quality	Full gate	2026-10-07T21:31:12.4554995Z   ---
quality	Full gate	2026-10-07T21:31:12.4555399Z   duration_ms: 230.058863
quality	Full gate	2026-10-07T21:31:12.4555708Z   type: 'test'
quality	Full gate	2026-10-07T21:31:12.4555913Z   ...
quality	Full gate	2026-10-07T21:31:12.7205770Z # Subtest: S3 rejects insufficient anti pairs
quality	Full gate	2026-10-07T21:31:12.7208277Z ok 49 - S3 rejects insufficient anti pairs
quality	Full gate	2026-10-07T21:31:12.7208788Z   ---
quality	Full gate	2026-10-07T21:31:12.7209079Z   duration_ms: 265.256636
quality	Full gate	2026-10-07T21:31:12.7209329Z   type: 'test'
quality	Full gate	2026-10-07T21:31:12.7209540Z   ...
quality	Full gate	2026-10-07T21:31:12.9927612Z # Subtest: S3 rejects insufficient loop links
quality	Full gate	2026-10-07T21:31:12.9928610Z ok 50 - S3 rejects insufficient loop links
quality	Full gate	2026-10-07T21:31:12.9928998Z   ---
quality	Full gate	2026-10-07T21:31:12.9929237Z   duration_ms: 271.901171
quality	Full gate	2026-10-07T21:31:12.9929974Z   type: 'test'
quality	Full gate	2026-10-07T21:31:12.9930461Z   ...
quality	Full gate	2026-10-07T21:31:13.1941417Z # Subtest: additional subset profile accepts implemented subset
quality	Full gate	2026-10-07T21:31:13.1942185Z ok 51 - additional subset profile accepts implemented subset
quality	Full gate	2026-10-07T21:31:13.1942814Z   ---
quality	Full gate	2026-10-07T21:31:13.1943040Z   duration_ms: 201.455768
quality	Full gate	2026-10-07T21:31:13.1943290Z   type: 'test'
quality	Full gate	2026-10-07T21:31:13.1943495Z   ...
quality	Full gate	2026-10-07T21:31:13.4073468Z # Subtest: additional subset profile rejects candidate activation
quality	Full gate	2026-10-07T21:31:13.4075087Z ok 52 - additional subset profile rejects candidate activation
quality	Full gate	2026-10-07T21:31:13.4076095Z   ---
quality	Full gate	2026-10-07T21:31:13.4076637Z   duration_ms: 212.918231
quality	Full gate	2026-10-07T21:31:13.4077306Z   type: 'test'
quality	Full gate	2026-10-07T21:31:13.4077678Z   ...
quality	Full gate	2026-10-07T21:31:13.6239840Z # Subtest: additional profile can activate a new generic implemented test tool without changing baseline
quality	Full gate	2026-10-07T21:31:13.6241600Z ok 53 - additional profile can activate a new generic implemented test tool without changing baseline
quality	Full gate	2026-10-07T21:31:13.6242456Z   ---
quality	Full gate	2026-10-07T21:31:13.6242805Z   duration_ms: 216.804975
quality	Full gate	2026-10-07T21:31:13.6243222Z   type: 'test'
quality	Full gate	2026-10-07T21:31:13.6243559Z   ...
quality	Full gate	2026-10-07T21:31:13.6757818Z 1..53
quality	Full gate	2026-10-07T21:31:13.6758262Z # tests 53
quality	Full gate	2026-10-07T21:31:13.6758603Z # suites 0
quality	Full gate	2026-10-07T21:31:13.6758929Z # pass 53
quality	Full gate	2026-10-07T21:31:13.6759244Z # fail 0
quality	Full gate	2026-10-07T21:31:13.6759687Z # cancelled 0
quality	Full gate	2026-10-07T21:31:13.6760164Z # skipped 0
quality	Full gate	2026-10-07T21:31:13.6760678Z # todo 0
quality	Full gate	2026-10-07T21:31:13.6761216Z # duration_ms 8498.783494
quality	Full gate	2026-10-07T21:31:13.7266622Z TAP version 13
quality	Full gate	2026-10-07T21:31:14.0406633Z # Subtest: standalone missing issue
quality	Full gate	2026-10-07T21:31:14.0407611Z ok 1 - standalone missing issue
quality	Full gate	2026-10-07T21:31:14.0408115Z   ---
quality	Full gate	2026-10-07T21:31:14.0408584Z   duration_ms: 45.967178
quality	Full gate	2026-10-07T21:31:14.0409195Z   type: 'test'
quality	Full gate	2026-10-07T21:31:14.0409852Z   ...
quality	Full gate	2026-10-07T21:31:14.0410734Z # Subtest: inline missing issue
quality	Full gate	2026-10-07T21:31:14.0412472Z ok 2 - inline missing issue
quality	Full gate	2026-10-07T21:31:14.0413143Z   ---
quality	Full gate	2026-10-07T21:31:14.0413728Z   duration_ms: 42.665593
quality	Full gate	2026-10-07T21:31:14.0414366Z   type: 'test'
quality	Full gate	2026-10-07T21:31:14.0414971Z   ...
quality	Full gate	2026-10-07T21:31:14.0415684Z # Subtest: block missing issue
quality	Full gate	2026-10-07T21:31:14.0416946Z ok 3 - block missing issue
quality	Full gate	2026-10-07T21:31:14.0418637Z   ---
quality	Full gate	2026-10-07T21:31:14.0418997Z   duration_ms: 41.251417
quality	Full gate	2026-10-07T21:31:14.0419411Z   type: 'test'
quality	Full gate	2026-10-07T21:31:14.0419768Z   ...
quality	Full gate	2026-10-07T21:31:14.0420949Z # Subtest: shell missing issue
quality	Full gate	2026-10-07T21:31:14.0423044Z ok 4 - shell missing issue
quality	Full gate	2026-10-07T21:31:14.0424103Z   ---
quality	Full gate	2026-10-07T21:31:14.0424449Z   duration_ms: 39.361929
quality	Full gate	2026-10-07T21:31:14.0424863Z   type: 'test'
quality	Full gate	2026-10-07T21:31:14.0425215Z   ...
quality	Full gate	2026-10-07T21:31:14.0427976Z # Subtest: linked inline
quality	Full gate	2026-10-07T21:31:14.0430436Z ok 5 - linked inline
quality	Full gate	2026-10-07T21:31:14.0449251Z   ---
quality	Full gate	2026-10-07T21:31:14.0449772Z   duration_ms: 52.858889
quality	Full gate	2026-10-07T21:31:14.0457780Z   type: 'test'
quality	Full gate	2026-10-07T21:31:14.0458217Z   ...
quality	Full gate	2026-10-07T21:31:14.0458639Z # Subtest: linked shell
quality	Full gate	2026-10-07T21:31:14.0459254Z ok 6 - linked shell
quality	Full gate	2026-10-07T21:31:14.0459765Z   ---
quality	Full gate	2026-10-07T21:31:14.0460209Z   duration_ms: 52.456401
quality	Full gate	2026-10-07T21:31:14.0460744Z   type: 'test'
quality	Full gate	2026-10-07T21:31:14.0461251Z   ...
quality	Full gate	2026-10-07T21:31:14.0538264Z 1..6
quality	Full gate	2026-10-07T21:31:14.0538899Z # tests 6
quality	Full gate	2026-10-07T21:31:14.0539279Z # suites 0
quality	Full gate	2026-10-07T21:31:14.0539742Z # pass 6
quality	Full gate	2026-10-07T21:31:14.0540326Z # fail 0
quality	Full gate	2026-10-07T21:31:14.0540733Z # cancelled 0
quality	Full gate	2026-10-07T21:31:14.0541292Z # skipped 0
quality	Full gate	2026-10-07T21:31:14.0541863Z # todo 0
quality	Full gate	2026-10-07T21:31:14.0542499Z # duration_ms 339.858326
quality	Full gate	2026-10-07T21:31:14.1584973Z 
quality	Full gate	2026-10-07T21:31:14.1585779Z > validate
quality	Full gate	2026-10-07T21:31:14.1586407Z > node tools/validate-content.mjs
quality	Full gate	2026-10-07T21:31:14.1586803Z 
quality	Full gate	2026-10-07T21:31:14.4734587Z {
quality	Full gate	2026-10-07T21:31:14.4735087Z   "valid": true,
quality	Full gate	2026-10-07T21:31:14.4735825Z   "records": 225,
quality	Full gate	2026-10-07T21:31:14.4736139Z   "schemas": 12,
quality	Full gate	2026-10-07T21:31:14.4736439Z   "errors": [],
quality	Full gate	2026-10-07T21:31:14.4736742Z   "gateCounts": {
quality	Full gate	2026-10-07T21:31:14.4737356Z     "canonicalCounts": {
quality	Full gate	2026-10-07T21:31:14.4737728Z       "weapon": 30,
quality	Full gate	2026-10-07T21:31:14.4738038Z       "tool": 40,
quality	Full gate	2026-10-07T21:31:14.4738330Z       "charter": 16,
quality	Full gate	2026-10-07T21:31:14.4738633Z       "item": 60,
quality	Full gate	2026-10-07T21:31:14.4739157Z       "vassal": 16,
quality	Full gate	2026-10-07T21:31:14.4739478Z       "enemy": 24,
quality	Full gate	2026-10-07T21:31:14.4739798Z       "evolution": 30,
quality	Full gate	2026-10-07T21:31:14.4740143Z       "hero": 1,
quality	Full gate	2026-10-07T21:31:14.4740460Z       "estate": 1,
quality	Full gate	2026-10-07T21:31:14.4740765Z       "skin": 1
quality	Full gate	2026-10-07T21:31:14.4741061Z     },
quality	Full gate	2026-10-07T21:31:14.4741383Z     "minTagDistinctCount": 8,
quality	Full gate	2026-10-07T21:31:14.4741768Z     "noGrowthTools": 0,
quality	Full gate	2026-10-07T21:31:14.4742123Z     "evolutionCounts": {
quality	Full gate	2026-10-07T21:31:14.4742495Z       "weapon-tool": 10,
quality	Full gate	2026-10-07T21:31:14.4742846Z       "tool-tool": 10,
quality	Full gate	2026-10-07T21:31:14.4743192Z       "tool-growth": 10
quality	Full gate	2026-10-07T21:31:14.4743517Z     },
quality	Full gate	2026-10-07T21:31:14.4743900Z     "unorderedAntiSynergyPairs": 11,
quality	Full gate	2026-10-07T21:31:14.4744347Z     "skinNumericCount": 0,
quality	Full gate	2026-10-07T21:31:14.4744747Z     "loopLinkedDistinct": 130
quality	Full gate	2026-10-07T21:31:14.4745116Z   }
quality	Full gate	2026-10-07T21:31:14.4745386Z }
quality	Full gate	2026-10-07T21:31:14.5691759Z S3 content tables match canonical JSON
quality	Full gate	2026-10-07T21:31:14.6066254Z metrics selftest PASS
quality	Full gate	2026-10-07T21:31:15.6986000Z PR policy: issue, ADR, template and comment checks passed
quality	Full gate	2026-10-07T21:31:26.7997960Z PASS BCL algorithm
quality	Full gate	2026-10-07T21:31:26.8577924Z PASS comments are not code
quality	Full gate	2026-10-07T21:31:26.9530219Z PASS engine unused import
quality	Full gate	2026-10-07T21:31:27.0002373Z PASS inactive branch engine
quality	Full gate	2026-10-07T21:31:27.0559631Z PASS inactive branch numeric
quality	Full gate	2026-10-07T21:31:27.1059733Z PASS engine alias
quality	Full gate	2026-10-07T21:31:27.1531658Z PASS content id literal
quality	Full gate	2026-10-07T21:31:27.1998360Z PASS content id escaped
quality	Full gate	2026-10-07T21:31:27.2228669Z PASS content id concatenated
quality	Full gate	2026-10-07T21:31:27.2544150Z PASS content id interpolated
quality	Full gate	2026-10-07T21:31:27.2755468Z PASS data id without namespace
quality	Full gate	2026-10-07T21:31:27.2959172Z PASS gameplay local
quality	Full gate	2026-10-07T21:31:27.3346250Z PASS gameplay const
quality	Full gate	2026-10-07T21:31:27.3874649Z PASS gameplay hexadecimal
quality	Full gate	2026-10-07T21:31:27.4110746Z PASS gameplay negative
quality	Full gate	2026-10-07T21:31:27.4633979Z PASS seeded random
quality	Full gate	2026-10-07T21:31:27.4955992Z PASS unseeded random
quality	Full gate	2026-10-07T21:31:27.5464280Z PASS implicit new random
quality	Full gate	2026-10-07T21:31:27.5777999Z PASS shared random
quality	Full gate	2026-10-07T21:31:27.6227856Z PASS clock alias
quality	Full gate	2026-10-07T21:31:27.6658951Z PASS clock static import
quality	Full gate	2026-10-07T21:31:27.7014734Z PASS random guid
quality	Full gate	2026-10-07T21:31:27.7341854Z PASS stopwatch
quality	Full gate	2026-10-07T21:31:27.7904734Z PASS exact algorithm constant exemption
quality	Full gate	2026-10-07T21:31:27.7906384Z ArchitectureGuard self-tests: 24/24 passed.
quality	Full gate	2026-10-07T21:31:27.8364039Z PASS repository PackageReference
quality	Full gate	2026-10-07T21:31:27.8490791Z PASS repository ProjectReference
quality	Full gate	2026-10-07T21:31:27.8610196Z PASS repository Reference
quality	Full gate	2026-10-07T21:31:27.8744306Z PASS repository FrameworkReference
quality	Full gate	2026-10-07T21:31:27.9085559Z PASS repository JSON-discovered content ID
quality	Full gate	2026-10-07T21:31:27.9494440Z PASS repository nested loop stage is not a content identity
quality	Full gate	2026-10-07T21:31:27.9903728Z PASS repository top-level estate identity remains protected
quality	Full gate	2026-10-07T21:31:28.0307590Z PASS repository explicit nested hero reference remains protected
quality	Full gate	2026-10-07T21:31:28.0801935Z PASS repository explicit nested hero object remains protected
quality	Full gate	2026-10-07T21:31:28.1032208Z PASS repository generic word used as actual hero identity remains protected
quality	Full gate	2026-10-07T21:31:28.1153210Z PASS repository inherited package reference
quality	Full gate	2026-10-07T21:31:30.3448361Z ArchitectureGuard: 0 violation(s).
quality	Full gate	2026-10-07T21:31:31.4164896Z   Determining projects to restore...
quality	Full gate	2026-10-07T21:31:31.9787673Z   Restored /home/runner/work/bs-mobile/bs-mobile/core/src/SowSiege.Sim/SowSiege.Sim.csproj (in 94 ms).
quality	Full gate	2026-10-07T21:31:31.9789749Z   Restored /home/runner/work/bs-mobile/bs-mobile/core/src/SowSiege.Core/SowSiege.Core.csproj (in 88 ms).
quality	Full gate	2026-10-07T21:31:33.2179138Z   Restored /home/runner/work/bs-mobile/bs-mobile/core/tests/SowSiege.Tests/SowSiege.Tests.csproj (in 1.33 sec).
quality	Full gate	2026-10-07T21:31:33.6842037Z   Restored /home/runner/work/bs-mobile/bs-mobile/core/bench/SowSiege.Bench/SowSiege.Bench.csproj (in 1.8 sec).
quality	Full gate	2026-10-07T21:31:35.8588427Z   SowSiege.Core -> /home/runner/work/bs-mobile/bs-mobile/core/src/SowSiege.Core/bin/Release/net8.0/SowSiege.Core.dll
quality	Full gate	2026-10-07T21:31:36.8376430Z   SowSiege.Sim -> /home/runner/work/bs-mobile/bs-mobile/core/src/SowSiege.Sim/bin/Release/net8.0/SowSiege.Sim.dll
quality	Full gate	2026-10-07T21:31:38.0285370Z   SowSiege.Tests -> /home/runner/work/bs-mobile/bs-mobile/core/tests/SowSiege.Tests/bin/Release/net8.0/SowSiege.Tests.dll
quality	Full gate	2026-10-07T21:31:38.1210292Z   SowSiege.Bench -> /home/runner/work/bs-mobile/bs-mobile/core/bench/SowSiege.Bench/bin/Release/net8.0/SowSiege.Bench.dll
quality	Full gate	2026-10-07T21:31:38.1695030Z 
quality	Full gate	2026-10-07T21:31:38.1748259Z Build succeeded.
quality	Full gate	2026-10-07T21:31:38.1778184Z     0 Warning(s)
quality	Full gate	2026-10-07T21:31:38.1818250Z     0 Error(s)
quality	Full gate	2026-10-07T21:31:38.1837931Z 
quality	Full gate	2026-10-07T21:31:38.1838615Z Time Elapsed 00:00:04.28
quality	Full gate	2026-10-07T21:31:40.0379373Z Test run for /home/runner/work/bs-mobile/bs-mobile/core/tests/SowSiege.Tests/bin/Release/net8.0/SowSiege.Tests.dll (.NETCoreApp,Version=v8.0)
quality	Full gate	2026-10-07T21:31:40.2877399Z VSTest version 17.11.1 (x64)
quality	Full gate	2026-10-07T21:31:40.2962885Z 
quality	Full gate	2026-10-07T21:31:40.5801840Z Starting test execution, please wait...
quality	Full gate	2026-10-07T21:31:40.6350078Z A total of 1 test files matched the specified pattern.
quality	Full gate	2026-10-07T21:31:51.5213946Z Results File: /home/runner/work/bs-mobile/bs-mobile/artifacts/tests/tests.trx
quality	Full gate	2026-10-07T21:31:51.5216071Z 
quality	Full gate	2026-10-07T21:31:51.5257360Z Passed!  - Failed:     0, Passed:    43, Skipped:     0, Total:    43, Duration: 10 s - SowSiege.Tests.dll (net8.0)
quality	Full gate	2026-10-07T21:32:19.8463846Z S2 smoke: 18 policy/seed cases × 3 deterministic repeats; 900 tick cap; policy damage CV=0.02705842682220579; diagnostic only, not S4 balance.
quality	Record measurements with commit identity	﻿2026-10-07T21:32:19.8556944Z ##[group]Run node tools/metrics.mjs artifacts/metrics.json artifacts/trends
quality	Record measurements with commit identity	2026-10-07T21:32:19.8557874Z [36;1mnode tools/metrics.mjs artifacts/metrics.json artifacts/trends[0m
quality	Record measurements with commit identity	2026-10-07T21:32:19.8623140Z shell: /usr/bin/bash -e {0}
quality	Record measurements with commit identity	2026-10-07T21:32:19.8623422Z env:
quality	Record measurements with commit identity	2026-10-07T21:32:19.8623647Z   DOTNET_ROOT: /usr/share/dotnet
quality	Record measurements with commit identity	2026-10-07T21:32:19.8624021Z   METRICS_SHA: 0e4da17ee6a72b3ffed8e69833c1ce04d3f500e4
quality	Record measurements with commit identity	2026-10-07T21:32:19.8624419Z ##[endgroup]
quality	Record measurements with commit identity	2026-10-07T21:32:19.9070665Z metrics: 1 records; artifacts/trends/index.html
quality	Run actions/upload-artifact@ea165f8d65b6e75b540449e92b4886f43607fa02	﻿2026-10-07T21:32:19.9189235Z ##[group]Run actions/upload-artifact@ea165f8d65b6e75b540449e92b4886f43607fa02
quality	Run actions/upload-artifact@ea165f8d65b6e75b540449e92b4886f43607fa02	2026-10-07T21:32:19.9189668Z with:
quality	Run actions/upload-artifact@ea165f8d65b6e75b540449e92b4886f43607fa02	2026-10-07T21:32:19.9189943Z   name: evidence-7eee6ba29e5c6c9710b87fc24f84837e2bed7cbb
quality	Run actions/upload-artifact@ea165f8d65b6e75b540449e92b4886f43607fa02	2026-10-07T21:32:19.9190273Z   path: artifacts/
quality	Run actions/upload-artifact@ea165f8d65b6e75b540449e92b4886f43607fa02	2026-10-07T21:32:19.9190486Z   retention-days: 90
quality	Run actions/upload-artifact@ea165f8d65b6e75b540449e92b4886f43607fa02	2026-10-07T21:32:19.9190723Z   if-no-files-found: error
quality	Run actions/upload-artifact@ea165f8d65b6e75b540449e92b4886f43607fa02	2026-10-07T21:32:19.9190960Z   compression-level: 6
quality	Run actions/upload-artifact@ea165f8d65b6e75b540449e92b4886f43607fa02	2026-10-07T21:32:19.9191178Z   overwrite: false
quality	Run actions/upload-artifact@ea165f8d65b6e75b540449e92b4886f43607fa02	2026-10-07T21:32:19.9191395Z   include-hidden-files: false
quality	Run actions/upload-artifact@ea165f8d65b6e75b540449e92b4886f43607fa02	2026-10-07T21:32:19.9191639Z env:
quality	Run actions/upload-artifact@ea165f8d65b6e75b540449e92b4886f43607fa02	2026-10-07T21:32:19.9191840Z   DOTNET_ROOT: /usr/share/dotnet
quality	Run actions/upload-artifact@ea165f8d65b6e75b540449e92b4886f43607fa02	2026-10-07T21:32:19.9192089Z ##[endgroup]
quality	Run actions/upload-artifact@ea165f8d65b6e75b540449e92b4886f43607fa02	2026-10-07T21:32:20.0811379Z (node:3544) [DEP0040] DeprecationWarning: The `punycode` module is deprecated. Please use a userland alternative instead.
quality	Run actions/upload-artifact@ea165f8d65b6e75b540449e92b4886f43607fa02	2026-10-07T21:32:20.0813755Z (Use `node --trace-deprecation ...` to show where the warning was created)
quality	Run actions/upload-artifact@ea165f8d65b6e75b540449e92b4886f43607fa02	2026-10-07T21:32:20.0956748Z With the provided path, there will be 42 files uploaded
quality	Run actions/upload-artifact@ea165f8d65b6e75b540449e92b4886f43607fa02	2026-10-07T21:32:20.0962139Z Artifact name is valid!
quality	Run actions/upload-artifact@ea165f8d65b6e75b540449e92b4886f43607fa02	2026-10-07T21:32:20.0962886Z Root directory input is valid!
quality	Run actions/upload-artifact@ea165f8d65b6e75b540449e92b4886f43607fa02	2026-10-07T21:32:20.3040453Z Beginning upload of artifact content to blob storage
quality	Run actions/upload-artifact@ea165f8d65b6e75b540449e92b4886f43607fa02	2026-10-07T21:32:20.3699606Z (node:3544) [DEP0169] DeprecationWarning: `url.parse()` behavior is not standardized and prone to errors that have security implications. Use the WHATWG URL API instead. CVEs are not issued for `url.parse()` vulnerabilities.
quality	Run actions/upload-artifact@ea165f8d65b6e75b540449e92b4886f43607fa02	2026-10-07T21:32:20.4213274Z Uploaded bytes 85069
quality	Run actions/upload-artifact@ea165f8d65b6e75b540449e92b4886f43607fa02	2026-10-07T21:32:20.4378490Z Finished uploading artifact content to blob storage!
quality	Run actions/upload-artifact@ea165f8d65b6e75b540449e92b4886f43607fa02	2026-10-07T21:32:20.4380090Z SHA256 digest of uploaded artifact zip is 7f9993cb2ba88c1186854b2925439ea3e0c76dcd794936b3c8177c42aadb833c
quality	Run actions/upload-artifact@ea165f8d65b6e75b540449e92b4886f43607fa02	2026-10-07T21:32:20.4381309Z Finalizing artifact upload
quality	Run actions/upload-artifact@ea165f8d65b6e75b540449e92b4886f43607fa02	2026-10-07T21:32:20.6523843Z Artifact evidence-7eee6ba29e5c6c9710b87fc24f84837e2bed7cbb.zip successfully finalized. Artifact ID 11512872040
quality	Run actions/upload-artifact@ea165f8d65b6e75b540449e92b4886f43607fa02	2026-10-07T21:32:20.6527692Z Artifact evidence-7eee6ba29e5c6c9710b87fc24f84837e2bed7cbb has been successfully uploaded! Final size is 85069 bytes. Artifact ID is 11512872040
quality	Run actions/upload-artifact@ea165f8d65b6e75b540449e92b4886f43607fa02	2026-10-07T21:32:20.6532239Z Artifact download URL: https://github.com/hyunlord/bs-mobile/actions/runs/37689955116/artifacts/11512872040
quality	Post Run actions/setup-node@49933ea5288caeca8642d1e84afbd3f7d6820020	﻿2026-10-07T21:32:20.6740193Z Post job cleanup.
quality	Post Run actions/setup-node@49933ea5288caeca8642d1e84afbd3f7d6820020	2026-10-07T21:32:20.7952335Z (node:3556) [DEP0040] DeprecationWarning: The `punycode` module is deprecated. Please use a userland alternative instead.
quality	Post Run actions/setup-node@49933ea5288caeca8642d1e84afbd3f7d6820020	2026-10-07T21:32:20.7953916Z (Use `node --trace-deprecation ...` to show where the warning was created)
quality	Post Run actions/setup-node@49933ea5288caeca8642d1e84afbd3f7d6820020	2026-10-07T21:32:20.7957709Z Cache hit occurred on the primary key node-cache-Linux-x64-npm-cdb2da766a805e8f9ebcf60a145848332c0bb5aaf2bc7f6f00be2d7028f88b29, not saving cache.
quality	Post Run actions/setup-dotnet@67a3573c9a986a3f9c594539f4ab511d57bb3ce9	﻿2026-10-07T21:32:20.8072839Z Post job cleanup.
quality	Post Run actions/setup-dotnet@67a3573c9a986a3f9c594539f4ab511d57bb3ce9	2026-10-07T21:32:20.9335010Z (node:3564) [DEP0040] DeprecationWarning: The `punycode` module is deprecated. Please use a userland alternative instead.
quality	Post Run actions/setup-dotnet@67a3573c9a986a3f9c594539f4ab511d57bb3ce9	2026-10-07T21:32:20.9336977Z (Use `node --trace-deprecation ...` to show where the warning was created)
quality	Post Run actions/checkout@11d5960a326750d5838078e36cf38b85af677262	﻿2026-10-07T21:32:20.9570701Z Post job cleanup.
quality	Post Run actions/checkout@11d5960a326750d5838078e36cf38b85af677262	2026-10-07T21:32:21.0460282Z [command]/usr/bin/git version
quality	Post Run actions/checkout@11d5960a326750d5838078e36cf38b85af677262	2026-10-07T21:32:21.0503668Z git version 2.55.0
quality	Post Run actions/checkout@11d5960a326750d5838078e36cf38b85af677262	2026-10-07T21:32:21.0546099Z Temporarily overriding HOME='/home/runner/work/_temp/4612aaff-f9f5-4778-99de-10e4fdafd612' before making global git config changes
quality	Post Run actions/checkout@11d5960a326750d5838078e36cf38b85af677262	2026-10-07T21:32:21.0548010Z Adding repository directory to the temporary git global config as a safe directory
quality	Post Run actions/checkout@11d5960a326750d5838078e36cf38b85af677262	2026-10-07T21:32:21.0553944Z [command]/usr/bin/git config --global --add safe.directory /home/runner/work/bs-mobile/bs-mobile
quality	Post Run actions/checkout@11d5960a326750d5838078e36cf38b85af677262	2026-10-07T21:32:21.0594835Z [command]/usr/bin/git config --local --name-only --get-regexp core\.sshCommand
quality	Post Run actions/checkout@11d5960a326750d5838078e36cf38b85af677262	2026-10-07T21:32:21.0635560Z [command]/usr/bin/git submodule foreach --recursive sh -c "git config --local --name-only --get-regexp 'core\.sshCommand' && git config --local --unset-all 'core.sshCommand' || :"
quality	Post Run actions/checkout@11d5960a326750d5838078e36cf38b85af677262	2026-10-07T21:32:21.0895719Z [command]/usr/bin/git config --local --name-only --get-regexp http\.https\:\/\/github\.com\/\.extraheader
quality	Post Run actions/checkout@11d5960a326750d5838078e36cf38b85af677262	2026-10-07T21:32:21.0934667Z [command]/usr/bin/git submodule foreach --recursive sh -c "git config --local --name-only --get-regexp 'http\.https\:\/\/github\.com\/\.extraheader' && git config --local --unset-all 'http.https://github.com/.extraheader' || :"
quality	Post Run actions/checkout@11d5960a326750d5838078e36cf38b85af677262	2026-10-07T21:32:21.1198549Z [command]/usr/bin/git config --local --name-only --get-regexp ^includeIf\.gitdir:
quality	Post Run actions/checkout@11d5960a326750d5838078e36cf38b85af677262	2026-10-07T21:32:21.1236683Z [command]/usr/bin/git submodule foreach --recursive git config --local --show-origin --name-only --get-regexp remote.origin.url
quality	Complete job	﻿2026-10-07T21:32:21.1643543Z Cleaning up orphan processes
quality	Complete job	2026-10-07T21:32:21.2006450Z Terminate orphan process: pid (2825) (dotnet)
quality	Complete job	2026-10-07T21:32:21.2032232Z Terminate orphan process: pid (2907) (dotnet)
quality	Complete job	2026-10-07T21:32:21.2057688Z Terminate orphan process: pid (2908) (dotnet)
quality	Complete job	2026-10-07T21:32:21.2093350Z Terminate orphan process: pid (2910) (dotnet)
quality	Complete job	2026-10-07T21:32:21.2118583Z ##[warning]Node.js 20 is deprecated. The following actions target Node.js 20 but are being forced to run on Node.js 24: actions/checkout@11d5960a326750d5838078e36cf38b85af677262, actions/setup-dotnet@67a3573c9a986a3f9c594539f4ab511d57bb3ce9, actions/setup-node@49933ea5288caeca8642d1e84afbd3f7d6820020, actions/upload-artifact@ea165f8d65b6e75b540449e92b4886f43607fa02. For more information see: https://github.blog/changelog/2025-09-19-deprecation-of-node-20-on-github-actions-runners/
secrets	Set up job	﻿2026-10-07T21:31:01.3454957Z Current runner version: '2.337.0'
secrets	Set up job	2026-10-07T21:31:01.3493305Z ##[group]Runner Image Provisioner
secrets	Set up job	2026-10-07T21:31:01.3495132Z Hosted Compute Agent
secrets	Set up job	2026-10-07T21:31:01.3496212Z Version: 20260901.588
secrets	Set up job	2026-10-07T21:31:01.3497260Z Commit: f88ec8081b781fac6c440065ac7ff9e710ce3d0b
secrets	Set up job	2026-10-07T21:31:01.3498728Z Build Date: 2026-09-01T19:56:44Z
secrets	Set up job	2026-10-07T21:31:01.3499931Z Worker ID: {e27b1fba-e5cb-4037-9913-20304fb32f14}
secrets	Set up job	2026-10-07T21:31:01.3501389Z Azure Region: eastus
secrets	Set up job	2026-10-07T21:31:01.3502421Z ##[endgroup]
secrets	Set up job	2026-10-07T21:31:01.3505046Z ##[group]Operating System
secrets	Set up job	2026-10-07T21:31:01.3506182Z Ubuntu
secrets	Set up job	2026-10-07T21:31:01.3507076Z 24.04.5
secrets	Set up job	2026-10-07T21:31:01.3508039Z LTS
secrets	Set up job	2026-10-07T21:31:01.3508895Z ##[endgroup]
secrets	Set up job	2026-10-07T21:31:01.3509926Z ##[group]Runner Image
secrets	Set up job	2026-10-07T21:31:01.3511005Z Image: ubuntu-24.04
secrets	Set up job	2026-10-07T21:31:01.3511904Z Version: 20260927.320.1
secrets	Set up job	2026-10-07T21:31:01.3513912Z Included Software: https://github.com/actions/runner-images/blob/ubuntu24/20260927.320/images/ubuntu/Ubuntu2404-Readme.md
secrets	Set up job	2026-10-07T21:31:01.3517359Z Image Release: https://github.com/actions/runner-images/releases/tag/ubuntu24%2F20260927.320
secrets	Set up job	2026-10-07T21:31:01.3519130Z ##[endgroup]
secrets	Set up job	2026-10-07T21:31:01.3521330Z ##[group]GITHUB_TOKEN Permissions
secrets	Set up job	2026-10-07T21:31:01.3524722Z Contents: read
secrets	Set up job	2026-10-07T21:31:01.3525892Z Metadata: read
secrets	Set up job	2026-10-07T21:31:01.3526816Z PullRequests: read
secrets	Set up job	2026-10-07T21:31:01.3527822Z ##[endgroup]
secrets	Set up job	2026-10-07T21:31:01.3531280Z Secret source: Actions
secrets	Set up job	2026-10-07T21:31:01.3532861Z Cache mode: write
secrets	Set up job	2026-10-07T21:31:01.3534131Z Prepare workflow directory
secrets	Set up job	2026-10-07T21:31:01.3990568Z Prepare all required actions
secrets	Set up job	2026-10-07T21:31:01.4042996Z Getting action download info
secrets	Set up job	2026-10-07T21:31:01.6123570Z Download action repository 'actions/checkout@11d5960a326750d5838078e36cf38b85af677262' (SHA:11d5960a326750d5838078e36cf38b85af677262)
secrets	Set up job	2026-10-07T21:31:01.7073021Z Download action repository 'gitleaks/gitleaks-action@dcedce43c6f43de0b836d1fe38946645c9c638dc' (SHA:dcedce43c6f43de0b836d1fe38946645c9c638dc)
secrets	Set up job	2026-10-07T21:31:01.9419658Z Complete job name: secrets
secrets	Run actions/checkout@11d5960a326750d5838078e36cf38b85af677262	﻿2026-10-07T21:31:02.0215837Z ##[group]Run actions/checkout@11d5960a326750d5838078e36cf38b85af677262
secrets	Run actions/checkout@11d5960a326750d5838078e36cf38b85af677262	2026-10-07T21:31:02.0217005Z with:
secrets	Run actions/checkout@11d5960a326750d5838078e36cf38b85af677262	2026-10-07T21:31:02.0217448Z   fetch-depth: 0
secrets	Run actions/checkout@11d5960a326750d5838078e36cf38b85af677262	2026-10-07T21:31:02.0217939Z   persist-credentials: false
secrets	Run actions/checkout@11d5960a326750d5838078e36cf38b85af677262	2026-10-07T21:31:02.0218471Z   repository: hyunlord/bs-mobile
secrets	Run actions/checkout@11d5960a326750d5838078e36cf38b85af677262	2026-10-07T21:31:02.0222081Z   token: ***
secrets	Run actions/checkout@11d5960a326750d5838078e36cf38b85af677262	2026-10-07T21:31:02.0222530Z   ssh-strict: true
secrets	Run actions/checkout@11d5960a326750d5838078e36cf38b85af677262	2026-10-07T21:31:02.0222983Z   ssh-user: git
secrets	Run actions/checkout@11d5960a326750d5838078e36cf38b85af677262	2026-10-07T21:31:02.0223404Z   clean: true
secrets	Run actions/checkout@11d5960a326750d5838078e36cf38b85af677262	2026-10-07T21:31:02.0224081Z   sparse-checkout-cone-mode: true
secrets	Run actions/checkout@11d5960a326750d5838078e36cf38b85af677262	2026-10-07T21:31:02.0224882Z   fetch-tags: false
secrets	Run actions/checkout@11d5960a326750d5838078e36cf38b85af677262	2026-10-07T21:31:02.0225341Z   show-progress: true
secrets	Run actions/checkout@11d5960a326750d5838078e36cf38b85af677262	2026-10-07T21:31:02.0225803Z   lfs: false
secrets	Run actions/checkout@11d5960a326750d5838078e36cf38b85af677262	2026-10-07T21:31:02.0226222Z   submodules: false
secrets	Run actions/checkout@11d5960a326750d5838078e36cf38b85af677262	2026-10-07T21:31:02.0226682Z   set-safe-directory: true
secrets	Run actions/checkout@11d5960a326750d5838078e36cf38b85af677262	2026-10-07T21:31:02.0227195Z   allow-unsafe-pr-checkout: false
secrets	Run actions/checkout@11d5960a326750d5838078e36cf38b85af677262	2026-10-07T21:31:02.0228010Z ##[endgroup]
secrets	Run actions/checkout@11d5960a326750d5838078e36cf38b85af677262	2026-10-07T21:31:02.1272221Z Syncing repository: hyunlord/bs-mobile
secrets	Run actions/checkout@11d5960a326750d5838078e36cf38b85af677262	2026-10-07T21:31:02.1275340Z ##[group]Getting Git version info
secrets	Run actions/checkout@11d5960a326750d5838078e36cf38b85af677262	2026-10-07T21:31:02.1276681Z Working directory is '/home/runner/work/bs-mobile/bs-mobile'
secrets	Run actions/checkout@11d5960a326750d5838078e36cf38b85af677262	2026-10-07T21:31:02.1278418Z [command]/usr/bin/git version
secrets	Run actions/checkout@11d5960a326750d5838078e36cf38b85af677262	2026-10-07T21:31:02.1329998Z git version 2.55.0
secrets	Run actions/checkout@11d5960a326750d5838078e36cf38b85af677262	2026-10-07T21:31:02.1353660Z ##[endgroup]
secrets	Run actions/checkout@11d5960a326750d5838078e36cf38b85af677262	2026-10-07T21:31:02.1373985Z Temporarily overriding HOME='/home/runner/work/_temp/596a6ca8-44bd-4e60-910b-cfdd82a2289f' before making global git config changes
secrets	Run actions/checkout@11d5960a326750d5838078e36cf38b85af677262	2026-10-07T21:31:02.1377168Z Adding repository directory to the temporary git global config as a safe directory
secrets	Run actions/checkout@11d5960a326750d5838078e36cf38b85af677262	2026-10-07T21:31:02.1379618Z [command]/usr/bin/git config --global --add safe.directory /home/runner/work/bs-mobile/bs-mobile
secrets	Run actions/checkout@11d5960a326750d5838078e36cf38b85af677262	2026-10-07T21:31:02.1450132Z Deleting the contents of '/home/runner/work/bs-mobile/bs-mobile'
secrets	Run actions/checkout@11d5960a326750d5838078e36cf38b85af677262	2026-10-07T21:31:02.1454876Z ##[group]Initializing the repository
secrets	Run actions/checkout@11d5960a326750d5838078e36cf38b85af677262	2026-10-07T21:31:02.1459594Z [command]/usr/bin/git init /home/runner/work/bs-mobile/bs-mobile
secrets	Run actions/checkout@11d5960a326750d5838078e36cf38b85af677262	2026-10-07T21:31:02.1571838Z hint: Using 'master' as the name for the initial branch. This default branch name
secrets	Run actions/checkout@11d5960a326750d5838078e36cf38b85af677262	2026-10-07T21:31:02.1579980Z hint: will change to "main" in Git 3.0. To configure the initial branch name
secrets	Run actions/checkout@11d5960a326750d5838078e36cf38b85af677262	2026-10-07T21:31:02.1588683Z hint: to use in all of your new repositories, which will suppress this warning,
secrets	Run actions/checkout@11d5960a326750d5838078e36cf38b85af677262	2026-10-07T21:31:02.1601531Z hint: call:
secrets	Run actions/checkout@11d5960a326750d5838078e36cf38b85af677262	2026-10-07T21:31:02.1602764Z hint:
secrets	Run actions/checkout@11d5960a326750d5838078e36cf38b85af677262	2026-10-07T21:31:02.1603948Z hint: 	git config --global init.defaultBranch <name>
secrets	Run actions/checkout@11d5960a326750d5838078e36cf38b85af677262	2026-10-07T21:31:02.1605608Z hint:
secrets	Run actions/checkout@11d5960a326750d5838078e36cf38b85af677262	2026-10-07T21:31:02.1606991Z hint: Names commonly chosen instead of 'master' are 'main', 'trunk' and
secrets	Run actions/checkout@11d5960a326750d5838078e36cf38b85af677262	2026-10-07T21:31:02.1608652Z hint: 'development'. The just-created branch can be renamed via this command:
secrets	Run actions/checkout@11d5960a326750d5838078e36cf38b85af677262	2026-10-07T21:31:02.1610056Z hint:
secrets	Run actions/checkout@11d5960a326750d5838078e36cf38b85af677262	2026-10-07T21:31:02.1610822Z hint: 	git branch -m <name>
secrets	Run actions/checkout@11d5960a326750d5838078e36cf38b85af677262	2026-10-07T21:31:02.1611668Z hint:
secrets	Run actions/checkout@11d5960a326750d5838078e36cf38b85af677262	2026-10-07T21:31:02.1612743Z hint: Disable this message with "git config set advice.defaultBranchName false"
secrets	Run actions/checkout@11d5960a326750d5838078e36cf38b85af677262	2026-10-07T21:31:02.1614693Z Initialized empty Git repository in /home/runner/work/bs-mobile/bs-mobile/.git/
secrets	Run actions/checkout@11d5960a326750d5838078e36cf38b85af677262	2026-10-07T21:31:02.1618362Z [command]/usr/bin/git remote add origin https://github.com/hyunlord/bs-mobile
secrets	Run actions/checkout@11d5960a326750d5838078e36cf38b85af677262	2026-10-07T21:31:02.1652776Z ##[endgroup]
secrets	Run actions/checkout@11d5960a326750d5838078e36cf38b85af677262	2026-10-07T21:31:02.1653689Z ##[group]Disabling automatic garbage collection
secrets	Run actions/checkout@11d5960a326750d5838078e36cf38b85af677262	2026-10-07T21:31:02.1659432Z [command]/usr/bin/git config --local gc.auto 0
secrets	Run actions/checkout@11d5960a326750d5838078e36cf38b85af677262	2026-10-07T21:31:02.1696527Z ##[endgroup]
secrets	Run actions/checkout@11d5960a326750d5838078e36cf38b85af677262	2026-10-07T21:31:02.1697313Z ##[group]Setting up auth
secrets	Run actions/checkout@11d5960a326750d5838078e36cf38b85af677262	2026-10-07T21:31:02.1706296Z [command]/usr/bin/git config --local --name-only --get-regexp core\.sshCommand
secrets	Run actions/checkout@11d5960a326750d5838078e36cf38b85af677262	2026-10-07T21:31:02.1743097Z [command]/usr/bin/git submodule foreach --recursive sh -c "git config --local --name-only --get-regexp 'core\.sshCommand' && git config --local --unset-all 'core.sshCommand' || :"
secrets	Run actions/checkout@11d5960a326750d5838078e36cf38b85af677262	2026-10-07T21:31:02.2140940Z [command]/usr/bin/git config --local --name-only --get-regexp http\.https\:\/\/github\.com\/\.extraheader
secrets	Run actions/checkout@11d5960a326750d5838078e36cf38b85af677262	2026-10-07T21:31:02.2187317Z [command]/usr/bin/git submodule foreach --recursive sh -c "git config --local --name-only --get-regexp 'http\.https\:\/\/github\.com\/\.extraheader' && git config --local --unset-all 'http.https://github.com/.extraheader' || :"
secrets	Run actions/checkout@11d5960a326750d5838078e36cf38b85af677262	2026-10-07T21:31:02.2428318Z [command]/usr/bin/git config --local --name-only --get-regexp ^includeIf\.gitdir:
secrets	Run actions/checkout@11d5960a326750d5838078e36cf38b85af677262	2026-10-07T21:31:02.2468911Z [command]/usr/bin/git submodule foreach --recursive git config --local --show-origin --name-only --get-regexp remote.origin.url
secrets	Run actions/checkout@11d5960a326750d5838078e36cf38b85af677262	2026-10-07T21:31:02.2706183Z [command]/usr/bin/git config --local http.https://github.com/.extraheader AUTHORIZATION: basic ***
secrets	Run actions/checkout@11d5960a326750d5838078e36cf38b85af677262	2026-10-07T21:31:02.2749030Z ##[endgroup]
secrets	Run actions/checkout@11d5960a326750d5838078e36cf38b85af677262	2026-10-07T21:31:02.2749985Z ##[group]Fetching the repository
secrets	Run actions/checkout@11d5960a326750d5838078e36cf38b85af677262	2026-10-07T21:31:02.2760237Z [command]/usr/bin/git -c protocol.version=2 fetch --prune --no-recurse-submodules origin +refs/heads/*:refs/remotes/origin/* +refs/tags/*:refs/tags/* +7eee6ba29e5c6c9710b87fc24f84837e2bed7cbb:refs/remotes/pull/37/merge
secrets	Run actions/checkout@11d5960a326750d5838078e36cf38b85af677262	2026-10-07T21:31:02.5848316Z From https://github.com/hyunlord/bs-mobile
secrets	Run actions/checkout@11d5960a326750d5838078e36cf38b85af677262	2026-10-07T21:31:02.5849733Z  * [new branch]      dependabot/github_actions/actions/checkout-7.0.1 -> origin/dependabot/github_actions/actions/checkout-7.0.1
secrets	Run actions/checkout@11d5960a326750d5838078e36cf38b85af677262	2026-10-07T21:31:02.5851652Z  * [new branch]      dependabot/github_actions/actions/setup-dotnet-6.0.0 -> origin/dependabot/github_actions/actions/setup-dotnet-6.0.0
secrets	Run actions/checkout@11d5960a326750d5838078e36cf38b85af677262	2026-10-07T21:31:02.5853251Z  * [new branch]      dependabot/github_actions/actions/setup-node-7.0.0 -> origin/dependabot/github_actions/actions/setup-node-7.0.0
secrets	Run actions/checkout@11d5960a326750d5838078e36cf38b85af677262	2026-10-07T21:31:02.5855568Z  * [new branch]      dependabot/github_actions/actions/upload-artifact-7.0.1 -> origin/dependabot/github_actions/actions/upload-artifact-7.0.1
secrets	Run actions/checkout@11d5960a326750d5838078e36cf38b85af677262	2026-10-07T21:31:02.5858501Z  * [new branch]      dependabot/github_actions/gitleaks/gitleaks-action-ff98106e4c7b2bc287b24eaf42907196329070c7 -> origin/dependabot/github_actions/gitleaks/gitleaks-action-ff98106e4c7b2bc287b24eaf42907196329070c7
secrets	Run actions/checkout@11d5960a326750d5838078e36cf38b85af677262	2026-10-07T21:31:02.5860963Z  * [new branch]      dependabot/nuget/core/bench/SowSiege.Bench/BenchmarkDotNet-0.15.8 -> origin/dependabot/nuget/core/bench/SowSiege.Bench/BenchmarkDotNet-0.15.8
secrets	Run actions/checkout@11d5960a326750d5838078e36cf38b85af677262	2026-10-07T21:31:02.5863907Z  * [new branch]      dependabot/nuget/core/tests/SowSiege.Tests/Microsoft.NET.Test.Sdk-18.10.1 -> origin/dependabot/nuget/core/tests/SowSiege.Tests/Microsoft.NET.Test.Sdk-18.10.1
secrets	Run actions/checkout@11d5960a326750d5838078e36cf38b85af677262	2026-10-07T21:31:02.5866882Z  * [new branch]      dependabot/nuget/core/tests/SowSiege.Tests/xunit-2.9.3 -> origin/dependabot/nuget/core/tests/SowSiege.Tests/xunit-2.9.3
secrets	Run actions/checkout@11d5960a326750d5838078e36cf38b85af677262	2026-10-07T21:31:02.5868753Z  * [new branch]      dependabot/nuget/core/tests/SowSiege.Tests/xunit.runner.visualstudio-4.0.0 -> origin/dependabot/nuget/core/tests/SowSiege.Tests/xunit.runner.visualstudio-4.0.0
secrets	Run actions/checkout@11d5960a326750d5838078e36cf38b85af677262	2026-10-07T21:31:02.5870355Z  * [new branch]      feat/s3-content-pool                     -> origin/feat/s3-content-pool
secrets	Run actions/checkout@11d5960a326750d5838078e36cf38b85af677262	2026-10-07T21:31:02.5871377Z  * [new branch]      main                                     -> origin/main
secrets	Run actions/checkout@11d5960a326750d5838078e36cf38b85af677262	2026-10-07T21:31:02.5872302Z  * [new tag]         metrics-history                          -> metrics-history
secrets	Run actions/checkout@11d5960a326750d5838078e36cf38b85af677262	2026-10-07T21:31:02.5873151Z  * [new ref]         7eee6ba29e5c6c9710b87fc24f84837e2bed7cbb -> pull/37/merge
secrets	Run actions/checkout@11d5960a326750d5838078e36cf38b85af677262	2026-10-07T21:31:02.5875283Z ##[endgroup]
secrets	Run actions/checkout@11d5960a326750d5838078e36cf38b85af677262	2026-10-07T21:31:02.5876021Z ##[group]Determining the checkout info
secrets	Run actions/checkout@11d5960a326750d5838078e36cf38b85af677262	2026-10-07T21:31:02.5876852Z ##[endgroup]
secrets	Run actions/checkout@11d5960a326750d5838078e36cf38b85af677262	2026-10-07T21:31:02.5877352Z [command]/usr/bin/git sparse-checkout disable
secrets	Run actions/checkout@11d5960a326750d5838078e36cf38b85af677262	2026-10-07T21:31:02.5919684Z [command]/usr/bin/git config --local --unset-all extensions.worktreeConfig
secrets	Run actions/checkout@11d5960a326750d5838078e36cf38b85af677262	2026-10-07T21:31:02.5963533Z ##[group]Checking out the ref
secrets	Run actions/checkout@11d5960a326750d5838078e36cf38b85af677262	2026-10-07T21:31:02.5967297Z [command]/usr/bin/git checkout --progress --force refs/remotes/pull/37/merge
secrets	Run actions/checkout@11d5960a326750d5838078e36cf38b85af677262	2026-10-07T21:31:02.6373771Z Note: switching to 'refs/remotes/pull/37/merge'.
secrets	Run actions/checkout@11d5960a326750d5838078e36cf38b85af677262	2026-10-07T21:31:02.6374705Z 
secrets	Run actions/checkout@11d5960a326750d5838078e36cf38b85af677262	2026-10-07T21:31:02.6375198Z You are in 'detached HEAD' state. You can look around, make experimental
secrets	Run actions/checkout@11d5960a326750d5838078e36cf38b85af677262	2026-10-07T21:31:02.6376109Z changes and commit them, and you can discard any commits you make in this
secrets	Run actions/checkout@11d5960a326750d5838078e36cf38b85af677262	2026-10-07T21:31:02.6377041Z state without impacting any branches by switching back to a branch.
secrets	Run actions/checkout@11d5960a326750d5838078e36cf38b85af677262	2026-10-07T21:31:02.6377563Z 
secrets	Run actions/checkout@11d5960a326750d5838078e36cf38b85af677262	2026-10-07T21:31:02.6377931Z If you want to create a new branch to retain commits you create, you may
secrets	Run actions/checkout@11d5960a326750d5838078e36cf38b85af677262	2026-10-07T21:31:02.6378768Z do so (now or later) by using -c with the switch command. Example:
secrets	Run actions/checkout@11d5960a326750d5838078e36cf38b85af677262	2026-10-07T21:31:02.6379301Z 
secrets	Run actions/checkout@11d5960a326750d5838078e36cf38b85af677262	2026-10-07T21:31:02.6379770Z   git switch -c <new-branch-name>
secrets	Run actions/checkout@11d5960a326750d5838078e36cf38b85af677262	2026-10-07T21:31:02.6380123Z 
secrets	Run actions/checkout@11d5960a326750d5838078e36cf38b85af677262	2026-10-07T21:31:02.6380387Z Or undo this operation with:
secrets	Run actions/checkout@11d5960a326750d5838078e36cf38b85af677262	2026-10-07T21:31:02.6380718Z 
secrets	Run actions/checkout@11d5960a326750d5838078e36cf38b85af677262	2026-10-07T21:31:02.6380914Z   git switch -
secrets	Run actions/checkout@11d5960a326750d5838078e36cf38b85af677262	2026-10-07T21:31:02.6381160Z 
secrets	Run actions/checkout@11d5960a326750d5838078e36cf38b85af677262	2026-10-07T21:31:02.6381787Z Turn off this advice by setting config variable advice.detachedHead to false
secrets	Run actions/checkout@11d5960a326750d5838078e36cf38b85af677262	2026-10-07T21:31:02.6382766Z 
secrets	Run actions/checkout@11d5960a326750d5838078e36cf38b85af677262	2026-10-07T21:31:02.6383915Z HEAD is now at 7eee6ba Merge 0e4da17ee6a72b3ffed8e69833c1ce04d3f500e4 into 680edd1ae6e9527d0baa30714da243f8bf13b6fd
secrets	Run actions/checkout@11d5960a326750d5838078e36cf38b85af677262	2026-10-07T21:31:02.6387658Z ##[endgroup]
secrets	Run actions/checkout@11d5960a326750d5838078e36cf38b85af677262	2026-10-07T21:31:02.6437264Z [command]/usr/bin/git log -1 --format=%H
secrets	Run actions/checkout@11d5960a326750d5838078e36cf38b85af677262	2026-10-07T21:31:02.6465480Z 7eee6ba29e5c6c9710b87fc24f84837e2bed7cbb
secrets	Run actions/checkout@11d5960a326750d5838078e36cf38b85af677262	2026-10-07T21:31:02.6477342Z ##[group]Removing auth
secrets	Run actions/checkout@11d5960a326750d5838078e36cf38b85af677262	2026-10-07T21:31:02.6482385Z [command]/usr/bin/git config --local --name-only --get-regexp core\.sshCommand
secrets	Run actions/checkout@11d5960a326750d5838078e36cf38b85af677262	2026-10-07T21:31:02.6606888Z [command]/usr/bin/git submodule foreach --recursive sh -c "git config --local --name-only --get-regexp 'core\.sshCommand' && git config --local --unset-all 'core.sshCommand' || :"
secrets	Run actions/checkout@11d5960a326750d5838078e36cf38b85af677262	2026-10-07T21:31:02.6771050Z [command]/usr/bin/git config --local --name-only --get-regexp http\.https\:\/\/github\.com\/\.extraheader
secrets	Run actions/checkout@11d5960a326750d5838078e36cf38b85af677262	2026-10-07T21:31:02.6804497Z http.https://github.com/.extraheader
secrets	Run actions/checkout@11d5960a326750d5838078e36cf38b85af677262	2026-10-07T21:31:02.6818328Z [command]/usr/bin/git config --local --unset-all http.https://github.com/.extraheader
secrets	Run actions/checkout@11d5960a326750d5838078e36cf38b85af677262	2026-10-07T21:31:02.6857730Z [command]/usr/bin/git submodule foreach --recursive sh -c "git config --local --name-only --get-regexp 'http\.https\:\/\/github\.com\/\.extraheader' && git config --local --unset-all 'http.https://github.com/.extraheader' || :"
secrets	Run actions/checkout@11d5960a326750d5838078e36cf38b85af677262	2026-10-07T21:31:02.7091988Z [command]/usr/bin/git config --local --name-only --get-regexp ^includeIf\.gitdir:
secrets	Run actions/checkout@11d5960a326750d5838078e36cf38b85af677262	2026-10-07T21:31:02.7127642Z [command]/usr/bin/git submodule foreach --recursive git config --local --show-origin --name-only --get-regexp remote.origin.url
secrets	Run actions/checkout@11d5960a326750d5838078e36cf38b85af677262	2026-10-07T21:31:02.7357953Z ##[endgroup]
secrets	Run gitleaks/gitleaks-action@dcedce43c6f43de0b836d1fe38946645c9c638dc	﻿2026-10-07T21:31:02.7643628Z ##[group]Run gitleaks/gitleaks-action@dcedce43c6f43de0b836d1fe38946645c9c638dc
secrets	Run gitleaks/gitleaks-action@dcedce43c6f43de0b836d1fe38946645c9c638dc	2026-10-07T21:31:02.7646006Z env:
secrets	Run gitleaks/gitleaks-action@dcedce43c6f43de0b836d1fe38946645c9c638dc	2026-10-07T21:31:02.7656391Z   GITHUB_TOKEN: ***
secrets	Run gitleaks/gitleaks-action@dcedce43c6f43de0b836d1fe38946645c9c638dc	2026-10-07T21:31:02.7657336Z ##[endgroup]
secrets	Run gitleaks/gitleaks-action@dcedce43c6f43de0b836d1fe38946645c9c638dc	2026-10-07T21:31:02.9513938Z (node:2359) [DEP0040] DeprecationWarning: The `punycode` module is deprecated. Please use a userland alternative instead.
secrets	Run gitleaks/gitleaks-action@dcedce43c6f43de0b836d1fe38946645c9c638dc	2026-10-07T21:31:02.9515596Z (Use `node --trace-deprecation ...` to show where the warning was created)
secrets	Run gitleaks/gitleaks-action@dcedce43c6f43de0b836d1fe38946645c9c638dc	2026-10-07T21:31:02.9639298Z (node:2359) [DEP0169] DeprecationWarning: `url.parse()` behavior is not standardized and prone to errors that have security implications. Use the WHATWG URL API instead. CVEs are not issued for `url.parse()` vulnerabilities.
secrets	Run gitleaks/gitleaks-action@dcedce43c6f43de0b836d1fe38946645c9c638dc	2026-10-07T21:31:03.1306669Z [hyunlord] is an individual user. No license key is required.
secrets	Run gitleaks/gitleaks-action@dcedce43c6f43de0b836d1fe38946645c9c638dc	2026-10-07T21:31:03.1308097Z gitleaks version: 8.24.3
secrets	Run gitleaks/gitleaks-action@dcedce43c6f43de0b836d1fe38946645c9c638dc	2026-10-07T21:31:03.1309209Z Version to install: 8.24.3 (target directory: /tmp/gitleaks-8.24.3)
secrets	Run gitleaks/gitleaks-action@dcedce43c6f43de0b836d1fe38946645c9c638dc	2026-10-07T21:31:03.1796047Z Cache hit for: gitleaks-cache-8.24.3-linux-x64
secrets	Run gitleaks/gitleaks-action@dcedce43c6f43de0b836d1fe38946645c9c638dc	2026-10-07T21:31:03.3750288Z Received 5713630 of 5713630 (100.0%), 37.1 MBs/sec
secrets	Run gitleaks/gitleaks-action@dcedce43c6f43de0b836d1fe38946645c9c638dc	2026-10-07T21:31:03.3751640Z Cache Size: ~5 MB (5713630 B)
secrets	Run gitleaks/gitleaks-action@dcedce43c6f43de0b836d1fe38946645c9c638dc	2026-10-07T21:31:03.3783365Z [command]/usr/bin/tar -xf /home/runner/work/_temp/ece95238-99fb-45fa-afdf-8154c72927fc/cache.tzst -P -C /home/runner/work/bs-mobile/bs-mobile --use-compress-program unzstd
secrets	Run gitleaks/gitleaks-action@dcedce43c6f43de0b836d1fe38946645c9c638dc	2026-10-07T21:31:03.4146897Z Cache restored successfully
secrets	Run gitleaks/gitleaks-action@dcedce43c6f43de0b836d1fe38946645c9c638dc	2026-10-07T21:31:03.4153735Z Gitleaks restored from cache
secrets	Run gitleaks/gitleaks-action@dcedce43c6f43de0b836d1fe38946645c9c638dc	2026-10-07T21:31:03.4157818Z event type: pull_request
secrets	Run gitleaks/gitleaks-action@dcedce43c6f43de0b836d1fe38946645c9c638dc	2026-10-07T21:31:03.6436102Z gitleaks cmd: gitleaks detect --redact -v --exit-code=2 --report-format=sarif --report-path=results.sarif --log-level=debug --log-opts=--no-merges --first-parent 3d53d430a84df38df0977c398fe520a2246dd6db^..0e4da17ee6a72b3ffed8e69833c1ce04d3f500e4
secrets	Run gitleaks/gitleaks-action@dcedce43c6f43de0b836d1fe38946645c9c638dc	2026-10-07T21:31:03.6453564Z [command]/tmp/gitleaks-8.24.3/gitleaks detect --redact -v --exit-code=2 --report-format=sarif --report-path=results.sarif --log-level=debug --log-opts=--no-merges --first-parent 3d53d430a84df38df0977c398fe520a2246dd6db^..0e4da17ee6a72b3ffed8e69833c1ce04d3f500e4
secrets	Run gitleaks/gitleaks-action@dcedce43c6f43de0b836d1fe38946645c9c638dc	2026-10-07T21:31:03.9289713Z 
secrets	Run gitleaks/gitleaks-action@dcedce43c6f43de0b836d1fe38946645c9c638dc	2026-10-07T21:31:03.9290346Z     ○
secrets	Run gitleaks/gitleaks-action@dcedce43c6f43de0b836d1fe38946645c9c638dc	2026-10-07T21:31:03.9290916Z     │╲
secrets	Run gitleaks/gitleaks-action@dcedce43c6f43de0b836d1fe38946645c9c638dc	2026-10-07T21:31:03.9291337Z     │ ○
secrets	Run gitleaks/gitleaks-action@dcedce43c6f43de0b836d1fe38946645c9c638dc	2026-10-07T21:31:03.9292401Z     ○ ░
secrets	Run gitleaks/gitleaks-action@dcedce43c6f43de0b836d1fe38946645c9c638dc	2026-10-07T21:31:03.9292845Z     ░    gitleaks
secrets	Run gitleaks/gitleaks-action@dcedce43c6f43de0b836d1fe38946645c9c638dc	2026-10-07T21:31:03.9293118Z 
secrets	Run gitleaks/gitleaks-action@dcedce43c6f43de0b836d1fe38946645c9c638dc	2026-10-07T21:31:03.9293765Z [90m9:31PM[0m DBG using github.com/wasilibs/go-re2 regex engine
secrets	Run gitleaks/gitleaks-action@dcedce43c6f43de0b836d1fe38946645c9c638dc	2026-10-07T21:31:03.9295437Z [90m9:31PM[0m DBG no gitleaks config found in path .gitleaks.toml, using default gitleaks config
secrets	Run gitleaks/gitleaks-action@dcedce43c6f43de0b836d1fe38946645c9c638dc	2026-10-07T21:31:04.0701212Z [90m9:31PM[0m DBG executing: /usr/bin/git -C . log -p -U0 --no-merges --first-parent 3d53d430a84df38df0977c398fe520a2246dd6db^..0e4da17ee6a72b3ffed8e69833c1ce04d3f500e4
secrets	Run gitleaks/gitleaks-action@dcedce43c6f43de0b836d1fe38946645c9c638dc	2026-10-07T21:31:04.0756012Z [90m9:31PM[0m DBG SCM platform parsed from host [36mhost=[0mgithub.com [36mplatform=[0mgithub
secrets	Run gitleaks/gitleaks-action@dcedce43c6f43de0b836d1fe38946645c9c638dc	2026-10-07T21:31:04.1168341Z [90m9:31PM[0m [32mINF[0m [1m5 commits scanned.[0m
secrets	Run gitleaks/gitleaks-action@dcedce43c6f43de0b836d1fe38946645c9c638dc	2026-10-07T21:31:04.1169514Z [90m9:31PM[0m DBG Note: this number might be smaller than expected due to commits with no additions
secrets	Run gitleaks/gitleaks-action@dcedce43c6f43de0b836d1fe38946645c9c638dc	2026-10-07T21:31:04.1170991Z [90m9:31PM[0m [32mINF[0m [1mscanned ~745185 bytes (745.18 KB) in 188ms[0m
secrets	Run gitleaks/gitleaks-action@dcedce43c6f43de0b836d1fe38946645c9c638dc	2026-10-07T21:31:04.1171926Z [90m9:31PM[0m [32mINF[0m [1mno leaks found[0m
secrets	Run gitleaks/gitleaks-action@dcedce43c6f43de0b836d1fe38946645c9c638dc	2026-10-07T21:31:04.1203526Z Artifact name is valid!
secrets	Run gitleaks/gitleaks-action@dcedce43c6f43de0b836d1fe38946645c9c638dc	2026-10-07T21:31:04.1206170Z Root directory input is valid!
secrets	Run gitleaks/gitleaks-action@dcedce43c6f43de0b836d1fe38946645c9c638dc	2026-10-07T21:31:04.3005797Z Beginning upload of artifact content to blob storage
secrets	Run gitleaks/gitleaks-action@dcedce43c6f43de0b836d1fe38946645c9c638dc	2026-10-07T21:31:04.3412688Z Uploaded bytes 6768
secrets	Run gitleaks/gitleaks-action@dcedce43c6f43de0b836d1fe38946645c9c638dc	2026-10-07T21:31:04.3573341Z Finished uploading artifact content to blob storage!
secrets	Run gitleaks/gitleaks-action@dcedce43c6f43de0b836d1fe38946645c9c638dc	2026-10-07T21:31:04.3576084Z SHA256 digest of uploaded artifact zip is c4fb6fe18eaad22c6bb98fbc6196e1c03675e0459eb80608de89b15f1f7ef1dc
secrets	Run gitleaks/gitleaks-action@dcedce43c6f43de0b836d1fe38946645c9c638dc	2026-10-07T21:31:04.3577126Z Finalizing artifact upload
secrets	Run gitleaks/gitleaks-action@dcedce43c6f43de0b836d1fe38946645c9c638dc	2026-10-07T21:31:04.6010770Z Artifact gitleaks-results.sarif.zip successfully finalized. Artifact ID 11512379077
secrets	Run gitleaks/gitleaks-action@dcedce43c6f43de0b836d1fe38946645c9c638dc	2026-10-07T21:31:04.6035482Z ✅ No leaks detected
secrets	Post Run actions/checkout@11d5960a326750d5838078e36cf38b85af677262	﻿2026-10-07T21:31:04.6372175Z Post job cleanup.
secrets	Post Run actions/checkout@11d5960a326750d5838078e36cf38b85af677262	2026-10-07T21:31:04.7324874Z [command]/usr/bin/git version
secrets	Post Run actions/checkout@11d5960a326750d5838078e36cf38b85af677262	2026-10-07T21:31:04.7415227Z git version 2.55.0
secrets	Post Run actions/checkout@11d5960a326750d5838078e36cf38b85af677262	2026-10-07T21:31:04.7541872Z Temporarily overriding HOME='/home/runner/work/_temp/c1672a30-31cf-408e-a23b-8949017a463d' before making global git config changes
secrets	Post Run actions/checkout@11d5960a326750d5838078e36cf38b85af677262	2026-10-07T21:31:04.7545219Z Adding repository directory to the temporary git global config as a safe directory
secrets	Post Run actions/checkout@11d5960a326750d5838078e36cf38b85af677262	2026-10-07T21:31:04.7557536Z [command]/usr/bin/git config --global --add safe.directory /home/runner/work/bs-mobile/bs-mobile
secrets	Post Run actions/checkout@11d5960a326750d5838078e36cf38b85af677262	2026-10-07T21:31:04.7633288Z [command]/usr/bin/git config --local --name-only --get-regexp core\.sshCommand
secrets	Post Run actions/checkout@11d5960a326750d5838078e36cf38b85af677262	2026-10-07T21:31:04.7705709Z [command]/usr/bin/git submodule foreach --recursive sh -c "git config --local --name-only --get-regexp 'core\.sshCommand' && git config --local --unset-all 'core.sshCommand' || :"
secrets	Post Run actions/checkout@11d5960a326750d5838078e36cf38b85af677262	2026-10-07T21:31:04.7985578Z [command]/usr/bin/git config --local --name-only --get-regexp http\.https\:\/\/github\.com\/\.extraheader
secrets	Post Run actions/checkout@11d5960a326750d5838078e36cf38b85af677262	2026-10-07T21:31:04.8030234Z [command]/usr/bin/git submodule foreach --recursive sh -c "git config --local --name-only --get-regexp 'http\.https\:\/\/github\.com\/\.extraheader' && git config --local --unset-all 'http.https://github.com/.extraheader' || :"
secrets	Post Run actions/checkout@11d5960a326750d5838078e36cf38b85af677262	2026-10-07T21:31:04.8315269Z [command]/usr/bin/git config --local --name-only --get-regexp ^includeIf\.gitdir:
secrets	Post Run actions/checkout@11d5960a326750d5838078e36cf38b85af677262	2026-10-07T21:31:04.8404696Z [command]/usr/bin/git submodule foreach --recursive git config --local --show-origin --name-only --get-regexp remote.origin.url
secrets	Complete job	﻿2026-10-07T21:31:04.8840970Z Cleaning up orphan processes
secrets	Complete job	2026-10-07T21:31:04.9385685Z ##[warning]Node.js 20 is deprecated. The following actions target Node.js 20 but are being forced to run on Node.js 24: actions/checkout@11d5960a326750d5838078e36cf38b85af677262, gitleaks/gitleaks-action@dcedce43c6f43de0b836d1fe38946645c9c638dc. For more information see: https://github.blog/changelog/2025-09-19-deprecation-of-node-20-on-github-actions-runners/
