quality	Set up job	﻿2026-10-07T22:21:03.5125921Z Current runner version: '2.337.0'
quality	Set up job	2026-10-07T22:21:03.5164099Z ##[group]Runner Image Provisioner
quality	Set up job	2026-10-07T22:21:03.5165362Z Hosted Compute Agent
quality	Set up job	2026-10-07T22:21:03.5166336Z Version: 20261002.596
quality	Set up job	2026-10-07T22:21:03.5167450Z Commit: c3d12f3313a95f25162a1503be624f3b0617f8c0
quality	Set up job	2026-10-07T22:21:03.5168794Z Build Date: 2026-10-02T22:28:27Z
quality	Set up job	2026-10-07T22:21:03.5170200Z Worker ID: {ab0e03c3-8422-41bf-8484-721237876c01}
quality	Set up job	2026-10-07T22:21:03.5171870Z Region: eastus2
quality	Set up job	2026-10-07T22:21:03.5172927Z Cloud: Azure
quality	Set up job	2026-10-07T22:21:03.5173843Z ##[endgroup]
quality	Set up job	2026-10-07T22:21:03.5176643Z ##[group]Operating System
quality	Set up job	2026-10-07T22:21:03.5177856Z Ubuntu
quality	Set up job	2026-10-07T22:21:03.5178776Z 24.04.5
quality	Set up job	2026-10-07T22:21:03.5179649Z LTS
quality	Set up job	2026-10-07T22:21:03.5180707Z ##[endgroup]
quality	Set up job	2026-10-07T22:21:03.5181954Z ##[group]Runner Image
quality	Set up job	2026-10-07T22:21:03.5183208Z Image: ubuntu-24.04
quality	Set up job	2026-10-07T22:21:03.5184896Z Version: 20261004.327.1
quality	Set up job	2026-10-07T22:21:03.5186867Z Included Software: https://github.com/actions/runner-images/blob/ubuntu24/20261004.327/images/ubuntu/Ubuntu2404-Readme.md
quality	Set up job	2026-10-07T22:21:03.5190131Z Image Release: https://github.com/actions/runner-images/releases/tag/ubuntu24%2F20261004.327
quality	Set up job	2026-10-07T22:21:03.5192335Z ##[endgroup]
quality	Set up job	2026-10-07T22:21:03.5194358Z ##[group]GITHUB_TOKEN Permissions
quality	Set up job	2026-10-07T22:21:03.5197487Z Contents: read
quality	Set up job	2026-10-07T22:21:03.5198527Z Issues: read
quality	Set up job	2026-10-07T22:21:03.5199520Z Metadata: read
quality	Set up job	2026-10-07T22:21:03.5200694Z ##[endgroup]
quality	Set up job	2026-10-07T22:21:03.5203885Z Secret source: Actions
quality	Set up job	2026-10-07T22:21:03.5205720Z Cache mode: write
quality	Set up job	2026-10-07T22:21:03.5207350Z Prepare workflow directory
quality	Set up job	2026-10-07T22:21:03.5686648Z Prepare all required actions
quality	Set up job	2026-10-07T22:21:03.5759747Z Getting action download info
quality	Set up job	2026-10-07T22:21:03.8071250Z Download action repository 'actions/checkout@11d5960a326750d5838078e36cf38b85af677262' (SHA:11d5960a326750d5838078e36cf38b85af677262)
quality	Set up job	2026-10-07T22:21:04.1894479Z Download action repository 'actions/setup-dotnet@67a3573c9a986a3f9c594539f4ab511d57bb3ce9' (SHA:67a3573c9a986a3f9c594539f4ab511d57bb3ce9)
quality	Set up job	2026-10-07T22:21:04.4426492Z Download action repository 'actions/setup-node@49933ea5288caeca8642d1e84afbd3f7d6820020' (SHA:49933ea5288caeca8642d1e84afbd3f7d6820020)
quality	Set up job	2026-10-07T22:21:04.5565820Z Download action repository 'actions/upload-artifact@ea165f8d65b6e75b540449e92b4886f43607fa02' (SHA:ea165f8d65b6e75b540449e92b4886f43607fa02)
quality	Set up job	2026-10-07T22:21:04.8112592Z Complete job name: quality
quality	Run actions/checkout@11d5960a326750d5838078e36cf38b85af677262	﻿2026-10-07T22:21:04.8924521Z ##[group]Run actions/checkout@11d5960a326750d5838078e36cf38b85af677262
quality	Run actions/checkout@11d5960a326750d5838078e36cf38b85af677262	2026-10-07T22:21:04.8925611Z with:
quality	Run actions/checkout@11d5960a326750d5838078e36cf38b85af677262	2026-10-07T22:21:04.8926035Z   fetch-depth: 0
quality	Run actions/checkout@11d5960a326750d5838078e36cf38b85af677262	2026-10-07T22:21:04.8926502Z   persist-credentials: false
quality	Run actions/checkout@11d5960a326750d5838078e36cf38b85af677262	2026-10-07T22:21:04.8927042Z   repository: hyunlord/bs-mobile
quality	Run actions/checkout@11d5960a326750d5838078e36cf38b85af677262	2026-10-07T22:21:04.8930871Z   token: ***
quality	Run actions/checkout@11d5960a326750d5838078e36cf38b85af677262	2026-10-07T22:21:04.8931296Z   ssh-strict: true
quality	Run actions/checkout@11d5960a326750d5838078e36cf38b85af677262	2026-10-07T22:21:04.8931947Z   ssh-user: git
quality	Run actions/checkout@11d5960a326750d5838078e36cf38b85af677262	2026-10-07T22:21:04.8932361Z   clean: true
quality	Run actions/checkout@11d5960a326750d5838078e36cf38b85af677262	2026-10-07T22:21:04.8932802Z   sparse-checkout-cone-mode: true
quality	Run actions/checkout@11d5960a326750d5838078e36cf38b85af677262	2026-10-07T22:21:04.8933322Z   fetch-tags: false
quality	Run actions/checkout@11d5960a326750d5838078e36cf38b85af677262	2026-10-07T22:21:04.8933757Z   show-progress: true
quality	Run actions/checkout@11d5960a326750d5838078e36cf38b85af677262	2026-10-07T22:21:04.8934215Z   lfs: false
quality	Run actions/checkout@11d5960a326750d5838078e36cf38b85af677262	2026-10-07T22:21:04.8934620Z   submodules: false
quality	Run actions/checkout@11d5960a326750d5838078e36cf38b85af677262	2026-10-07T22:21:04.8935066Z   set-safe-directory: true
quality	Run actions/checkout@11d5960a326750d5838078e36cf38b85af677262	2026-10-07T22:21:04.8935563Z   allow-unsafe-pr-checkout: false
quality	Run actions/checkout@11d5960a326750d5838078e36cf38b85af677262	2026-10-07T22:21:04.8936327Z ##[endgroup]
quality	Run actions/checkout@11d5960a326750d5838078e36cf38b85af677262	2026-10-07T22:21:04.9968760Z Syncing repository: hyunlord/bs-mobile
quality	Run actions/checkout@11d5960a326750d5838078e36cf38b85af677262	2026-10-07T22:21:04.9970614Z ##[group]Getting Git version info
quality	Run actions/checkout@11d5960a326750d5838078e36cf38b85af677262	2026-10-07T22:21:04.9971700Z Working directory is '/home/runner/work/bs-mobile/bs-mobile'
quality	Run actions/checkout@11d5960a326750d5838078e36cf38b85af677262	2026-10-07T22:21:04.9972799Z [command]/usr/bin/git version
quality	Run actions/checkout@11d5960a326750d5838078e36cf38b85af677262	2026-10-07T22:21:05.1146670Z git version 2.55.0
quality	Run actions/checkout@11d5960a326750d5838078e36cf38b85af677262	2026-10-07T22:21:05.1172413Z ##[endgroup]
quality	Run actions/checkout@11d5960a326750d5838078e36cf38b85af677262	2026-10-07T22:21:05.1189176Z Temporarily overriding HOME='/home/runner/work/_temp/c9141f2e-4732-4fa2-8a0c-1181fb7cc169' before making global git config changes
quality	Run actions/checkout@11d5960a326750d5838078e36cf38b85af677262	2026-10-07T22:21:05.1191954Z Adding repository directory to the temporary git global config as a safe directory
quality	Run actions/checkout@11d5960a326750d5838078e36cf38b85af677262	2026-10-07T22:21:05.1196257Z [command]/usr/bin/git config --global --add safe.directory /home/runner/work/bs-mobile/bs-mobile
quality	Run actions/checkout@11d5960a326750d5838078e36cf38b85af677262	2026-10-07T22:21:05.1432156Z Deleting the contents of '/home/runner/work/bs-mobile/bs-mobile'
quality	Run actions/checkout@11d5960a326750d5838078e36cf38b85af677262	2026-10-07T22:21:05.1437601Z ##[group]Initializing the repository
quality	Run actions/checkout@11d5960a326750d5838078e36cf38b85af677262	2026-10-07T22:21:05.1442193Z [command]/usr/bin/git init /home/runner/work/bs-mobile/bs-mobile
quality	Run actions/checkout@11d5960a326750d5838078e36cf38b85af677262	2026-10-07T22:21:05.1989564Z hint: Using 'master' as the name for the initial branch. This default branch name
quality	Run actions/checkout@11d5960a326750d5838078e36cf38b85af677262	2026-10-07T22:21:05.1991750Z hint: will change to "main" in Git 3.0. To configure the initial branch name
quality	Run actions/checkout@11d5960a326750d5838078e36cf38b85af677262	2026-10-07T22:21:05.1993363Z hint: to use in all of your new repositories, which will suppress this warning,
quality	Run actions/checkout@11d5960a326750d5838078e36cf38b85af677262	2026-10-07T22:21:05.1994661Z hint: call:
quality	Run actions/checkout@11d5960a326750d5838078e36cf38b85af677262	2026-10-07T22:21:05.1995105Z hint:
quality	Run actions/checkout@11d5960a326750d5838078e36cf38b85af677262	2026-10-07T22:21:05.1995642Z hint: 	git config --global init.defaultBranch <name>
quality	Run actions/checkout@11d5960a326750d5838078e36cf38b85af677262	2026-10-07T22:21:05.1996260Z hint:
quality	Run actions/checkout@11d5960a326750d5838078e36cf38b85af677262	2026-10-07T22:21:05.1996861Z hint: Names commonly chosen instead of 'master' are 'main', 'trunk' and
quality	Run actions/checkout@11d5960a326750d5838078e36cf38b85af677262	2026-10-07T22:21:05.1997896Z hint: 'development'. The just-created branch can be renamed via this command:
quality	Run actions/checkout@11d5960a326750d5838078e36cf38b85af677262	2026-10-07T22:21:05.1998740Z hint:
quality	Run actions/checkout@11d5960a326750d5838078e36cf38b85af677262	2026-10-07T22:21:05.1999425Z hint: 	git branch -m <name>
quality	Run actions/checkout@11d5960a326750d5838078e36cf38b85af677262	2026-10-07T22:21:05.2000209Z hint:
quality	Run actions/checkout@11d5960a326750d5838078e36cf38b85af677262	2026-10-07T22:21:05.2000853Z hint: Disable this message with "git config set advice.defaultBranchName false"
quality	Run actions/checkout@11d5960a326750d5838078e36cf38b85af677262	2026-10-07T22:21:05.2002267Z Initialized empty Git repository in /home/runner/work/bs-mobile/bs-mobile/.git/
quality	Run actions/checkout@11d5960a326750d5838078e36cf38b85af677262	2026-10-07T22:21:05.2004200Z [command]/usr/bin/git remote add origin https://github.com/hyunlord/bs-mobile
quality	Run actions/checkout@11d5960a326750d5838078e36cf38b85af677262	2026-10-07T22:21:05.2246533Z ##[endgroup]
quality	Run actions/checkout@11d5960a326750d5838078e36cf38b85af677262	2026-10-07T22:21:05.2247499Z ##[group]Disabling automatic garbage collection
quality	Run actions/checkout@11d5960a326750d5838078e36cf38b85af677262	2026-10-07T22:21:05.2251880Z [command]/usr/bin/git config --local gc.auto 0
quality	Run actions/checkout@11d5960a326750d5838078e36cf38b85af677262	2026-10-07T22:21:05.2290886Z ##[endgroup]
quality	Run actions/checkout@11d5960a326750d5838078e36cf38b85af677262	2026-10-07T22:21:05.2292903Z ##[group]Setting up auth
quality	Run actions/checkout@11d5960a326750d5838078e36cf38b85af677262	2026-10-07T22:21:05.2298430Z [command]/usr/bin/git config --local --name-only --get-regexp core\.sshCommand
quality	Run actions/checkout@11d5960a326750d5838078e36cf38b85af677262	2026-10-07T22:21:05.2333545Z [command]/usr/bin/git submodule foreach --recursive sh -c "git config --local --name-only --get-regexp 'core\.sshCommand' && git config --local --unset-all 'core.sshCommand' || :"
quality	Run actions/checkout@11d5960a326750d5838078e36cf38b85af677262	2026-10-07T22:21:05.4410241Z [command]/usr/bin/git config --local --name-only --get-regexp http\.https\:\/\/github\.com\/\.extraheader
quality	Run actions/checkout@11d5960a326750d5838078e36cf38b85af677262	2026-10-07T22:21:05.4452907Z [command]/usr/bin/git submodule foreach --recursive sh -c "git config --local --name-only --get-regexp 'http\.https\:\/\/github\.com\/\.extraheader' && git config --local --unset-all 'http.https://github.com/.extraheader' || :"
quality	Run actions/checkout@11d5960a326750d5838078e36cf38b85af677262	2026-10-07T22:21:05.4709440Z [command]/usr/bin/git config --local --name-only --get-regexp ^includeIf\.gitdir:
quality	Run actions/checkout@11d5960a326750d5838078e36cf38b85af677262	2026-10-07T22:21:05.4755027Z [command]/usr/bin/git submodule foreach --recursive git config --local --show-origin --name-only --get-regexp remote.origin.url
quality	Run actions/checkout@11d5960a326750d5838078e36cf38b85af677262	2026-10-07T22:21:05.4997430Z [command]/usr/bin/git config --local http.https://github.com/.extraheader AUTHORIZATION: basic ***
quality	Run actions/checkout@11d5960a326750d5838078e36cf38b85af677262	2026-10-07T22:21:05.5117646Z ##[endgroup]
quality	Run actions/checkout@11d5960a326750d5838078e36cf38b85af677262	2026-10-07T22:21:05.5119361Z ##[group]Fetching the repository
quality	Run actions/checkout@11d5960a326750d5838078e36cf38b85af677262	2026-10-07T22:21:05.5123284Z [command]/usr/bin/git -c protocol.version=2 fetch --prune --no-recurse-submodules origin +refs/heads/*:refs/remotes/origin/* +refs/tags/*:refs/tags/* +629c1c614706ed4287ecbfce77f1145ac57c872b:refs/remotes/pull/39/merge
quality	Run actions/checkout@11d5960a326750d5838078e36cf38b85af677262	2026-10-07T22:21:06.1587102Z From https://github.com/hyunlord/bs-mobile
quality	Run actions/checkout@11d5960a326750d5838078e36cf38b85af677262	2026-10-07T22:21:06.1588509Z  * [new branch]      dependabot/github_actions/actions/checkout-7.0.1 -> origin/dependabot/github_actions/actions/checkout-7.0.1
quality	Run actions/checkout@11d5960a326750d5838078e36cf38b85af677262	2026-10-07T22:21:06.1590277Z  * [new branch]      dependabot/github_actions/actions/setup-dotnet-6.0.0 -> origin/dependabot/github_actions/actions/setup-dotnet-6.0.0
quality	Run actions/checkout@11d5960a326750d5838078e36cf38b85af677262	2026-10-07T22:21:06.1592224Z  * [new branch]      dependabot/github_actions/actions/setup-node-7.0.0 -> origin/dependabot/github_actions/actions/setup-node-7.0.0
quality	Run actions/checkout@11d5960a326750d5838078e36cf38b85af677262	2026-10-07T22:21:06.1593830Z  * [new branch]      dependabot/github_actions/actions/upload-artifact-7.0.1 -> origin/dependabot/github_actions/actions/upload-artifact-7.0.1
quality	Run actions/checkout@11d5960a326750d5838078e36cf38b85af677262	2026-10-07T22:21:06.1595996Z  * [new branch]      dependabot/github_actions/gitleaks/gitleaks-action-ff98106e4c7b2bc287b24eaf42907196329070c7 -> origin/dependabot/github_actions/gitleaks/gitleaks-action-ff98106e4c7b2bc287b24eaf42907196329070c7
quality	Run actions/checkout@11d5960a326750d5838078e36cf38b85af677262	2026-10-07T22:21:06.1598637Z  * [new branch]      dependabot/nuget/core/bench/SowSiege.Bench/BenchmarkDotNet-0.15.8 -> origin/dependabot/nuget/core/bench/SowSiege.Bench/BenchmarkDotNet-0.15.8
quality	Run actions/checkout@11d5960a326750d5838078e36cf38b85af677262	2026-10-07T22:21:06.1601023Z  * [new branch]      dependabot/nuget/core/tests/SowSiege.Tests/Microsoft.NET.Test.Sdk-18.10.1 -> origin/dependabot/nuget/core/tests/SowSiege.Tests/Microsoft.NET.Test.Sdk-18.10.1
quality	Run actions/checkout@11d5960a326750d5838078e36cf38b85af677262	2026-10-07T22:21:06.1602981Z  * [new branch]      dependabot/nuget/core/tests/SowSiege.Tests/xunit-2.9.3 -> origin/dependabot/nuget/core/tests/SowSiege.Tests/xunit-2.9.3
quality	Run actions/checkout@11d5960a326750d5838078e36cf38b85af677262	2026-10-07T22:21:06.1604283Z  * [new branch]      dependabot/nuget/core/tests/SowSiege.Tests/xunit.runner.visualstudio-4.0.0 -> origin/dependabot/nuget/core/tests/SowSiege.Tests/xunit.runner.visualstudio-4.0.0
quality	Run actions/checkout@11d5960a326750d5838078e36cf38b85af677262	2026-10-07T22:21:06.1605326Z  * [new branch]      feat/s4-bot-league                       -> origin/feat/s4-bot-league
quality	Run actions/checkout@11d5960a326750d5838078e36cf38b85af677262	2026-10-07T22:21:06.1605943Z  * [new branch]      main                                     -> origin/main
quality	Run actions/checkout@11d5960a326750d5838078e36cf38b85af677262	2026-10-07T22:21:06.1606539Z  * [new tag]         metrics-history                          -> metrics-history
quality	Run actions/checkout@11d5960a326750d5838078e36cf38b85af677262	2026-10-07T22:21:06.1607121Z  * [new ref]         629c1c614706ed4287ecbfce77f1145ac57c872b -> pull/39/merge
quality	Run actions/checkout@11d5960a326750d5838078e36cf38b85af677262	2026-10-07T22:21:06.1610612Z ##[endgroup]
quality	Run actions/checkout@11d5960a326750d5838078e36cf38b85af677262	2026-10-07T22:21:06.1612398Z ##[group]Determining the checkout info
quality	Run actions/checkout@11d5960a326750d5838078e36cf38b85af677262	2026-10-07T22:21:06.1613138Z ##[endgroup]
quality	Run actions/checkout@11d5960a326750d5838078e36cf38b85af677262	2026-10-07T22:21:06.1613529Z [command]/usr/bin/git sparse-checkout disable
quality	Run actions/checkout@11d5960a326750d5838078e36cf38b85af677262	2026-10-07T22:21:06.1787588Z [command]/usr/bin/git config --local --unset-all extensions.worktreeConfig
quality	Run actions/checkout@11d5960a326750d5838078e36cf38b85af677262	2026-10-07T22:21:06.1831834Z ##[group]Checking out the ref
quality	Run actions/checkout@11d5960a326750d5838078e36cf38b85af677262	2026-10-07T22:21:06.1836199Z [command]/usr/bin/git checkout --progress --force refs/remotes/pull/39/merge
quality	Run actions/checkout@11d5960a326750d5838078e36cf38b85af677262	2026-10-07T22:21:06.2520966Z Note: switching to 'refs/remotes/pull/39/merge'.
quality	Run actions/checkout@11d5960a326750d5838078e36cf38b85af677262	2026-10-07T22:21:06.2521909Z 
quality	Run actions/checkout@11d5960a326750d5838078e36cf38b85af677262	2026-10-07T22:21:06.2522307Z You are in 'detached HEAD' state. You can look around, make experimental
quality	Run actions/checkout@11d5960a326750d5838078e36cf38b85af677262	2026-10-07T22:21:06.2523098Z changes and commit them, and you can discard any commits you make in this
quality	Run actions/checkout@11d5960a326750d5838078e36cf38b85af677262	2026-10-07T22:21:06.2523932Z state without impacting any branches by switching back to a branch.
quality	Run actions/checkout@11d5960a326750d5838078e36cf38b85af677262	2026-10-07T22:21:06.2524377Z 
quality	Run actions/checkout@11d5960a326750d5838078e36cf38b85af677262	2026-10-07T22:21:06.2524742Z If you want to create a new branch to retain commits you create, you may
quality	Run actions/checkout@11d5960a326750d5838078e36cf38b85af677262	2026-10-07T22:21:06.2525465Z do so (now or later) by using -c with the switch command. Example:
quality	Run actions/checkout@11d5960a326750d5838078e36cf38b85af677262	2026-10-07T22:21:06.2525875Z 
quality	Run actions/checkout@11d5960a326750d5838078e36cf38b85af677262	2026-10-07T22:21:06.2526392Z   git switch -c <new-branch-name>
quality	Run actions/checkout@11d5960a326750d5838078e36cf38b85af677262	2026-10-07T22:21:06.2526726Z 
quality	Run actions/checkout@11d5960a326750d5838078e36cf38b85af677262	2026-10-07T22:21:06.2526964Z Or undo this operation with:
quality	Run actions/checkout@11d5960a326750d5838078e36cf38b85af677262	2026-10-07T22:21:06.2527257Z 
quality	Run actions/checkout@11d5960a326750d5838078e36cf38b85af677262	2026-10-07T22:21:06.2527468Z   git switch -
quality	Run actions/checkout@11d5960a326750d5838078e36cf38b85af677262	2026-10-07T22:21:06.2527714Z 
quality	Run actions/checkout@11d5960a326750d5838078e36cf38b85af677262	2026-10-07T22:21:06.2528074Z Turn off this advice by setting config variable advice.detachedHead to false
quality	Run actions/checkout@11d5960a326750d5838078e36cf38b85af677262	2026-10-07T22:21:06.2528522Z 
quality	Run actions/checkout@11d5960a326750d5838078e36cf38b85af677262	2026-10-07T22:21:06.2529001Z HEAD is now at 629c1c6 Merge e4eb9d960e3f81522fd91c7a0ed5205694e3b9f8 into e7feb00a25d8435370043195080038064d0356fe
quality	Run actions/checkout@11d5960a326750d5838078e36cf38b85af677262	2026-10-07T22:21:06.2534233Z ##[endgroup]
quality	Run actions/checkout@11d5960a326750d5838078e36cf38b85af677262	2026-10-07T22:21:06.2582796Z [command]/usr/bin/git log -1 --format=%H
quality	Run actions/checkout@11d5960a326750d5838078e36cf38b85af677262	2026-10-07T22:21:06.2609360Z 629c1c614706ed4287ecbfce77f1145ac57c872b
quality	Run actions/checkout@11d5960a326750d5838078e36cf38b85af677262	2026-10-07T22:21:06.2619210Z ##[group]Removing auth
quality	Run actions/checkout@11d5960a326750d5838078e36cf38b85af677262	2026-10-07T22:21:06.2624569Z [command]/usr/bin/git config --local --name-only --get-regexp core\.sshCommand
quality	Run actions/checkout@11d5960a326750d5838078e36cf38b85af677262	2026-10-07T22:21:06.2656263Z [command]/usr/bin/git submodule foreach --recursive sh -c "git config --local --name-only --get-regexp 'core\.sshCommand' && git config --local --unset-all 'core.sshCommand' || :"
quality	Run actions/checkout@11d5960a326750d5838078e36cf38b85af677262	2026-10-07T22:21:06.2887068Z [command]/usr/bin/git config --local --name-only --get-regexp http\.https\:\/\/github\.com\/\.extraheader
quality	Run actions/checkout@11d5960a326750d5838078e36cf38b85af677262	2026-10-07T22:21:06.2917726Z http.https://github.com/.extraheader
quality	Run actions/checkout@11d5960a326750d5838078e36cf38b85af677262	2026-10-07T22:21:06.2925069Z [command]/usr/bin/git config --local --unset-all http.https://github.com/.extraheader
quality	Run actions/checkout@11d5960a326750d5838078e36cf38b85af677262	2026-10-07T22:21:06.2960147Z [command]/usr/bin/git submodule foreach --recursive sh -c "git config --local --name-only --get-regexp 'http\.https\:\/\/github\.com\/\.extraheader' && git config --local --unset-all 'http.https://github.com/.extraheader' || :"
quality	Run actions/checkout@11d5960a326750d5838078e36cf38b85af677262	2026-10-07T22:21:06.3183944Z [command]/usr/bin/git config --local --name-only --get-regexp ^includeIf\.gitdir:
quality	Run actions/checkout@11d5960a326750d5838078e36cf38b85af677262	2026-10-07T22:21:06.3217163Z [command]/usr/bin/git submodule foreach --recursive git config --local --show-origin --name-only --get-regexp remote.origin.url
quality	Run actions/checkout@11d5960a326750d5838078e36cf38b85af677262	2026-10-07T22:21:06.3437727Z ##[endgroup]
quality	Run actions/setup-dotnet@67a3573c9a986a3f9c594539f4ab511d57bb3ce9	﻿2026-10-07T22:21:06.3692863Z ##[group]Run actions/setup-dotnet@67a3573c9a986a3f9c594539f4ab511d57bb3ce9
quality	Run actions/setup-dotnet@67a3573c9a986a3f9c594539f4ab511d57bb3ce9	2026-10-07T22:21:06.3693493Z with:
quality	Run actions/setup-dotnet@67a3573c9a986a3f9c594539f4ab511d57bb3ce9	2026-10-07T22:21:06.3693860Z   global-json-file: global.json
quality	Run actions/setup-dotnet@67a3573c9a986a3f9c594539f4ab511d57bb3ce9	2026-10-07T22:21:06.3694269Z   cache: false
quality	Run actions/setup-dotnet@67a3573c9a986a3f9c594539f4ab511d57bb3ce9	2026-10-07T22:21:06.3694615Z ##[endgroup]
quality	Run actions/setup-dotnet@67a3573c9a986a3f9c594539f4ab511d57bb3ce9	2026-10-07T22:21:06.5112743Z (node:2385) [DEP0040] DeprecationWarning: The `punycode` module is deprecated. Please use a userland alternative instead.
quality	Run actions/setup-dotnet@67a3573c9a986a3f9c594539f4ab511d57bb3ce9	2026-10-07T22:21:06.5115080Z (Use `node --trace-deprecation ...` to show where the warning was created)
quality	Run actions/setup-dotnet@67a3573c9a986a3f9c594539f4ab511d57bb3ce9	2026-10-07T22:21:06.5141742Z [command]/home/runner/work/_actions/actions/setup-dotnet/67a3573c9a986a3f9c594539f4ab511d57bb3ce9/externals/install-dotnet.sh --skip-non-versioned-files --runtime dotnet --channel LTS
quality	Run actions/setup-dotnet@67a3573c9a986a3f9c594539f4ab511d57bb3ce9	2026-10-07T22:21:06.8213455Z dotnet-install: .NET Core Runtime with version '10.0.12' is already installed.
quality	Run actions/setup-dotnet@67a3573c9a986a3f9c594539f4ab511d57bb3ce9	2026-10-07T22:21:06.8241286Z [command]/home/runner/work/_actions/actions/setup-dotnet/67a3573c9a986a3f9c594539f4ab511d57bb3ce9/externals/install-dotnet.sh --skip-non-versioned-files --version 8.0.425
quality	Run actions/setup-dotnet@67a3573c9a986a3f9c594539f4ab511d57bb3ce9	2026-10-07T22:21:06.9731081Z dotnet-install: .NET Core SDK with version '8.0.425' is already installed.
quality	Run actions/setup-node@49933ea5288caeca8642d1e84afbd3f7d6820020	﻿2026-10-07T22:21:06.9987162Z ##[group]Run actions/setup-node@49933ea5288caeca8642d1e84afbd3f7d6820020
quality	Run actions/setup-node@49933ea5288caeca8642d1e84afbd3f7d6820020	2026-10-07T22:21:06.9987611Z with:
quality	Run actions/setup-node@49933ea5288caeca8642d1e84afbd3f7d6820020	2026-10-07T22:21:06.9987817Z   node-version: 22
quality	Run actions/setup-node@49933ea5288caeca8642d1e84afbd3f7d6820020	2026-10-07T22:21:06.9988031Z   cache: npm
quality	Run actions/setup-node@49933ea5288caeca8642d1e84afbd3f7d6820020	2026-10-07T22:21:06.9988236Z   always-auth: false
quality	Run actions/setup-node@49933ea5288caeca8642d1e84afbd3f7d6820020	2026-10-07T22:21:06.9988467Z   check-latest: false
quality	Run actions/setup-node@49933ea5288caeca8642d1e84afbd3f7d6820020	2026-10-07T22:21:06.9991165Z   token: ***
quality	Run actions/setup-node@49933ea5288caeca8642d1e84afbd3f7d6820020	2026-10-07T22:21:06.9991371Z env:
quality	Run actions/setup-node@49933ea5288caeca8642d1e84afbd3f7d6820020	2026-10-07T22:21:06.9991878Z   DOTNET_ROOT: /usr/share/dotnet
quality	Run actions/setup-node@49933ea5288caeca8642d1e84afbd3f7d6820020	2026-10-07T22:21:06.9992161Z ##[endgroup]
quality	Run actions/setup-node@49933ea5288caeca8642d1e84afbd3f7d6820020	2026-10-07T22:21:07.2194223Z (node:2560) [DEP0040] DeprecationWarning: The `punycode` module is deprecated. Please use a userland alternative instead.
quality	Run actions/setup-node@49933ea5288caeca8642d1e84afbd3f7d6820020	2026-10-07T22:21:07.2195683Z (Use `node --trace-deprecation ...` to show where the warning was created)
quality	Run actions/setup-node@49933ea5288caeca8642d1e84afbd3f7d6820020	2026-10-07T22:21:07.2197768Z Found in cache @ /opt/hostedtoolcache/node/22.23.3/x64
quality	Run actions/setup-node@49933ea5288caeca8642d1e84afbd3f7d6820020	2026-10-07T22:21:07.2198736Z ##[group]Environment details
quality	Run actions/setup-node@49933ea5288caeca8642d1e84afbd3f7d6820020	2026-10-07T22:21:11.5523679Z node: v22.23.3
quality	Run actions/setup-node@49933ea5288caeca8642d1e84afbd3f7d6820020	2026-10-07T22:21:11.5535436Z npm: 10.9.9
quality	Run actions/setup-node@49933ea5288caeca8642d1e84afbd3f7d6820020	2026-10-07T22:21:11.5535819Z yarn: 1.22.22
quality	Run actions/setup-node@49933ea5288caeca8642d1e84afbd3f7d6820020	2026-10-07T22:21:11.5536740Z ##[endgroup]
quality	Run actions/setup-node@49933ea5288caeca8642d1e84afbd3f7d6820020	2026-10-07T22:21:11.5559590Z [command]/opt/hostedtoolcache/node/22.23.3/x64/bin/npm config get cache
quality	Run actions/setup-node@49933ea5288caeca8642d1e84afbd3f7d6820020	2026-10-07T22:21:11.8579515Z /home/runner/.npm
quality	Run actions/setup-node@49933ea5288caeca8642d1e84afbd3f7d6820020	2026-10-07T22:21:12.0088935Z Cache hit for: node-cache-Linux-x64-npm-cdb2da766a805e8f9ebcf60a145848332c0bb5aaf2bc7f6f00be2d7028f88b29
quality	Run actions/setup-node@49933ea5288caeca8642d1e84afbd3f7d6820020	2026-10-07T22:21:12.0197328Z (node:2560) [DEP0169] DeprecationWarning: `url.parse()` behavior is not standardized and prone to errors that have security implications. Use the WHATWG URL API instead. CVEs are not issued for `url.parse()` vulnerabilities.
quality	Run actions/setup-node@49933ea5288caeca8642d1e84afbd3f7d6820020	2026-10-07T22:21:12.1135696Z Received 279809 of 279809 (100.0%), 4.9 MBs/sec
quality	Run actions/setup-node@49933ea5288caeca8642d1e84afbd3f7d6820020	2026-10-07T22:21:12.1136267Z Cache Size: ~0 MB (279809 B)
quality	Run actions/setup-node@49933ea5288caeca8642d1e84afbd3f7d6820020	2026-10-07T22:21:12.1163941Z [command]/usr/bin/tar -xf /home/runner/work/_temp/f91fc979-c440-487b-9188-adc3c5a99368/cache.tzst -P -C /home/runner/work/bs-mobile/bs-mobile --use-compress-program unzstd
quality	Run actions/setup-node@49933ea5288caeca8642d1e84afbd3f7d6820020	2026-10-07T22:21:12.1324807Z Cache restored successfully
quality	Run actions/setup-node@49933ea5288caeca8642d1e84afbd3f7d6820020	2026-10-07T22:21:12.1329358Z Cache restored from key: node-cache-Linux-x64-npm-cdb2da766a805e8f9ebcf60a145848332c0bb5aaf2bc7f6f00be2d7028f88b29
quality	Full gate	﻿2026-10-07T22:21:12.1487347Z ##[group]Run ./tools/check.sh
quality	Full gate	2026-10-07T22:21:12.1487727Z [36;1m./tools/check.sh[0m
quality	Full gate	2026-10-07T22:21:12.2659063Z shell: /usr/bin/bash -e {0}
quality	Full gate	2026-10-07T22:21:12.2659425Z env:
quality	Full gate	2026-10-07T22:21:12.2659684Z   DOTNET_ROOT: /usr/share/dotnet
quality	Full gate	2026-10-07T22:21:12.2663437Z   GH_TOKEN: ***
quality	Full gate	2026-10-07T22:21:12.2663720Z ##[endgroup]
quality	Full gate	2026-10-07T22:21:14.0778309Z 
quality	Full gate	2026-10-07T22:21:14.0786723Z added 5 packages, and audited 6 packages in 2s
quality	Full gate	2026-10-07T22:21:14.0787960Z 
quality	Full gate	2026-10-07T22:21:14.0788772Z 2 packages are looking for funding
quality	Full gate	2026-10-07T22:21:14.0789522Z   run `npm fund` for details
quality	Full gate	2026-10-07T22:21:14.0789928Z 
quality	Full gate	2026-10-07T22:21:14.0790494Z found 0 vulnerabilities
quality	Full gate	2026-10-07T22:21:14.2160164Z 
quality	Full gate	2026-10-07T22:21:14.2160843Z > test
quality	Full gate	2026-10-07T22:21:14.2161646Z > node --test tools/test-content-validator.mjs
quality	Full gate	2026-10-07T22:21:14.2161957Z 
quality	Full gate	2026-10-07T22:21:14.2879618Z TAP version 13
quality	Full gate	2026-10-07T22:21:14.4431227Z # Subtest: valid schema and cross-record references pass
quality	Full gate	2026-10-07T22:21:14.4437750Z ok 1 - valid schema and cross-record references pass
quality	Full gate	2026-10-07T22:21:14.4438684Z   ---
quality	Full gate	2026-10-07T22:21:14.4439413Z   duration_ms: 81.343962
quality	Full gate	2026-10-07T22:21:14.4440293Z   type: 'test'
quality	Full gate	2026-10-07T22:21:14.4441016Z   ...
quality	Full gate	2026-10-07T22:21:14.4842978Z # Subtest: rejects damage below minimum
quality	Full gate	2026-10-07T22:21:14.4844971Z ok 2 - rejects damage below minimum
quality	Full gate	2026-10-07T22:21:14.4845656Z   ---
quality	Full gate	2026-10-07T22:21:14.4846021Z   duration_ms: 41.323385
quality	Full gate	2026-10-07T22:21:14.4846606Z   type: 'test'
quality	Full gate	2026-10-07T22:21:14.4846982Z   ...
quality	Full gate	2026-10-07T22:21:14.5180206Z # Subtest: rejects unknown field
quality	Full gate	2026-10-07T22:21:14.5185064Z ok 3 - rejects unknown field
quality	Full gate	2026-10-07T22:21:14.5185883Z   ---
quality	Full gate	2026-10-07T22:21:14.5186306Z   duration_ms: 33.441538
quality	Full gate	2026-10-07T22:21:14.5186584Z   type: 'test'
quality	Full gate	2026-10-07T22:21:14.5186842Z   ...
quality	Full gate	2026-10-07T22:21:14.5478529Z # Subtest: rejects missing growth
quality	Full gate	2026-10-07T22:21:14.5480609Z ok 4 - rejects missing growth
quality	Full gate	2026-10-07T22:21:14.5481192Z   ---
quality	Full gate	2026-10-07T22:21:14.5481874Z   duration_ms: 29.554237
quality	Full gate	2026-10-07T22:21:14.5482426Z   type: 'test'
quality	Full gate	2026-10-07T22:21:14.5482788Z   ...
quality	Full gate	2026-10-07T22:21:14.5750143Z # Subtest: rejects missing activation
quality	Full gate	2026-10-07T22:21:14.5751149Z ok 5 - rejects missing activation
quality	Full gate	2026-10-07T22:21:14.5752159Z   ---
quality	Full gate	2026-10-07T22:21:14.5752552Z   duration_ms: 27.032607
quality	Full gate	2026-10-07T22:21:14.5753139Z   type: 'test'
quality	Full gate	2026-10-07T22:21:14.5753492Z   ...
quality	Full gate	2026-10-07T22:21:14.6123015Z # Subtest: rejects wrong scalar type
quality	Full gate	2026-10-07T22:21:14.6123875Z ok 6 - rejects wrong scalar type
quality	Full gate	2026-10-07T22:21:14.6124396Z   ---
quality	Full gate	2026-10-07T22:21:14.6124672Z   duration_ms: 37.396163
quality	Full gate	2026-10-07T22:21:14.6124916Z   type: 'test'
quality	Full gate	2026-10-07T22:21:14.6125127Z   ...
quality	Full gate	2026-10-07T22:21:14.6447969Z # Subtest: rejects invalid namespace
quality	Full gate	2026-10-07T22:21:14.6449137Z ok 7 - rejects invalid namespace
quality	Full gate	2026-10-07T22:21:14.6450095Z   ---
quality	Full gate	2026-10-07T22:21:14.6450684Z   duration_ms: 32.655729
quality	Full gate	2026-10-07T22:21:14.6451206Z   type: 'test'
quality	Full gate	2026-10-07T22:21:14.6451926Z   ...
quality	Full gate	2026-10-07T22:21:14.6655052Z # Subtest: rejects unresolved hero tool
quality	Full gate	2026-10-07T22:21:14.6655686Z ok 8 - rejects unresolved hero tool
quality	Full gate	2026-10-07T22:21:14.6657167Z   ---
quality	Full gate	2026-10-07T22:21:14.6658022Z   duration_ms: 20.610612
quality	Full gate	2026-10-07T22:21:14.6658794Z   type: 'test'
quality	Full gate	2026-10-07T22:21:14.6659384Z   ...
quality	Full gate	2026-10-07T22:21:14.6892293Z # Subtest: rejects wrong-kind reference
quality	Full gate	2026-10-07T22:21:14.6893064Z ok 9 - rejects wrong-kind reference
quality	Full gate	2026-10-07T22:21:14.6893530Z   ---
quality	Full gate	2026-10-07T22:21:14.6893884Z   duration_ms: 23.456508
quality	Full gate	2026-10-07T22:21:14.6894334Z   type: 'test'
quality	Full gate	2026-10-07T22:21:14.6894600Z   ...
quality	Full gate	2026-10-07T22:21:14.7107163Z # Subtest: rejects unresolved estate tool
quality	Full gate	2026-10-07T22:21:14.7113930Z ok 10 - rejects unresolved estate tool
quality	Full gate	2026-10-07T22:21:14.7114418Z   ---
quality	Full gate	2026-10-07T22:21:14.7114662Z   duration_ms: 21.373828
quality	Full gate	2026-10-07T22:21:14.7115089Z   type: 'test'
quality	Full gate	2026-10-07T22:21:14.7115516Z   ...
quality	Full gate	2026-10-07T22:21:14.7324332Z # Subtest: rejects unresolved tuning hero
quality	Full gate	2026-10-07T22:21:14.7325123Z ok 11 - rejects unresolved tuning hero
quality	Full gate	2026-10-07T22:21:14.7325625Z   ---
quality	Full gate	2026-10-07T22:21:14.7326437Z   duration_ms: 21.815336
quality	Full gate	2026-10-07T22:21:14.7326856Z   type: 'test'
quality	Full gate	2026-10-07T22:21:14.7327208Z   ...
quality	Full gate	2026-10-07T22:21:14.7545853Z # Subtest: rejects unresolved anti-synergy
quality	Full gate	2026-10-07T22:21:14.7546648Z ok 12 - rejects unresolved anti-synergy
quality	Full gate	2026-10-07T22:21:14.7547148Z   ---
quality	Full gate	2026-10-07T22:21:14.7547527Z   duration_ms: 21.665433
quality	Full gate	2026-10-07T22:21:14.7547951Z   type: 'test'
quality	Full gate	2026-10-07T22:21:14.7548305Z   ...
quality	Full gate	2026-10-07T22:21:14.7785876Z # Subtest: rejects invalid schema
quality	Full gate	2026-10-07T22:21:14.7786622Z ok 13 - rejects invalid schema
quality	Full gate	2026-10-07T22:21:14.7787071Z   ---
quality	Full gate	2026-10-07T22:21:14.7787422Z   duration_ms: 24.242226
quality	Full gate	2026-10-07T22:21:14.7787839Z   type: 'test'
quality	Full gate	2026-10-07T22:21:14.7788179Z   ...
quality	Full gate	2026-10-07T22:21:14.7970400Z # Subtest: rejects undeclared schema draft
quality	Full gate	2026-10-07T22:21:14.7971243Z ok 14 - rejects undeclared schema draft
quality	Full gate	2026-10-07T22:21:14.7972059Z   ---
quality	Full gate	2026-10-07T22:21:14.7972486Z   duration_ms: 18.512754
quality	Full gate	2026-10-07T22:21:14.7972947Z   type: 'test'
quality	Full gate	2026-10-07T22:21:14.7973188Z   ...
quality	Full gate	2026-10-07T22:21:14.8152697Z # Subtest: rejects unknown schema keyword
quality	Full gate	2026-10-07T22:21:14.8153794Z ok 15 - rejects unknown schema keyword
quality	Full gate	2026-10-07T22:21:14.8154423Z   ---
quality	Full gate	2026-10-07T22:21:14.8154753Z   duration_ms: 18.08728
quality	Full gate	2026-10-07T22:21:14.8155129Z   type: 'test'
quality	Full gate	2026-10-07T22:21:14.8155508Z   ...
quality	Full gate	2026-10-07T22:21:14.8370852Z # Subtest: recursively checks test content and global duplicate IDs
quality	Full gate	2026-10-07T22:21:14.8372280Z ok 16 - recursively checks test content and global duplicate IDs
quality	Full gate	2026-10-07T22:21:14.8373236Z   ---
quality	Full gate	2026-10-07T22:21:14.8373680Z   duration_ms: 21.77059
quality	Full gate	2026-10-07T22:21:14.8374153Z   type: 'test'
quality	Full gate	2026-10-07T22:21:14.8374497Z   ...
quality	Full gate	2026-10-07T22:21:14.8566142Z # Subtest: rejects content without matching schema
quality	Full gate	2026-10-07T22:21:14.8567242Z ok 17 - rejects content without matching schema
quality	Full gate	2026-10-07T22:21:14.8567952Z   ---
quality	Full gate	2026-10-07T22:21:14.8568508Z   duration_ms: 19.352043
quality	Full gate	2026-10-07T22:21:14.8569040Z   type: 'test'
quality	Full gate	2026-10-07T22:21:14.8569531Z   ...
quality	Full gate	2026-10-07T22:21:14.8777569Z # Subtest: skin numbers fail even if schema permits arbitrary fields
quality	Full gate	2026-10-07T22:21:14.8779093Z ok 18 - skin numbers fail even if schema permits arbitrary fields
quality	Full gate	2026-10-07T22:21:14.8779688Z   ---
quality	Full gate	2026-10-07T22:21:14.8780324Z   duration_ms: 21.118273
quality	Full gate	2026-10-07T22:21:14.8780819Z   type: 'test'
quality	Full gate	2026-10-07T22:21:14.8781275Z   ...
quality	Full gate	2026-10-07T22:21:14.8985813Z # Subtest: valid Draft2020 unevaluatedProperties is enforced
quality	Full gate	2026-10-07T22:21:14.8986963Z ok 19 - valid Draft2020 unevaluatedProperties is enforced
quality	Full gate	2026-10-07T22:21:14.8987613Z   ---
quality	Full gate	2026-10-07T22:21:14.8988021Z   duration_ms: 20.865549
quality	Full gate	2026-10-07T22:21:14.8988475Z   type: 'test'
quality	Full gate	2026-10-07T22:21:14.8988797Z   ...
quality	Full gate	2026-10-07T22:21:14.9177123Z # Subtest: rejects malformed JSON instead of silently skipping it
quality	Full gate	2026-10-07T22:21:14.9178491Z ok 20 - rejects malformed JSON instead of silently skipping it
quality	Full gate	2026-10-07T22:21:14.9179369Z   ---
quality	Full gate	2026-10-07T22:21:14.9179858Z   duration_ms: 18.83608
quality	Full gate	2026-10-07T22:21:14.9180439Z   type: 'test'
quality	Full gate	2026-10-07T22:21:14.9180946Z   ...
quality	Full gate	2026-10-07T22:21:15.2369852Z # Subtest: S2 rejects season duration mismatch
quality	Full gate	2026-10-07T22:21:15.2370764Z ok 21 - S2 rejects season duration mismatch
quality	Full gate	2026-10-07T22:21:15.2371332Z   ---
quality	Full gate	2026-10-07T22:21:15.2371996Z   duration_ms: 319.138265
quality	Full gate	2026-10-07T22:21:15.2372471Z   type: 'test'
quality	Full gate	2026-10-07T22:21:15.2372857Z   ...
quality	Full gate	2026-10-07T22:21:15.5334422Z # Subtest: S2 rejects missing world numeric tuning
quality	Full gate	2026-10-07T22:21:15.5335390Z ok 22 - S2 rejects missing world numeric tuning
quality	Full gate	2026-10-07T22:21:15.5340883Z   ---
quality	Full gate	2026-10-07T22:21:15.5341383Z   duration_ms: 296.607911
quality	Full gate	2026-10-07T22:21:15.5342274Z   type: 'test'
quality	Full gate	2026-10-07T22:21:15.5342646Z   ...
quality	Full gate	2026-10-07T22:21:15.7713522Z # Subtest: S2 rejects unresolved starting weapon
quality	Full gate	2026-10-07T22:21:15.7714478Z ok 23 - S2 rejects unresolved starting weapon
quality	Full gate	2026-10-07T22:21:15.7715012Z   ---
quality	Full gate	2026-10-07T22:21:15.7715255Z   duration_ms: 237.817579
quality	Full gate	2026-10-07T22:21:15.7715519Z   type: 'test'
quality	Full gate	2026-10-07T22:21:15.7715733Z   ...
quality	Full gate	2026-10-07T22:21:16.0135795Z # Subtest: S2 rejects excessive load
quality	Full gate	2026-10-07T22:21:16.0137294Z ok 24 - S2 rejects excessive load
quality	Full gate	2026-10-07T22:21:16.0137805Z   ---
quality	Full gate	2026-10-07T22:21:16.0138148Z   duration_ms: 242.215079
quality	Full gate	2026-10-07T22:21:16.0138557Z   type: 'test'
quality	Full gate	2026-10-07T22:21:16.0139081Z   ...
quality	Full gate	2026-10-07T22:21:16.2377458Z # Subtest: S2 rejects map-incompatible spawn inset
quality	Full gate	2026-10-07T22:21:16.2384416Z ok 25 - S2 rejects map-incompatible spawn inset
quality	Full gate	2026-10-07T22:21:16.2385307Z   ---
quality	Full gate	2026-10-07T22:21:16.2385632Z   duration_ms: 223.96038
quality	Full gate	2026-10-07T22:21:16.2386018Z   type: 'test'
quality	Full gate	2026-10-07T22:21:16.2386362Z   ...
quality	Full gate	2026-10-07T22:21:16.4660995Z # Subtest: S2 rejects unsupported people rule
quality	Full gate	2026-10-07T22:21:16.4662398Z ok 26 - S2 rejects unsupported people rule
quality	Full gate	2026-10-07T22:21:16.4663021Z   ---
quality	Full gate	2026-10-07T22:21:16.4663415Z   duration_ms: 228.364714
quality	Full gate	2026-10-07T22:21:16.4663856Z   type: 'test'
quality	Full gate	2026-10-07T22:21:16.4664209Z   ...
quality	Full gate	2026-10-07T22:21:16.7204970Z # Subtest: S2 rejects wrong card count
quality	Full gate	2026-10-07T22:21:16.7205900Z ok 27 - S2 rejects wrong card count
quality	Full gate	2026-10-07T22:21:16.7206443Z   ---
quality	Full gate	2026-10-07T22:21:16.7206902Z   duration_ms: 254.288711
quality	Full gate	2026-10-07T22:21:16.7207383Z   type: 'test'
quality	Full gate	2026-10-07T22:21:16.7207851Z   ...
quality	Full gate	2026-10-07T22:21:16.9526949Z # Subtest: S2 rejects duplicate rarity names
quality	Full gate	2026-10-07T22:21:16.9527766Z ok 28 - S2 rejects duplicate rarity names
quality	Full gate	2026-10-07T22:21:16.9528507Z   ---
quality	Full gate	2026-10-07T22:21:16.9528851Z   duration_ms: 232.152767
quality	Full gate	2026-10-07T22:21:16.9529285Z   type: 'test'
quality	Full gate	2026-10-07T22:21:16.9529550Z   ...
quality	Full gate	2026-10-07T22:21:17.1865587Z # Subtest: S2 rejects oversized squad
quality	Full gate	2026-10-07T22:21:17.1866773Z ok 29 - S2 rejects oversized squad
quality	Full gate	2026-10-07T22:21:17.1867428Z   ---
quality	Full gate	2026-10-07T22:21:17.1867998Z   duration_ms: 233.653443
quality	Full gate	2026-10-07T22:21:17.1868485Z   type: 'test'
quality	Full gate	2026-10-07T22:21:17.1868891Z   ...
quality	Full gate	2026-10-07T22:21:17.4236029Z # Subtest: S3 rejects missing canonical item
quality	Full gate	2026-10-07T22:21:17.4252325Z ok 30 - S3 rejects missing canonical item
quality	Full gate	2026-10-07T22:21:17.4253155Z   ---
quality	Full gate	2026-10-07T22:21:17.4253822Z   duration_ms: 237.147506
quality	Full gate	2026-10-07T22:21:17.4254442Z   type: 'test'
quality	Full gate	2026-10-07T22:21:17.4254983Z   ...
quality	Full gate	2026-10-07T22:21:17.6604029Z # Subtest: S3 rejects unknown estate loop stage
quality	Full gate	2026-10-07T22:21:17.6604908Z ok 31 - S3 rejects unknown estate loop stage
quality	Full gate	2026-10-07T22:21:17.6605713Z   ---
quality	Full gate	2026-10-07T22:21:17.6606081Z   duration_ms: 236.674837
quality	Full gate	2026-10-07T22:21:17.6606494Z   type: 'test'
quality	Full gate	2026-10-07T22:21:17.6606845Z   ...
quality	Full gate	2026-10-07T22:21:17.8885030Z # Subtest: S3 rejects candidate profile activation
quality	Full gate	2026-10-07T22:21:17.8886452Z ok 32 - S3 rejects candidate profile activation
quality	Full gate	2026-10-07T22:21:17.8887066Z   ---
quality	Full gate	2026-10-07T22:21:17.8887540Z   duration_ms: 228.001053
quality	Full gate	2026-10-07T22:21:17.8887816Z   type: 'test'
quality	Full gate	2026-10-07T22:21:17.8888029Z   ...
quality	Full gate	2026-10-07T22:21:18.1135787Z # Subtest: S3 rejects profile wrong kind
quality	Full gate	2026-10-07T22:21:18.1137872Z ok 33 - S3 rejects profile wrong kind
quality	Full gate	2026-10-07T22:21:18.1138196Z   ---
quality	Full gate	2026-10-07T22:21:18.1138961Z   duration_ms: 224.925
quality	Full gate	2026-10-07T22:21:18.1139261Z   type: 'test'
quality	Full gate	2026-10-07T22:21:18.1139463Z   ...
quality	Full gate	2026-10-07T22:21:18.3439451Z # Subtest: S3 rejects profile test leakage
quality	Full gate	2026-10-07T22:21:18.3440017Z ok 34 - S3 rejects profile test leakage
quality	Full gate	2026-10-07T22:21:18.3440488Z   ---
quality	Full gate	2026-10-07T22:21:18.3440748Z   duration_ms: 230.341247
quality	Full gate	2026-10-07T22:21:18.3441003Z   type: 'test'
quality	Full gate	2026-10-07T22:21:18.3441210Z   ...
quality	Full gate	2026-10-07T22:21:18.6018209Z # Subtest: S3 rejects missing anti-synergy rationale
quality	Full gate	2026-10-07T22:21:18.6019679Z ok 35 - S3 rejects missing anti-synergy rationale
quality	Full gate	2026-10-07T22:21:18.6020262Z   ---
quality	Full gate	2026-10-07T22:21:18.6020593Z   duration_ms: 257.763691
quality	Full gate	2026-10-07T22:21:18.6020999Z   type: 'test'
quality	Full gate	2026-10-07T22:21:18.6021215Z   ...
quality	Full gate	2026-10-07T22:21:18.8346101Z # Subtest: S3 rejects hero affinity wrong kind
quality	Full gate	2026-10-07T22:21:18.8346946Z ok 36 - S3 rejects hero affinity wrong kind
quality	Full gate	2026-10-07T22:21:18.8347449Z   ---
quality	Full gate	2026-10-07T22:21:18.8347802Z   duration_ms: 231.11417
quality	Full gate	2026-10-07T22:21:18.8348208Z   type: 'test'
quality	Full gate	2026-10-07T22:21:18.8348555Z   ...
quality	Full gate	2026-10-07T22:21:18.9543316Z # Subtest: S3 canonical pool passes all semantic gates
quality	Full gate	2026-10-07T22:21:18.9544768Z ok 37 - S3 canonical pool passes all semantic gates
quality	Full gate	2026-10-07T22:21:18.9545388Z   ---
quality	Full gate	2026-10-07T22:21:18.9545830Z   duration_ms: 121.165644
quality	Full gate	2026-10-07T22:21:18.9546267Z   type: 'test'
quality	Full gate	2026-10-07T22:21:18.9546644Z   ...
quality	Full gate	2026-10-07T22:21:19.1781054Z # Subtest: S3 rejects candidate pretending implemented
quality	Full gate	2026-10-07T22:21:19.1783669Z ok 38 - S3 rejects candidate pretending implemented
quality	Full gate	2026-10-07T22:21:19.1784330Z   ---
quality	Full gate	2026-10-07T22:21:19.1784558Z   duration_ms: 223.862804
quality	Full gate	2026-10-07T22:21:19.1784817Z   type: 'test'
quality	Full gate	2026-10-07T22:21:19.1785028Z   ...
quality	Full gate	2026-10-07T22:21:19.4118031Z # Subtest: S3 rejects missing profile enemy
quality	Full gate	2026-10-07T22:21:19.4118702Z ok 39 - S3 rejects missing profile enemy
quality	Full gate	2026-10-07T22:21:19.4119329Z   ---
quality	Full gate	2026-10-07T22:21:19.4119666Z   duration_ms: 233.445675
quality	Full gate	2026-10-07T22:21:19.4120049Z   type: 'test'
quality	Full gate	2026-10-07T22:21:19.4120385Z   ...
quality	Full gate	2026-10-07T22:21:19.6280349Z # Subtest: S3 rejects missing test profile hero
quality	Full gate	2026-10-07T22:21:19.6280989Z ok 40 - S3 rejects missing test profile hero
quality	Full gate	2026-10-07T22:21:19.6281979Z   ---
quality	Full gate	2026-10-07T22:21:19.6282526Z   duration_ms: 216.107159
quality	Full gate	2026-10-07T22:21:19.6282920Z   type: 'test'
quality	Full gate	2026-10-07T22:21:19.6283229Z   ...
quality	Full gate	2026-10-07T22:21:19.8416053Z # Subtest: S3 rejects test metadata orphan
quality	Full gate	2026-10-07T22:21:19.8417140Z ok 41 - S3 rejects test metadata orphan
quality	Full gate	2026-10-07T22:21:19.8417768Z   ---
quality	Full gate	2026-10-07T22:21:19.8418038Z   duration_ms: 213.617919
quality	Full gate	2026-10-07T22:21:19.8418323Z   type: 'test'
quality	Full gate	2026-10-07T22:21:19.8418593Z   ...
quality	Full gate	2026-10-07T22:21:20.0758500Z # Subtest: S3 rejects reordered duplicate evolution
quality	Full gate	2026-10-07T22:21:20.0759472Z ok 42 - S3 rejects reordered duplicate evolution
quality	Full gate	2026-10-07T22:21:20.0760081Z   ---
quality	Full gate	2026-10-07T22:21:20.0760465Z   duration_ms: 234.149048
quality	Full gate	2026-10-07T22:21:20.0760873Z   type: 'test'
quality	Full gate	2026-10-07T22:21:20.0761260Z   ...
quality	Full gate	2026-10-07T22:21:20.4314091Z # Subtest: S3 rejects sparse tag coverage
quality	Full gate	2026-10-07T22:21:20.4314873Z ok 43 - S3 rejects sparse tag coverage
quality	Full gate	2026-10-07T22:21:20.4315522Z   ---
quality	Full gate	2026-10-07T22:21:20.4315799Z   duration_ms: 355.429531
quality	Full gate	2026-10-07T22:21:20.4316102Z   type: 'test'
quality	Full gate	2026-10-07T22:21:20.4316472Z   ...
quality	Full gate	2026-10-07T22:21:20.6849708Z # Subtest: S3 rejects evolution input kind
quality	Full gate	2026-10-07T22:21:20.6850776Z ok 44 - S3 rejects evolution input kind
quality	Full gate	2026-10-07T22:21:20.6851224Z   ---
quality	Full gate	2026-10-07T22:21:20.6852929Z   duration_ms: 253.545308
quality	Full gate	2026-10-07T22:21:20.6853210Z   type: 'test'
quality	Full gate	2026-10-07T22:21:20.6853424Z   ...
quality	Full gate	2026-10-07T22:21:20.9205702Z # Subtest: S3 rejects evolution result base
quality	Full gate	2026-10-07T22:21:20.9206625Z ok 45 - S3 rejects evolution result base
quality	Full gate	2026-10-07T22:21:20.9207192Z   ---
quality	Full gate	2026-10-07T22:21:20.9207654Z   duration_ms: 235.474982
quality	Full gate	2026-10-07T22:21:20.9208127Z   type: 'test'
quality	Full gate	2026-10-07T22:21:20.9208757Z   ...
quality	Full gate	2026-10-07T22:21:21.1535718Z # Subtest: S3 rejects vassal owner kind
quality	Full gate	2026-10-07T22:21:21.1537674Z ok 46 - S3 rejects vassal owner kind
quality	Full gate	2026-10-07T22:21:21.1538316Z   ---
quality	Full gate	2026-10-07T22:21:21.1538700Z   duration_ms: 232.90293
quality	Full gate	2026-10-07T22:21:21.1539104Z   type: 'test'
quality	Full gate	2026-10-07T22:21:21.1539480Z   ...
quality	Full gate	2026-10-07T22:21:21.3916387Z # Subtest: S3 rejects item tool reference
quality	Full gate	2026-10-07T22:21:21.3917189Z ok 47 - S3 rejects item tool reference
quality	Full gate	2026-10-07T22:21:21.3917676Z   ---
quality	Full gate	2026-10-07T22:21:21.3918036Z   duration_ms: 238.048934
quality	Full gate	2026-10-07T22:21:21.3918454Z   type: 'test'
quality	Full gate	2026-10-07T22:21:21.3918792Z   ...
quality	Full gate	2026-10-07T22:21:21.6116699Z # Subtest: S3 rejects skin numeric metadata
quality	Full gate	2026-10-07T22:21:21.6118249Z ok 48 - S3 rejects skin numeric metadata
quality	Full gate	2026-10-07T22:21:21.6118947Z   ---
quality	Full gate	2026-10-07T22:21:21.6119323Z   duration_ms: 219.999112
quality	Full gate	2026-10-07T22:21:21.6119588Z   type: 'test'
quality	Full gate	2026-10-07T22:21:21.6119799Z   ...
quality	Full gate	2026-10-07T22:21:21.8603594Z # Subtest: S3 rejects insufficient anti pairs
quality	Full gate	2026-10-07T22:21:21.8604462Z ok 49 - S3 rejects insufficient anti pairs
quality	Full gate	2026-10-07T22:21:21.8604970Z   ---
quality	Full gate	2026-10-07T22:21:21.8605348Z   duration_ms: 248.514187
quality	Full gate	2026-10-07T22:21:21.8605765Z   type: 'test'
quality	Full gate	2026-10-07T22:21:21.8606108Z   ...
quality	Full gate	2026-10-07T22:21:22.1514196Z # Subtest: S3 rejects insufficient loop links
quality	Full gate	2026-10-07T22:21:22.1515405Z ok 50 - S3 rejects insufficient loop links
quality	Full gate	2026-10-07T22:21:22.1515902Z   ---
quality	Full gate	2026-10-07T22:21:22.1516257Z   duration_ms: 290.83467
quality	Full gate	2026-10-07T22:21:22.1516671Z   type: 'test'
quality	Full gate	2026-10-07T22:21:22.1517012Z   ...
quality	Full gate	2026-10-07T22:21:22.3816177Z # Subtest: additional subset profile accepts implemented subset
quality	Full gate	2026-10-07T22:21:22.3817385Z ok 51 - additional subset profile accepts implemented subset
quality	Full gate	2026-10-07T22:21:22.3818445Z   ---
quality	Full gate	2026-10-07T22:21:22.3818924Z   duration_ms: 230.401334
quality	Full gate	2026-10-07T22:21:22.3819407Z   type: 'test'
quality	Full gate	2026-10-07T22:21:22.3819840Z   ...
quality	Full gate	2026-10-07T22:21:22.6243565Z # Subtest: additional subset profile rejects candidate activation
quality	Full gate	2026-10-07T22:21:22.6245028Z ok 52 - additional subset profile rejects candidate activation
quality	Full gate	2026-10-07T22:21:22.6245959Z   ---
quality	Full gate	2026-10-07T22:21:22.6246459Z   duration_ms: 242.332589
quality	Full gate	2026-10-07T22:21:22.6246886Z   type: 'test'
quality	Full gate	2026-10-07T22:21:22.6247229Z   ...
quality	Full gate	2026-10-07T22:21:22.8834451Z # Subtest: additional profile can activate a new generic implemented test tool without changing baseline
quality	Full gate	2026-10-07T22:21:22.8835677Z ok 53 - additional profile can activate a new generic implemented test tool without changing baseline
quality	Full gate	2026-10-07T22:21:22.8836229Z   ---
quality	Full gate	2026-10-07T22:21:22.8836471Z   duration_ms: 259.088026
quality	Full gate	2026-10-07T22:21:22.8836718Z   type: 'test'
quality	Full gate	2026-10-07T22:21:22.8836983Z   ...
quality	Full gate	2026-10-07T22:21:23.1222844Z # Subtest: S4 rejects unsupported pulse attribution
quality	Full gate	2026-10-07T22:21:23.1224200Z ok 54 - S4 rejects unsupported pulse attribution
quality	Full gate	2026-10-07T22:21:23.1225646Z   ---
quality	Full gate	2026-10-07T22:21:23.1226162Z   duration_ms: 238.932313
quality	Full gate	2026-10-07T22:21:23.1226656Z   type: 'test'
quality	Full gate	2026-10-07T22:21:23.1227090Z   ...
quality	Full gate	2026-10-07T22:21:23.3630468Z # Subtest: S4 rejects unsupported modifier cost
quality	Full gate	2026-10-07T22:21:23.3631136Z ok 55 - S4 rejects unsupported modifier cost
quality	Full gate	2026-10-07T22:21:23.3631677Z   ---
quality	Full gate	2026-10-07T22:21:23.3632100Z   duration_ms: 240.312343
quality	Full gate	2026-10-07T22:21:23.3632416Z   type: 'test'
quality	Full gate	2026-10-07T22:21:23.3632627Z   ...
quality	Full gate	2026-10-07T22:21:23.5855546Z # Subtest: S4 rejects missing projection
quality	Full gate	2026-10-07T22:21:23.5856357Z ok 56 - S4 rejects missing projection
quality	Full gate	2026-10-07T22:21:23.5856830Z   ---
quality	Full gate	2026-10-07T22:21:23.5857177Z   duration_ms: 222.811395
quality	Full gate	2026-10-07T22:21:23.5857459Z   type: 'test'
quality	Full gate	2026-10-07T22:21:23.5857787Z   ...
quality	Full gate	2026-10-07T22:21:23.8120966Z # Subtest: S4 rejects unknown operation
quality	Full gate	2026-10-07T22:21:23.8122560Z ok 57 - S4 rejects unknown operation
quality	Full gate	2026-10-07T22:21:23.8123062Z   ---
quality	Full gate	2026-10-07T22:21:23.8123307Z   duration_ms: 226.356409
quality	Full gate	2026-10-07T22:21:23.8123555Z   type: 'test'
quality	Full gate	2026-10-07T22:21:23.8123757Z   ...
quality	Full gate	2026-10-07T22:21:24.0383048Z # Subtest: S4 rejects wrong operation subject
quality	Full gate	2026-10-07T22:21:24.0384151Z ok 58 - S4 rejects wrong operation subject
quality	Full gate	2026-10-07T22:21:24.0384828Z   ---
quality	Full gate	2026-10-07T22:21:24.0385462Z   duration_ms: 226.160893
quality	Full gate	2026-10-07T22:21:24.0386082Z   type: 'test'
quality	Full gate	2026-10-07T22:21:24.0386596Z   ...
quality	Full gate	2026-10-07T22:21:24.2559975Z # Subtest: S4 rejects zero effect
quality	Full gate	2026-10-07T22:21:24.2569272Z ok 59 - S4 rejects zero effect
quality	Full gate	2026-10-07T22:21:24.2570096Z   ---
quality	Full gate	2026-10-07T22:21:24.2570588Z   duration_ms: 217.650984
quality	Full gate	2026-10-07T22:21:24.2571197Z   type: 'test'
quality	Full gate	2026-10-07T22:21:24.2571866Z   ...
quality	Full gate	2026-10-07T22:21:24.4801355Z # Subtest: S4 rejects duplicate effect identity
quality	Full gate	2026-10-07T22:21:24.4802463Z ok 60 - S4 rejects duplicate effect identity
quality	Full gate	2026-10-07T22:21:24.4803014Z   ---
quality	Full gate	2026-10-07T22:21:24.4803358Z   duration_ms: 223.974157
quality	Full gate	2026-10-07T22:21:24.4803652Z   type: 'test'
quality	Full gate	2026-10-07T22:21:24.4803870Z   ...
quality	Full gate	2026-10-07T22:21:24.7433384Z # Subtest: S4 rejects wrong trigger
quality	Full gate	2026-10-07T22:21:24.7434201Z ok 61 - S4 rejects wrong trigger
quality	Full gate	2026-10-07T22:21:24.7434678Z   ---
quality	Full gate	2026-10-07T22:21:24.7434917Z   duration_ms: 263.191111
quality	Full gate	2026-10-07T22:21:24.7435186Z   type: 'test'
quality	Full gate	2026-10-07T22:21:24.7435390Z   ...
quality	Full gate	2026-10-07T22:21:24.9903817Z # Subtest: S4 rejects missing mixed secondary target
quality	Full gate	2026-10-07T22:21:24.9904713Z ok 62 - S4 rejects missing mixed secondary target
quality	Full gate	2026-10-07T22:21:24.9905726Z   ---
quality	Full gate	2026-10-07T22:21:24.9906134Z   duration_ms: 246.916252
quality	Full gate	2026-10-07T22:21:24.9906993Z   type: 'test'
quality	Full gate	2026-10-07T22:21:24.9907386Z   ...
quality	Full gate	2026-10-07T22:21:25.2306794Z # Subtest: S4 rejects unselected effect equipment
quality	Full gate	2026-10-07T22:21:25.2308055Z ok 63 - S4 rejects unselected effect equipment
quality	Full gate	2026-10-07T22:21:25.2309470Z   ---
quality	Full gate	2026-10-07T22:21:25.2310134Z   duration_ms: 240.205704
quality	Full gate	2026-10-07T22:21:25.2310606Z   type: 'test'
quality	Full gate	2026-10-07T22:21:25.2310955Z   ...
quality	Full gate	2026-10-07T22:21:25.4732845Z # Subtest: S4 rejects empty timed effect
quality	Full gate	2026-10-07T22:21:25.4742374Z ok 64 - S4 rejects empty timed effect
quality	Full gate	2026-10-07T22:21:25.4743135Z   ---
quality	Full gate	2026-10-07T22:21:25.4743822Z   duration_ms: 241.631086
quality	Full gate	2026-10-07T22:21:25.4744260Z   type: 'test'
quality	Full gate	2026-10-07T22:21:25.4744601Z   ...
quality	Full gate	2026-10-07T22:21:25.7136216Z # Subtest: S4 rejects unknown condition tag
quality	Full gate	2026-10-07T22:21:25.7137023Z ok 65 - S4 rejects unknown condition tag
quality	Full gate	2026-10-07T22:21:25.7137552Z   ---
quality	Full gate	2026-10-07T22:21:25.7137914Z   duration_ms: 241.138396
quality	Full gate	2026-10-07T22:21:25.7138315Z   type: 'test'
quality	Full gate	2026-10-07T22:21:25.7138618Z   ...
quality	Full gate	2026-10-07T22:21:25.9543390Z # Subtest: S4 rejects invalid condition enum
quality	Full gate	2026-10-07T22:21:25.9544242Z ok 66 - S4 rejects invalid condition enum
quality	Full gate	2026-10-07T22:21:25.9544751Z   ---
quality	Full gate	2026-10-07T22:21:25.9545127Z   duration_ms: 240.345447
quality	Full gate	2026-10-07T22:21:25.9545538Z   type: 'test'
quality	Full gate	2026-10-07T22:21:25.9545878Z   ...
quality	Full gate	2026-10-07T22:21:26.1806761Z # Subtest: S4 rejects duplicate loot source
quality	Full gate	2026-10-07T22:21:26.1807530Z ok 67 - S4 rejects duplicate loot source
quality	Full gate	2026-10-07T22:21:26.1808194Z   ---
quality	Full gate	2026-10-07T22:21:26.1808966Z   duration_ms: 226.711252
quality	Full gate	2026-10-07T22:21:26.1809597Z   type: 'test'
quality	Full gate	2026-10-07T22:21:26.1810077Z   ...
quality	Full gate	2026-10-07T22:21:26.4133747Z # Subtest: S4 rejects missing selected evolution input
quality	Full gate	2026-10-07T22:21:26.4134924Z ok 68 - S4 rejects missing selected evolution input
quality	Full gate	2026-10-07T22:21:26.4135696Z   ---
quality	Full gate	2026-10-07T22:21:26.4136200Z   duration_ms: 232.500817
quality	Full gate	2026-10-07T22:21:26.4136751Z   type: 'test'
quality	Full gate	2026-10-07T22:21:26.4137227Z   ...
quality	Full gate	2026-10-07T22:21:26.4358575Z 1..68
quality	Full gate	2026-10-07T22:21:26.4359077Z # tests 68
quality	Full gate	2026-10-07T22:21:26.4359440Z # suites 0
quality	Full gate	2026-10-07T22:21:26.4359783Z # pass 68
quality	Full gate	2026-10-07T22:21:26.4360107Z # fail 0
quality	Full gate	2026-10-07T22:21:26.4360445Z # cancelled 0
quality	Full gate	2026-10-07T22:21:26.4360854Z # skipped 0
quality	Full gate	2026-10-07T22:21:26.4361295Z # todo 0
quality	Full gate	2026-10-07T22:21:26.4372101Z # duration_ms 12167.665115
quality	Full gate	2026-10-07T22:21:26.4898683Z TAP version 13
quality	Full gate	2026-10-07T22:21:26.8193380Z # Subtest: standalone missing issue
quality	Full gate	2026-10-07T22:21:26.8198866Z ok 1 - standalone missing issue
quality	Full gate	2026-10-07T22:21:26.8199606Z   ---
quality	Full gate	2026-10-07T22:21:26.8200278Z   duration_ms: 51.390667
quality	Full gate	2026-10-07T22:21:26.8200979Z   type: 'test'
quality	Full gate	2026-10-07T22:21:26.8201983Z   ...
quality	Full gate	2026-10-07T22:21:26.8205763Z # Subtest: inline missing issue
quality	Full gate	2026-10-07T22:21:26.8208062Z ok 2 - inline missing issue
quality	Full gate	2026-10-07T22:21:26.8208957Z   ---
quality	Full gate	2026-10-07T22:21:26.8209354Z   duration_ms: 49.769122
quality	Full gate	2026-10-07T22:21:26.8238117Z   type: 'test'
quality	Full gate	2026-10-07T22:21:26.8238577Z   ...
quality	Full gate	2026-10-07T22:21:26.8239291Z # Subtest: block missing issue
quality	Full gate	2026-10-07T22:21:26.8240215Z ok 3 - block missing issue
quality	Full gate	2026-10-07T22:21:26.8241024Z   ---
quality	Full gate	2026-10-07T22:21:26.8241827Z   duration_ms: 50.297647
quality	Full gate	2026-10-07T22:21:26.8242527Z   type: 'test'
quality	Full gate	2026-10-07T22:21:26.8243143Z   ...
quality	Full gate	2026-10-07T22:21:26.8243892Z # Subtest: shell missing issue
quality	Full gate	2026-10-07T22:21:26.8244704Z ok 4 - shell missing issue
quality	Full gate	2026-10-07T22:21:26.8245459Z   ---
quality	Full gate	2026-10-07T22:21:26.8245936Z   duration_ms: 43.198652
quality	Full gate	2026-10-07T22:21:26.8246356Z   type: 'test'
quality	Full gate	2026-10-07T22:21:26.8246716Z   ...
quality	Full gate	2026-10-07T22:21:26.8247088Z # Subtest: linked inline
quality	Full gate	2026-10-07T22:21:26.8247495Z ok 5 - linked inline
quality	Full gate	2026-10-07T22:21:26.8247860Z   ---
quality	Full gate	2026-10-07T22:21:26.8248205Z   duration_ms: 46.064002
quality	Full gate	2026-10-07T22:21:26.8248579Z   type: 'test'
quality	Full gate	2026-10-07T22:21:26.8248919Z   ...
quality	Full gate	2026-10-07T22:21:26.8249289Z # Subtest: linked shell
quality	Full gate	2026-10-07T22:21:26.8249682Z ok 6 - linked shell
quality	Full gate	2026-10-07T22:21:26.8250040Z   ---
quality	Full gate	2026-10-07T22:21:26.8250374Z   duration_ms: 47.470731
quality	Full gate	2026-10-07T22:21:26.8250740Z   type: 'test'
quality	Full gate	2026-10-07T22:21:26.8251799Z   ...
quality	Full gate	2026-10-07T22:21:26.8331323Z 1..6
quality	Full gate	2026-10-07T22:21:26.8332504Z # tests 6
quality	Full gate	2026-10-07T22:21:26.8332871Z # suites 0
quality	Full gate	2026-10-07T22:21:26.8333277Z # pass 6
quality	Full gate	2026-10-07T22:21:26.8333604Z # fail 0
quality	Full gate	2026-10-07T22:21:26.8334007Z # cancelled 0
quality	Full gate	2026-10-07T22:21:26.8334402Z # skipped 0
quality	Full gate	2026-10-07T22:21:26.8352418Z # todo 0
quality	Full gate	2026-10-07T22:21:26.8352934Z # duration_ms 356.506035
quality	Full gate	2026-10-07T22:21:26.8849464Z TAP version 13
quality	Full gate	2026-10-07T22:21:26.9495501Z # Subtest: CSV preserves Korean, commas, escaped quotes, multiline and empty cells
quality	Full gate	2026-10-07T22:21:26.9502903Z ok 1 - CSV preserves Korean, commas, escaped quotes, multiline and empty cells
quality	Full gate	2026-10-07T22:21:26.9532152Z   ---
quality	Full gate	2026-10-07T22:21:26.9542212Z   duration_ms: 2.565402
quality	Full gate	2026-10-07T22:21:26.9542877Z   type: 'test'
quality	Full gate	2026-10-07T22:21:26.9543417Z   ...
quality	Full gate	2026-10-07T22:21:26.9544323Z # Subtest: CSV accepts CRLF and optional final newline without trimming
quality	Full gate	2026-10-07T22:21:26.9545564Z ok 2 - CSV accepts CRLF and optional final newline without trimming
quality	Full gate	2026-10-07T22:21:26.9546343Z   ---
quality	Full gate	2026-10-07T22:21:26.9546851Z   duration_ms: 0.398705
quality	Full gate	2026-10-07T22:21:26.9547369Z   type: 'test'
quality	Full gate	2026-10-07T22:21:26.9547867Z   ...
quality	Full gate	2026-10-07T22:21:26.9548785Z # Subtest: CSV serializes only explicit scalars, finite numbers and null
quality	Full gate	2026-10-07T22:21:26.9550041Z ok 3 - CSV serializes only explicit scalars, finite numbers and null
quality	Full gate	2026-10-07T22:21:26.9550828Z   ---
quality	Full gate	2026-10-07T22:21:26.9551338Z   duration_ms: 0.775718
quality	Full gate	2026-10-07T22:21:26.9552134Z   type: 'test'
quality	Full gate	2026-10-07T22:21:26.9552644Z   ...
quality	Full gate	2026-10-07T22:21:26.9553614Z # Subtest: CSV rejects malformed quotes, duplicate/empty headers and wrong widths
quality	Full gate	2026-10-07T22:21:26.9555029Z ok 4 - CSV rejects malformed quotes, duplicate/empty headers and wrong widths
quality	Full gate	2026-10-07T22:21:26.9555870Z   ---
quality	Full gate	2026-10-07T22:21:26.9556366Z   duration_ms: 1.425121
quality	Full gate	2026-10-07T22:21:26.9556910Z   type: 'test'
quality	Full gate	2026-10-07T22:21:26.9557439Z   ...
quality	Full gate	2026-10-07T22:21:26.9558159Z # Subtest: CSV enforces exact schema and row keys
quality	Full gate	2026-10-07T22:21:26.9559124Z ok 5 - CSV enforces exact schema and row keys
quality	Full gate	2026-10-07T22:21:26.9559809Z   ---
quality	Full gate	2026-10-07T22:21:26.9560349Z   duration_ms: 0.465229
quality	Full gate	2026-10-07T22:21:26.9560873Z   type: 'test'
quality	Full gate	2026-10-07T22:21:26.9561366Z   ...
quality	Full gate	2026-10-07T22:21:27.0233236Z # Subtest: fixed matrix and strict CLI preserve requested sample size
quality	Full gate	2026-10-07T22:21:27.0267142Z ok 6 - fixed matrix and strict CLI preserve requested sample size
quality	Full gate	2026-10-07T22:21:27.0269934Z   ---
quality	Full gate	2026-10-07T22:21:27.0270721Z   duration_ms: 4.986593
quality	Full gate	2026-10-07T22:21:27.0271740Z   type: 'test'
quality	Full gate	2026-10-07T22:21:27.0272447Z   ...
quality	Full gate	2026-10-07T22:21:27.0273583Z # Subtest: bounded workers retain ordering and wait active jobs on failure
quality	Full gate	2026-10-07T22:21:27.0275059Z ok 7 - bounded workers retain ordering and wait active jobs on failure
quality	Full gate	2026-10-07T22:21:27.0276077Z   ---
quality	Full gate	2026-10-07T22:21:27.0276742Z   duration_ms: 12.453129
quality	Full gate	2026-10-07T22:21:27.0277503Z   type: 'test'
quality	Full gate	2026-10-07T22:21:27.0278199Z   ...
quality	Full gate	2026-10-07T22:21:27.0279298Z # Subtest: extract actual canonical rows and retain signed modifier deltas
quality	Full gate	2026-10-07T22:21:27.0280831Z ok 8 - extract actual canonical rows and retain signed modifier deltas
quality	Full gate	2026-10-07T22:21:27.0282159Z   ---
quality	Full gate	2026-10-07T22:21:27.0282832Z   duration_ms: 4.360855
quality	Full gate	2026-10-07T22:21:27.0283551Z   type: 'test'
quality	Full gate	2026-10-07T22:21:27.0284176Z   ...
quality	Full gate	2026-10-07T22:21:27.0285455Z # Subtest: reject corrupted repeats, timeline, damage, item cards, stacks and zero counters
quality	Full gate	2026-10-07T22:21:27.0287210Z ok 9 - reject corrupted repeats, timeline, damage, item cards, stacks and zero counters
quality	Full gate	2026-10-07T22:21:27.0288330Z   ---
quality	Full gate	2026-10-07T22:21:27.0289008Z   duration_ms: 9.450231
quality	Full gate	2026-10-07T22:21:27.0289620Z   type: 'test'
quality	Full gate	2026-10-07T22:21:27.0290142Z   ...
quality	Full gate	2026-10-07T22:21:27.0291087Z # Subtest: assembly rejects missing/duplicate cases and inconsistent provenance
quality	Full gate	2026-10-07T22:21:27.0292800Z ok 10 - assembly rejects missing/duplicate cases and inconsistent provenance
quality	Full gate	2026-10-07T22:21:27.0293824Z   ---
quality	Full gate	2026-10-07T22:21:27.0294418Z   duration_ms: 46.448776
quality	Full gate	2026-10-07T22:21:27.0295106Z   type: 'test'
quality	Full gate	2026-10-07T22:21:27.0296197Z   ...
quality	Full gate	2026-10-07T22:21:27.0297417Z # Subtest: damage dispersion uses independent policy means and keeps zero mean undefined
quality	Full gate	2026-10-07T22:21:27.0299040Z ok 11 - damage dispersion uses independent policy means and keeps zero mean undefined
quality	Full gate	2026-10-07T22:21:27.0300119Z   ---
quality	Full gate	2026-10-07T22:21:27.0300714Z   duration_ms: 0.989268
quality	Full gate	2026-10-07T22:21:27.0301360Z   type: 'test'
quality	Full gate	2026-10-07T22:21:27.0302539Z   ...
quality	Full gate	2026-10-07T22:21:27.0303708Z # Subtest: reject lifecycle, missing sample, season and catalog contradictions
quality	Full gate	2026-10-07T22:21:27.0305206Z ok 12 - reject lifecycle, missing sample, season and catalog contradictions
quality	Full gate	2026-10-07T22:21:27.0306197Z   ---
quality	Full gate	2026-10-07T22:21:27.0306802Z   duration_ms: 4.700788
quality	Full gate	2026-10-07T22:21:27.0307489Z   type: 'test'
quality	Full gate	2026-10-07T22:21:27.0308100Z   ...
quality	Full gate	2026-10-07T22:21:27.1826099Z # Subtest: crossover accepts a positive tie and excludes zero-only samples
quality	Full gate	2026-10-07T22:21:27.1852865Z ok 13 - crossover accepts a positive tie and excludes zero-only samples
quality	Full gate	2026-10-07T22:21:27.1872347Z   ---
quality	Full gate	2026-10-07T22:21:27.1882273Z   duration_ms: 2.806853
quality	Full gate	2026-10-07T22:21:27.1893344Z   type: 'test'
quality	Full gate	2026-10-07T22:21:27.1894079Z   ...
quality	Full gate	2026-10-07T22:21:27.1895410Z # Subtest: dominance fails even when all policies tie in every condition
quality	Full gate	2026-10-07T22:21:27.1896919Z ok 14 - dominance fails even when all policies tie in every condition
quality	Full gate	2026-10-07T22:21:27.1897905Z   ---
quality	Full gate	2026-10-07T22:21:27.1898579Z   duration_ms: 0.701861
quality	Full gate	2026-10-07T22:21:27.1899283Z   type: 'test'
quality	Full gate	2026-10-07T22:21:27.1899923Z   ...
quality	Full gate	2026-10-07T22:21:27.1900801Z # Subtest: crossover none is computed from direct damage
quality	Full gate	2026-10-07T22:21:27.1902215Z ok 15 - crossover none is computed from direct damage
quality	Full gate	2026-10-07T22:21:27.1903098Z   ---
quality	Full gate	2026-10-07T22:21:27.1903732Z   duration_ms: 0.298969
quality	Full gate	2026-10-07T22:21:27.1904425Z   type: 'test'
quality	Full gate	2026-10-07T22:21:27.1905069Z   ...
quality	Full gate	2026-10-07T22:21:27.1906000Z # Subtest: crossover zero only is computed from direct damage
quality	Full gate	2026-10-07T22:21:27.1907158Z ok 16 - crossover zero only is computed from direct damage
quality	Full gate	2026-10-07T22:21:27.1907972Z   ---
quality	Full gate	2026-10-07T22:21:27.1908536Z   duration_ms: 0.159838
quality	Full gate	2026-10-07T22:21:27.1909137Z   type: 'test'
quality	Full gate	2026-10-07T22:21:27.1909686Z   ...
quality	Full gate	2026-10-07T22:21:27.1910518Z # Subtest: crossover later is computed from direct damage
quality	Full gate	2026-10-07T22:21:27.1911874Z ok 17 - crossover later is computed from direct damage
quality	Full gate	2026-10-07T22:21:27.1912666Z   ---
quality	Full gate	2026-10-07T22:21:27.1913234Z   duration_ms: 0.264384
quality	Full gate	2026-10-07T22:21:27.1913845Z   type: 'test'
quality	Full gate	2026-10-07T22:21:27.1914386Z   ...
quality	Full gate	2026-10-07T22:21:27.1915302Z # Subtest: crossover first positive is computed from direct damage
quality	Full gate	2026-10-07T22:21:27.1916500Z ok 18 - crossover first positive is computed from direct damage
quality	Full gate	2026-10-07T22:21:27.1917313Z   ---
quality	Full gate	2026-10-07T22:21:27.1917843Z   duration_ms: 0.209522
quality	Full gate	2026-10-07T22:21:27.1918422Z   type: 'test'
quality	Full gate	2026-10-07T22:21:27.1918945Z   ...
quality	Full gate	2026-10-07T22:21:27.1919907Z # Subtest: rotating condition winners have no universally co-first policy
quality	Full gate	2026-10-07T22:21:27.1921216Z ok 19 - rotating condition winners have no universally co-first policy
quality	Full gate	2026-10-07T22:21:27.1922378Z   ---
quality	Full gate	2026-10-07T22:21:27.1922974Z   duration_ms: 0.424764
quality	Full gate	2026-10-07T22:21:27.1923621Z   type: 'test'
quality	Full gate	2026-10-07T22:21:27.1924220Z   ...
quality	Full gate	2026-10-07T22:21:27.1925229Z # Subtest: food and residence differences cannot break a rank tie
quality	Full gate	2026-10-07T22:21:27.1926506Z ok 20 - food and residence differences cannot break a rank tie
quality	Full gate	2026-10-07T22:21:27.1927410Z   ---
quality	Full gate	2026-10-07T22:21:27.1928017Z   duration_ms: 0.341318
quality	Full gate	2026-10-07T22:21:27.1928666Z   type: 'test'
quality	Full gate	2026-10-07T22:21:27.1929261Z   ...
quality	Full gate	2026-10-07T22:21:27.1930192Z # Subtest: synthetic matrix validates zero-card and zero-loot cases
quality	Full gate	2026-10-07T22:21:27.1931723Z ok 21 - synthetic matrix validates zero-card and zero-loot cases
quality	Full gate	2026-10-07T22:21:27.1932657Z   ---
quality	Full gate	2026-10-07T22:21:27.1933226Z   duration_ms: 49.459917
quality	Full gate	2026-10-07T22:21:27.1933863Z   type: 'test'
quality	Full gate	2026-10-07T22:21:27.1934416Z   ...
quality	Full gate	2026-10-07T22:21:27.1935078Z # Subtest: rejects missing case
quality	Full gate	2026-10-07T22:21:27.1936571Z ok 22 - rejects missing case
quality	Full gate	2026-10-07T22:21:27.1940653Z   ---
quality	Full gate	2026-10-07T22:21:27.1941265Z   duration_ms: 24.110742
quality	Full gate	2026-10-07T22:21:27.1942181Z   type: 'test'
quality	Full gate	2026-10-07T22:21:27.1942815Z   ...
quality	Full gate	2026-10-07T22:21:27.1943392Z # Subtest: rejects duplicate case
quality	Full gate	2026-10-07T22:21:27.1943987Z ok 23 - rejects duplicate case
quality	Full gate	2026-10-07T22:21:27.1944408Z   ---
quality	Full gate	2026-10-07T22:21:27.1944752Z   duration_ms: 14.382934
quality	Full gate	2026-10-07T22:21:27.1945653Z   type: 'test'
quality	Full gate	2026-10-07T22:21:27.1945989Z   ...
quality	Full gate	2026-10-07T22:21:27.1946453Z # Subtest: rejects terminal mismatch
quality	Full gate	2026-10-07T22:21:27.1947046Z ok 24 - rejects terminal mismatch
quality	Full gate	2026-10-07T22:21:27.1947473Z   ---
quality	Full gate	2026-10-07T22:21:27.1947800Z   duration_ms: 12.531766
quality	Full gate	2026-10-07T22:21:27.1948200Z   type: 'test'
quality	Full gate	2026-10-07T22:21:27.1948522Z   ...
quality	Full gate	2026-10-07T22:21:27.1948961Z # Subtest: rejects negative delta
quality	Full gate	2026-10-07T22:21:27.1949520Z ok 25 - rejects negative delta
quality	Full gate	2026-10-07T22:21:27.1949926Z   ---
quality	Full gate	2026-10-07T22:21:27.1950252Z   duration_ms: 11.976749
quality	Full gate	2026-10-07T22:21:27.1950646Z   type: 'test'
quality	Full gate	2026-10-07T22:21:27.1950979Z   ...
quality	Full gate	2026-10-07T22:21:27.1951410Z # Subtest: rejects missing tick0
quality	Full gate	2026-10-07T22:21:27.1952187Z ok 26 - rejects missing tick0
quality	Full gate	2026-10-07T22:21:27.1952650Z   ---
quality	Full gate	2026-10-07T22:21:27.1952974Z   duration_ms: 8.986414
quality	Full gate	2026-10-07T22:21:27.1953350Z   type: 'test'
quality	Full gate	2026-10-07T22:21:27.1953669Z   ...
quality	Full gate	2026-10-07T22:21:27.1954126Z # Subtest: rejects repeat mismatch
quality	Full gate	2026-10-07T22:21:27.1955372Z ok 27 - rejects repeat mismatch
quality	Full gate	2026-10-07T22:21:27.1955893Z   ---
quality	Full gate	2026-10-07T22:21:27.1956227Z   duration_ms: 8.915384
quality	Full gate	2026-10-07T22:21:27.1956630Z   type: 'test'
quality	Full gate	2026-10-07T22:21:27.1956954Z   ...
quality	Full gate	2026-10-07T22:21:27.1957400Z # Subtest: rejects duplicate repeat
quality	Full gate	2026-10-07T22:21:27.1957970Z ok 28 - rejects duplicate repeat
quality	Full gate	2026-10-07T22:21:27.1958389Z   ---
quality	Full gate	2026-10-07T22:21:27.1958709Z   duration_ms: 10.735028
quality	Full gate	2026-10-07T22:21:27.1959088Z   type: 'test'
quality	Full gate	2026-10-07T22:21:27.1959417Z   ...
quality	Full gate	2026-10-07T22:21:27.1959923Z # Subtest: rejects bad final inventory
quality	Full gate	2026-10-07T22:21:27.1960527Z ok 29 - rejects bad final inventory
quality	Full gate	2026-10-07T22:21:27.1960960Z   ---
quality	Full gate	2026-10-07T22:21:27.1961276Z   duration_ms: 10.225058
quality	Full gate	2026-10-07T22:21:27.1961849Z   type: 'test'
quality	Full gate	2026-10-07T22:21:27.1962174Z   ...
quality	Full gate	2026-10-07T22:21:27.1962627Z # Subtest: rejects unmatched effect
quality	Full gate	2026-10-07T22:21:27.1963193Z ok 30 - rejects unmatched effect
quality	Full gate	2026-10-07T22:21:27.1963613Z   ---
quality	Full gate	2026-10-07T22:21:27.1963945Z   duration_ms: 8.077546
quality	Full gate	2026-10-07T22:21:27.1964322Z   type: 'test'
quality	Full gate	2026-10-07T22:21:27.1964685Z   ...
quality	Full gate	2026-10-07T22:21:27.1965149Z # Subtest: rejects effect identity drift
quality	Full gate	2026-10-07T22:21:27.1965775Z ok 31 - rejects effect identity drift
quality	Full gate	2026-10-07T22:21:27.1966212Z   ---
quality	Full gate	2026-10-07T22:21:27.1966532Z   duration_ms: 6.781866
quality	Full gate	2026-10-07T22:21:27.1966910Z   type: 'test'
quality	Full gate	2026-10-07T22:21:27.1967231Z   ...
quality	Full gate	2026-10-07T22:21:27.1967671Z # Subtest: rejects numeric garbage
quality	Full gate	2026-10-07T22:21:27.1968235Z ok 32 - rejects numeric garbage
quality	Full gate	2026-10-07T22:21:27.1968644Z   ---
quality	Full gate	2026-10-07T22:21:27.1968965Z   duration_ms: 3.799636
quality	Full gate	2026-10-07T22:21:27.1969350Z   type: 'test'
quality	Full gate	2026-10-07T22:21:27.1969682Z   ...
quality	Full gate	2026-10-07T22:21:27.1970378Z # Subtest: actual chosen mixed tool is counted once, never as an item
quality	Full gate	2026-10-07T22:21:27.1971348Z ok 33 - actual chosen mixed tool is counted once, never as an item
quality	Full gate	2026-10-07T22:21:27.1972122Z   ---
quality	Full gate	2026-10-07T22:21:27.1972449Z   duration_ms: 17.864095
quality	Full gate	2026-10-07T22:21:27.1972828Z   type: 'test'
quality	Full gate	2026-10-07T22:21:27.1973167Z   ...
quality	Full gate	2026-10-07T22:21:27.1973694Z # Subtest: chosen-not-offered card fails closed
quality	Full gate	2026-10-07T22:21:27.1974400Z ok 34 - chosen-not-offered card fails closed
quality	Full gate	2026-10-07T22:21:27.1974882Z   ---
quality	Full gate	2026-10-07T22:21:27.1975204Z   duration_ms: 10.500102
quality	Full gate	2026-10-07T22:21:27.1975579Z   type: 'test'
quality	Full gate	2026-10-07T22:21:27.1975898Z   ...
quality	Full gate	2026-10-07T22:21:27.1976662Z # Subtest: loot quantities reconcile actual unlimited inventory stack counts
quality	Full gate	2026-10-07T22:21:27.1977769Z ok 35 - loot quantities reconcile actual unlimited inventory stack counts
quality	Full gate	2026-10-07T22:21:27.1978423Z   ---
quality	Full gate	2026-10-07T22:21:27.1978972Z   duration_ms: 10.072122
quality	Full gate	2026-10-07T22:21:27.1979353Z   type: 'test'
quality	Full gate	2026-10-07T22:21:27.1979674Z   ...
quality	Full gate	2026-10-07T22:21:27.1980297Z # Subtest: zero XP ratios are null and do not become damage
quality	Full gate	2026-10-07T22:21:27.1981124Z ok 36 - zero XP ratios are null and do not become damage
quality	Full gate	2026-10-07T22:21:27.1981856Z   ---
quality	Full gate	2026-10-07T22:21:27.1982190Z   duration_ms: 9.566167
quality	Full gate	2026-10-07T22:21:27.1982561Z   type: 'test'
quality	Full gate	2026-10-07T22:21:27.1983076Z   ...
quality	Full gate	2026-10-07T22:21:27.1983771Z # Subtest: observed cohorts do not forward-fill early terminal cases
quality	Full gate	2026-10-07T22:21:27.1984763Z ok 37 - observed cohorts do not forward-fill early terminal cases
quality	Full gate	2026-10-07T22:21:27.1985345Z   ---
quality	Full gate	2026-10-07T22:21:27.1985664Z   duration_ms: 10.184633
quality	Full gate	2026-10-07T22:21:27.1986043Z   type: 'test'
quality	Full gate	2026-10-07T22:21:27.1986361Z   ...
quality	Full gate	2026-10-07T22:21:27.4502644Z # Subtest: CLI reproduces report bytes solely from copied seven CSV inputs
quality	Full gate	2026-10-07T22:21:27.4504370Z ok 38 - CLI reproduces report bytes solely from copied seven CSV inputs
quality	Full gate	2026-10-07T22:21:27.4505662Z   ---
quality	Full gate	2026-10-07T22:21:27.4506425Z   duration_ms: 185.902454
quality	Full gate	2026-10-07T22:21:27.4507187Z   type: 'test'
quality	Full gate	2026-10-07T22:21:27.4507832Z   ...
quality	Full gate	2026-10-07T22:21:27.4508875Z # Subtest: report and producer share identical frozen CSV headers
quality	Full gate	2026-10-07T22:21:27.4510193Z ok 39 - report and producer share identical frozen CSV headers
quality	Full gate	2026-10-07T22:21:27.4511098Z   ---
quality	Full gate	2026-10-07T22:21:27.4512046Z   duration_ms: 0.339645
quality	Full gate	2026-10-07T22:21:27.4512769Z   type: 'test'
quality	Full gate	2026-10-07T22:21:27.4513411Z   ...
quality	Full gate	2026-10-07T22:21:27.4532518Z # Subtest: universally cofirst subset fails even when unique wins vary
quality	Full gate	2026-10-07T22:21:27.4588784Z ok 40 - universally cofirst subset fails even when unique wins vary
quality	Full gate	2026-10-07T22:21:27.4594145Z   ---
quality	Full gate	2026-10-07T22:21:27.4596010Z   duration_ms: 0.211956
quality	Full gate	2026-10-07T22:21:27.4596412Z   type: 'test'
quality	Full gate	2026-10-07T22:21:27.4596754Z   ...
quality	Full gate	2026-10-07T22:21:27.4597334Z # Subtest: recrossing retains first observed crossing
quality	Full gate	2026-10-07T22:21:27.4598110Z ok 41 - recrossing retains first observed crossing
quality	Full gate	2026-10-07T22:21:27.4598656Z   ---
quality	Full gate	2026-10-07T22:21:27.4598978Z   duration_ms: 0.09644
quality	Full gate	2026-10-07T22:21:27.4599353Z   type: 'test'
quality	Full gate	2026-10-07T22:21:27.4599682Z   ...
quality	Full gate	2026-10-07T22:21:27.4600495Z # Subtest: uppercase .NET SHA256 metadata and result hashes are valid hex digests
quality	Full gate	2026-10-07T22:21:27.4601878Z ok 42 - uppercase .NET SHA256 metadata and result hashes are valid hex digests
quality	Full gate	2026-10-07T22:21:27.4602574Z   ---
quality	Full gate	2026-10-07T22:21:27.4602903Z   duration_ms: 8.007035
quality	Full gate	2026-10-07T22:21:27.4603283Z   type: 'test'
quality	Full gate	2026-10-07T22:21:27.4603614Z   ...
quality	Full gate	2026-10-07T22:21:27.4604456Z # Subtest: rejects lifecycle/catalog mutation: alive flag with zero terminal health
quality	Full gate	2026-10-07T22:21:27.4605672Z ok 43 - rejects lifecycle/catalog mutation: alive flag with zero terminal health
quality	Full gate	2026-10-07T22:21:27.4606361Z   ---
quality	Full gate	2026-10-07T22:21:27.4606696Z   duration_ms: 8.248045
quality	Full gate	2026-10-07T22:21:27.4607078Z   type: 'test'
quality	Full gate	2026-10-07T22:21:27.4607404Z   ...
quality	Full gate	2026-10-07T22:21:27.4608267Z # Subtest: rejects lifecycle/catalog mutation: dead flag with positive terminal health
quality	Full gate	2026-10-07T22:21:27.4609535Z ok 44 - rejects lifecycle/catalog mutation: dead flag with positive terminal health
quality	Full gate	2026-10-07T22:21:27.4610244Z   ---
quality	Full gate	2026-10-07T22:21:27.4610574Z   duration_ms: 7.325693
quality	Full gate	2026-10-07T22:21:27.4610947Z   type: 'test'
quality	Full gate	2026-10-07T22:21:27.4611292Z   ...
quality	Full gate	2026-10-07T22:21:27.4612126Z # Subtest: rejects lifecycle/catalog mutation: regressing level
quality	Full gate	2026-10-07T22:21:27.4613039Z ok 45 - rejects lifecycle/catalog mutation: regressing level
quality	Full gate	2026-10-07T22:21:27.4613704Z   ---
quality	Full gate	2026-10-07T22:21:27.4618019Z   duration_ms: 6.593796
quality	Full gate	2026-10-07T22:21:27.4618634Z   type: 'test'
quality	Full gate	2026-10-07T22:21:27.4619345Z   ...
quality	Full gate	2026-10-07T22:21:27.4620292Z # Subtest: rejects lifecycle/catalog mutation: regressing season
quality	Full gate	2026-10-07T22:21:27.4621694Z ok 46 - rejects lifecycle/catalog mutation: regressing season
quality	Full gate	2026-10-07T22:21:27.4622509Z   ---
quality	Full gate	2026-10-07T22:21:27.4623056Z   duration_ms: 8.527467
quality	Full gate	2026-10-07T22:21:27.4623684Z   type: 'test'
quality	Full gate	2026-10-07T22:21:27.4624693Z   ...
quality	Full gate	2026-10-07T22:21:27.4625738Z # Subtest: rejects lifecycle/catalog mutation: inconsistent terminal food
quality	Full gate	2026-10-07T22:21:27.4627084Z ok 47 - rejects lifecycle/catalog mutation: inconsistent terminal food
quality	Full gate	2026-10-07T22:21:27.4627965Z   ---
quality	Full gate	2026-10-07T22:21:27.4628511Z   duration_ms: 10.40829
quality	Full gate	2026-10-07T22:21:27.4629128Z   type: 'test'
quality	Full gate	2026-10-07T22:21:27.4629700Z   ...
quality	Full gate	2026-10-07T22:21:27.4630662Z # Subtest: rejects lifecycle/catalog mutation: missing periodic sample
quality	Full gate	2026-10-07T22:21:27.4632409Z ok 48 - rejects lifecycle/catalog mutation: missing periodic sample
quality	Full gate	2026-10-07T22:21:27.4633300Z   ---
quality	Full gate	2026-10-07T22:21:27.4633859Z   duration_ms: 5.756141
quality	Full gate	2026-10-07T22:21:27.4634482Z   type: 'test'
quality	Full gate	2026-10-07T22:21:27.4635019Z   ...
quality	Full gate	2026-10-07T22:21:27.4635989Z # Subtest: rejects lifecycle/catalog mutation: invalid source commit
quality	Full gate	2026-10-07T22:21:27.4637253Z ok 49 - rejects lifecycle/catalog mutation: invalid source commit
quality	Full gate	2026-10-07T22:21:27.4638088Z   ---
quality	Full gate	2026-10-07T22:21:27.4638621Z   duration_ms: 3.739535
quality	Full gate	2026-10-07T22:21:27.4639261Z   type: 'test'
quality	Full gate	2026-10-07T22:21:27.4639806Z   ...
quality	Full gate	2026-10-07T22:21:27.4652823Z # Subtest: rejects lifecycle/catalog mutation: invalid season configuration
quality	Full gate	2026-10-07T22:21:27.4664364Z ok 50 - rejects lifecycle/catalog mutation: invalid season configuration
quality	Full gate	2026-10-07T22:21:27.4665559Z   ---
quality	Full gate	2026-10-07T22:21:27.4666219Z   duration_ms: 4.606964
quality	Full gate	2026-10-07T22:21:27.4666994Z   type: 'test'
quality	Full gate	2026-10-07T22:21:27.4667638Z   ...
quality	Full gate	2026-10-07T22:21:27.4668613Z # Subtest: rejects lifecycle/catalog mutation: foreign catalog card
quality	Full gate	2026-10-07T22:21:27.4669896Z ok 51 - rejects lifecycle/catalog mutation: foreign catalog card
quality	Full gate	2026-10-07T22:21:27.4670873Z   ---
quality	Full gate	2026-10-07T22:21:27.4671676Z   duration_ms: 5.319786
quality	Full gate	2026-10-07T22:21:27.4672159Z   type: 'test'
quality	Full gate	2026-10-07T22:21:27.4672529Z   ...
quality	Full gate	2026-10-07T22:21:27.4673395Z # Subtest: premature alive duration is rejected even when terminal sums match
quality	Full gate	2026-10-07T22:21:27.4674625Z ok 52 - premature alive duration is rejected even when terminal sums match
quality	Full gate	2026-10-07T22:21:27.4675364Z   ---
quality	Full gate	2026-10-07T22:21:27.4675731Z   duration_ms: 5.610549
quality	Full gate	2026-10-07T22:21:27.4676172Z   type: 'test'
quality	Full gate	2026-10-07T22:21:27.4676532Z   ...
quality	Full gate	2026-10-07T22:21:27.4677229Z # Subtest: rejects frozen protocol violation: alive death label
quality	Full gate	2026-10-07T22:21:27.4678219Z ok 53 - rejects frozen protocol violation: alive death label
quality	Full gate	2026-10-07T22:21:27.4678838Z   ---
quality	Full gate	2026-10-07T22:21:27.4679199Z   duration_ms: 6.626196
quality	Full gate	2026-10-07T22:21:27.4679601Z   type: 'test'
quality	Full gate	2026-10-07T22:21:27.4679961Z   ...
quality	Full gate	2026-10-07T22:21:27.4680742Z # Subtest: rejects frozen protocol violation: smoke falsely unshortened
quality	Full gate	2026-10-07T22:21:27.4681999Z ok 54 - rejects frozen protocol violation: smoke falsely unshortened
quality	Full gate	2026-10-07T22:21:27.4682609Z   ---
quality	Full gate	2026-10-07T22:21:27.4682977Z   duration_ms: 3.809284
quality	Full gate	2026-10-07T22:21:27.4683358Z   type: 'test'
quality	Full gate	2026-10-07T22:21:27.4683710Z   ...
quality	Full gate	2026-10-07T22:21:27.4684619Z # Subtest: rejects frozen protocol violation: load scenario in league
quality	Full gate	2026-10-07T22:21:27.4686843Z ok 55 - rejects frozen protocol violation: load scenario in league
quality	Full gate	2026-10-07T22:21:27.4687891Z   ---
quality	Full gate	2026-10-07T22:21:27.4688244Z   duration_ms: 3.784699
quality	Full gate	2026-10-07T22:21:27.4688629Z   type: 'test'
quality	Full gate	2026-10-07T22:21:27.4688958Z   ...
quality	Full gate	2026-10-07T22:21:27.4734217Z 1..55
quality	Full gate	2026-10-07T22:21:27.4734717Z # tests 55
quality	Full gate	2026-10-07T22:21:27.4735261Z # suites 0
quality	Full gate	2026-10-07T22:21:27.4735663Z # pass 55
quality	Full gate	2026-10-07T22:21:27.4736074Z # fail 0
quality	Full gate	2026-10-07T22:21:27.4736659Z # cancelled 0
quality	Full gate	2026-10-07T22:21:27.4737241Z # skipped 0
quality	Full gate	2026-10-07T22:21:27.4737941Z # todo 0
quality	Full gate	2026-10-07T22:21:27.4738598Z # duration_ms 607.877808
quality	Full gate	2026-10-07T22:21:27.5762724Z 
quality	Full gate	2026-10-07T22:21:27.5763449Z > validate
quality	Full gate	2026-10-07T22:21:27.5764462Z > node tools/validate-content.mjs
quality	Full gate	2026-10-07T22:21:27.5765312Z 
quality	Full gate	2026-10-07T22:21:27.9527503Z {
quality	Full gate	2026-10-07T22:21:27.9528097Z   "valid": true,
quality	Full gate	2026-10-07T22:21:27.9528511Z   "records": 226,
quality	Full gate	2026-10-07T22:21:27.9528949Z   "schemas": 12,
quality	Full gate	2026-10-07T22:21:27.9529338Z   "errors": [],
quality	Full gate	2026-10-07T22:21:27.9529727Z   "gateCounts": {
quality	Full gate	2026-10-07T22:21:27.9530722Z     "canonicalCounts": {
quality	Full gate	2026-10-07T22:21:27.9531175Z       "weapon": 30,
quality	Full gate	2026-10-07T22:21:27.9531845Z       "tool": 40,
quality	Full gate	2026-10-07T22:21:27.9532245Z       "charter": 16,
quality	Full gate	2026-10-07T22:21:27.9532674Z       "item": 60,
quality	Full gate	2026-10-07T22:21:27.9533115Z       "vassal": 16,
quality	Full gate	2026-10-07T22:21:27.9533517Z       "enemy": 24,
quality	Full gate	2026-10-07T22:21:27.9533919Z       "evolution": 30,
quality	Full gate	2026-10-07T22:21:27.9534590Z       "hero": 1,
quality	Full gate	2026-10-07T22:21:27.9535004Z       "estate": 1,
quality	Full gate	2026-10-07T22:21:27.9535438Z       "skin": 1
quality	Full gate	2026-10-07T22:21:27.9535844Z     },
quality	Full gate	2026-10-07T22:21:27.9536284Z     "minTagDistinctCount": 8,
quality	Full gate	2026-10-07T22:21:27.9536816Z     "noGrowthTools": 0,
quality	Full gate	2026-10-07T22:21:27.9537313Z     "evolutionCounts": {
quality	Full gate	2026-10-07T22:21:27.9537819Z       "weapon-tool": 10,
quality	Full gate	2026-10-07T22:21:27.9538306Z       "tool-tool": 10,
quality	Full gate	2026-10-07T22:21:27.9538762Z       "tool-growth": 10
quality	Full gate	2026-10-07T22:21:27.9539232Z     },
quality	Full gate	2026-10-07T22:21:27.9539686Z     "unorderedAntiSynergyPairs": 11,
quality	Full gate	2026-10-07T22:21:27.9540321Z     "skinNumericCount": 0,
quality	Full gate	2026-10-07T22:21:27.9540864Z     "loopLinkedDistinct": 130
quality	Full gate	2026-10-07T22:21:27.9541365Z   }
quality	Full gate	2026-10-07T22:21:27.9541953Z }
quality	Full gate	2026-10-07T22:21:28.0557215Z S3 content tables match canonical JSON
quality	Full gate	2026-10-07T22:21:28.0926252Z metrics selftest PASS
quality	Full gate	2026-10-07T22:21:30.3995298Z PR policy: issue, ADR, template and comment checks passed
quality	Full gate	2026-10-07T22:21:52.8258695Z PASS BCL algorithm
quality	Full gate	2026-10-07T22:21:52.8827962Z PASS comments are not code
quality	Full gate	2026-10-07T22:21:52.9771879Z PASS engine unused import
quality	Full gate	2026-10-07T22:21:53.0242205Z PASS inactive branch engine
quality	Full gate	2026-10-07T22:21:53.0760131Z PASS inactive branch numeric
quality	Full gate	2026-10-07T22:21:53.1259022Z PASS engine alias
quality	Full gate	2026-10-07T22:21:53.1740117Z PASS content id literal
quality	Full gate	2026-10-07T22:21:53.2182585Z PASS content id escaped
quality	Full gate	2026-10-07T22:21:53.2409035Z PASS content id concatenated
quality	Full gate	2026-10-07T22:21:53.2753485Z PASS content id interpolated
quality	Full gate	2026-10-07T22:21:53.2976829Z PASS data id without namespace
quality	Full gate	2026-10-07T22:21:53.3199631Z PASS gameplay local
quality	Full gate	2026-10-07T22:21:53.3569080Z PASS gameplay const
quality	Full gate	2026-10-07T22:21:53.4070089Z PASS gameplay hexadecimal
quality	Full gate	2026-10-07T22:21:53.4299582Z PASS gameplay negative
quality	Full gate	2026-10-07T22:21:53.4830882Z PASS seeded random
quality	Full gate	2026-10-07T22:21:53.5163188Z PASS unseeded random
quality	Full gate	2026-10-07T22:21:53.5650378Z PASS implicit new random
quality	Full gate	2026-10-07T22:21:53.5966684Z PASS shared random
quality	Full gate	2026-10-07T22:21:53.6413347Z PASS clock alias
quality	Full gate	2026-10-07T22:21:53.6852713Z PASS clock static import
quality	Full gate	2026-10-07T22:21:53.7213427Z PASS random guid
quality	Full gate	2026-10-07T22:21:53.7562668Z PASS stopwatch
quality	Full gate	2026-10-07T22:21:53.8118756Z PASS exact algorithm constant exemption
quality	Full gate	2026-10-07T22:21:53.8119502Z ArchitectureGuard self-tests: 24/24 passed.
quality	Full gate	2026-10-07T22:21:53.8588509Z PASS repository PackageReference
quality	Full gate	2026-10-07T22:21:53.8717127Z PASS repository ProjectReference
quality	Full gate	2026-10-07T22:21:53.8836758Z PASS repository Reference
quality	Full gate	2026-10-07T22:21:53.8970936Z PASS repository FrameworkReference
quality	Full gate	2026-10-07T22:21:53.9336033Z PASS repository JSON-discovered content ID
quality	Full gate	2026-10-07T22:21:53.9725892Z PASS repository nested loop stage is not a content identity
quality	Full gate	2026-10-07T22:21:54.0112687Z PASS repository top-level estate identity remains protected
quality	Full gate	2026-10-07T22:21:54.0510478Z PASS repository explicit nested hero reference remains protected
quality	Full gate	2026-10-07T22:21:54.0989851Z PASS repository explicit nested hero object remains protected
quality	Full gate	2026-10-07T22:21:54.1213787Z PASS repository generic word used as actual hero identity remains protected
quality	Full gate	2026-10-07T22:21:54.1331046Z PASS repository inherited package reference
quality	Full gate	2026-10-07T22:21:56.7852968Z ArchitectureGuard: 0 violation(s).
quality	Full gate	2026-10-07T22:21:57.9129376Z   Determining projects to restore...
quality	Full gate	2026-10-07T22:21:58.5140440Z   Restored /home/runner/work/bs-mobile/bs-mobile/core/src/SowSiege.Core/SowSiege.Core.csproj (in 94 ms).
quality	Full gate	2026-10-07T22:21:58.5142368Z   Restored /home/runner/work/bs-mobile/bs-mobile/core/src/SowSiege.Sim/SowSiege.Sim.csproj (in 96 ms).
quality	Full gate	2026-10-07T22:22:00.3073392Z   Restored /home/runner/work/bs-mobile/bs-mobile/core/tests/SowSiege.Tests/SowSiege.Tests.csproj (in 1.9 sec).
quality	Full gate	2026-10-07T22:22:00.3946485Z   Restored /home/runner/work/bs-mobile/bs-mobile/core/bench/SowSiege.Bench/SowSiege.Bench.csproj (in 1.99 sec).
quality	Full gate	2026-10-07T22:22:03.4369476Z   SowSiege.Core -> /home/runner/work/bs-mobile/bs-mobile/core/src/SowSiege.Core/bin/Release/net8.0/SowSiege.Core.dll
quality	Full gate	2026-10-07T22:22:04.5033177Z   SowSiege.Sim -> /home/runner/work/bs-mobile/bs-mobile/core/src/SowSiege.Sim/bin/Release/net8.0/SowSiege.Sim.dll
quality	Full gate	2026-10-07T22:22:05.8473226Z   SowSiege.Bench -> /home/runner/work/bs-mobile/bs-mobile/core/bench/SowSiege.Bench/bin/Release/net8.0/SowSiege.Bench.dll
quality	Full gate	2026-10-07T22:22:06.0342865Z   SowSiege.Tests -> /home/runner/work/bs-mobile/bs-mobile/core/tests/SowSiege.Tests/bin/Release/net8.0/SowSiege.Tests.dll
quality	Full gate	2026-10-07T22:22:06.0766450Z 
quality	Full gate	2026-10-07T22:22:06.0825817Z Build succeeded.
quality	Full gate	2026-10-07T22:22:06.0830384Z     0 Warning(s)
quality	Full gate	2026-10-07T22:22:06.0894879Z     0 Error(s)
quality	Full gate	2026-10-07T22:22:06.0910977Z 
quality	Full gate	2026-10-07T22:22:06.0914191Z Time Elapsed 00:00:05.47
quality	Full gate	2026-10-07T22:22:07.8759169Z Test run for /home/runner/work/bs-mobile/bs-mobile/core/tests/SowSiege.Tests/bin/Release/net8.0/SowSiege.Tests.dll (.NETCoreApp,Version=v8.0)
quality	Full gate	2026-10-07T22:22:08.1882705Z VSTest version 17.11.1 (x64)
quality	Full gate	2026-10-07T22:22:08.1938068Z 
quality	Full gate	2026-10-07T22:22:08.8917803Z Starting test execution, please wait...
quality	Full gate	2026-10-07T22:22:08.9560460Z A total of 1 test files matched the specified pattern.
quality	Full gate	2026-10-07T22:22:22.1752452Z Results File: /home/runner/work/bs-mobile/bs-mobile/artifacts/tests/tests.trx
quality	Full gate	2026-10-07T22:22:22.1754845Z 
quality	Full gate	2026-10-07T22:22:22.1800366Z Passed!  - Failed:     0, Passed:    95, Skipped:     0, Total:    95, Duration: 12 s - SowSiege.Tests.dll (net8.0)
quality	Full gate	2026-10-07T22:22:58.1936306Z S2 smoke: 18 policy/seed cases × 3 deterministic repeats; 900 tick cap; policy damage CV=0.02705842682220579; diagnostic only, not S4 balance.
quality	Full gate	2026-10-07T22:23:18.9754639Z S4 s4-smoke: 54 independent cases / 162 executions, seven CSVs at /home/runner/work/bs-mobile/bs-mobile/artifacts/league-s4-smoke
quality	Full gate	2026-10-07T22:23:19.0912013Z S4 report: 54 independent cases; dominance not observed
quality	Record measurements with commit identity	﻿2026-10-07T22:23:19.1020350Z ##[group]Run node tools/metrics.mjs artifacts/metrics.json artifacts/trends
quality	Record measurements with commit identity	2026-10-07T22:23:19.1020950Z [36;1mnode tools/metrics.mjs artifacts/metrics.json artifacts/trends[0m
quality	Record measurements with commit identity	2026-10-07T22:23:19.1087657Z shell: /usr/bin/bash -e {0}
quality	Record measurements with commit identity	2026-10-07T22:23:19.1087940Z env:
quality	Record measurements with commit identity	2026-10-07T22:23:19.1088152Z   DOTNET_ROOT: /usr/share/dotnet
quality	Record measurements with commit identity	2026-10-07T22:23:19.1088499Z   METRICS_SHA: e4eb9d960e3f81522fd91c7a0ed5205694e3b9f8
quality	Record measurements with commit identity	2026-10-07T22:23:19.1088823Z ##[endgroup]
quality	Record measurements with commit identity	2026-10-07T22:23:19.1535810Z metrics: 1 records; artifacts/trends/index.html
quality	Run actions/upload-artifact@ea165f8d65b6e75b540449e92b4886f43607fa02	﻿2026-10-07T22:23:19.1672341Z ##[group]Run actions/upload-artifact@ea165f8d65b6e75b540449e92b4886f43607fa02
quality	Run actions/upload-artifact@ea165f8d65b6e75b540449e92b4886f43607fa02	2026-10-07T22:23:19.1672782Z with:
quality	Run actions/upload-artifact@ea165f8d65b6e75b540449e92b4886f43607fa02	2026-10-07T22:23:19.1673049Z   name: evidence-629c1c614706ed4287ecbfce77f1145ac57c872b
quality	Run actions/upload-artifact@ea165f8d65b6e75b540449e92b4886f43607fa02	2026-10-07T22:23:19.1673376Z   path: artifacts/
quality	Run actions/upload-artifact@ea165f8d65b6e75b540449e92b4886f43607fa02	2026-10-07T22:23:19.1673590Z   retention-days: 90
quality	Run actions/upload-artifact@ea165f8d65b6e75b540449e92b4886f43607fa02	2026-10-07T22:23:19.1673816Z   if-no-files-found: error
quality	Run actions/upload-artifact@ea165f8d65b6e75b540449e92b4886f43607fa02	2026-10-07T22:23:19.1674051Z   compression-level: 6
quality	Run actions/upload-artifact@ea165f8d65b6e75b540449e92b4886f43607fa02	2026-10-07T22:23:19.1674265Z   overwrite: false
quality	Run actions/upload-artifact@ea165f8d65b6e75b540449e92b4886f43607fa02	2026-10-07T22:23:19.1674483Z   include-hidden-files: false
quality	Run actions/upload-artifact@ea165f8d65b6e75b540449e92b4886f43607fa02	2026-10-07T22:23:19.1674715Z env:
quality	Run actions/upload-artifact@ea165f8d65b6e75b540449e92b4886f43607fa02	2026-10-07T22:23:19.1674910Z   DOTNET_ROOT: /usr/share/dotnet
quality	Run actions/upload-artifact@ea165f8d65b6e75b540449e92b4886f43607fa02	2026-10-07T22:23:19.1675155Z ##[endgroup]
quality	Run actions/upload-artifact@ea165f8d65b6e75b540449e92b4886f43607fa02	2026-10-07T22:23:19.3434435Z (node:4280) [DEP0040] DeprecationWarning: The `punycode` module is deprecated. Please use a userland alternative instead.
quality	Run actions/upload-artifact@ea165f8d65b6e75b540449e92b4886f43607fa02	2026-10-07T22:23:19.3435344Z (Use `node --trace-deprecation ...` to show where the warning was created)
quality	Run actions/upload-artifact@ea165f8d65b6e75b540449e92b4886f43607fa02	2026-10-07T22:23:19.3799966Z With the provided path, there will be 180 files uploaded
quality	Run actions/upload-artifact@ea165f8d65b6e75b540449e92b4886f43607fa02	2026-10-07T22:23:19.3805500Z Artifact name is valid!
quality	Run actions/upload-artifact@ea165f8d65b6e75b540449e92b4886f43607fa02	2026-10-07T22:23:19.3806498Z Root directory input is valid!
quality	Run actions/upload-artifact@ea165f8d65b6e75b540449e92b4886f43607fa02	2026-10-07T22:23:19.6306568Z Beginning upload of artifact content to blob storage
quality	Run actions/upload-artifact@ea165f8d65b6e75b540449e92b4886f43607fa02	2026-10-07T22:23:19.9775794Z (node:4280) [DEP0169] DeprecationWarning: `url.parse()` behavior is not standardized and prone to errors that have security implications. Use the WHATWG URL API instead. CVEs are not issued for `url.parse()` vulnerabilities.
quality	Run actions/upload-artifact@ea165f8d65b6e75b540449e92b4886f43607fa02	2026-10-07T22:23:20.0966824Z Uploaded bytes 1443699
quality	Run actions/upload-artifact@ea165f8d65b6e75b540449e92b4886f43607fa02	2026-10-07T22:23:20.1163548Z Finished uploading artifact content to blob storage!
quality	Run actions/upload-artifact@ea165f8d65b6e75b540449e92b4886f43607fa02	2026-10-07T22:23:20.1164898Z SHA256 digest of uploaded artifact zip is 22b9589f8568c9d79e8a782be140d2e0f2aea1b12f77e033c0d6ef48486ddcc0
quality	Run actions/upload-artifact@ea165f8d65b6e75b540449e92b4886f43607fa02	2026-10-07T22:23:20.1165900Z Finalizing artifact upload
quality	Run actions/upload-artifact@ea165f8d65b6e75b540449e92b4886f43607fa02	2026-10-07T22:23:20.3389986Z Artifact evidence-629c1c614706ed4287ecbfce77f1145ac57c872b.zip successfully finalized. Artifact ID 11515990440
quality	Run actions/upload-artifact@ea165f8d65b6e75b540449e92b4886f43607fa02	2026-10-07T22:23:20.3392373Z Artifact evidence-629c1c614706ed4287ecbfce77f1145ac57c872b has been successfully uploaded! Final size is 1443699 bytes. Artifact ID is 11515990440
quality	Run actions/upload-artifact@ea165f8d65b6e75b540449e92b4886f43607fa02	2026-10-07T22:23:20.3397208Z Artifact download URL: https://github.com/hyunlord/bs-mobile/actions/runs/37695563484/artifacts/11515990440
quality	Post Run actions/setup-node@49933ea5288caeca8642d1e84afbd3f7d6820020	﻿2026-10-07T22:23:20.3591076Z Post job cleanup.
quality	Post Run actions/setup-node@49933ea5288caeca8642d1e84afbd3f7d6820020	2026-10-07T22:23:20.4881236Z (node:4293) [DEP0040] DeprecationWarning: The `punycode` module is deprecated. Please use a userland alternative instead.
quality	Post Run actions/setup-node@49933ea5288caeca8642d1e84afbd3f7d6820020	2026-10-07T22:23:20.4882506Z (Use `node --trace-deprecation ...` to show where the warning was created)
quality	Post Run actions/setup-node@49933ea5288caeca8642d1e84afbd3f7d6820020	2026-10-07T22:23:20.4886187Z Cache hit occurred on the primary key node-cache-Linux-x64-npm-cdb2da766a805e8f9ebcf60a145848332c0bb5aaf2bc7f6f00be2d7028f88b29, not saving cache.
quality	Post Run actions/setup-dotnet@67a3573c9a986a3f9c594539f4ab511d57bb3ce9	﻿2026-10-07T22:23:20.4997415Z Post job cleanup.
quality	Post Run actions/setup-dotnet@67a3573c9a986a3f9c594539f4ab511d57bb3ce9	2026-10-07T22:23:20.6270373Z (node:4301) [DEP0040] DeprecationWarning: The `punycode` module is deprecated. Please use a userland alternative instead.
quality	Post Run actions/setup-dotnet@67a3573c9a986a3f9c594539f4ab511d57bb3ce9	2026-10-07T22:23:20.6271350Z (Use `node --trace-deprecation ...` to show where the warning was created)
quality	Post Run actions/checkout@11d5960a326750d5838078e36cf38b85af677262	﻿2026-10-07T22:23:20.6481018Z Post job cleanup.
quality	Post Run actions/checkout@11d5960a326750d5838078e36cf38b85af677262	2026-10-07T22:23:20.7446454Z [command]/usr/bin/git version
quality	Post Run actions/checkout@11d5960a326750d5838078e36cf38b85af677262	2026-10-07T22:23:20.7491004Z git version 2.55.0
quality	Post Run actions/checkout@11d5960a326750d5838078e36cf38b85af677262	2026-10-07T22:23:20.7530230Z Temporarily overriding HOME='/home/runner/work/_temp/6c0d154b-6ca0-469c-9e0e-b8bf37e5bd49' before making global git config changes
quality	Post Run actions/checkout@11d5960a326750d5838078e36cf38b85af677262	2026-10-07T22:23:20.7532142Z Adding repository directory to the temporary git global config as a safe directory
quality	Post Run actions/checkout@11d5960a326750d5838078e36cf38b85af677262	2026-10-07T22:23:20.7537867Z [command]/usr/bin/git config --global --add safe.directory /home/runner/work/bs-mobile/bs-mobile
quality	Post Run actions/checkout@11d5960a326750d5838078e36cf38b85af677262	2026-10-07T22:23:20.7578757Z [command]/usr/bin/git config --local --name-only --get-regexp core\.sshCommand
quality	Post Run actions/checkout@11d5960a326750d5838078e36cf38b85af677262	2026-10-07T22:23:20.7614379Z [command]/usr/bin/git submodule foreach --recursive sh -c "git config --local --name-only --get-regexp 'core\.sshCommand' && git config --local --unset-all 'core.sshCommand' || :"
quality	Post Run actions/checkout@11d5960a326750d5838078e36cf38b85af677262	2026-10-07T22:23:20.7859147Z [command]/usr/bin/git config --local --name-only --get-regexp http\.https\:\/\/github\.com\/\.extraheader
quality	Post Run actions/checkout@11d5960a326750d5838078e36cf38b85af677262	2026-10-07T22:23:20.7896572Z [command]/usr/bin/git submodule foreach --recursive sh -c "git config --local --name-only --get-regexp 'http\.https\:\/\/github\.com\/\.extraheader' && git config --local --unset-all 'http.https://github.com/.extraheader' || :"
quality	Post Run actions/checkout@11d5960a326750d5838078e36cf38b85af677262	2026-10-07T22:23:20.8159282Z [command]/usr/bin/git config --local --name-only --get-regexp ^includeIf\.gitdir:
quality	Post Run actions/checkout@11d5960a326750d5838078e36cf38b85af677262	2026-10-07T22:23:20.8205990Z [command]/usr/bin/git submodule foreach --recursive git config --local --show-origin --name-only --get-regexp remote.origin.url
quality	Complete job	﻿2026-10-07T22:23:20.8606899Z Cleaning up orphan processes
quality	Complete job	2026-10-07T22:23:20.8937978Z Terminate orphan process: pid (2861) (dotnet)
quality	Complete job	2026-10-07T22:23:20.8964137Z Terminate orphan process: pid (2949) (dotnet)
quality	Complete job	2026-10-07T22:23:20.8989477Z Terminate orphan process: pid (2950) (dotnet)
quality	Complete job	2026-10-07T22:23:20.9014763Z Terminate orphan process: pid (2952) (dotnet)
quality	Complete job	2026-10-07T22:23:20.9034724Z ##[warning]Node.js 20 is deprecated. The following actions target Node.js 20 but are being forced to run on Node.js 24: actions/checkout@11d5960a326750d5838078e36cf38b85af677262, actions/setup-dotnet@67a3573c9a986a3f9c594539f4ab511d57bb3ce9, actions/setup-node@49933ea5288caeca8642d1e84afbd3f7d6820020, actions/upload-artifact@ea165f8d65b6e75b540449e92b4886f43607fa02. For more information see: https://github.blog/changelog/2025-09-19-deprecation-of-node-20-on-github-actions-runners/
secrets	Set up job	﻿2026-10-07T22:20:45.7741024Z Current runner version: '2.337.0'
secrets	Set up job	2026-10-07T22:20:45.7765975Z ##[group]Runner Image Provisioner
secrets	Set up job	2026-10-07T22:20:45.7766931Z Hosted Compute Agent
secrets	Set up job	2026-10-07T22:20:45.7767522Z Version: 20260901.588
secrets	Set up job	2026-10-07T22:20:45.7768288Z Commit: f88ec8081b781fac6c440065ac7ff9e710ce3d0b
secrets	Set up job	2026-10-07T22:20:45.7769023Z Build Date: 2026-09-01T19:56:44Z
secrets	Set up job	2026-10-07T22:20:45.7769761Z Worker ID: {da573421-5af3-44c4-b979-59e22e50a796}
secrets	Set up job	2026-10-07T22:20:45.7770534Z Azure Region: westus
secrets	Set up job	2026-10-07T22:20:45.7771117Z ##[endgroup]
secrets	Set up job	2026-10-07T22:20:45.7772701Z ##[group]Operating System
secrets	Set up job	2026-10-07T22:20:45.7773366Z Ubuntu
secrets	Set up job	2026-10-07T22:20:45.7773955Z 24.04.5
secrets	Set up job	2026-10-07T22:20:45.7774573Z LTS
secrets	Set up job	2026-10-07T22:20:45.7775387Z ##[endgroup]
secrets	Set up job	2026-10-07T22:20:45.7776034Z ##[group]Runner Image
secrets	Set up job	2026-10-07T22:20:45.7776659Z Image: ubuntu-24.04
secrets	Set up job	2026-10-07T22:20:45.7777229Z Version: 20260927.320.1
secrets	Set up job	2026-10-07T22:20:45.7778402Z Included Software: https://github.com/actions/runner-images/blob/ubuntu24/20260927.320/images/ubuntu/Ubuntu2404-Readme.md
secrets	Set up job	2026-10-07T22:20:45.7780189Z Image Release: https://github.com/actions/runner-images/releases/tag/ubuntu24%2F20260927.320
secrets	Set up job	2026-10-07T22:20:45.7781180Z ##[endgroup]
secrets	Set up job	2026-10-07T22:20:45.7782459Z ##[group]GITHUB_TOKEN Permissions
secrets	Set up job	2026-10-07T22:20:45.7784389Z Contents: read
secrets	Set up job	2026-10-07T22:20:45.7785241Z Metadata: read
secrets	Set up job	2026-10-07T22:20:45.7785987Z PullRequests: read
secrets	Set up job	2026-10-07T22:20:45.7786572Z ##[endgroup]
secrets	Set up job	2026-10-07T22:20:45.7788720Z Secret source: Actions
secrets	Set up job	2026-10-07T22:20:45.7789693Z Cache mode: write
secrets	Set up job	2026-10-07T22:20:45.7790438Z Prepare workflow directory
secrets	Set up job	2026-10-07T22:20:45.8126561Z Prepare all required actions
secrets	Set up job	2026-10-07T22:20:45.8176958Z Getting action download info
secrets	Set up job	2026-10-07T22:20:46.1984573Z Download action repository 'actions/checkout@11d5960a326750d5838078e36cf38b85af677262' (SHA:11d5960a326750d5838078e36cf38b85af677262)
secrets	Set up job	2026-10-07T22:20:46.3166907Z Download action repository 'gitleaks/gitleaks-action@dcedce43c6f43de0b836d1fe38946645c9c638dc' (SHA:dcedce43c6f43de0b836d1fe38946645c9c638dc)
secrets	Set up job	2026-10-07T22:20:46.8186855Z Complete job name: secrets
secrets	Run actions/checkout@11d5960a326750d5838078e36cf38b85af677262	﻿2026-10-07T22:20:46.8959332Z ##[group]Run actions/checkout@11d5960a326750d5838078e36cf38b85af677262
secrets	Run actions/checkout@11d5960a326750d5838078e36cf38b85af677262	2026-10-07T22:20:46.8960441Z with:
secrets	Run actions/checkout@11d5960a326750d5838078e36cf38b85af677262	2026-10-07T22:20:46.8960882Z   fetch-depth: 0
secrets	Run actions/checkout@11d5960a326750d5838078e36cf38b85af677262	2026-10-07T22:20:46.8961351Z   persist-credentials: false
secrets	Run actions/checkout@11d5960a326750d5838078e36cf38b85af677262	2026-10-07T22:20:46.8961893Z   repository: hyunlord/bs-mobile
secrets	Run actions/checkout@11d5960a326750d5838078e36cf38b85af677262	2026-10-07T22:20:46.8966340Z   token: ***
secrets	Run actions/checkout@11d5960a326750d5838078e36cf38b85af677262	2026-10-07T22:20:46.8966816Z   ssh-strict: true
secrets	Run actions/checkout@11d5960a326750d5838078e36cf38b85af677262	2026-10-07T22:20:46.8967276Z   ssh-user: git
secrets	Run actions/checkout@11d5960a326750d5838078e36cf38b85af677262	2026-10-07T22:20:46.8967710Z   clean: true
secrets	Run actions/checkout@11d5960a326750d5838078e36cf38b85af677262	2026-10-07T22:20:46.8968178Z   sparse-checkout-cone-mode: true
secrets	Run actions/checkout@11d5960a326750d5838078e36cf38b85af677262	2026-10-07T22:20:46.8968719Z   fetch-tags: false
secrets	Run actions/checkout@11d5960a326750d5838078e36cf38b85af677262	2026-10-07T22:20:46.8969178Z   show-progress: true
secrets	Run actions/checkout@11d5960a326750d5838078e36cf38b85af677262	2026-10-07T22:20:46.8969644Z   lfs: false
secrets	Run actions/checkout@11d5960a326750d5838078e36cf38b85af677262	2026-10-07T22:20:46.8970071Z   submodules: false
secrets	Run actions/checkout@11d5960a326750d5838078e36cf38b85af677262	2026-10-07T22:20:46.8970535Z   set-safe-directory: true
secrets	Run actions/checkout@11d5960a326750d5838078e36cf38b85af677262	2026-10-07T22:20:46.8971069Z   allow-unsafe-pr-checkout: false
secrets	Run actions/checkout@11d5960a326750d5838078e36cf38b85af677262	2026-10-07T22:20:46.8971925Z ##[endgroup]
secrets	Run actions/checkout@11d5960a326750d5838078e36cf38b85af677262	2026-10-07T22:20:47.0008837Z Syncing repository: hyunlord/bs-mobile
secrets	Run actions/checkout@11d5960a326750d5838078e36cf38b85af677262	2026-10-07T22:20:47.0011725Z ##[group]Getting Git version info
secrets	Run actions/checkout@11d5960a326750d5838078e36cf38b85af677262	2026-10-07T22:20:47.0012955Z Working directory is '/home/runner/work/bs-mobile/bs-mobile'
secrets	Run actions/checkout@11d5960a326750d5838078e36cf38b85af677262	2026-10-07T22:20:47.0014645Z [command]/usr/bin/git version
secrets	Run actions/checkout@11d5960a326750d5838078e36cf38b85af677262	2026-10-07T22:20:47.0091005Z git version 2.55.0
secrets	Run actions/checkout@11d5960a326750d5838078e36cf38b85af677262	2026-10-07T22:20:47.0127137Z ##[endgroup]
secrets	Run actions/checkout@11d5960a326750d5838078e36cf38b85af677262	2026-10-07T22:20:47.0134574Z Temporarily overriding HOME='/home/runner/work/_temp/ab5426ef-0180-4680-a805-e7908112baf8' before making global git config changes
secrets	Run actions/checkout@11d5960a326750d5838078e36cf38b85af677262	2026-10-07T22:20:47.0136925Z Adding repository directory to the temporary git global config as a safe directory
secrets	Run actions/checkout@11d5960a326750d5838078e36cf38b85af677262	2026-10-07T22:20:47.0139025Z [command]/usr/bin/git config --global --add safe.directory /home/runner/work/bs-mobile/bs-mobile
secrets	Run actions/checkout@11d5960a326750d5838078e36cf38b85af677262	2026-10-07T22:20:47.0197643Z Deleting the contents of '/home/runner/work/bs-mobile/bs-mobile'
secrets	Run actions/checkout@11d5960a326750d5838078e36cf38b85af677262	2026-10-07T22:20:47.0202460Z ##[group]Initializing the repository
secrets	Run actions/checkout@11d5960a326750d5838078e36cf38b85af677262	2026-10-07T22:20:47.0206588Z [command]/usr/bin/git init /home/runner/work/bs-mobile/bs-mobile
secrets	Run actions/checkout@11d5960a326750d5838078e36cf38b85af677262	2026-10-07T22:20:47.0327750Z hint: Using 'master' as the name for the initial branch. This default branch name
secrets	Run actions/checkout@11d5960a326750d5838078e36cf38b85af677262	2026-10-07T22:20:47.0330062Z hint: will change to "main" in Git 3.0. To configure the initial branch name
secrets	Run actions/checkout@11d5960a326750d5838078e36cf38b85af677262	2026-10-07T22:20:47.0331947Z hint: to use in all of your new repositories, which will suppress this warning,
secrets	Run actions/checkout@11d5960a326750d5838078e36cf38b85af677262	2026-10-07T22:20:47.0333721Z hint: call:
secrets	Run actions/checkout@11d5960a326750d5838078e36cf38b85af677262	2026-10-07T22:20:47.0335369Z hint:
secrets	Run actions/checkout@11d5960a326750d5838078e36cf38b85af677262	2026-10-07T22:20:47.0336782Z hint: 	git config --global init.defaultBranch <name>
secrets	Run actions/checkout@11d5960a326750d5838078e36cf38b85af677262	2026-10-07T22:20:47.0338287Z hint:
secrets	Run actions/checkout@11d5960a326750d5838078e36cf38b85af677262	2026-10-07T22:20:47.0339713Z hint: Names commonly chosen instead of 'master' are 'main', 'trunk' and
secrets	Run actions/checkout@11d5960a326750d5838078e36cf38b85af677262	2026-10-07T22:20:47.0341692Z hint: 'development'. The just-created branch can be renamed via this command:
secrets	Run actions/checkout@11d5960a326750d5838078e36cf38b85af677262	2026-10-07T22:20:47.0343247Z hint:
secrets	Run actions/checkout@11d5960a326750d5838078e36cf38b85af677262	2026-10-07T22:20:47.0344460Z hint: 	git branch -m <name>
secrets	Run actions/checkout@11d5960a326750d5838078e36cf38b85af677262	2026-10-07T22:20:47.0346064Z hint:
secrets	Run actions/checkout@11d5960a326750d5838078e36cf38b85af677262	2026-10-07T22:20:47.0347607Z hint: Disable this message with "git config set advice.defaultBranchName false"
secrets	Run actions/checkout@11d5960a326750d5838078e36cf38b85af677262	2026-10-07T22:20:47.0349834Z Initialized empty Git repository in /home/runner/work/bs-mobile/bs-mobile/.git/
secrets	Run actions/checkout@11d5960a326750d5838078e36cf38b85af677262	2026-10-07T22:20:47.0353357Z [command]/usr/bin/git remote add origin https://github.com/hyunlord/bs-mobile
secrets	Run actions/checkout@11d5960a326750d5838078e36cf38b85af677262	2026-10-07T22:20:47.0440017Z ##[endgroup]
secrets	Run actions/checkout@11d5960a326750d5838078e36cf38b85af677262	2026-10-07T22:20:47.0441454Z ##[group]Disabling automatic garbage collection
secrets	Run actions/checkout@11d5960a326750d5838078e36cf38b85af677262	2026-10-07T22:20:47.0444392Z [command]/usr/bin/git config --local gc.auto 0
secrets	Run actions/checkout@11d5960a326750d5838078e36cf38b85af677262	2026-10-07T22:20:47.0478748Z ##[endgroup]
secrets	Run actions/checkout@11d5960a326750d5838078e36cf38b85af677262	2026-10-07T22:20:47.0480066Z ##[group]Setting up auth
secrets	Run actions/checkout@11d5960a326750d5838078e36cf38b85af677262	2026-10-07T22:20:47.0486671Z [command]/usr/bin/git config --local --name-only --get-regexp core\.sshCommand
secrets	Run actions/checkout@11d5960a326750d5838078e36cf38b85af677262	2026-10-07T22:20:47.0524622Z [command]/usr/bin/git submodule foreach --recursive sh -c "git config --local --name-only --get-regexp 'core\.sshCommand' && git config --local --unset-all 'core.sshCommand' || :"
secrets	Run actions/checkout@11d5960a326750d5838078e36cf38b85af677262	2026-10-07T22:20:47.0927663Z [command]/usr/bin/git config --local --name-only --get-regexp http\.https\:\/\/github\.com\/\.extraheader
secrets	Run actions/checkout@11d5960a326750d5838078e36cf38b85af677262	2026-10-07T22:20:47.0965295Z [command]/usr/bin/git submodule foreach --recursive sh -c "git config --local --name-only --get-regexp 'http\.https\:\/\/github\.com\/\.extraheader' && git config --local --unset-all 'http.https://github.com/.extraheader' || :"
secrets	Run actions/checkout@11d5960a326750d5838078e36cf38b85af677262	2026-10-07T22:20:47.1194634Z [command]/usr/bin/git config --local --name-only --get-regexp ^includeIf\.gitdir:
secrets	Run actions/checkout@11d5960a326750d5838078e36cf38b85af677262	2026-10-07T22:20:47.1231761Z [command]/usr/bin/git submodule foreach --recursive git config --local --show-origin --name-only --get-regexp remote.origin.url
secrets	Run actions/checkout@11d5960a326750d5838078e36cf38b85af677262	2026-10-07T22:20:47.1461718Z [command]/usr/bin/git config --local http.https://github.com/.extraheader AUTHORIZATION: basic ***
secrets	Run actions/checkout@11d5960a326750d5838078e36cf38b85af677262	2026-10-07T22:20:47.1503534Z ##[endgroup]
secrets	Run actions/checkout@11d5960a326750d5838078e36cf38b85af677262	2026-10-07T22:20:47.1504421Z ##[group]Fetching the repository
secrets	Run actions/checkout@11d5960a326750d5838078e36cf38b85af677262	2026-10-07T22:20:47.1514245Z [command]/usr/bin/git -c protocol.version=2 fetch --prune --no-recurse-submodules origin +refs/heads/*:refs/remotes/origin/* +refs/tags/*:refs/tags/* +629c1c614706ed4287ecbfce77f1145ac57c872b:refs/remotes/pull/39/merge
secrets	Run actions/checkout@11d5960a326750d5838078e36cf38b85af677262	2026-10-07T22:20:48.0996886Z From https://github.com/hyunlord/bs-mobile
secrets	Run actions/checkout@11d5960a326750d5838078e36cf38b85af677262	2026-10-07T22:20:48.0998960Z  * [new branch]      dependabot/github_actions/actions/checkout-7.0.1 -> origin/dependabot/github_actions/actions/checkout-7.0.1
secrets	Run actions/checkout@11d5960a326750d5838078e36cf38b85af677262	2026-10-07T22:20:48.1001020Z  * [new branch]      dependabot/github_actions/actions/setup-dotnet-6.0.0 -> origin/dependabot/github_actions/actions/setup-dotnet-6.0.0
secrets	Run actions/checkout@11d5960a326750d5838078e36cf38b85af677262	2026-10-07T22:20:48.1003105Z  * [new branch]      dependabot/github_actions/actions/setup-node-7.0.0 -> origin/dependabot/github_actions/actions/setup-node-7.0.0
secrets	Run actions/checkout@11d5960a326750d5838078e36cf38b85af677262	2026-10-07T22:20:48.1005377Z  * [new branch]      dependabot/github_actions/actions/upload-artifact-7.0.1 -> origin/dependabot/github_actions/actions/upload-artifact-7.0.1
secrets	Run actions/checkout@11d5960a326750d5838078e36cf38b85af677262	2026-10-07T22:20:48.1007624Z  * [new branch]      dependabot/github_actions/gitleaks/gitleaks-action-ff98106e4c7b2bc287b24eaf42907196329070c7 -> origin/dependabot/github_actions/gitleaks/gitleaks-action-ff98106e4c7b2bc287b24eaf42907196329070c7
secrets	Run actions/checkout@11d5960a326750d5838078e36cf38b85af677262	2026-10-07T22:20:48.1009447Z  * [new branch]      dependabot/nuget/core/bench/SowSiege.Bench/BenchmarkDotNet-0.15.8 -> origin/dependabot/nuget/core/bench/SowSiege.Bench/BenchmarkDotNet-0.15.8
secrets	Run actions/checkout@11d5960a326750d5838078e36cf38b85af677262	2026-10-07T22:20:48.1011712Z  * [new branch]      dependabot/nuget/core/tests/SowSiege.Tests/Microsoft.NET.Test.Sdk-18.10.1 -> origin/dependabot/nuget/core/tests/SowSiege.Tests/Microsoft.NET.Test.Sdk-18.10.1
secrets	Run actions/checkout@11d5960a326750d5838078e36cf38b85af677262	2026-10-07T22:20:48.1015361Z  * [new branch]      dependabot/nuget/core/tests/SowSiege.Tests/xunit-2.9.3 -> origin/dependabot/nuget/core/tests/SowSiege.Tests/xunit-2.9.3
secrets	Run actions/checkout@11d5960a326750d5838078e36cf38b85af677262	2026-10-07T22:20:48.1017990Z  * [new branch]      dependabot/nuget/core/tests/SowSiege.Tests/xunit.runner.visualstudio-4.0.0 -> origin/dependabot/nuget/core/tests/SowSiege.Tests/xunit.runner.visualstudio-4.0.0
secrets	Run actions/checkout@11d5960a326750d5838078e36cf38b85af677262	2026-10-07T22:20:48.1020085Z  * [new branch]      feat/s4-bot-league                       -> origin/feat/s4-bot-league
secrets	Run actions/checkout@11d5960a326750d5838078e36cf38b85af677262	2026-10-07T22:20:48.1021271Z  * [new branch]      main                                     -> origin/main
secrets	Run actions/checkout@11d5960a326750d5838078e36cf38b85af677262	2026-10-07T22:20:48.1022382Z  * [new tag]         metrics-history                          -> metrics-history
secrets	Run actions/checkout@11d5960a326750d5838078e36cf38b85af677262	2026-10-07T22:20:48.1023781Z  * [new ref]         629c1c614706ed4287ecbfce77f1145ac57c872b -> pull/39/merge
secrets	Run actions/checkout@11d5960a326750d5838078e36cf38b85af677262	2026-10-07T22:20:48.1025965Z ##[endgroup]
secrets	Run actions/checkout@11d5960a326750d5838078e36cf38b85af677262	2026-10-07T22:20:48.1026612Z ##[group]Determining the checkout info
secrets	Run actions/checkout@11d5960a326750d5838078e36cf38b85af677262	2026-10-07T22:20:48.1027312Z ##[endgroup]
secrets	Run actions/checkout@11d5960a326750d5838078e36cf38b85af677262	2026-10-07T22:20:48.1027749Z [command]/usr/bin/git sparse-checkout disable
secrets	Run actions/checkout@11d5960a326750d5838078e36cf38b85af677262	2026-10-07T22:20:48.1078727Z [command]/usr/bin/git config --local --unset-all extensions.worktreeConfig
secrets	Run actions/checkout@11d5960a326750d5838078e36cf38b85af677262	2026-10-07T22:20:48.1112265Z ##[group]Checking out the ref
secrets	Run actions/checkout@11d5960a326750d5838078e36cf38b85af677262	2026-10-07T22:20:48.1116854Z [command]/usr/bin/git checkout --progress --force refs/remotes/pull/39/merge
secrets	Run actions/checkout@11d5960a326750d5838078e36cf38b85af677262	2026-10-07T22:20:48.1805825Z Note: switching to 'refs/remotes/pull/39/merge'.
secrets	Run actions/checkout@11d5960a326750d5838078e36cf38b85af677262	2026-10-07T22:20:48.1806702Z 
secrets	Run actions/checkout@11d5960a326750d5838078e36cf38b85af677262	2026-10-07T22:20:48.1807474Z You are in 'detached HEAD' state. You can look around, make experimental
secrets	Run actions/checkout@11d5960a326750d5838078e36cf38b85af677262	2026-10-07T22:20:48.1809063Z changes and commit them, and you can discard any commits you make in this
secrets	Run actions/checkout@11d5960a326750d5838078e36cf38b85af677262	2026-10-07T22:20:48.1810607Z state without impacting any branches by switching back to a branch.
secrets	Run actions/checkout@11d5960a326750d5838078e36cf38b85af677262	2026-10-07T22:20:48.1811534Z 
secrets	Run actions/checkout@11d5960a326750d5838078e36cf38b85af677262	2026-10-07T22:20:48.1812205Z If you want to create a new branch to retain commits you create, you may
secrets	Run actions/checkout@11d5960a326750d5838078e36cf38b85af677262	2026-10-07T22:20:48.1813784Z do so (now or later) by using -c with the switch command. Example:
secrets	Run actions/checkout@11d5960a326750d5838078e36cf38b85af677262	2026-10-07T22:20:48.1814669Z 
secrets	Run actions/checkout@11d5960a326750d5838078e36cf38b85af677262	2026-10-07T22:20:48.1815706Z   git switch -c <new-branch-name>
secrets	Run actions/checkout@11d5960a326750d5838078e36cf38b85af677262	2026-10-07T22:20:48.1816424Z 
secrets	Run actions/checkout@11d5960a326750d5838078e36cf38b85af677262	2026-10-07T22:20:48.1816805Z Or undo this operation with:
secrets	Run actions/checkout@11d5960a326750d5838078e36cf38b85af677262	2026-10-07T22:20:48.1817415Z 
secrets	Run actions/checkout@11d5960a326750d5838078e36cf38b85af677262	2026-10-07T22:20:48.1817647Z   git switch -
secrets	Run actions/checkout@11d5960a326750d5838078e36cf38b85af677262	2026-10-07T22:20:48.1817949Z 
secrets	Run actions/checkout@11d5960a326750d5838078e36cf38b85af677262	2026-10-07T22:20:48.1818328Z Turn off this advice by setting config variable advice.detachedHead to false
secrets	Run actions/checkout@11d5960a326750d5838078e36cf38b85af677262	2026-10-07T22:20:48.1818815Z 
secrets	Run actions/checkout@11d5960a326750d5838078e36cf38b85af677262	2026-10-07T22:20:48.1819341Z HEAD is now at 629c1c6 Merge e4eb9d960e3f81522fd91c7a0ed5205694e3b9f8 into e7feb00a25d8435370043195080038064d0356fe
secrets	Run actions/checkout@11d5960a326750d5838078e36cf38b85af677262	2026-10-07T22:20:48.1821959Z ##[endgroup]
secrets	Run actions/checkout@11d5960a326750d5838078e36cf38b85af677262	2026-10-07T22:20:48.1868410Z [command]/usr/bin/git log -1 --format=%H
secrets	Run actions/checkout@11d5960a326750d5838078e36cf38b85af677262	2026-10-07T22:20:48.1896196Z 629c1c614706ed4287ecbfce77f1145ac57c872b
secrets	Run actions/checkout@11d5960a326750d5838078e36cf38b85af677262	2026-10-07T22:20:48.1906917Z ##[group]Removing auth
secrets	Run actions/checkout@11d5960a326750d5838078e36cf38b85af677262	2026-10-07T22:20:48.1910117Z [command]/usr/bin/git config --local --name-only --get-regexp core\.sshCommand
secrets	Run actions/checkout@11d5960a326750d5838078e36cf38b85af677262	2026-10-07T22:20:48.1942496Z [command]/usr/bin/git submodule foreach --recursive sh -c "git config --local --name-only --get-regexp 'core\.sshCommand' && git config --local --unset-all 'core.sshCommand' || :"
secrets	Run actions/checkout@11d5960a326750d5838078e36cf38b85af677262	2026-10-07T22:20:48.2165468Z [command]/usr/bin/git config --local --name-only --get-regexp http\.https\:\/\/github\.com\/\.extraheader
secrets	Run actions/checkout@11d5960a326750d5838078e36cf38b85af677262	2026-10-07T22:20:48.2193189Z http.https://github.com/.extraheader
secrets	Run actions/checkout@11d5960a326750d5838078e36cf38b85af677262	2026-10-07T22:20:48.2200959Z [command]/usr/bin/git config --local --unset-all http.https://github.com/.extraheader
secrets	Run actions/checkout@11d5960a326750d5838078e36cf38b85af677262	2026-10-07T22:20:48.2235782Z [command]/usr/bin/git submodule foreach --recursive sh -c "git config --local --name-only --get-regexp 'http\.https\:\/\/github\.com\/\.extraheader' && git config --local --unset-all 'http.https://github.com/.extraheader' || :"
secrets	Run actions/checkout@11d5960a326750d5838078e36cf38b85af677262	2026-10-07T22:20:48.2454442Z [command]/usr/bin/git config --local --name-only --get-regexp ^includeIf\.gitdir:
secrets	Run actions/checkout@11d5960a326750d5838078e36cf38b85af677262	2026-10-07T22:20:48.2487180Z [command]/usr/bin/git submodule foreach --recursive git config --local --show-origin --name-only --get-regexp remote.origin.url
secrets	Run actions/checkout@11d5960a326750d5838078e36cf38b85af677262	2026-10-07T22:20:48.2705952Z ##[endgroup]
secrets	Run gitleaks/gitleaks-action@dcedce43c6f43de0b836d1fe38946645c9c638dc	﻿2026-10-07T22:20:48.2937216Z ##[group]Run gitleaks/gitleaks-action@dcedce43c6f43de0b836d1fe38946645c9c638dc
secrets	Run gitleaks/gitleaks-action@dcedce43c6f43de0b836d1fe38946645c9c638dc	2026-10-07T22:20:48.2938133Z env:
secrets	Run gitleaks/gitleaks-action@dcedce43c6f43de0b836d1fe38946645c9c638dc	2026-10-07T22:20:48.2941596Z   GITHUB_TOKEN: ***
secrets	Run gitleaks/gitleaks-action@dcedce43c6f43de0b836d1fe38946645c9c638dc	2026-10-07T22:20:48.2942007Z ##[endgroup]
secrets	Run gitleaks/gitleaks-action@dcedce43c6f43de0b836d1fe38946645c9c638dc	2026-10-07T22:20:48.4630384Z (node:2361) [DEP0040] DeprecationWarning: The `punycode` module is deprecated. Please use a userland alternative instead.
secrets	Run gitleaks/gitleaks-action@dcedce43c6f43de0b836d1fe38946645c9c638dc	2026-10-07T22:20:48.4631749Z (Use `node --trace-deprecation ...` to show where the warning was created)
secrets	Run gitleaks/gitleaks-action@dcedce43c6f43de0b836d1fe38946645c9c638dc	2026-10-07T22:20:48.4751316Z (node:2361) [DEP0169] DeprecationWarning: `url.parse()` behavior is not standardized and prone to errors that have security implications. Use the WHATWG URL API instead. CVEs are not issued for `url.parse()` vulnerabilities.
secrets	Run gitleaks/gitleaks-action@dcedce43c6f43de0b836d1fe38946645c9c638dc	2026-10-07T22:20:48.7215339Z [hyunlord] is an individual user. No license key is required.
secrets	Run gitleaks/gitleaks-action@dcedce43c6f43de0b836d1fe38946645c9c638dc	2026-10-07T22:20:48.7216691Z gitleaks version: 8.24.3
secrets	Run gitleaks/gitleaks-action@dcedce43c6f43de0b836d1fe38946645c9c638dc	2026-10-07T22:20:48.7226115Z Version to install: 8.24.3 (target directory: /tmp/gitleaks-8.24.3)
secrets	Run gitleaks/gitleaks-action@dcedce43c6f43de0b836d1fe38946645c9c638dc	2026-10-07T22:20:48.9800768Z Cache hit for: gitleaks-cache-8.24.3-linux-x64
secrets	Run gitleaks/gitleaks-action@dcedce43c6f43de0b836d1fe38946645c9c638dc	2026-10-07T22:20:50.1831040Z Received 5713630 of 5713630 (100.0%), 5.8 MBs/sec
secrets	Run gitleaks/gitleaks-action@dcedce43c6f43de0b836d1fe38946645c9c638dc	2026-10-07T22:20:50.1832878Z Cache Size: ~5 MB (5713630 B)
secrets	Run gitleaks/gitleaks-action@dcedce43c6f43de0b836d1fe38946645c9c638dc	2026-10-07T22:20:50.1867192Z [command]/usr/bin/tar -xf /home/runner/work/_temp/04f5e460-c1b5-4f9f-9206-001b0331c672/cache.tzst -P -C /home/runner/work/bs-mobile/bs-mobile --use-compress-program unzstd
secrets	Run gitleaks/gitleaks-action@dcedce43c6f43de0b836d1fe38946645c9c638dc	2026-10-07T22:20:50.2220280Z Cache restored successfully
secrets	Run gitleaks/gitleaks-action@dcedce43c6f43de0b836d1fe38946645c9c638dc	2026-10-07T22:20:50.2227543Z Gitleaks restored from cache
secrets	Run gitleaks/gitleaks-action@dcedce43c6f43de0b836d1fe38946645c9c638dc	2026-10-07T22:20:50.2230421Z event type: pull_request
secrets	Run gitleaks/gitleaks-action@dcedce43c6f43de0b836d1fe38946645c9c638dc	2026-10-07T22:20:50.5993418Z gitleaks cmd: gitleaks detect --redact -v --exit-code=2 --report-format=sarif --report-path=results.sarif --log-level=debug --log-opts=--no-merges --first-parent 4cec50311dac95fa4049cc5b9c3c00d0da1fce75^..e4eb9d960e3f81522fd91c7a0ed5205694e3b9f8
secrets	Run gitleaks/gitleaks-action@dcedce43c6f43de0b836d1fe38946645c9c638dc	2026-10-07T22:20:50.6015541Z [command]/tmp/gitleaks-8.24.3/gitleaks detect --redact -v --exit-code=2 --report-format=sarif --report-path=results.sarif --log-level=debug --log-opts=--no-merges --first-parent 4cec50311dac95fa4049cc5b9c3c00d0da1fce75^..e4eb9d960e3f81522fd91c7a0ed5205694e3b9f8
secrets	Run gitleaks/gitleaks-action@dcedce43c6f43de0b836d1fe38946645c9c638dc	2026-10-07T22:20:50.8660779Z 
secrets	Run gitleaks/gitleaks-action@dcedce43c6f43de0b836d1fe38946645c9c638dc	2026-10-07T22:20:50.8661960Z     ○
secrets	Run gitleaks/gitleaks-action@dcedce43c6f43de0b836d1fe38946645c9c638dc	2026-10-07T22:20:50.8662681Z     │╲
secrets	Run gitleaks/gitleaks-action@dcedce43c6f43de0b836d1fe38946645c9c638dc	2026-10-07T22:20:50.8663512Z     │ ○
secrets	Run gitleaks/gitleaks-action@dcedce43c6f43de0b836d1fe38946645c9c638dc	2026-10-07T22:20:50.8664099Z     ○ ░
secrets	Run gitleaks/gitleaks-action@dcedce43c6f43de0b836d1fe38946645c9c638dc	2026-10-07T22:20:50.8664736Z     ░    gitleaks
secrets	Run gitleaks/gitleaks-action@dcedce43c6f43de0b836d1fe38946645c9c638dc	2026-10-07T22:20:50.8665640Z 
secrets	Run gitleaks/gitleaks-action@dcedce43c6f43de0b836d1fe38946645c9c638dc	2026-10-07T22:20:50.8666433Z [90m10:20PM[0m DBG using github.com/wasilibs/go-re2 regex engine
secrets	Run gitleaks/gitleaks-action@dcedce43c6f43de0b836d1fe38946645c9c638dc	2026-10-07T22:20:50.8667943Z [90m10:20PM[0m DBG no gitleaks config found in path .gitleaks.toml, using default gitleaks config
secrets	Run gitleaks/gitleaks-action@dcedce43c6f43de0b836d1fe38946645c9c638dc	2026-10-07T22:20:51.0040067Z [90m10:20PM[0m DBG executing: /usr/bin/git -C . log -p -U0 --no-merges --first-parent 4cec50311dac95fa4049cc5b9c3c00d0da1fce75^..e4eb9d960e3f81522fd91c7a0ed5205694e3b9f8
secrets	Run gitleaks/gitleaks-action@dcedce43c6f43de0b836d1fe38946645c9c638dc	2026-10-07T22:20:51.0087532Z [90m10:20PM[0m DBG SCM platform parsed from host [36mhost=[0mgithub.com [36mplatform=[0mgithub
secrets	Run gitleaks/gitleaks-action@dcedce43c6f43de0b836d1fe38946645c9c638dc	2026-10-07T22:20:51.0762665Z [90m10:20PM[0m [32mINF[0m [1m3 commits scanned.[0m
secrets	Run gitleaks/gitleaks-action@dcedce43c6f43de0b836d1fe38946645c9c638dc	2026-10-07T22:20:51.0763671Z [90m10:20PM[0m DBG Note: this number might be smaller than expected due to commits with no additions
secrets	Run gitleaks/gitleaks-action@dcedce43c6f43de0b836d1fe38946645c9c638dc	2026-10-07T22:20:51.0765374Z [90m10:20PM[0m [32mINF[0m [1mscanned ~451224 bytes (451.22 KB) in 210ms[0m
secrets	Run gitleaks/gitleaks-action@dcedce43c6f43de0b836d1fe38946645c9c638dc	2026-10-07T22:20:51.0766391Z [90m10:20PM[0m [32mINF[0m [1mno leaks found[0m
secrets	Run gitleaks/gitleaks-action@dcedce43c6f43de0b836d1fe38946645c9c638dc	2026-10-07T22:20:51.0800708Z Artifact name is valid!
secrets	Run gitleaks/gitleaks-action@dcedce43c6f43de0b836d1fe38946645c9c638dc	2026-10-07T22:20:51.0802923Z Root directory input is valid!
secrets	Run gitleaks/gitleaks-action@dcedce43c6f43de0b836d1fe38946645c9c638dc	2026-10-07T22:20:51.4492421Z Beginning upload of artifact content to blob storage
secrets	Run gitleaks/gitleaks-action@dcedce43c6f43de0b836d1fe38946645c9c638dc	2026-10-07T22:20:51.7659622Z Uploaded bytes 6768
secrets	Run gitleaks/gitleaks-action@dcedce43c6f43de0b836d1fe38946645c9c638dc	2026-10-07T22:20:51.8503899Z Finished uploading artifact content to blob storage!
secrets	Run gitleaks/gitleaks-action@dcedce43c6f43de0b836d1fe38946645c9c638dc	2026-10-07T22:20:51.8506225Z SHA256 digest of uploaded artifact zip is 9b82f7775fcfff5ae77c1ba9c91b61c1e02cfcbbcd69545c9d2dd2ea06f6e2b5
secrets	Run gitleaks/gitleaks-action@dcedce43c6f43de0b836d1fe38946645c9c638dc	2026-10-07T22:20:51.8507879Z Finalizing artifact upload
secrets	Run gitleaks/gitleaks-action@dcedce43c6f43de0b836d1fe38946645c9c638dc	2026-10-07T22:20:52.2876093Z Artifact gitleaks-results.sarif.zip successfully finalized. Artifact ID 11514688360
secrets	Run gitleaks/gitleaks-action@dcedce43c6f43de0b836d1fe38946645c9c638dc	2026-10-07T22:20:52.2882905Z ✅ No leaks detected
secrets	Post Run actions/checkout@11d5960a326750d5838078e36cf38b85af677262	﻿2026-10-07T22:20:52.3131416Z Post job cleanup.
secrets	Post Run actions/checkout@11d5960a326750d5838078e36cf38b85af677262	2026-10-07T22:20:52.3987235Z [command]/usr/bin/git version
secrets	Post Run actions/checkout@11d5960a326750d5838078e36cf38b85af677262	2026-10-07T22:20:52.4028370Z git version 2.55.0
secrets	Post Run actions/checkout@11d5960a326750d5838078e36cf38b85af677262	2026-10-07T22:20:52.4069955Z Temporarily overriding HOME='/home/runner/work/_temp/c75d0eac-1a08-448f-a32b-a61573d23a02' before making global git config changes
secrets	Post Run actions/checkout@11d5960a326750d5838078e36cf38b85af677262	2026-10-07T22:20:52.4071597Z Adding repository directory to the temporary git global config as a safe directory
secrets	Post Run actions/checkout@11d5960a326750d5838078e36cf38b85af677262	2026-10-07T22:20:52.4076447Z [command]/usr/bin/git config --global --add safe.directory /home/runner/work/bs-mobile/bs-mobile
secrets	Post Run actions/checkout@11d5960a326750d5838078e36cf38b85af677262	2026-10-07T22:20:52.4118868Z [command]/usr/bin/git config --local --name-only --get-regexp core\.sshCommand
secrets	Post Run actions/checkout@11d5960a326750d5838078e36cf38b85af677262	2026-10-07T22:20:52.4155644Z [command]/usr/bin/git submodule foreach --recursive sh -c "git config --local --name-only --get-regexp 'core\.sshCommand' && git config --local --unset-all 'core.sshCommand' || :"
secrets	Post Run actions/checkout@11d5960a326750d5838078e36cf38b85af677262	2026-10-07T22:20:52.4407141Z [command]/usr/bin/git config --local --name-only --get-regexp http\.https\:\/\/github\.com\/\.extraheader
secrets	Post Run actions/checkout@11d5960a326750d5838078e36cf38b85af677262	2026-10-07T22:20:52.4445870Z [command]/usr/bin/git submodule foreach --recursive sh -c "git config --local --name-only --get-regexp 'http\.https\:\/\/github\.com\/\.extraheader' && git config --local --unset-all 'http.https://github.com/.extraheader' || :"
secrets	Post Run actions/checkout@11d5960a326750d5838078e36cf38b85af677262	2026-10-07T22:20:52.4714809Z [command]/usr/bin/git config --local --name-only --get-regexp ^includeIf\.gitdir:
secrets	Post Run actions/checkout@11d5960a326750d5838078e36cf38b85af677262	2026-10-07T22:20:52.4754062Z [command]/usr/bin/git submodule foreach --recursive git config --local --show-origin --name-only --get-regexp remote.origin.url
secrets	Complete job	﻿2026-10-07T22:20:52.5151277Z Cleaning up orphan processes
secrets	Complete job	2026-10-07T22:20:52.5439299Z ##[warning]Node.js 20 is deprecated. The following actions target Node.js 20 but are being forced to run on Node.js 24: actions/checkout@11d5960a326750d5838078e36cf38b85af677262, gitleaks/gitleaks-action@dcedce43c6f43de0b836d1fe38946645c9c638dc. For more information see: https://github.blog/changelog/2025-09-19-deprecation-of-node-20-on-github-actions-runners/
