"caseId","policy","peopleRule","kind","id","count"
"weapon__A__42","weapon","A","equipment","core:ember_wand","1"
"weapon__A__42","weapon","A","equipment","core:harvest_scythe","1"
"weapon__A__42","weapon","A","equipment","core:iron_blade","1"
"weapon__A__42","weapon","A","equipment","core:ward_orbit","1"
"weapon__A__42","weapon","A","equipment","core:carpenter_hammer","1"
"weapon__A__42","weapon","A","equipment","core:hedge_drum","1"
"weapon__A__42","weapon","A","equipment","core:muster_horn","1"
"weapon__A__42","weapon","A","equipment","core:seed_bag","1"
"weapon__A__42","weapon","A","charter","core:guarded_harvest","19"
"weapon__A__42","weapon","A","charter","core:meal_oath","1"
"weapon__A__42","weapon","A","charter","core:rally_boundary","13"
"weapon__A__42","weapon","A","charter","core:repair_tithe","6"
"weapon__A__42","weapon","A","item","core:boundary_hinge","1"
"weapon__A__42","weapon","A","item","core:joiner_square","2"
"weapon__A__42","weapon","A","item","core:levy_bread_wrap","2"
"weapon__A__42","weapon","A","item","core:meadow_buckle","4"
"weapon__A__42","weapon","A","item","core:muster_roll","3"
"weapon__A__42","weapon","A","item","core:return_path_knot","3"
"weapon__A__42","weapon","A","item","core:root_binding_cord","2"
"weapon__A__42","weapon","A","item","core:ruin_keystone","1"
"weapon__A__42","weapon","A","item","core:seed_pouch_lining","1"
"weapon__A__42","weapon","A","item","core:wind_seed_flag","5"
"weapon__A__42","weapon","A","evolution","core:sheltered_sowing","1"
"weapon__A__42","weapon","A","evolution","core:sowing_sworddance","1"
"weapon__A__43","weapon","A","equipment","core:ember_wand","1"
"weapon__A__43","weapon","A","equipment","core:harvest_scythe","1"
"weapon__A__43","weapon","A","equipment","core:iron_blade","1"
"weapon__A__43","weapon","A","equipment","core:ward_orbit","1"
"weapon__A__43","weapon","A","equipment","core:carpenter_hammer","1"
"weapon__A__43","weapon","A","equipment","core:hedge_drum","1"
"weapon__A__43","weapon","A","equipment","core:muster_horn","1"
"weapon__A__43","weapon","A","equipment","core:seed_bag","1"
"weapon__A__43","weapon","A","charter","core:guarded_harvest","21"
"weapon__A__43","weapon","A","charter","core:meal_oath","6"
"weapon__A__43","weapon","A","charter","core:rally_boundary","8"
"weapon__A__43","weapon","A","charter","core:repair_tithe","1"
"weapon__A__43","weapon","A","item","core:joiner_square","3"
"weapon__A__43","weapon","A","item","core:levy_bread_wrap","1"
"weapon__A__43","weapon","A","item","core:meadow_buckle","1"
"weapon__A__43","weapon","A","item","core:muster_roll","4"
"weapon__A__43","weapon","A","item","core:return_path_knot","3"
"weapon__A__43","weapon","A","item","core:root_binding_cord","4"
"weapon__A__43","weapon","A","item","core:ruin_keystone","1"
"weapon__A__43","weapon","A","item","core:scaffold_step","1"
"weapon__A__43","weapon","A","item","core:shock_absorber_pad","4"
"weapon__A__43","weapon","A","item","core:wind_seed_flag","2"
"weapon__A__43","weapon","A","evolution","core:sheltered_sowing","1"
"weapon__A__43","weapon","A","evolution","core:sowing_sworddance","1"
"weapon__A__44","weapon","A","equipment","core:ember_wand","1"
"weapon__A__44","weapon","A","equipment","core:harvest_scythe","1"
"weapon__A__44","weapon","A","equipment","core:iron_blade","1"
"weapon__A__44","weapon","A","equipment","core:ward_orbit","1"
"weapon__A__44","weapon","A","equipment","core:muster_horn","1"
"weapon__A__44","weapon","A","equipment","core:seed_bag","1"
"weapon__A__44","weapon","A","charter","core:guarded_harvest","19"
"weapon__A__44","weapon","A","charter","core:meal_oath","2"
"weapon__A__44","weapon","A","charter","core:rally_boundary","13"
"weapon__A__44","weapon","A","charter","core:repair_tithe","2"
"weapon__A__44","weapon","A","item","core:levy_bread_wrap","1"
"weapon__A__44","weapon","A","item","core:meadow_buckle","6"
"weapon__A__44","weapon","A","item","core:muster_roll","1"
"weapon__A__44","weapon","A","item","core:return_path_knot","5"
"weapon__A__44","weapon","A","item","core:root_binding_cord","4"
"weapon__A__44","weapon","A","item","core:seed_pouch_lining","5"
"weapon__A__44","weapon","A","item","core:wind_seed_flag","2"
"weapon__A__44","weapon","A","evolution","core:sowing_sworddance","1"
"weapon__A__45","weapon","A","equipment","core:ember_wand","1"
"weapon__A__45","weapon","A","equipment","core:harvest_scythe","1"
"weapon__A__45","weapon","A","equipment","core:iron_blade","1"
"weapon__A__45","weapon","A","equipment","core:ward_orbit","1"
"weapon__A__45","weapon","A","equipment","core:muster_horn","1"
"weapon__A__45","weapon","A","equipment","core:seed_bag","1"
"weapon__A__45","weapon","A","charter","core:guarded_harvest","18"
"weapon__A__45","weapon","A","charter","core:meal_oath","5"
"weapon__A__45","weapon","A","charter","core:rally_boundary","4"
"weapon__A__45","weapon","A","charter","core:repair_tithe","1"
"weapon__A__45","weapon","A","item","core:levy_bread_wrap","2"
"weapon__A__45","weapon","A","item","core:meadow_buckle","2"
"weapon__A__45","weapon","A","item","core:muster_roll","4"
"weapon__A__45","weapon","A","item","core:return_path_knot","4"
"weapon__A__45","weapon","A","item","core:root_binding_cord","4"
"weapon__A__45","weapon","A","item","core:seed_pouch_lining","2"
"weapon__A__45","weapon","A","item","core:wind_seed_flag","5"
"weapon__A__45","weapon","A","evolution","core:sowing_sworddance","1"
"weapon__A__46","weapon","A","equipment","core:ember_wand","1"
"weapon__A__46","weapon","A","equipment","core:harvest_scythe","1"
"weapon__A__46","weapon","A","equipment","core:iron_blade","1"
"weapon__A__46","weapon","A","equipment","core:ward_orbit","1"
"weapon__A__46","weapon","A","equipment","core:carpenter_hammer","1"
"weapon__A__46","weapon","A","equipment","core:hedge_drum","1"
"weapon__A__46","weapon","A","equipment","core:muster_horn","1"
"weapon__A__46","weapon","A","equipment","core:seed_bag","1"
"weapon__A__46","weapon","A","charter","core:guarded_harvest","20"
"weapon__A__46","weapon","A","charter","core:meal_oath","2"
"weapon__A__46","weapon","A","charter","core:rally_boundary","7"
"weapon__A__46","weapon","A","item","core:joiner_square","3"
"weapon__A__46","weapon","A","item","core:meadow_buckle","3"
"weapon__A__46","weapon","A","item","core:muster_roll","1"
"weapon__A__46","weapon","A","item","core:return_path_knot","2"
"weapon__A__46","weapon","A","item","core:root_binding_cord","2"
"weapon__A__46","weapon","A","item","core:ruin_keystone","1"
"weapon__A__46","weapon","A","item","core:scaffold_step","2"
"weapon__A__46","weapon","A","item","core:seed_pouch_lining","4"
"weapon__A__46","weapon","A","item","core:shock_absorber_pad","3"
"weapon__A__46","weapon","A","item","core:wind_seed_flag","3"
"weapon__A__46","weapon","A","evolution","core:sheltered_sowing","1"
"weapon__A__46","weapon","A","evolution","core:sowing_sworddance","1"
"weapon__A__47","weapon","A","equipment","core:ember_wand","1"
"weapon__A__47","weapon","A","equipment","core:harvest_scythe","1"
"weapon__A__47","weapon","A","equipment","core:iron_blade","1"
"weapon__A__47","weapon","A","equipment","core:ward_orbit","1"
"weapon__A__47","weapon","A","equipment","core:carpenter_hammer","1"
"weapon__A__47","weapon","A","equipment","core:muster_horn","1"
"weapon__A__47","weapon","A","equipment","core:seed_bag","1"
"weapon__A__47","weapon","A","charter","core:guarded_harvest","14"
"weapon__A__47","weapon","A","charter","core:meal_oath","7"
"weapon__A__47","weapon","A","charter","core:rally_boundary","7"
"weapon__A__47","weapon","A","item","core:boundary_hinge","1"
"weapon__A__47","weapon","A","item","core:joiner_square","1"
"weapon__A__47","weapon","A","item","core:levy_bread_wrap","3"
"weapon__A__47","weapon","A","item","core:meadow_buckle","2"
"weapon__A__47","weapon","A","item","core:muster_roll","1"
"weapon__A__47","weapon","A","item","core:return_path_knot","6"
"weapon__A__47","weapon","A","item","core:root_binding_cord","2"
"weapon__A__47","weapon","A","item","core:scaffold_step","1"
"weapon__A__47","weapon","A","item","core:seed_pouch_lining","5"
"weapon__A__47","weapon","A","item","core:wind_seed_flag","2"
"weapon__A__47","weapon","A","evolution","core:sheltered_sowing","1"
"weapon__A__47","weapon","A","evolution","core:sowing_sworddance","1"
"weapon__A__48","weapon","A","equipment","core:ember_wand","1"
"weapon__A__48","weapon","A","equipment","core:harvest_scythe","1"
"weapon__A__48","weapon","A","equipment","core:iron_blade","1"
"weapon__A__48","weapon","A","equipment","core:ward_orbit","1"
"weapon__A__48","weapon","A","equipment","core:muster_horn","1"
"weapon__A__48","weapon","A","equipment","core:seed_bag","1"
"weapon__A__48","weapon","A","charter","core:guarded_harvest","28"
"weapon__A__48","weapon","A","charter","core:meal_oath","3"
"weapon__A__48","weapon","A","charter","core:rally_boundary","9"
"weapon__A__48","weapon","A","item","core:levy_bread_wrap","4"
"weapon__A__48","weapon","A","item","core:meadow_buckle","7"
"weapon__A__48","weapon","A","item","core:muster_roll","4"
"weapon__A__48","weapon","A","item","core:root_binding_cord","2"
"weapon__A__48","weapon","A","item","core:seed_pouch_lining","2"
"weapon__A__48","weapon","A","item","core:wind_seed_flag","5"
"weapon__A__48","weapon","A","evolution","core:sowing_sworddance","1"
"weapon__A__49","weapon","A","equipment","core:ember_wand","1"
"weapon__A__49","weapon","A","equipment","core:harvest_scythe","1"
"weapon__A__49","weapon","A","equipment","core:iron_blade","1"
"weapon__A__49","weapon","A","equipment","core:ward_orbit","1"
"weapon__A__49","weapon","A","equipment","core:muster_horn","1"
"weapon__A__49","weapon","A","equipment","core:seed_bag","1"
"weapon__A__49","weapon","A","charter","core:guarded_harvest","32"
"weapon__A__49","weapon","A","charter","core:meal_oath","4"
"weapon__A__49","weapon","A","charter","core:rally_boundary","7"
"weapon__A__49","weapon","A","item","core:levy_bread_wrap","2"
"weapon__A__49","weapon","A","item","core:meadow_buckle","2"
"weapon__A__49","weapon","A","item","core:muster_roll","2"
"weapon__A__49","weapon","A","item","core:return_path_knot","5"
"weapon__A__49","weapon","A","item","core:root_binding_cord","4"
"weapon__A__49","weapon","A","item","core:seed_pouch_lining","5"
"weapon__A__49","weapon","A","item","core:wind_seed_flag","4"
"weapon__A__49","weapon","A","evolution","core:sowing_sworddance","1"
"weapon__A__50","weapon","A","equipment","core:ember_wand","1"
"weapon__A__50","weapon","A","equipment","core:harvest_scythe","1"
"weapon__A__50","weapon","A","equipment","core:iron_blade","1"
"weapon__A__50","weapon","A","equipment","core:ward_orbit","1"
"weapon__A__50","weapon","A","equipment","core:muster_horn","1"
"weapon__A__50","weapon","A","equipment","core:seed_bag","1"
"weapon__A__50","weapon","A","charter","core:guarded_harvest","17"
"weapon__A__50","weapon","A","charter","core:meal_oath","4"
"weapon__A__50","weapon","A","charter","core:rally_boundary","6"
"weapon__A__50","weapon","A","item","core:levy_bread_wrap","1"
"weapon__A__50","weapon","A","item","core:meadow_buckle","7"
"weapon__A__50","weapon","A","item","core:muster_roll","2"
"weapon__A__50","weapon","A","item","core:return_path_knot","3"
"weapon__A__50","weapon","A","item","core:root_binding_cord","4"
"weapon__A__50","weapon","A","item","core:seed_pouch_lining","4"
"weapon__A__50","weapon","A","item","core:wind_seed_flag","2"
"weapon__A__50","weapon","A","evolution","core:sowing_sworddance","1"
"weapon__A__51","weapon","A","equipment","core:ember_wand","1"
"weapon__A__51","weapon","A","equipment","core:harvest_scythe","1"
"weapon__A__51","weapon","A","equipment","core:iron_blade","1"
"weapon__A__51","weapon","A","equipment","core:ward_orbit","1"
"weapon__A__51","weapon","A","equipment","core:muster_horn","1"
"weapon__A__51","weapon","A","equipment","core:seed_bag","1"
"weapon__A__51","weapon","A","charter","core:guarded_harvest","16"
"weapon__A__51","weapon","A","charter","core:meal_oath","6"
"weapon__A__51","weapon","A","charter","core:rally_boundary","12"
"weapon__A__51","weapon","A","charter","core:repair_tithe","2"
"weapon__A__51","weapon","A","item","core:levy_bread_wrap","2"
"weapon__A__51","weapon","A","item","core:meadow_buckle","6"
"weapon__A__51","weapon","A","item","core:muster_roll","6"
"weapon__A__51","weapon","A","item","core:return_path_knot","3"
"weapon__A__51","weapon","A","item","core:root_binding_cord","3"
"weapon__A__51","weapon","A","item","core:wind_seed_flag","4"
"weapon__A__51","weapon","A","evolution","core:sowing_sworddance","1"
"weapon__A__52","weapon","A","equipment","core:ember_wand","1"
"weapon__A__52","weapon","A","equipment","core:harvest_scythe","1"
"weapon__A__52","weapon","A","equipment","core:iron_blade","1"
"weapon__A__52","weapon","A","equipment","core:ward_orbit","1"
"weapon__A__52","weapon","A","equipment","core:carpenter_hammer","1"
"weapon__A__52","weapon","A","equipment","core:hedge_drum","1"
"weapon__A__52","weapon","A","equipment","core:muster_horn","1"
"weapon__A__52","weapon","A","equipment","core:seed_bag","1"
"weapon__A__52","weapon","A","charter","core:guarded_harvest","26"
"weapon__A__52","weapon","A","charter","core:meal_oath","3"
"weapon__A__52","weapon","A","charter","core:rally_boundary","2"
"weapon__A__52","weapon","A","item","core:joiner_square","2"
"weapon__A__52","weapon","A","item","core:levy_bread_wrap","3"
"weapon__A__52","weapon","A","item","core:meadow_buckle","2"
"weapon__A__52","weapon","A","item","core:muster_roll","1"
"weapon__A__52","weapon","A","item","core:return_path_knot","2"
"weapon__A__52","weapon","A","item","core:root_binding_cord","6"
"weapon__A__52","weapon","A","item","core:seed_pouch_lining","2"
"weapon__A__52","weapon","A","item","core:shock_absorber_pad","1"
"weapon__A__52","weapon","A","item","core:wind_seed_flag","5"
"weapon__A__52","weapon","A","evolution","core:sheltered_sowing","1"
"weapon__A__52","weapon","A","evolution","core:sowing_sworddance","1"
"weapon__A__53","weapon","A","equipment","core:ember_wand","1"
"weapon__A__53","weapon","A","equipment","core:harvest_scythe","1"
"weapon__A__53","weapon","A","equipment","core:iron_blade","1"
"weapon__A__53","weapon","A","equipment","core:ward_orbit","1"
"weapon__A__53","weapon","A","equipment","core:carpenter_hammer","1"
"weapon__A__53","weapon","A","equipment","core:hedge_drum","1"
"weapon__A__53","weapon","A","equipment","core:muster_horn","1"
"weapon__A__53","weapon","A","equipment","core:seed_bag","1"
"weapon__A__53","weapon","A","charter","core:guarded_harvest","27"
"weapon__A__53","weapon","A","charter","core:meal_oath","5"
"weapon__A__53","weapon","A","charter","core:rally_boundary","10"
"weapon__A__53","weapon","A","item","core:boundary_hinge","2"
"weapon__A__53","weapon","A","item","core:joiner_square","3"
"weapon__A__53","weapon","A","item","core:levy_bread_wrap","3"
"weapon__A__53","weapon","A","item","core:meadow_buckle","3"
"weapon__A__53","weapon","A","item","core:return_path_knot","1"
"weapon__A__53","weapon","A","item","core:root_binding_cord","4"
"weapon__A__53","weapon","A","item","core:ruin_keystone","1"
"weapon__A__53","weapon","A","item","core:scaffold_step","1"
"weapon__A__53","weapon","A","item","core:seed_pouch_lining","2"
"weapon__A__53","weapon","A","item","core:shock_absorber_pad","2"
"weapon__A__53","weapon","A","item","core:wind_seed_flag","2"
"weapon__A__53","weapon","A","evolution","core:sheltered_sowing","1"
"weapon__A__53","weapon","A","evolution","core:sowing_sworddance","1"
"weapon__A__54","weapon","A","equipment","core:ember_wand","1"
"weapon__A__54","weapon","A","equipment","core:harvest_scythe","1"
"weapon__A__54","weapon","A","equipment","core:iron_blade","1"
"weapon__A__54","weapon","A","equipment","core:ward_orbit","1"
"weapon__A__54","weapon","A","equipment","core:hedge_drum","1"
"weapon__A__54","weapon","A","equipment","core:muster_horn","1"
"weapon__A__54","weapon","A","equipment","core:seed_bag","1"
"weapon__A__54","weapon","A","charter","core:guarded_harvest","25"
"weapon__A__54","weapon","A","charter","core:meal_oath","6"
"weapon__A__54","weapon","A","charter","core:rally_boundary","17"
"weapon__A__54","weapon","A","item","core:joiner_square","2"
"weapon__A__54","weapon","A","item","core:levy_bread_wrap","3"
"weapon__A__54","weapon","A","item","core:meadow_buckle","6"
"weapon__A__54","weapon","A","item","core:muster_roll","1"
"weapon__A__54","weapon","A","item","core:return_path_knot","3"
"weapon__A__54","weapon","A","item","core:root_binding_cord","2"
"weapon__A__54","weapon","A","item","core:scaffold_step","3"
"weapon__A__54","weapon","A","item","core:seed_pouch_lining","1"
"weapon__A__54","weapon","A","item","core:wind_seed_flag","3"
"weapon__A__54","weapon","A","evolution","core:sowing_sworddance","1"
"weapon__A__55","weapon","A","equipment","core:ember_wand","1"
"weapon__A__55","weapon","A","equipment","core:harvest_scythe","1"
"weapon__A__55","weapon","A","equipment","core:iron_blade","1"
"weapon__A__55","weapon","A","equipment","core:ward_orbit","1"
"weapon__A__55","weapon","A","equipment","core:muster_horn","1"
"weapon__A__55","weapon","A","equipment","core:seed_bag","1"
"weapon__A__55","weapon","A","charter","core:guarded_harvest","17"
"weapon__A__55","weapon","A","charter","core:meal_oath","8"
"weapon__A__55","weapon","A","charter","core:rally_boundary","7"
"weapon__A__55","weapon","A","item","core:meadow_buckle","4"
"weapon__A__55","weapon","A","item","core:muster_roll","3"
"weapon__A__55","weapon","A","item","core:return_path_knot","5"
"weapon__A__55","weapon","A","item","core:root_binding_cord","3"
"weapon__A__55","weapon","A","item","core:seed_pouch_lining","5"
"weapon__A__55","weapon","A","item","core:wind_seed_flag","3"
"weapon__A__55","weapon","A","evolution","core:sowing_sworddance","1"
"weapon__A__56","weapon","A","equipment","core:ember_wand","1"
"weapon__A__56","weapon","A","equipment","core:harvest_scythe","1"
"weapon__A__56","weapon","A","equipment","core:iron_blade","1"
"weapon__A__56","weapon","A","equipment","core:ward_orbit","1"
"weapon__A__56","weapon","A","equipment","core:muster_horn","1"
"weapon__A__56","weapon","A","equipment","core:seed_bag","1"
"weapon__A__56","weapon","A","charter","core:guarded_harvest","20"
"weapon__A__56","weapon","A","charter","core:meal_oath","11"
"weapon__A__56","weapon","A","charter","core:rally_boundary","8"
"weapon__A__56","weapon","A","item","core:levy_bread_wrap","2"
"weapon__A__56","weapon","A","item","core:meadow_buckle","1"
"weapon__A__56","weapon","A","item","core:muster_roll","4"
"weapon__A__56","weapon","A","item","core:return_path_knot","3"
"weapon__A__56","weapon","A","item","core:root_binding_cord","5"
"weapon__A__56","weapon","A","item","core:seed_pouch_lining","2"
"weapon__A__56","weapon","A","item","core:wind_seed_flag","7"
"weapon__A__56","weapon","A","evolution","core:sowing_sworddance","1"
"weapon__A__57","weapon","A","equipment","core:ember_wand","1"
"weapon__A__57","weapon","A","equipment","core:harvest_scythe","1"
"weapon__A__57","weapon","A","equipment","core:iron_blade","1"
"weapon__A__57","weapon","A","equipment","core:ward_orbit","1"
"weapon__A__57","weapon","A","equipment","core:muster_horn","1"
"weapon__A__57","weapon","A","equipment","core:seed_bag","1"
"weapon__A__57","weapon","A","charter","core:guarded_harvest","22"
"weapon__A__57","weapon","A","charter","core:meal_oath","13"
"weapon__A__57","weapon","A","charter","core:rally_boundary","8"
"weapon__A__57","weapon","A","item","core:levy_bread_wrap","3"
"weapon__A__57","weapon","A","item","core:meadow_buckle","2"
"weapon__A__57","weapon","A","item","core:muster_roll","5"
"weapon__A__57","weapon","A","item","core:return_path_knot","5"
"weapon__A__57","weapon","A","item","core:root_binding_cord","2"
"weapon__A__57","weapon","A","item","core:seed_pouch_lining","3"
"weapon__A__57","weapon","A","item","core:wind_seed_flag","3"
"weapon__A__57","weapon","A","evolution","core:sowing_sworddance","1"
"weapon__A__58","weapon","A","equipment","core:ember_wand","1"
"weapon__A__58","weapon","A","equipment","core:harvest_scythe","1"
"weapon__A__58","weapon","A","equipment","core:iron_blade","1"
"weapon__A__58","weapon","A","equipment","core:ward_orbit","1"
"weapon__A__58","weapon","A","equipment","core:muster_horn","1"
"weapon__A__58","weapon","A","equipment","core:seed_bag","1"
"weapon__A__58","weapon","A","charter","core:guarded_harvest","25"
"weapon__A__58","weapon","A","charter","core:meal_oath","2"
"weapon__A__58","weapon","A","charter","core:rally_boundary","4"
"weapon__A__58","weapon","A","charter","core:repair_tithe","3"
"weapon__A__58","weapon","A","item","core:levy_bread_wrap","7"
"weapon__A__58","weapon","A","item","core:meadow_buckle","5"
"weapon__A__58","weapon","A","item","core:muster_roll","2"
"weapon__A__58","weapon","A","item","core:return_path_knot","2"
"weapon__A__58","weapon","A","item","core:root_binding_cord","4"
"weapon__A__58","weapon","A","item","core:seed_pouch_lining","2"
"weapon__A__58","weapon","A","item","core:wind_seed_flag","2"
"weapon__A__58","weapon","A","evolution","core:sowing_sworddance","1"
"weapon__A__59","weapon","A","equipment","core:ember_wand","1"
"weapon__A__59","weapon","A","equipment","core:harvest_scythe","1"
"weapon__A__59","weapon","A","equipment","core:iron_blade","1"
"weapon__A__59","weapon","A","equipment","core:ward_orbit","1"
"weapon__A__59","weapon","A","equipment","core:carpenter_hammer","1"
"weapon__A__59","weapon","A","equipment","core:muster_horn","1"
"weapon__A__59","weapon","A","equipment","core:seed_bag","1"
"weapon__A__59","weapon","A","charter","core:guarded_harvest","25"
"weapon__A__59","weapon","A","charter","core:meal_oath","8"
"weapon__A__59","weapon","A","charter","core:rally_boundary","5"
"weapon__A__59","weapon","A","charter","core:repair_tithe","2"
"weapon__A__59","weapon","A","item","core:boundary_hinge","1"
"weapon__A__59","weapon","A","item","core:joiner_square","2"
"weapon__A__59","weapon","A","item","core:meadow_buckle","3"
"weapon__A__59","weapon","A","item","core:muster_roll","1"
"weapon__A__59","weapon","A","item","core:return_path_knot","2"
"weapon__A__59","weapon","A","item","core:root_binding_cord","4"
"weapon__A__59","weapon","A","item","core:ruin_keystone","1"
"weapon__A__59","weapon","A","item","core:scaffold_step","1"
"weapon__A__59","weapon","A","item","core:seed_pouch_lining","2"
"weapon__A__59","weapon","A","item","core:shock_absorber_pad","3"
"weapon__A__59","weapon","A","item","core:wind_seed_flag","4"
"weapon__A__59","weapon","A","evolution","core:sheltered_sowing","1"
"weapon__A__59","weapon","A","evolution","core:sowing_sworddance","1"
"weapon__A__60","weapon","A","equipment","core:ember_wand","1"
"weapon__A__60","weapon","A","equipment","core:harvest_scythe","1"
"weapon__A__60","weapon","A","equipment","core:iron_blade","1"
"weapon__A__60","weapon","A","equipment","core:ward_orbit","1"
"weapon__A__60","weapon","A","equipment","core:carpenter_hammer","1"
"weapon__A__60","weapon","A","equipment","core:hedge_drum","1"
"weapon__A__60","weapon","A","equipment","core:muster_horn","1"
"weapon__A__60","weapon","A","equipment","core:seed_bag","1"
"weapon__A__60","weapon","A","charter","core:guarded_harvest","17"
"weapon__A__60","weapon","A","charter","core:meal_oath","7"
"weapon__A__60","weapon","A","charter","core:rally_boundary","3"
"weapon__A__60","weapon","A","charter","core:repair_tithe","2"
"weapon__A__60","weapon","A","item","core:boundary_hinge","3"
"weapon__A__60","weapon","A","item","core:levy_bread_wrap","1"
"weapon__A__60","weapon","A","item","core:meadow_buckle","2"
"weapon__A__60","weapon","A","item","core:muster_roll","1"
"weapon__A__60","weapon","A","item","core:root_binding_cord","5"
"weapon__A__60","weapon","A","item","core:ruin_keystone","1"
"weapon__A__60","weapon","A","item","core:scaffold_step","3"
"weapon__A__60","weapon","A","item","core:seed_pouch_lining","5"
"weapon__A__60","weapon","A","item","core:shock_absorber_pad","3"
"weapon__A__60","weapon","A","evolution","core:sheltered_sowing","1"
"weapon__A__60","weapon","A","evolution","core:sowing_sworddance","1"
"weapon__A__61","weapon","A","equipment","core:ember_wand","1"
"weapon__A__61","weapon","A","equipment","core:harvest_scythe","1"
"weapon__A__61","weapon","A","equipment","core:iron_blade","1"
"weapon__A__61","weapon","A","equipment","core:ward_orbit","1"
"weapon__A__61","weapon","A","equipment","core:muster_horn","1"
"weapon__A__61","weapon","A","equipment","core:seed_bag","1"
"weapon__A__61","weapon","A","charter","core:guarded_harvest","21"
"weapon__A__61","weapon","A","charter","core:meal_oath","7"
"weapon__A__61","weapon","A","charter","core:rally_boundary","8"
"weapon__A__61","weapon","A","item","core:levy_bread_wrap","4"
"weapon__A__61","weapon","A","item","core:meadow_buckle","3"
"weapon__A__61","weapon","A","item","core:return_path_knot","3"
"weapon__A__61","weapon","A","item","core:root_binding_cord","6"
"weapon__A__61","weapon","A","item","core:seed_pouch_lining","5"
"weapon__A__61","weapon","A","item","core:wind_seed_flag","3"
"weapon__A__61","weapon","A","evolution","core:sowing_sworddance","1"
"weapon__A__62","weapon","A","equipment","core:ember_wand","1"
"weapon__A__62","weapon","A","equipment","core:harvest_scythe","1"
"weapon__A__62","weapon","A","equipment","core:iron_blade","1"
"weapon__A__62","weapon","A","equipment","core:ward_orbit","1"
"weapon__A__62","weapon","A","equipment","core:carpenter_hammer","1"
"weapon__A__62","weapon","A","equipment","core:hedge_drum","1"
"weapon__A__62","weapon","A","equipment","core:muster_horn","1"
"weapon__A__62","weapon","A","equipment","core:seed_bag","1"
"weapon__A__62","weapon","A","charter","core:guarded_harvest","19"
"weapon__A__62","weapon","A","charter","core:meal_oath","10"
"weapon__A__62","weapon","A","charter","core:rally_boundary","12"
"weapon__A__62","weapon","A","charter","core:repair_tithe","5"
"weapon__A__62","weapon","A","item","core:boundary_hinge","4"
"weapon__A__62","weapon","A","item","core:joiner_square","2"
"weapon__A__62","weapon","A","item","core:meadow_buckle","2"
"weapon__A__62","weapon","A","item","core:muster_roll","1"
"weapon__A__62","weapon","A","item","core:return_path_knot","3"
"weapon__A__62","weapon","A","item","core:root_binding_cord","2"
"weapon__A__62","weapon","A","item","core:ruin_keystone","2"
"weapon__A__62","weapon","A","item","core:scaffold_step","3"
"weapon__A__62","weapon","A","item","core:shock_absorber_pad","2"
"weapon__A__62","weapon","A","item","core:wind_seed_flag","3"
"weapon__A__62","weapon","A","evolution","core:sheltered_sowing","1"
"weapon__A__62","weapon","A","evolution","core:sowing_sworddance","1"
"weapon__A__63","weapon","A","equipment","core:ember_wand","1"
"weapon__A__63","weapon","A","equipment","core:harvest_scythe","1"
"weapon__A__63","weapon","A","equipment","core:iron_blade","1"
"weapon__A__63","weapon","A","equipment","core:ward_orbit","1"
"weapon__A__63","weapon","A","equipment","core:carpenter_hammer","1"
"weapon__A__63","weapon","A","equipment","core:hedge_drum","1"
"weapon__A__63","weapon","A","equipment","core:muster_horn","1"
"weapon__A__63","weapon","A","equipment","core:seed_bag","1"
"weapon__A__63","weapon","A","charter","core:guarded_harvest","13"
"weapon__A__63","weapon","A","charter","core:meal_oath","5"
"weapon__A__63","weapon","A","charter","core:rally_boundary","6"
"weapon__A__63","weapon","A","charter","core:repair_tithe","1"
"weapon__A__63","weapon","A","item","core:boundary_hinge","1"
"weapon__A__63","weapon","A","item","core:joiner_square","3"
"weapon__A__63","weapon","A","item","core:levy_bread_wrap","2"
"weapon__A__63","weapon","A","item","core:meadow_buckle","2"
"weapon__A__63","weapon","A","item","core:return_path_knot","3"
"weapon__A__63","weapon","A","item","core:root_binding_cord","2"
"weapon__A__63","weapon","A","item","core:ruin_keystone","2"
"weapon__A__63","weapon","A","item","core:scaffold_step","4"
"weapon__A__63","weapon","A","item","core:seed_pouch_lining","2"
"weapon__A__63","weapon","A","item","core:shock_absorber_pad","2"
"weapon__A__63","weapon","A","item","core:wind_seed_flag","1"
"weapon__A__63","weapon","A","evolution","core:sheltered_sowing","1"
"weapon__A__63","weapon","A","evolution","core:sowing_sworddance","1"
"weapon__A__64","weapon","A","equipment","core:ember_wand","1"
"weapon__A__64","weapon","A","equipment","core:harvest_scythe","1"
"weapon__A__64","weapon","A","equipment","core:iron_blade","1"
"weapon__A__64","weapon","A","equipment","core:ward_orbit","1"
"weapon__A__64","weapon","A","equipment","core:muster_horn","1"
"weapon__A__64","weapon","A","equipment","core:seed_bag","1"
"weapon__A__64","weapon","A","charter","core:guarded_harvest","19"
"weapon__A__64","weapon","A","charter","core:meal_oath","4"
"weapon__A__64","weapon","A","charter","core:rally_boundary","10"
"weapon__A__64","weapon","A","item","core:levy_bread_wrap","5"
"weapon__A__64","weapon","A","item","core:meadow_buckle","3"
"weapon__A__64","weapon","A","item","core:muster_roll","3"
"weapon__A__64","weapon","A","item","core:return_path_knot","1"
"weapon__A__64","weapon","A","item","core:root_binding_cord","4"
"weapon__A__64","weapon","A","item","core:seed_pouch_lining","2"
"weapon__A__64","weapon","A","item","core:wind_seed_flag","6"
"weapon__A__64","weapon","A","evolution","core:sowing_sworddance","1"
"weapon__A__65","weapon","A","equipment","core:ember_wand","1"
"weapon__A__65","weapon","A","equipment","core:harvest_scythe","1"
"weapon__A__65","weapon","A","equipment","core:iron_blade","1"
"weapon__A__65","weapon","A","equipment","core:ward_orbit","1"
"weapon__A__65","weapon","A","equipment","core:muster_horn","1"
"weapon__A__65","weapon","A","equipment","core:seed_bag","1"
"weapon__A__65","weapon","A","charter","core:guarded_harvest","29"
"weapon__A__65","weapon","A","charter","core:meal_oath","9"
"weapon__A__65","weapon","A","charter","core:rally_boundary","6"
"weapon__A__65","weapon","A","item","core:levy_bread_wrap","5"
"weapon__A__65","weapon","A","item","core:meadow_buckle","4"
"weapon__A__65","weapon","A","item","core:muster_roll","4"
"weapon__A__65","weapon","A","item","core:return_path_knot","5"
"weapon__A__65","weapon","A","item","core:root_binding_cord","1"
"weapon__A__65","weapon","A","item","core:seed_pouch_lining","3"
"weapon__A__65","weapon","A","item","core:wind_seed_flag","2"
"weapon__A__65","weapon","A","evolution","core:sowing_sworddance","1"
"weapon__A__66","weapon","A","equipment","core:ember_wand","1"
"weapon__A__66","weapon","A","equipment","core:harvest_scythe","1"
"weapon__A__66","weapon","A","equipment","core:iron_blade","1"
"weapon__A__66","weapon","A","equipment","core:ward_orbit","1"
"weapon__A__66","weapon","A","equipment","core:carpenter_hammer","1"
"weapon__A__66","weapon","A","equipment","core:hedge_drum","1"
"weapon__A__66","weapon","A","equipment","core:muster_horn","1"
"weapon__A__66","weapon","A","equipment","core:seed_bag","1"
"weapon__A__66","weapon","A","charter","core:guarded_harvest","19"
"weapon__A__66","weapon","A","charter","core:meal_oath","5"
"weapon__A__66","weapon","A","charter","core:rally_boundary","8"
"weapon__A__66","weapon","A","charter","core:repair_tithe","5"
"weapon__A__66","weapon","A","item","core:boundary_hinge","2"
"weapon__A__66","weapon","A","item","core:joiner_square","3"
"weapon__A__66","weapon","A","item","core:levy_bread_wrap","1"
"weapon__A__66","weapon","A","item","core:meadow_buckle","3"
"weapon__A__66","weapon","A","item","core:muster_roll","2"
"weapon__A__66","weapon","A","item","core:root_binding_cord","3"
"weapon__A__66","weapon","A","item","core:ruin_keystone","5"
"weapon__A__66","weapon","A","item","core:scaffold_step","1"
"weapon__A__66","weapon","A","item","core:seed_pouch_lining","3"
"weapon__A__66","weapon","A","item","core:wind_seed_flag","1"
"weapon__A__66","weapon","A","evolution","core:sheltered_sowing","1"
"weapon__A__66","weapon","A","evolution","core:sowing_sworddance","1"
"weapon__A__67","weapon","A","equipment","core:ember_wand","1"
"weapon__A__67","weapon","A","equipment","core:harvest_scythe","1"
"weapon__A__67","weapon","A","equipment","core:iron_blade","1"
"weapon__A__67","weapon","A","equipment","core:ward_orbit","1"
"weapon__A__67","weapon","A","equipment","core:carpenter_hammer","1"
"weapon__A__67","weapon","A","equipment","core:hedge_drum","1"
"weapon__A__67","weapon","A","equipment","core:muster_horn","1"
"weapon__A__67","weapon","A","equipment","core:seed_bag","1"
"weapon__A__67","weapon","A","charter","core:guarded_harvest","19"
"weapon__A__67","weapon","A","charter","core:meal_oath","7"
"weapon__A__67","weapon","A","charter","core:rally_boundary","8"
"weapon__A__67","weapon","A","charter","core:repair_tithe","1"
"weapon__A__67","weapon","A","item","core:boundary_hinge","3"
"weapon__A__67","weapon","A","item","core:joiner_square","1"
"weapon__A__67","weapon","A","item","core:levy_bread_wrap","4"
"weapon__A__67","weapon","A","item","core:meadow_buckle","2"
"weapon__A__67","weapon","A","item","core:muster_roll","1"
"weapon__A__67","weapon","A","item","core:return_path_knot","2"
"weapon__A__67","weapon","A","item","core:root_binding_cord","3"
"weapon__A__67","weapon","A","item","core:ruin_keystone","3"
"weapon__A__67","weapon","A","item","core:scaffold_step","1"
"weapon__A__67","weapon","A","item","core:seed_pouch_lining","2"
"weapon__A__67","weapon","A","item","core:wind_seed_flag","2"
"weapon__A__67","weapon","A","evolution","core:sheltered_sowing","1"
"weapon__A__67","weapon","A","evolution","core:sowing_sworddance","1"
"weapon__A__68","weapon","A","equipment","core:ember_wand","1"
"weapon__A__68","weapon","A","equipment","core:harvest_scythe","1"
"weapon__A__68","weapon","A","equipment","core:iron_blade","1"
"weapon__A__68","weapon","A","equipment","core:ward_orbit","1"
"weapon__A__68","weapon","A","equipment","core:hedge_drum","1"
"weapon__A__68","weapon","A","equipment","core:muster_horn","1"
"weapon__A__68","weapon","A","equipment","core:seed_bag","1"
"weapon__A__68","weapon","A","charter","core:guarded_harvest","16"
"weapon__A__68","weapon","A","charter","core:meal_oath","12"
"weapon__A__68","weapon","A","charter","core:rally_boundary","8"
"weapon__A__68","weapon","A","charter","core:repair_tithe","4"
"weapon__A__68","weapon","A","item","core:boundary_hinge","1"
"weapon__A__68","weapon","A","item","core:joiner_square","1"
"weapon__A__68","weapon","A","item","core:levy_bread_wrap","1"
"weapon__A__68","weapon","A","item","core:meadow_buckle","6"
"weapon__A__68","weapon","A","item","core:muster_roll","3"
"weapon__A__68","weapon","A","item","core:return_path_knot","2"
"weapon__A__68","weapon","A","item","core:root_binding_cord","3"
"weapon__A__68","weapon","A","item","core:scaffold_step","1"
"weapon__A__68","weapon","A","item","core:seed_pouch_lining","4"
"weapon__A__68","weapon","A","item","core:wind_seed_flag","1"
"weapon__A__68","weapon","A","evolution","core:sowing_sworddance","1"
"weapon__A__69","weapon","A","equipment","core:ember_wand","1"
"weapon__A__69","weapon","A","equipment","core:harvest_scythe","1"
"weapon__A__69","weapon","A","equipment","core:iron_blade","1"
"weapon__A__69","weapon","A","equipment","core:ward_orbit","1"
"weapon__A__69","weapon","A","equipment","core:carpenter_hammer","1"
"weapon__A__69","weapon","A","equipment","core:hedge_drum","1"
"weapon__A__69","weapon","A","equipment","core:muster_horn","1"
"weapon__A__69","weapon","A","equipment","core:seed_bag","1"
"weapon__A__69","weapon","A","charter","core:guarded_harvest","9"
"weapon__A__69","weapon","A","charter","core:meal_oath","4"
"weapon__A__69","weapon","A","charter","core:rally_boundary","5"
"weapon__A__69","weapon","A","charter","core:repair_tithe","2"
"weapon__A__69","weapon","A","item","core:boundary_hinge","3"
"weapon__A__69","weapon","A","item","core:joiner_square","2"
"weapon__A__69","weapon","A","item","core:meadow_buckle","2"
"weapon__A__69","weapon","A","item","core:muster_roll","1"
"weapon__A__69","weapon","A","item","core:return_path_knot","1"
"weapon__A__69","weapon","A","item","core:root_binding_cord","3"
"weapon__A__69","weapon","A","item","core:ruin_keystone","2"
"weapon__A__69","weapon","A","item","core:scaffold_step","1"
"weapon__A__69","weapon","A","item","core:seed_pouch_lining","3"
"weapon__A__69","weapon","A","item","core:shock_absorber_pad","1"
"weapon__A__69","weapon","A","item","core:wind_seed_flag","5"
"weapon__A__69","weapon","A","evolution","core:sheltered_sowing","1"
"weapon__A__69","weapon","A","evolution","core:sowing_sworddance","1"
"weapon__A__70","weapon","A","equipment","core:ember_wand","1"
"weapon__A__70","weapon","A","equipment","core:harvest_scythe","1"
"weapon__A__70","weapon","A","equipment","core:iron_blade","1"
"weapon__A__70","weapon","A","equipment","core:ward_orbit","1"
"weapon__A__70","weapon","A","equipment","core:hedge_drum","1"
"weapon__A__70","weapon","A","equipment","core:muster_horn","1"
"weapon__A__70","weapon","A","equipment","core:seed_bag","1"
"weapon__A__70","weapon","A","charter","core:guarded_harvest","20"
"weapon__A__70","weapon","A","charter","core:meal_oath","3"
"weapon__A__70","weapon","A","charter","core:rally_boundary","10"
"weapon__A__70","weapon","A","item","core:joiner_square","2"
"weapon__A__70","weapon","A","item","core:levy_bread_wrap","2"
"weapon__A__70","weapon","A","item","core:meadow_buckle","4"
"weapon__A__70","weapon","A","item","core:muster_roll","3"
"weapon__A__70","weapon","A","item","core:return_path_knot","1"
"weapon__A__70","weapon","A","item","core:root_binding_cord","4"
"weapon__A__70","weapon","A","item","core:seed_pouch_lining","5"
"weapon__A__70","weapon","A","item","core:wind_seed_flag","3"
"weapon__A__70","weapon","A","evolution","core:sowing_sworddance","1"
"weapon__A__71","weapon","A","equipment","core:ember_wand","1"
"weapon__A__71","weapon","A","equipment","core:harvest_scythe","1"
"weapon__A__71","weapon","A","equipment","core:iron_blade","1"
"weapon__A__71","weapon","A","equipment","core:ward_orbit","1"
"weapon__A__71","weapon","A","equipment","core:muster_horn","1"
"weapon__A__71","weapon","A","equipment","core:seed_bag","1"
"weapon__A__71","weapon","A","charter","core:guarded_harvest","21"
"weapon__A__71","weapon","A","charter","core:meal_oath","9"
"weapon__A__71","weapon","A","charter","core:rally_boundary","4"
"weapon__A__71","weapon","A","item","core:levy_bread_wrap","4"
"weapon__A__71","weapon","A","item","core:meadow_buckle","7"
"weapon__A__71","weapon","A","item","core:muster_roll","3"
"weapon__A__71","weapon","A","item","core:return_path_knot","2"
"weapon__A__71","weapon","A","item","core:root_binding_cord","7"
"weapon__A__71","weapon","A","item","core:seed_pouch_lining","1"
"weapon__A__71","weapon","A","evolution","core:sowing_sworddance","1"
"weapon__A__72","weapon","A","equipment","core:ember_wand","1"
"weapon__A__72","weapon","A","equipment","core:harvest_scythe","1"
"weapon__A__72","weapon","A","equipment","core:iron_blade","1"
"weapon__A__72","weapon","A","equipment","core:ward_orbit","1"
"weapon__A__72","weapon","A","equipment","core:muster_horn","1"
"weapon__A__72","weapon","A","equipment","core:seed_bag","1"
"weapon__A__72","weapon","A","charter","core:guarded_harvest","24"
"weapon__A__72","weapon","A","charter","core:meal_oath","10"
"weapon__A__72","weapon","A","charter","core:rally_boundary","7"
"weapon__A__72","weapon","A","item","core:levy_bread_wrap","2"
"weapon__A__72","weapon","A","item","core:meadow_buckle","1"
"weapon__A__72","weapon","A","item","core:muster_roll","3"
"weapon__A__72","weapon","A","item","core:return_path_knot","5"
"weapon__A__72","weapon","A","item","core:root_binding_cord","3"
"weapon__A__72","weapon","A","item","core:seed_pouch_lining","3"
"weapon__A__72","weapon","A","item","core:wind_seed_flag","7"
"weapon__A__72","weapon","A","evolution","core:sowing_sworddance","1"
"weapon__A__73","weapon","A","equipment","core:ember_wand","1"
"weapon__A__73","weapon","A","equipment","core:harvest_scythe","1"
"weapon__A__73","weapon","A","equipment","core:iron_blade","1"
"weapon__A__73","weapon","A","equipment","core:ward_orbit","1"
"weapon__A__73","weapon","A","equipment","core:hedge_drum","1"
"weapon__A__73","weapon","A","equipment","core:muster_horn","1"
"weapon__A__73","weapon","A","equipment","core:seed_bag","1"
"weapon__A__73","weapon","A","charter","core:guarded_harvest","22"
"weapon__A__73","weapon","A","charter","core:meal_oath","4"
"weapon__A__73","weapon","A","charter","core:rally_boundary","4"
"weapon__A__73","weapon","A","charter","core:repair_tithe","5"
"weapon__A__73","weapon","A","item","core:boundary_hinge","4"
"weapon__A__73","weapon","A","item","core:joiner_square","3"
"weapon__A__73","weapon","A","item","core:levy_bread_wrap","3"
"weapon__A__73","weapon","A","item","core:meadow_buckle","3"
"weapon__A__73","weapon","A","item","core:muster_roll","1"
"weapon__A__73","weapon","A","item","core:return_path_knot","6"
"weapon__A__73","weapon","A","item","core:root_binding_cord","3"
"weapon__A__73","weapon","A","item","core:wind_seed_flag","1"
"weapon__A__73","weapon","A","evolution","core:sowing_sworddance","1"
"weapon__B__42","weapon","B","equipment","core:ember_wand","1"
"weapon__B__42","weapon","B","equipment","core:harvest_scythe","1"
"weapon__B__42","weapon","B","equipment","core:iron_blade","1"
"weapon__B__42","weapon","B","equipment","core:ward_orbit","1"
"weapon__B__42","weapon","B","equipment","core:muster_horn","1"
"weapon__B__42","weapon","B","equipment","core:seed_bag","1"
"weapon__B__42","weapon","B","charter","core:guarded_harvest","28"
"weapon__B__42","weapon","B","charter","core:meal_oath","12"
"weapon__B__42","weapon","B","charter","core:rally_boundary","23"
"weapon__B__42","weapon","B","charter","core:repair_tithe","1"
"weapon__B__42","weapon","B","item","core:levy_bread_wrap","5"
"weapon__B__42","weapon","B","item","core:meadow_buckle","2"
"weapon__B__42","weapon","B","item","core:muster_roll","2"
"weapon__B__42","weapon","B","item","core:return_path_knot","5"
"weapon__B__42","weapon","B","item","core:root_binding_cord","3"
"weapon__B__42","weapon","B","item","core:seed_pouch_lining","4"
"weapon__B__42","weapon","B","item","core:wind_seed_flag","3"
"weapon__B__42","weapon","B","evolution","core:sowing_sworddance","1"
"weapon__B__43","weapon","B","equipment","core:ember_wand","1"
"weapon__B__43","weapon","B","equipment","core:harvest_scythe","1"
"weapon__B__43","weapon","B","equipment","core:iron_blade","1"
"weapon__B__43","weapon","B","equipment","core:ward_orbit","1"
"weapon__B__43","weapon","B","equipment","core:muster_horn","1"
"weapon__B__43","weapon","B","equipment","core:seed_bag","1"
"weapon__B__43","weapon","B","charter","core:guarded_harvest","29"
"weapon__B__43","weapon","B","charter","core:meal_oath","17"
"weapon__B__43","weapon","B","charter","core:rally_boundary","16"
"weapon__B__43","weapon","B","item","core:levy_bread_wrap","3"
"weapon__B__43","weapon","B","item","core:meadow_buckle","2"
"weapon__B__43","weapon","B","item","core:muster_roll","3"
"weapon__B__43","weapon","B","item","core:return_path_knot","5"
"weapon__B__43","weapon","B","item","core:root_binding_cord","2"
"weapon__B__43","weapon","B","item","core:seed_pouch_lining","5"
"weapon__B__43","weapon","B","item","core:wind_seed_flag","4"
"weapon__B__43","weapon","B","evolution","core:sowing_sworddance","1"
"weapon__B__44","weapon","B","equipment","core:ember_wand","1"
"weapon__B__44","weapon","B","equipment","core:harvest_scythe","1"
"weapon__B__44","weapon","B","equipment","core:iron_blade","1"
"weapon__B__44","weapon","B","equipment","core:ward_orbit","1"
"weapon__B__44","weapon","B","equipment","core:muster_horn","1"
"weapon__B__44","weapon","B","equipment","core:seed_bag","1"
"weapon__B__44","weapon","B","charter","core:guarded_harvest","32"
"weapon__B__44","weapon","B","charter","core:meal_oath","9"
"weapon__B__44","weapon","B","charter","core:rally_boundary","19"
"weapon__B__44","weapon","B","charter","core:repair_tithe","2"
"weapon__B__44","weapon","B","item","core:levy_bread_wrap","4"
"weapon__B__44","weapon","B","item","core:meadow_buckle","3"
"weapon__B__44","weapon","B","item","core:muster_roll","3"
"weapon__B__44","weapon","B","item","core:return_path_knot","4"
"weapon__B__44","weapon","B","item","core:root_binding_cord","4"
"weapon__B__44","weapon","B","item","core:seed_pouch_lining","4"
"weapon__B__44","weapon","B","item","core:wind_seed_flag","2"
"weapon__B__44","weapon","B","evolution","core:sowing_sworddance","1"
"weapon__B__45","weapon","B","equipment","core:ember_wand","1"
"weapon__B__45","weapon","B","equipment","core:harvest_scythe","1"
"weapon__B__45","weapon","B","equipment","core:iron_blade","1"
"weapon__B__45","weapon","B","equipment","core:ward_orbit","1"
"weapon__B__45","weapon","B","equipment","core:carpenter_hammer","1"
"weapon__B__45","weapon","B","equipment","core:hedge_drum","1"
"weapon__B__45","weapon","B","equipment","core:muster_horn","1"
"weapon__B__45","weapon","B","equipment","core:seed_bag","1"
"weapon__B__45","weapon","B","charter","core:guarded_harvest","19"
"weapon__B__45","weapon","B","charter","core:meal_oath","20"
"weapon__B__45","weapon","B","charter","core:rally_boundary","13"
"weapon__B__45","weapon","B","charter","core:repair_tithe","1"
"weapon__B__45","weapon","B","item","core:boundary_hinge","1"
"weapon__B__45","weapon","B","item","core:joiner_square","1"
"weapon__B__45","weapon","B","item","core:levy_bread_wrap","3"
"weapon__B__45","weapon","B","item","core:meadow_buckle","1"
"weapon__B__45","weapon","B","item","core:muster_roll","1"
"weapon__B__45","weapon","B","item","core:root_binding_cord","3"
"weapon__B__45","weapon","B","item","core:ruin_keystone","2"
"weapon__B__45","weapon","B","item","core:scaffold_step","1"
"weapon__B__45","weapon","B","item","core:seed_pouch_lining","3"
"weapon__B__45","weapon","B","item","core:shock_absorber_pad","4"
"weapon__B__45","weapon","B","item","core:wind_seed_flag","4"
"weapon__B__45","weapon","B","evolution","core:sheltered_sowing","1"
"weapon__B__45","weapon","B","evolution","core:sowing_sworddance","1"
"weapon__B__46","weapon","B","equipment","core:ember_wand","1"
"weapon__B__46","weapon","B","equipment","core:harvest_scythe","1"
"weapon__B__46","weapon","B","equipment","core:iron_blade","1"
"weapon__B__46","weapon","B","equipment","core:ward_orbit","1"
"weapon__B__46","weapon","B","equipment","core:muster_horn","1"
"weapon__B__46","weapon","B","equipment","core:seed_bag","1"
"weapon__B__46","weapon","B","charter","core:guarded_harvest","21"
"weapon__B__46","weapon","B","charter","core:meal_oath","20"
"weapon__B__46","weapon","B","charter","core:rally_boundary","27"
"weapon__B__46","weapon","B","item","core:levy_bread_wrap","5"
"weapon__B__46","weapon","B","item","core:meadow_buckle","6"
"weapon__B__46","weapon","B","item","core:muster_roll","1"
"weapon__B__46","weapon","B","item","core:return_path_knot","1"
"weapon__B__46","weapon","B","item","core:root_binding_cord","2"
"weapon__B__46","weapon","B","item","core:seed_pouch_lining","5"
"weapon__B__46","weapon","B","item","core:wind_seed_flag","4"
"weapon__B__46","weapon","B","evolution","core:sowing_sworddance","1"
"weapon__B__47","weapon","B","equipment","core:ember_wand","1"
"weapon__B__47","weapon","B","equipment","core:harvest_scythe","1"
"weapon__B__47","weapon","B","equipment","core:iron_blade","1"
"weapon__B__47","weapon","B","equipment","core:ward_orbit","1"
"weapon__B__47","weapon","B","equipment","core:carpenter_hammer","1"
"weapon__B__47","weapon","B","equipment","core:hedge_drum","1"
"weapon__B__47","weapon","B","equipment","core:muster_horn","1"
"weapon__B__47","weapon","B","equipment","core:seed_bag","1"
"weapon__B__47","weapon","B","charter","core:guarded_harvest","20"
"weapon__B__47","weapon","B","charter","core:meal_oath","12"
"weapon__B__47","weapon","B","charter","core:rally_boundary","10"
"weapon__B__47","weapon","B","charter","core:repair_tithe","1"
"weapon__B__47","weapon","B","item","core:boundary_hinge","2"
"weapon__B__47","weapon","B","item","core:joiner_square","2"
"weapon__B__47","weapon","B","item","core:levy_bread_wrap","3"
"weapon__B__47","weapon","B","item","core:meadow_buckle","1"
"weapon__B__47","weapon","B","item","core:muster_roll","3"
"weapon__B__47","weapon","B","item","core:return_path_knot","2"
"weapon__B__47","weapon","B","item","core:root_binding_cord","2"
"weapon__B__47","weapon","B","item","core:ruin_keystone","2"
"weapon__B__47","weapon","B","item","core:scaffold_step","1"
"weapon__B__47","weapon","B","item","core:seed_pouch_lining","4"
"weapon__B__47","weapon","B","item","core:shock_absorber_pad","2"
"weapon__B__47","weapon","B","evolution","core:sheltered_sowing","1"
"weapon__B__47","weapon","B","evolution","core:sowing_sworddance","1"
"weapon__B__48","weapon","B","equipment","core:ember_wand","1"
"weapon__B__48","weapon","B","equipment","core:harvest_scythe","1"
"weapon__B__48","weapon","B","equipment","core:iron_blade","1"
"weapon__B__48","weapon","B","equipment","core:ward_orbit","1"
"weapon__B__48","weapon","B","equipment","core:muster_horn","1"
"weapon__B__48","weapon","B","equipment","core:seed_bag","1"
"weapon__B__48","weapon","B","charter","core:guarded_harvest","30"
"weapon__B__48","weapon","B","charter","core:meal_oath","14"
"weapon__B__48","weapon","B","charter","core:rally_boundary","20"
"weapon__B__48","weapon","B","item","core:levy_bread_wrap","3"
"weapon__B__48","weapon","B","item","core:meadow_buckle","2"
"weapon__B__48","weapon","B","item","core:muster_roll","5"
"weapon__B__48","weapon","B","item","core:return_path_knot","3"
"weapon__B__48","weapon","B","item","core:root_binding_cord","2"
"weapon__B__48","weapon","B","item","core:seed_pouch_lining","3"
"weapon__B__48","weapon","B","item","core:wind_seed_flag","6"
"weapon__B__48","weapon","B","evolution","core:sowing_sworddance","1"
"weapon__B__49","weapon","B","equipment","core:ember_wand","1"
"weapon__B__49","weapon","B","equipment","core:harvest_scythe","1"
"weapon__B__49","weapon","B","equipment","core:iron_blade","1"
"weapon__B__49","weapon","B","equipment","core:ward_orbit","1"
"weapon__B__49","weapon","B","equipment","core:muster_horn","1"
"weapon__B__49","weapon","B","equipment","core:seed_bag","1"
"weapon__B__49","weapon","B","charter","core:guarded_harvest","13"
"weapon__B__49","weapon","B","charter","core:meal_oath","13"
"weapon__B__49","weapon","B","charter","core:rally_boundary","10"
"weapon__B__49","weapon","B","item","core:levy_bread_wrap","1"
"weapon__B__49","weapon","B","item","core:meadow_buckle","2"
"weapon__B__49","weapon","B","item","core:muster_roll","3"
"weapon__B__49","weapon","B","item","core:return_path_knot","4"
"weapon__B__49","weapon","B","item","core:root_binding_cord","6"
"weapon__B__49","weapon","B","item","core:seed_pouch_lining","6"
"weapon__B__49","weapon","B","item","core:wind_seed_flag","2"
"weapon__B__49","weapon","B","evolution","core:sowing_sworddance","1"
"weapon__B__50","weapon","B","equipment","core:ember_wand","1"
"weapon__B__50","weapon","B","equipment","core:harvest_scythe","1"
"weapon__B__50","weapon","B","equipment","core:iron_blade","1"
"weapon__B__50","weapon","B","equipment","core:ward_orbit","1"
"weapon__B__50","weapon","B","equipment","core:muster_horn","1"
"weapon__B__50","weapon","B","equipment","core:seed_bag","1"
"weapon__B__50","weapon","B","charter","core:guarded_harvest","27"
"weapon__B__50","weapon","B","charter","core:meal_oath","12"
"weapon__B__50","weapon","B","charter","core:rally_boundary","7"
"weapon__B__50","weapon","B","item","core:levy_bread_wrap","3"
"weapon__B__50","weapon","B","item","core:meadow_buckle","5"
"weapon__B__50","weapon","B","item","core:muster_roll","3"
"weapon__B__50","weapon","B","item","core:return_path_knot","2"
"weapon__B__50","weapon","B","item","core:root_binding_cord","2"
"weapon__B__50","weapon","B","item","core:seed_pouch_lining","6"
"weapon__B__50","weapon","B","item","core:wind_seed_flag","3"
"weapon__B__50","weapon","B","evolution","core:sowing_sworddance","1"
"weapon__B__51","weapon","B","equipment","core:ember_wand","1"
"weapon__B__51","weapon","B","equipment","core:harvest_scythe","1"
"weapon__B__51","weapon","B","equipment","core:iron_blade","1"
"weapon__B__51","weapon","B","equipment","core:ward_orbit","1"
"weapon__B__51","weapon","B","equipment","core:muster_horn","1"
"weapon__B__51","weapon","B","equipment","core:seed_bag","1"
"weapon__B__51","weapon","B","charter","core:guarded_harvest","38"
"weapon__B__51","weapon","B","charter","core:meal_oath","12"
"weapon__B__51","weapon","B","charter","core:rally_boundary","27"
"weapon__B__51","weapon","B","charter","core:repair_tithe","2"
"weapon__B__51","weapon","B","item","core:levy_bread_wrap","4"
"weapon__B__51","weapon","B","item","core:meadow_buckle","7"
"weapon__B__51","weapon","B","item","core:muster_roll","2"
"weapon__B__51","weapon","B","item","core:return_path_knot","3"
"weapon__B__51","weapon","B","item","core:root_binding_cord","1"
"weapon__B__51","weapon","B","item","core:seed_pouch_lining","4"
"weapon__B__51","weapon","B","item","core:wind_seed_flag","3"
"weapon__B__51","weapon","B","evolution","core:sowing_sworddance","1"
"weapon__B__52","weapon","B","equipment","core:ember_wand","1"
"weapon__B__52","weapon","B","equipment","core:harvest_scythe","1"
"weapon__B__52","weapon","B","equipment","core:iron_blade","1"
"weapon__B__52","weapon","B","equipment","core:ward_orbit","1"
"weapon__B__52","weapon","B","equipment","core:muster_horn","1"
"weapon__B__52","weapon","B","equipment","core:seed_bag","1"
"weapon__B__52","weapon","B","charter","core:guarded_harvest","24"
"weapon__B__52","weapon","B","charter","core:meal_oath","17"
"weapon__B__52","weapon","B","charter","core:rally_boundary","13"
"weapon__B__52","weapon","B","item","core:levy_bread_wrap","2"
"weapon__B__52","weapon","B","item","core:meadow_buckle","3"
"weapon__B__52","weapon","B","item","core:muster_roll","4"
"weapon__B__52","weapon","B","item","core:return_path_knot","3"
"weapon__B__52","weapon","B","item","core:root_binding_cord","7"
"weapon__B__52","weapon","B","item","core:seed_pouch_lining","3"
"weapon__B__52","weapon","B","item","core:wind_seed_flag","2"
"weapon__B__52","weapon","B","evolution","core:sowing_sworddance","1"
"weapon__B__53","weapon","B","equipment","core:ember_wand","1"
"weapon__B__53","weapon","B","equipment","core:harvest_scythe","1"
"weapon__B__53","weapon","B","equipment","core:iron_blade","1"
"weapon__B__53","weapon","B","equipment","core:ward_orbit","1"
"weapon__B__53","weapon","B","equipment","core:carpenter_hammer","1"
"weapon__B__53","weapon","B","equipment","core:hedge_drum","1"
"weapon__B__53","weapon","B","equipment","core:muster_horn","1"
"weapon__B__53","weapon","B","equipment","core:seed_bag","1"
"weapon__B__53","weapon","B","charter","core:guarded_harvest","21"
"weapon__B__53","weapon","B","charter","core:meal_oath","22"
"weapon__B__53","weapon","B","charter","core:rally_boundary","21"
"weapon__B__53","weapon","B","charter","core:repair_tithe","6"
"weapon__B__53","weapon","B","item","core:joiner_square","2"
"weapon__B__53","weapon","B","item","core:levy_bread_wrap","5"
"weapon__B__53","weapon","B","item","core:meadow_buckle","3"
"weapon__B__53","weapon","B","item","core:return_path_knot","3"
"weapon__B__53","weapon","B","item","core:root_binding_cord","2"
"weapon__B__53","weapon","B","item","core:ruin_keystone","1"
"weapon__B__53","weapon","B","item","core:seed_pouch_lining","2"
"weapon__B__53","weapon","B","item","core:shock_absorber_pad","3"
"weapon__B__53","weapon","B","item","core:wind_seed_flag","3"
"weapon__B__53","weapon","B","evolution","core:sheltered_sowing","1"
"weapon__B__53","weapon","B","evolution","core:sowing_sworddance","1"
"weapon__B__54","weapon","B","equipment","core:ember_wand","1"
"weapon__B__54","weapon","B","equipment","core:harvest_scythe","1"
"weapon__B__54","weapon","B","equipment","core:iron_blade","1"
"weapon__B__54","weapon","B","equipment","core:ward_orbit","1"
"weapon__B__54","weapon","B","equipment","core:muster_horn","1"
"weapon__B__54","weapon","B","equipment","core:seed_bag","1"
"weapon__B__54","weapon","B","charter","core:guarded_harvest","23"
"weapon__B__54","weapon","B","charter","core:meal_oath","24"
"weapon__B__54","weapon","B","charter","core:rally_boundary","15"
"weapon__B__54","weapon","B","item","core:levy_bread_wrap","2"
"weapon__B__54","weapon","B","item","core:meadow_buckle","3"
"weapon__B__54","weapon","B","item","core:muster_roll","2"
"weapon__B__54","weapon","B","item","core:return_path_knot","3"
"weapon__B__54","weapon","B","item","core:root_binding_cord","4"
"weapon__B__54","weapon","B","item","core:seed_pouch_lining","4"
"weapon__B__54","weapon","B","item","core:wind_seed_flag","6"
"weapon__B__54","weapon","B","evolution","core:sowing_sworddance","1"
"weapon__B__55","weapon","B","equipment","core:ember_wand","1"
"weapon__B__55","weapon","B","equipment","core:harvest_scythe","1"
"weapon__B__55","weapon","B","equipment","core:iron_blade","1"
"weapon__B__55","weapon","B","equipment","core:ward_orbit","1"
"weapon__B__55","weapon","B","equipment","core:muster_horn","1"
"weapon__B__55","weapon","B","equipment","core:seed_bag","1"
"weapon__B__55","weapon","B","charter","core:guarded_harvest","21"
"weapon__B__55","weapon","B","charter","core:meal_oath","19"
"weapon__B__55","weapon","B","charter","core:rally_boundary","10"
"weapon__B__55","weapon","B","item","core:levy_bread_wrap","3"
"weapon__B__55","weapon","B","item","core:meadow_buckle","1"
"weapon__B__55","weapon","B","item","core:muster_roll","4"
"weapon__B__55","weapon","B","item","core:return_path_knot","3"
"weapon__B__55","weapon","B","item","core:root_binding_cord","1"
"weapon__B__55","weapon","B","item","core:seed_pouch_lining","5"
"weapon__B__55","weapon","B","item","core:wind_seed_flag","7"
"weapon__B__55","weapon","B","evolution","core:sowing_sworddance","1"
"weapon__B__56","weapon","B","equipment","core:ember_wand","1"
"weapon__B__56","weapon","B","equipment","core:harvest_scythe","1"
"weapon__B__56","weapon","B","equipment","core:iron_blade","1"
"weapon__B__56","weapon","B","equipment","core:ward_orbit","1"
"weapon__B__56","weapon","B","equipment","core:muster_horn","1"
"weapon__B__56","weapon","B","equipment","core:seed_bag","1"
"weapon__B__56","weapon","B","charter","core:guarded_harvest","27"
"weapon__B__56","weapon","B","charter","core:meal_oath","26"
"weapon__B__56","weapon","B","charter","core:rally_boundary","14"
"weapon__B__56","weapon","B","item","core:levy_bread_wrap","1"
"weapon__B__56","weapon","B","item","core:meadow_buckle","4"
"weapon__B__56","weapon","B","item","core:return_path_knot","4"
"weapon__B__56","weapon","B","item","core:root_binding_cord","3"
"weapon__B__56","weapon","B","item","core:seed_pouch_lining","5"
"weapon__B__56","weapon","B","item","core:wind_seed_flag","7"
"weapon__B__56","weapon","B","evolution","core:sowing_sworddance","1"
"weapon__B__57","weapon","B","equipment","core:ember_wand","1"
"weapon__B__57","weapon","B","equipment","core:harvest_scythe","1"
"weapon__B__57","weapon","B","equipment","core:iron_blade","1"
"weapon__B__57","weapon","B","equipment","core:ward_orbit","1"
"weapon__B__57","weapon","B","equipment","core:carpenter_hammer","1"
"weapon__B__57","weapon","B","equipment","core:hedge_drum","1"
"weapon__B__57","weapon","B","equipment","core:muster_horn","1"
"weapon__B__57","weapon","B","equipment","core:seed_bag","1"
"weapon__B__57","weapon","B","charter","core:guarded_harvest","16"
"weapon__B__57","weapon","B","charter","core:meal_oath","15"
"weapon__B__57","weapon","B","charter","core:rally_boundary","15"
"weapon__B__57","weapon","B","charter","core:repair_tithe","2"
"weapon__B__57","weapon","B","item","core:boundary_hinge","1"
"weapon__B__57","weapon","B","item","core:joiner_square","6"
"weapon__B__57","weapon","B","item","core:meadow_buckle","3"
"weapon__B__57","weapon","B","item","core:muster_roll","3"
"weapon__B__57","weapon","B","item","core:return_path_knot","2"
"weapon__B__57","weapon","B","item","core:root_binding_cord","1"
"weapon__B__57","weapon","B","item","core:scaffold_step","1"
"weapon__B__57","weapon","B","item","core:seed_pouch_lining","2"
"weapon__B__57","weapon","B","item","core:shock_absorber_pad","2"
"weapon__B__57","weapon","B","item","core:wind_seed_flag","3"
"weapon__B__57","weapon","B","evolution","core:sheltered_sowing","1"
"weapon__B__57","weapon","B","evolution","core:sowing_sworddance","1"
"weapon__B__58","weapon","B","equipment","core:ember_wand","1"
"weapon__B__58","weapon","B","equipment","core:harvest_scythe","1"
"weapon__B__58","weapon","B","equipment","core:iron_blade","1"
"weapon__B__58","weapon","B","equipment","core:ward_orbit","1"
"weapon__B__58","weapon","B","equipment","core:muster_horn","1"
"weapon__B__58","weapon","B","equipment","core:seed_bag","1"
"weapon__B__58","weapon","B","charter","core:guarded_harvest","22"
"weapon__B__58","weapon","B","charter","core:meal_oath","17"
"weapon__B__58","weapon","B","charter","core:rally_boundary","5"
"weapon__B__58","weapon","B","charter","core:repair_tithe","3"
"weapon__B__58","weapon","B","item","core:levy_bread_wrap","3"
"weapon__B__58","weapon","B","item","core:meadow_buckle","4"
"weapon__B__58","weapon","B","item","core:muster_roll","7"
"weapon__B__58","weapon","B","item","core:return_path_knot","2"
"weapon__B__58","weapon","B","item","core:root_binding_cord","2"
"weapon__B__58","weapon","B","item","core:seed_pouch_lining","4"
"weapon__B__58","weapon","B","item","core:wind_seed_flag","2"
"weapon__B__58","weapon","B","evolution","core:sowing_sworddance","1"
"weapon__B__59","weapon","B","equipment","core:ember_wand","1"
"weapon__B__59","weapon","B","equipment","core:harvest_scythe","1"
"weapon__B__59","weapon","B","equipment","core:iron_blade","1"
"weapon__B__59","weapon","B","equipment","core:ward_orbit","1"
"weapon__B__59","weapon","B","equipment","core:carpenter_hammer","1"
"weapon__B__59","weapon","B","equipment","core:hedge_drum","1"
"weapon__B__59","weapon","B","equipment","core:muster_horn","1"
"weapon__B__59","weapon","B","equipment","core:seed_bag","1"
"weapon__B__59","weapon","B","charter","core:guarded_harvest","32"
"weapon__B__59","weapon","B","charter","core:meal_oath","26"
"weapon__B__59","weapon","B","charter","core:rally_boundary","20"
"weapon__B__59","weapon","B","charter","core:repair_tithe","2"
"weapon__B__59","weapon","B","item","core:boundary_hinge","2"
"weapon__B__59","weapon","B","item","core:joiner_square","2"
"weapon__B__59","weapon","B","item","core:meadow_buckle","6"
"weapon__B__59","weapon","B","item","core:muster_roll","1"
"weapon__B__59","weapon","B","item","core:return_path_knot","1"
"weapon__B__59","weapon","B","item","core:root_binding_cord","4"
"weapon__B__59","weapon","B","item","core:ruin_keystone","1"
"weapon__B__59","weapon","B","item","core:scaffold_step","1"
"weapon__B__59","weapon","B","item","core:seed_pouch_lining","2"
"weapon__B__59","weapon","B","item","core:shock_absorber_pad","3"
"weapon__B__59","weapon","B","item","core:wind_seed_flag","1"
"weapon__B__59","weapon","B","evolution","core:sheltered_sowing","1"
"weapon__B__59","weapon","B","evolution","core:sowing_sworddance","1"
"weapon__B__60","weapon","B","equipment","core:ember_wand","1"
"weapon__B__60","weapon","B","equipment","core:harvest_scythe","1"
"weapon__B__60","weapon","B","equipment","core:iron_blade","1"
"weapon__B__60","weapon","B","equipment","core:ward_orbit","1"
"weapon__B__60","weapon","B","equipment","core:carpenter_hammer","1"
"weapon__B__60","weapon","B","equipment","core:hedge_drum","1"
"weapon__B__60","weapon","B","equipment","core:muster_horn","1"
"weapon__B__60","weapon","B","equipment","core:seed_bag","1"
"weapon__B__60","weapon","B","charter","core:guarded_harvest","35"
"weapon__B__60","weapon","B","charter","core:meal_oath","14"
"weapon__B__60","weapon","B","charter","core:rally_boundary","14"
"weapon__B__60","weapon","B","charter","core:repair_tithe","1"
"weapon__B__60","weapon","B","item","core:boundary_hinge","2"
"weapon__B__60","weapon","B","item","core:joiner_square","5"
"weapon__B__60","weapon","B","item","core:levy_bread_wrap","3"
"weapon__B__60","weapon","B","item","core:meadow_buckle","1"
"weapon__B__60","weapon","B","item","core:muster_roll","1"
"weapon__B__60","weapon","B","item","core:return_path_knot","4"
"weapon__B__60","weapon","B","item","core:root_binding_cord","1"
"weapon__B__60","weapon","B","item","core:seed_pouch_lining","2"
"weapon__B__60","weapon","B","item","core:shock_absorber_pad","3"
"weapon__B__60","weapon","B","item","core:wind_seed_flag","2"
"weapon__B__60","weapon","B","evolution","core:sheltered_sowing","1"
"weapon__B__60","weapon","B","evolution","core:sowing_sworddance","1"
"weapon__B__61","weapon","B","equipment","core:ember_wand","1"
"weapon__B__61","weapon","B","equipment","core:harvest_scythe","1"
"weapon__B__61","weapon","B","equipment","core:iron_blade","1"
"weapon__B__61","weapon","B","equipment","core:ward_orbit","1"
"weapon__B__61","weapon","B","equipment","core:muster_horn","1"
"weapon__B__61","weapon","B","equipment","core:seed_bag","1"
"weapon__B__61","weapon","B","charter","core:guarded_harvest","41"
"weapon__B__61","weapon","B","charter","core:meal_oath","11"
"weapon__B__61","weapon","B","charter","core:rally_boundary","12"
"weapon__B__61","weapon","B","item","core:levy_bread_wrap","5"
"weapon__B__61","weapon","B","item","core:meadow_buckle","1"
"weapon__B__61","weapon","B","item","core:muster_roll","1"
"weapon__B__61","weapon","B","item","core:return_path_knot","4"
"weapon__B__61","weapon","B","item","core:root_binding_cord","4"
"weapon__B__61","weapon","B","item","core:seed_pouch_lining","5"
"weapon__B__61","weapon","B","item","core:wind_seed_flag","4"
"weapon__B__61","weapon","B","evolution","core:sowing_sworddance","1"
"weapon__B__62","weapon","B","equipment","core:ember_wand","1"
"weapon__B__62","weapon","B","equipment","core:harvest_scythe","1"
"weapon__B__62","weapon","B","equipment","core:iron_blade","1"
"weapon__B__62","weapon","B","equipment","core:ward_orbit","1"
"weapon__B__62","weapon","B","equipment","core:carpenter_hammer","1"
"weapon__B__62","weapon","B","equipment","core:hedge_drum","1"
"weapon__B__62","weapon","B","equipment","core:muster_horn","1"
"weapon__B__62","weapon","B","equipment","core:seed_bag","1"
"weapon__B__62","weapon","B","charter","core:guarded_harvest","35"
"weapon__B__62","weapon","B","charter","core:meal_oath","26"
"weapon__B__62","weapon","B","charter","core:rally_boundary","11"
"weapon__B__62","weapon","B","item","core:boundary_hinge","1"
"weapon__B__62","weapon","B","item","core:joiner_square","3"
"weapon__B__62","weapon","B","item","core:levy_bread_wrap","2"
"weapon__B__62","weapon","B","item","core:meadow_buckle","1"
"weapon__B__62","weapon","B","item","core:muster_roll","1"
"weapon__B__62","weapon","B","item","core:return_path_knot","1"
"weapon__B__62","weapon","B","item","core:ruin_keystone","4"
"weapon__B__62","weapon","B","item","core:seed_pouch_lining","4"
"weapon__B__62","weapon","B","item","core:shock_absorber_pad","1"
"weapon__B__62","weapon","B","item","core:wind_seed_flag","6"
"weapon__B__62","weapon","B","evolution","core:sheltered_sowing","1"
"weapon__B__62","weapon","B","evolution","core:sowing_sworddance","1"
"weapon__B__63","weapon","B","equipment","core:ember_wand","1"
"weapon__B__63","weapon","B","equipment","core:harvest_scythe","1"
"weapon__B__63","weapon","B","equipment","core:iron_blade","1"
"weapon__B__63","weapon","B","equipment","core:ward_orbit","1"
"weapon__B__63","weapon","B","equipment","core:carpenter_hammer","1"
"weapon__B__63","weapon","B","equipment","core:hedge_drum","1"
"weapon__B__63","weapon","B","equipment","core:muster_horn","1"
"weapon__B__63","weapon","B","equipment","core:seed_bag","1"
"weapon__B__63","weapon","B","charter","core:guarded_harvest","22"
"weapon__B__63","weapon","B","charter","core:meal_oath","17"
"weapon__B__63","weapon","B","charter","core:rally_boundary","25"
"weapon__B__63","weapon","B","item","core:joiner_square","4"
"weapon__B__63","weapon","B","item","core:levy_bread_wrap","1"
"weapon__B__63","weapon","B","item","core:meadow_buckle","2"
"weapon__B__63","weapon","B","item","core:muster_roll","3"
"weapon__B__63","weapon","B","item","core:return_path_knot","2"
"weapon__B__63","weapon","B","item","core:root_binding_cord","1"
"weapon__B__63","weapon","B","item","core:ruin_keystone","2"
"weapon__B__63","weapon","B","item","core:scaffold_step","3"
"weapon__B__63","weapon","B","item","core:seed_pouch_lining","4"
"weapon__B__63","weapon","B","item","core:shock_absorber_pad","1"
"weapon__B__63","weapon","B","item","core:wind_seed_flag","1"
"weapon__B__63","weapon","B","evolution","core:sheltered_sowing","1"
"weapon__B__63","weapon","B","evolution","core:sowing_sworddance","1"
"weapon__B__64","weapon","B","equipment","core:ember_wand","1"
"weapon__B__64","weapon","B","equipment","core:harvest_scythe","1"
"weapon__B__64","weapon","B","equipment","core:iron_blade","1"
"weapon__B__64","weapon","B","equipment","core:ward_orbit","1"
"weapon__B__64","weapon","B","equipment","core:carpenter_hammer","1"
"weapon__B__64","weapon","B","equipment","core:muster_horn","1"
"weapon__B__64","weapon","B","equipment","core:seed_bag","1"
"weapon__B__64","weapon","B","charter","core:guarded_harvest","19"
"weapon__B__64","weapon","B","charter","core:meal_oath","23"
"weapon__B__64","weapon","B","charter","core:rally_boundary","22"
"weapon__B__64","weapon","B","item","core:boundary_hinge","1"
"weapon__B__64","weapon","B","item","core:levy_bread_wrap","1"
"weapon__B__64","weapon","B","item","core:meadow_buckle","3"
"weapon__B__64","weapon","B","item","core:muster_roll","1"
"weapon__B__64","weapon","B","item","core:return_path_knot","5"
"weapon__B__64","weapon","B","item","core:root_binding_cord","3"
"weapon__B__64","weapon","B","item","core:ruin_keystone","3"
"weapon__B__64","weapon","B","item","core:seed_pouch_lining","2"
"weapon__B__64","weapon","B","item","core:shock_absorber_pad","1"
"weapon__B__64","weapon","B","item","core:wind_seed_flag","4"
"weapon__B__64","weapon","B","evolution","core:sheltered_sowing","1"
"weapon__B__64","weapon","B","evolution","core:sowing_sworddance","1"
"weapon__B__65","weapon","B","equipment","core:ember_wand","1"
"weapon__B__65","weapon","B","equipment","core:harvest_scythe","1"
"weapon__B__65","weapon","B","equipment","core:iron_blade","1"
"weapon__B__65","weapon","B","equipment","core:ward_orbit","1"
"weapon__B__65","weapon","B","equipment","core:hedge_drum","1"
"weapon__B__65","weapon","B","equipment","core:muster_horn","1"
"weapon__B__65","weapon","B","equipment","core:seed_bag","1"
"weapon__B__65","weapon","B","charter","core:guarded_harvest","39"
"weapon__B__65","weapon","B","charter","core:meal_oath","20"
"weapon__B__65","weapon","B","charter","core:rally_boundary","15"
"weapon__B__65","weapon","B","item","core:boundary_hinge","2"
"weapon__B__65","weapon","B","item","core:joiner_square","5"
"weapon__B__65","weapon","B","item","core:levy_bread_wrap","2"
"weapon__B__65","weapon","B","item","core:meadow_buckle","3"
"weapon__B__65","weapon","B","item","core:muster_roll","1"
"weapon__B__65","weapon","B","item","core:return_path_knot","2"
"weapon__B__65","weapon","B","item","core:root_binding_cord","3"
"weapon__B__65","weapon","B","item","core:scaffold_step","1"
"weapon__B__65","weapon","B","item","core:seed_pouch_lining","5"
"weapon__B__65","weapon","B","evolution","core:sowing_sworddance","1"
"weapon__B__66","weapon","B","equipment","core:ember_wand","1"
"weapon__B__66","weapon","B","equipment","core:harvest_scythe","1"
"weapon__B__66","weapon","B","equipment","core:iron_blade","1"
"weapon__B__66","weapon","B","equipment","core:ward_orbit","1"
"weapon__B__66","weapon","B","equipment","core:carpenter_hammer","1"
"weapon__B__66","weapon","B","equipment","core:hedge_drum","1"
"weapon__B__66","weapon","B","equipment","core:muster_horn","1"
"weapon__B__66","weapon","B","equipment","core:seed_bag","1"
"weapon__B__66","weapon","B","charter","core:guarded_harvest","34"
"weapon__B__66","weapon","B","charter","core:meal_oath","9"
"weapon__B__66","weapon","B","charter","core:rally_boundary","19"
"weapon__B__66","weapon","B","charter","core:repair_tithe","1"
"weapon__B__66","weapon","B","item","core:boundary_hinge","2"
"weapon__B__66","weapon","B","item","core:joiner_square","4"
"weapon__B__66","weapon","B","item","core:levy_bread_wrap","1"
"weapon__B__66","weapon","B","item","core:meadow_buckle","2"
"weapon__B__66","weapon","B","item","core:muster_roll","1"
"weapon__B__66","weapon","B","item","core:return_path_knot","3"
"weapon__B__66","weapon","B","item","core:root_binding_cord","2"
"weapon__B__66","weapon","B","item","core:ruin_keystone","1"
"weapon__B__66","weapon","B","item","core:scaffold_step","2"
"weapon__B__66","weapon","B","item","core:seed_pouch_lining","2"
"weapon__B__66","weapon","B","item","core:shock_absorber_pad","1"
"weapon__B__66","weapon","B","item","core:wind_seed_flag","3"
"weapon__B__66","weapon","B","evolution","core:sheltered_sowing","1"
"weapon__B__66","weapon","B","evolution","core:sowing_sworddance","1"
"weapon__B__67","weapon","B","equipment","core:ember_wand","1"
"weapon__B__67","weapon","B","equipment","core:harvest_scythe","1"
"weapon__B__67","weapon","B","equipment","core:iron_blade","1"
"weapon__B__67","weapon","B","equipment","core:ward_orbit","1"
"weapon__B__67","weapon","B","equipment","core:carpenter_hammer","1"
"weapon__B__67","weapon","B","equipment","core:hedge_drum","1"
"weapon__B__67","weapon","B","equipment","core:muster_horn","1"
"weapon__B__67","weapon","B","equipment","core:seed_bag","1"
"weapon__B__67","weapon","B","charter","core:guarded_harvest","24"
"weapon__B__67","weapon","B","charter","core:meal_oath","19"
"weapon__B__67","weapon","B","charter","core:rally_boundary","25"
"weapon__B__67","weapon","B","item","core:boundary_hinge","1"
"weapon__B__67","weapon","B","item","core:joiner_square","5"
"weapon__B__67","weapon","B","item","core:levy_bread_wrap","3"
"weapon__B__67","weapon","B","item","core:meadow_buckle","1"
"weapon__B__67","weapon","B","item","core:muster_roll","2"
"weapon__B__67","weapon","B","item","core:root_binding_cord","5"
"weapon__B__67","weapon","B","item","core:scaffold_step","2"
"weapon__B__67","weapon","B","item","core:seed_pouch_lining","1"
"weapon__B__67","weapon","B","item","core:shock_absorber_pad","1"
"weapon__B__67","weapon","B","item","core:wind_seed_flag","3"
"weapon__B__67","weapon","B","evolution","core:sheltered_sowing","1"
"weapon__B__67","weapon","B","evolution","core:sowing_sworddance","1"
"weapon__B__68","weapon","B","equipment","core:ember_wand","1"
"weapon__B__68","weapon","B","equipment","core:harvest_scythe","1"
"weapon__B__68","weapon","B","equipment","core:iron_blade","1"
"weapon__B__68","weapon","B","equipment","core:ward_orbit","1"
"weapon__B__68","weapon","B","equipment","core:muster_horn","1"
"weapon__B__68","weapon","B","equipment","core:seed_bag","1"
"weapon__B__68","weapon","B","charter","core:guarded_harvest","31"
"weapon__B__68","weapon","B","charter","core:meal_oath","10"
"weapon__B__68","weapon","B","charter","core:rally_boundary","24"
"weapon__B__68","weapon","B","item","core:levy_bread_wrap","1"
"weapon__B__68","weapon","B","item","core:meadow_buckle","3"
"weapon__B__68","weapon","B","item","core:muster_roll","1"
"weapon__B__68","weapon","B","item","core:return_path_knot","6"
"weapon__B__68","weapon","B","item","core:root_binding_cord","7"
"weapon__B__68","weapon","B","item","core:seed_pouch_lining","1"
"weapon__B__68","weapon","B","item","core:wind_seed_flag","5"
"weapon__B__68","weapon","B","evolution","core:sowing_sworddance","1"
"weapon__B__69","weapon","B","equipment","core:ember_wand","1"
"weapon__B__69","weapon","B","equipment","core:harvest_scythe","1"
"weapon__B__69","weapon","B","equipment","core:iron_blade","1"
"weapon__B__69","weapon","B","equipment","core:ward_orbit","1"
"weapon__B__69","weapon","B","equipment","core:carpenter_hammer","1"
"weapon__B__69","weapon","B","equipment","core:muster_horn","1"
"weapon__B__69","weapon","B","equipment","core:seed_bag","1"
"weapon__B__69","weapon","B","charter","core:guarded_harvest","20"
"weapon__B__69","weapon","B","charter","core:meal_oath","10"
"weapon__B__69","weapon","B","charter","core:rally_boundary","9"
"weapon__B__69","weapon","B","charter","core:repair_tithe","2"
"weapon__B__69","weapon","B","item","core:boundary_hinge","1"
"weapon__B__69","weapon","B","item","core:joiner_square","4"
"weapon__B__69","weapon","B","item","core:levy_bread_wrap","1"
"weapon__B__69","weapon","B","item","core:meadow_buckle","2"
"weapon__B__69","weapon","B","item","core:muster_roll","1"
"weapon__B__69","weapon","B","item","core:root_binding_cord","3"
"weapon__B__69","weapon","B","item","core:scaffold_step","4"
"weapon__B__69","weapon","B","item","core:seed_pouch_lining","3"
"weapon__B__69","weapon","B","item","core:shock_absorber_pad","1"
"weapon__B__69","weapon","B","item","core:wind_seed_flag","4"
"weapon__B__69","weapon","B","evolution","core:sheltered_sowing","1"
"weapon__B__69","weapon","B","evolution","core:sowing_sworddance","1"
"weapon__B__70","weapon","B","equipment","core:ember_wand","1"
"weapon__B__70","weapon","B","equipment","core:harvest_scythe","1"
"weapon__B__70","weapon","B","equipment","core:iron_blade","1"
"weapon__B__70","weapon","B","equipment","core:ward_orbit","1"
"weapon__B__70","weapon","B","equipment","core:muster_horn","1"
"weapon__B__70","weapon","B","equipment","core:seed_bag","1"
"weapon__B__70","weapon","B","charter","core:guarded_harvest","34"
"weapon__B__70","weapon","B","charter","core:meal_oath","17"
"weapon__B__70","weapon","B","charter","core:rally_boundary","15"
"weapon__B__70","weapon","B","item","core:levy_bread_wrap","3"
"weapon__B__70","weapon","B","item","core:meadow_buckle","4"
"weapon__B__70","weapon","B","item","core:muster_roll","5"
"weapon__B__70","weapon","B","item","core:return_path_knot","3"
"weapon__B__70","weapon","B","item","core:root_binding_cord","2"
"weapon__B__70","weapon","B","item","core:seed_pouch_lining","4"
"weapon__B__70","weapon","B","item","core:wind_seed_flag","3"
"weapon__B__70","weapon","B","evolution","core:sowing_sworddance","1"
"weapon__B__71","weapon","B","equipment","core:ember_wand","1"
"weapon__B__71","weapon","B","equipment","core:harvest_scythe","1"
"weapon__B__71","weapon","B","equipment","core:iron_blade","1"
"weapon__B__71","weapon","B","equipment","core:ward_orbit","1"
"weapon__B__71","weapon","B","equipment","core:carpenter_hammer","1"
"weapon__B__71","weapon","B","equipment","core:hedge_drum","1"
"weapon__B__71","weapon","B","equipment","core:muster_horn","1"
"weapon__B__71","weapon","B","equipment","core:seed_bag","1"
"weapon__B__71","weapon","B","charter","core:guarded_harvest","25"
"weapon__B__71","weapon","B","charter","core:meal_oath","23"
"weapon__B__71","weapon","B","charter","core:rally_boundary","18"
"weapon__B__71","weapon","B","charter","core:repair_tithe","1"
"weapon__B__71","weapon","B","item","core:boundary_hinge","2"
"weapon__B__71","weapon","B","item","core:joiner_square","1"
"weapon__B__71","weapon","B","item","core:levy_bread_wrap","1"
"weapon__B__71","weapon","B","item","core:meadow_buckle","3"
"weapon__B__71","weapon","B","item","core:muster_roll","2"
"weapon__B__71","weapon","B","item","core:return_path_knot","3"
"weapon__B__71","weapon","B","item","core:root_binding_cord","1"
"weapon__B__71","weapon","B","item","core:scaffold_step","4"
"weapon__B__71","weapon","B","item","core:seed_pouch_lining","5"
"weapon__B__71","weapon","B","item","core:shock_absorber_pad","1"
"weapon__B__71","weapon","B","item","core:wind_seed_flag","1"
"weapon__B__71","weapon","B","evolution","core:sheltered_sowing","1"
"weapon__B__71","weapon","B","evolution","core:sowing_sworddance","1"
"weapon__B__72","weapon","B","equipment","core:ember_wand","1"
"weapon__B__72","weapon","B","equipment","core:harvest_scythe","1"
"weapon__B__72","weapon","B","equipment","core:iron_blade","1"
"weapon__B__72","weapon","B","equipment","core:ward_orbit","1"
"weapon__B__72","weapon","B","equipment","core:muster_horn","1"
"weapon__B__72","weapon","B","equipment","core:seed_bag","1"
"weapon__B__72","weapon","B","charter","core:guarded_harvest","37"
"weapon__B__72","weapon","B","charter","core:meal_oath","24"
"weapon__B__72","weapon","B","charter","core:rally_boundary","23"
"weapon__B__72","weapon","B","item","core:levy_bread_wrap","1"
"weapon__B__72","weapon","B","item","core:meadow_buckle","5"
"weapon__B__72","weapon","B","item","core:muster_roll","1"
"weapon__B__72","weapon","B","item","core:return_path_knot","2"
"weapon__B__72","weapon","B","item","core:root_binding_cord","1"
"weapon__B__72","weapon","B","item","core:seed_pouch_lining","8"
"weapon__B__72","weapon","B","item","core:wind_seed_flag","5"
"weapon__B__72","weapon","B","evolution","core:sowing_sworddance","1"
"weapon__B__73","weapon","B","equipment","core:ember_wand","1"
"weapon__B__73","weapon","B","equipment","core:harvest_scythe","1"
"weapon__B__73","weapon","B","equipment","core:iron_blade","1"
"weapon__B__73","weapon","B","equipment","core:ward_orbit","1"
"weapon__B__73","weapon","B","equipment","core:carpenter_hammer","1"
"weapon__B__73","weapon","B","equipment","core:hedge_drum","1"
"weapon__B__73","weapon","B","equipment","core:muster_horn","1"
"weapon__B__73","weapon","B","equipment","core:seed_bag","1"
"weapon__B__73","weapon","B","charter","core:guarded_harvest","20"
"weapon__B__73","weapon","B","charter","core:meal_oath","24"
"weapon__B__73","weapon","B","charter","core:rally_boundary","16"
"weapon__B__73","weapon","B","charter","core:repair_tithe","1"
"weapon__B__73","weapon","B","item","core:boundary_hinge","4"
"weapon__B__73","weapon","B","item","core:joiner_square","1"
"weapon__B__73","weapon","B","item","core:levy_bread_wrap","2"
"weapon__B__73","weapon","B","item","core:meadow_buckle","2"
"weapon__B__73","weapon","B","item","core:muster_roll","2"
"weapon__B__73","weapon","B","item","core:return_path_knot","3"
"weapon__B__73","weapon","B","item","core:root_binding_cord","1"
"weapon__B__73","weapon","B","item","core:scaffold_step","2"
"weapon__B__73","weapon","B","item","core:seed_pouch_lining","1"
"weapon__B__73","weapon","B","item","core:wind_seed_flag","6"
"weapon__B__73","weapon","B","evolution","core:sheltered_sowing","1"
"weapon__B__73","weapon","B","evolution","core:sowing_sworddance","1"
"weapon__C__42","weapon","C","equipment","core:ember_wand","1"
"weapon__C__42","weapon","C","equipment","core:harvest_scythe","1"
"weapon__C__42","weapon","C","equipment","core:iron_blade","1"
"weapon__C__42","weapon","C","equipment","core:ward_orbit","1"
"weapon__C__42","weapon","C","equipment","core:muster_horn","1"
"weapon__C__42","weapon","C","equipment","core:seed_bag","1"
"weapon__C__42","weapon","C","charter","core:guarded_harvest","25"
"weapon__C__42","weapon","C","charter","core:meal_oath","18"
"weapon__C__42","weapon","C","charter","core:rally_boundary","16"
"weapon__C__42","weapon","C","charter","core:repair_tithe","1"
"weapon__C__42","weapon","C","item","core:levy_bread_wrap","4"
"weapon__C__42","weapon","C","item","core:meadow_buckle","3"
"weapon__C__42","weapon","C","item","core:muster_roll","6"
"weapon__C__42","weapon","C","item","core:return_path_knot","2"
"weapon__C__42","weapon","C","item","core:root_binding_cord","3"
"weapon__C__42","weapon","C","item","core:seed_pouch_lining","1"
"weapon__C__42","weapon","C","item","core:wind_seed_flag","4"
"weapon__C__42","weapon","C","evolution","core:sowing_sworddance","1"
"weapon__C__43","weapon","C","equipment","core:ember_wand","1"
"weapon__C__43","weapon","C","equipment","core:harvest_scythe","1"
"weapon__C__43","weapon","C","equipment","core:iron_blade","1"
"weapon__C__43","weapon","C","equipment","core:ward_orbit","1"
"weapon__C__43","weapon","C","equipment","core:hedge_drum","1"
"weapon__C__43","weapon","C","equipment","core:muster_horn","1"
"weapon__C__43","weapon","C","equipment","core:seed_bag","1"
"weapon__C__43","weapon","C","charter","core:guarded_harvest","19"
"weapon__C__43","weapon","C","charter","core:meal_oath","12"
"weapon__C__43","weapon","C","charter","core:rally_boundary","8"
"weapon__C__43","weapon","C","charter","core:repair_tithe","3"
"weapon__C__43","weapon","C","item","core:boundary_hinge","3"
"weapon__C__43","weapon","C","item","core:joiner_square","2"
"weapon__C__43","weapon","C","item","core:levy_bread_wrap","2"
"weapon__C__43","weapon","C","item","core:meadow_buckle","4"
"weapon__C__43","weapon","C","item","core:return_path_knot","1"
"weapon__C__43","weapon","C","item","core:seed_pouch_lining","4"
"weapon__C__43","weapon","C","item","core:wind_seed_flag","7"
"weapon__C__43","weapon","C","evolution","core:sowing_sworddance","1"
"weapon__C__44","weapon","C","equipment","core:ember_wand","1"
"weapon__C__44","weapon","C","equipment","core:harvest_scythe","1"
"weapon__C__44","weapon","C","equipment","core:iron_blade","1"
"weapon__C__44","weapon","C","equipment","core:ward_orbit","1"
"weapon__C__44","weapon","C","equipment","core:carpenter_hammer","1"
"weapon__C__44","weapon","C","equipment","core:hedge_drum","1"
"weapon__C__44","weapon","C","equipment","core:muster_horn","1"
"weapon__C__44","weapon","C","equipment","core:seed_bag","1"
"weapon__C__44","weapon","C","charter","core:guarded_harvest","32"
"weapon__C__44","weapon","C","charter","core:meal_oath","17"
"weapon__C__44","weapon","C","charter","core:rally_boundary","10"
"weapon__C__44","weapon","C","charter","core:repair_tithe","2"
"weapon__C__44","weapon","C","item","core:boundary_hinge","2"
"weapon__C__44","weapon","C","item","core:levy_bread_wrap","1"
"weapon__C__44","weapon","C","item","core:meadow_buckle","5"
"weapon__C__44","weapon","C","item","core:return_path_knot","3"
"weapon__C__44","weapon","C","item","core:root_binding_cord","6"
"weapon__C__44","weapon","C","item","core:ruin_keystone","2"
"weapon__C__44","weapon","C","item","core:shock_absorber_pad","3"
"weapon__C__44","weapon","C","item","core:wind_seed_flag","2"
"weapon__C__44","weapon","C","evolution","core:sheltered_sowing","1"
"weapon__C__44","weapon","C","evolution","core:sowing_sworddance","1"
"weapon__C__45","weapon","C","equipment","core:ember_wand","1"
"weapon__C__45","weapon","C","equipment","core:harvest_scythe","1"
"weapon__C__45","weapon","C","equipment","core:iron_blade","1"
"weapon__C__45","weapon","C","equipment","core:ward_orbit","1"
"weapon__C__45","weapon","C","equipment","core:carpenter_hammer","1"
"weapon__C__45","weapon","C","equipment","core:hedge_drum","1"
"weapon__C__45","weapon","C","equipment","core:muster_horn","1"
"weapon__C__45","weapon","C","equipment","core:seed_bag","1"
"weapon__C__45","weapon","C","charter","core:guarded_harvest","34"
"weapon__C__45","weapon","C","charter","core:meal_oath","13"
"weapon__C__45","weapon","C","charter","core:rally_boundary","11"
"weapon__C__45","weapon","C","item","core:boundary_hinge","1"
"weapon__C__45","weapon","C","item","core:levy_bread_wrap","2"
"weapon__C__45","weapon","C","item","core:meadow_buckle","3"
"weapon__C__45","weapon","C","item","core:muster_roll","3"
"weapon__C__45","weapon","C","item","core:return_path_knot","2"
"weapon__C__45","weapon","C","item","core:root_binding_cord","4"
"weapon__C__45","weapon","C","item","core:ruin_keystone","1"
"weapon__C__45","weapon","C","item","core:scaffold_step","1"
"weapon__C__45","weapon","C","item","core:seed_pouch_lining","2"
"weapon__C__45","weapon","C","item","core:wind_seed_flag","5"
"weapon__C__45","weapon","C","evolution","core:sheltered_sowing","1"
"weapon__C__45","weapon","C","evolution","core:sowing_sworddance","1"
"weapon__C__46","weapon","C","equipment","core:ember_wand","1"
"weapon__C__46","weapon","C","equipment","core:harvest_scythe","1"
"weapon__C__46","weapon","C","equipment","core:iron_blade","1"
"weapon__C__46","weapon","C","equipment","core:ward_orbit","1"
"weapon__C__46","weapon","C","equipment","core:muster_horn","1"
"weapon__C__46","weapon","C","equipment","core:seed_bag","1"
"weapon__C__46","weapon","C","charter","core:guarded_harvest","23"
"weapon__C__46","weapon","C","charter","core:meal_oath","16"
"weapon__C__46","weapon","C","charter","core:rally_boundary","7"
"weapon__C__46","weapon","C","item","core:levy_bread_wrap","4"
"weapon__C__46","weapon","C","item","core:meadow_buckle","5"
"weapon__C__46","weapon","C","item","core:muster_roll","2"
"weapon__C__46","weapon","C","item","core:return_path_knot","5"
"weapon__C__46","weapon","C","item","core:root_binding_cord","4"
"weapon__C__46","weapon","C","item","core:seed_pouch_lining","1"
"weapon__C__46","weapon","C","item","core:wind_seed_flag","3"
"weapon__C__46","weapon","C","evolution","core:sowing_sworddance","1"
"weapon__C__47","weapon","C","equipment","core:ember_wand","1"
"weapon__C__47","weapon","C","equipment","core:harvest_scythe","1"
"weapon__C__47","weapon","C","equipment","core:iron_blade","1"
"weapon__C__47","weapon","C","equipment","core:ward_orbit","1"
"weapon__C__47","weapon","C","equipment","core:hedge_drum","1"
"weapon__C__47","weapon","C","equipment","core:muster_horn","1"
"weapon__C__47","weapon","C","equipment","core:seed_bag","1"
"weapon__C__47","weapon","C","charter","core:guarded_harvest","28"
"weapon__C__47","weapon","C","charter","core:meal_oath","14"
"weapon__C__47","weapon","C","charter","core:rally_boundary","26"
"weapon__C__47","weapon","C","charter","core:repair_tithe","3"
"weapon__C__47","weapon","C","item","core:joiner_square","1"
"weapon__C__47","weapon","C","item","core:levy_bread_wrap","7"
"weapon__C__47","weapon","C","item","core:muster_roll","3"
"weapon__C__47","weapon","C","item","core:return_path_knot","2"
"weapon__C__47","weapon","C","item","core:root_binding_cord","2"
"weapon__C__47","weapon","C","item","core:scaffold_step","1"
"weapon__C__47","weapon","C","item","core:seed_pouch_lining","3"
"weapon__C__47","weapon","C","item","core:wind_seed_flag","5"
"weapon__C__47","weapon","C","evolution","core:sowing_sworddance","1"
"weapon__C__48","weapon","C","equipment","core:ember_wand","1"
"weapon__C__48","weapon","C","equipment","core:harvest_scythe","1"
"weapon__C__48","weapon","C","equipment","core:iron_blade","1"
"weapon__C__48","weapon","C","equipment","core:ward_orbit","1"
"weapon__C__48","weapon","C","equipment","core:muster_horn","1"
"weapon__C__48","weapon","C","equipment","core:seed_bag","1"
"weapon__C__48","weapon","C","charter","core:guarded_harvest","27"
"weapon__C__48","weapon","C","charter","core:meal_oath","15"
"weapon__C__48","weapon","C","charter","core:rally_boundary","19"
"weapon__C__48","weapon","C","item","core:levy_bread_wrap","2"
"weapon__C__48","weapon","C","item","core:meadow_buckle","5"
"weapon__C__48","weapon","C","item","core:muster_roll","4"
"weapon__C__48","weapon","C","item","core:return_path_knot","1"
"weapon__C__48","weapon","C","item","core:root_binding_cord","3"
"weapon__C__48","weapon","C","item","core:seed_pouch_lining","6"
"weapon__C__48","weapon","C","item","core:wind_seed_flag","3"
"weapon__C__48","weapon","C","evolution","core:sowing_sworddance","1"
"weapon__C__49","weapon","C","equipment","core:ember_wand","1"
"weapon__C__49","weapon","C","equipment","core:harvest_scythe","1"
"weapon__C__49","weapon","C","equipment","core:iron_blade","1"
"weapon__C__49","weapon","C","equipment","core:ward_orbit","1"
"weapon__C__49","weapon","C","equipment","core:muster_horn","1"
"weapon__C__49","weapon","C","equipment","core:seed_bag","1"
"weapon__C__49","weapon","C","charter","core:guarded_harvest","17"
"weapon__C__49","weapon","C","charter","core:meal_oath","22"
"weapon__C__49","weapon","C","charter","core:rally_boundary","16"
"weapon__C__49","weapon","C","item","core:levy_bread_wrap","2"
"weapon__C__49","weapon","C","item","core:meadow_buckle","5"
"weapon__C__49","weapon","C","item","core:muster_roll","3"
"weapon__C__49","weapon","C","item","core:return_path_knot","4"
"weapon__C__49","weapon","C","item","core:root_binding_cord","2"
"weapon__C__49","weapon","C","item","core:seed_pouch_lining","1"
"weapon__C__49","weapon","C","item","core:wind_seed_flag","7"
"weapon__C__49","weapon","C","evolution","core:sowing_sworddance","1"
"weapon__C__50","weapon","C","equipment","core:ember_wand","1"
"weapon__C__50","weapon","C","equipment","core:harvest_scythe","1"
"weapon__C__50","weapon","C","equipment","core:iron_blade","1"
"weapon__C__50","weapon","C","equipment","core:ward_orbit","1"
"weapon__C__50","weapon","C","equipment","core:hedge_drum","1"
"weapon__C__50","weapon","C","equipment","core:muster_horn","1"
"weapon__C__50","weapon","C","equipment","core:seed_bag","1"
"weapon__C__50","weapon","C","charter","core:guarded_harvest","33"
"weapon__C__50","weapon","C","charter","core:meal_oath","11"
"weapon__C__50","weapon","C","charter","core:rally_boundary","10"
"weapon__C__50","weapon","C","charter","core:repair_tithe","2"
"weapon__C__50","weapon","C","item","core:boundary_hinge","2"
"weapon__C__50","weapon","C","item","core:joiner_square","6"
"weapon__C__50","weapon","C","item","core:meadow_buckle","3"
"weapon__C__50","weapon","C","item","core:muster_roll","4"
"weapon__C__50","weapon","C","item","core:return_path_knot","3"
"weapon__C__50","weapon","C","item","core:root_binding_cord","1"
"weapon__C__50","weapon","C","item","core:scaffold_step","2"
"weapon__C__50","weapon","C","item","core:seed_pouch_lining","1"
"weapon__C__50","weapon","C","item","core:wind_seed_flag","2"
"weapon__C__50","weapon","C","evolution","core:sowing_sworddance","1"
"weapon__C__51","weapon","C","equipment","core:ember_wand","1"
"weapon__C__51","weapon","C","equipment","core:harvest_scythe","1"
"weapon__C__51","weapon","C","equipment","core:iron_blade","1"
"weapon__C__51","weapon","C","equipment","core:ward_orbit","1"
"weapon__C__51","weapon","C","equipment","core:muster_horn","1"
"weapon__C__51","weapon","C","equipment","core:seed_bag","1"
"weapon__C__51","weapon","C","charter","core:guarded_harvest","28"
"weapon__C__51","weapon","C","charter","core:meal_oath","25"
"weapon__C__51","weapon","C","charter","core:rally_boundary","20"
"weapon__C__51","weapon","C","charter","core:repair_tithe","2"
"weapon__C__51","weapon","C","item","core:levy_bread_wrap","4"
"weapon__C__51","weapon","C","item","core:meadow_buckle","2"
"weapon__C__51","weapon","C","item","core:muster_roll","5"
"weapon__C__51","weapon","C","item","core:return_path_knot","2"
"weapon__C__51","weapon","C","item","core:root_binding_cord","3"
"weapon__C__51","weapon","C","item","core:seed_pouch_lining","4"
"weapon__C__51","weapon","C","item","core:wind_seed_flag","4"
"weapon__C__51","weapon","C","evolution","core:sowing_sworddance","1"
"weapon__C__52","weapon","C","equipment","core:ember_wand","1"
"weapon__C__52","weapon","C","equipment","core:harvest_scythe","1"
"weapon__C__52","weapon","C","equipment","core:iron_blade","1"
"weapon__C__52","weapon","C","equipment","core:ward_orbit","1"
"weapon__C__52","weapon","C","equipment","core:carpenter_hammer","1"
"weapon__C__52","weapon","C","equipment","core:hedge_drum","1"
"weapon__C__52","weapon","C","equipment","core:muster_horn","1"
"weapon__C__52","weapon","C","equipment","core:seed_bag","1"
"weapon__C__52","weapon","C","charter","core:guarded_harvest","23"
"weapon__C__52","weapon","C","charter","core:meal_oath","9"
"weapon__C__52","weapon","C","charter","core:rally_boundary","5"
"weapon__C__52","weapon","C","item","core:boundary_hinge","2"
"weapon__C__52","weapon","C","item","core:joiner_square","5"
"weapon__C__52","weapon","C","item","core:levy_bread_wrap","3"
"weapon__C__52","weapon","C","item","core:return_path_knot","2"
"weapon__C__52","weapon","C","item","core:root_binding_cord","3"
"weapon__C__52","weapon","C","item","core:ruin_keystone","1"
"weapon__C__52","weapon","C","item","core:scaffold_step","4"
"weapon__C__52","weapon","C","item","core:seed_pouch_lining","2"
"weapon__C__52","weapon","C","item","core:shock_absorber_pad","1"
"weapon__C__52","weapon","C","item","core:wind_seed_flag","1"
"weapon__C__52","weapon","C","evolution","core:sheltered_sowing","1"
"weapon__C__52","weapon","C","evolution","core:sowing_sworddance","1"
"weapon__C__53","weapon","C","equipment","core:ember_wand","1"
"weapon__C__53","weapon","C","equipment","core:harvest_scythe","1"
"weapon__C__53","weapon","C","equipment","core:iron_blade","1"
"weapon__C__53","weapon","C","equipment","core:ward_orbit","1"
"weapon__C__53","weapon","C","equipment","core:carpenter_hammer","1"
"weapon__C__53","weapon","C","equipment","core:hedge_drum","1"
"weapon__C__53","weapon","C","equipment","core:muster_horn","1"
"weapon__C__53","weapon","C","equipment","core:seed_bag","1"
"weapon__C__53","weapon","C","charter","core:guarded_harvest","25"
"weapon__C__53","weapon","C","charter","core:meal_oath","9"
"weapon__C__53","weapon","C","charter","core:rally_boundary","14"
"weapon__C__53","weapon","C","charter","core:repair_tithe","1"
"weapon__C__53","weapon","C","item","core:boundary_hinge","3"
"weapon__C__53","weapon","C","item","core:joiner_square","2"
"weapon__C__53","weapon","C","item","core:meadow_buckle","2"
"weapon__C__53","weapon","C","item","core:muster_roll","2"
"weapon__C__53","weapon","C","item","core:root_binding_cord","2"
"weapon__C__53","weapon","C","item","core:ruin_keystone","4"
"weapon__C__53","weapon","C","item","core:scaffold_step","3"
"weapon__C__53","weapon","C","item","core:seed_pouch_lining","1"
"weapon__C__53","weapon","C","item","core:shock_absorber_pad","2"
"weapon__C__53","weapon","C","item","core:wind_seed_flag","3"
"weapon__C__53","weapon","C","evolution","core:sheltered_sowing","1"
"weapon__C__53","weapon","C","evolution","core:sowing_sworddance","1"
"weapon__C__54","weapon","C","equipment","core:ember_wand","1"
"weapon__C__54","weapon","C","equipment","core:harvest_scythe","1"
"weapon__C__54","weapon","C","equipment","core:iron_blade","1"
"weapon__C__54","weapon","C","equipment","core:ward_orbit","1"
"weapon__C__54","weapon","C","equipment","core:muster_horn","1"
"weapon__C__54","weapon","C","equipment","core:seed_bag","1"
"weapon__C__54","weapon","C","charter","core:guarded_harvest","24"
"weapon__C__54","weapon","C","charter","core:meal_oath","15"
"weapon__C__54","weapon","C","charter","core:rally_boundary","19"
"weapon__C__54","weapon","C","item","core:levy_bread_wrap","7"
"weapon__C__54","weapon","C","item","core:meadow_buckle","3"
"weapon__C__54","weapon","C","item","core:muster_roll","1"
"weapon__C__54","weapon","C","item","core:return_path_knot","5"
"weapon__C__54","weapon","C","item","core:root_binding_cord","5"
"weapon__C__54","weapon","C","item","core:seed_pouch_lining","3"
"weapon__C__54","weapon","C","evolution","core:sowing_sworddance","1"
"weapon__C__55","weapon","C","equipment","core:ember_wand","1"
"weapon__C__55","weapon","C","equipment","core:harvest_scythe","1"
"weapon__C__55","weapon","C","equipment","core:iron_blade","1"
"weapon__C__55","weapon","C","equipment","core:ward_orbit","1"
"weapon__C__55","weapon","C","equipment","core:muster_horn","1"
"weapon__C__55","weapon","C","equipment","core:seed_bag","1"
"weapon__C__55","weapon","C","charter","core:guarded_harvest","28"
"weapon__C__55","weapon","C","charter","core:meal_oath","11"
"weapon__C__55","weapon","C","charter","core:rally_boundary","11"
"weapon__C__55","weapon","C","item","core:levy_bread_wrap","2"
"weapon__C__55","weapon","C","item","core:meadow_buckle","1"
"weapon__C__55","weapon","C","item","core:muster_roll","3"
"weapon__C__55","weapon","C","item","core:return_path_knot","5"
"weapon__C__55","weapon","C","item","core:root_binding_cord","2"
"weapon__C__55","weapon","C","item","core:seed_pouch_lining","5"
"weapon__C__55","weapon","C","item","core:wind_seed_flag","6"
"weapon__C__55","weapon","C","evolution","core:sowing_sworddance","1"
"weapon__C__56","weapon","C","equipment","core:ember_wand","1"
"weapon__C__56","weapon","C","equipment","core:harvest_scythe","1"
"weapon__C__56","weapon","C","equipment","core:iron_blade","1"
"weapon__C__56","weapon","C","equipment","core:ward_orbit","1"
"weapon__C__56","weapon","C","equipment","core:muster_horn","1"
"weapon__C__56","weapon","C","equipment","core:seed_bag","1"
"weapon__C__56","weapon","C","charter","core:guarded_harvest","30"
"weapon__C__56","weapon","C","charter","core:meal_oath","25"
"weapon__C__56","weapon","C","charter","core:rally_boundary","24"
"weapon__C__56","weapon","C","item","core:levy_bread_wrap","1"
"weapon__C__56","weapon","C","item","core:meadow_buckle","3"
"weapon__C__56","weapon","C","item","core:muster_roll","4"
"weapon__C__56","weapon","C","item","core:return_path_knot","2"
"weapon__C__56","weapon","C","item","core:root_binding_cord","4"
"weapon__C__56","weapon","C","item","core:seed_pouch_lining","6"
"weapon__C__56","weapon","C","item","core:wind_seed_flag","4"
"weapon__C__56","weapon","C","evolution","core:sowing_sworddance","1"
"weapon__C__57","weapon","C","equipment","core:ember_wand","1"
"weapon__C__57","weapon","C","equipment","core:harvest_scythe","1"
"weapon__C__57","weapon","C","equipment","core:iron_blade","1"
"weapon__C__57","weapon","C","equipment","core:ward_orbit","1"
"weapon__C__57","weapon","C","equipment","core:muster_horn","1"
"weapon__C__57","weapon","C","equipment","core:seed_bag","1"
"weapon__C__57","weapon","C","charter","core:guarded_harvest","21"
"weapon__C__57","weapon","C","charter","core:meal_oath","20"
"weapon__C__57","weapon","C","charter","core:rally_boundary","19"
"weapon__C__57","weapon","C","item","core:meadow_buckle","7"
"weapon__C__57","weapon","C","item","core:muster_roll","1"
"weapon__C__57","weapon","C","item","core:return_path_knot","3"
"weapon__C__57","weapon","C","item","core:root_binding_cord","7"
"weapon__C__57","weapon","C","item","core:seed_pouch_lining","5"
"weapon__C__57","weapon","C","item","core:wind_seed_flag","1"
"weapon__C__57","weapon","C","evolution","core:sowing_sworddance","1"
"weapon__C__58","weapon","C","equipment","core:ember_wand","1"
"weapon__C__58","weapon","C","equipment","core:harvest_scythe","1"
"weapon__C__58","weapon","C","equipment","core:iron_blade","1"
"weapon__C__58","weapon","C","equipment","core:ward_orbit","1"
"weapon__C__58","weapon","C","equipment","core:hedge_drum","1"
"weapon__C__58","weapon","C","equipment","core:muster_horn","1"
"weapon__C__58","weapon","C","equipment","core:seed_bag","1"
"weapon__C__58","weapon","C","charter","core:guarded_harvest","15"
"weapon__C__58","weapon","C","charter","core:meal_oath","17"
"weapon__C__58","weapon","C","charter","core:rally_boundary","9"
"weapon__C__58","weapon","C","charter","core:repair_tithe","3"
"weapon__C__58","weapon","C","item","core:boundary_hinge","1"
"weapon__C__58","weapon","C","item","core:joiner_square","3"
"weapon__C__58","weapon","C","item","core:levy_bread_wrap","6"
"weapon__C__58","weapon","C","item","core:meadow_buckle","1"
"weapon__C__58","weapon","C","item","core:muster_roll","4"
"weapon__C__58","weapon","C","item","core:return_path_knot","1"
"weapon__C__58","weapon","C","item","core:root_binding_cord","1"
"weapon__C__58","weapon","C","item","core:scaffold_step","2"
"weapon__C__58","weapon","C","item","core:seed_pouch_lining","2"
"weapon__C__58","weapon","C","item","core:wind_seed_flag","3"
"weapon__C__58","weapon","C","evolution","core:sowing_sworddance","1"
"weapon__C__59","weapon","C","equipment","core:ember_wand","1"
"weapon__C__59","weapon","C","equipment","core:harvest_scythe","1"
"weapon__C__59","weapon","C","equipment","core:iron_blade","1"
"weapon__C__59","weapon","C","equipment","core:ward_orbit","1"
"weapon__C__59","weapon","C","equipment","core:carpenter_hammer","1"
"weapon__C__59","weapon","C","equipment","core:muster_horn","1"
"weapon__C__59","weapon","C","equipment","core:seed_bag","1"
"weapon__C__59","weapon","C","charter","core:guarded_harvest","30"
"weapon__C__59","weapon","C","charter","core:meal_oath","8"
"weapon__C__59","weapon","C","charter","core:rally_boundary","12"
"weapon__C__59","weapon","C","charter","core:repair_tithe","1"
"weapon__C__59","weapon","C","item","core:joiner_square","2"
"weapon__C__59","weapon","C","item","core:levy_bread_wrap","1"
"weapon__C__59","weapon","C","item","core:meadow_buckle","4"
"weapon__C__59","weapon","C","item","core:muster_roll","3"
"weapon__C__59","weapon","C","item","core:return_path_knot","4"
"weapon__C__59","weapon","C","item","core:root_binding_cord","2"
"weapon__C__59","weapon","C","item","core:seed_pouch_lining","4"
"weapon__C__59","weapon","C","item","core:shock_absorber_pad","1"
"weapon__C__59","weapon","C","item","core:wind_seed_flag","3"
"weapon__C__59","weapon","C","evolution","core:sheltered_sowing","1"
"weapon__C__59","weapon","C","evolution","core:sowing_sworddance","1"
"weapon__C__60","weapon","C","equipment","core:ember_wand","1"
"weapon__C__60","weapon","C","equipment","core:harvest_scythe","1"
"weapon__C__60","weapon","C","equipment","core:iron_blade","1"
"weapon__C__60","weapon","C","equipment","core:ward_orbit","1"
"weapon__C__60","weapon","C","equipment","core:carpenter_hammer","1"
"weapon__C__60","weapon","C","equipment","core:muster_horn","1"
"weapon__C__60","weapon","C","equipment","core:seed_bag","1"
"weapon__C__60","weapon","C","charter","core:guarded_harvest","29"
"weapon__C__60","weapon","C","charter","core:meal_oath","9"
"weapon__C__60","weapon","C","charter","core:rally_boundary","21"
"weapon__C__60","weapon","C","charter","core:repair_tithe","3"
"weapon__C__60","weapon","C","item","core:boundary_hinge","1"
"weapon__C__60","weapon","C","item","core:joiner_square","2"
"weapon__C__60","weapon","C","item","core:muster_roll","2"
"weapon__C__60","weapon","C","item","core:return_path_knot","2"
"weapon__C__60","weapon","C","item","core:root_binding_cord","3"
"weapon__C__60","weapon","C","item","core:ruin_keystone","1"
"weapon__C__60","weapon","C","item","core:scaffold_step","1"
"weapon__C__60","weapon","C","item","core:seed_pouch_lining","5"
"weapon__C__60","weapon","C","item","core:shock_absorber_pad","2"
"weapon__C__60","weapon","C","item","core:wind_seed_flag","5"
"weapon__C__60","weapon","C","evolution","core:sheltered_sowing","1"
"weapon__C__60","weapon","C","evolution","core:sowing_sworddance","1"
"weapon__C__61","weapon","C","equipment","core:ember_wand","1"
"weapon__C__61","weapon","C","equipment","core:harvest_scythe","1"
"weapon__C__61","weapon","C","equipment","core:iron_blade","1"
"weapon__C__61","weapon","C","equipment","core:ward_orbit","1"
"weapon__C__61","weapon","C","equipment","core:muster_horn","1"
"weapon__C__61","weapon","C","equipment","core:seed_bag","1"
"weapon__C__61","weapon","C","charter","core:guarded_harvest","32"
"weapon__C__61","weapon","C","charter","core:meal_oath","11"
"weapon__C__61","weapon","C","charter","core:rally_boundary","24"
"weapon__C__61","weapon","C","item","core:levy_bread_wrap","6"
"weapon__C__61","weapon","C","item","core:meadow_buckle","3"
"weapon__C__61","weapon","C","item","core:return_path_knot","3"
"weapon__C__61","weapon","C","item","core:root_binding_cord","4"
"weapon__C__61","weapon","C","item","core:seed_pouch_lining","2"
"weapon__C__61","weapon","C","item","core:wind_seed_flag","5"
"weapon__C__61","weapon","C","evolution","core:sowing_sworddance","1"
"weapon__C__62","weapon","C","equipment","core:ember_wand","1"
"weapon__C__62","weapon","C","equipment","core:harvest_scythe","1"
"weapon__C__62","weapon","C","equipment","core:iron_blade","1"
"weapon__C__62","weapon","C","equipment","core:ward_orbit","1"
"weapon__C__62","weapon","C","equipment","core:carpenter_hammer","1"
"weapon__C__62","weapon","C","equipment","core:hedge_drum","1"
"weapon__C__62","weapon","C","equipment","core:muster_horn","1"
"weapon__C__62","weapon","C","equipment","core:seed_bag","1"
"weapon__C__62","weapon","C","charter","core:guarded_harvest","33"
"weapon__C__62","weapon","C","charter","core:meal_oath","12"
"weapon__C__62","weapon","C","charter","core:rally_boundary","19"
"weapon__C__62","weapon","C","charter","core:repair_tithe","2"
"weapon__C__62","weapon","C","item","core:boundary_hinge","3"
"weapon__C__62","weapon","C","item","core:joiner_square","2"
"weapon__C__62","weapon","C","item","core:levy_bread_wrap","2"
"weapon__C__62","weapon","C","item","core:meadow_buckle","3"
"weapon__C__62","weapon","C","item","core:muster_roll","1"
"weapon__C__62","weapon","C","item","core:return_path_knot","1"
"weapon__C__62","weapon","C","item","core:root_binding_cord","1"
"weapon__C__62","weapon","C","item","core:ruin_keystone","2"
"weapon__C__62","weapon","C","item","core:scaffold_step","1"
"weapon__C__62","weapon","C","item","core:seed_pouch_lining","3"
"weapon__C__62","weapon","C","item","core:shock_absorber_pad","4"
"weapon__C__62","weapon","C","item","core:wind_seed_flag","1"
"weapon__C__62","weapon","C","evolution","core:sheltered_sowing","1"
"weapon__C__62","weapon","C","evolution","core:sowing_sworddance","1"
"weapon__C__63","weapon","C","equipment","core:ember_wand","1"
"weapon__C__63","weapon","C","equipment","core:harvest_scythe","1"
"weapon__C__63","weapon","C","equipment","core:iron_blade","1"
"weapon__C__63","weapon","C","equipment","core:ward_orbit","1"
"weapon__C__63","weapon","C","equipment","core:carpenter_hammer","1"
"weapon__C__63","weapon","C","equipment","core:hedge_drum","1"
"weapon__C__63","weapon","C","equipment","core:muster_horn","1"
"weapon__C__63","weapon","C","equipment","core:seed_bag","1"
"weapon__C__63","weapon","C","charter","core:guarded_harvest","22"
"weapon__C__63","weapon","C","charter","core:meal_oath","17"
"weapon__C__63","weapon","C","charter","core:rally_boundary","12"
"weapon__C__63","weapon","C","charter","core:repair_tithe","3"
"weapon__C__63","weapon","C","item","core:boundary_hinge","1"
"weapon__C__63","weapon","C","item","core:joiner_square","5"
"weapon__C__63","weapon","C","item","core:levy_bread_wrap","4"
"weapon__C__63","weapon","C","item","core:meadow_buckle","4"
"weapon__C__63","weapon","C","item","core:muster_roll","2"
"weapon__C__63","weapon","C","item","core:return_path_knot","2"
"weapon__C__63","weapon","C","item","core:root_binding_cord","1"
"weapon__C__63","weapon","C","item","core:scaffold_step","2"
"weapon__C__63","weapon","C","item","core:seed_pouch_lining","2"
"weapon__C__63","weapon","C","item","core:wind_seed_flag","1"
"weapon__C__63","weapon","C","evolution","core:sheltered_sowing","1"
"weapon__C__63","weapon","C","evolution","core:sowing_sworddance","1"
"weapon__C__64","weapon","C","equipment","core:ember_wand","1"
"weapon__C__64","weapon","C","equipment","core:harvest_scythe","1"
"weapon__C__64","weapon","C","equipment","core:iron_blade","1"
"weapon__C__64","weapon","C","equipment","core:ward_orbit","1"
"weapon__C__64","weapon","C","equipment","core:muster_horn","1"
"weapon__C__64","weapon","C","equipment","core:seed_bag","1"
"weapon__C__64","weapon","C","charter","core:guarded_harvest","22"
"weapon__C__64","weapon","C","charter","core:meal_oath","15"
"weapon__C__64","weapon","C","charter","core:rally_boundary","33"
"weapon__C__64","weapon","C","charter","core:repair_tithe","2"
"weapon__C__64","weapon","C","item","core:levy_bread_wrap","2"
"weapon__C__64","weapon","C","item","core:meadow_buckle","2"
"weapon__C__64","weapon","C","item","core:muster_roll","3"
"weapon__C__64","weapon","C","item","core:return_path_knot","7"
"weapon__C__64","weapon","C","item","core:root_binding_cord","6"
"weapon__C__64","weapon","C","item","core:seed_pouch_lining","2"
"weapon__C__64","weapon","C","item","core:wind_seed_flag","2"
"weapon__C__64","weapon","C","evolution","core:sowing_sworddance","1"
"weapon__C__65","weapon","C","equipment","core:ember_wand","1"
"weapon__C__65","weapon","C","equipment","core:harvest_scythe","1"
"weapon__C__65","weapon","C","equipment","core:iron_blade","1"
"weapon__C__65","weapon","C","equipment","core:ward_orbit","1"
"weapon__C__65","weapon","C","equipment","core:muster_horn","1"
"weapon__C__65","weapon","C","equipment","core:seed_bag","1"
"weapon__C__65","weapon","C","charter","core:guarded_harvest","32"
"weapon__C__65","weapon","C","charter","core:meal_oath","15"
"weapon__C__65","weapon","C","charter","core:rally_boundary","13"
"weapon__C__65","weapon","C","item","core:levy_bread_wrap","7"
"weapon__C__65","weapon","C","item","core:meadow_buckle","3"
"weapon__C__65","weapon","C","item","core:muster_roll","3"
"weapon__C__65","weapon","C","item","core:return_path_knot","3"
"weapon__C__65","weapon","C","item","core:root_binding_cord","2"
"weapon__C__65","weapon","C","item","core:seed_pouch_lining","3"
"weapon__C__65","weapon","C","item","core:wind_seed_flag","3"
"weapon__C__65","weapon","C","evolution","core:sowing_sworddance","1"
"weapon__C__66","weapon","C","equipment","core:ember_wand","1"
"weapon__C__66","weapon","C","equipment","core:harvest_scythe","1"
"weapon__C__66","weapon","C","equipment","core:iron_blade","1"
"weapon__C__66","weapon","C","equipment","core:ward_orbit","1"
"weapon__C__66","weapon","C","equipment","core:carpenter_hammer","1"
"weapon__C__66","weapon","C","equipment","core:muster_horn","1"
"weapon__C__66","weapon","C","equipment","core:seed_bag","1"
"weapon__C__66","weapon","C","charter","core:guarded_harvest","17"
"weapon__C__66","weapon","C","charter","core:meal_oath","11"
"weapon__C__66","weapon","C","charter","core:rally_boundary","7"
"weapon__C__66","weapon","C","charter","core:repair_tithe","1"
"weapon__C__66","weapon","C","item","core:boundary_hinge","2"
"weapon__C__66","weapon","C","item","core:joiner_square","3"
"weapon__C__66","weapon","C","item","core:levy_bread_wrap","1"
"weapon__C__66","weapon","C","item","core:meadow_buckle","1"
"weapon__C__66","weapon","C","item","core:muster_roll","2"
"weapon__C__66","weapon","C","item","core:return_path_knot","3"
"weapon__C__66","weapon","C","item","core:root_binding_cord","6"
"weapon__C__66","weapon","C","item","core:ruin_keystone","1"
"weapon__C__66","weapon","C","item","core:scaffold_step","1"
"weapon__C__66","weapon","C","item","core:seed_pouch_lining","2"
"weapon__C__66","weapon","C","item","core:shock_absorber_pad","2"
"weapon__C__66","weapon","C","evolution","core:sheltered_sowing","1"
"weapon__C__66","weapon","C","evolution","core:sowing_sworddance","1"
"weapon__C__67","weapon","C","equipment","core:ember_wand","1"
"weapon__C__67","weapon","C","equipment","core:harvest_scythe","1"
"weapon__C__67","weapon","C","equipment","core:iron_blade","1"
"weapon__C__67","weapon","C","equipment","core:ward_orbit","1"
"weapon__C__67","weapon","C","equipment","core:carpenter_hammer","1"
"weapon__C__67","weapon","C","equipment","core:hedge_drum","1"
"weapon__C__67","weapon","C","equipment","core:muster_horn","1"
"weapon__C__67","weapon","C","equipment","core:seed_bag","1"
"weapon__C__67","weapon","C","charter","core:guarded_harvest","20"
"weapon__C__67","weapon","C","charter","core:meal_oath","26"
"weapon__C__67","weapon","C","charter","core:rally_boundary","10"
"weapon__C__67","weapon","C","charter","core:repair_tithe","5"
"weapon__C__67","weapon","C","item","core:boundary_hinge","2"
"weapon__C__67","weapon","C","item","core:levy_bread_wrap","2"
"weapon__C__67","weapon","C","item","core:meadow_buckle","1"
"weapon__C__67","weapon","C","item","core:muster_roll","3"
"weapon__C__67","weapon","C","item","core:return_path_knot","1"
"weapon__C__67","weapon","C","item","core:root_binding_cord","1"
"weapon__C__67","weapon","C","item","core:scaffold_step","2"
"weapon__C__67","weapon","C","item","core:seed_pouch_lining","4"
"weapon__C__67","weapon","C","item","core:shock_absorber_pad","2"
"weapon__C__67","weapon","C","item","core:wind_seed_flag","5"
"weapon__C__67","weapon","C","evolution","core:sheltered_sowing","1"
"weapon__C__67","weapon","C","evolution","core:sowing_sworddance","1"
"weapon__C__68","weapon","C","equipment","core:ember_wand","1"
"weapon__C__68","weapon","C","equipment","core:harvest_scythe","1"
"weapon__C__68","weapon","C","equipment","core:iron_blade","1"
"weapon__C__68","weapon","C","equipment","core:ward_orbit","1"
"weapon__C__68","weapon","C","equipment","core:muster_horn","1"
"weapon__C__68","weapon","C","equipment","core:seed_bag","1"
"weapon__C__68","weapon","C","charter","core:guarded_harvest","20"
"weapon__C__68","weapon","C","charter","core:meal_oath","13"
"weapon__C__68","weapon","C","charter","core:rally_boundary","13"
"weapon__C__68","weapon","C","item","core:levy_bread_wrap","2"
"weapon__C__68","weapon","C","item","core:meadow_buckle","3"
"weapon__C__68","weapon","C","item","core:muster_roll","5"
"weapon__C__68","weapon","C","item","core:return_path_knot","2"
"weapon__C__68","weapon","C","item","core:root_binding_cord","4"
"weapon__C__68","weapon","C","item","core:seed_pouch_lining","4"
"weapon__C__68","weapon","C","item","core:wind_seed_flag","4"
"weapon__C__68","weapon","C","evolution","core:sowing_sworddance","1"
"weapon__C__69","weapon","C","equipment","core:ember_wand","1"
"weapon__C__69","weapon","C","equipment","core:harvest_scythe","1"
"weapon__C__69","weapon","C","equipment","core:iron_blade","1"
"weapon__C__69","weapon","C","equipment","core:ward_orbit","1"
"weapon__C__69","weapon","C","equipment","core:carpenter_hammer","1"
"weapon__C__69","weapon","C","equipment","core:hedge_drum","1"
"weapon__C__69","weapon","C","equipment","core:muster_horn","1"
"weapon__C__69","weapon","C","equipment","core:seed_bag","1"
"weapon__C__69","weapon","C","charter","core:guarded_harvest","18"
"weapon__C__69","weapon","C","charter","core:meal_oath","11"
"weapon__C__69","weapon","C","charter","core:rally_boundary","8"
"weapon__C__69","weapon","C","charter","core:repair_tithe","1"
"weapon__C__69","weapon","C","item","core:boundary_hinge","3"
"weapon__C__69","weapon","C","item","core:joiner_square","2"
"weapon__C__69","weapon","C","item","core:levy_bread_wrap","1"
"weapon__C__69","weapon","C","item","core:meadow_buckle","4"
"weapon__C__69","weapon","C","item","core:muster_roll","2"
"weapon__C__69","weapon","C","item","core:return_path_knot","1"
"weapon__C__69","weapon","C","item","core:root_binding_cord","2"
"weapon__C__69","weapon","C","item","core:ruin_keystone","1"
"weapon__C__69","weapon","C","item","core:seed_pouch_lining","3"
"weapon__C__69","weapon","C","item","core:shock_absorber_pad","2"
"weapon__C__69","weapon","C","item","core:wind_seed_flag","3"
"weapon__C__69","weapon","C","evolution","core:sheltered_sowing","1"
"weapon__C__69","weapon","C","evolution","core:sowing_sworddance","1"
"weapon__C__70","weapon","C","equipment","core:ember_wand","1"
"weapon__C__70","weapon","C","equipment","core:harvest_scythe","1"
"weapon__C__70","weapon","C","equipment","core:iron_blade","1"
"weapon__C__70","weapon","C","equipment","core:ward_orbit","1"
"weapon__C__70","weapon","C","equipment","core:muster_horn","1"
"weapon__C__70","weapon","C","equipment","core:seed_bag","1"
"weapon__C__70","weapon","C","charter","core:guarded_harvest","26"
"weapon__C__70","weapon","C","charter","core:meal_oath","7"
"weapon__C__70","weapon","C","charter","core:rally_boundary","6"
"weapon__C__70","weapon","C","item","core:levy_bread_wrap","2"
"weapon__C__70","weapon","C","item","core:meadow_buckle","2"
"weapon__C__70","weapon","C","item","core:muster_roll","2"
"weapon__C__70","weapon","C","item","core:return_path_knot","6"
"weapon__C__70","weapon","C","item","core:root_binding_cord","4"
"weapon__C__70","weapon","C","item","core:seed_pouch_lining","6"
"weapon__C__70","weapon","C","item","core:wind_seed_flag","2"
"weapon__C__70","weapon","C","evolution","core:sowing_sworddance","1"
"weapon__C__71","weapon","C","equipment","core:ember_wand","1"
"weapon__C__71","weapon","C","equipment","core:harvest_scythe","1"
"weapon__C__71","weapon","C","equipment","core:iron_blade","1"
"weapon__C__71","weapon","C","equipment","core:ward_orbit","1"
"weapon__C__71","weapon","C","equipment","core:muster_horn","1"
"weapon__C__71","weapon","C","equipment","core:seed_bag","1"
"weapon__C__71","weapon","C","charter","core:guarded_harvest","23"
"weapon__C__71","weapon","C","charter","core:meal_oath","14"
"weapon__C__71","weapon","C","charter","core:rally_boundary","20"
"weapon__C__71","weapon","C","item","core:levy_bread_wrap","2"
"weapon__C__71","weapon","C","item","core:meadow_buckle","3"
"weapon__C__71","weapon","C","item","core:muster_roll","4"
"weapon__C__71","weapon","C","item","core:return_path_knot","6"
"weapon__C__71","weapon","C","item","core:root_binding_cord","7"
"weapon__C__71","weapon","C","item","core:seed_pouch_lining","1"
"weapon__C__71","weapon","C","item","core:wind_seed_flag","1"
"weapon__C__71","weapon","C","evolution","core:sowing_sworddance","1"
"weapon__C__72","weapon","C","equipment","core:ember_wand","1"
"weapon__C__72","weapon","C","equipment","core:harvest_scythe","1"
"weapon__C__72","weapon","C","equipment","core:iron_blade","1"
"weapon__C__72","weapon","C","equipment","core:ward_orbit","1"
"weapon__C__72","weapon","C","equipment","core:carpenter_hammer","1"
"weapon__C__72","weapon","C","equipment","core:muster_horn","1"
"weapon__C__72","weapon","C","equipment","core:seed_bag","1"
"weapon__C__72","weapon","C","charter","core:guarded_harvest","28"
"weapon__C__72","weapon","C","charter","core:meal_oath","8"
"weapon__C__72","weapon","C","charter","core:rally_boundary","10"
"weapon__C__72","weapon","C","item","core:boundary_hinge","3"
"weapon__C__72","weapon","C","item","core:joiner_square","3"
"weapon__C__72","weapon","C","item","core:levy_bread_wrap","2"
"weapon__C__72","weapon","C","item","core:meadow_buckle","3"
"weapon__C__72","weapon","C","item","core:muster_roll","1"
"weapon__C__72","weapon","C","item","core:return_path_knot","1"
"weapon__C__72","weapon","C","item","core:ruin_keystone","1"
"weapon__C__72","weapon","C","item","core:scaffold_step","1"
"weapon__C__72","weapon","C","item","core:seed_pouch_lining","4"
"weapon__C__72","weapon","C","item","core:shock_absorber_pad","1"
"weapon__C__72","weapon","C","item","core:wind_seed_flag","4"
"weapon__C__72","weapon","C","evolution","core:sheltered_sowing","1"
"weapon__C__72","weapon","C","evolution","core:sowing_sworddance","1"
"weapon__C__73","weapon","C","equipment","core:ember_wand","1"
"weapon__C__73","weapon","C","equipment","core:harvest_scythe","1"
"weapon__C__73","weapon","C","equipment","core:iron_blade","1"
"weapon__C__73","weapon","C","equipment","core:ward_orbit","1"
"weapon__C__73","weapon","C","equipment","core:carpenter_hammer","1"
"weapon__C__73","weapon","C","equipment","core:hedge_drum","1"
"weapon__C__73","weapon","C","equipment","core:muster_horn","1"
"weapon__C__73","weapon","C","equipment","core:seed_bag","1"
"weapon__C__73","weapon","C","charter","core:guarded_harvest","28"
"weapon__C__73","weapon","C","charter","core:meal_oath","19"
"weapon__C__73","weapon","C","charter","core:rally_boundary","5"
"weapon__C__73","weapon","C","charter","core:repair_tithe","7"
"weapon__C__73","weapon","C","item","core:boundary_hinge","1"
"weapon__C__73","weapon","C","item","core:joiner_square","2"
"weapon__C__73","weapon","C","item","core:levy_bread_wrap","2"
"weapon__C__73","weapon","C","item","core:meadow_buckle","4"
"weapon__C__73","weapon","C","item","core:muster_roll","2"
"weapon__C__73","weapon","C","item","core:return_path_knot","1"
"weapon__C__73","weapon","C","item","core:root_binding_cord","2"
"weapon__C__73","weapon","C","item","core:ruin_keystone","2"
"weapon__C__73","weapon","C","item","core:scaffold_step","3"
"weapon__C__73","weapon","C","item","core:seed_pouch_lining","2"
"weapon__C__73","weapon","C","item","core:shock_absorber_pad","1"
"weapon__C__73","weapon","C","item","core:wind_seed_flag","2"
"weapon__C__73","weapon","C","evolution","core:sheltered_sowing","1"
"weapon__C__73","weapon","C","evolution","core:sowing_sworddance","1"
"land__A__42","land","A","equipment","core:ember_wand","1"
"land__A__42","land","A","equipment","core:harvest_scythe","1"
"land__A__42","land","A","equipment","core:iron_blade","1"
"land__A__42","land","A","equipment","core:ward_orbit","1"
"land__A__42","land","A","equipment","core:carpenter_hammer","1"
"land__A__42","land","A","equipment","core:hedge_drum","1"
"land__A__42","land","A","equipment","core:muster_horn","1"
"land__A__42","land","A","equipment","core:seed_bag","1"
"land__A__42","land","A","charter","core:guarded_harvest","7"
"land__A__42","land","A","charter","core:rally_boundary","3"
"land__A__42","land","A","charter","core:repair_tithe","4"
"land__A__42","land","A","item","core:boundary_hinge","1"
"land__A__42","land","A","item","core:joiner_square","3"
"land__A__42","land","A","item","core:levy_bread_wrap","2"
"land__A__42","land","A","item","core:meadow_buckle","3"
"land__A__42","land","A","item","core:muster_roll","2"
"land__A__42","land","A","item","core:root_binding_cord","2"
"land__A__42","land","A","item","core:ruin_keystone","1"
"land__A__42","land","A","item","core:scaffold_step","2"
"land__A__42","land","A","item","core:seed_pouch_lining","3"
"land__A__42","land","A","item","core:shock_absorber_pad","1"
"land__A__42","land","A","item","core:wind_seed_flag","4"
"land__A__42","land","A","evolution","core:sheltered_sowing","1"
"land__A__42","land","A","evolution","core:sowing_sworddance","1"
"land__A__43","land","A","equipment","core:ember_wand","1"
"land__A__43","land","A","equipment","core:harvest_scythe","1"
"land__A__43","land","A","equipment","core:iron_blade","1"
"land__A__43","land","A","equipment","core:ward_orbit","1"
"land__A__43","land","A","equipment","core:carpenter_hammer","1"
"land__A__43","land","A","equipment","core:hedge_drum","1"
"land__A__43","land","A","equipment","core:muster_horn","1"
"land__A__43","land","A","equipment","core:seed_bag","1"
"land__A__43","land","A","charter","core:guarded_harvest","5"
"land__A__43","land","A","charter","core:meal_oath","3"
"land__A__43","land","A","charter","core:rally_boundary","8"
"land__A__43","land","A","charter","core:repair_tithe","1"
"land__A__43","land","A","item","core:levy_bread_wrap","1"
"land__A__43","land","A","item","core:meadow_buckle","7"
"land__A__43","land","A","item","core:muster_roll","3"
"land__A__43","land","A","item","core:return_path_knot","3"
"land__A__43","land","A","item","core:root_binding_cord","2"
"land__A__43","land","A","item","core:scaffold_step","1"
"land__A__43","land","A","item","core:seed_pouch_lining","4"
"land__A__43","land","A","item","core:shock_absorber_pad","2"
"land__A__43","land","A","item","core:wind_seed_flag","1"
"land__A__43","land","A","evolution","core:sheltered_sowing","1"
"land__A__43","land","A","evolution","core:sowing_sworddance","1"
"land__A__44","land","A","equipment","core:ember_wand","1"
"land__A__44","land","A","equipment","core:harvest_scythe","1"
"land__A__44","land","A","equipment","core:iron_blade","1"
"land__A__44","land","A","equipment","core:ward_orbit","1"
"land__A__44","land","A","equipment","core:carpenter_hammer","1"
"land__A__44","land","A","equipment","core:hedge_drum","1"
"land__A__44","land","A","equipment","core:muster_horn","1"
"land__A__44","land","A","equipment","core:seed_bag","1"
"land__A__44","land","A","charter","core:guarded_harvest","6"
"land__A__44","land","A","charter","core:meal_oath","4"
"land__A__44","land","A","charter","core:rally_boundary","3"
"land__A__44","land","A","charter","core:repair_tithe","7"
"land__A__44","land","A","item","core:joiner_square","2"
"land__A__44","land","A","item","core:levy_bread_wrap","2"
"land__A__44","land","A","item","core:meadow_buckle","3"
"land__A__44","land","A","item","core:muster_roll","2"
"land__A__44","land","A","item","core:return_path_knot","2"
"land__A__44","land","A","item","core:root_binding_cord","4"
"land__A__44","land","A","item","core:seed_pouch_lining","3"
"land__A__44","land","A","item","core:shock_absorber_pad","1"
"land__A__44","land","A","item","core:wind_seed_flag","5"
"land__A__44","land","A","evolution","core:sheltered_sowing","1"
"land__A__44","land","A","evolution","core:sowing_sworddance","1"
"land__A__45","land","A","equipment","core:ember_wand","1"
"land__A__45","land","A","equipment","core:harvest_scythe","1"
"land__A__45","land","A","equipment","core:iron_blade","1"
"land__A__45","land","A","equipment","core:ward_orbit","1"
"land__A__45","land","A","equipment","core:carpenter_hammer","1"
"land__A__45","land","A","equipment","core:hedge_drum","1"
"land__A__45","land","A","equipment","core:muster_horn","1"
"land__A__45","land","A","equipment","core:seed_bag","1"
"land__A__45","land","A","charter","core:guarded_harvest","2"
"land__A__45","land","A","charter","core:meal_oath","5"
"land__A__45","land","A","charter","core:rally_boundary","5"
"land__A__45","land","A","charter","core:repair_tithe","6"
"land__A__45","land","A","item","core:joiner_square","1"
"land__A__45","land","A","item","core:levy_bread_wrap","2"
"land__A__45","land","A","item","core:meadow_buckle","2"
"land__A__45","land","A","item","core:muster_roll","1"
"land__A__45","land","A","item","core:return_path_knot","2"
"land__A__45","land","A","item","core:root_binding_cord","1"
"land__A__45","land","A","item","core:ruin_keystone","3"
"land__A__45","land","A","item","core:scaffold_step","3"
"land__A__45","land","A","item","core:seed_pouch_lining","4"
"land__A__45","land","A","item","core:shock_absorber_pad","1"
"land__A__45","land","A","item","core:wind_seed_flag","4"
"land__A__45","land","A","evolution","core:sheltered_sowing","1"
"land__A__45","land","A","evolution","core:sowing_sworddance","1"
"land__A__46","land","A","equipment","core:ember_wand","1"
"land__A__46","land","A","equipment","core:harvest_scythe","1"
"land__A__46","land","A","equipment","core:iron_blade","1"
"land__A__46","land","A","equipment","core:ward_orbit","1"
"land__A__46","land","A","equipment","core:muster_horn","1"
"land__A__46","land","A","equipment","core:seed_bag","1"
"land__A__46","land","A","charter","core:guarded_harvest","12"
"land__A__46","land","A","charter","core:meal_oath","8"
"land__A__46","land","A","charter","core:rally_boundary","4"
"land__A__46","land","A","charter","core:repair_tithe","2"
"land__A__46","land","A","item","core:levy_bread_wrap","2"
"land__A__46","land","A","item","core:meadow_buckle","4"
"land__A__46","land","A","item","core:muster_roll","1"
"land__A__46","land","A","item","core:return_path_knot","3"
"land__A__46","land","A","item","core:root_binding_cord","3"
"land__A__46","land","A","item","core:seed_pouch_lining","5"
"land__A__46","land","A","item","core:wind_seed_flag","6"
"land__A__46","land","A","evolution","core:sowing_sworddance","1"
"land__A__47","land","A","equipment","core:ember_wand","1"
"land__A__47","land","A","equipment","core:harvest_scythe","1"
"land__A__47","land","A","equipment","core:iron_blade","1"
"land__A__47","land","A","equipment","core:ward_orbit","1"
"land__A__47","land","A","equipment","core:carpenter_hammer","1"
"land__A__47","land","A","equipment","core:hedge_drum","1"
"land__A__47","land","A","equipment","core:muster_horn","1"
"land__A__47","land","A","equipment","core:seed_bag","1"
"land__A__47","land","A","charter","core:guarded_harvest","9"
"land__A__47","land","A","charter","core:meal_oath","5"
"land__A__47","land","A","charter","core:rally_boundary","6"
"land__A__47","land","A","charter","core:repair_tithe","7"
"land__A__47","land","A","item","core:boundary_hinge","1"
"land__A__47","land","A","item","core:joiner_square","2"
"land__A__47","land","A","item","core:levy_bread_wrap","1"
"land__A__47","land","A","item","core:meadow_buckle","3"
"land__A__47","land","A","item","core:muster_roll","4"
"land__A__47","land","A","item","core:return_path_knot","2"
"land__A__47","land","A","item","core:root_binding_cord","2"
"land__A__47","land","A","item","core:scaffold_step","4"
"land__A__47","land","A","item","core:seed_pouch_lining","2"
"land__A__47","land","A","item","core:shock_absorber_pad","2"
"land__A__47","land","A","item","core:wind_seed_flag","1"
"land__A__47","land","A","evolution","core:sheltered_sowing","1"
"land__A__47","land","A","evolution","core:sowing_sworddance","1"
"land__A__48","land","A","equipment","core:ember_wand","1"
"land__A__48","land","A","equipment","core:harvest_scythe","1"
"land__A__48","land","A","equipment","core:iron_blade","1"
"land__A__48","land","A","equipment","core:ward_orbit","1"
"land__A__48","land","A","equipment","core:carpenter_hammer","1"
"land__A__48","land","A","equipment","core:hedge_drum","1"
"land__A__48","land","A","equipment","core:muster_horn","1"
"land__A__48","land","A","equipment","core:seed_bag","1"
"land__A__48","land","A","charter","core:guarded_harvest","7"
"land__A__48","land","A","charter","core:meal_oath","10"
"land__A__48","land","A","charter","core:rally_boundary","6"
"land__A__48","land","A","charter","core:repair_tithe","7"
"land__A__48","land","A","item","core:levy_bread_wrap","5"
"land__A__48","land","A","item","core:meadow_buckle","1"
"land__A__48","land","A","item","core:muster_roll","1"
"land__A__48","land","A","item","core:return_path_knot","3"
"land__A__48","land","A","item","core:root_binding_cord","4"
"land__A__48","land","A","item","core:ruin_keystone","2"
"land__A__48","land","A","item","core:seed_pouch_lining","5"
"land__A__48","land","A","item","core:wind_seed_flag","3"
"land__A__48","land","A","evolution","core:sheltered_sowing","1"
"land__A__48","land","A","evolution","core:sowing_sworddance","1"
"land__A__49","land","A","equipment","core:ember_wand","1"
"land__A__49","land","A","equipment","core:harvest_scythe","1"
"land__A__49","land","A","equipment","core:iron_blade","1"
"land__A__49","land","A","equipment","core:ward_orbit","1"
"land__A__49","land","A","equipment","core:carpenter_hammer","1"
"land__A__49","land","A","equipment","core:hedge_drum","1"
"land__A__49","land","A","equipment","core:muster_horn","1"
"land__A__49","land","A","equipment","core:seed_bag","1"
"land__A__49","land","A","charter","core:guarded_harvest","7"
"land__A__49","land","A","charter","core:meal_oath","2"
"land__A__49","land","A","charter","core:rally_boundary","7"
"land__A__49","land","A","charter","core:repair_tithe","3"
"land__A__49","land","A","item","core:boundary_hinge","3"
"land__A__49","land","A","item","core:joiner_square","2"
"land__A__49","land","A","item","core:levy_bread_wrap","2"
"land__A__49","land","A","item","core:meadow_buckle","1"
"land__A__49","land","A","item","core:muster_roll","2"
"land__A__49","land","A","item","core:return_path_knot","2"
"land__A__49","land","A","item","core:root_binding_cord","4"
"land__A__49","land","A","item","core:scaffold_step","2"
"land__A__49","land","A","item","core:seed_pouch_lining","2"
"land__A__49","land","A","item","core:shock_absorber_pad","3"
"land__A__49","land","A","item","core:wind_seed_flag","1"
"land__A__49","land","A","evolution","core:sheltered_sowing","1"
"land__A__49","land","A","evolution","core:sowing_sworddance","1"
"land__A__50","land","A","equipment","core:ember_wand","1"
"land__A__50","land","A","equipment","core:harvest_scythe","1"
"land__A__50","land","A","equipment","core:iron_blade","1"
"land__A__50","land","A","equipment","core:ward_orbit","1"
"land__A__50","land","A","equipment","core:muster_horn","1"
"land__A__50","land","A","equipment","core:seed_bag","1"
"land__A__50","land","A","charter","core:guarded_harvest","10"
"land__A__50","land","A","charter","core:meal_oath","3"
"land__A__50","land","A","charter","core:rally_boundary","5"
"land__A__50","land","A","charter","core:repair_tithe","4"
"land__A__50","land","A","item","core:levy_bread_wrap","4"
"land__A__50","land","A","item","core:meadow_buckle","2"
"land__A__50","land","A","item","core:muster_roll","3"
"land__A__50","land","A","item","core:return_path_knot","7"
"land__A__50","land","A","item","core:root_binding_cord","2"
"land__A__50","land","A","item","core:seed_pouch_lining","3"
"land__A__50","land","A","item","core:wind_seed_flag","3"
"land__A__50","land","A","evolution","core:sowing_sworddance","1"
"land__A__51","land","A","equipment","core:ember_wand","1"
"land__A__51","land","A","equipment","core:harvest_scythe","1"
"land__A__51","land","A","equipment","core:iron_blade","1"
"land__A__51","land","A","equipment","core:ward_orbit","1"
"land__A__51","land","A","equipment","core:carpenter_hammer","1"
"land__A__51","land","A","equipment","core:hedge_drum","1"
"land__A__51","land","A","equipment","core:muster_horn","1"
"land__A__51","land","A","equipment","core:seed_bag","1"
"land__A__51","land","A","charter","core:guarded_harvest","13"
"land__A__51","land","A","charter","core:meal_oath","1"
"land__A__51","land","A","charter","core:rally_boundary","4"
"land__A__51","land","A","charter","core:repair_tithe","8"
"land__A__51","land","A","item","core:joiner_square","3"
"land__A__51","land","A","item","core:levy_bread_wrap","1"
"land__A__51","land","A","item","core:meadow_buckle","2"
"land__A__51","land","A","item","core:muster_roll","4"
"land__A__51","land","A","item","core:return_path_knot","5"
"land__A__51","land","A","item","core:root_binding_cord","3"
"land__A__51","land","A","item","core:scaffold_step","1"
"land__A__51","land","A","item","core:seed_pouch_lining","1"
"land__A__51","land","A","item","core:shock_absorber_pad","1"
"land__A__51","land","A","item","core:wind_seed_flag","2"
"land__A__51","land","A","evolution","core:sheltered_sowing","1"
"land__A__51","land","A","evolution","core:sowing_sworddance","1"
"land__A__52","land","A","equipment","core:ember_wand","1"
"land__A__52","land","A","equipment","core:harvest_scythe","1"
"land__A__52","land","A","equipment","core:iron_blade","1"
"land__A__52","land","A","equipment","core:ward_orbit","1"
"land__A__52","land","A","equipment","core:muster_horn","1"
"land__A__52","land","A","equipment","core:seed_bag","1"
"land__A__52","land","A","charter","core:guarded_harvest","11"
"land__A__52","land","A","charter","core:meal_oath","3"
"land__A__52","land","A","charter","core:rally_boundary","3"
"land__A__52","land","A","charter","core:repair_tithe","1"
"land__A__52","land","A","item","core:levy_bread_wrap","1"
"land__A__52","land","A","item","core:meadow_buckle","6"
"land__A__52","land","A","item","core:muster_roll","4"
"land__A__52","land","A","item","core:return_path_knot","5"
"land__A__52","land","A","item","core:root_binding_cord","6"
"land__A__52","land","A","item","core:seed_pouch_lining","2"
"land__A__52","land","A","evolution","core:sowing_sworddance","1"
"land__A__53","land","A","equipment","core:ember_wand","1"
"land__A__53","land","A","equipment","core:harvest_scythe","1"
"land__A__53","land","A","equipment","core:iron_blade","1"
"land__A__53","land","A","equipment","core:ward_orbit","1"
"land__A__53","land","A","equipment","core:carpenter_hammer","1"
"land__A__53","land","A","equipment","core:hedge_drum","1"
"land__A__53","land","A","equipment","core:muster_horn","1"
"land__A__53","land","A","equipment","core:seed_bag","1"
"land__A__53","land","A","charter","core:guarded_harvest","5"
"land__A__53","land","A","charter","core:meal_oath","8"
"land__A__53","land","A","charter","core:rally_boundary","3"
"land__A__53","land","A","charter","core:repair_tithe","2"
"land__A__53","land","A","item","core:boundary_hinge","3"
"land__A__53","land","A","item","core:joiner_square","2"
"land__A__53","land","A","item","core:levy_bread_wrap","1"
"land__A__53","land","A","item","core:meadow_buckle","1"
"land__A__53","land","A","item","core:muster_roll","1"
"land__A__53","land","A","item","core:return_path_knot","2"
"land__A__53","land","A","item","core:root_binding_cord","2"
"land__A__53","land","A","item","core:ruin_keystone","2"
"land__A__53","land","A","item","core:scaffold_step","1"
"land__A__53","land","A","item","core:seed_pouch_lining","1"
"land__A__53","land","A","item","core:shock_absorber_pad","3"
"land__A__53","land","A","item","core:wind_seed_flag","3"
"land__A__53","land","A","evolution","core:sheltered_sowing","1"
"land__A__53","land","A","evolution","core:sowing_sworddance","1"
"land__A__54","land","A","equipment","core:ember_wand","1"
"land__A__54","land","A","equipment","core:harvest_scythe","1"
"land__A__54","land","A","equipment","core:iron_blade","1"
"land__A__54","land","A","equipment","core:ward_orbit","1"
"land__A__54","land","A","equipment","core:carpenter_hammer","1"
"land__A__54","land","A","equipment","core:hedge_drum","1"
"land__A__54","land","A","equipment","core:muster_horn","1"
"land__A__54","land","A","equipment","core:seed_bag","1"
"land__A__54","land","A","charter","core:guarded_harvest","10"
"land__A__54","land","A","charter","core:meal_oath","3"
"land__A__54","land","A","charter","core:rally_boundary","6"
"land__A__54","land","A","charter","core:repair_tithe","3"
"land__A__54","land","A","item","core:boundary_hinge","1"
"land__A__54","land","A","item","core:joiner_square","1"
"land__A__54","land","A","item","core:levy_bread_wrap","1"
"land__A__54","land","A","item","core:meadow_buckle","7"
"land__A__54","land","A","item","core:muster_roll","2"
"land__A__54","land","A","item","core:return_path_knot","2"
"land__A__54","land","A","item","core:root_binding_cord","3"
"land__A__54","land","A","item","core:scaffold_step","2"
"land__A__54","land","A","item","core:seed_pouch_lining","2"
"land__A__54","land","A","item","core:shock_absorber_pad","3"
"land__A__54","land","A","evolution","core:sheltered_sowing","1"
"land__A__54","land","A","evolution","core:sowing_sworddance","1"
"land__A__55","land","A","equipment","core:ember_wand","1"
"land__A__55","land","A","equipment","core:harvest_scythe","1"
"land__A__55","land","A","equipment","core:iron_blade","1"
"land__A__55","land","A","equipment","core:ward_orbit","1"
"land__A__55","land","A","equipment","core:carpenter_hammer","1"
"land__A__55","land","A","equipment","core:hedge_drum","1"
"land__A__55","land","A","equipment","core:muster_horn","1"
"land__A__55","land","A","equipment","core:seed_bag","1"
"land__A__55","land","A","charter","core:guarded_harvest","9"
"land__A__55","land","A","charter","core:meal_oath","2"
"land__A__55","land","A","charter","core:rally_boundary","5"
"land__A__55","land","A","charter","core:repair_tithe","5"
"land__A__55","land","A","item","core:meadow_buckle","2"
"land__A__55","land","A","item","core:muster_roll","1"
"land__A__55","land","A","item","core:return_path_knot","5"
"land__A__55","land","A","item","core:root_binding_cord","2"
"land__A__55","land","A","item","core:ruin_keystone","4"
"land__A__55","land","A","item","core:scaffold_step","2"
"land__A__55","land","A","item","core:seed_pouch_lining","2"
"land__A__55","land","A","item","core:shock_absorber_pad","2"
"land__A__55","land","A","item","core:wind_seed_flag","4"
"land__A__55","land","A","evolution","core:sheltered_sowing","1"
"land__A__55","land","A","evolution","core:sowing_sworddance","1"
"land__A__56","land","A","equipment","core:ember_wand","1"
"land__A__56","land","A","equipment","core:harvest_scythe","1"
"land__A__56","land","A","equipment","core:iron_blade","1"
"land__A__56","land","A","equipment","core:ward_orbit","1"
"land__A__56","land","A","equipment","core:carpenter_hammer","1"
"land__A__56","land","A","equipment","core:muster_horn","1"
"land__A__56","land","A","equipment","core:seed_bag","1"
"land__A__56","land","A","charter","core:guarded_harvest","6"
"land__A__56","land","A","charter","core:meal_oath","5"
"land__A__56","land","A","charter","core:rally_boundary","9"
"land__A__56","land","A","charter","core:repair_tithe","1"
"land__A__56","land","A","item","core:levy_bread_wrap","5"
"land__A__56","land","A","item","core:meadow_buckle","4"
"land__A__56","land","A","item","core:muster_roll","5"
"land__A__56","land","A","item","core:return_path_knot","3"
"land__A__56","land","A","item","core:root_binding_cord","2"
"land__A__56","land","A","item","core:seed_pouch_lining","2"
"land__A__56","land","A","item","core:wind_seed_flag","3"
"land__A__56","land","A","evolution","core:sheltered_sowing","1"
"land__A__56","land","A","evolution","core:sowing_sworddance","1"
"land__A__57","land","A","equipment","core:ember_wand","1"
"land__A__57","land","A","equipment","core:harvest_scythe","1"
"land__A__57","land","A","equipment","core:iron_blade","1"
"land__A__57","land","A","equipment","core:ward_orbit","1"
"land__A__57","land","A","equipment","core:carpenter_hammer","1"
"land__A__57","land","A","equipment","core:hedge_drum","1"
"land__A__57","land","A","equipment","core:muster_horn","1"
"land__A__57","land","A","equipment","core:seed_bag","1"
"land__A__57","land","A","charter","core:guarded_harvest","12"
"land__A__57","land","A","charter","core:meal_oath","2"
"land__A__57","land","A","charter","core:rally_boundary","2"
"land__A__57","land","A","charter","core:repair_tithe","8"
"land__A__57","land","A","item","core:boundary_hinge","2"
"land__A__57","land","A","item","core:joiner_square","1"
"land__A__57","land","A","item","core:levy_bread_wrap","2"
"land__A__57","land","A","item","core:meadow_buckle","7"
"land__A__57","land","A","item","core:muster_roll","1"
"land__A__57","land","A","item","core:return_path_knot","1"
"land__A__57","land","A","item","core:root_binding_cord","2"
"land__A__57","land","A","item","core:ruin_keystone","2"
"land__A__57","land","A","item","core:scaffold_step","2"
"land__A__57","land","A","item","core:seed_pouch_lining","2"
"land__A__57","land","A","item","core:shock_absorber_pad","1"
"land__A__57","land","A","item","core:wind_seed_flag","1"
"land__A__57","land","A","evolution","core:sheltered_sowing","1"
"land__A__57","land","A","evolution","core:sowing_sworddance","1"
"land__A__58","land","A","equipment","core:ember_wand","1"
"land__A__58","land","A","equipment","core:harvest_scythe","1"
"land__A__58","land","A","equipment","core:iron_blade","1"
"land__A__58","land","A","equipment","core:ward_orbit","1"
"land__A__58","land","A","equipment","core:muster_horn","1"
"land__A__58","land","A","equipment","core:seed_bag","1"
"land__A__58","land","A","charter","core:guarded_harvest","9"
"land__A__58","land","A","charter","core:meal_oath","1"
"land__A__58","land","A","charter","core:rally_boundary","3"
"land__A__58","land","A","item","core:levy_bread_wrap","1"
"land__A__58","land","A","item","core:meadow_buckle","2"
"land__A__58","land","A","item","core:muster_roll","5"
"land__A__58","land","A","item","core:return_path_knot","5"
"land__A__58","land","A","item","core:root_binding_cord","1"
"land__A__58","land","A","item","core:seed_pouch_lining","5"
"land__A__58","land","A","item","core:wind_seed_flag","5"
"land__A__58","land","A","evolution","core:sowing_sworddance","1"
"land__A__59","land","A","equipment","core:ember_wand","1"
"land__A__59","land","A","equipment","core:harvest_scythe","1"
"land__A__59","land","A","equipment","core:iron_blade","1"
"land__A__59","land","A","equipment","core:ward_orbit","1"
"land__A__59","land","A","equipment","core:carpenter_hammer","1"
"land__A__59","land","A","equipment","core:hedge_drum","1"
"land__A__59","land","A","equipment","core:muster_horn","1"
"land__A__59","land","A","equipment","core:seed_bag","1"
"land__A__59","land","A","charter","core:guarded_harvest","10"
"land__A__59","land","A","charter","core:meal_oath","11"
"land__A__59","land","A","charter","core:rally_boundary","1"
"land__A__59","land","A","charter","core:repair_tithe","2"
"land__A__59","land","A","item","core:boundary_hinge","1"
"land__A__59","land","A","item","core:joiner_square","4"
"land__A__59","land","A","item","core:levy_bread_wrap","1"
"land__A__59","land","A","item","core:meadow_buckle","2"
"land__A__59","land","A","item","core:muster_roll","5"
"land__A__59","land","A","item","core:return_path_knot","4"
"land__A__59","land","A","item","core:root_binding_cord","2"
"land__A__59","land","A","item","core:ruin_keystone","2"
"land__A__59","land","A","item","core:seed_pouch_lining","2"
"land__A__59","land","A","item","core:shock_absorber_pad","1"
"land__A__59","land","A","evolution","core:sheltered_sowing","1"
"land__A__59","land","A","evolution","core:sowing_sworddance","1"
"land__A__60","land","A","equipment","core:ember_wand","1"
"land__A__60","land","A","equipment","core:harvest_scythe","1"
"land__A__60","land","A","equipment","core:iron_blade","1"
"land__A__60","land","A","equipment","core:ward_orbit","1"
"land__A__60","land","A","equipment","core:carpenter_hammer","1"
"land__A__60","land","A","equipment","core:hedge_drum","1"
"land__A__60","land","A","equipment","core:muster_horn","1"
"land__A__60","land","A","equipment","core:seed_bag","1"
"land__A__60","land","A","charter","core:guarded_harvest","9"
"land__A__60","land","A","charter","core:meal_oath","10"
"land__A__60","land","A","charter","core:rally_boundary","6"
"land__A__60","land","A","charter","core:repair_tithe","9"
"land__A__60","land","A","item","core:boundary_hinge","1"
"land__A__60","land","A","item","core:joiner_square","1"
"land__A__60","land","A","item","core:levy_bread_wrap","1"
"land__A__60","land","A","item","core:meadow_buckle","2"
"land__A__60","land","A","item","core:muster_roll","4"
"land__A__60","land","A","item","core:root_binding_cord","4"
"land__A__60","land","A","item","core:seed_pouch_lining","4"
"land__A__60","land","A","item","core:shock_absorber_pad","4"
"land__A__60","land","A","item","core:wind_seed_flag","3"
"land__A__60","land","A","evolution","core:sheltered_sowing","1"
"land__A__60","land","A","evolution","core:sowing_sworddance","1"
"land__A__61","land","A","equipment","core:ember_wand","1"
"land__A__61","land","A","equipment","core:harvest_scythe","1"
"land__A__61","land","A","equipment","core:iron_blade","1"
"land__A__61","land","A","equipment","core:ward_orbit","1"
"land__A__61","land","A","equipment","core:muster_horn","1"
"land__A__61","land","A","equipment","core:seed_bag","1"
"land__A__61","land","A","charter","core:guarded_harvest","9"
"land__A__61","land","A","charter","core:meal_oath","3"
"land__A__61","land","A","charter","core:rally_boundary","13"
"land__A__61","land","A","item","core:levy_bread_wrap","8"
"land__A__61","land","A","item","core:meadow_buckle","3"
"land__A__61","land","A","item","core:muster_roll","1"
"land__A__61","land","A","item","core:return_path_knot","4"
"land__A__61","land","A","item","core:root_binding_cord","2"
"land__A__61","land","A","item","core:seed_pouch_lining","2"
"land__A__61","land","A","item","core:wind_seed_flag","4"
"land__A__61","land","A","evolution","core:sowing_sworddance","1"
"land__A__62","land","A","equipment","core:ember_wand","1"
"land__A__62","land","A","equipment","core:harvest_scythe","1"
"land__A__62","land","A","equipment","core:iron_blade","1"
"land__A__62","land","A","equipment","core:ward_orbit","1"
"land__A__62","land","A","equipment","core:carpenter_hammer","1"
"land__A__62","land","A","equipment","core:hedge_drum","1"
"land__A__62","land","A","equipment","core:muster_horn","1"
"land__A__62","land","A","equipment","core:seed_bag","1"
"land__A__62","land","A","charter","core:guarded_harvest","11"
"land__A__62","land","A","charter","core:meal_oath","7"
"land__A__62","land","A","charter","core:rally_boundary","5"
"land__A__62","land","A","charter","core:repair_tithe","6"
"land__A__62","land","A","item","core:boundary_hinge","2"
"land__A__62","land","A","item","core:joiner_square","2"
"land__A__62","land","A","item","core:levy_bread_wrap","3"
"land__A__62","land","A","item","core:meadow_buckle","4"
"land__A__62","land","A","item","core:muster_roll","1"
"land__A__62","land","A","item","core:return_path_knot","2"
"land__A__62","land","A","item","core:root_binding_cord","3"
"land__A__62","land","A","item","core:ruin_keystone","1"
"land__A__62","land","A","item","core:seed_pouch_lining","1"
"land__A__62","land","A","item","core:shock_absorber_pad","3"
"land__A__62","land","A","item","core:wind_seed_flag","2"
"land__A__62","land","A","evolution","core:sheltered_sowing","1"
"land__A__62","land","A","evolution","core:sowing_sworddance","1"
"land__A__63","land","A","equipment","core:ember_wand","1"
"land__A__63","land","A","equipment","core:harvest_scythe","1"
"land__A__63","land","A","equipment","core:iron_blade","1"
"land__A__63","land","A","equipment","core:ward_orbit","1"
"land__A__63","land","A","equipment","core:muster_horn","1"
"land__A__63","land","A","equipment","core:seed_bag","1"
"land__A__63","land","A","charter","core:guarded_harvest","11"
"land__A__63","land","A","charter","core:meal_oath","9"
"land__A__63","land","A","charter","core:rally_boundary","5"
"land__A__63","land","A","item","core:levy_bread_wrap","2"
"land__A__63","land","A","item","core:meadow_buckle","7"
"land__A__63","land","A","item","core:muster_roll","1"
"land__A__63","land","A","item","core:return_path_knot","1"
"land__A__63","land","A","item","core:root_binding_cord","4"
"land__A__63","land","A","item","core:seed_pouch_lining","4"
"land__A__63","land","A","item","core:wind_seed_flag","5"
"land__A__63","land","A","evolution","core:sowing_sworddance","1"
"land__A__64","land","A","equipment","core:ember_wand","1"
"land__A__64","land","A","equipment","core:harvest_scythe","1"
"land__A__64","land","A","equipment","core:iron_blade","1"
"land__A__64","land","A","equipment","core:ward_orbit","1"
"land__A__64","land","A","equipment","core:carpenter_hammer","1"
"land__A__64","land","A","equipment","core:hedge_drum","1"
"land__A__64","land","A","equipment","core:muster_horn","1"
"land__A__64","land","A","equipment","core:seed_bag","1"
"land__A__64","land","A","charter","core:guarded_harvest","17"
"land__A__64","land","A","charter","core:meal_oath","7"
"land__A__64","land","A","charter","core:rally_boundary","7"
"land__A__64","land","A","charter","core:repair_tithe","2"
"land__A__64","land","A","item","core:boundary_hinge","2"
"land__A__64","land","A","item","core:joiner_square","1"
"land__A__64","land","A","item","core:levy_bread_wrap","2"
"land__A__64","land","A","item","core:meadow_buckle","2"
"land__A__64","land","A","item","core:muster_roll","4"
"land__A__64","land","A","item","core:return_path_knot","4"
"land__A__64","land","A","item","core:root_binding_cord","2"
"land__A__64","land","A","item","core:ruin_keystone","1"
"land__A__64","land","A","item","core:scaffold_step","3"
"land__A__64","land","A","item","core:seed_pouch_lining","1"
"land__A__64","land","A","item","core:wind_seed_flag","2"
"land__A__64","land","A","evolution","core:sheltered_sowing","1"
"land__A__64","land","A","evolution","core:sowing_sworddance","1"
"land__A__65","land","A","equipment","core:ember_wand","1"
"land__A__65","land","A","equipment","core:harvest_scythe","1"
"land__A__65","land","A","equipment","core:iron_blade","1"
"land__A__65","land","A","equipment","core:ward_orbit","1"
"land__A__65","land","A","equipment","core:muster_horn","1"
"land__A__65","land","A","equipment","core:seed_bag","1"
"land__A__65","land","A","charter","core:guarded_harvest","10"
"land__A__65","land","A","charter","core:meal_oath","2"
"land__A__65","land","A","charter","core:rally_boundary","7"
"land__A__65","land","A","item","core:levy_bread_wrap","5"
"land__A__65","land","A","item","core:meadow_buckle","6"
"land__A__65","land","A","item","core:muster_roll","2"
"land__A__65","land","A","item","core:return_path_knot","4"
"land__A__65","land","A","item","core:seed_pouch_lining","3"
"land__A__65","land","A","item","core:wind_seed_flag","3"
"land__A__65","land","A","evolution","core:sowing_sworddance","1"
"land__A__66","land","A","equipment","core:ember_wand","1"
"land__A__66","land","A","equipment","core:harvest_scythe","1"
"land__A__66","land","A","equipment","core:iron_blade","1"
"land__A__66","land","A","equipment","core:ward_orbit","1"
"land__A__66","land","A","equipment","core:hedge_drum","1"
"land__A__66","land","A","equipment","core:seed_bag","1"
"land__A__66","land","A","charter","core:guarded_harvest","12"
"land__A__66","land","A","charter","core:meal_oath","5"
"land__A__66","land","A","charter","core:rally_boundary","3"
"land__A__66","land","A","charter","core:repair_tithe","1"
"land__A__66","land","A","item","core:levy_bread_wrap","5"
"land__A__66","land","A","item","core:meadow_buckle","3"
"land__A__66","land","A","item","core:root_binding_cord","3"
"land__A__66","land","A","item","core:scaffold_step","1"
"land__A__66","land","A","item","core:seed_pouch_lining","6"
"land__A__66","land","A","item","core:wind_seed_flag","6"
"land__A__66","land","A","evolution","core:sowing_sworddance","1"
"land__A__67","land","A","equipment","core:ember_wand","1"
"land__A__67","land","A","equipment","core:harvest_scythe","1"
"land__A__67","land","A","equipment","core:iron_blade","1"
"land__A__67","land","A","equipment","core:ward_orbit","1"
"land__A__67","land","A","equipment","core:carpenter_hammer","1"
"land__A__67","land","A","equipment","core:hedge_drum","1"
"land__A__67","land","A","equipment","core:muster_horn","1"
"land__A__67","land","A","equipment","core:seed_bag","1"
"land__A__67","land","A","charter","core:guarded_harvest","13"
"land__A__67","land","A","charter","core:meal_oath","4"
"land__A__67","land","A","charter","core:rally_boundary","5"
"land__A__67","land","A","charter","core:repair_tithe","6"
"land__A__67","land","A","item","core:boundary_hinge","2"
"land__A__67","land","A","item","core:joiner_square","2"
"land__A__67","land","A","item","core:levy_bread_wrap","2"
"land__A__67","land","A","item","core:meadow_buckle","5"
"land__A__67","land","A","item","core:return_path_knot","3"
"land__A__67","land","A","item","core:root_binding_cord","2"
"land__A__67","land","A","item","core:ruin_keystone","1"
"land__A__67","land","A","item","core:scaffold_step","1"
"land__A__67","land","A","item","core:seed_pouch_lining","2"
"land__A__67","land","A","item","core:shock_absorber_pad","1"
"land__A__67","land","A","item","core:wind_seed_flag","3"
"land__A__67","land","A","evolution","core:sheltered_sowing","1"
"land__A__67","land","A","evolution","core:sowing_sworddance","1"
"land__A__68","land","A","equipment","core:ember_wand","1"
"land__A__68","land","A","equipment","core:harvest_scythe","1"
"land__A__68","land","A","equipment","core:iron_blade","1"
"land__A__68","land","A","equipment","core:ward_orbit","1"
"land__A__68","land","A","equipment","core:muster_horn","1"
"land__A__68","land","A","equipment","core:seed_bag","1"
"land__A__68","land","A","charter","core:guarded_harvest","9"
"land__A__68","land","A","charter","core:meal_oath","10"
"land__A__68","land","A","charter","core:rally_boundary","4"
"land__A__68","land","A","item","core:levy_bread_wrap","5"
"land__A__68","land","A","item","core:meadow_buckle","3"
"land__A__68","land","A","item","core:muster_roll","1"
"land__A__68","land","A","item","core:return_path_knot","6"
"land__A__68","land","A","item","core:root_binding_cord","3"
"land__A__68","land","A","item","core:seed_pouch_lining","4"
"land__A__68","land","A","item","core:wind_seed_flag","2"
"land__A__68","land","A","evolution","core:sowing_sworddance","1"
"land__A__69","land","A","equipment","core:ember_wand","1"
"land__A__69","land","A","equipment","core:harvest_scythe","1"
"land__A__69","land","A","equipment","core:iron_blade","1"
"land__A__69","land","A","equipment","core:ward_orbit","1"
"land__A__69","land","A","equipment","core:muster_horn","1"
"land__A__69","land","A","equipment","core:seed_bag","1"
"land__A__69","land","A","charter","core:guarded_harvest","10"
"land__A__69","land","A","charter","core:meal_oath","1"
"land__A__69","land","A","charter","core:rally_boundary","6"
"land__A__69","land","A","item","core:levy_bread_wrap","2"
"land__A__69","land","A","item","core:meadow_buckle","2"
"land__A__69","land","A","item","core:return_path_knot","3"
"land__A__69","land","A","item","core:root_binding_cord","7"
"land__A__69","land","A","item","core:seed_pouch_lining","4"
"land__A__69","land","A","item","core:wind_seed_flag","5"
"land__A__69","land","A","evolution","core:sowing_sworddance","1"
"land__A__70","land","A","equipment","core:ember_wand","1"
"land__A__70","land","A","equipment","core:harvest_scythe","1"
"land__A__70","land","A","equipment","core:iron_blade","1"
"land__A__70","land","A","equipment","core:ward_orbit","1"
"land__A__70","land","A","equipment","core:muster_horn","1"
"land__A__70","land","A","equipment","core:seed_bag","1"
"land__A__70","land","A","charter","core:guarded_harvest","12"
"land__A__70","land","A","charter","core:meal_oath","9"
"land__A__70","land","A","charter","core:rally_boundary","6"
"land__A__70","land","A","charter","core:repair_tithe","1"
"land__A__70","land","A","item","core:levy_bread_wrap","3"
"land__A__70","land","A","item","core:meadow_buckle","3"
"land__A__70","land","A","item","core:muster_roll","6"
"land__A__70","land","A","item","core:return_path_knot","4"
"land__A__70","land","A","item","core:root_binding_cord","2"
"land__A__70","land","A","item","core:seed_pouch_lining","1"
"land__A__70","land","A","item","core:wind_seed_flag","4"
"land__A__70","land","A","evolution","core:sowing_sworddance","1"
"land__A__71","land","A","equipment","core:ember_wand","1"
"land__A__71","land","A","equipment","core:harvest_scythe","1"
"land__A__71","land","A","equipment","core:iron_blade","1"
"land__A__71","land","A","equipment","core:ward_orbit","1"
"land__A__71","land","A","equipment","core:carpenter_hammer","1"
"land__A__71","land","A","equipment","core:hedge_drum","1"
"land__A__71","land","A","equipment","core:muster_horn","1"
"land__A__71","land","A","equipment","core:seed_bag","1"
"land__A__71","land","A","charter","core:guarded_harvest","15"
"land__A__71","land","A","charter","core:meal_oath","9"
"land__A__71","land","A","charter","core:rally_boundary","8"
"land__A__71","land","A","charter","core:repair_tithe","3"
"land__A__71","land","A","item","core:joiner_square","3"
"land__A__71","land","A","item","core:levy_bread_wrap","3"
"land__A__71","land","A","item","core:meadow_buckle","2"
"land__A__71","land","A","item","core:return_path_knot","2"
"land__A__71","land","A","item","core:root_binding_cord","1"
"land__A__71","land","A","item","core:ruin_keystone","1"
"land__A__71","land","A","item","core:scaffold_step","6"
"land__A__71","land","A","item","core:seed_pouch_lining","3"
"land__A__71","land","A","item","core:shock_absorber_pad","1"
"land__A__71","land","A","item","core:wind_seed_flag","2"
"land__A__71","land","A","evolution","core:sheltered_sowing","1"
"land__A__71","land","A","evolution","core:sowing_sworddance","1"
"land__A__72","land","A","equipment","core:ember_wand","1"
"land__A__72","land","A","equipment","core:harvest_scythe","1"
"land__A__72","land","A","equipment","core:iron_blade","1"
"land__A__72","land","A","equipment","core:ward_orbit","1"
"land__A__72","land","A","equipment","core:muster_horn","1"
"land__A__72","land","A","equipment","core:seed_bag","1"
"land__A__72","land","A","charter","core:guarded_harvest","6"
"land__A__72","land","A","charter","core:meal_oath","12"
"land__A__72","land","A","charter","core:rally_boundary","3"
"land__A__72","land","A","charter","core:repair_tithe","2"
"land__A__72","land","A","item","core:levy_bread_wrap","4"
"land__A__72","land","A","item","core:meadow_buckle","5"
"land__A__72","land","A","item","core:muster_roll","2"
"land__A__72","land","A","item","core:return_path_knot","2"
"land__A__72","land","A","item","core:root_binding_cord","4"
"land__A__72","land","A","item","core:seed_pouch_lining","3"
"land__A__72","land","A","item","core:wind_seed_flag","4"
"land__A__72","land","A","evolution","core:sowing_sworddance","1"
"land__A__73","land","A","equipment","core:ember_wand","1"
"land__A__73","land","A","equipment","core:harvest_scythe","1"
"land__A__73","land","A","equipment","core:iron_blade","1"
"land__A__73","land","A","equipment","core:ward_orbit","1"
"land__A__73","land","A","equipment","core:carpenter_hammer","1"
"land__A__73","land","A","equipment","core:hedge_drum","1"
"land__A__73","land","A","equipment","core:muster_horn","1"
"land__A__73","land","A","equipment","core:seed_bag","1"
"land__A__73","land","A","charter","core:guarded_harvest","15"
"land__A__73","land","A","charter","core:meal_oath","7"
"land__A__73","land","A","charter","core:rally_boundary","2"
"land__A__73","land","A","item","core:boundary_hinge","1"
"land__A__73","land","A","item","core:joiner_square","2"
"land__A__73","land","A","item","core:levy_bread_wrap","1"
"land__A__73","land","A","item","core:meadow_buckle","2"
"land__A__73","land","A","item","core:muster_roll","4"
"land__A__73","land","A","item","core:return_path_knot","1"
"land__A__73","land","A","item","core:root_binding_cord","4"
"land__A__73","land","A","item","core:scaffold_step","3"
"land__A__73","land","A","item","core:seed_pouch_lining","2"
"land__A__73","land","A","item","core:shock_absorber_pad","3"
"land__A__73","land","A","item","core:wind_seed_flag","1"
"land__A__73","land","A","evolution","core:sheltered_sowing","1"
"land__A__73","land","A","evolution","core:sowing_sworddance","1"
"land__B__42","land","B","equipment","core:ember_wand","1"
"land__B__42","land","B","equipment","core:harvest_scythe","1"
"land__B__42","land","B","equipment","core:iron_blade","1"
"land__B__42","land","B","equipment","core:ward_orbit","1"
"land__B__42","land","B","equipment","core:hedge_drum","1"
"land__B__42","land","B","equipment","core:muster_horn","1"
"land__B__42","land","B","equipment","core:seed_bag","1"
"land__B__42","land","B","charter","core:guarded_harvest","10"
"land__B__42","land","B","charter","core:meal_oath","9"
"land__B__42","land","B","charter","core:rally_boundary","6"
"land__B__42","land","B","charter","core:repair_tithe","2"
"land__B__42","land","B","item","core:boundary_hinge","1"
"land__B__42","land","B","item","core:levy_bread_wrap","2"
"land__B__42","land","B","item","core:meadow_buckle","2"
"land__B__42","land","B","item","core:muster_roll","7"
"land__B__42","land","B","item","core:return_path_knot","2"
"land__B__42","land","B","item","core:root_binding_cord","2"
"land__B__42","land","B","item","core:seed_pouch_lining","2"
"land__B__42","land","B","item","core:wind_seed_flag","6"
"land__B__42","land","B","evolution","core:sowing_sworddance","1"
"land__B__43","land","B","equipment","core:ember_wand","1"
"land__B__43","land","B","equipment","core:harvest_scythe","1"
"land__B__43","land","B","equipment","core:iron_blade","1"
"land__B__43","land","B","equipment","core:ward_orbit","1"
"land__B__43","land","B","equipment","core:muster_horn","1"
"land__B__43","land","B","equipment","core:seed_bag","1"
"land__B__43","land","B","charter","core:guarded_harvest","7"
"land__B__43","land","B","charter","core:meal_oath","7"
"land__B__43","land","B","charter","core:rally_boundary","5"
"land__B__43","land","B","item","core:levy_bread_wrap","2"
"land__B__43","land","B","item","core:meadow_buckle","6"
"land__B__43","land","B","item","core:muster_roll","4"
"land__B__43","land","B","item","core:return_path_knot","3"
"land__B__43","land","B","item","core:root_binding_cord","2"
"land__B__43","land","B","item","core:seed_pouch_lining","3"
"land__B__43","land","B","item","core:wind_seed_flag","4"
"land__B__43","land","B","evolution","core:sowing_sworddance","1"
"land__B__44","land","B","equipment","core:ember_wand","1"
"land__B__44","land","B","equipment","core:harvest_scythe","1"
"land__B__44","land","B","equipment","core:iron_blade","1"
"land__B__44","land","B","equipment","core:ward_orbit","1"
"land__B__44","land","B","equipment","core:muster_horn","1"
"land__B__44","land","B","equipment","core:seed_bag","1"
"land__B__44","land","B","charter","core:guarded_harvest","13"
"land__B__44","land","B","charter","core:meal_oath","9"
"land__B__44","land","B","charter","core:rally_boundary","13"
"land__B__44","land","B","item","core:levy_bread_wrap","3"
"land__B__44","land","B","item","core:meadow_buckle","1"
"land__B__44","land","B","item","core:muster_roll","3"
"land__B__44","land","B","item","core:return_path_knot","3"
"land__B__44","land","B","item","core:root_binding_cord","4"
"land__B__44","land","B","item","core:seed_pouch_lining","3"
"land__B__44","land","B","item","core:wind_seed_flag","5"
"land__B__44","land","B","evolution","core:sowing_sworddance","1"
"land__B__45","land","B","equipment","core:ember_wand","1"
"land__B__45","land","B","equipment","core:harvest_scythe","1"
"land__B__45","land","B","equipment","core:iron_blade","1"
"land__B__45","land","B","equipment","core:ward_orbit","1"
"land__B__45","land","B","equipment","core:muster_horn","1"
"land__B__45","land","B","equipment","core:seed_bag","1"
"land__B__45","land","B","charter","core:guarded_harvest","5"
"land__B__45","land","B","charter","core:meal_oath","6"
"land__B__45","land","B","charter","core:rally_boundary","10"
"land__B__45","land","B","charter","core:repair_tithe","1"
"land__B__45","land","B","item","core:levy_bread_wrap","3"
"land__B__45","land","B","item","core:meadow_buckle","1"
"land__B__45","land","B","item","core:muster_roll","5"
"land__B__45","land","B","item","core:return_path_knot","2"
"land__B__45","land","B","item","core:root_binding_cord","4"
"land__B__45","land","B","item","core:seed_pouch_lining","5"
"land__B__45","land","B","item","core:wind_seed_flag","3"
"land__B__45","land","B","evolution","core:sowing_sworddance","1"
"land__B__46","land","B","equipment","core:ember_wand","1"
"land__B__46","land","B","equipment","core:harvest_scythe","1"
"land__B__46","land","B","equipment","core:iron_blade","1"
"land__B__46","land","B","equipment","core:ward_orbit","1"
"land__B__46","land","B","equipment","core:carpenter_hammer","1"
"land__B__46","land","B","equipment","core:hedge_drum","1"
"land__B__46","land","B","equipment","core:muster_horn","1"
"land__B__46","land","B","equipment","core:seed_bag","1"
"land__B__46","land","B","charter","core:guarded_harvest","6"
"land__B__46","land","B","charter","core:meal_oath","5"
"land__B__46","land","B","charter","core:rally_boundary","7"
"land__B__46","land","B","charter","core:repair_tithe","3"
"land__B__46","land","B","item","core:boundary_hinge","1"
"land__B__46","land","B","item","core:joiner_square","1"
"land__B__46","land","B","item","core:levy_bread_wrap","2"
"land__B__46","land","B","item","core:meadow_buckle","4"
"land__B__46","land","B","item","core:muster_roll","2"
"land__B__46","land","B","item","core:return_path_knot","3"
"land__B__46","land","B","item","core:root_binding_cord","3"
"land__B__46","land","B","item","core:scaffold_step","2"
"land__B__46","land","B","item","core:seed_pouch_lining","3"
"land__B__46","land","B","item","core:wind_seed_flag","3"
"land__B__46","land","B","evolution","core:sheltered_sowing","1"
"land__B__46","land","B","evolution","core:sowing_sworddance","1"
"land__B__47","land","B","equipment","core:ember_wand","1"
"land__B__47","land","B","equipment","core:harvest_scythe","1"
"land__B__47","land","B","equipment","core:iron_blade","1"
"land__B__47","land","B","equipment","core:ward_orbit","1"
"land__B__47","land","B","equipment","core:carpenter_hammer","1"
"land__B__47","land","B","equipment","core:hedge_drum","1"
"land__B__47","land","B","equipment","core:muster_horn","1"
"land__B__47","land","B","equipment","core:seed_bag","1"
"land__B__47","land","B","charter","core:guarded_harvest","7"
"land__B__47","land","B","charter","core:meal_oath","4"
"land__B__47","land","B","charter","core:rally_boundary","3"
"land__B__47","land","B","charter","core:repair_tithe","8"
"land__B__47","land","B","item","core:boundary_hinge","1"
"land__B__47","land","B","item","core:joiner_square","2"
"land__B__47","land","B","item","core:meadow_buckle","2"
"land__B__47","land","B","item","core:muster_roll","2"
"land__B__47","land","B","item","core:root_binding_cord","1"
"land__B__47","land","B","item","core:ruin_keystone","4"
"land__B__47","land","B","item","core:scaffold_step","3"
"land__B__47","land","B","item","core:seed_pouch_lining","4"
"land__B__47","land","B","item","core:shock_absorber_pad","5"
"land__B__47","land","B","evolution","core:sheltered_sowing","1"
"land__B__47","land","B","evolution","core:sowing_sworddance","1"
"land__B__48","land","B","equipment","core:ember_wand","1"
"land__B__48","land","B","equipment","core:harvest_scythe","1"
"land__B__48","land","B","equipment","core:iron_blade","1"
"land__B__48","land","B","equipment","core:ward_orbit","1"
"land__B__48","land","B","equipment","core:muster_horn","1"
"land__B__48","land","B","equipment","core:seed_bag","1"
"land__B__48","land","B","charter","core:guarded_harvest","17"
"land__B__48","land","B","charter","core:meal_oath","6"
"land__B__48","land","B","charter","core:rally_boundary","5"
"land__B__48","land","B","item","core:levy_bread_wrap","3"
"land__B__48","land","B","item","core:meadow_buckle","4"
"land__B__48","land","B","item","core:muster_roll","4"
"land__B__48","land","B","item","core:return_path_knot","4"
"land__B__48","land","B","item","core:root_binding_cord","3"
"land__B__48","land","B","item","core:seed_pouch_lining","4"
"land__B__48","land","B","item","core:wind_seed_flag","1"
"land__B__48","land","B","evolution","core:sowing_sworddance","1"
"land__B__49","land","B","equipment","core:ember_wand","1"
"land__B__49","land","B","equipment","core:harvest_scythe","1"
"land__B__49","land","B","equipment","core:iron_blade","1"
"land__B__49","land","B","equipment","core:ward_orbit","1"
"land__B__49","land","B","equipment","core:muster_horn","1"
"land__B__49","land","B","equipment","core:seed_bag","1"
"land__B__49","land","B","charter","core:guarded_harvest","17"
"land__B__49","land","B","charter","core:meal_oath","4"
"land__B__49","land","B","charter","core:rally_boundary","5"
"land__B__49","land","B","item","core:levy_bread_wrap","3"
"land__B__49","land","B","item","core:meadow_buckle","4"
"land__B__49","land","B","item","core:muster_roll","4"
"land__B__49","land","B","item","core:return_path_knot","3"
"land__B__49","land","B","item","core:root_binding_cord","4"
"land__B__49","land","B","item","core:seed_pouch_lining","2"
"land__B__49","land","B","item","core:wind_seed_flag","3"
"land__B__49","land","B","evolution","core:sowing_sworddance","1"
"land__B__50","land","B","equipment","core:ember_wand","1"
"land__B__50","land","B","equipment","core:harvest_scythe","1"
"land__B__50","land","B","equipment","core:iron_blade","1"
"land__B__50","land","B","equipment","core:ward_orbit","1"
"land__B__50","land","B","equipment","core:muster_horn","1"
"land__B__50","land","B","equipment","core:seed_bag","1"
"land__B__50","land","B","charter","core:guarded_harvest","12"
"land__B__50","land","B","charter","core:meal_oath","1"
"land__B__50","land","B","charter","core:repair_tithe","2"
"land__B__50","land","B","item","core:levy_bread_wrap","4"
"land__B__50","land","B","item","core:meadow_buckle","7"
"land__B__50","land","B","item","core:muster_roll","1"
"land__B__50","land","B","item","core:return_path_knot","5"
"land__B__50","land","B","item","core:root_binding_cord","4"
"land__B__50","land","B","item","core:seed_pouch_lining","2"
"land__B__50","land","B","item","core:wind_seed_flag","1"
"land__B__50","land","B","evolution","core:sowing_sworddance","1"
"land__B__51","land","B","equipment","core:ember_wand","1"
"land__B__51","land","B","equipment","core:harvest_scythe","1"
"land__B__51","land","B","equipment","core:iron_blade","1"
"land__B__51","land","B","equipment","core:ward_orbit","1"
"land__B__51","land","B","equipment","core:carpenter_hammer","1"
"land__B__51","land","B","equipment","core:hedge_drum","1"
"land__B__51","land","B","equipment","core:muster_horn","1"
"land__B__51","land","B","equipment","core:seed_bag","1"
"land__B__51","land","B","charter","core:guarded_harvest","11"
"land__B__51","land","B","charter","core:meal_oath","8"
"land__B__51","land","B","charter","core:rally_boundary","6"
"land__B__51","land","B","charter","core:repair_tithe","1"
"land__B__51","land","B","item","core:boundary_hinge","3"
"land__B__51","land","B","item","core:joiner_square","2"
"land__B__51","land","B","item","core:levy_bread_wrap","3"
"land__B__51","land","B","item","core:meadow_buckle","1"
"land__B__51","land","B","item","core:muster_roll","1"
"land__B__51","land","B","item","core:root_binding_cord","2"
"land__B__51","land","B","item","core:ruin_keystone","1"
"land__B__51","land","B","item","core:scaffold_step","2"
"land__B__51","land","B","item","core:seed_pouch_lining","4"
"land__B__51","land","B","item","core:shock_absorber_pad","3"
"land__B__51","land","B","item","core:wind_seed_flag","2"
"land__B__51","land","B","evolution","core:sheltered_sowing","1"
"land__B__51","land","B","evolution","core:sowing_sworddance","1"
"land__B__52","land","B","equipment","core:ember_wand","1"
"land__B__52","land","B","equipment","core:harvest_scythe","1"
"land__B__52","land","B","equipment","core:iron_blade","1"
"land__B__52","land","B","equipment","core:ward_orbit","1"
"land__B__52","land","B","equipment","core:muster_horn","1"
"land__B__52","land","B","equipment","core:seed_bag","1"
"land__B__52","land","B","charter","core:guarded_harvest","9"
"land__B__52","land","B","charter","core:meal_oath","1"
"land__B__52","land","B","charter","core:rally_boundary","5"
"land__B__52","land","B","item","core:levy_bread_wrap","4"
"land__B__52","land","B","item","core:meadow_buckle","2"
"land__B__52","land","B","item","core:muster_roll","3"
"land__B__52","land","B","item","core:return_path_knot","4"
"land__B__52","land","B","item","core:root_binding_cord","4"
"land__B__52","land","B","item","core:seed_pouch_lining","4"
"land__B__52","land","B","item","core:wind_seed_flag","2"
"land__B__52","land","B","evolution","core:sowing_sworddance","1"
"land__B__53","land","B","equipment","core:ember_wand","1"
"land__B__53","land","B","equipment","core:harvest_scythe","1"
"land__B__53","land","B","equipment","core:iron_blade","1"
"land__B__53","land","B","equipment","core:ward_orbit","1"
"land__B__53","land","B","equipment","core:carpenter_hammer","1"
"land__B__53","land","B","equipment","core:hedge_drum","1"
"land__B__53","land","B","equipment","core:muster_horn","1"
"land__B__53","land","B","equipment","core:seed_bag","1"
"land__B__53","land","B","charter","core:guarded_harvest","7"
"land__B__53","land","B","charter","core:meal_oath","16"
"land__B__53","land","B","charter","core:rally_boundary","3"
"land__B__53","land","B","charter","core:repair_tithe","2"
"land__B__53","land","B","item","core:boundary_hinge","1"
"land__B__53","land","B","item","core:joiner_square","4"
"land__B__53","land","B","item","core:levy_bread_wrap","1"
"land__B__53","land","B","item","core:meadow_buckle","1"
"land__B__53","land","B","item","core:muster_roll","2"
"land__B__53","land","B","item","core:return_path_knot","3"
"land__B__53","land","B","item","core:root_binding_cord","2"
"land__B__53","land","B","item","core:scaffold_step","1"
"land__B__53","land","B","item","core:seed_pouch_lining","3"
"land__B__53","land","B","item","core:wind_seed_flag","3"
"land__B__53","land","B","evolution","core:sheltered_sowing","1"
"land__B__53","land","B","evolution","core:sowing_sworddance","1"
"land__B__54","land","B","equipment","core:ember_wand","1"
"land__B__54","land","B","equipment","core:harvest_scythe","1"
"land__B__54","land","B","equipment","core:iron_blade","1"
"land__B__54","land","B","equipment","core:ward_orbit","1"
"land__B__54","land","B","equipment","core:carpenter_hammer","1"
"land__B__54","land","B","equipment","core:muster_horn","1"
"land__B__54","land","B","equipment","core:seed_bag","1"
"land__B__54","land","B","charter","core:guarded_harvest","9"
"land__B__54","land","B","charter","core:meal_oath","6"
"land__B__54","land","B","charter","core:rally_boundary","9"
"land__B__54","land","B","charter","core:repair_tithe","4"
"land__B__54","land","B","item","core:boundary_hinge","1"
"land__B__54","land","B","item","core:levy_bread_wrap","1"
"land__B__54","land","B","item","core:meadow_buckle","8"
"land__B__54","land","B","item","core:return_path_knot","1"
"land__B__54","land","B","item","core:root_binding_cord","1"
"land__B__54","land","B","item","core:ruin_keystone","1"
"land__B__54","land","B","item","core:seed_pouch_lining","7"
"land__B__54","land","B","item","core:shock_absorber_pad","1"
"land__B__54","land","B","item","core:wind_seed_flag","3"
"land__B__54","land","B","evolution","core:sheltered_sowing","1"
"land__B__54","land","B","evolution","core:sowing_sworddance","1"
"land__B__55","land","B","equipment","core:ember_wand","1"
"land__B__55","land","B","equipment","core:harvest_scythe","1"
"land__B__55","land","B","equipment","core:iron_blade","1"
"land__B__55","land","B","equipment","core:ward_orbit","1"
"land__B__55","land","B","equipment","core:muster_horn","1"
"land__B__55","land","B","equipment","core:seed_bag","1"
"land__B__55","land","B","charter","core:guarded_harvest","5"
"land__B__55","land","B","charter","core:meal_oath","9"
"land__B__55","land","B","charter","core:rally_boundary","5"
"land__B__55","land","B","charter","core:repair_tithe","1"
"land__B__55","land","B","item","core:levy_bread_wrap","5"
"land__B__55","land","B","item","core:meadow_buckle","3"
"land__B__55","land","B","item","core:muster_roll","3"
"land__B__55","land","B","item","core:return_path_knot","1"
"land__B__55","land","B","item","core:root_binding_cord","4"
"land__B__55","land","B","item","core:seed_pouch_lining","5"
"land__B__55","land","B","item","core:wind_seed_flag","1"
"land__B__55","land","B","evolution","core:sowing_sworddance","1"
"land__B__56","land","B","equipment","core:ember_wand","1"
"land__B__56","land","B","equipment","core:harvest_scythe","1"
"land__B__56","land","B","equipment","core:iron_blade","1"
"land__B__56","land","B","equipment","core:ward_orbit","1"
"land__B__56","land","B","equipment","core:muster_horn","1"
"land__B__56","land","B","equipment","core:seed_bag","1"
"land__B__56","land","B","charter","core:guarded_harvest","5"
"land__B__56","land","B","charter","core:meal_oath","4"
"land__B__56","land","B","charter","core:rally_boundary","14"
"land__B__56","land","B","charter","core:repair_tithe","1"
"land__B__56","land","B","item","core:levy_bread_wrap","5"
"land__B__56","land","B","item","core:meadow_buckle","2"
"land__B__56","land","B","item","core:muster_roll","3"
"land__B__56","land","B","item","core:return_path_knot","1"
"land__B__56","land","B","item","core:root_binding_cord","5"
"land__B__56","land","B","item","core:wind_seed_flag","8"
"land__B__56","land","B","evolution","core:sowing_sworddance","1"
"land__B__57","land","B","equipment","core:ember_wand","1"
"land__B__57","land","B","equipment","core:harvest_scythe","1"
"land__B__57","land","B","equipment","core:iron_blade","1"
"land__B__57","land","B","equipment","core:ward_orbit","1"
"land__B__57","land","B","equipment","core:carpenter_hammer","1"
"land__B__57","land","B","equipment","core:hedge_drum","1"
"land__B__57","land","B","equipment","core:muster_horn","1"
"land__B__57","land","B","equipment","core:seed_bag","1"
"land__B__57","land","B","charter","core:guarded_harvest","19"
"land__B__57","land","B","charter","core:meal_oath","4"
"land__B__57","land","B","charter","core:rally_boundary","9"
"land__B__57","land","B","charter","core:repair_tithe","9"
"land__B__57","land","B","item","core:joiner_square","1"
"land__B__57","land","B","item","core:levy_bread_wrap","1"
"land__B__57","land","B","item","core:meadow_buckle","4"
"land__B__57","land","B","item","core:muster_roll","3"
"land__B__57","land","B","item","core:return_path_knot","1"
"land__B__57","land","B","item","core:root_binding_cord","1"
"land__B__57","land","B","item","core:ruin_keystone","3"
"land__B__57","land","B","item","core:scaffold_step","3"
"land__B__57","land","B","item","core:seed_pouch_lining","1"
"land__B__57","land","B","item","core:shock_absorber_pad","2"
"land__B__57","land","B","item","core:wind_seed_flag","3"
"land__B__57","land","B","evolution","core:sheltered_sowing","1"
"land__B__57","land","B","evolution","core:sowing_sworddance","1"
"land__B__58","land","B","equipment","core:ember_wand","1"
"land__B__58","land","B","equipment","core:harvest_scythe","1"
"land__B__58","land","B","equipment","core:iron_blade","1"
"land__B__58","land","B","equipment","core:ward_orbit","1"
"land__B__58","land","B","equipment","core:carpenter_hammer","1"
"land__B__58","land","B","equipment","core:hedge_drum","1"
"land__B__58","land","B","equipment","core:muster_horn","1"
"land__B__58","land","B","equipment","core:seed_bag","1"
"land__B__58","land","B","charter","core:guarded_harvest","6"
"land__B__58","land","B","charter","core:meal_oath","2"
"land__B__58","land","B","charter","core:rally_boundary","4"
"land__B__58","land","B","charter","core:repair_tithe","4"
"land__B__58","land","B","item","core:boundary_hinge","4"
"land__B__58","land","B","item","core:joiner_square","1"
"land__B__58","land","B","item","core:levy_bread_wrap","2"
"land__B__58","land","B","item","core:meadow_buckle","1"
"land__B__58","land","B","item","core:muster_roll","3"
"land__B__58","land","B","item","core:return_path_knot","1"
"land__B__58","land","B","item","core:root_binding_cord","3"
"land__B__58","land","B","item","core:ruin_keystone","1"
"land__B__58","land","B","item","core:seed_pouch_lining","6"
"land__B__58","land","B","item","core:shock_absorber_pad","1"
"land__B__58","land","B","evolution","core:sheltered_sowing","1"
"land__B__58","land","B","evolution","core:sowing_sworddance","1"
"land__B__59","land","B","equipment","core:ember_wand","1"
"land__B__59","land","B","equipment","core:harvest_scythe","1"
"land__B__59","land","B","equipment","core:iron_blade","1"
"land__B__59","land","B","equipment","core:ward_orbit","1"
"land__B__59","land","B","equipment","core:muster_horn","1"
"land__B__59","land","B","equipment","core:seed_bag","1"
"land__B__59","land","B","charter","core:guarded_harvest","7"
"land__B__59","land","B","charter","core:meal_oath","13"
"land__B__59","land","B","charter","core:rally_boundary","6"
"land__B__59","land","B","charter","core:repair_tithe","1"
"land__B__59","land","B","item","core:levy_bread_wrap","2"
"land__B__59","land","B","item","core:meadow_buckle","4"
"land__B__59","land","B","item","core:muster_roll","2"
"land__B__59","land","B","item","core:return_path_knot","3"
"land__B__59","land","B","item","core:root_binding_cord","5"
"land__B__59","land","B","item","core:seed_pouch_lining","5"
"land__B__59","land","B","item","core:wind_seed_flag","1"
"land__B__59","land","B","evolution","core:sowing_sworddance","1"
"land__B__60","land","B","equipment","core:ember_wand","1"
"land__B__60","land","B","equipment","core:harvest_scythe","1"
"land__B__60","land","B","equipment","core:iron_blade","1"
"land__B__60","land","B","equipment","core:ward_orbit","1"
"land__B__60","land","B","equipment","core:carpenter_hammer","1"
"land__B__60","land","B","equipment","core:hedge_drum","1"
"land__B__60","land","B","equipment","core:muster_horn","1"
"land__B__60","land","B","equipment","core:seed_bag","1"
"land__B__60","land","B","charter","core:guarded_harvest","7"
"land__B__60","land","B","charter","core:meal_oath","9"
"land__B__60","land","B","charter","core:rally_boundary","8"
"land__B__60","land","B","charter","core:repair_tithe","7"
"land__B__60","land","B","item","core:boundary_hinge","2"
"land__B__60","land","B","item","core:joiner_square","1"
"land__B__60","land","B","item","core:levy_bread_wrap","2"
"land__B__60","land","B","item","core:meadow_buckle","1"
"land__B__60","land","B","item","core:muster_roll","3"
"land__B__60","land","B","item","core:return_path_knot","2"
"land__B__60","land","B","item","core:root_binding_cord","5"
"land__B__60","land","B","item","core:ruin_keystone","1"
"land__B__60","land","B","item","core:scaffold_step","3"
"land__B__60","land","B","item","core:seed_pouch_lining","1"
"land__B__60","land","B","item","core:shock_absorber_pad","1"
"land__B__60","land","B","item","core:wind_seed_flag","1"
"land__B__60","land","B","evolution","core:sheltered_sowing","1"
"land__B__60","land","B","evolution","core:sowing_sworddance","1"
"land__B__61","land","B","equipment","core:ember_wand","1"
"land__B__61","land","B","equipment","core:harvest_scythe","1"
"land__B__61","land","B","equipment","core:iron_blade","1"
"land__B__61","land","B","equipment","core:ward_orbit","1"
"land__B__61","land","B","equipment","core:muster_horn","1"
"land__B__61","land","B","equipment","core:seed_bag","1"
"land__B__61","land","B","charter","core:guarded_harvest","9"
"land__B__61","land","B","charter","core:meal_oath","7"
"land__B__61","land","B","charter","core:rally_boundary","6"
"land__B__61","land","B","item","core:meadow_buckle","2"
"land__B__61","land","B","item","core:muster_roll","3"
"land__B__61","land","B","item","core:return_path_knot","3"
"land__B__61","land","B","item","core:root_binding_cord","4"
"land__B__61","land","B","item","core:seed_pouch_lining","4"
"land__B__61","land","B","item","core:wind_seed_flag","6"
"land__B__61","land","B","evolution","core:sowing_sworddance","1"
"land__B__62","land","B","equipment","core:ember_wand","1"
"land__B__62","land","B","equipment","core:harvest_scythe","1"
"land__B__62","land","B","equipment","core:iron_blade","1"
"land__B__62","land","B","equipment","core:ward_orbit","1"
"land__B__62","land","B","equipment","core:carpenter_hammer","1"
"land__B__62","land","B","equipment","core:hedge_drum","1"
"land__B__62","land","B","equipment","core:muster_horn","1"
"land__B__62","land","B","equipment","core:seed_bag","1"
"land__B__62","land","B","charter","core:guarded_harvest","5"
"land__B__62","land","B","charter","core:meal_oath","6"
"land__B__62","land","B","charter","core:rally_boundary","4"
"land__B__62","land","B","charter","core:repair_tithe","6"
"land__B__62","land","B","item","core:boundary_hinge","1"
"land__B__62","land","B","item","core:joiner_square","4"
"land__B__62","land","B","item","core:meadow_buckle","4"
"land__B__62","land","B","item","core:muster_roll","3"
"land__B__62","land","B","item","core:return_path_knot","1"
"land__B__62","land","B","item","core:root_binding_cord","3"
"land__B__62","land","B","item","core:ruin_keystone","1"
"land__B__62","land","B","item","core:scaffold_step","1"
"land__B__62","land","B","item","core:seed_pouch_lining","1"
"land__B__62","land","B","item","core:shock_absorber_pad","2"
"land__B__62","land","B","item","core:wind_seed_flag","1"
"land__B__62","land","B","evolution","core:sheltered_sowing","1"
"land__B__62","land","B","evolution","core:sowing_sworddance","1"
"land__B__63","land","B","equipment","core:ember_wand","1"
"land__B__63","land","B","equipment","core:harvest_scythe","1"
"land__B__63","land","B","equipment","core:iron_blade","1"
"land__B__63","land","B","equipment","core:ward_orbit","1"
"land__B__63","land","B","equipment","core:muster_horn","1"
"land__B__63","land","B","equipment","core:seed_bag","1"
"land__B__63","land","B","charter","core:guarded_harvest","7"
"land__B__63","land","B","charter","core:meal_oath","3"
"land__B__63","land","B","charter","core:rally_boundary","8"
"land__B__63","land","B","item","core:levy_bread_wrap","3"
"land__B__63","land","B","item","core:meadow_buckle","4"
"land__B__63","land","B","item","core:muster_roll","3"
"land__B__63","land","B","item","core:return_path_knot","3"
"land__B__63","land","B","item","core:root_binding_cord","3"
"land__B__63","land","B","item","core:seed_pouch_lining","3"
"land__B__63","land","B","item","core:wind_seed_flag","4"
"land__B__63","land","B","evolution","core:sowing_sworddance","1"
"land__B__64","land","B","equipment","core:ember_wand","1"
"land__B__64","land","B","equipment","core:harvest_scythe","1"
"land__B__64","land","B","equipment","core:iron_blade","1"
"land__B__64","land","B","equipment","core:ward_orbit","1"
"land__B__64","land","B","equipment","core:carpenter_hammer","1"
"land__B__64","land","B","equipment","core:hedge_drum","1"
"land__B__64","land","B","equipment","core:muster_horn","1"
"land__B__64","land","B","equipment","core:seed_bag","1"
"land__B__64","land","B","charter","core:guarded_harvest","8"
"land__B__64","land","B","charter","core:meal_oath","8"
"land__B__64","land","B","charter","core:rally_boundary","7"
"land__B__64","land","B","charter","core:repair_tithe","2"
"land__B__64","land","B","item","core:boundary_hinge","1"
"land__B__64","land","B","item","core:joiner_square","1"
"land__B__64","land","B","item","core:levy_bread_wrap","2"
"land__B__64","land","B","item","core:meadow_buckle","6"
"land__B__64","land","B","item","core:muster_roll","1"
"land__B__64","land","B","item","core:return_path_knot","3"
"land__B__64","land","B","item","core:root_binding_cord","1"
"land__B__64","land","B","item","core:ruin_keystone","1"
"land__B__64","land","B","item","core:scaffold_step","3"
"land__B__64","land","B","item","core:seed_pouch_lining","3"
"land__B__64","land","B","item","core:wind_seed_flag","2"
"land__B__64","land","B","evolution","core:sheltered_sowing","1"
"land__B__64","land","B","evolution","core:sowing_sworddance","1"
"land__B__65","land","B","equipment","core:ember_wand","1"
"land__B__65","land","B","equipment","core:harvest_scythe","1"
"land__B__65","land","B","equipment","core:iron_blade","1"
"land__B__65","land","B","equipment","core:ward_orbit","1"
"land__B__65","land","B","equipment","core:carpenter_hammer","1"
"land__B__65","land","B","equipment","core:hedge_drum","1"
"land__B__65","land","B","equipment","core:muster_horn","1"
"land__B__65","land","B","equipment","core:seed_bag","1"
"land__B__65","land","B","charter","core:guarded_harvest","4"
"land__B__65","land","B","charter","core:meal_oath","7"
"land__B__65","land","B","charter","core:rally_boundary","11"
"land__B__65","land","B","charter","core:repair_tithe","4"
"land__B__65","land","B","item","core:joiner_square","2"
"land__B__65","land","B","item","core:levy_bread_wrap","2"
"land__B__65","land","B","item","core:meadow_buckle","4"
"land__B__65","land","B","item","core:muster_roll","3"
"land__B__65","land","B","item","core:return_path_knot","4"
"land__B__65","land","B","item","core:root_binding_cord","3"
"land__B__65","land","B","item","core:ruin_keystone","1"
"land__B__65","land","B","item","core:scaffold_step","1"
"land__B__65","land","B","item","core:seed_pouch_lining","3"
"land__B__65","land","B","item","core:wind_seed_flag","1"
"land__B__65","land","B","evolution","core:sheltered_sowing","1"
"land__B__65","land","B","evolution","core:sowing_sworddance","1"
"land__B__66","land","B","equipment","core:ember_wand","1"
"land__B__66","land","B","equipment","core:harvest_scythe","1"
"land__B__66","land","B","equipment","core:iron_blade","1"
"land__B__66","land","B","equipment","core:ward_orbit","1"
"land__B__66","land","B","equipment","core:hedge_drum","1"
"land__B__66","land","B","equipment","core:seed_bag","1"
"land__B__66","land","B","charter","core:guarded_harvest","12"
"land__B__66","land","B","charter","core:meal_oath","5"
"land__B__66","land","B","charter","core:rally_boundary","3"
"land__B__66","land","B","charter","core:repair_tithe","1"
"land__B__66","land","B","item","core:levy_bread_wrap","5"
"land__B__66","land","B","item","core:meadow_buckle","3"
"land__B__66","land","B","item","core:root_binding_cord","3"
"land__B__66","land","B","item","core:scaffold_step","1"
"land__B__66","land","B","item","core:seed_pouch_lining","6"
"land__B__66","land","B","item","core:wind_seed_flag","6"
"land__B__66","land","B","evolution","core:sowing_sworddance","1"
"land__B__67","land","B","equipment","core:ember_wand","1"
"land__B__67","land","B","equipment","core:harvest_scythe","1"
"land__B__67","land","B","equipment","core:iron_blade","1"
"land__B__67","land","B","equipment","core:ward_orbit","1"
"land__B__67","land","B","equipment","core:muster_horn","1"
"land__B__67","land","B","equipment","core:seed_bag","1"
"land__B__67","land","B","charter","core:guarded_harvest","11"
"land__B__67","land","B","charter","core:meal_oath","6"
"land__B__67","land","B","charter","core:rally_boundary","6"
"land__B__67","land","B","charter","core:repair_tithe","1"
"land__B__67","land","B","item","core:levy_bread_wrap","3"
"land__B__67","land","B","item","core:meadow_buckle","8"
"land__B__67","land","B","item","core:muster_roll","1"
"land__B__67","land","B","item","core:return_path_knot","3"
"land__B__67","land","B","item","core:root_binding_cord","3"
"land__B__67","land","B","item","core:seed_pouch_lining","3"
"land__B__67","land","B","item","core:wind_seed_flag","3"
"land__B__67","land","B","evolution","core:sowing_sworddance","1"
"land__B__68","land","B","equipment","core:ember_wand","1"
"land__B__68","land","B","equipment","core:harvest_scythe","1"
"land__B__68","land","B","equipment","core:iron_blade","1"
"land__B__68","land","B","equipment","core:ward_orbit","1"
"land__B__68","land","B","equipment","core:muster_horn","1"
"land__B__68","land","B","equipment","core:seed_bag","1"
"land__B__68","land","B","charter","core:guarded_harvest","8"
"land__B__68","land","B","charter","core:meal_oath","11"
"land__B__68","land","B","charter","core:rally_boundary","7"
"land__B__68","land","B","item","core:levy_bread_wrap","4"
"land__B__68","land","B","item","core:meadow_buckle","1"
"land__B__68","land","B","item","core:muster_roll","1"
"land__B__68","land","B","item","core:return_path_knot","5"
"land__B__68","land","B","item","core:root_binding_cord","4"
"land__B__68","land","B","item","core:seed_pouch_lining","5"
"land__B__68","land","B","item","core:wind_seed_flag","1"
"land__B__68","land","B","evolution","core:sowing_sworddance","1"
"land__B__69","land","B","equipment","core:ember_wand","1"
"land__B__69","land","B","equipment","core:harvest_scythe","1"
"land__B__69","land","B","equipment","core:iron_blade","1"
"land__B__69","land","B","equipment","core:ward_orbit","1"
"land__B__69","land","B","equipment","core:muster_horn","1"
"land__B__69","land","B","equipment","core:seed_bag","1"
"land__B__69","land","B","charter","core:guarded_harvest","13"
"land__B__69","land","B","charter","core:meal_oath","11"
"land__B__69","land","B","charter","core:rally_boundary","4"
"land__B__69","land","B","item","core:levy_bread_wrap","2"
"land__B__69","land","B","item","core:meadow_buckle","4"
"land__B__69","land","B","item","core:muster_roll","4"
"land__B__69","land","B","item","core:return_path_knot","4"
"land__B__69","land","B","item","core:root_binding_cord","1"
"land__B__69","land","B","item","core:seed_pouch_lining","2"
"land__B__69","land","B","item","core:wind_seed_flag","5"
"land__B__69","land","B","evolution","core:sowing_sworddance","1"
"land__B__70","land","B","equipment","core:ember_wand","1"
"land__B__70","land","B","equipment","core:harvest_scythe","1"
"land__B__70","land","B","equipment","core:iron_blade","1"
"land__B__70","land","B","equipment","core:ward_orbit","1"
"land__B__70","land","B","equipment","core:carpenter_hammer","1"
"land__B__70","land","B","equipment","core:hedge_drum","1"
"land__B__70","land","B","equipment","core:muster_horn","1"
"land__B__70","land","B","equipment","core:seed_bag","1"
"land__B__70","land","B","charter","core:guarded_harvest","6"
"land__B__70","land","B","charter","core:meal_oath","7"
"land__B__70","land","B","charter","core:rally_boundary","8"
"land__B__70","land","B","charter","core:repair_tithe","2"
"land__B__70","land","B","item","core:boundary_hinge","1"
"land__B__70","land","B","item","core:joiner_square","1"
"land__B__70","land","B","item","core:levy_bread_wrap","1"
"land__B__70","land","B","item","core:meadow_buckle","3"
"land__B__70","land","B","item","core:muster_roll","2"
"land__B__70","land","B","item","core:root_binding_cord","2"
"land__B__70","land","B","item","core:ruin_keystone","3"
"land__B__70","land","B","item","core:scaffold_step","2"
"land__B__70","land","B","item","core:seed_pouch_lining","3"
"land__B__70","land","B","item","core:shock_absorber_pad","3"
"land__B__70","land","B","item","core:wind_seed_flag","2"
"land__B__70","land","B","evolution","core:sheltered_sowing","1"
"land__B__70","land","B","evolution","core:sowing_sworddance","1"
"land__B__71","land","B","equipment","core:ember_wand","1"
"land__B__71","land","B","equipment","core:harvest_scythe","1"
"land__B__71","land","B","equipment","core:iron_blade","1"
"land__B__71","land","B","equipment","core:ward_orbit","1"
"land__B__71","land","B","equipment","core:carpenter_hammer","1"
"land__B__71","land","B","equipment","core:hedge_drum","1"
"land__B__71","land","B","equipment","core:muster_horn","1"
"land__B__71","land","B","equipment","core:seed_bag","1"
"land__B__71","land","B","charter","core:guarded_harvest","9"
"land__B__71","land","B","charter","core:meal_oath","6"
"land__B__71","land","B","charter","core:rally_boundary","6"
"land__B__71","land","B","charter","core:repair_tithe","2"
"land__B__71","land","B","item","core:boundary_hinge","1"
"land__B__71","land","B","item","core:joiner_square","3"
"land__B__71","land","B","item","core:levy_bread_wrap","1"
"land__B__71","land","B","item","core:meadow_buckle","1"
"land__B__71","land","B","item","core:muster_roll","2"
"land__B__71","land","B","item","core:return_path_knot","1"
"land__B__71","land","B","item","core:root_binding_cord","3"
"land__B__71","land","B","item","core:ruin_keystone","2"
"land__B__71","land","B","item","core:scaffold_step","3"
"land__B__71","land","B","item","core:seed_pouch_lining","3"
"land__B__71","land","B","item","core:shock_absorber_pad","1"
"land__B__71","land","B","item","core:wind_seed_flag","3"
"land__B__71","land","B","evolution","core:sheltered_sowing","1"
"land__B__71","land","B","evolution","core:sowing_sworddance","1"
"land__B__72","land","B","equipment","core:ember_wand","1"
"land__B__72","land","B","equipment","core:harvest_scythe","1"
"land__B__72","land","B","equipment","core:iron_blade","1"
"land__B__72","land","B","equipment","core:ward_orbit","1"
"land__B__72","land","B","equipment","core:carpenter_hammer","1"
"land__B__72","land","B","equipment","core:muster_horn","1"
"land__B__72","land","B","equipment","core:seed_bag","1"
"land__B__72","land","B","charter","core:guarded_harvest","14"
"land__B__72","land","B","charter","core:meal_oath","2"
"land__B__72","land","B","charter","core:rally_boundary","3"
"land__B__72","land","B","item","core:levy_bread_wrap","2"
"land__B__72","land","B","item","core:meadow_buckle","2"
"land__B__72","land","B","item","core:muster_roll","1"
"land__B__72","land","B","item","core:return_path_knot","2"
"land__B__72","land","B","item","core:root_binding_cord","5"
"land__B__72","land","B","item","core:ruin_keystone","2"
"land__B__72","land","B","item","core:scaffold_step","1"
"land__B__72","land","B","item","core:seed_pouch_lining","2"
"land__B__72","land","B","item","core:shock_absorber_pad","2"
"land__B__72","land","B","item","core:wind_seed_flag","5"
"land__B__72","land","B","evolution","core:sheltered_sowing","1"
"land__B__72","land","B","evolution","core:sowing_sworddance","1"
"land__B__73","land","B","equipment","core:ember_wand","1"
"land__B__73","land","B","equipment","core:harvest_scythe","1"
"land__B__73","land","B","equipment","core:iron_blade","1"
"land__B__73","land","B","equipment","core:ward_orbit","1"
"land__B__73","land","B","equipment","core:carpenter_hammer","1"
"land__B__73","land","B","equipment","core:hedge_drum","1"
"land__B__73","land","B","equipment","core:muster_horn","1"
"land__B__73","land","B","equipment","core:seed_bag","1"
"land__B__73","land","B","charter","core:guarded_harvest","7"
"land__B__73","land","B","charter","core:meal_oath","6"
"land__B__73","land","B","charter","core:rally_boundary","18"
"land__B__73","land","B","item","core:boundary_hinge","2"
"land__B__73","land","B","item","core:joiner_square","3"
"land__B__73","land","B","item","core:levy_bread_wrap","2"
"land__B__73","land","B","item","core:meadow_buckle","2"
"land__B__73","land","B","item","core:muster_roll","1"
"land__B__73","land","B","item","core:return_path_knot","4"
"land__B__73","land","B","item","core:root_binding_cord","2"
"land__B__73","land","B","item","core:ruin_keystone","1"
"land__B__73","land","B","item","core:seed_pouch_lining","3"
"land__B__73","land","B","item","core:shock_absorber_pad","1"
"land__B__73","land","B","item","core:wind_seed_flag","2"
"land__B__73","land","B","evolution","core:sheltered_sowing","1"
"land__B__73","land","B","evolution","core:sowing_sworddance","1"
"land__C__42","land","C","equipment","core:ember_wand","1"
"land__C__42","land","C","equipment","core:harvest_scythe","1"
"land__C__42","land","C","equipment","core:iron_blade","1"
"land__C__42","land","C","equipment","core:ward_orbit","1"
"land__C__42","land","C","equipment","core:carpenter_hammer","1"
"land__C__42","land","C","equipment","core:hedge_drum","1"
"land__C__42","land","C","equipment","core:muster_horn","1"
"land__C__42","land","C","equipment","core:seed_bag","1"
"land__C__42","land","C","charter","core:guarded_harvest","18"
"land__C__42","land","C","charter","core:meal_oath","8"
"land__C__42","land","C","charter","core:rally_boundary","9"
"land__C__42","land","C","charter","core:repair_tithe","3"
"land__C__42","land","C","item","core:boundary_hinge","1"
"land__C__42","land","C","item","core:levy_bread_wrap","1"
"land__C__42","land","C","item","core:meadow_buckle","1"
"land__C__42","land","C","item","core:muster_roll","2"
"land__C__42","land","C","item","core:return_path_knot","2"
"land__C__42","land","C","item","core:root_binding_cord","5"
"land__C__42","land","C","item","core:ruin_keystone","5"
"land__C__42","land","C","item","core:seed_pouch_lining","1"
"land__C__42","land","C","item","core:shock_absorber_pad","3"
"land__C__42","land","C","item","core:wind_seed_flag","3"
"land__C__42","land","C","evolution","core:sheltered_sowing","1"
"land__C__42","land","C","evolution","core:sowing_sworddance","1"
"land__C__43","land","C","equipment","core:ember_wand","1"
"land__C__43","land","C","equipment","core:harvest_scythe","1"
"land__C__43","land","C","equipment","core:iron_blade","1"
"land__C__43","land","C","equipment","core:ward_orbit","1"
"land__C__43","land","C","equipment","core:muster_horn","1"
"land__C__43","land","C","equipment","core:seed_bag","1"
"land__C__43","land","C","charter","core:guarded_harvest","4"
"land__C__43","land","C","charter","core:meal_oath","4"
"land__C__43","land","C","charter","core:rally_boundary","4"
"land__C__43","land","C","item","core:levy_bread_wrap","2"
"land__C__43","land","C","item","core:meadow_buckle","6"
"land__C__43","land","C","item","core:muster_roll","3"
"land__C__43","land","C","item","core:return_path_knot","2"
"land__C__43","land","C","item","core:root_binding_cord","2"
"land__C__43","land","C","item","core:seed_pouch_lining","4"
"land__C__43","land","C","item","core:wind_seed_flag","5"
"land__C__43","land","C","evolution","core:sowing_sworddance","1"
"land__C__44","land","C","equipment","core:ember_wand","1"
"land__C__44","land","C","equipment","core:harvest_scythe","1"
"land__C__44","land","C","equipment","core:iron_blade","1"
"land__C__44","land","C","equipment","core:ward_orbit","1"
"land__C__44","land","C","equipment","core:muster_horn","1"
"land__C__44","land","C","equipment","core:seed_bag","1"
"land__C__44","land","C","charter","core:guarded_harvest","10"
"land__C__44","land","C","charter","core:meal_oath","8"
"land__C__44","land","C","charter","core:rally_boundary","9"
"land__C__44","land","C","charter","core:repair_tithe","3"
"land__C__44","land","C","item","core:levy_bread_wrap","4"
"land__C__44","land","C","item","core:meadow_buckle","1"
"land__C__44","land","C","item","core:muster_roll","6"
"land__C__44","land","C","item","core:return_path_knot","1"
"land__C__44","land","C","item","core:root_binding_cord","3"
"land__C__44","land","C","item","core:seed_pouch_lining","4"
"land__C__44","land","C","item","core:wind_seed_flag","4"
"land__C__44","land","C","evolution","core:sowing_sworddance","1"
"land__C__45","land","C","equipment","core:ember_wand","1"
"land__C__45","land","C","equipment","core:harvest_scythe","1"
"land__C__45","land","C","equipment","core:iron_blade","1"
"land__C__45","land","C","equipment","core:ward_orbit","1"
"land__C__45","land","C","equipment","core:carpenter_hammer","1"
"land__C__45","land","C","equipment","core:hedge_drum","1"
"land__C__45","land","C","equipment","core:muster_horn","1"
"land__C__45","land","C","equipment","core:seed_bag","1"
"land__C__45","land","C","charter","core:guarded_harvest","11"
"land__C__45","land","C","charter","core:meal_oath","8"
"land__C__45","land","C","charter","core:rally_boundary","7"
"land__C__45","land","C","charter","core:repair_tithe","6"
"land__C__45","land","C","item","core:boundary_hinge","2"
"land__C__45","land","C","item","core:joiner_square","2"
"land__C__45","land","C","item","core:meadow_buckle","2"
"land__C__45","land","C","item","core:muster_roll","2"
"land__C__45","land","C","item","core:return_path_knot","3"
"land__C__45","land","C","item","core:root_binding_cord","2"
"land__C__45","land","C","item","core:ruin_keystone","1"
"land__C__45","land","C","item","core:scaffold_step","1"
"land__C__45","land","C","item","core:seed_pouch_lining","2"
"land__C__45","land","C","item","core:shock_absorber_pad","3"
"land__C__45","land","C","item","core:wind_seed_flag","3"
"land__C__45","land","C","evolution","core:sheltered_sowing","1"
"land__C__45","land","C","evolution","core:sowing_sworddance","1"
"land__C__46","land","C","equipment","core:ember_wand","1"
"land__C__46","land","C","equipment","core:harvest_scythe","1"
"land__C__46","land","C","equipment","core:iron_blade","1"
"land__C__46","land","C","equipment","core:ward_orbit","1"
"land__C__46","land","C","equipment","core:muster_horn","1"
"land__C__46","land","C","equipment","core:seed_bag","1"
"land__C__46","land","C","charter","core:guarded_harvest","8"
"land__C__46","land","C","charter","core:meal_oath","3"
"land__C__46","land","C","charter","core:rally_boundary","6"
"land__C__46","land","C","item","core:levy_bread_wrap","2"
"land__C__46","land","C","item","core:meadow_buckle","5"
"land__C__46","land","C","item","core:muster_roll","4"
"land__C__46","land","C","item","core:return_path_knot","4"
"land__C__46","land","C","item","core:root_binding_cord","5"
"land__C__46","land","C","item","core:seed_pouch_lining","2"
"land__C__46","land","C","item","core:wind_seed_flag","2"
"land__C__46","land","C","evolution","core:sowing_sworddance","1"
"land__C__47","land","C","equipment","core:ember_wand","1"
"land__C__47","land","C","equipment","core:harvest_scythe","1"
"land__C__47","land","C","equipment","core:iron_blade","1"
"land__C__47","land","C","equipment","core:ward_orbit","1"
"land__C__47","land","C","equipment","core:carpenter_hammer","1"
"land__C__47","land","C","equipment","core:hedge_drum","1"
"land__C__47","land","C","equipment","core:muster_horn","1"
"land__C__47","land","C","equipment","core:seed_bag","1"
"land__C__47","land","C","charter","core:guarded_harvest","4"
"land__C__47","land","C","charter","core:meal_oath","11"
"land__C__47","land","C","charter","core:rally_boundary","5"
"land__C__47","land","C","charter","core:repair_tithe","8"
"land__C__47","land","C","item","core:joiner_square","1"
"land__C__47","land","C","item","core:levy_bread_wrap","1"
"land__C__47","land","C","item","core:meadow_buckle","3"
"land__C__47","land","C","item","core:muster_roll","3"
"land__C__47","land","C","item","core:return_path_knot","2"
"land__C__47","land","C","item","core:root_binding_cord","3"
"land__C__47","land","C","item","core:ruin_keystone","2"
"land__C__47","land","C","item","core:seed_pouch_lining","4"
"land__C__47","land","C","item","core:shock_absorber_pad","3"
"land__C__47","land","C","item","core:wind_seed_flag","2"
"land__C__47","land","C","evolution","core:sheltered_sowing","1"
"land__C__47","land","C","evolution","core:sowing_sworddance","1"
"land__C__48","land","C","equipment","core:ember_wand","1"
"land__C__48","land","C","equipment","core:harvest_scythe","1"
"land__C__48","land","C","equipment","core:iron_blade","1"
"land__C__48","land","C","equipment","core:ward_orbit","1"
"land__C__48","land","C","equipment","core:muster_horn","1"
"land__C__48","land","C","equipment","core:seed_bag","1"
"land__C__48","land","C","charter","core:guarded_harvest","11"
"land__C__48","land","C","charter","core:meal_oath","9"
"land__C__48","land","C","charter","core:rally_boundary","4"
"land__C__48","land","C","item","core:levy_bread_wrap","3"
"land__C__48","land","C","item","core:meadow_buckle","2"
"land__C__48","land","C","item","core:muster_roll","8"
"land__C__48","land","C","item","core:return_path_knot","3"
"land__C__48","land","C","item","core:root_binding_cord","3"
"land__C__48","land","C","item","core:seed_pouch_lining","2"
"land__C__48","land","C","item","core:wind_seed_flag","3"
"land__C__48","land","C","evolution","core:sowing_sworddance","1"
"land__C__49","land","C","equipment","core:ember_wand","1"
"land__C__49","land","C","equipment","core:harvest_scythe","1"
"land__C__49","land","C","equipment","core:iron_blade","1"
"land__C__49","land","C","equipment","core:ward_orbit","1"
"land__C__49","land","C","equipment","core:muster_horn","1"
"land__C__49","land","C","equipment","core:seed_bag","1"
"land__C__49","land","C","charter","core:guarded_harvest","15"
"land__C__49","land","C","charter","core:meal_oath","7"
"land__C__49","land","C","charter","core:rally_boundary","9"
"land__C__49","land","C","item","core:levy_bread_wrap","3"
"land__C__49","land","C","item","core:meadow_buckle","3"
"land__C__49","land","C","item","core:muster_roll","2"
"land__C__49","land","C","item","core:return_path_knot","4"
"land__C__49","land","C","item","core:root_binding_cord","5"
"land__C__49","land","C","item","core:seed_pouch_lining","2"
"land__C__49","land","C","item","core:wind_seed_flag","4"
"land__C__49","land","C","evolution","core:sowing_sworddance","1"
"land__C__50","land","C","equipment","core:ember_wand","1"
"land__C__50","land","C","equipment","core:harvest_scythe","1"
"land__C__50","land","C","equipment","core:iron_blade","1"
"land__C__50","land","C","equipment","core:ward_orbit","1"
"land__C__50","land","C","equipment","core:carpenter_hammer","1"
"land__C__50","land","C","equipment","core:hedge_drum","1"
"land__C__50","land","C","equipment","core:muster_horn","1"
"land__C__50","land","C","equipment","core:seed_bag","1"
"land__C__50","land","C","charter","core:guarded_harvest","10"
"land__C__50","land","C","charter","core:meal_oath","1"
"land__C__50","land","C","charter","core:rally_boundary","6"
"land__C__50","land","C","charter","core:repair_tithe","7"
"land__C__50","land","C","item","core:boundary_hinge","1"
"land__C__50","land","C","item","core:joiner_square","1"
"land__C__50","land","C","item","core:meadow_buckle","3"
"land__C__50","land","C","item","core:muster_roll","2"
"land__C__50","land","C","item","core:return_path_knot","1"
"land__C__50","land","C","item","core:root_binding_cord","4"
"land__C__50","land","C","item","core:ruin_keystone","3"
"land__C__50","land","C","item","core:scaffold_step","2"
"land__C__50","land","C","item","core:seed_pouch_lining","2"
"land__C__50","land","C","item","core:shock_absorber_pad","2"
"land__C__50","land","C","item","core:wind_seed_flag","3"
"land__C__50","land","C","evolution","core:sheltered_sowing","1"
"land__C__50","land","C","evolution","core:sowing_sworddance","1"
"land__C__51","land","C","equipment","core:ember_wand","1"
"land__C__51","land","C","equipment","core:harvest_scythe","1"
"land__C__51","land","C","equipment","core:iron_blade","1"
"land__C__51","land","C","equipment","core:ward_orbit","1"
"land__C__51","land","C","equipment","core:carpenter_hammer","1"
"land__C__51","land","C","equipment","core:hedge_drum","1"
"land__C__51","land","C","equipment","core:muster_horn","1"
"land__C__51","land","C","equipment","core:seed_bag","1"
"land__C__51","land","C","charter","core:guarded_harvest","11"
"land__C__51","land","C","charter","core:meal_oath","1"
"land__C__51","land","C","charter","core:rally_boundary","13"
"land__C__51","land","C","charter","core:repair_tithe","2"
"land__C__51","land","C","item","core:boundary_hinge","4"
"land__C__51","land","C","item","core:joiner_square","2"
"land__C__51","land","C","item","core:meadow_buckle","2"
"land__C__51","land","C","item","core:muster_roll","3"
"land__C__51","land","C","item","core:root_binding_cord","3"
"land__C__51","land","C","item","core:ruin_keystone","3"
"land__C__51","land","C","item","core:scaffold_step","1"
"land__C__51","land","C","item","core:seed_pouch_lining","1"
"land__C__51","land","C","item","core:shock_absorber_pad","2"
"land__C__51","land","C","item","core:wind_seed_flag","3"
"land__C__51","land","C","evolution","core:sheltered_sowing","1"
"land__C__51","land","C","evolution","core:sowing_sworddance","1"
"land__C__52","land","C","equipment","core:ember_wand","1"
"land__C__52","land","C","equipment","core:harvest_scythe","1"
"land__C__52","land","C","equipment","core:iron_blade","1"
"land__C__52","land","C","equipment","core:ward_orbit","1"
"land__C__52","land","C","equipment","core:carpenter_hammer","1"
"land__C__52","land","C","equipment","core:hedge_drum","1"
"land__C__52","land","C","equipment","core:muster_horn","1"
"land__C__52","land","C","equipment","core:seed_bag","1"
"land__C__52","land","C","charter","core:guarded_harvest","10"
"land__C__52","land","C","charter","core:meal_oath","1"
"land__C__52","land","C","charter","core:rally_boundary","8"
"land__C__52","land","C","charter","core:repair_tithe","2"
"land__C__52","land","C","item","core:joiner_square","1"
"land__C__52","land","C","item","core:levy_bread_wrap","4"
"land__C__52","land","C","item","core:meadow_buckle","1"
"land__C__52","land","C","item","core:return_path_knot","3"
"land__C__52","land","C","item","core:root_binding_cord","5"
"land__C__52","land","C","item","core:ruin_keystone","1"
"land__C__52","land","C","item","core:scaffold_step","2"
"land__C__52","land","C","item","core:seed_pouch_lining","1"
"land__C__52","land","C","item","core:shock_absorber_pad","2"
"land__C__52","land","C","item","core:wind_seed_flag","4"
"land__C__52","land","C","evolution","core:sheltered_sowing","1"
"land__C__52","land","C","evolution","core:sowing_sworddance","1"
"land__C__53","land","C","equipment","core:ember_wand","1"
"land__C__53","land","C","equipment","core:harvest_scythe","1"
"land__C__53","land","C","equipment","core:iron_blade","1"
"land__C__53","land","C","equipment","core:ward_orbit","1"
"land__C__53","land","C","equipment","core:carpenter_hammer","1"
"land__C__53","land","C","equipment","core:hedge_drum","1"
"land__C__53","land","C","equipment","core:muster_horn","1"
"land__C__53","land","C","equipment","core:seed_bag","1"
"land__C__53","land","C","charter","core:guarded_harvest","11"
"land__C__53","land","C","charter","core:meal_oath","9"
"land__C__53","land","C","charter","core:rally_boundary","5"
"land__C__53","land","C","charter","core:repair_tithe","5"
"land__C__53","land","C","item","core:boundary_hinge","1"
"land__C__53","land","C","item","core:joiner_square","1"
"land__C__53","land","C","item","core:levy_bread_wrap","2"
"land__C__53","land","C","item","core:meadow_buckle","2"
"land__C__53","land","C","item","core:return_path_knot","4"
"land__C__53","land","C","item","core:root_binding_cord","1"
"land__C__53","land","C","item","core:ruin_keystone","1"
"land__C__53","land","C","item","core:scaffold_step","2"
"land__C__53","land","C","item","core:seed_pouch_lining","5"
"land__C__53","land","C","item","core:shock_absorber_pad","2"
"land__C__53","land","C","item","core:wind_seed_flag","2"
"land__C__53","land","C","evolution","core:sheltered_sowing","1"
"land__C__53","land","C","evolution","core:sowing_sworddance","1"
"land__C__54","land","C","equipment","core:ember_wand","1"
"land__C__54","land","C","equipment","core:harvest_scythe","1"
"land__C__54","land","C","equipment","core:iron_blade","1"
"land__C__54","land","C","equipment","core:ward_orbit","1"
"land__C__54","land","C","equipment","core:muster_horn","1"
"land__C__54","land","C","equipment","core:seed_bag","1"
"land__C__54","land","C","charter","core:guarded_harvest","9"
"land__C__54","land","C","charter","core:meal_oath","7"
"land__C__54","land","C","charter","core:rally_boundary","6"
"land__C__54","land","C","charter","core:repair_tithe","1"
"land__C__54","land","C","item","core:levy_bread_wrap","2"
"land__C__54","land","C","item","core:meadow_buckle","8"
"land__C__54","land","C","item","core:muster_roll","4"
"land__C__54","land","C","item","core:root_binding_cord","2"
"land__C__54","land","C","item","core:seed_pouch_lining","3"
"land__C__54","land","C","item","core:wind_seed_flag","2"
"land__C__54","land","C","evolution","core:sowing_sworddance","1"
"land__C__55","land","C","equipment","core:ember_wand","1"
"land__C__55","land","C","equipment","core:harvest_scythe","1"
"land__C__55","land","C","equipment","core:iron_blade","1"
"land__C__55","land","C","equipment","core:ward_orbit","1"
"land__C__55","land","C","equipment","core:muster_horn","1"
"land__C__55","land","C","equipment","core:seed_bag","1"
"land__C__55","land","C","charter","core:guarded_harvest","8"
"land__C__55","land","C","charter","core:meal_oath","9"
"land__C__55","land","C","charter","core:rally_boundary","1"
"land__C__55","land","C","charter","core:repair_tithe","1"
"land__C__55","land","C","item","core:levy_bread_wrap","4"
"land__C__55","land","C","item","core:meadow_buckle","4"
"land__C__55","land","C","item","core:muster_roll","1"
"land__C__55","land","C","item","core:return_path_knot","3"
"land__C__55","land","C","item","core:root_binding_cord","7"
"land__C__55","land","C","item","core:seed_pouch_lining","3"
"land__C__55","land","C","item","core:wind_seed_flag","2"
"land__C__55","land","C","evolution","core:sowing_sworddance","1"
"land__C__56","land","C","equipment","core:ember_wand","1"
"land__C__56","land","C","equipment","core:harvest_scythe","1"
"land__C__56","land","C","equipment","core:iron_blade","1"
"land__C__56","land","C","equipment","core:ward_orbit","1"
"land__C__56","land","C","equipment","core:muster_horn","1"
"land__C__56","land","C","equipment","core:seed_bag","1"
"land__C__56","land","C","charter","core:guarded_harvest","7"
"land__C__56","land","C","charter","core:meal_oath","4"
"land__C__56","land","C","charter","core:rally_boundary","7"
"land__C__56","land","C","charter","core:repair_tithe","1"
"land__C__56","land","C","item","core:levy_bread_wrap","2"
"land__C__56","land","C","item","core:meadow_buckle","5"
"land__C__56","land","C","item","core:muster_roll","5"
"land__C__56","land","C","item","core:return_path_knot","4"
"land__C__56","land","C","item","core:root_binding_cord","1"
"land__C__56","land","C","item","core:seed_pouch_lining","4"
"land__C__56","land","C","item","core:wind_seed_flag","3"
"land__C__56","land","C","evolution","core:sowing_sworddance","1"
"land__C__57","land","C","equipment","core:ember_wand","1"
"land__C__57","land","C","equipment","core:harvest_scythe","1"
"land__C__57","land","C","equipment","core:iron_blade","1"
"land__C__57","land","C","equipment","core:ward_orbit","1"
"land__C__57","land","C","equipment","core:carpenter_hammer","1"
"land__C__57","land","C","equipment","core:hedge_drum","1"
"land__C__57","land","C","equipment","core:muster_horn","1"
"land__C__57","land","C","equipment","core:seed_bag","1"
"land__C__57","land","C","charter","core:guarded_harvest","14"
"land__C__57","land","C","charter","core:meal_oath","3"
"land__C__57","land","C","charter","core:rally_boundary","6"
"land__C__57","land","C","charter","core:repair_tithe","6"
"land__C__57","land","C","item","core:boundary_hinge","2"
"land__C__57","land","C","item","core:joiner_square","1"
"land__C__57","land","C","item","core:levy_bread_wrap","1"
"land__C__57","land","C","item","core:meadow_buckle","5"
"land__C__57","land","C","item","core:muster_roll","3"
"land__C__57","land","C","item","core:return_path_knot","1"
"land__C__57","land","C","item","core:root_binding_cord","4"
"land__C__57","land","C","item","core:ruin_keystone","2"
"land__C__57","land","C","item","core:seed_pouch_lining","1"
"land__C__57","land","C","item","core:shock_absorber_pad","3"
"land__C__57","land","C","item","core:wind_seed_flag","1"
"land__C__57","land","C","evolution","core:sheltered_sowing","1"
"land__C__57","land","C","evolution","core:sowing_sworddance","1"
"land__C__58","land","C","equipment","core:ember_wand","1"
"land__C__58","land","C","equipment","core:harvest_scythe","1"
"land__C__58","land","C","equipment","core:iron_blade","1"
"land__C__58","land","C","equipment","core:ward_orbit","1"
"land__C__58","land","C","equipment","core:carpenter_hammer","1"
"land__C__58","land","C","equipment","core:hedge_drum","1"
"land__C__58","land","C","equipment","core:muster_horn","1"
"land__C__58","land","C","equipment","core:seed_bag","1"
"land__C__58","land","C","charter","core:guarded_harvest","9"
"land__C__58","land","C","charter","core:meal_oath","8"
"land__C__58","land","C","charter","core:rally_boundary","2"
"land__C__58","land","C","charter","core:repair_tithe","7"
"land__C__58","land","C","item","core:boundary_hinge","2"
"land__C__58","land","C","item","core:joiner_square","2"
"land__C__58","land","C","item","core:levy_bread_wrap","6"
"land__C__58","land","C","item","core:muster_roll","2"
"land__C__58","land","C","item","core:root_binding_cord","3"
"land__C__58","land","C","item","core:ruin_keystone","2"
"land__C__58","land","C","item","core:seed_pouch_lining","2"
"land__C__58","land","C","item","core:shock_absorber_pad","4"
"land__C__58","land","C","item","core:wind_seed_flag","1"
"land__C__58","land","C","evolution","core:sheltered_sowing","1"
"land__C__58","land","C","evolution","core:sowing_sworddance","1"
"land__C__59","land","C","equipment","core:ember_wand","1"
"land__C__59","land","C","equipment","core:harvest_scythe","1"
"land__C__59","land","C","equipment","core:iron_blade","1"
"land__C__59","land","C","equipment","core:ward_orbit","1"
"land__C__59","land","C","equipment","core:carpenter_hammer","1"
"land__C__59","land","C","equipment","core:muster_horn","1"
"land__C__59","land","C","equipment","core:seed_bag","1"
"land__C__59","land","C","charter","core:guarded_harvest","6"
"land__C__59","land","C","charter","core:meal_oath","14"
"land__C__59","land","C","charter","core:rally_boundary","3"
"land__C__59","land","C","charter","core:repair_tithe","2"
"land__C__59","land","C","item","core:boundary_hinge","1"
"land__C__59","land","C","item","core:joiner_square","2"
"land__C__59","land","C","item","core:levy_bread_wrap","1"
"land__C__59","land","C","item","core:meadow_buckle","3"
"land__C__59","land","C","item","core:muster_roll","2"
"land__C__59","land","C","item","core:return_path_knot","2"
"land__C__59","land","C","item","core:root_binding_cord","1"
"land__C__59","land","C","item","core:ruin_keystone","1"
"land__C__59","land","C","item","core:scaffold_step","1"
"land__C__59","land","C","item","core:seed_pouch_lining","4"
"land__C__59","land","C","item","core:wind_seed_flag","6"
"land__C__59","land","C","evolution","core:sheltered_sowing","1"
"land__C__59","land","C","evolution","core:sowing_sworddance","1"
"land__C__60","land","C","equipment","core:ember_wand","1"
"land__C__60","land","C","equipment","core:harvest_scythe","1"
"land__C__60","land","C","equipment","core:iron_blade","1"
"land__C__60","land","C","equipment","core:ward_orbit","1"
"land__C__60","land","C","equipment","core:carpenter_hammer","1"
"land__C__60","land","C","equipment","core:hedge_drum","1"
"land__C__60","land","C","equipment","core:muster_horn","1"
"land__C__60","land","C","equipment","core:seed_bag","1"
"land__C__60","land","C","charter","core:guarded_harvest","4"
"land__C__60","land","C","charter","core:meal_oath","9"
"land__C__60","land","C","charter","core:rally_boundary","8"
"land__C__60","land","C","charter","core:repair_tithe","13"
"land__C__60","land","C","item","core:joiner_square","2"
"land__C__60","land","C","item","core:levy_bread_wrap","1"
"land__C__60","land","C","item","core:meadow_buckle","2"
"land__C__60","land","C","item","core:muster_roll","2"
"land__C__60","land","C","item","core:return_path_knot","2"
"land__C__60","land","C","item","core:root_binding_cord","4"
"land__C__60","land","C","item","core:ruin_keystone","1"
"land__C__60","land","C","item","core:scaffold_step","3"
"land__C__60","land","C","item","core:seed_pouch_lining","4"
"land__C__60","land","C","item","core:shock_absorber_pad","1"
"land__C__60","land","C","item","core:wind_seed_flag","2"
"land__C__60","land","C","evolution","core:sheltered_sowing","1"
"land__C__60","land","C","evolution","core:sowing_sworddance","1"
"land__C__61","land","C","equipment","core:ember_wand","1"
"land__C__61","land","C","equipment","core:harvest_scythe","1"
"land__C__61","land","C","equipment","core:iron_blade","1"
"land__C__61","land","C","equipment","core:ward_orbit","1"
"land__C__61","land","C","equipment","core:muster_horn","1"
"land__C__61","land","C","equipment","core:seed_bag","1"
"land__C__61","land","C","charter","core:guarded_harvest","9"
"land__C__61","land","C","charter","core:meal_oath","12"
"land__C__61","land","C","charter","core:rally_boundary","11"
"land__C__61","land","C","item","core:levy_bread_wrap","3"
"land__C__61","land","C","item","core:meadow_buckle","2"
"land__C__61","land","C","item","core:muster_roll","4"
"land__C__61","land","C","item","core:return_path_knot","3"
"land__C__61","land","C","item","core:root_binding_cord","6"
"land__C__61","land","C","item","core:seed_pouch_lining","3"
"land__C__61","land","C","item","core:wind_seed_flag","3"
"land__C__61","land","C","evolution","core:sowing_sworddance","1"
"land__C__62","land","C","equipment","core:ember_wand","1"
"land__C__62","land","C","equipment","core:harvest_scythe","1"
"land__C__62","land","C","equipment","core:iron_blade","1"
"land__C__62","land","C","equipment","core:ward_orbit","1"
"land__C__62","land","C","equipment","core:carpenter_hammer","1"
"land__C__62","land","C","equipment","core:hedge_drum","1"
"land__C__62","land","C","equipment","core:muster_horn","1"
"land__C__62","land","C","equipment","core:seed_bag","1"
"land__C__62","land","C","charter","core:guarded_harvest","6"
"land__C__62","land","C","charter","core:meal_oath","7"
"land__C__62","land","C","charter","core:rally_boundary","5"
"land__C__62","land","C","charter","core:repair_tithe","2"
"land__C__62","land","C","item","core:boundary_hinge","1"
"land__C__62","land","C","item","core:joiner_square","4"
"land__C__62","land","C","item","core:levy_bread_wrap","1"
"land__C__62","land","C","item","core:meadow_buckle","2"
"land__C__62","land","C","item","core:muster_roll","2"
"land__C__62","land","C","item","core:return_path_knot","1"
"land__C__62","land","C","item","core:root_binding_cord","3"
"land__C__62","land","C","item","core:ruin_keystone","3"
"land__C__62","land","C","item","core:scaffold_step","2"
"land__C__62","land","C","item","core:seed_pouch_lining","1"
"land__C__62","land","C","item","core:shock_absorber_pad","3"
"land__C__62","land","C","item","core:wind_seed_flag","1"
"land__C__62","land","C","evolution","core:sheltered_sowing","1"
"land__C__62","land","C","evolution","core:sowing_sworddance","1"
"land__C__63","land","C","equipment","core:ember_wand","1"
"land__C__63","land","C","equipment","core:harvest_scythe","1"
"land__C__63","land","C","equipment","core:iron_blade","1"
"land__C__63","land","C","equipment","core:ward_orbit","1"
"land__C__63","land","C","equipment","core:muster_horn","1"
"land__C__63","land","C","equipment","core:seed_bag","1"
"land__C__63","land","C","charter","core:guarded_harvest","7"
"land__C__63","land","C","charter","core:meal_oath","4"
"land__C__63","land","C","charter","core:rally_boundary","7"
"land__C__63","land","C","item","core:levy_bread_wrap","1"
"land__C__63","land","C","item","core:meadow_buckle","3"
"land__C__63","land","C","item","core:muster_roll","4"
"land__C__63","land","C","item","core:return_path_knot","5"
"land__C__63","land","C","item","core:root_binding_cord","3"
"land__C__63","land","C","item","core:seed_pouch_lining","5"
"land__C__63","land","C","item","core:wind_seed_flag","2"
"land__C__63","land","C","evolution","core:sowing_sworddance","1"
"land__C__64","land","C","equipment","core:ember_wand","1"
"land__C__64","land","C","equipment","core:harvest_scythe","1"
"land__C__64","land","C","equipment","core:iron_blade","1"
"land__C__64","land","C","equipment","core:ward_orbit","1"
"land__C__64","land","C","equipment","core:carpenter_hammer","1"
"land__C__64","land","C","equipment","core:hedge_drum","1"
"land__C__64","land","C","equipment","core:muster_horn","1"
"land__C__64","land","C","equipment","core:seed_bag","1"
"land__C__64","land","C","charter","core:guarded_harvest","5"
"land__C__64","land","C","charter","core:meal_oath","9"
"land__C__64","land","C","charter","core:rally_boundary","11"
"land__C__64","land","C","charter","core:repair_tithe","2"
"land__C__64","land","C","item","core:boundary_hinge","2"
"land__C__64","land","C","item","core:joiner_square","1"
"land__C__64","land","C","item","core:levy_bread_wrap","3"
"land__C__64","land","C","item","core:meadow_buckle","1"
"land__C__64","land","C","item","core:muster_roll","4"
"land__C__64","land","C","item","core:return_path_knot","6"
"land__C__64","land","C","item","core:root_binding_cord","1"
"land__C__64","land","C","item","core:ruin_keystone","2"
"land__C__64","land","C","item","core:scaffold_step","1"
"land__C__64","land","C","item","core:seed_pouch_lining","1"
"land__C__64","land","C","item","core:wind_seed_flag","2"
"land__C__64","land","C","evolution","core:sheltered_sowing","1"
"land__C__64","land","C","evolution","core:sowing_sworddance","1"
"land__C__65","land","C","equipment","core:ember_wand","1"
"land__C__65","land","C","equipment","core:harvest_scythe","1"
"land__C__65","land","C","equipment","core:iron_blade","1"
"land__C__65","land","C","equipment","core:ward_orbit","1"
"land__C__65","land","C","equipment","core:muster_horn","1"
"land__C__65","land","C","equipment","core:seed_bag","1"
"land__C__65","land","C","charter","core:guarded_harvest","6"
"land__C__65","land","C","charter","core:meal_oath","7"
"land__C__65","land","C","charter","core:rally_boundary","7"
"land__C__65","land","C","charter","core:repair_tithe","2"
"land__C__65","land","C","item","core:levy_bread_wrap","2"
"land__C__65","land","C","item","core:meadow_buckle","5"
"land__C__65","land","C","item","core:muster_roll","4"
"land__C__65","land","C","item","core:return_path_knot","3"
"land__C__65","land","C","item","core:root_binding_cord","1"
"land__C__65","land","C","item","core:seed_pouch_lining","5"
"land__C__65","land","C","item","core:wind_seed_flag","4"
"land__C__65","land","C","evolution","core:sowing_sworddance","1"
"land__C__66","land","C","equipment","core:ember_wand","1"
"land__C__66","land","C","equipment","core:harvest_scythe","1"
"land__C__66","land","C","equipment","core:iron_blade","1"
"land__C__66","land","C","equipment","core:ward_orbit","1"
"land__C__66","land","C","equipment","core:hedge_drum","1"
"land__C__66","land","C","equipment","core:seed_bag","1"
"land__C__66","land","C","charter","core:guarded_harvest","12"
"land__C__66","land","C","charter","core:meal_oath","5"
"land__C__66","land","C","charter","core:rally_boundary","3"
"land__C__66","land","C","charter","core:repair_tithe","1"
"land__C__66","land","C","item","core:levy_bread_wrap","5"
"land__C__66","land","C","item","core:meadow_buckle","3"
"land__C__66","land","C","item","core:root_binding_cord","3"
"land__C__66","land","C","item","core:scaffold_step","1"
"land__C__66","land","C","item","core:seed_pouch_lining","6"
"land__C__66","land","C","item","core:wind_seed_flag","6"
"land__C__66","land","C","evolution","core:sowing_sworddance","1"
"land__C__67","land","C","equipment","core:ember_wand","1"
"land__C__67","land","C","equipment","core:harvest_scythe","1"
"land__C__67","land","C","equipment","core:iron_blade","1"
"land__C__67","land","C","equipment","core:ward_orbit","1"
"land__C__67","land","C","equipment","core:carpenter_hammer","1"
"land__C__67","land","C","equipment","core:hedge_drum","1"
"land__C__67","land","C","equipment","core:muster_horn","1"
"land__C__67","land","C","equipment","core:seed_bag","1"
"land__C__67","land","C","charter","core:guarded_harvest","12"
"land__C__67","land","C","charter","core:meal_oath","7"
"land__C__67","land","C","charter","core:rally_boundary","4"
"land__C__67","land","C","charter","core:repair_tithe","12"
"land__C__67","land","C","item","core:boundary_hinge","2"
"land__C__67","land","C","item","core:meadow_buckle","3"
"land__C__67","land","C","item","core:muster_roll","2"
"land__C__67","land","C","item","core:return_path_knot","4"
"land__C__67","land","C","item","core:root_binding_cord","2"
"land__C__67","land","C","item","core:ruin_keystone","2"
"land__C__67","land","C","item","core:scaffold_step","3"
"land__C__67","land","C","item","core:seed_pouch_lining","1"
"land__C__67","land","C","item","core:shock_absorber_pad","1"
"land__C__67","land","C","item","core:wind_seed_flag","3"
"land__C__67","land","C","evolution","core:sheltered_sowing","1"
"land__C__67","land","C","evolution","core:sowing_sworddance","1"
"land__C__68","land","C","equipment","core:ember_wand","1"
"land__C__68","land","C","equipment","core:harvest_scythe","1"
"land__C__68","land","C","equipment","core:iron_blade","1"
"land__C__68","land","C","equipment","core:ward_orbit","1"
"land__C__68","land","C","equipment","core:carpenter_hammer","1"
"land__C__68","land","C","equipment","core:hedge_drum","1"
"land__C__68","land","C","equipment","core:muster_horn","1"
"land__C__68","land","C","equipment","core:seed_bag","1"
"land__C__68","land","C","charter","core:guarded_harvest","5"
"land__C__68","land","C","charter","core:meal_oath","8"
"land__C__68","land","C","charter","core:rally_boundary","4"
"land__C__68","land","C","charter","core:repair_tithe","2"
"land__C__68","land","C","item","core:joiner_square","2"
"land__C__68","land","C","item","core:levy_bread_wrap","1"
"land__C__68","land","C","item","core:meadow_buckle","3"
"land__C__68","land","C","item","core:muster_roll","3"
"land__C__68","land","C","item","core:return_path_knot","4"
"land__C__68","land","C","item","core:root_binding_cord","2"
"land__C__68","land","C","item","core:ruin_keystone","1"
"land__C__68","land","C","item","core:scaffold_step","1"
"land__C__68","land","C","item","core:seed_pouch_lining","4"
"land__C__68","land","C","item","core:shock_absorber_pad","1"
"land__C__68","land","C","item","core:wind_seed_flag","2"
"land__C__68","land","C","evolution","core:sheltered_sowing","1"
"land__C__68","land","C","evolution","core:sowing_sworddance","1"
"land__C__69","land","C","equipment","core:ember_wand","1"
"land__C__69","land","C","equipment","core:harvest_scythe","1"
"land__C__69","land","C","equipment","core:iron_blade","1"
"land__C__69","land","C","equipment","core:ward_orbit","1"
"land__C__69","land","C","equipment","core:muster_horn","1"
"land__C__69","land","C","equipment","core:seed_bag","1"
"land__C__69","land","C","charter","core:guarded_harvest","10"
"land__C__69","land","C","charter","core:meal_oath","8"
"land__C__69","land","C","charter","core:rally_boundary","4"
"land__C__69","land","C","item","core:meadow_buckle","5"
"land__C__69","land","C","item","core:muster_roll","2"
"land__C__69","land","C","item","core:return_path_knot","4"
"land__C__69","land","C","item","core:root_binding_cord","5"
"land__C__69","land","C","item","core:seed_pouch_lining","6"
"land__C__69","land","C","item","core:wind_seed_flag","1"
"land__C__69","land","C","evolution","core:sowing_sworddance","1"
"land__C__70","land","C","equipment","core:ember_wand","1"
"land__C__70","land","C","equipment","core:harvest_scythe","1"
"land__C__70","land","C","equipment","core:iron_blade","1"
"land__C__70","land","C","equipment","core:ward_orbit","1"
"land__C__70","land","C","equipment","core:carpenter_hammer","1"
"land__C__70","land","C","equipment","core:hedge_drum","1"
"land__C__70","land","C","equipment","core:muster_horn","1"
"land__C__70","land","C","equipment","core:seed_bag","1"
"land__C__70","land","C","charter","core:guarded_harvest","15"
"land__C__70","land","C","charter","core:meal_oath","3"
"land__C__70","land","C","charter","core:rally_boundary","14"
"land__C__70","land","C","charter","core:repair_tithe","6"
"land__C__70","land","C","item","core:boundary_hinge","3"
"land__C__70","land","C","item","core:levy_bread_wrap","2"
"land__C__70","land","C","item","core:meadow_buckle","3"
"land__C__70","land","C","item","core:muster_roll","2"
"land__C__70","land","C","item","core:return_path_knot","2"
"land__C__70","land","C","item","core:root_binding_cord","1"
"land__C__70","land","C","item","core:ruin_keystone","1"
"land__C__70","land","C","item","core:scaffold_step","2"
"land__C__70","land","C","item","core:seed_pouch_lining","3"
"land__C__70","land","C","item","core:shock_absorber_pad","1"
"land__C__70","land","C","item","core:wind_seed_flag","4"
"land__C__70","land","C","evolution","core:sheltered_sowing","1"
"land__C__70","land","C","evolution","core:sowing_sworddance","1"
"land__C__71","land","C","equipment","core:ember_wand","1"
"land__C__71","land","C","equipment","core:harvest_scythe","1"
"land__C__71","land","C","equipment","core:iron_blade","1"
"land__C__71","land","C","equipment","core:ward_orbit","1"
"land__C__71","land","C","equipment","core:carpenter_hammer","1"
"land__C__71","land","C","equipment","core:hedge_drum","1"
"land__C__71","land","C","equipment","core:muster_horn","1"
"land__C__71","land","C","equipment","core:seed_bag","1"
"land__C__71","land","C","charter","core:guarded_harvest","10"
"land__C__71","land","C","charter","core:meal_oath","6"
"land__C__71","land","C","charter","core:rally_boundary","4"
"land__C__71","land","C","charter","core:repair_tithe","2"
"land__C__71","land","C","item","core:joiner_square","1"
"land__C__71","land","C","item","core:levy_bread_wrap","4"
"land__C__71","land","C","item","core:meadow_buckle","2"
"land__C__71","land","C","item","core:root_binding_cord","2"
"land__C__71","land","C","item","core:scaffold_step","6"
"land__C__71","land","C","item","core:seed_pouch_lining","5"
"land__C__71","land","C","item","core:shock_absorber_pad","1"
"land__C__71","land","C","item","core:wind_seed_flag","2"
"land__C__71","land","C","evolution","core:sheltered_sowing","1"
"land__C__71","land","C","evolution","core:sowing_sworddance","1"
"land__C__72","land","C","equipment","core:ember_wand","1"
"land__C__72","land","C","equipment","core:harvest_scythe","1"
"land__C__72","land","C","equipment","core:iron_blade","1"
"land__C__72","land","C","equipment","core:ward_orbit","1"
"land__C__72","land","C","equipment","core:muster_horn","1"
"land__C__72","land","C","equipment","core:seed_bag","1"
"land__C__72","land","C","charter","core:guarded_harvest","10"
"land__C__72","land","C","charter","core:meal_oath","7"
"land__C__72","land","C","charter","core:rally_boundary","6"
"land__C__72","land","C","charter","core:repair_tithe","1"
"land__C__72","land","C","item","core:levy_bread_wrap","2"
"land__C__72","land","C","item","core:meadow_buckle","3"
"land__C__72","land","C","item","core:muster_roll","4"
"land__C__72","land","C","item","core:return_path_knot","1"
"land__C__72","land","C","item","core:root_binding_cord","3"
"land__C__72","land","C","item","core:seed_pouch_lining","4"
"land__C__72","land","C","item","core:wind_seed_flag","7"
"land__C__72","land","C","evolution","core:sowing_sworddance","1"
"land__C__73","land","C","equipment","core:ember_wand","1"
"land__C__73","land","C","equipment","core:harvest_scythe","1"
"land__C__73","land","C","equipment","core:iron_blade","1"
"land__C__73","land","C","equipment","core:ward_orbit","1"
"land__C__73","land","C","equipment","core:carpenter_hammer","1"
"land__C__73","land","C","equipment","core:muster_horn","1"
"land__C__73","land","C","equipment","core:seed_bag","1"
"land__C__73","land","C","charter","core:guarded_harvest","10"
"land__C__73","land","C","charter","core:meal_oath","12"
"land__C__73","land","C","charter","core:rally_boundary","7"
"land__C__73","land","C","charter","core:repair_tithe","7"
"land__C__73","land","C","item","core:boundary_hinge","1"
"land__C__73","land","C","item","core:joiner_square","2"
"land__C__73","land","C","item","core:levy_bread_wrap","3"
"land__C__73","land","C","item","core:meadow_buckle","4"
"land__C__73","land","C","item","core:muster_roll","2"
"land__C__73","land","C","item","core:return_path_knot","1"
"land__C__73","land","C","item","core:root_binding_cord","3"
"land__C__73","land","C","item","core:ruin_keystone","2"
"land__C__73","land","C","item","core:seed_pouch_lining","2"
"land__C__73","land","C","item","core:shock_absorber_pad","2"
"land__C__73","land","C","item","core:wind_seed_flag","2"
"land__C__73","land","C","evolution","core:sheltered_sowing","1"
"land__C__73","land","C","evolution","core:sowing_sworddance","1"
"building__A__42","building","A","equipment","core:ember_wand","1"
"building__A__42","building","A","equipment","core:harvest_scythe","1"
"building__A__42","building","A","equipment","core:iron_blade","1"
"building__A__42","building","A","equipment","core:ward_orbit","1"
"building__A__42","building","A","equipment","core:carpenter_hammer","1"
"building__A__42","building","A","equipment","core:hedge_drum","1"
"building__A__42","building","A","equipment","core:muster_horn","1"
"building__A__42","building","A","equipment","core:seed_bag","1"
"building__A__42","building","A","charter","core:guarded_harvest","7"
"building__A__42","building","A","charter","core:meal_oath","3"
"building__A__42","building","A","charter","core:rally_boundary","4"
"building__A__42","building","A","charter","core:repair_tithe","18"
"building__A__42","building","A","item","core:boundary_hinge","3"
"building__A__42","building","A","item","core:levy_bread_wrap","4"
"building__A__42","building","A","item","core:meadow_buckle","2"
"building__A__42","building","A","item","core:muster_roll","1"
"building__A__42","building","A","item","core:return_path_knot","3"
"building__A__42","building","A","item","core:root_binding_cord","1"
"building__A__42","building","A","item","core:ruin_keystone","1"
"building__A__42","building","A","item","core:scaffold_step","2"
"building__A__42","building","A","item","core:seed_pouch_lining","5"
"building__A__42","building","A","item","core:wind_seed_flag","2"
"building__A__42","building","A","evolution","core:sheltered_sowing","1"
"building__A__42","building","A","evolution","core:sowing_sworddance","1"
"building__A__43","building","A","equipment","core:ember_wand","1"
"building__A__43","building","A","equipment","core:harvest_scythe","1"
"building__A__43","building","A","equipment","core:iron_blade","1"
"building__A__43","building","A","equipment","core:ward_orbit","1"
"building__A__43","building","A","equipment","core:carpenter_hammer","1"
"building__A__43","building","A","equipment","core:hedge_drum","1"
"building__A__43","building","A","equipment","core:muster_horn","1"
"building__A__43","building","A","equipment","core:seed_bag","1"
"building__A__43","building","A","charter","core:guarded_harvest","11"
"building__A__43","building","A","charter","core:meal_oath","6"
"building__A__43","building","A","charter","core:rally_boundary","8"
"building__A__43","building","A","charter","core:repair_tithe","5"
"building__A__43","building","A","item","core:boundary_hinge","2"
"building__A__43","building","A","item","core:joiner_square","2"
"building__A__43","building","A","item","core:levy_bread_wrap","2"
"building__A__43","building","A","item","core:meadow_buckle","2"
"building__A__43","building","A","item","core:muster_roll","1"
"building__A__43","building","A","item","core:return_path_knot","1"
"building__A__43","building","A","item","core:root_binding_cord","3"
"building__A__43","building","A","item","core:ruin_keystone","1"
"building__A__43","building","A","item","core:scaffold_step","1"
"building__A__43","building","A","item","core:seed_pouch_lining","1"
"building__A__43","building","A","item","core:shock_absorber_pad","2"
"building__A__43","building","A","item","core:wind_seed_flag","5"
"building__A__43","building","A","evolution","core:sheltered_sowing","1"
"building__A__43","building","A","evolution","core:sowing_sworddance","1"
"building__A__44","building","A","equipment","core:ember_wand","1"
"building__A__44","building","A","equipment","core:harvest_scythe","1"
"building__A__44","building","A","equipment","core:iron_blade","1"
"building__A__44","building","A","equipment","core:ward_orbit","1"
"building__A__44","building","A","equipment","core:carpenter_hammer","1"
"building__A__44","building","A","equipment","core:hedge_drum","1"
"building__A__44","building","A","equipment","core:muster_horn","1"
"building__A__44","building","A","equipment","core:seed_bag","1"
"building__A__44","building","A","charter","core:guarded_harvest","12"
"building__A__44","building","A","charter","core:meal_oath","2"
"building__A__44","building","A","charter","core:rally_boundary","2"
"building__A__44","building","A","charter","core:repair_tithe","14"
"building__A__44","building","A","item","core:joiner_square","1"
"building__A__44","building","A","item","core:levy_bread_wrap","1"
"building__A__44","building","A","item","core:meadow_buckle","1"
"building__A__44","building","A","item","core:muster_roll","3"
"building__A__44","building","A","item","core:root_binding_cord","6"
"building__A__44","building","A","item","core:scaffold_step","4"
"building__A__44","building","A","item","core:seed_pouch_lining","4"
"building__A__44","building","A","item","core:shock_absorber_pad","2"
"building__A__44","building","A","item","core:wind_seed_flag","2"
"building__A__44","building","A","evolution","core:sheltered_sowing","1"
"building__A__44","building","A","evolution","core:sowing_sworddance","1"
"building__A__45","building","A","equipment","core:ember_wand","1"
"building__A__45","building","A","equipment","core:harvest_scythe","1"
"building__A__45","building","A","equipment","core:iron_blade","1"
"building__A__45","building","A","equipment","core:ward_orbit","1"
"building__A__45","building","A","equipment","core:carpenter_hammer","1"
"building__A__45","building","A","equipment","core:hedge_drum","1"
"building__A__45","building","A","equipment","core:muster_horn","1"
"building__A__45","building","A","equipment","core:seed_bag","1"
"building__A__45","building","A","charter","core:guarded_harvest","8"
"building__A__45","building","A","charter","core:meal_oath","4"
"building__A__45","building","A","charter","core:rally_boundary","3"
"building__A__45","building","A","charter","core:repair_tithe","10"
"building__A__45","building","A","item","core:boundary_hinge","2"
"building__A__45","building","A","item","core:joiner_square","2"
"building__A__45","building","A","item","core:levy_bread_wrap","2"
"building__A__45","building","A","item","core:muster_roll","5"
"building__A__45","building","A","item","core:return_path_knot","2"
"building__A__45","building","A","item","core:root_binding_cord","3"
"building__A__45","building","A","item","core:ruin_keystone","2"
"building__A__45","building","A","item","core:scaffold_step","1"
"building__A__45","building","A","item","core:seed_pouch_lining","1"
"building__A__45","building","A","item","core:shock_absorber_pad","2"
"building__A__45","building","A","item","core:wind_seed_flag","2"
"building__A__45","building","A","evolution","core:sheltered_sowing","1"
"building__A__45","building","A","evolution","core:sowing_sworddance","1"
"building__A__46","building","A","equipment","core:ember_wand","1"
"building__A__46","building","A","equipment","core:harvest_scythe","1"
"building__A__46","building","A","equipment","core:iron_blade","1"
"building__A__46","building","A","equipment","core:ward_orbit","1"
"building__A__46","building","A","equipment","core:muster_horn","1"
"building__A__46","building","A","equipment","core:seed_bag","1"
"building__A__46","building","A","charter","core:guarded_harvest","8"
"building__A__46","building","A","charter","core:meal_oath","3"
"building__A__46","building","A","charter","core:rally_boundary","13"
"building__A__46","building","A","charter","core:repair_tithe","1"
"building__A__46","building","A","item","core:levy_bread_wrap","5"
"building__A__46","building","A","item","core:meadow_buckle","8"
"building__A__46","building","A","item","core:muster_roll","5"
"building__A__46","building","A","item","core:return_path_knot","2"
"building__A__46","building","A","item","core:seed_pouch_lining","2"
"building__A__46","building","A","item","core:wind_seed_flag","2"
"building__A__46","building","A","evolution","core:sowing_sworddance","1"
"building__A__47","building","A","equipment","core:ember_wand","1"
"building__A__47","building","A","equipment","core:harvest_scythe","1"
"building__A__47","building","A","equipment","core:iron_blade","1"
"building__A__47","building","A","equipment","core:ward_orbit","1"
"building__A__47","building","A","equipment","core:carpenter_hammer","1"
"building__A__47","building","A","equipment","core:hedge_drum","1"
"building__A__47","building","A","equipment","core:muster_horn","1"
"building__A__47","building","A","equipment","core:seed_bag","1"
"building__A__47","building","A","charter","core:guarded_harvest","4"
"building__A__47","building","A","charter","core:meal_oath","11"
"building__A__47","building","A","charter","core:rally_boundary","5"
"building__A__47","building","A","charter","core:repair_tithe","5"
"building__A__47","building","A","item","core:boundary_hinge","2"
"building__A__47","building","A","item","core:joiner_square","4"
"building__A__47","building","A","item","core:levy_bread_wrap","2"
"building__A__47","building","A","item","core:meadow_buckle","1"
"building__A__47","building","A","item","core:muster_roll","1"
"building__A__47","building","A","item","core:return_path_knot","1"
"building__A__47","building","A","item","core:root_binding_cord","3"
"building__A__47","building","A","item","core:ruin_keystone","1"
"building__A__47","building","A","item","core:scaffold_step","3"
"building__A__47","building","A","item","core:seed_pouch_lining","2"
"building__A__47","building","A","item","core:shock_absorber_pad","2"
"building__A__47","building","A","item","core:wind_seed_flag","2"
"building__A__47","building","A","evolution","core:sheltered_sowing","1"
"building__A__47","building","A","evolution","core:sowing_sworddance","1"
"building__A__48","building","A","equipment","core:ember_wand","1"
"building__A__48","building","A","equipment","core:harvest_scythe","1"
"building__A__48","building","A","equipment","core:iron_blade","1"
"building__A__48","building","A","equipment","core:ward_orbit","1"
"building__A__48","building","A","equipment","core:carpenter_hammer","1"
"building__A__48","building","A","equipment","core:hedge_drum","1"
"building__A__48","building","A","equipment","core:muster_horn","1"
"building__A__48","building","A","equipment","core:seed_bag","1"
"building__A__48","building","A","charter","core:guarded_harvest","8"
"building__A__48","building","A","charter","core:meal_oath","7"
"building__A__48","building","A","charter","core:rally_boundary","9"
"building__A__48","building","A","charter","core:repair_tithe","10"
"building__A__48","building","A","item","core:boundary_hinge","1"
"building__A__48","building","A","item","core:joiner_square","2"
"building__A__48","building","A","item","core:levy_bread_wrap","3"
"building__A__48","building","A","item","core:meadow_buckle","3"
"building__A__48","building","A","item","core:muster_roll","1"
"building__A__48","building","A","item","core:return_path_knot","1"
"building__A__48","building","A","item","core:root_binding_cord","2"
"building__A__48","building","A","item","core:ruin_keystone","2"
"building__A__48","building","A","item","core:scaffold_step","2"
"building__A__48","building","A","item","core:seed_pouch_lining","1"
"building__A__48","building","A","item","core:shock_absorber_pad","1"
"building__A__48","building","A","item","core:wind_seed_flag","5"
"building__A__48","building","A","evolution","core:sheltered_sowing","1"
"building__A__48","building","A","evolution","core:sowing_sworddance","1"
"building__A__49","building","A","equipment","core:ember_wand","1"
"building__A__49","building","A","equipment","core:harvest_scythe","1"
"building__A__49","building","A","equipment","core:iron_blade","1"
"building__A__49","building","A","equipment","core:ward_orbit","1"
"building__A__49","building","A","equipment","core:carpenter_hammer","1"
"building__A__49","building","A","equipment","core:hedge_drum","1"
"building__A__49","building","A","equipment","core:muster_horn","1"
"building__A__49","building","A","equipment","core:seed_bag","1"
"building__A__49","building","A","charter","core:guarded_harvest","17"
"building__A__49","building","A","charter","core:meal_oath","1"
"building__A__49","building","A","charter","core:rally_boundary","5"
"building__A__49","building","A","charter","core:repair_tithe","17"
"building__A__49","building","A","item","core:boundary_hinge","3"
"building__A__49","building","A","item","core:joiner_square","1"
"building__A__49","building","A","item","core:levy_bread_wrap","1"
"building__A__49","building","A","item","core:meadow_buckle","2"
"building__A__49","building","A","item","core:muster_roll","1"
"building__A__49","building","A","item","core:return_path_knot","3"
"building__A__49","building","A","item","core:root_binding_cord","4"
"building__A__49","building","A","item","core:ruin_keystone","2"
"building__A__49","building","A","item","core:scaffold_step","2"
"building__A__49","building","A","item","core:seed_pouch_lining","1"
"building__A__49","building","A","item","core:shock_absorber_pad","3"
"building__A__49","building","A","item","core:wind_seed_flag","1"
"building__A__49","building","A","evolution","core:sheltered_sowing","1"
"building__A__49","building","A","evolution","core:sowing_sworddance","1"
"building__A__50","building","A","equipment","core:ember_wand","1"
"building__A__50","building","A","equipment","core:harvest_scythe","1"
"building__A__50","building","A","equipment","core:iron_blade","1"
"building__A__50","building","A","equipment","core:ward_orbit","1"
"building__A__50","building","A","equipment","core:hedge_drum","1"
"building__A__50","building","A","equipment","core:muster_horn","1"
"building__A__50","building","A","equipment","core:seed_bag","1"
"building__A__50","building","A","charter","core:guarded_harvest","13"
"building__A__50","building","A","charter","core:meal_oath","3"
"building__A__50","building","A","charter","core:rally_boundary","6"
"building__A__50","building","A","charter","core:repair_tithe","3"
"building__A__50","building","A","item","core:levy_bread_wrap","1"
"building__A__50","building","A","item","core:meadow_buckle","2"
"building__A__50","building","A","item","core:muster_roll","1"
"building__A__50","building","A","item","core:return_path_knot","4"
"building__A__50","building","A","item","core:root_binding_cord","3"
"building__A__50","building","A","item","core:seed_pouch_lining","8"
"building__A__50","building","A","item","core:wind_seed_flag","5"
"building__A__50","building","A","evolution","core:sowing_sworddance","1"
"building__A__51","building","A","equipment","core:ember_wand","1"
"building__A__51","building","A","equipment","core:harvest_scythe","1"
"building__A__51","building","A","equipment","core:iron_blade","1"
"building__A__51","building","A","equipment","core:ward_orbit","1"
"building__A__51","building","A","equipment","core:carpenter_hammer","1"
"building__A__51","building","A","equipment","core:hedge_drum","1"
"building__A__51","building","A","equipment","core:muster_horn","1"
"building__A__51","building","A","equipment","core:seed_bag","1"
"building__A__51","building","A","charter","core:guarded_harvest","12"
"building__A__51","building","A","charter","core:meal_oath","4"
"building__A__51","building","A","charter","core:rally_boundary","3"
"building__A__51","building","A","charter","core:repair_tithe","9"
"building__A__51","building","A","item","core:boundary_hinge","1"
"building__A__51","building","A","item","core:joiner_square","1"
"building__A__51","building","A","item","core:levy_bread_wrap","4"
"building__A__51","building","A","item","core:meadow_buckle","3"
"building__A__51","building","A","item","core:muster_roll","1"
"building__A__51","building","A","item","core:return_path_knot","2"
"building__A__51","building","A","item","core:root_binding_cord","1"
"building__A__51","building","A","item","core:ruin_keystone","1"
"building__A__51","building","A","item","core:scaffold_step","4"
"building__A__51","building","A","item","core:seed_pouch_lining","2"
"building__A__51","building","A","item","core:shock_absorber_pad","3"
"building__A__51","building","A","item","core:wind_seed_flag","1"
"building__A__51","building","A","evolution","core:sheltered_sowing","1"
"building__A__51","building","A","evolution","core:sowing_sworddance","1"
"building__A__52","building","A","equipment","core:ember_wand","1"
"building__A__52","building","A","equipment","core:harvest_scythe","1"
"building__A__52","building","A","equipment","core:iron_blade","1"
"building__A__52","building","A","equipment","core:ward_orbit","1"
"building__A__52","building","A","equipment","core:carpenter_hammer","1"
"building__A__52","building","A","equipment","core:hedge_drum","1"
"building__A__52","building","A","equipment","core:muster_horn","1"
"building__A__52","building","A","equipment","core:seed_bag","1"
"building__A__52","building","A","charter","core:guarded_harvest","7"
"building__A__52","building","A","charter","core:meal_oath","3"
"building__A__52","building","A","charter","core:rally_boundary","3"
"building__A__52","building","A","charter","core:repair_tithe","9"
"building__A__52","building","A","item","core:boundary_hinge","4"
"building__A__52","building","A","item","core:joiner_square","3"
"building__A__52","building","A","item","core:levy_bread_wrap","2"
"building__A__52","building","A","item","core:meadow_buckle","3"
"building__A__52","building","A","item","core:muster_roll","3"
"building__A__52","building","A","item","core:return_path_knot","1"
"building__A__52","building","A","item","core:root_binding_cord","1"
"building__A__52","building","A","item","core:ruin_keystone","1"
"building__A__52","building","A","item","core:scaffold_step","2"
"building__A__52","building","A","item","core:seed_pouch_lining","1"
"building__A__52","building","A","item","core:shock_absorber_pad","3"
"building__A__52","building","A","evolution","core:sheltered_sowing","1"
"building__A__52","building","A","evolution","core:sowing_sworddance","1"
"building__A__53","building","A","equipment","core:ember_wand","1"
"building__A__53","building","A","equipment","core:harvest_scythe","1"
"building__A__53","building","A","equipment","core:iron_blade","1"
"building__A__53","building","A","equipment","core:ward_orbit","1"
"building__A__53","building","A","equipment","core:carpenter_hammer","1"
"building__A__53","building","A","equipment","core:hedge_drum","1"
"building__A__53","building","A","equipment","core:muster_horn","1"
"building__A__53","building","A","equipment","core:seed_bag","1"
"building__A__53","building","A","charter","core:guarded_harvest","12"
"building__A__53","building","A","charter","core:meal_oath","4"
"building__A__53","building","A","charter","core:rally_boundary","9"
"building__A__53","building","A","charter","core:repair_tithe","13"
"building__A__53","building","A","item","core:joiner_square","3"
"building__A__53","building","A","item","core:levy_bread_wrap","1"
"building__A__53","building","A","item","core:meadow_buckle","3"
"building__A__53","building","A","item","core:muster_roll","2"
"building__A__53","building","A","item","core:return_path_knot","2"
"building__A__53","building","A","item","core:ruin_keystone","4"
"building__A__53","building","A","item","core:scaffold_step","1"
"building__A__53","building","A","item","core:seed_pouch_lining","4"
"building__A__53","building","A","item","core:shock_absorber_pad","1"
"building__A__53","building","A","item","core:wind_seed_flag","3"
"building__A__53","building","A","evolution","core:sheltered_sowing","1"
"building__A__53","building","A","evolution","core:sowing_sworddance","1"
"building__A__54","building","A","equipment","core:ember_wand","1"
"building__A__54","building","A","equipment","core:harvest_scythe","1"
"building__A__54","building","A","equipment","core:iron_blade","1"
"building__A__54","building","A","equipment","core:ward_orbit","1"
"building__A__54","building","A","equipment","core:carpenter_hammer","1"
"building__A__54","building","A","equipment","core:hedge_drum","1"
"building__A__54","building","A","equipment","core:muster_horn","1"
"building__A__54","building","A","equipment","core:seed_bag","1"
"building__A__54","building","A","charter","core:guarded_harvest","13"
"building__A__54","building","A","charter","core:meal_oath","9"
"building__A__54","building","A","charter","core:rally_boundary","1"
"building__A__54","building","A","charter","core:repair_tithe","5"
"building__A__54","building","A","item","core:boundary_hinge","3"
"building__A__54","building","A","item","core:joiner_square","2"
"building__A__54","building","A","item","core:levy_bread_wrap","2"
"building__A__54","building","A","item","core:meadow_buckle","3"
"building__A__54","building","A","item","core:return_path_knot","4"
"building__A__54","building","A","item","core:root_binding_cord","2"
"building__A__54","building","A","item","core:ruin_keystone","4"
"building__A__54","building","A","item","core:seed_pouch_lining","2"
"building__A__54","building","A","item","core:shock_absorber_pad","1"
"building__A__54","building","A","item","core:wind_seed_flag","1"
"building__A__54","building","A","evolution","core:sheltered_sowing","1"
"building__A__54","building","A","evolution","core:sowing_sworddance","1"
"building__A__55","building","A","equipment","core:ember_wand","1"
"building__A__55","building","A","equipment","core:harvest_scythe","1"
"building__A__55","building","A","equipment","core:iron_blade","1"
"building__A__55","building","A","equipment","core:ward_orbit","1"
"building__A__55","building","A","equipment","core:carpenter_hammer","1"
"building__A__55","building","A","equipment","core:hedge_drum","1"
"building__A__55","building","A","equipment","core:muster_horn","1"
"building__A__55","building","A","equipment","core:seed_bag","1"
"building__A__55","building","A","charter","core:guarded_harvest","6"
"building__A__55","building","A","charter","core:meal_oath","4"
"building__A__55","building","A","charter","core:rally_boundary","7"
"building__A__55","building","A","charter","core:repair_tithe","9"
"building__A__55","building","A","item","core:boundary_hinge","3"
"building__A__55","building","A","item","core:joiner_square","4"
"building__A__55","building","A","item","core:levy_bread_wrap","2"
"building__A__55","building","A","item","core:meadow_buckle","1"
"building__A__55","building","A","item","core:muster_roll","2"
"building__A__55","building","A","item","core:return_path_knot","2"
"building__A__55","building","A","item","core:ruin_keystone","2"
"building__A__55","building","A","item","core:seed_pouch_lining","3"
"building__A__55","building","A","item","core:shock_absorber_pad","1"
"building__A__55","building","A","item","core:wind_seed_flag","4"
"building__A__55","building","A","evolution","core:sheltered_sowing","1"
"building__A__55","building","A","evolution","core:sowing_sworddance","1"
"building__A__56","building","A","equipment","core:ember_wand","1"
"building__A__56","building","A","equipment","core:harvest_scythe","1"
"building__A__56","building","A","equipment","core:iron_blade","1"
"building__A__56","building","A","equipment","core:ward_orbit","1"
"building__A__56","building","A","equipment","core:carpenter_hammer","1"
"building__A__56","building","A","equipment","core:hedge_drum","1"
"building__A__56","building","A","equipment","core:muster_horn","1"
"building__A__56","building","A","equipment","core:seed_bag","1"
"building__A__56","building","A","charter","core:guarded_harvest","11"
"building__A__56","building","A","charter","core:meal_oath","11"
"building__A__56","building","A","charter","core:rally_boundary","8"
"building__A__56","building","A","charter","core:repair_tithe","4"
"building__A__56","building","A","item","core:boundary_hinge","2"
"building__A__56","building","A","item","core:joiner_square","3"
"building__A__56","building","A","item","core:levy_bread_wrap","3"
"building__A__56","building","A","item","core:muster_roll","3"
"building__A__56","building","A","item","core:return_path_knot","3"
"building__A__56","building","A","item","core:root_binding_cord","3"
"building__A__56","building","A","item","core:scaffold_step","2"
"building__A__56","building","A","item","core:seed_pouch_lining","1"
"building__A__56","building","A","item","core:shock_absorber_pad","1"
"building__A__56","building","A","item","core:wind_seed_flag","3"
"building__A__56","building","A","evolution","core:sheltered_sowing","1"
"building__A__56","building","A","evolution","core:sowing_sworddance","1"
"building__A__57","building","A","equipment","core:ember_wand","1"
"building__A__57","building","A","equipment","core:harvest_scythe","1"
"building__A__57","building","A","equipment","core:iron_blade","1"
"building__A__57","building","A","equipment","core:ward_orbit","1"
"building__A__57","building","A","equipment","core:carpenter_hammer","1"
"building__A__57","building","A","equipment","core:hedge_drum","1"
"building__A__57","building","A","equipment","core:muster_horn","1"
"building__A__57","building","A","equipment","core:seed_bag","1"
"building__A__57","building","A","charter","core:guarded_harvest","8"
"building__A__57","building","A","charter","core:meal_oath","1"
"building__A__57","building","A","charter","core:rally_boundary","4"
"building__A__57","building","A","charter","core:repair_tithe","14"
"building__A__57","building","A","item","core:boundary_hinge","3"
"building__A__57","building","A","item","core:joiner_square","2"
"building__A__57","building","A","item","core:levy_bread_wrap","1"
"building__A__57","building","A","item","core:meadow_buckle","3"
"building__A__57","building","A","item","core:muster_roll","2"
"building__A__57","building","A","item","core:return_path_knot","2"
"building__A__57","building","A","item","core:root_binding_cord","1"
"building__A__57","building","A","item","core:ruin_keystone","1"
"building__A__57","building","A","item","core:scaffold_step","2"
"building__A__57","building","A","item","core:seed_pouch_lining","2"
"building__A__57","building","A","item","core:shock_absorber_pad","1"
"building__A__57","building","A","item","core:wind_seed_flag","4"
"building__A__57","building","A","evolution","core:sheltered_sowing","1"
"building__A__57","building","A","evolution","core:sowing_sworddance","1"
"building__A__58","building","A","equipment","core:ember_wand","1"
"building__A__58","building","A","equipment","core:harvest_scythe","1"
"building__A__58","building","A","equipment","core:iron_blade","1"
"building__A__58","building","A","equipment","core:ward_orbit","1"
"building__A__58","building","A","equipment","core:muster_horn","1"
"building__A__58","building","A","equipment","core:seed_bag","1"
"building__A__58","building","A","charter","core:guarded_harvest","14"
"building__A__58","building","A","charter","core:meal_oath","10"
"building__A__58","building","A","charter","core:rally_boundary","8"
"building__A__58","building","A","item","core:levy_bread_wrap","3"
"building__A__58","building","A","item","core:meadow_buckle","3"
"building__A__58","building","A","item","core:muster_roll","3"
"building__A__58","building","A","item","core:return_path_knot","4"
"building__A__58","building","A","item","core:root_binding_cord","1"
"building__A__58","building","A","item","core:seed_pouch_lining","6"
"building__A__58","building","A","item","core:wind_seed_flag","4"
"building__A__58","building","A","evolution","core:sowing_sworddance","1"
"building__A__59","building","A","equipment","core:ember_wand","1"
"building__A__59","building","A","equipment","core:harvest_scythe","1"
"building__A__59","building","A","equipment","core:iron_blade","1"
"building__A__59","building","A","equipment","core:ward_orbit","1"
"building__A__59","building","A","equipment","core:carpenter_hammer","1"
"building__A__59","building","A","equipment","core:hedge_drum","1"
"building__A__59","building","A","equipment","core:muster_horn","1"
"building__A__59","building","A","equipment","core:seed_bag","1"
"building__A__59","building","A","charter","core:guarded_harvest","6"
"building__A__59","building","A","charter","core:meal_oath","6"
"building__A__59","building","A","charter","core:rally_boundary","6"
"building__A__59","building","A","charter","core:repair_tithe","14"
"building__A__59","building","A","item","core:boundary_hinge","1"
"building__A__59","building","A","item","core:joiner_square","2"
"building__A__59","building","A","item","core:levy_bread_wrap","1"
"building__A__59","building","A","item","core:meadow_buckle","3"
"building__A__59","building","A","item","core:root_binding_cord","5"
"building__A__59","building","A","item","core:ruin_keystone","3"
"building__A__59","building","A","item","core:scaffold_step","5"
"building__A__59","building","A","item","core:shock_absorber_pad","2"
"building__A__59","building","A","item","core:wind_seed_flag","2"
"building__A__59","building","A","evolution","core:sheltered_sowing","1"
"building__A__59","building","A","evolution","core:sowing_sworddance","1"
"building__A__60","building","A","equipment","core:ember_wand","1"
"building__A__60","building","A","equipment","core:harvest_scythe","1"
"building__A__60","building","A","equipment","core:iron_blade","1"
"building__A__60","building","A","equipment","core:ward_orbit","1"
"building__A__60","building","A","equipment","core:carpenter_hammer","1"
"building__A__60","building","A","equipment","core:hedge_drum","1"
"building__A__60","building","A","equipment","core:muster_horn","1"
"building__A__60","building","A","equipment","core:seed_bag","1"
"building__A__60","building","A","charter","core:guarded_harvest","2"
"building__A__60","building","A","charter","core:meal_oath","6"
"building__A__60","building","A","charter","core:rally_boundary","1"
"building__A__60","building","A","charter","core:repair_tithe","12"
"building__A__60","building","A","item","core:boundary_hinge","2"
"building__A__60","building","A","item","core:levy_bread_wrap","3"
"building__A__60","building","A","item","core:meadow_buckle","2"
"building__A__60","building","A","item","core:muster_roll","1"
"building__A__60","building","A","item","core:return_path_knot","1"
"building__A__60","building","A","item","core:root_binding_cord","5"
"building__A__60","building","A","item","core:ruin_keystone","4"
"building__A__60","building","A","item","core:seed_pouch_lining","2"
"building__A__60","building","A","item","core:shock_absorber_pad","2"
"building__A__60","building","A","item","core:wind_seed_flag","2"
"building__A__60","building","A","evolution","core:sheltered_sowing","1"
"building__A__60","building","A","evolution","core:sowing_sworddance","1"
"building__A__61","building","A","equipment","core:ember_wand","1"
"building__A__61","building","A","equipment","core:harvest_scythe","1"
"building__A__61","building","A","equipment","core:iron_blade","1"
"building__A__61","building","A","equipment","core:ward_orbit","1"
"building__A__61","building","A","equipment","core:carpenter_hammer","1"
"building__A__61","building","A","equipment","core:hedge_drum","1"
"building__A__61","building","A","equipment","core:muster_horn","1"
"building__A__61","building","A","equipment","core:seed_bag","1"
"building__A__61","building","A","charter","core:guarded_harvest","8"
"building__A__61","building","A","charter","core:meal_oath","1"
"building__A__61","building","A","charter","core:rally_boundary","4"
"building__A__61","building","A","charter","core:repair_tithe","9"
"building__A__61","building","A","item","core:boundary_hinge","2"
"building__A__61","building","A","item","core:levy_bread_wrap","2"
"building__A__61","building","A","item","core:meadow_buckle","3"
"building__A__61","building","A","item","core:muster_roll","3"
"building__A__61","building","A","item","core:return_path_knot","4"
"building__A__61","building","A","item","core:root_binding_cord","3"
"building__A__61","building","A","item","core:scaffold_step","3"
"building__A__61","building","A","item","core:seed_pouch_lining","2"
"building__A__61","building","A","item","core:wind_seed_flag","2"
"building__A__61","building","A","evolution","core:sheltered_sowing","1"
"building__A__61","building","A","evolution","core:sowing_sworddance","1"
"building__A__62","building","A","equipment","core:ember_wand","1"
"building__A__62","building","A","equipment","core:harvest_scythe","1"
"building__A__62","building","A","equipment","core:iron_blade","1"
"building__A__62","building","A","equipment","core:ward_orbit","1"
"building__A__62","building","A","equipment","core:carpenter_hammer","1"
"building__A__62","building","A","equipment","core:hedge_drum","1"
"building__A__62","building","A","equipment","core:muster_horn","1"
"building__A__62","building","A","equipment","core:seed_bag","1"
"building__A__62","building","A","charter","core:guarded_harvest","5"
"building__A__62","building","A","charter","core:meal_oath","4"
"building__A__62","building","A","charter","core:rally_boundary","4"
"building__A__62","building","A","charter","core:repair_tithe","9"
"building__A__62","building","A","item","core:boundary_hinge","3"
"building__A__62","building","A","item","core:joiner_square","4"
"building__A__62","building","A","item","core:levy_bread_wrap","2"
"building__A__62","building","A","item","core:meadow_buckle","2"
"building__A__62","building","A","item","core:muster_roll","1"
"building__A__62","building","A","item","core:return_path_knot","1"
"building__A__62","building","A","item","core:scaffold_step","2"
"building__A__62","building","A","item","core:seed_pouch_lining","4"
"building__A__62","building","A","item","core:shock_absorber_pad","4"
"building__A__62","building","A","item","core:wind_seed_flag","1"
"building__A__62","building","A","evolution","core:sheltered_sowing","1"
"building__A__62","building","A","evolution","core:sowing_sworddance","1"
"building__A__63","building","A","equipment","core:ember_wand","1"
"building__A__63","building","A","equipment","core:harvest_scythe","1"
"building__A__63","building","A","equipment","core:iron_blade","1"
"building__A__63","building","A","equipment","core:ward_orbit","1"
"building__A__63","building","A","equipment","core:carpenter_hammer","1"
"building__A__63","building","A","equipment","core:hedge_drum","1"
"building__A__63","building","A","equipment","core:seed_bag","1"
"building__A__63","building","A","charter","core:guarded_harvest","6"
"building__A__63","building","A","charter","core:meal_oath","7"
"building__A__63","building","A","charter","core:rally_boundary","2"
"building__A__63","building","A","charter","core:repair_tithe","17"
"building__A__63","building","A","item","core:boundary_hinge","1"
"building__A__63","building","A","item","core:joiner_square","1"
"building__A__63","building","A","item","core:meadow_buckle","2"
"building__A__63","building","A","item","core:muster_roll","3"
"building__A__63","building","A","item","core:return_path_knot","2"
"building__A__63","building","A","item","core:root_binding_cord","2"
"building__A__63","building","A","item","core:ruin_keystone","2"
"building__A__63","building","A","item","core:scaffold_step","2"
"building__A__63","building","A","item","core:seed_pouch_lining","4"
"building__A__63","building","A","item","core:shock_absorber_pad","1"
"building__A__63","building","A","item","core:wind_seed_flag","3"
"building__A__63","building","A","evolution","core:sheltered_sowing","1"
"building__A__63","building","A","evolution","core:sowing_sworddance","1"
"building__A__64","building","A","equipment","core:ember_wand","1"
"building__A__64","building","A","equipment","core:harvest_scythe","1"
"building__A__64","building","A","equipment","core:iron_blade","1"
"building__A__64","building","A","equipment","core:ward_orbit","1"
"building__A__64","building","A","equipment","core:carpenter_hammer","1"
"building__A__64","building","A","equipment","core:hedge_drum","1"
"building__A__64","building","A","equipment","core:muster_horn","1"
"building__A__64","building","A","equipment","core:seed_bag","1"
"building__A__64","building","A","charter","core:guarded_harvest","15"
"building__A__64","building","A","charter","core:meal_oath","2"
"building__A__64","building","A","charter","core:rally_boundary","7"
"building__A__64","building","A","charter","core:repair_tithe","7"
"building__A__64","building","A","item","core:joiner_square","1"
"building__A__64","building","A","item","core:levy_bread_wrap","3"
"building__A__64","building","A","item","core:meadow_buckle","1"
"building__A__64","building","A","item","core:muster_roll","4"
"building__A__64","building","A","item","core:return_path_knot","1"
"building__A__64","building","A","item","core:root_binding_cord","1"
"building__A__64","building","A","item","core:ruin_keystone","2"
"building__A__64","building","A","item","core:scaffold_step","1"
"building__A__64","building","A","item","core:seed_pouch_lining","2"
"building__A__64","building","A","item","core:shock_absorber_pad","3"
"building__A__64","building","A","item","core:wind_seed_flag","3"
"building__A__64","building","A","evolution","core:sheltered_sowing","1"
"building__A__64","building","A","evolution","core:sowing_sworddance","1"
"building__A__65","building","A","equipment","core:ember_wand","1"
"building__A__65","building","A","equipment","core:harvest_scythe","1"
"building__A__65","building","A","equipment","core:iron_blade","1"
"building__A__65","building","A","equipment","core:ward_orbit","1"
"building__A__65","building","A","equipment","core:carpenter_hammer","1"
"building__A__65","building","A","equipment","core:hedge_drum","1"
"building__A__65","building","A","equipment","core:muster_horn","1"
"building__A__65","building","A","equipment","core:seed_bag","1"
"building__A__65","building","A","charter","core:guarded_harvest","7"
"building__A__65","building","A","charter","core:meal_oath","7"
"building__A__65","building","A","charter","core:rally_boundary","4"
"building__A__65","building","A","charter","core:repair_tithe","4"
"building__A__65","building","A","item","core:boundary_hinge","3"
"building__A__65","building","A","item","core:joiner_square","2"
"building__A__65","building","A","item","core:levy_bread_wrap","1"
"building__A__65","building","A","item","core:meadow_buckle","2"
"building__A__65","building","A","item","core:muster_roll","2"
"building__A__65","building","A","item","core:return_path_knot","2"
"building__A__65","building","A","item","core:root_binding_cord","1"
"building__A__65","building","A","item","core:ruin_keystone","1"
"building__A__65","building","A","item","core:scaffold_step","2"
"building__A__65","building","A","item","core:seed_pouch_lining","3"
"building__A__65","building","A","item","core:shock_absorber_pad","2"
"building__A__65","building","A","item","core:wind_seed_flag","3"
"building__A__65","building","A","evolution","core:sheltered_sowing","1"
"building__A__65","building","A","evolution","core:sowing_sworddance","1"
"building__A__66","building","A","equipment","core:ember_wand","1"
"building__A__66","building","A","equipment","core:harvest_scythe","1"
"building__A__66","building","A","equipment","core:iron_blade","1"
"building__A__66","building","A","equipment","core:ward_orbit","1"
"building__A__66","building","A","equipment","core:carpenter_hammer","1"
"building__A__66","building","A","equipment","core:hedge_drum","1"
"building__A__66","building","A","equipment","core:muster_horn","1"
"building__A__66","building","A","equipment","core:seed_bag","1"
"building__A__66","building","A","charter","core:guarded_harvest","2"
"building__A__66","building","A","charter","core:meal_oath","6"
"building__A__66","building","A","charter","core:rally_boundary","5"
"building__A__66","building","A","charter","core:repair_tithe","16"
"building__A__66","building","A","item","core:joiner_square","3"
"building__A__66","building","A","item","core:levy_bread_wrap","3"
"building__A__66","building","A","item","core:muster_roll","2"
"building__A__66","building","A","item","core:root_binding_cord","1"
"building__A__66","building","A","item","core:ruin_keystone","2"
"building__A__66","building","A","item","core:scaffold_step","4"
"building__A__66","building","A","item","core:seed_pouch_lining","2"
"building__A__66","building","A","item","core:shock_absorber_pad","2"
"building__A__66","building","A","item","core:wind_seed_flag","5"
"building__A__66","building","A","evolution","core:sheltered_sowing","1"
"building__A__66","building","A","evolution","core:sowing_sworddance","1"
"building__A__67","building","A","equipment","core:ember_wand","1"
"building__A__67","building","A","equipment","core:harvest_scythe","1"
"building__A__67","building","A","equipment","core:iron_blade","1"
"building__A__67","building","A","equipment","core:ward_orbit","1"
"building__A__67","building","A","equipment","core:carpenter_hammer","1"
"building__A__67","building","A","equipment","core:hedge_drum","1"
"building__A__67","building","A","equipment","core:muster_horn","1"
"building__A__67","building","A","equipment","core:seed_bag","1"
"building__A__67","building","A","charter","core:guarded_harvest","9"
"building__A__67","building","A","charter","core:meal_oath","3"
"building__A__67","building","A","charter","core:rally_boundary","2"
"building__A__67","building","A","charter","core:repair_tithe","14"
"building__A__67","building","A","item","core:boundary_hinge","2"
"building__A__67","building","A","item","core:joiner_square","1"
"building__A__67","building","A","item","core:levy_bread_wrap","1"
"building__A__67","building","A","item","core:meadow_buckle","2"
"building__A__67","building","A","item","core:muster_roll","5"
"building__A__67","building","A","item","core:return_path_knot","1"
"building__A__67","building","A","item","core:root_binding_cord","2"
"building__A__67","building","A","item","core:scaffold_step","4"
"building__A__67","building","A","item","core:seed_pouch_lining","1"
"building__A__67","building","A","item","core:shock_absorber_pad","2"
"building__A__67","building","A","item","core:wind_seed_flag","3"
"building__A__67","building","A","evolution","core:sheltered_sowing","1"
"building__A__67","building","A","evolution","core:sowing_sworddance","1"
"building__A__68","building","A","equipment","core:ember_wand","1"
"building__A__68","building","A","equipment","core:harvest_scythe","1"
"building__A__68","building","A","equipment","core:iron_blade","1"
"building__A__68","building","A","equipment","core:ward_orbit","1"
"building__A__68","building","A","equipment","core:carpenter_hammer","1"
"building__A__68","building","A","equipment","core:hedge_drum","1"
"building__A__68","building","A","equipment","core:muster_horn","1"
"building__A__68","building","A","equipment","core:seed_bag","1"
"building__A__68","building","A","charter","core:guarded_harvest","2"
"building__A__68","building","A","charter","core:meal_oath","2"
"building__A__68","building","A","charter","core:rally_boundary","2"
"building__A__68","building","A","charter","core:repair_tithe","14"
"building__A__68","building","A","item","core:boundary_hinge","1"
"building__A__68","building","A","item","core:joiner_square","2"
"building__A__68","building","A","item","core:levy_bread_wrap","2"
"building__A__68","building","A","item","core:meadow_buckle","5"
"building__A__68","building","A","item","core:muster_roll","2"
"building__A__68","building","A","item","core:return_path_knot","3"
"building__A__68","building","A","item","core:root_binding_cord","2"
"building__A__68","building","A","item","core:ruin_keystone","1"
"building__A__68","building","A","item","core:scaffold_step","1"
"building__A__68","building","A","item","core:seed_pouch_lining","1"
"building__A__68","building","A","item","core:shock_absorber_pad","2"
"building__A__68","building","A","item","core:wind_seed_flag","1"
"building__A__68","building","A","evolution","core:sheltered_sowing","1"
"building__A__68","building","A","evolution","core:sowing_sworddance","1"
"building__A__69","building","A","equipment","core:ember_wand","1"
"building__A__69","building","A","equipment","core:harvest_scythe","1"
"building__A__69","building","A","equipment","core:iron_blade","1"
"building__A__69","building","A","equipment","core:ward_orbit","1"
"building__A__69","building","A","equipment","core:muster_horn","1"
"building__A__69","building","A","equipment","core:seed_bag","1"
"building__A__69","building","A","charter","core:guarded_harvest","10"
"building__A__69","building","A","charter","core:meal_oath","8"
"building__A__69","building","A","charter","core:rally_boundary","1"
"building__A__69","building","A","item","core:levy_bread_wrap","1"
"building__A__69","building","A","item","core:meadow_buckle","4"
"building__A__69","building","A","item","core:muster_roll","5"
"building__A__69","building","A","item","core:return_path_knot","1"
"building__A__69","building","A","item","core:root_binding_cord","5"
"building__A__69","building","A","item","core:seed_pouch_lining","5"
"building__A__69","building","A","item","core:wind_seed_flag","3"
"building__A__69","building","A","evolution","core:sowing_sworddance","1"
"building__A__70","building","A","equipment","core:ember_wand","1"
"building__A__70","building","A","equipment","core:harvest_scythe","1"
"building__A__70","building","A","equipment","core:iron_blade","1"
"building__A__70","building","A","equipment","core:ward_orbit","1"
"building__A__70","building","A","equipment","core:carpenter_hammer","1"
"building__A__70","building","A","equipment","core:hedge_drum","1"
"building__A__70","building","A","equipment","core:muster_horn","1"
"building__A__70","building","A","equipment","core:seed_bag","1"
"building__A__70","building","A","charter","core:guarded_harvest","8"
"building__A__70","building","A","charter","core:meal_oath","7"
"building__A__70","building","A","charter","core:rally_boundary","7"
"building__A__70","building","A","charter","core:repair_tithe","3"
"building__A__70","building","A","item","core:boundary_hinge","1"
"building__A__70","building","A","item","core:joiner_square","1"
"building__A__70","building","A","item","core:levy_bread_wrap","3"
"building__A__70","building","A","item","core:meadow_buckle","3"
"building__A__70","building","A","item","core:muster_roll","1"
"building__A__70","building","A","item","core:return_path_knot","4"
"building__A__70","building","A","item","core:root_binding_cord","3"
"building__A__70","building","A","item","core:ruin_keystone","1"
"building__A__70","building","A","item","core:scaffold_step","3"
"building__A__70","building","A","item","core:shock_absorber_pad","3"
"building__A__70","building","A","item","core:wind_seed_flag","1"
"building__A__70","building","A","evolution","core:sheltered_sowing","1"
"building__A__70","building","A","evolution","core:sowing_sworddance","1"
"building__A__71","building","A","equipment","core:ember_wand","1"
"building__A__71","building","A","equipment","core:harvest_scythe","1"
"building__A__71","building","A","equipment","core:iron_blade","1"
"building__A__71","building","A","equipment","core:ward_orbit","1"
"building__A__71","building","A","equipment","core:carpenter_hammer","1"
"building__A__71","building","A","equipment","core:hedge_drum","1"
"building__A__71","building","A","equipment","core:muster_horn","1"
"building__A__71","building","A","equipment","core:seed_bag","1"
"building__A__71","building","A","charter","core:guarded_harvest","11"
"building__A__71","building","A","charter","core:meal_oath","2"
"building__A__71","building","A","charter","core:rally_boundary","3"
"building__A__71","building","A","charter","core:repair_tithe","13"
"building__A__71","building","A","item","core:boundary_hinge","1"
"building__A__71","building","A","item","core:joiner_square","1"
"building__A__71","building","A","item","core:levy_bread_wrap","3"
"building__A__71","building","A","item","core:meadow_buckle","2"
"building__A__71","building","A","item","core:muster_roll","3"
"building__A__71","building","A","item","core:root_binding_cord","1"
"building__A__71","building","A","item","core:ruin_keystone","3"
"building__A__71","building","A","item","core:scaffold_step","3"
"building__A__71","building","A","item","core:seed_pouch_lining","3"
"building__A__71","building","A","item","core:shock_absorber_pad","2"
"building__A__71","building","A","item","core:wind_seed_flag","2"
"building__A__71","building","A","evolution","core:sheltered_sowing","1"
"building__A__71","building","A","evolution","core:sowing_sworddance","1"
"building__A__72","building","A","equipment","core:ember_wand","1"
"building__A__72","building","A","equipment","core:harvest_scythe","1"
"building__A__72","building","A","equipment","core:iron_blade","1"
"building__A__72","building","A","equipment","core:ward_orbit","1"
"building__A__72","building","A","equipment","core:carpenter_hammer","1"
"building__A__72","building","A","equipment","core:hedge_drum","1"
"building__A__72","building","A","equipment","core:muster_horn","1"
"building__A__72","building","A","equipment","core:seed_bag","1"
"building__A__72","building","A","charter","core:guarded_harvest","8"
"building__A__72","building","A","charter","core:meal_oath","12"
"building__A__72","building","A","charter","core:rally_boundary","1"
"building__A__72","building","A","charter","core:repair_tithe","8"
"building__A__72","building","A","item","core:joiner_square","5"
"building__A__72","building","A","item","core:levy_bread_wrap","5"
"building__A__72","building","A","item","core:meadow_buckle","2"
"building__A__72","building","A","item","core:return_path_knot","2"
"building__A__72","building","A","item","core:root_binding_cord","1"
"building__A__72","building","A","item","core:ruin_keystone","2"
"building__A__72","building","A","item","core:scaffold_step","1"
"building__A__72","building","A","item","core:seed_pouch_lining","2"
"building__A__72","building","A","item","core:shock_absorber_pad","1"
"building__A__72","building","A","item","core:wind_seed_flag","3"
"building__A__72","building","A","evolution","core:sheltered_sowing","1"
"building__A__72","building","A","evolution","core:sowing_sworddance","1"
"building__A__73","building","A","equipment","core:ember_wand","1"
"building__A__73","building","A","equipment","core:harvest_scythe","1"
"building__A__73","building","A","equipment","core:iron_blade","1"
"building__A__73","building","A","equipment","core:ward_orbit","1"
"building__A__73","building","A","equipment","core:carpenter_hammer","1"
"building__A__73","building","A","equipment","core:hedge_drum","1"
"building__A__73","building","A","equipment","core:muster_horn","1"
"building__A__73","building","A","equipment","core:seed_bag","1"
"building__A__73","building","A","charter","core:guarded_harvest","6"
"building__A__73","building","A","charter","core:meal_oath","7"
"building__A__73","building","A","charter","core:rally_boundary","2"
"building__A__73","building","A","charter","core:repair_tithe","8"
"building__A__73","building","A","item","core:boundary_hinge","3"
"building__A__73","building","A","item","core:joiner_square","2"
"building__A__73","building","A","item","core:levy_bread_wrap","2"
"building__A__73","building","A","item","core:meadow_buckle","3"
"building__A__73","building","A","item","core:muster_roll","3"
"building__A__73","building","A","item","core:return_path_knot","1"
"building__A__73","building","A","item","core:root_binding_cord","1"
"building__A__73","building","A","item","core:ruin_keystone","1"
"building__A__73","building","A","item","core:scaffold_step","3"
"building__A__73","building","A","item","core:shock_absorber_pad","1"
"building__A__73","building","A","item","core:wind_seed_flag","4"
"building__A__73","building","A","evolution","core:sheltered_sowing","1"
"building__A__73","building","A","evolution","core:sowing_sworddance","1"
"building__B__42","building","B","equipment","core:ember_wand","1"
"building__B__42","building","B","equipment","core:harvest_scythe","1"
"building__B__42","building","B","equipment","core:iron_blade","1"
"building__B__42","building","B","equipment","core:ward_orbit","1"
"building__B__42","building","B","equipment","core:carpenter_hammer","1"
"building__B__42","building","B","equipment","core:muster_horn","1"
"building__B__42","building","B","equipment","core:seed_bag","1"
"building__B__42","building","B","charter","core:guarded_harvest","9"
"building__B__42","building","B","charter","core:meal_oath","8"
"building__B__42","building","B","charter","core:rally_boundary","8"
"building__B__42","building","B","charter","core:repair_tithe","3"
"building__B__42","building","B","item","core:levy_bread_wrap","2"
"building__B__42","building","B","item","core:meadow_buckle","1"
"building__B__42","building","B","item","core:muster_roll","3"
"building__B__42","building","B","item","core:return_path_knot","2"
"building__B__42","building","B","item","core:root_binding_cord","1"
"building__B__42","building","B","item","core:ruin_keystone","1"
"building__B__42","building","B","item","core:scaffold_step","1"
"building__B__42","building","B","item","core:seed_pouch_lining","4"
"building__B__42","building","B","item","core:shock_absorber_pad","1"
"building__B__42","building","B","item","core:wind_seed_flag","6"
"building__B__42","building","B","evolution","core:sheltered_sowing","1"
"building__B__42","building","B","evolution","core:sowing_sworddance","1"
"building__B__43","building","B","equipment","core:ember_wand","1"
"building__B__43","building","B","equipment","core:harvest_scythe","1"
"building__B__43","building","B","equipment","core:iron_blade","1"
"building__B__43","building","B","equipment","core:ward_orbit","1"
"building__B__43","building","B","equipment","core:muster_horn","1"
"building__B__43","building","B","equipment","core:seed_bag","1"
"building__B__43","building","B","charter","core:guarded_harvest","24"
"building__B__43","building","B","charter","core:meal_oath","4"
"building__B__43","building","B","charter","core:rally_boundary","8"
"building__B__43","building","B","charter","core:repair_tithe","2"
"building__B__43","building","B","item","core:levy_bread_wrap","1"
"building__B__43","building","B","item","core:meadow_buckle","1"
"building__B__43","building","B","item","core:muster_roll","3"
"building__B__43","building","B","item","core:root_binding_cord","5"
"building__B__43","building","B","item","core:seed_pouch_lining","4"
"building__B__43","building","B","item","core:wind_seed_flag","9"
"building__B__43","building","B","evolution","core:sowing_sworddance","1"
"building__B__44","building","B","equipment","core:ember_wand","1"
"building__B__44","building","B","equipment","core:harvest_scythe","1"
"building__B__44","building","B","equipment","core:iron_blade","1"
"building__B__44","building","B","equipment","core:ward_orbit","1"
"building__B__44","building","B","equipment","core:carpenter_hammer","1"
"building__B__44","building","B","equipment","core:hedge_drum","1"
"building__B__44","building","B","equipment","core:muster_horn","1"
"building__B__44","building","B","equipment","core:seed_bag","1"
"building__B__44","building","B","charter","core:guarded_harvest","8"
"building__B__44","building","B","charter","core:meal_oath","7"
"building__B__44","building","B","charter","core:rally_boundary","2"
"building__B__44","building","B","charter","core:repair_tithe","3"
"building__B__44","building","B","item","core:boundary_hinge","1"
"building__B__44","building","B","item","core:joiner_square","2"
"building__B__44","building","B","item","core:levy_bread_wrap","2"
"building__B__44","building","B","item","core:meadow_buckle","2"
"building__B__44","building","B","item","core:muster_roll","1"
"building__B__44","building","B","item","core:return_path_knot","1"
"building__B__44","building","B","item","core:root_binding_cord","5"
"building__B__44","building","B","item","core:scaffold_step","1"
"building__B__44","building","B","item","core:seed_pouch_lining","5"
"building__B__44","building","B","item","core:shock_absorber_pad","1"
"building__B__44","building","B","item","core:wind_seed_flag","3"
"building__B__44","building","B","evolution","core:sheltered_sowing","1"
"building__B__44","building","B","evolution","core:sowing_sworddance","1"
"building__B__45","building","B","equipment","core:ember_wand","1"
"building__B__45","building","B","equipment","core:harvest_scythe","1"
"building__B__45","building","B","equipment","core:iron_blade","1"
"building__B__45","building","B","equipment","core:ward_orbit","1"
"building__B__45","building","B","equipment","core:carpenter_hammer","1"
"building__B__45","building","B","equipment","core:hedge_drum","1"
"building__B__45","building","B","equipment","core:muster_horn","1"
"building__B__45","building","B","equipment","core:seed_bag","1"
"building__B__45","building","B","charter","core:guarded_harvest","9"
"building__B__45","building","B","charter","core:meal_oath","9"
"building__B__45","building","B","charter","core:rally_boundary","2"
"building__B__45","building","B","charter","core:repair_tithe","10"
"building__B__45","building","B","item","core:boundary_hinge","2"
"building__B__45","building","B","item","core:joiner_square","1"
"building__B__45","building","B","item","core:levy_bread_wrap","1"
"building__B__45","building","B","item","core:meadow_buckle","3"
"building__B__45","building","B","item","core:muster_roll","2"
"building__B__45","building","B","item","core:return_path_knot","4"
"building__B__45","building","B","item","core:ruin_keystone","3"
"building__B__45","building","B","item","core:wind_seed_flag","7"
"building__B__45","building","B","evolution","core:sheltered_sowing","1"
"building__B__45","building","B","evolution","core:sowing_sworddance","1"
"building__B__46","building","B","equipment","core:ember_wand","1"
"building__B__46","building","B","equipment","core:harvest_scythe","1"
"building__B__46","building","B","equipment","core:iron_blade","1"
"building__B__46","building","B","equipment","core:ward_orbit","1"
"building__B__46","building","B","equipment","core:muster_horn","1"
"building__B__46","building","B","equipment","core:seed_bag","1"
"building__B__46","building","B","charter","core:guarded_harvest","19"
"building__B__46","building","B","charter","core:meal_oath","5"
"building__B__46","building","B","charter","core:rally_boundary","3"
"building__B__46","building","B","charter","core:repair_tithe","4"
"building__B__46","building","B","item","core:levy_bread_wrap","3"
"building__B__46","building","B","item","core:meadow_buckle","6"
"building__B__46","building","B","item","core:muster_roll","3"
"building__B__46","building","B","item","core:return_path_knot","1"
"building__B__46","building","B","item","core:root_binding_cord","6"
"building__B__46","building","B","item","core:seed_pouch_lining","4"
"building__B__46","building","B","item","core:wind_seed_flag","1"
"building__B__46","building","B","evolution","core:sowing_sworddance","1"
"building__B__47","building","B","equipment","core:ember_wand","1"
"building__B__47","building","B","equipment","core:harvest_scythe","1"
"building__B__47","building","B","equipment","core:iron_blade","1"
"building__B__47","building","B","equipment","core:ward_orbit","1"
"building__B__47","building","B","equipment","core:carpenter_hammer","1"
"building__B__47","building","B","equipment","core:hedge_drum","1"
"building__B__47","building","B","equipment","core:muster_horn","1"
"building__B__47","building","B","equipment","core:seed_bag","1"
"building__B__47","building","B","charter","core:guarded_harvest","7"
"building__B__47","building","B","charter","core:meal_oath","7"
"building__B__47","building","B","charter","core:rally_boundary","2"
"building__B__47","building","B","charter","core:repair_tithe","7"
"building__B__47","building","B","item","core:boundary_hinge","1"
"building__B__47","building","B","item","core:joiner_square","2"
"building__B__47","building","B","item","core:levy_bread_wrap","2"
"building__B__47","building","B","item","core:meadow_buckle","5"
"building__B__47","building","B","item","core:return_path_knot","3"
"building__B__47","building","B","item","core:root_binding_cord","1"
"building__B__47","building","B","item","core:seed_pouch_lining","2"
"building__B__47","building","B","item","core:shock_absorber_pad","2"
"building__B__47","building","B","item","core:wind_seed_flag","4"
"building__B__47","building","B","evolution","core:sheltered_sowing","1"
"building__B__47","building","B","evolution","core:sowing_sworddance","1"
"building__B__48","building","B","equipment","core:ember_wand","1"
"building__B__48","building","B","equipment","core:harvest_scythe","1"
"building__B__48","building","B","equipment","core:iron_blade","1"
"building__B__48","building","B","equipment","core:ward_orbit","1"
"building__B__48","building","B","equipment","core:carpenter_hammer","1"
"building__B__48","building","B","equipment","core:hedge_drum","1"
"building__B__48","building","B","equipment","core:muster_horn","1"
"building__B__48","building","B","equipment","core:seed_bag","1"
"building__B__48","building","B","charter","core:guarded_harvest","10"
"building__B__48","building","B","charter","core:meal_oath","6"
"building__B__48","building","B","charter","core:rally_boundary","7"
"building__B__48","building","B","charter","core:repair_tithe","12"
"building__B__48","building","B","item","core:meadow_buckle","3"
"building__B__48","building","B","item","core:muster_roll","2"
"building__B__48","building","B","item","core:return_path_knot","1"
"building__B__48","building","B","item","core:root_binding_cord","2"
"building__B__48","building","B","item","core:ruin_keystone","2"
"building__B__48","building","B","item","core:scaffold_step","2"
"building__B__48","building","B","item","core:seed_pouch_lining","4"
"building__B__48","building","B","item","core:shock_absorber_pad","3"
"building__B__48","building","B","item","core:wind_seed_flag","4"
"building__B__48","building","B","evolution","core:sheltered_sowing","1"
"building__B__48","building","B","evolution","core:sowing_sworddance","1"
"building__B__49","building","B","equipment","core:ember_wand","1"
"building__B__49","building","B","equipment","core:harvest_scythe","1"
"building__B__49","building","B","equipment","core:iron_blade","1"
"building__B__49","building","B","equipment","core:ward_orbit","1"
"building__B__49","building","B","equipment","core:carpenter_hammer","1"
"building__B__49","building","B","equipment","core:hedge_drum","1"
"building__B__49","building","B","equipment","core:muster_horn","1"
"building__B__49","building","B","equipment","core:seed_bag","1"
"building__B__49","building","B","charter","core:guarded_harvest","12"
"building__B__49","building","B","charter","core:meal_oath","6"
"building__B__49","building","B","charter","core:rally_boundary","9"
"building__B__49","building","B","charter","core:repair_tithe","9"
"building__B__49","building","B","item","core:boundary_hinge","3"
"building__B__49","building","B","item","core:joiner_square","3"
"building__B__49","building","B","item","core:levy_bread_wrap","2"
"building__B__49","building","B","item","core:meadow_buckle","2"
"building__B__49","building","B","item","core:muster_roll","2"
"building__B__49","building","B","item","core:root_binding_cord","6"
"building__B__49","building","B","item","core:ruin_keystone","2"
"building__B__49","building","B","item","core:scaffold_step","2"
"building__B__49","building","B","item","core:wind_seed_flag","1"
"building__B__49","building","B","evolution","core:sheltered_sowing","1"
"building__B__49","building","B","evolution","core:sowing_sworddance","1"
"building__B__50","building","B","equipment","core:ember_wand","1"
"building__B__50","building","B","equipment","core:harvest_scythe","1"
"building__B__50","building","B","equipment","core:iron_blade","1"
"building__B__50","building","B","equipment","core:ward_orbit","1"
"building__B__50","building","B","equipment","core:muster_horn","1"
"building__B__50","building","B","equipment","core:seed_bag","1"
"building__B__50","building","B","charter","core:guarded_harvest","15"
"building__B__50","building","B","charter","core:meal_oath","7"
"building__B__50","building","B","charter","core:rally_boundary","4"
"building__B__50","building","B","charter","core:repair_tithe","2"
"building__B__50","building","B","item","core:levy_bread_wrap","2"
"building__B__50","building","B","item","core:meadow_buckle","2"
"building__B__50","building","B","item","core:muster_roll","3"
"building__B__50","building","B","item","core:return_path_knot","2"
"building__B__50","building","B","item","core:root_binding_cord","3"
"building__B__50","building","B","item","core:seed_pouch_lining","7"
"building__B__50","building","B","item","core:wind_seed_flag","4"
"building__B__50","building","B","evolution","core:sowing_sworddance","1"
"building__B__51","building","B","equipment","core:ember_wand","1"
"building__B__51","building","B","equipment","core:harvest_scythe","1"
"building__B__51","building","B","equipment","core:iron_blade","1"
"building__B__51","building","B","equipment","core:ward_orbit","1"
"building__B__51","building","B","equipment","core:carpenter_hammer","1"
"building__B__51","building","B","equipment","core:hedge_drum","1"
"building__B__51","building","B","equipment","core:muster_horn","1"
"building__B__51","building","B","equipment","core:seed_bag","1"
"building__B__51","building","B","charter","core:guarded_harvest","9"
"building__B__51","building","B","charter","core:meal_oath","9"
"building__B__51","building","B","charter","core:rally_boundary","6"
"building__B__51","building","B","charter","core:repair_tithe","14"
"building__B__51","building","B","item","core:joiner_square","3"
"building__B__51","building","B","item","core:levy_bread_wrap","1"
"building__B__51","building","B","item","core:meadow_buckle","3"
"building__B__51","building","B","item","core:muster_roll","2"
"building__B__51","building","B","item","core:return_path_knot","2"
"building__B__51","building","B","item","core:seed_pouch_lining","4"
"building__B__51","building","B","item","core:shock_absorber_pad","5"
"building__B__51","building","B","item","core:wind_seed_flag","1"
"building__B__51","building","B","evolution","core:sheltered_sowing","1"
"building__B__51","building","B","evolution","core:sowing_sworddance","1"
"building__B__52","building","B","equipment","core:ember_wand","1"
"building__B__52","building","B","equipment","core:harvest_scythe","1"
"building__B__52","building","B","equipment","core:iron_blade","1"
"building__B__52","building","B","equipment","core:ward_orbit","1"
"building__B__52","building","B","equipment","core:carpenter_hammer","1"
"building__B__52","building","B","equipment","core:hedge_drum","1"
"building__B__52","building","B","equipment","core:muster_horn","1"
"building__B__52","building","B","equipment","core:seed_bag","1"
"building__B__52","building","B","charter","core:guarded_harvest","16"
"building__B__52","building","B","charter","core:meal_oath","12"
"building__B__52","building","B","charter","core:rally_boundary","4"
"building__B__52","building","B","charter","core:repair_tithe","5"
"building__B__52","building","B","item","core:boundary_hinge","4"
"building__B__52","building","B","item","core:levy_bread_wrap","2"
"building__B__52","building","B","item","core:meadow_buckle","4"
"building__B__52","building","B","item","core:muster_roll","1"
"building__B__52","building","B","item","core:root_binding_cord","2"
"building__B__52","building","B","item","core:ruin_keystone","3"
"building__B__52","building","B","item","core:scaffold_step","3"
"building__B__52","building","B","item","core:seed_pouch_lining","1"
"building__B__52","building","B","item","core:wind_seed_flag","3"
"building__B__52","building","B","evolution","core:sheltered_sowing","1"
"building__B__52","building","B","evolution","core:sowing_sworddance","1"
"building__B__53","building","B","equipment","core:ember_wand","1"
"building__B__53","building","B","equipment","core:harvest_scythe","1"
"building__B__53","building","B","equipment","core:iron_blade","1"
"building__B__53","building","B","equipment","core:ward_orbit","1"
"building__B__53","building","B","equipment","core:carpenter_hammer","1"
"building__B__53","building","B","equipment","core:hedge_drum","1"
"building__B__53","building","B","equipment","core:muster_horn","1"
"building__B__53","building","B","equipment","core:seed_bag","1"
"building__B__53","building","B","charter","core:guarded_harvest","9"
"building__B__53","building","B","charter","core:meal_oath","5"
"building__B__53","building","B","charter","core:rally_boundary","8"
"building__B__53","building","B","charter","core:repair_tithe","16"
"building__B__53","building","B","item","core:boundary_hinge","1"
"building__B__53","building","B","item","core:joiner_square","1"
"building__B__53","building","B","item","core:levy_bread_wrap","1"
"building__B__53","building","B","item","core:meadow_buckle","3"
"building__B__53","building","B","item","core:muster_roll","1"
"building__B__53","building","B","item","core:return_path_knot","3"
"building__B__53","building","B","item","core:root_binding_cord","1"
"building__B__53","building","B","item","core:ruin_keystone","2"
"building__B__53","building","B","item","core:scaffold_step","4"
"building__B__53","building","B","item","core:seed_pouch_lining","4"
"building__B__53","building","B","item","core:wind_seed_flag","2"
"building__B__53","building","B","evolution","core:sheltered_sowing","1"
"building__B__53","building","B","evolution","core:sowing_sworddance","1"
"building__B__54","building","B","equipment","core:ember_wand","1"
"building__B__54","building","B","equipment","core:harvest_scythe","1"
"building__B__54","building","B","equipment","core:iron_blade","1"
"building__B__54","building","B","equipment","core:ward_orbit","1"
"building__B__54","building","B","equipment","core:carpenter_hammer","1"
"building__B__54","building","B","equipment","core:hedge_drum","1"
"building__B__54","building","B","equipment","core:muster_horn","1"
"building__B__54","building","B","equipment","core:seed_bag","1"
"building__B__54","building","B","charter","core:guarded_harvest","17"
"building__B__54","building","B","charter","core:meal_oath","14"
"building__B__54","building","B","charter","core:rally_boundary","7"
"building__B__54","building","B","charter","core:repair_tithe","3"
"building__B__54","building","B","item","core:boundary_hinge","2"
"building__B__54","building","B","item","core:joiner_square","1"
"building__B__54","building","B","item","core:levy_bread_wrap","1"
"building__B__54","building","B","item","core:meadow_buckle","1"
"building__B__54","building","B","item","core:muster_roll","1"
"building__B__54","building","B","item","core:return_path_knot","5"
"building__B__54","building","B","item","core:root_binding_cord","4"
"building__B__54","building","B","item","core:ruin_keystone","4"
"building__B__54","building","B","item","core:seed_pouch_lining","1"
"building__B__54","building","B","item","core:shock_absorber_pad","2"
"building__B__54","building","B","item","core:wind_seed_flag","2"
"building__B__54","building","B","evolution","core:sheltered_sowing","1"
"building__B__54","building","B","evolution","core:sowing_sworddance","1"
"building__B__55","building","B","equipment","core:ember_wand","1"
"building__B__55","building","B","equipment","core:harvest_scythe","1"
"building__B__55","building","B","equipment","core:iron_blade","1"
"building__B__55","building","B","equipment","core:ward_orbit","1"
"building__B__55","building","B","equipment","core:carpenter_hammer","1"
"building__B__55","building","B","equipment","core:hedge_drum","1"
"building__B__55","building","B","equipment","core:muster_horn","1"
"building__B__55","building","B","equipment","core:seed_bag","1"
"building__B__55","building","B","charter","core:guarded_harvest","6"
"building__B__55","building","B","charter","core:meal_oath","5"
"building__B__55","building","B","charter","core:rally_boundary","1"
"building__B__55","building","B","charter","core:repair_tithe","10"
"building__B__55","building","B","item","core:boundary_hinge","1"
"building__B__55","building","B","item","core:levy_bread_wrap","1"
"building__B__55","building","B","item","core:meadow_buckle","5"
"building__B__55","building","B","item","core:muster_roll","1"
"building__B__55","building","B","item","core:root_binding_cord","3"
"building__B__55","building","B","item","core:ruin_keystone","3"
"building__B__55","building","B","item","core:scaffold_step","1"
"building__B__55","building","B","item","core:seed_pouch_lining","2"
"building__B__55","building","B","item","core:shock_absorber_pad","2"
"building__B__55","building","B","item","core:wind_seed_flag","3"
"building__B__55","building","B","evolution","core:sheltered_sowing","1"
"building__B__55","building","B","evolution","core:sowing_sworddance","1"
"building__B__56","building","B","equipment","core:ember_wand","1"
"building__B__56","building","B","equipment","core:harvest_scythe","1"
"building__B__56","building","B","equipment","core:iron_blade","1"
"building__B__56","building","B","equipment","core:ward_orbit","1"
"building__B__56","building","B","equipment","core:carpenter_hammer","1"
"building__B__56","building","B","equipment","core:hedge_drum","1"
"building__B__56","building","B","equipment","core:muster_horn","1"
"building__B__56","building","B","equipment","core:seed_bag","1"
"building__B__56","building","B","charter","core:guarded_harvest","10"
"building__B__56","building","B","charter","core:meal_oath","7"
"building__B__56","building","B","charter","core:rally_boundary","6"
"building__B__56","building","B","charter","core:repair_tithe","7"
"building__B__56","building","B","item","core:boundary_hinge","2"
"building__B__56","building","B","item","core:joiner_square","5"
"building__B__56","building","B","item","core:levy_bread_wrap","2"
"building__B__56","building","B","item","core:meadow_buckle","3"
"building__B__56","building","B","item","core:return_path_knot","1"
"building__B__56","building","B","item","core:root_binding_cord","3"
"building__B__56","building","B","item","core:ruin_keystone","2"
"building__B__56","building","B","item","core:scaffold_step","1"
"building__B__56","building","B","item","core:seed_pouch_lining","2"
"building__B__56","building","B","item","core:shock_absorber_pad","1"
"building__B__56","building","B","item","core:wind_seed_flag","2"
"building__B__56","building","B","evolution","core:sheltered_sowing","1"
"building__B__56","building","B","evolution","core:sowing_sworddance","1"
"building__B__57","building","B","equipment","core:ember_wand","1"
"building__B__57","building","B","equipment","core:harvest_scythe","1"
"building__B__57","building","B","equipment","core:iron_blade","1"
"building__B__57","building","B","equipment","core:ward_orbit","1"
"building__B__57","building","B","equipment","core:carpenter_hammer","1"
"building__B__57","building","B","equipment","core:hedge_drum","1"
"building__B__57","building","B","equipment","core:muster_horn","1"
"building__B__57","building","B","equipment","core:seed_bag","1"
"building__B__57","building","B","charter","core:guarded_harvest","8"
"building__B__57","building","B","charter","core:rally_boundary","7"
"building__B__57","building","B","charter","core:repair_tithe","6"
"building__B__57","building","B","item","core:boundary_hinge","2"
"building__B__57","building","B","item","core:meadow_buckle","1"
"building__B__57","building","B","item","core:muster_roll","5"
"building__B__57","building","B","item","core:return_path_knot","2"
"building__B__57","building","B","item","core:root_binding_cord","1"
"building__B__57","building","B","item","core:ruin_keystone","1"
"building__B__57","building","B","item","core:scaffold_step","5"
"building__B__57","building","B","item","core:seed_pouch_lining","2"
"building__B__57","building","B","item","core:shock_absorber_pad","2"
"building__B__57","building","B","item","core:wind_seed_flag","3"
"building__B__57","building","B","evolution","core:sheltered_sowing","1"
"building__B__57","building","B","evolution","core:sowing_sworddance","1"
"building__B__58","building","B","equipment","core:ember_wand","1"
"building__B__58","building","B","equipment","core:harvest_scythe","1"
"building__B__58","building","B","equipment","core:iron_blade","1"
"building__B__58","building","B","equipment","core:ward_orbit","1"
"building__B__58","building","B","equipment","core:carpenter_hammer","1"
"building__B__58","building","B","equipment","core:hedge_drum","1"
"building__B__58","building","B","equipment","core:muster_horn","1"
"building__B__58","building","B","equipment","core:seed_bag","1"
"building__B__58","building","B","charter","core:guarded_harvest","12"
"building__B__58","building","B","charter","core:meal_oath","1"
"building__B__58","building","B","charter","core:rally_boundary","9"
"building__B__58","building","B","charter","core:repair_tithe","7"
"building__B__58","building","B","item","core:boundary_hinge","1"
"building__B__58","building","B","item","core:levy_bread_wrap","3"
"building__B__58","building","B","item","core:muster_roll","2"
"building__B__58","building","B","item","core:return_path_knot","2"
"building__B__58","building","B","item","core:root_binding_cord","1"
"building__B__58","building","B","item","core:ruin_keystone","2"
"building__B__58","building","B","item","core:scaffold_step","1"
"building__B__58","building","B","item","core:seed_pouch_lining","5"
"building__B__58","building","B","item","core:shock_absorber_pad","3"
"building__B__58","building","B","item","core:wind_seed_flag","4"
"building__B__58","building","B","evolution","core:sheltered_sowing","1"
"building__B__58","building","B","evolution","core:sowing_sworddance","1"
"building__B__59","building","B","equipment","core:ember_wand","1"
"building__B__59","building","B","equipment","core:harvest_scythe","1"
"building__B__59","building","B","equipment","core:iron_blade","1"
"building__B__59","building","B","equipment","core:ward_orbit","1"
"building__B__59","building","B","equipment","core:carpenter_hammer","1"
"building__B__59","building","B","equipment","core:hedge_drum","1"
"building__B__59","building","B","equipment","core:muster_horn","1"
"building__B__59","building","B","equipment","core:seed_bag","1"
"building__B__59","building","B","charter","core:guarded_harvest","11"
"building__B__59","building","B","charter","core:meal_oath","5"
"building__B__59","building","B","charter","core:rally_boundary","5"
"building__B__59","building","B","charter","core:repair_tithe","4"
"building__B__59","building","B","item","core:joiner_square","1"
"building__B__59","building","B","item","core:levy_bread_wrap","7"
"building__B__59","building","B","item","core:meadow_buckle","1"
"building__B__59","building","B","item","core:muster_roll","1"
"building__B__59","building","B","item","core:return_path_knot","3"
"building__B__59","building","B","item","core:root_binding_cord","5"
"building__B__59","building","B","item","core:ruin_keystone","2"
"building__B__59","building","B","item","core:seed_pouch_lining","3"
"building__B__59","building","B","item","core:wind_seed_flag","1"
"building__B__59","building","B","evolution","core:sheltered_sowing","1"
"building__B__59","building","B","evolution","core:sowing_sworddance","1"
"building__B__60","building","B","equipment","core:ember_wand","1"
"building__B__60","building","B","equipment","core:harvest_scythe","1"
"building__B__60","building","B","equipment","core:iron_blade","1"
"building__B__60","building","B","equipment","core:ward_orbit","1"
"building__B__60","building","B","equipment","core:carpenter_hammer","1"
"building__B__60","building","B","equipment","core:hedge_drum","1"
"building__B__60","building","B","equipment","core:muster_horn","1"
"building__B__60","building","B","equipment","core:seed_bag","1"
"building__B__60","building","B","charter","core:guarded_harvest","13"
"building__B__60","building","B","charter","core:meal_oath","5"
"building__B__60","building","B","charter","core:rally_boundary","6"
"building__B__60","building","B","charter","core:repair_tithe","12"
"building__B__60","building","B","item","core:joiner_square","2"
"building__B__60","building","B","item","core:levy_bread_wrap","1"
"building__B__60","building","B","item","core:meadow_buckle","1"
"building__B__60","building","B","item","core:muster_roll","1"
"building__B__60","building","B","item","core:root_binding_cord","6"
"building__B__60","building","B","item","core:ruin_keystone","4"
"building__B__60","building","B","item","core:scaffold_step","1"
"building__B__60","building","B","item","core:seed_pouch_lining","4"
"building__B__60","building","B","item","core:shock_absorber_pad","2"
"building__B__60","building","B","item","core:wind_seed_flag","1"
"building__B__60","building","B","evolution","core:sheltered_sowing","1"
"building__B__60","building","B","evolution","core:sowing_sworddance","1"
"building__B__61","building","B","equipment","core:ember_wand","1"
"building__B__61","building","B","equipment","core:harvest_scythe","1"
"building__B__61","building","B","equipment","core:iron_blade","1"
"building__B__61","building","B","equipment","core:ward_orbit","1"
"building__B__61","building","B","equipment","core:carpenter_hammer","1"
"building__B__61","building","B","equipment","core:hedge_drum","1"
"building__B__61","building","B","equipment","core:muster_horn","1"
"building__B__61","building","B","equipment","core:seed_bag","1"
"building__B__61","building","B","charter","core:guarded_harvest","10"
"building__B__61","building","B","charter","core:meal_oath","9"
"building__B__61","building","B","charter","core:rally_boundary","8"
"building__B__61","building","B","charter","core:repair_tithe","6"
"building__B__61","building","B","item","core:boundary_hinge","2"
"building__B__61","building","B","item","core:levy_bread_wrap","4"
"building__B__61","building","B","item","core:meadow_buckle","2"
"building__B__61","building","B","item","core:muster_roll","3"
"building__B__61","building","B","item","core:return_path_knot","2"
"building__B__61","building","B","item","core:ruin_keystone","3"
"building__B__61","building","B","item","core:scaffold_step","2"
"building__B__61","building","B","item","core:wind_seed_flag","3"
"building__B__61","building","B","evolution","core:sheltered_sowing","1"
"building__B__61","building","B","evolution","core:sowing_sworddance","1"
"building__B__62","building","B","equipment","core:ember_wand","1"
"building__B__62","building","B","equipment","core:harvest_scythe","1"
"building__B__62","building","B","equipment","core:iron_blade","1"
"building__B__62","building","B","equipment","core:ward_orbit","1"
"building__B__62","building","B","equipment","core:carpenter_hammer","1"
"building__B__62","building","B","equipment","core:hedge_drum","1"
"building__B__62","building","B","equipment","core:muster_horn","1"
"building__B__62","building","B","equipment","core:seed_bag","1"
"building__B__62","building","B","charter","core:guarded_harvest","8"
"building__B__62","building","B","charter","core:meal_oath","5"
"building__B__62","building","B","charter","core:rally_boundary","4"
"building__B__62","building","B","charter","core:repair_tithe","7"
"building__B__62","building","B","item","core:boundary_hinge","4"
"building__B__62","building","B","item","core:joiner_square","1"
"building__B__62","building","B","item","core:levy_bread_wrap","2"
"building__B__62","building","B","item","core:meadow_buckle","3"
"building__B__62","building","B","item","core:muster_roll","5"
"building__B__62","building","B","item","core:root_binding_cord","1"
"building__B__62","building","B","item","core:ruin_keystone","4"
"building__B__62","building","B","item","core:scaffold_step","1"
"building__B__62","building","B","item","core:seed_pouch_lining","2"
"building__B__62","building","B","item","core:wind_seed_flag","1"
"building__B__62","building","B","evolution","core:sheltered_sowing","1"
"building__B__62","building","B","evolution","core:sowing_sworddance","1"
"building__B__63","building","B","equipment","core:ember_wand","1"
"building__B__63","building","B","equipment","core:harvest_scythe","1"
"building__B__63","building","B","equipment","core:iron_blade","1"
"building__B__63","building","B","equipment","core:ward_orbit","1"
"building__B__63","building","B","equipment","core:carpenter_hammer","1"
"building__B__63","building","B","equipment","core:hedge_drum","1"
"building__B__63","building","B","equipment","core:seed_bag","1"
"building__B__63","building","B","charter","core:guarded_harvest","6"
"building__B__63","building","B","charter","core:meal_oath","7"
"building__B__63","building","B","charter","core:rally_boundary","2"
"building__B__63","building","B","charter","core:repair_tithe","17"
"building__B__63","building","B","item","core:boundary_hinge","1"
"building__B__63","building","B","item","core:joiner_square","1"
"building__B__63","building","B","item","core:meadow_buckle","2"
"building__B__63","building","B","item","core:muster_roll","3"
"building__B__63","building","B","item","core:return_path_knot","2"
"building__B__63","building","B","item","core:root_binding_cord","2"
"building__B__63","building","B","item","core:ruin_keystone","2"
"building__B__63","building","B","item","core:scaffold_step","2"
"building__B__63","building","B","item","core:seed_pouch_lining","4"
"building__B__63","building","B","item","core:shock_absorber_pad","1"
"building__B__63","building","B","item","core:wind_seed_flag","3"
"building__B__63","building","B","evolution","core:sheltered_sowing","1"
"building__B__63","building","B","evolution","core:sowing_sworddance","1"
"building__B__64","building","B","equipment","core:ember_wand","1"
"building__B__64","building","B","equipment","core:harvest_scythe","1"
"building__B__64","building","B","equipment","core:iron_blade","1"
"building__B__64","building","B","equipment","core:ward_orbit","1"
"building__B__64","building","B","equipment","core:carpenter_hammer","1"
"building__B__64","building","B","equipment","core:hedge_drum","1"
"building__B__64","building","B","equipment","core:muster_horn","1"
"building__B__64","building","B","equipment","core:seed_bag","1"
"building__B__64","building","B","charter","core:guarded_harvest","14"
"building__B__64","building","B","charter","core:meal_oath","1"
"building__B__64","building","B","charter","core:rally_boundary","6"
"building__B__64","building","B","charter","core:repair_tithe","3"
"building__B__64","building","B","item","core:boundary_hinge","3"
"building__B__64","building","B","item","core:levy_bread_wrap","1"
"building__B__64","building","B","item","core:meadow_buckle","4"
"building__B__64","building","B","item","core:muster_roll","2"
"building__B__64","building","B","item","core:return_path_knot","2"
"building__B__64","building","B","item","core:root_binding_cord","1"
"building__B__64","building","B","item","core:ruin_keystone","1"
"building__B__64","building","B","item","core:scaffold_step","3"
"building__B__64","building","B","item","core:seed_pouch_lining","4"
"building__B__64","building","B","item","core:shock_absorber_pad","1"
"building__B__64","building","B","item","core:wind_seed_flag","2"
"building__B__64","building","B","evolution","core:sheltered_sowing","1"
"building__B__64","building","B","evolution","core:sowing_sworddance","1"
"building__B__65","building","B","equipment","core:ember_wand","1"
"building__B__65","building","B","equipment","core:harvest_scythe","1"
"building__B__65","building","B","equipment","core:iron_blade","1"
"building__B__65","building","B","equipment","core:ward_orbit","1"
"building__B__65","building","B","equipment","core:carpenter_hammer","1"
"building__B__65","building","B","equipment","core:hedge_drum","1"
"building__B__65","building","B","equipment","core:muster_horn","1"
"building__B__65","building","B","equipment","core:seed_bag","1"
"building__B__65","building","B","charter","core:guarded_harvest","9"
"building__B__65","building","B","charter","core:meal_oath","7"
"building__B__65","building","B","charter","core:rally_boundary","7"
"building__B__65","building","B","charter","core:repair_tithe","12"
"building__B__65","building","B","item","core:boundary_hinge","1"
"building__B__65","building","B","item","core:joiner_square","1"
"building__B__65","building","B","item","core:levy_bread_wrap","1"
"building__B__65","building","B","item","core:meadow_buckle","1"
"building__B__65","building","B","item","core:muster_roll","2"
"building__B__65","building","B","item","core:return_path_knot","4"
"building__B__65","building","B","item","core:root_binding_cord","3"
"building__B__65","building","B","item","core:ruin_keystone","5"
"building__B__65","building","B","item","core:seed_pouch_lining","1"
"building__B__65","building","B","item","core:shock_absorber_pad","1"
"building__B__65","building","B","item","core:wind_seed_flag","3"
"building__B__65","building","B","evolution","core:sheltered_sowing","1"
"building__B__65","building","B","evolution","core:sowing_sworddance","1"
"building__B__66","building","B","equipment","core:ember_wand","1"
"building__B__66","building","B","equipment","core:harvest_scythe","1"
"building__B__66","building","B","equipment","core:iron_blade","1"
"building__B__66","building","B","equipment","core:ward_orbit","1"
"building__B__66","building","B","equipment","core:carpenter_hammer","1"
"building__B__66","building","B","equipment","core:hedge_drum","1"
"building__B__66","building","B","equipment","core:muster_horn","1"
"building__B__66","building","B","equipment","core:seed_bag","1"
"building__B__66","building","B","charter","core:guarded_harvest","11"
"building__B__66","building","B","charter","core:meal_oath","5"
"building__B__66","building","B","charter","core:rally_boundary","3"
"building__B__66","building","B","charter","core:repair_tithe","4"
"building__B__66","building","B","item","core:boundary_hinge","1"
"building__B__66","building","B","item","core:joiner_square","3"
"building__B__66","building","B","item","core:levy_bread_wrap","6"
"building__B__66","building","B","item","core:root_binding_cord","2"
"building__B__66","building","B","item","core:scaffold_step","2"
"building__B__66","building","B","item","core:seed_pouch_lining","3"
"building__B__66","building","B","item","core:shock_absorber_pad","4"
"building__B__66","building","B","item","core:wind_seed_flag","1"
"building__B__66","building","B","evolution","core:sheltered_sowing","1"
"building__B__66","building","B","evolution","core:sowing_sworddance","1"
"building__B__67","building","B","equipment","core:ember_wand","1"
"building__B__67","building","B","equipment","core:harvest_scythe","1"
"building__B__67","building","B","equipment","core:iron_blade","1"
"building__B__67","building","B","equipment","core:ward_orbit","1"
"building__B__67","building","B","equipment","core:carpenter_hammer","1"
"building__B__67","building","B","equipment","core:hedge_drum","1"
"building__B__67","building","B","equipment","core:muster_horn","1"
"building__B__67","building","B","equipment","core:seed_bag","1"
"building__B__67","building","B","charter","core:guarded_harvest","8"
"building__B__67","building","B","charter","core:meal_oath","5"
"building__B__67","building","B","charter","core:rally_boundary","7"
"building__B__67","building","B","charter","core:repair_tithe","10"
"building__B__67","building","B","item","core:boundary_hinge","3"
"building__B__67","building","B","item","core:joiner_square","3"
"building__B__67","building","B","item","core:levy_bread_wrap","2"
"building__B__67","building","B","item","core:meadow_buckle","1"
"building__B__67","building","B","item","core:muster_roll","3"
"building__B__67","building","B","item","core:return_path_knot","2"
"building__B__67","building","B","item","core:ruin_keystone","1"
"building__B__67","building","B","item","core:scaffold_step","3"
"building__B__67","building","B","item","core:seed_pouch_lining","1"
"building__B__67","building","B","item","core:shock_absorber_pad","1"
"building__B__67","building","B","item","core:wind_seed_flag","3"
"building__B__67","building","B","evolution","core:sheltered_sowing","1"
"building__B__67","building","B","evolution","core:sowing_sworddance","1"
"building__B__68","building","B","equipment","core:ember_wand","1"
"building__B__68","building","B","equipment","core:harvest_scythe","1"
"building__B__68","building","B","equipment","core:iron_blade","1"
"building__B__68","building","B","equipment","core:ward_orbit","1"
"building__B__68","building","B","equipment","core:carpenter_hammer","1"
"building__B__68","building","B","equipment","core:hedge_drum","1"
"building__B__68","building","B","equipment","core:muster_horn","1"
"building__B__68","building","B","equipment","core:seed_bag","1"
"building__B__68","building","B","charter","core:guarded_harvest","6"
"building__B__68","building","B","charter","core:meal_oath","4"
"building__B__68","building","B","charter","core:rally_boundary","6"
"building__B__68","building","B","charter","core:repair_tithe","10"
"building__B__68","building","B","item","core:boundary_hinge","1"
"building__B__68","building","B","item","core:joiner_square","2"
"building__B__68","building","B","item","core:meadow_buckle","6"
"building__B__68","building","B","item","core:return_path_knot","3"
"building__B__68","building","B","item","core:root_binding_cord","2"
"building__B__68","building","B","item","core:ruin_keystone","2"
"building__B__68","building","B","item","core:scaffold_step","3"
"building__B__68","building","B","item","core:seed_pouch_lining","2"
"building__B__68","building","B","item","core:shock_absorber_pad","2"
"building__B__68","building","B","evolution","core:sheltered_sowing","1"
"building__B__68","building","B","evolution","core:sowing_sworddance","1"
"building__B__69","building","B","equipment","core:ember_wand","1"
"building__B__69","building","B","equipment","core:harvest_scythe","1"
"building__B__69","building","B","equipment","core:iron_blade","1"
"building__B__69","building","B","equipment","core:ward_orbit","1"
"building__B__69","building","B","equipment","core:carpenter_hammer","1"
"building__B__69","building","B","equipment","core:hedge_drum","1"
"building__B__69","building","B","equipment","core:muster_horn","1"
"building__B__69","building","B","equipment","core:seed_bag","1"
"building__B__69","building","B","charter","core:guarded_harvest","9"
"building__B__69","building","B","charter","core:meal_oath","8"
"building__B__69","building","B","charter","core:rally_boundary","8"
"building__B__69","building","B","charter","core:repair_tithe","1"
"building__B__69","building","B","item","core:boundary_hinge","1"
"building__B__69","building","B","item","core:levy_bread_wrap","1"
"building__B__69","building","B","item","core:meadow_buckle","3"
"building__B__69","building","B","item","core:muster_roll","5"
"building__B__69","building","B","item","core:return_path_knot","3"
"building__B__69","building","B","item","core:root_binding_cord","4"
"building__B__69","building","B","item","core:seed_pouch_lining","3"
"building__B__69","building","B","item","core:shock_absorber_pad","1"
"building__B__69","building","B","item","core:wind_seed_flag","2"
"building__B__69","building","B","evolution","core:sheltered_sowing","1"
"building__B__69","building","B","evolution","core:sowing_sworddance","1"
"building__B__70","building","B","equipment","core:ember_wand","1"
"building__B__70","building","B","equipment","core:harvest_scythe","1"
"building__B__70","building","B","equipment","core:iron_blade","1"
"building__B__70","building","B","equipment","core:ward_orbit","1"
"building__B__70","building","B","equipment","core:muster_horn","1"
"building__B__70","building","B","equipment","core:seed_bag","1"
"building__B__70","building","B","charter","core:guarded_harvest","4"
"building__B__70","building","B","charter","core:meal_oath","11"
"building__B__70","building","B","charter","core:rally_boundary","9"
"building__B__70","building","B","item","core:levy_bread_wrap","4"
"building__B__70","building","B","item","core:meadow_buckle","4"
"building__B__70","building","B","item","core:muster_roll","4"
"building__B__70","building","B","item","core:return_path_knot","5"
"building__B__70","building","B","item","core:root_binding_cord","1"
"building__B__70","building","B","item","core:seed_pouch_lining","5"
"building__B__70","building","B","item","core:wind_seed_flag","1"
"building__B__70","building","B","evolution","core:sowing_sworddance","1"
"building__B__71","building","B","equipment","core:ember_wand","1"
"building__B__71","building","B","equipment","core:harvest_scythe","1"
"building__B__71","building","B","equipment","core:iron_blade","1"
"building__B__71","building","B","equipment","core:ward_orbit","1"
"building__B__71","building","B","equipment","core:carpenter_hammer","1"
"building__B__71","building","B","equipment","core:hedge_drum","1"
"building__B__71","building","B","equipment","core:muster_horn","1"
"building__B__71","building","B","equipment","core:seed_bag","1"
"building__B__71","building","B","charter","core:guarded_harvest","5"
"building__B__71","building","B","charter","core:meal_oath","6"
"building__B__71","building","B","charter","core:rally_boundary","8"
"building__B__71","building","B","charter","core:repair_tithe","6"
"building__B__71","building","B","item","core:boundary_hinge","1"
"building__B__71","building","B","item","core:levy_bread_wrap","2"
"building__B__71","building","B","item","core:meadow_buckle","4"
"building__B__71","building","B","item","core:muster_roll","1"
"building__B__71","building","B","item","core:return_path_knot","2"
"building__B__71","building","B","item","core:root_binding_cord","3"
"building__B__71","building","B","item","core:ruin_keystone","1"
"building__B__71","building","B","item","core:scaffold_step","4"
"building__B__71","building","B","item","core:seed_pouch_lining","2"
"building__B__71","building","B","item","core:shock_absorber_pad","3"
"building__B__71","building","B","item","core:wind_seed_flag","1"
"building__B__71","building","B","evolution","core:sheltered_sowing","1"
"building__B__71","building","B","evolution","core:sowing_sworddance","1"
"building__B__72","building","B","equipment","core:ember_wand","1"
"building__B__72","building","B","equipment","core:harvest_scythe","1"
"building__B__72","building","B","equipment","core:iron_blade","1"
"building__B__72","building","B","equipment","core:ward_orbit","1"
"building__B__72","building","B","equipment","core:carpenter_hammer","1"
"building__B__72","building","B","equipment","core:hedge_drum","1"
"building__B__72","building","B","equipment","core:muster_horn","1"
"building__B__72","building","B","equipment","core:seed_bag","1"
"building__B__72","building","B","charter","core:guarded_harvest","14"
"building__B__72","building","B","charter","core:meal_oath","23"
"building__B__72","building","B","charter","core:rally_boundary","8"
"building__B__72","building","B","charter","core:repair_tithe","3"
"building__B__72","building","B","item","core:levy_bread_wrap","9"
"building__B__72","building","B","item","core:meadow_buckle","4"
"building__B__72","building","B","item","core:muster_roll","1"
"building__B__72","building","B","item","core:return_path_knot","4"
"building__B__72","building","B","item","core:root_binding_cord","3"
"building__B__72","building","B","item","core:wind_seed_flag","3"
"building__B__72","building","B","evolution","core:sheltered_sowing","1"
"building__B__72","building","B","evolution","core:sowing_sworddance","1"
"building__B__73","building","B","equipment","core:ember_wand","1"
"building__B__73","building","B","equipment","core:harvest_scythe","1"
"building__B__73","building","B","equipment","core:iron_blade","1"
"building__B__73","building","B","equipment","core:ward_orbit","1"
"building__B__73","building","B","equipment","core:carpenter_hammer","1"
"building__B__73","building","B","equipment","core:hedge_drum","1"
"building__B__73","building","B","equipment","core:muster_horn","1"
"building__B__73","building","B","equipment","core:seed_bag","1"
"building__B__73","building","B","charter","core:guarded_harvest","11"
"building__B__73","building","B","charter","core:meal_oath","9"
"building__B__73","building","B","charter","core:rally_boundary","8"
"building__B__73","building","B","charter","core:repair_tithe","9"
"building__B__73","building","B","item","core:boundary_hinge","2"
"building__B__73","building","B","item","core:joiner_square","4"
"building__B__73","building","B","item","core:meadow_buckle","3"
"building__B__73","building","B","item","core:muster_roll","1"
"building__B__73","building","B","item","core:root_binding_cord","2"
"building__B__73","building","B","item","core:ruin_keystone","1"
"building__B__73","building","B","item","core:scaffold_step","3"
"building__B__73","building","B","item","core:seed_pouch_lining","4"
"building__B__73","building","B","item","core:wind_seed_flag","1"
"building__B__73","building","B","evolution","core:sheltered_sowing","1"
"building__B__73","building","B","evolution","core:sowing_sworddance","1"
"building__C__42","building","C","equipment","core:ember_wand","1"
"building__C__42","building","C","equipment","core:harvest_scythe","1"
"building__C__42","building","C","equipment","core:iron_blade","1"
"building__C__42","building","C","equipment","core:ward_orbit","1"
"building__C__42","building","C","equipment","core:carpenter_hammer","1"
"building__C__42","building","C","equipment","core:hedge_drum","1"
"building__C__42","building","C","equipment","core:muster_horn","1"
"building__C__42","building","C","equipment","core:seed_bag","1"
"building__C__42","building","C","charter","core:guarded_harvest","9"
"building__C__42","building","C","charter","core:meal_oath","4"
"building__C__42","building","C","charter","core:rally_boundary","7"
"building__C__42","building","C","charter","core:repair_tithe","11"
"building__C__42","building","C","item","core:boundary_hinge","1"
"building__C__42","building","C","item","core:joiner_square","1"
"building__C__42","building","C","item","core:levy_bread_wrap","2"
"building__C__42","building","C","item","core:meadow_buckle","1"
"building__C__42","building","C","item","core:muster_roll","3"
"building__C__42","building","C","item","core:return_path_knot","3"
"building__C__42","building","C","item","core:root_binding_cord","3"
"building__C__42","building","C","item","core:ruin_keystone","1"
"building__C__42","building","C","item","core:scaffold_step","3"
"building__C__42","building","C","item","core:seed_pouch_lining","1"
"building__C__42","building","C","item","core:shock_absorber_pad","3"
"building__C__42","building","C","item","core:wind_seed_flag","2"
"building__C__42","building","C","evolution","core:sheltered_sowing","1"
"building__C__42","building","C","evolution","core:sowing_sworddance","1"
"building__C__43","building","C","equipment","core:ember_wand","1"
"building__C__43","building","C","equipment","core:harvest_scythe","1"
"building__C__43","building","C","equipment","core:iron_blade","1"
"building__C__43","building","C","equipment","core:ward_orbit","1"
"building__C__43","building","C","equipment","core:muster_horn","1"
"building__C__43","building","C","equipment","core:seed_bag","1"
"building__C__43","building","C","charter","core:guarded_harvest","12"
"building__C__43","building","C","charter","core:meal_oath","7"
"building__C__43","building","C","charter","core:rally_boundary","11"
"building__C__43","building","C","item","core:levy_bread_wrap","4"
"building__C__43","building","C","item","core:meadow_buckle","6"
"building__C__43","building","C","item","core:muster_roll","3"
"building__C__43","building","C","item","core:return_path_knot","1"
"building__C__43","building","C","item","core:root_binding_cord","4"
"building__C__43","building","C","item","core:seed_pouch_lining","2"
"building__C__43","building","C","item","core:wind_seed_flag","4"
"building__C__43","building","C","evolution","core:sowing_sworddance","1"
"building__C__44","building","C","equipment","core:ember_wand","1"
"building__C__44","building","C","equipment","core:harvest_scythe","1"
"building__C__44","building","C","equipment","core:iron_blade","1"
"building__C__44","building","C","equipment","core:ward_orbit","1"
"building__C__44","building","C","equipment","core:carpenter_hammer","1"
"building__C__44","building","C","equipment","core:hedge_drum","1"
"building__C__44","building","C","equipment","core:muster_horn","1"
"building__C__44","building","C","equipment","core:seed_bag","1"
"building__C__44","building","C","charter","core:guarded_harvest","12"
"building__C__44","building","C","charter","core:meal_oath","4"
"building__C__44","building","C","charter","core:repair_tithe","8"
"building__C__44","building","C","item","core:boundary_hinge","3"
"building__C__44","building","C","item","core:joiner_square","1"
"building__C__44","building","C","item","core:levy_bread_wrap","3"
"building__C__44","building","C","item","core:meadow_buckle","4"
"building__C__44","building","C","item","core:muster_roll","1"
"building__C__44","building","C","item","core:return_path_knot","2"
"building__C__44","building","C","item","core:root_binding_cord","1"
"building__C__44","building","C","item","core:ruin_keystone","2"
"building__C__44","building","C","item","core:scaffold_step","2"
"building__C__44","building","C","item","core:seed_pouch_lining","3"
"building__C__44","building","C","item","core:shock_absorber_pad","2"
"building__C__44","building","C","evolution","core:sheltered_sowing","1"
"building__C__44","building","C","evolution","core:sowing_sworddance","1"
"building__C__45","building","C","equipment","core:ember_wand","1"
"building__C__45","building","C","equipment","core:harvest_scythe","1"
"building__C__45","building","C","equipment","core:iron_blade","1"
"building__C__45","building","C","equipment","core:ward_orbit","1"
"building__C__45","building","C","equipment","core:carpenter_hammer","1"
"building__C__45","building","C","equipment","core:hedge_drum","1"
"building__C__45","building","C","equipment","core:muster_horn","1"
"building__C__45","building","C","equipment","core:seed_bag","1"
"building__C__45","building","C","charter","core:guarded_harvest","12"
"building__C__45","building","C","charter","core:meal_oath","4"
"building__C__45","building","C","charter","core:rally_boundary","11"
"building__C__45","building","C","charter","core:repair_tithe","3"
"building__C__45","building","C","item","core:boundary_hinge","2"
"building__C__45","building","C","item","core:joiner_square","3"
"building__C__45","building","C","item","core:meadow_buckle","2"
"building__C__45","building","C","item","core:muster_roll","4"
"building__C__45","building","C","item","core:return_path_knot","3"
"building__C__45","building","C","item","core:root_binding_cord","3"
"building__C__45","building","C","item","core:scaffold_step","2"
"building__C__45","building","C","item","core:seed_pouch_lining","1"
"building__C__45","building","C","item","core:wind_seed_flag","3"
"building__C__45","building","C","evolution","core:sheltered_sowing","1"
"building__C__45","building","C","evolution","core:sowing_sworddance","1"
"building__C__46","building","C","equipment","core:ember_wand","1"
"building__C__46","building","C","equipment","core:harvest_scythe","1"
"building__C__46","building","C","equipment","core:iron_blade","1"
"building__C__46","building","C","equipment","core:ward_orbit","1"
"building__C__46","building","C","equipment","core:carpenter_hammer","1"
"building__C__46","building","C","equipment","core:hedge_drum","1"
"building__C__46","building","C","equipment","core:muster_horn","1"
"building__C__46","building","C","equipment","core:seed_bag","1"
"building__C__46","building","C","charter","core:guarded_harvest","10"
"building__C__46","building","C","charter","core:meal_oath","5"
"building__C__46","building","C","charter","core:rally_boundary","7"
"building__C__46","building","C","item","core:joiner_square","1"
"building__C__46","building","C","item","core:meadow_buckle","4"
"building__C__46","building","C","item","core:muster_roll","2"
"building__C__46","building","C","item","core:return_path_knot","5"
"building__C__46","building","C","item","core:root_binding_cord","1"
"building__C__46","building","C","item","core:ruin_keystone","3"
"building__C__46","building","C","item","core:scaffold_step","4"
"building__C__46","building","C","item","core:shock_absorber_pad","2"
"building__C__46","building","C","item","core:wind_seed_flag","2"
"building__C__46","building","C","evolution","core:sheltered_sowing","1"
"building__C__46","building","C","evolution","core:sowing_sworddance","1"
"building__C__47","building","C","equipment","core:ember_wand","1"
"building__C__47","building","C","equipment","core:harvest_scythe","1"
"building__C__47","building","C","equipment","core:iron_blade","1"
"building__C__47","building","C","equipment","core:ward_orbit","1"
"building__C__47","building","C","equipment","core:carpenter_hammer","1"
"building__C__47","building","C","equipment","core:hedge_drum","1"
"building__C__47","building","C","equipment","core:muster_horn","1"
"building__C__47","building","C","equipment","core:seed_bag","1"
"building__C__47","building","C","charter","core:guarded_harvest","10"
"building__C__47","building","C","charter","core:meal_oath","9"
"building__C__47","building","C","charter","core:rally_boundary","5"
"building__C__47","building","C","charter","core:repair_tithe","10"
"building__C__47","building","C","item","core:boundary_hinge","2"
"building__C__47","building","C","item","core:joiner_square","4"
"building__C__47","building","C","item","core:levy_bread_wrap","1"
"building__C__47","building","C","item","core:meadow_buckle","2"
"building__C__47","building","C","item","core:muster_roll","2"
"building__C__47","building","C","item","core:return_path_knot","3"
"building__C__47","building","C","item","core:root_binding_cord","3"
"building__C__47","building","C","item","core:scaffold_step","1"
"building__C__47","building","C","item","core:seed_pouch_lining","3"
"building__C__47","building","C","item","core:shock_absorber_pad","2"
"building__C__47","building","C","evolution","core:sheltered_sowing","1"
"building__C__47","building","C","evolution","core:sowing_sworddance","1"
"building__C__48","building","C","equipment","core:ember_wand","1"
"building__C__48","building","C","equipment","core:harvest_scythe","1"
"building__C__48","building","C","equipment","core:iron_blade","1"
"building__C__48","building","C","equipment","core:ward_orbit","1"
"building__C__48","building","C","equipment","core:carpenter_hammer","1"
"building__C__48","building","C","equipment","core:hedge_drum","1"
"building__C__48","building","C","equipment","core:muster_horn","1"
"building__C__48","building","C","equipment","core:seed_bag","1"
"building__C__48","building","C","charter","core:guarded_harvest","7"
"building__C__48","building","C","charter","core:meal_oath","3"
"building__C__48","building","C","charter","core:rally_boundary","9"
"building__C__48","building","C","charter","core:repair_tithe","9"
"building__C__48","building","C","item","core:boundary_hinge","4"
"building__C__48","building","C","item","core:joiner_square","1"
"building__C__48","building","C","item","core:levy_bread_wrap","2"
"building__C__48","building","C","item","core:meadow_buckle","5"
"building__C__48","building","C","item","core:muster_roll","2"
"building__C__48","building","C","item","core:return_path_knot","1"
"building__C__48","building","C","item","core:root_binding_cord","2"
"building__C__48","building","C","item","core:ruin_keystone","3"
"building__C__48","building","C","item","core:seed_pouch_lining","2"
"building__C__48","building","C","item","core:wind_seed_flag","1"
"building__C__48","building","C","evolution","core:sheltered_sowing","1"
"building__C__48","building","C","evolution","core:sowing_sworddance","1"
"building__C__49","building","C","equipment","core:ember_wand","1"
"building__C__49","building","C","equipment","core:harvest_scythe","1"
"building__C__49","building","C","equipment","core:iron_blade","1"
"building__C__49","building","C","equipment","core:ward_orbit","1"
"building__C__49","building","C","equipment","core:carpenter_hammer","1"
"building__C__49","building","C","equipment","core:hedge_drum","1"
"building__C__49","building","C","equipment","core:muster_horn","1"
"building__C__49","building","C","equipment","core:seed_bag","1"
"building__C__49","building","C","charter","core:guarded_harvest","16"
"building__C__49","building","C","charter","core:meal_oath","5"
"building__C__49","building","C","charter","core:rally_boundary","2"
"building__C__49","building","C","charter","core:repair_tithe","18"
"building__C__49","building","C","item","core:joiner_square","2"
"building__C__49","building","C","item","core:levy_bread_wrap","1"
"building__C__49","building","C","item","core:meadow_buckle","4"
"building__C__49","building","C","item","core:muster_roll","7"
"building__C__49","building","C","item","core:return_path_knot","1"
"building__C__49","building","C","item","core:root_binding_cord","4"
"building__C__49","building","C","item","core:scaffold_step","1"
"building__C__49","building","C","item","core:seed_pouch_lining","1"
"building__C__49","building","C","item","core:shock_absorber_pad","1"
"building__C__49","building","C","item","core:wind_seed_flag","2"
"building__C__49","building","C","evolution","core:sheltered_sowing","1"
"building__C__49","building","C","evolution","core:sowing_sworddance","1"
"building__C__50","building","C","equipment","core:ember_wand","1"
"building__C__50","building","C","equipment","core:harvest_scythe","1"
"building__C__50","building","C","equipment","core:iron_blade","1"
"building__C__50","building","C","equipment","core:ward_orbit","1"
"building__C__50","building","C","equipment","core:carpenter_hammer","1"
"building__C__50","building","C","equipment","core:hedge_drum","1"
"building__C__50","building","C","equipment","core:muster_horn","1"
"building__C__50","building","C","equipment","core:seed_bag","1"
"building__C__50","building","C","charter","core:guarded_harvest","16"
"building__C__50","building","C","charter","core:meal_oath","6"
"building__C__50","building","C","charter","core:rally_boundary","2"
"building__C__50","building","C","charter","core:repair_tithe","5"
"building__C__50","building","C","item","core:joiner_square","4"
"building__C__50","building","C","item","core:levy_bread_wrap","2"
"building__C__50","building","C","item","core:meadow_buckle","1"
"building__C__50","building","C","item","core:muster_roll","1"
"building__C__50","building","C","item","core:root_binding_cord","5"
"building__C__50","building","C","item","core:scaffold_step","1"
"building__C__50","building","C","item","core:seed_pouch_lining","5"
"building__C__50","building","C","item","core:shock_absorber_pad","1"
"building__C__50","building","C","item","core:wind_seed_flag","4"
"building__C__50","building","C","evolution","core:sheltered_sowing","1"
"building__C__50","building","C","evolution","core:sowing_sworddance","1"
"building__C__51","building","C","equipment","core:ember_wand","1"
"building__C__51","building","C","equipment","core:harvest_scythe","1"
"building__C__51","building","C","equipment","core:iron_blade","1"
"building__C__51","building","C","equipment","core:ward_orbit","1"
"building__C__51","building","C","equipment","core:carpenter_hammer","1"
"building__C__51","building","C","equipment","core:hedge_drum","1"
"building__C__51","building","C","equipment","core:muster_horn","1"
"building__C__51","building","C","equipment","core:seed_bag","1"
"building__C__51","building","C","charter","core:guarded_harvest","13"
"building__C__51","building","C","charter","core:meal_oath","7"
"building__C__51","building","C","charter","core:rally_boundary","1"
"building__C__51","building","C","charter","core:repair_tithe","11"
"building__C__51","building","C","item","core:boundary_hinge","3"
"building__C__51","building","C","item","core:meadow_buckle","4"
"building__C__51","building","C","item","core:muster_roll","1"
"building__C__51","building","C","item","core:return_path_knot","2"
"building__C__51","building","C","item","core:root_binding_cord","4"
"building__C__51","building","C","item","core:ruin_keystone","2"
"building__C__51","building","C","item","core:scaffold_step","2"
"building__C__51","building","C","item","core:seed_pouch_lining","3"
"building__C__51","building","C","item","core:shock_absorber_pad","1"
"building__C__51","building","C","item","core:wind_seed_flag","1"
"building__C__51","building","C","evolution","core:sheltered_sowing","1"
"building__C__51","building","C","evolution","core:sowing_sworddance","1"
"building__C__52","building","C","equipment","core:ember_wand","1"
"building__C__52","building","C","equipment","core:harvest_scythe","1"
"building__C__52","building","C","equipment","core:iron_blade","1"
"building__C__52","building","C","equipment","core:ward_orbit","1"
"building__C__52","building","C","equipment","core:carpenter_hammer","1"
"building__C__52","building","C","equipment","core:hedge_drum","1"
"building__C__52","building","C","equipment","core:muster_horn","1"
"building__C__52","building","C","equipment","core:seed_bag","1"
"building__C__52","building","C","charter","core:guarded_harvest","10"
"building__C__52","building","C","charter","core:meal_oath","8"
"building__C__52","building","C","charter","core:rally_boundary","2"
"building__C__52","building","C","charter","core:repair_tithe","5"
"building__C__52","building","C","item","core:boundary_hinge","1"
"building__C__52","building","C","item","core:joiner_square","1"
"building__C__52","building","C","item","core:levy_bread_wrap","1"
"building__C__52","building","C","item","core:muster_roll","1"
"building__C__52","building","C","item","core:return_path_knot","2"
"building__C__52","building","C","item","core:root_binding_cord","5"
"building__C__52","building","C","item","core:ruin_keystone","3"
"building__C__52","building","C","item","core:scaffold_step","5"
"building__C__52","building","C","item","core:seed_pouch_lining","2"
"building__C__52","building","C","item","core:shock_absorber_pad","1"
"building__C__52","building","C","item","core:wind_seed_flag","1"
"building__C__52","building","C","evolution","core:sheltered_sowing","1"
"building__C__52","building","C","evolution","core:sowing_sworddance","1"
"building__C__53","building","C","equipment","core:ember_wand","1"
"building__C__53","building","C","equipment","core:harvest_scythe","1"
"building__C__53","building","C","equipment","core:iron_blade","1"
"building__C__53","building","C","equipment","core:ward_orbit","1"
"building__C__53","building","C","equipment","core:carpenter_hammer","1"
"building__C__53","building","C","equipment","core:hedge_drum","1"
"building__C__53","building","C","equipment","core:muster_horn","1"
"building__C__53","building","C","equipment","core:seed_bag","1"
"building__C__53","building","C","charter","core:guarded_harvest","15"
"building__C__53","building","C","charter","core:meal_oath","14"
"building__C__53","building","C","charter","core:rally_boundary","6"
"building__C__53","building","C","charter","core:repair_tithe","7"
"building__C__53","building","C","item","core:boundary_hinge","2"
"building__C__53","building","C","item","core:joiner_square","1"
"building__C__53","building","C","item","core:levy_bread_wrap","2"
"building__C__53","building","C","item","core:meadow_buckle","1"
"building__C__53","building","C","item","core:muster_roll","1"
"building__C__53","building","C","item","core:return_path_knot","5"
"building__C__53","building","C","item","core:root_binding_cord","3"
"building__C__53","building","C","item","core:scaffold_step","2"
"building__C__53","building","C","item","core:seed_pouch_lining","2"
"building__C__53","building","C","item","core:shock_absorber_pad","1"
"building__C__53","building","C","item","core:wind_seed_flag","4"
"building__C__53","building","C","evolution","core:sheltered_sowing","1"
"building__C__53","building","C","evolution","core:sowing_sworddance","1"
"building__C__54","building","C","equipment","core:ember_wand","1"
"building__C__54","building","C","equipment","core:harvest_scythe","1"
"building__C__54","building","C","equipment","core:iron_blade","1"
"building__C__54","building","C","equipment","core:ward_orbit","1"
"building__C__54","building","C","equipment","core:carpenter_hammer","1"
"building__C__54","building","C","equipment","core:hedge_drum","1"
"building__C__54","building","C","equipment","core:muster_horn","1"
"building__C__54","building","C","equipment","core:seed_bag","1"
"building__C__54","building","C","charter","core:guarded_harvest","6"
"building__C__54","building","C","charter","core:meal_oath","13"
"building__C__54","building","C","charter","core:rally_boundary","6"
"building__C__54","building","C","charter","core:repair_tithe","4"
"building__C__54","building","C","item","core:boundary_hinge","3"
"building__C__54","building","C","item","core:levy_bread_wrap","2"
"building__C__54","building","C","item","core:meadow_buckle","4"
"building__C__54","building","C","item","core:muster_roll","1"
"building__C__54","building","C","item","core:return_path_knot","6"
"building__C__54","building","C","item","core:root_binding_cord","1"
"building__C__54","building","C","item","core:ruin_keystone","1"
"building__C__54","building","C","item","core:seed_pouch_lining","4"
"building__C__54","building","C","item","core:wind_seed_flag","2"
"building__C__54","building","C","evolution","core:sheltered_sowing","1"
"building__C__54","building","C","evolution","core:sowing_sworddance","1"
"building__C__55","building","C","equipment","core:ember_wand","1"
"building__C__55","building","C","equipment","core:harvest_scythe","1"
"building__C__55","building","C","equipment","core:iron_blade","1"
"building__C__55","building","C","equipment","core:ward_orbit","1"
"building__C__55","building","C","equipment","core:carpenter_hammer","1"
"building__C__55","building","C","equipment","core:hedge_drum","1"
"building__C__55","building","C","equipment","core:muster_horn","1"
"building__C__55","building","C","equipment","core:seed_bag","1"
"building__C__55","building","C","charter","core:guarded_harvest","8"
"building__C__55","building","C","charter","core:meal_oath","4"
"building__C__55","building","C","charter","core:rally_boundary","5"
"building__C__55","building","C","charter","core:repair_tithe","14"
"building__C__55","building","C","item","core:boundary_hinge","3"
"building__C__55","building","C","item","core:joiner_square","2"
"building__C__55","building","C","item","core:levy_bread_wrap","1"
"building__C__55","building","C","item","core:meadow_buckle","3"
"building__C__55","building","C","item","core:muster_roll","1"
"building__C__55","building","C","item","core:return_path_knot","1"
"building__C__55","building","C","item","core:root_binding_cord","2"
"building__C__55","building","C","item","core:ruin_keystone","2"
"building__C__55","building","C","item","core:scaffold_step","5"
"building__C__55","building","C","item","core:seed_pouch_lining","2"
"building__C__55","building","C","item","core:wind_seed_flag","2"
"building__C__55","building","C","evolution","core:sheltered_sowing","1"
"building__C__55","building","C","evolution","core:sowing_sworddance","1"
"building__C__56","building","C","equipment","core:ember_wand","1"
"building__C__56","building","C","equipment","core:harvest_scythe","1"
"building__C__56","building","C","equipment","core:iron_blade","1"
"building__C__56","building","C","equipment","core:ward_orbit","1"
"building__C__56","building","C","equipment","core:carpenter_hammer","1"
"building__C__56","building","C","equipment","core:hedge_drum","1"
"building__C__56","building","C","equipment","core:muster_horn","1"
"building__C__56","building","C","equipment","core:seed_bag","1"
"building__C__56","building","C","charter","core:guarded_harvest","10"
"building__C__56","building","C","charter","core:meal_oath","10"
"building__C__56","building","C","charter","core:rally_boundary","4"
"building__C__56","building","C","charter","core:repair_tithe","9"
"building__C__56","building","C","item","core:boundary_hinge","1"
"building__C__56","building","C","item","core:joiner_square","3"
"building__C__56","building","C","item","core:levy_bread_wrap","2"
"building__C__56","building","C","item","core:meadow_buckle","4"
"building__C__56","building","C","item","core:return_path_knot","2"
"building__C__56","building","C","item","core:ruin_keystone","2"
"building__C__56","building","C","item","core:scaffold_step","3"
"building__C__56","building","C","item","core:seed_pouch_lining","2"
"building__C__56","building","C","item","core:shock_absorber_pad","1"
"building__C__56","building","C","item","core:wind_seed_flag","4"
"building__C__56","building","C","evolution","core:sheltered_sowing","1"
"building__C__56","building","C","evolution","core:sowing_sworddance","1"
"building__C__57","building","C","equipment","core:ember_wand","1"
"building__C__57","building","C","equipment","core:harvest_scythe","1"
"building__C__57","building","C","equipment","core:iron_blade","1"
"building__C__57","building","C","equipment","core:ward_orbit","1"
"building__C__57","building","C","equipment","core:carpenter_hammer","1"
"building__C__57","building","C","equipment","core:hedge_drum","1"
"building__C__57","building","C","equipment","core:muster_horn","1"
"building__C__57","building","C","equipment","core:seed_bag","1"
"building__C__57","building","C","charter","core:guarded_harvest","9"
"building__C__57","building","C","charter","core:meal_oath","12"
"building__C__57","building","C","charter","core:rally_boundary","9"
"building__C__57","building","C","charter","core:repair_tithe","15"
"building__C__57","building","C","item","core:boundary_hinge","1"
"building__C__57","building","C","item","core:joiner_square","1"
"building__C__57","building","C","item","core:levy_bread_wrap","1"
"building__C__57","building","C","item","core:return_path_knot","2"
"building__C__57","building","C","item","core:root_binding_cord","3"
"building__C__57","building","C","item","core:ruin_keystone","5"
"building__C__57","building","C","item","core:scaffold_step","2"
"building__C__57","building","C","item","core:seed_pouch_lining","4"
"building__C__57","building","C","item","core:shock_absorber_pad","1"
"building__C__57","building","C","item","core:wind_seed_flag","4"
"building__C__57","building","C","evolution","core:sheltered_sowing","1"
"building__C__57","building","C","evolution","core:sowing_sworddance","1"
"building__C__58","building","C","equipment","core:ember_wand","1"
"building__C__58","building","C","equipment","core:harvest_scythe","1"
"building__C__58","building","C","equipment","core:iron_blade","1"
"building__C__58","building","C","equipment","core:ward_orbit","1"
"building__C__58","building","C","equipment","core:carpenter_hammer","1"
"building__C__58","building","C","equipment","core:hedge_drum","1"
"building__C__58","building","C","equipment","core:muster_horn","1"
"building__C__58","building","C","equipment","core:seed_bag","1"
"building__C__58","building","C","charter","core:guarded_harvest","7"
"building__C__58","building","C","charter","core:meal_oath","2"
"building__C__58","building","C","charter","core:rally_boundary","9"
"building__C__58","building","C","charter","core:repair_tithe","7"
"building__C__58","building","C","item","core:boundary_hinge","4"
"building__C__58","building","C","item","core:joiner_square","1"
"building__C__58","building","C","item","core:levy_bread_wrap","3"
"building__C__58","building","C","item","core:meadow_buckle","2"
"building__C__58","building","C","item","core:muster_roll","3"
"building__C__58","building","C","item","core:return_path_knot","1"
"building__C__58","building","C","item","core:root_binding_cord","2"
"building__C__58","building","C","item","core:ruin_keystone","3"
"building__C__58","building","C","item","core:scaffold_step","1"
"building__C__58","building","C","item","core:seed_pouch_lining","2"
"building__C__58","building","C","item","core:shock_absorber_pad","2"
"building__C__58","building","C","evolution","core:sheltered_sowing","1"
"building__C__58","building","C","evolution","core:sowing_sworddance","1"
"building__C__59","building","C","equipment","core:ember_wand","1"
"building__C__59","building","C","equipment","core:harvest_scythe","1"
"building__C__59","building","C","equipment","core:iron_blade","1"
"building__C__59","building","C","equipment","core:ward_orbit","1"
"building__C__59","building","C","equipment","core:muster_horn","1"
"building__C__59","building","C","equipment","core:seed_bag","1"
"building__C__59","building","C","charter","core:guarded_harvest","8"
"building__C__59","building","C","charter","core:meal_oath","12"
"building__C__59","building","C","charter","core:rally_boundary","5"
"building__C__59","building","C","item","core:levy_bread_wrap","4"
"building__C__59","building","C","item","core:meadow_buckle","3"
"building__C__59","building","C","item","core:muster_roll","2"
"building__C__59","building","C","item","core:return_path_knot","7"
"building__C__59","building","C","item","core:root_binding_cord","4"
"building__C__59","building","C","item","core:wind_seed_flag","4"
"building__C__59","building","C","evolution","core:sowing_sworddance","1"
"building__C__60","building","C","equipment","core:ember_wand","1"
"building__C__60","building","C","equipment","core:harvest_scythe","1"
"building__C__60","building","C","equipment","core:iron_blade","1"
"building__C__60","building","C","equipment","core:ward_orbit","1"
"building__C__60","building","C","equipment","core:carpenter_hammer","1"
"building__C__60","building","C","equipment","core:hedge_drum","1"
"building__C__60","building","C","equipment","core:muster_horn","1"
"building__C__60","building","C","equipment","core:seed_bag","1"
"building__C__60","building","C","charter","core:guarded_harvest","8"
"building__C__60","building","C","charter","core:meal_oath","10"
"building__C__60","building","C","charter","core:rally_boundary","7"
"building__C__60","building","C","charter","core:repair_tithe","7"
"building__C__60","building","C","item","core:boundary_hinge","1"
"building__C__60","building","C","item","core:joiner_square","4"
"building__C__60","building","C","item","core:levy_bread_wrap","2"
"building__C__60","building","C","item","core:meadow_buckle","2"
"building__C__60","building","C","item","core:muster_roll","1"
"building__C__60","building","C","item","core:return_path_knot","6"
"building__C__60","building","C","item","core:root_binding_cord","4"
"building__C__60","building","C","item","core:ruin_keystone","1"
"building__C__60","building","C","item","core:scaffold_step","1"
"building__C__60","building","C","item","core:seed_pouch_lining","1"
"building__C__60","building","C","item","core:shock_absorber_pad","1"
"building__C__60","building","C","evolution","core:sheltered_sowing","1"
"building__C__60","building","C","evolution","core:sowing_sworddance","1"
"building__C__61","building","C","equipment","core:ember_wand","1"
"building__C__61","building","C","equipment","core:harvest_scythe","1"
"building__C__61","building","C","equipment","core:iron_blade","1"
"building__C__61","building","C","equipment","core:ward_orbit","1"
"building__C__61","building","C","equipment","core:carpenter_hammer","1"
"building__C__61","building","C","equipment","core:hedge_drum","1"
"building__C__61","building","C","equipment","core:muster_horn","1"
"building__C__61","building","C","equipment","core:seed_bag","1"
"building__C__61","building","C","charter","core:guarded_harvest","12"
"building__C__61","building","C","charter","core:meal_oath","8"
"building__C__61","building","C","charter","core:rally_boundary","6"
"building__C__61","building","C","charter","core:repair_tithe","10"
"building__C__61","building","C","item","core:boundary_hinge","1"
"building__C__61","building","C","item","core:joiner_square","2"
"building__C__61","building","C","item","core:levy_bread_wrap","1"
"building__C__61","building","C","item","core:meadow_buckle","4"
"building__C__61","building","C","item","core:muster_roll","2"
"building__C__61","building","C","item","core:return_path_knot","4"
"building__C__61","building","C","item","core:root_binding_cord","2"
"building__C__61","building","C","item","core:scaffold_step","1"
"building__C__61","building","C","item","core:seed_pouch_lining","2"
"building__C__61","building","C","item","core:shock_absorber_pad","1"
"building__C__61","building","C","item","core:wind_seed_flag","3"
"building__C__61","building","C","evolution","core:sheltered_sowing","1"
"building__C__61","building","C","evolution","core:sowing_sworddance","1"
"building__C__62","building","C","equipment","core:ember_wand","1"
"building__C__62","building","C","equipment","core:harvest_scythe","1"
"building__C__62","building","C","equipment","core:iron_blade","1"
"building__C__62","building","C","equipment","core:ward_orbit","1"
"building__C__62","building","C","equipment","core:carpenter_hammer","1"
"building__C__62","building","C","equipment","core:hedge_drum","1"
"building__C__62","building","C","equipment","core:muster_horn","1"
"building__C__62","building","C","equipment","core:seed_bag","1"
"building__C__62","building","C","charter","core:guarded_harvest","11"
"building__C__62","building","C","charter","core:meal_oath","10"
"building__C__62","building","C","charter","core:rally_boundary","6"
"building__C__62","building","C","charter","core:repair_tithe","10"
"building__C__62","building","C","item","core:joiner_square","1"
"building__C__62","building","C","item","core:levy_bread_wrap","2"
"building__C__62","building","C","item","core:meadow_buckle","3"
"building__C__62","building","C","item","core:muster_roll","3"
"building__C__62","building","C","item","core:root_binding_cord","2"
"building__C__62","building","C","item","core:ruin_keystone","1"
"building__C__62","building","C","item","core:scaffold_step","2"
"building__C__62","building","C","item","core:seed_pouch_lining","5"
"building__C__62","building","C","item","core:shock_absorber_pad","4"
"building__C__62","building","C","evolution","core:sheltered_sowing","1"
"building__C__62","building","C","evolution","core:sowing_sworddance","1"
"building__C__63","building","C","equipment","core:ember_wand","1"
"building__C__63","building","C","equipment","core:harvest_scythe","1"
"building__C__63","building","C","equipment","core:iron_blade","1"
"building__C__63","building","C","equipment","core:ward_orbit","1"
"building__C__63","building","C","equipment","core:carpenter_hammer","1"
"building__C__63","building","C","equipment","core:hedge_drum","1"
"building__C__63","building","C","equipment","core:seed_bag","1"
"building__C__63","building","C","charter","core:guarded_harvest","6"
"building__C__63","building","C","charter","core:meal_oath","7"
"building__C__63","building","C","charter","core:rally_boundary","2"
"building__C__63","building","C","charter","core:repair_tithe","17"
"building__C__63","building","C","item","core:boundary_hinge","1"
"building__C__63","building","C","item","core:joiner_square","1"
"building__C__63","building","C","item","core:meadow_buckle","2"
"building__C__63","building","C","item","core:muster_roll","3"
"building__C__63","building","C","item","core:return_path_knot","2"
"building__C__63","building","C","item","core:root_binding_cord","2"
"building__C__63","building","C","item","core:ruin_keystone","2"
"building__C__63","building","C","item","core:scaffold_step","2"
"building__C__63","building","C","item","core:seed_pouch_lining","4"
"building__C__63","building","C","item","core:shock_absorber_pad","1"
"building__C__63","building","C","item","core:wind_seed_flag","3"
"building__C__63","building","C","evolution","core:sheltered_sowing","1"
"building__C__63","building","C","evolution","core:sowing_sworddance","1"
"building__C__64","building","C","equipment","core:ember_wand","1"
"building__C__64","building","C","equipment","core:harvest_scythe","1"
"building__C__64","building","C","equipment","core:iron_blade","1"
"building__C__64","building","C","equipment","core:ward_orbit","1"
"building__C__64","building","C","equipment","core:carpenter_hammer","1"
"building__C__64","building","C","equipment","core:hedge_drum","1"
"building__C__64","building","C","equipment","core:muster_horn","1"
"building__C__64","building","C","equipment","core:seed_bag","1"
"building__C__64","building","C","charter","core:guarded_harvest","11"
"building__C__64","building","C","charter","core:meal_oath","11"
"building__C__64","building","C","charter","core:rally_boundary","10"
"building__C__64","building","C","charter","core:repair_tithe","5"
"building__C__64","building","C","item","core:boundary_hinge","3"
"building__C__64","building","C","item","core:joiner_square","1"
"building__C__64","building","C","item","core:levy_bread_wrap","4"
"building__C__64","building","C","item","core:meadow_buckle","3"
"building__C__64","building","C","item","core:muster_roll","1"
"building__C__64","building","C","item","core:return_path_knot","1"
"building__C__64","building","C","item","core:root_binding_cord","1"
"building__C__64","building","C","item","core:scaffold_step","3"
"building__C__64","building","C","item","core:seed_pouch_lining","3"
"building__C__64","building","C","item","core:shock_absorber_pad","1"
"building__C__64","building","C","item","core:wind_seed_flag","3"
"building__C__64","building","C","evolution","core:sheltered_sowing","1"
"building__C__64","building","C","evolution","core:sowing_sworddance","1"
"building__C__65","building","C","equipment","core:ember_wand","1"
"building__C__65","building","C","equipment","core:harvest_scythe","1"
"building__C__65","building","C","equipment","core:iron_blade","1"
"building__C__65","building","C","equipment","core:ward_orbit","1"
"building__C__65","building","C","equipment","core:carpenter_hammer","1"
"building__C__65","building","C","equipment","core:hedge_drum","1"
"building__C__65","building","C","equipment","core:muster_horn","1"
"building__C__65","building","C","equipment","core:seed_bag","1"
"building__C__65","building","C","charter","core:guarded_harvest","17"
"building__C__65","building","C","charter","core:meal_oath","9"
"building__C__65","building","C","charter","core:rally_boundary","5"
"building__C__65","building","C","charter","core:repair_tithe","8"
"building__C__65","building","C","item","core:boundary_hinge","2"
"building__C__65","building","C","item","core:joiner_square","2"
"building__C__65","building","C","item","core:levy_bread_wrap","3"
"building__C__65","building","C","item","core:meadow_buckle","1"
"building__C__65","building","C","item","core:muster_roll","3"
"building__C__65","building","C","item","core:return_path_knot","2"
"building__C__65","building","C","item","core:root_binding_cord","1"
"building__C__65","building","C","item","core:ruin_keystone","2"
"building__C__65","building","C","item","core:seed_pouch_lining","1"
"building__C__65","building","C","item","core:shock_absorber_pad","1"
"building__C__65","building","C","item","core:wind_seed_flag","6"
"building__C__65","building","C","evolution","core:sheltered_sowing","1"
"building__C__65","building","C","evolution","core:sowing_sworddance","1"
"building__C__66","building","C","equipment","core:ember_wand","1"
"building__C__66","building","C","equipment","core:harvest_scythe","1"
"building__C__66","building","C","equipment","core:iron_blade","1"
"building__C__66","building","C","equipment","core:ward_orbit","1"
"building__C__66","building","C","equipment","core:carpenter_hammer","1"
"building__C__66","building","C","equipment","core:hedge_drum","1"
"building__C__66","building","C","equipment","core:muster_horn","1"
"building__C__66","building","C","equipment","core:seed_bag","1"
"building__C__66","building","C","charter","core:guarded_harvest","6"
"building__C__66","building","C","charter","core:meal_oath","4"
"building__C__66","building","C","charter","core:rally_boundary","3"
"building__C__66","building","C","charter","core:repair_tithe","5"
"building__C__66","building","C","item","core:boundary_hinge","1"
"building__C__66","building","C","item","core:joiner_square","3"
"building__C__66","building","C","item","core:levy_bread_wrap","3"
"building__C__66","building","C","item","core:meadow_buckle","2"
"building__C__66","building","C","item","core:return_path_knot","2"
"building__C__66","building","C","item","core:root_binding_cord","2"
"building__C__66","building","C","item","core:scaffold_step","2"
"building__C__66","building","C","item","core:seed_pouch_lining","4"
"building__C__66","building","C","item","core:shock_absorber_pad","1"
"building__C__66","building","C","item","core:wind_seed_flag","4"
"building__C__66","building","C","evolution","core:sheltered_sowing","1"
"building__C__66","building","C","evolution","core:sowing_sworddance","1"
"building__C__67","building","C","equipment","core:ember_wand","1"
"building__C__67","building","C","equipment","core:harvest_scythe","1"
"building__C__67","building","C","equipment","core:iron_blade","1"
"building__C__67","building","C","equipment","core:ward_orbit","1"
"building__C__67","building","C","equipment","core:carpenter_hammer","1"
"building__C__67","building","C","equipment","core:hedge_drum","1"
"building__C__67","building","C","equipment","core:muster_horn","1"
"building__C__67","building","C","equipment","core:seed_bag","1"
"building__C__67","building","C","charter","core:guarded_harvest","13"
"building__C__67","building","C","charter","core:meal_oath","11"
"building__C__67","building","C","charter","core:rally_boundary","5"
"building__C__67","building","C","charter","core:repair_tithe","9"
"building__C__67","building","C","item","core:boundary_hinge","1"
"building__C__67","building","C","item","core:joiner_square","3"
"building__C__67","building","C","item","core:levy_bread_wrap","2"
"building__C__67","building","C","item","core:meadow_buckle","1"
"building__C__67","building","C","item","core:return_path_knot","3"
"building__C__67","building","C","item","core:root_binding_cord","1"
"building__C__67","building","C","item","core:ruin_keystone","1"
"building__C__67","building","C","item","core:scaffold_step","2"
"building__C__67","building","C","item","core:seed_pouch_lining","4"
"building__C__67","building","C","item","core:shock_absorber_pad","2"
"building__C__67","building","C","item","core:wind_seed_flag","3"
"building__C__67","building","C","evolution","core:sheltered_sowing","1"
"building__C__67","building","C","evolution","core:sowing_sworddance","1"
"building__C__68","building","C","equipment","core:ember_wand","1"
"building__C__68","building","C","equipment","core:harvest_scythe","1"
"building__C__68","building","C","equipment","core:iron_blade","1"
"building__C__68","building","C","equipment","core:ward_orbit","1"
"building__C__68","building","C","equipment","core:carpenter_hammer","1"
"building__C__68","building","C","equipment","core:hedge_drum","1"
"building__C__68","building","C","equipment","core:muster_horn","1"
"building__C__68","building","C","equipment","core:seed_bag","1"
"building__C__68","building","C","charter","core:guarded_harvest","9"
"building__C__68","building","C","charter","core:meal_oath","1"
"building__C__68","building","C","charter","core:rally_boundary","3"
"building__C__68","building","C","charter","core:repair_tithe","16"
"building__C__68","building","C","item","core:boundary_hinge","1"
"building__C__68","building","C","item","core:joiner_square","2"
"building__C__68","building","C","item","core:levy_bread_wrap","2"
"building__C__68","building","C","item","core:meadow_buckle","2"
"building__C__68","building","C","item","core:return_path_knot","3"
"building__C__68","building","C","item","core:root_binding_cord","2"
"building__C__68","building","C","item","core:ruin_keystone","3"
"building__C__68","building","C","item","core:scaffold_step","1"
"building__C__68","building","C","item","core:seed_pouch_lining","3"
"building__C__68","building","C","item","core:shock_absorber_pad","5"
"building__C__68","building","C","evolution","core:sheltered_sowing","1"
"building__C__68","building","C","evolution","core:sowing_sworddance","1"
"building__C__69","building","C","equipment","core:ember_wand","1"
"building__C__69","building","C","equipment","core:harvest_scythe","1"
"building__C__69","building","C","equipment","core:iron_blade","1"
"building__C__69","building","C","equipment","core:ward_orbit","1"
"building__C__69","building","C","equipment","core:carpenter_hammer","1"
"building__C__69","building","C","equipment","core:hedge_drum","1"
"building__C__69","building","C","equipment","core:muster_horn","1"
"building__C__69","building","C","equipment","core:seed_bag","1"
"building__C__69","building","C","charter","core:guarded_harvest","13"
"building__C__69","building","C","charter","core:meal_oath","5"
"building__C__69","building","C","charter","core:rally_boundary","4"
"building__C__69","building","C","charter","core:repair_tithe","2"
"building__C__69","building","C","item","core:boundary_hinge","1"
"building__C__69","building","C","item","core:levy_bread_wrap","1"
"building__C__69","building","C","item","core:meadow_buckle","1"
"building__C__69","building","C","item","core:muster_roll","5"
"building__C__69","building","C","item","core:return_path_knot","1"
"building__C__69","building","C","item","core:root_binding_cord","2"
"building__C__69","building","C","item","core:ruin_keystone","3"
"building__C__69","building","C","item","core:seed_pouch_lining","6"
"building__C__69","building","C","item","core:wind_seed_flag","4"
"building__C__69","building","C","evolution","core:sheltered_sowing","1"
"building__C__69","building","C","evolution","core:sowing_sworddance","1"
"building__C__70","building","C","equipment","core:ember_wand","1"
"building__C__70","building","C","equipment","core:harvest_scythe","1"
"building__C__70","building","C","equipment","core:iron_blade","1"
"building__C__70","building","C","equipment","core:ward_orbit","1"
"building__C__70","building","C","equipment","core:carpenter_hammer","1"
"building__C__70","building","C","equipment","core:hedge_drum","1"
"building__C__70","building","C","equipment","core:muster_horn","1"
"building__C__70","building","C","equipment","core:seed_bag","1"
"building__C__70","building","C","charter","core:guarded_harvest","3"
"building__C__70","building","C","charter","core:meal_oath","7"
"building__C__70","building","C","charter","core:rally_boundary","8"
"building__C__70","building","C","charter","core:repair_tithe","18"
"building__C__70","building","C","item","core:boundary_hinge","2"
"building__C__70","building","C","item","core:joiner_square","1"
"building__C__70","building","C","item","core:levy_bread_wrap","1"
"building__C__70","building","C","item","core:meadow_buckle","4"
"building__C__70","building","C","item","core:muster_roll","3"
"building__C__70","building","C","item","core:return_path_knot","1"
"building__C__70","building","C","item","core:root_binding_cord","1"
"building__C__70","building","C","item","core:ruin_keystone","1"
"building__C__70","building","C","item","core:seed_pouch_lining","3"
"building__C__70","building","C","item","core:shock_absorber_pad","3"
"building__C__70","building","C","item","core:wind_seed_flag","4"
"building__C__70","building","C","evolution","core:sheltered_sowing","1"
"building__C__70","building","C","evolution","core:sowing_sworddance","1"
"building__C__71","building","C","equipment","core:ember_wand","1"
"building__C__71","building","C","equipment","core:harvest_scythe","1"
"building__C__71","building","C","equipment","core:iron_blade","1"
"building__C__71","building","C","equipment","core:ward_orbit","1"
"building__C__71","building","C","equipment","core:carpenter_hammer","1"
"building__C__71","building","C","equipment","core:hedge_drum","1"
"building__C__71","building","C","equipment","core:muster_horn","1"
"building__C__71","building","C","equipment","core:seed_bag","1"
"building__C__71","building","C","charter","core:guarded_harvest","8"
"building__C__71","building","C","charter","core:meal_oath","6"
"building__C__71","building","C","charter","core:rally_boundary","11"
"building__C__71","building","C","charter","core:repair_tithe","8"
"building__C__71","building","C","item","core:joiner_square","2"
"building__C__71","building","C","item","core:levy_bread_wrap","1"
"building__C__71","building","C","item","core:meadow_buckle","1"
"building__C__71","building","C","item","core:muster_roll","2"
"building__C__71","building","C","item","core:return_path_knot","1"
"building__C__71","building","C","item","core:root_binding_cord","5"
"building__C__71","building","C","item","core:scaffold_step","5"
"building__C__71","building","C","item","core:seed_pouch_lining","4"
"building__C__71","building","C","item","core:shock_absorber_pad","1"
"building__C__71","building","C","item","core:wind_seed_flag","2"
"building__C__71","building","C","evolution","core:sheltered_sowing","1"
"building__C__71","building","C","evolution","core:sowing_sworddance","1"
"building__C__72","building","C","equipment","core:ember_wand","1"
"building__C__72","building","C","equipment","core:harvest_scythe","1"
"building__C__72","building","C","equipment","core:iron_blade","1"
"building__C__72","building","C","equipment","core:ward_orbit","1"
"building__C__72","building","C","equipment","core:muster_horn","1"
"building__C__72","building","C","equipment","core:seed_bag","1"
"building__C__72","building","C","charter","core:guarded_harvest","9"
"building__C__72","building","C","charter","core:meal_oath","15"
"building__C__72","building","C","charter","core:rally_boundary","8"
"building__C__72","building","C","charter","core:repair_tithe","2"
"building__C__72","building","C","item","core:levy_bread_wrap","2"
"building__C__72","building","C","item","core:meadow_buckle","2"
"building__C__72","building","C","item","core:muster_roll","2"
"building__C__72","building","C","item","core:return_path_knot","4"
"building__C__72","building","C","item","core:root_binding_cord","5"
"building__C__72","building","C","item","core:seed_pouch_lining","4"
"building__C__72","building","C","item","core:wind_seed_flag","4"
"building__C__72","building","C","evolution","core:sowing_sworddance","1"
"building__C__73","building","C","equipment","core:ember_wand","1"
"building__C__73","building","C","equipment","core:harvest_scythe","1"
"building__C__73","building","C","equipment","core:iron_blade","1"
"building__C__73","building","C","equipment","core:ward_orbit","1"
"building__C__73","building","C","equipment","core:carpenter_hammer","1"
"building__C__73","building","C","equipment","core:hedge_drum","1"
"building__C__73","building","C","equipment","core:muster_horn","1"
"building__C__73","building","C","equipment","core:seed_bag","1"
"building__C__73","building","C","charter","core:guarded_harvest","8"
"building__C__73","building","C","charter","core:meal_oath","8"
"building__C__73","building","C","charter","core:rally_boundary","9"
"building__C__73","building","C","charter","core:repair_tithe","6"
"building__C__73","building","C","item","core:boundary_hinge","3"
"building__C__73","building","C","item","core:joiner_square","1"
"building__C__73","building","C","item","core:levy_bread_wrap","1"
"building__C__73","building","C","item","core:meadow_buckle","2"
"building__C__73","building","C","item","core:muster_roll","2"
"building__C__73","building","C","item","core:return_path_knot","2"
"building__C__73","building","C","item","core:root_binding_cord","3"
"building__C__73","building","C","item","core:ruin_keystone","1"
"building__C__73","building","C","item","core:seed_pouch_lining","3"
"building__C__73","building","C","item","core:shock_absorber_pad","2"
"building__C__73","building","C","item","core:wind_seed_flag","4"
"building__C__73","building","C","evolution","core:sheltered_sowing","1"
"building__C__73","building","C","evolution","core:sowing_sworddance","1"
"people__A__42","people","A","equipment","core:ember_wand","1"
"people__A__42","people","A","equipment","core:harvest_scythe","1"
"people__A__42","people","A","equipment","core:iron_blade","1"
"people__A__42","people","A","equipment","core:ward_orbit","1"
"people__A__42","people","A","equipment","core:carpenter_hammer","1"
"people__A__42","people","A","equipment","core:hedge_drum","1"
"people__A__42","people","A","equipment","core:muster_horn","1"
"people__A__42","people","A","equipment","core:seed_bag","1"
"people__A__42","people","A","charter","core:guarded_harvest","8"
"people__A__42","people","A","charter","core:meal_oath","7"
"people__A__42","people","A","charter","core:rally_boundary","10"
"people__A__42","people","A","charter","core:repair_tithe","3"
"people__A__42","people","A","item","core:boundary_hinge","2"
"people__A__42","people","A","item","core:joiner_square","2"
"people__A__42","people","A","item","core:meadow_buckle","2"
"people__A__42","people","A","item","core:muster_roll","2"
"people__A__42","people","A","item","core:return_path_knot","3"
"people__A__42","people","A","item","core:root_binding_cord","1"
"people__A__42","people","A","item","core:ruin_keystone","4"
"people__A__42","people","A","item","core:scaffold_step","1"
"people__A__42","people","A","item","core:seed_pouch_lining","2"
"people__A__42","people","A","item","core:shock_absorber_pad","3"
"people__A__42","people","A","item","core:wind_seed_flag","2"
"people__A__42","people","A","evolution","core:sheltered_sowing","1"
"people__A__42","people","A","evolution","core:sowing_sworddance","1"
"people__A__43","people","A","equipment","core:ember_wand","1"
"people__A__43","people","A","equipment","core:harvest_scythe","1"
"people__A__43","people","A","equipment","core:iron_blade","1"
"people__A__43","people","A","equipment","core:ward_orbit","1"
"people__A__43","people","A","equipment","core:carpenter_hammer","1"
"people__A__43","people","A","equipment","core:hedge_drum","1"
"people__A__43","people","A","equipment","core:muster_horn","1"
"people__A__43","people","A","equipment","core:seed_bag","1"
"people__A__43","people","A","charter","core:guarded_harvest","11"
"people__A__43","people","A","charter","core:meal_oath","9"
"people__A__43","people","A","charter","core:rally_boundary","10"
"people__A__43","people","A","charter","core:repair_tithe","7"
"people__A__43","people","A","item","core:boundary_hinge","4"
"people__A__43","people","A","item","core:joiner_square","2"
"people__A__43","people","A","item","core:meadow_buckle","1"
"people__A__43","people","A","item","core:return_path_knot","2"
"people__A__43","people","A","item","core:root_binding_cord","1"
"people__A__43","people","A","item","core:ruin_keystone","2"
"people__A__43","people","A","item","core:scaffold_step","1"
"people__A__43","people","A","item","core:seed_pouch_lining","4"
"people__A__43","people","A","item","core:shock_absorber_pad","2"
"people__A__43","people","A","item","core:wind_seed_flag","5"
"people__A__43","people","A","evolution","core:sheltered_sowing","1"
"people__A__43","people","A","evolution","core:sowing_sworddance","1"
"people__A__44","people","A","equipment","core:ember_wand","1"
"people__A__44","people","A","equipment","core:harvest_scythe","1"
"people__A__44","people","A","equipment","core:iron_blade","1"
"people__A__44","people","A","equipment","core:ward_orbit","1"
"people__A__44","people","A","equipment","core:muster_horn","1"
"people__A__44","people","A","equipment","core:seed_bag","1"
"people__A__44","people","A","charter","core:guarded_harvest","5"
"people__A__44","people","A","charter","core:meal_oath","7"
"people__A__44","people","A","charter","core:rally_boundary","11"
"people__A__44","people","A","charter","core:repair_tithe","1"
"people__A__44","people","A","item","core:levy_bread_wrap","7"
"people__A__44","people","A","item","core:meadow_buckle","4"
"people__A__44","people","A","item","core:muster_roll","3"
"people__A__44","people","A","item","core:return_path_knot","4"
"people__A__44","people","A","item","core:root_binding_cord","2"
"people__A__44","people","A","item","core:seed_pouch_lining","4"
"people__A__44","people","A","evolution","core:sowing_sworddance","1"
"people__A__45","people","A","equipment","core:ember_wand","1"
"people__A__45","people","A","equipment","core:harvest_scythe","1"
"people__A__45","people","A","equipment","core:iron_blade","1"
"people__A__45","people","A","equipment","core:ward_orbit","1"
"people__A__45","people","A","equipment","core:carpenter_hammer","1"
"people__A__45","people","A","equipment","core:hedge_drum","1"
"people__A__45","people","A","equipment","core:muster_horn","1"
"people__A__45","people","A","equipment","core:seed_bag","1"
"people__A__45","people","A","charter","core:guarded_harvest","5"
"people__A__45","people","A","charter","core:meal_oath","8"
"people__A__45","people","A","charter","core:rally_boundary","12"
"people__A__45","people","A","charter","core:repair_tithe","10"
"people__A__45","people","A","item","core:joiner_square","2"
"people__A__45","people","A","item","core:levy_bread_wrap","1"
"people__A__45","people","A","item","core:meadow_buckle","3"
"people__A__45","people","A","item","core:muster_roll","3"
"people__A__45","people","A","item","core:return_path_knot","4"
"people__A__45","people","A","item","core:root_binding_cord","2"
"people__A__45","people","A","item","core:scaffold_step","2"
"people__A__45","people","A","item","core:seed_pouch_lining","2"
"people__A__45","people","A","item","core:shock_absorber_pad","1"
"people__A__45","people","A","item","core:wind_seed_flag","3"
"people__A__45","people","A","evolution","core:sheltered_sowing","1"
"people__A__45","people","A","evolution","core:sowing_sworddance","1"
"people__A__46","people","A","equipment","core:ember_wand","1"
"people__A__46","people","A","equipment","core:harvest_scythe","1"
"people__A__46","people","A","equipment","core:iron_blade","1"
"people__A__46","people","A","equipment","core:ward_orbit","1"
"people__A__46","people","A","equipment","core:carpenter_hammer","1"
"people__A__46","people","A","equipment","core:hedge_drum","1"
"people__A__46","people","A","equipment","core:muster_horn","1"
"people__A__46","people","A","equipment","core:seed_bag","1"
"people__A__46","people","A","charter","core:guarded_harvest","9"
"people__A__46","people","A","charter","core:meal_oath","16"
"people__A__46","people","A","charter","core:rally_boundary","16"
"people__A__46","people","A","charter","core:repair_tithe","5"
"people__A__46","people","A","item","core:boundary_hinge","2"
"people__A__46","people","A","item","core:levy_bread_wrap","3"
"people__A__46","people","A","item","core:meadow_buckle","5"
"people__A__46","people","A","item","core:muster_roll","2"
"people__A__46","people","A","item","core:return_path_knot","2"
"people__A__46","people","A","item","core:root_binding_cord","1"
"people__A__46","people","A","item","core:scaffold_step","2"
"people__A__46","people","A","item","core:seed_pouch_lining","2"
"people__A__46","people","A","item","core:shock_absorber_pad","3"
"people__A__46","people","A","item","core:wind_seed_flag","2"
"people__A__46","people","A","evolution","core:sheltered_sowing","1"
"people__A__46","people","A","evolution","core:sowing_sworddance","1"
"people__A__47","people","A","equipment","core:ember_wand","1"
"people__A__47","people","A","equipment","core:harvest_scythe","1"
"people__A__47","people","A","equipment","core:iron_blade","1"
"people__A__47","people","A","equipment","core:ward_orbit","1"
"people__A__47","people","A","equipment","core:carpenter_hammer","1"
"people__A__47","people","A","equipment","core:hedge_drum","1"
"people__A__47","people","A","equipment","core:muster_horn","1"
"people__A__47","people","A","equipment","core:seed_bag","1"
"people__A__47","people","A","charter","core:guarded_harvest","5"
"people__A__47","people","A","charter","core:meal_oath","17"
"people__A__47","people","A","charter","core:rally_boundary","5"
"people__A__47","people","A","charter","core:repair_tithe","1"
"people__A__47","people","A","item","core:boundary_hinge","4"
"people__A__47","people","A","item","core:levy_bread_wrap","2"
"people__A__47","people","A","item","core:meadow_buckle","3"
"people__A__47","people","A","item","core:return_path_knot","1"
"people__A__47","people","A","item","core:root_binding_cord","3"
"people__A__47","people","A","item","core:ruin_keystone","1"
"people__A__47","people","A","item","core:scaffold_step","4"
"people__A__47","people","A","item","core:seed_pouch_lining","3"
"people__A__47","people","A","item","core:shock_absorber_pad","3"
"people__A__47","people","A","evolution","core:sheltered_sowing","1"
"people__A__47","people","A","evolution","core:sowing_sworddance","1"
"people__A__48","people","A","equipment","core:ember_wand","1"
"people__A__48","people","A","equipment","core:harvest_scythe","1"
"people__A__48","people","A","equipment","core:iron_blade","1"
"people__A__48","people","A","equipment","core:ward_orbit","1"
"people__A__48","people","A","equipment","core:carpenter_hammer","1"
"people__A__48","people","A","equipment","core:hedge_drum","1"
"people__A__48","people","A","equipment","core:muster_horn","1"
"people__A__48","people","A","equipment","core:seed_bag","1"
"people__A__48","people","A","charter","core:guarded_harvest","10"
"people__A__48","people","A","charter","core:meal_oath","10"
"people__A__48","people","A","charter","core:rally_boundary","6"
"people__A__48","people","A","charter","core:repair_tithe","8"
"people__A__48","people","A","item","core:boundary_hinge","2"
"people__A__48","people","A","item","core:levy_bread_wrap","4"
"people__A__48","people","A","item","core:meadow_buckle","3"
"people__A__48","people","A","item","core:muster_roll","2"
"people__A__48","people","A","item","core:return_path_knot","2"
"people__A__48","people","A","item","core:root_binding_cord","5"
"people__A__48","people","A","item","core:ruin_keystone","2"
"people__A__48","people","A","item","core:seed_pouch_lining","1"
"people__A__48","people","A","item","core:shock_absorber_pad","1"
"people__A__48","people","A","item","core:wind_seed_flag","2"
"people__A__48","people","A","evolution","core:sheltered_sowing","1"
"people__A__48","people","A","evolution","core:sowing_sworddance","1"
"people__A__49","people","A","equipment","core:ember_wand","1"
"people__A__49","people","A","equipment","core:harvest_scythe","1"
"people__A__49","people","A","equipment","core:iron_blade","1"
"people__A__49","people","A","equipment","core:ward_orbit","1"
"people__A__49","people","A","equipment","core:carpenter_hammer","1"
"people__A__49","people","A","equipment","core:hedge_drum","1"
"people__A__49","people","A","equipment","core:muster_horn","1"
"people__A__49","people","A","equipment","core:seed_bag","1"
"people__A__49","people","A","charter","core:guarded_harvest","11"
"people__A__49","people","A","charter","core:meal_oath","9"
"people__A__49","people","A","charter","core:rally_boundary","10"
"people__A__49","people","A","charter","core:repair_tithe","7"
"people__A__49","people","A","item","core:boundary_hinge","1"
"people__A__49","people","A","item","core:joiner_square","2"
"people__A__49","people","A","item","core:levy_bread_wrap","4"
"people__A__49","people","A","item","core:muster_roll","6"
"people__A__49","people","A","item","core:return_path_knot","3"
"people__A__49","people","A","item","core:root_binding_cord","3"
"people__A__49","people","A","item","core:ruin_keystone","1"
"people__A__49","people","A","item","core:seed_pouch_lining","1"
"people__A__49","people","A","item","core:shock_absorber_pad","1"
"people__A__49","people","A","item","core:wind_seed_flag","2"
"people__A__49","people","A","evolution","core:sheltered_sowing","1"
"people__A__49","people","A","evolution","core:sowing_sworddance","1"
"people__A__50","people","A","equipment","core:ember_wand","1"
"people__A__50","people","A","equipment","core:harvest_scythe","1"
"people__A__50","people","A","equipment","core:iron_blade","1"
"people__A__50","people","A","equipment","core:ward_orbit","1"
"people__A__50","people","A","equipment","core:muster_horn","1"
"people__A__50","people","A","equipment","core:seed_bag","1"
"people__A__50","people","A","charter","core:guarded_harvest","12"
"people__A__50","people","A","charter","core:meal_oath","7"
"people__A__50","people","A","charter","core:rally_boundary","9"
"people__A__50","people","A","charter","core:repair_tithe","4"
"people__A__50","people","A","item","core:levy_bread_wrap","1"
"people__A__50","people","A","item","core:meadow_buckle","3"
"people__A__50","people","A","item","core:muster_roll","3"
"people__A__50","people","A","item","core:return_path_knot","3"
"people__A__50","people","A","item","core:root_binding_cord","3"
"people__A__50","people","A","item","core:seed_pouch_lining","7"
"people__A__50","people","A","item","core:wind_seed_flag","4"
"people__A__50","people","A","evolution","core:sowing_sworddance","1"
"people__A__51","people","A","equipment","core:ember_wand","1"
"people__A__51","people","A","equipment","core:harvest_scythe","1"
"people__A__51","people","A","equipment","core:iron_blade","1"
"people__A__51","people","A","equipment","core:ward_orbit","1"
"people__A__51","people","A","equipment","core:carpenter_hammer","1"
"people__A__51","people","A","equipment","core:muster_horn","1"
"people__A__51","people","A","equipment","core:seed_bag","1"
"people__A__51","people","A","charter","core:guarded_harvest","3"
"people__A__51","people","A","charter","core:meal_oath","7"
"people__A__51","people","A","charter","core:rally_boundary","8"
"people__A__51","people","A","item","core:boundary_hinge","1"
"people__A__51","people","A","item","core:joiner_square","1"
"people__A__51","people","A","item","core:levy_bread_wrap","3"
"people__A__51","people","A","item","core:meadow_buckle","3"
"people__A__51","people","A","item","core:return_path_knot","6"
"people__A__51","people","A","item","core:root_binding_cord","2"
"people__A__51","people","A","item","core:ruin_keystone","1"
"people__A__51","people","A","item","core:scaffold_step","1"
"people__A__51","people","A","item","core:seed_pouch_lining","2"
"people__A__51","people","A","item","core:wind_seed_flag","4"
"people__A__51","people","A","evolution","core:sheltered_sowing","1"
"people__A__51","people","A","evolution","core:sowing_sworddance","1"
"people__A__52","people","A","equipment","core:ember_wand","1"
"people__A__52","people","A","equipment","core:harvest_scythe","1"
"people__A__52","people","A","equipment","core:iron_blade","1"
"people__A__52","people","A","equipment","core:ward_orbit","1"
"people__A__52","people","A","equipment","core:carpenter_hammer","1"
"people__A__52","people","A","equipment","core:hedge_drum","1"
"people__A__52","people","A","equipment","core:muster_horn","1"
"people__A__52","people","A","equipment","core:seed_bag","1"
"people__A__52","people","A","charter","core:guarded_harvest","8"
"people__A__52","people","A","charter","core:meal_oath","13"
"people__A__52","people","A","charter","core:rally_boundary","12"
"people__A__52","people","A","item","core:boundary_hinge","3"
"people__A__52","people","A","item","core:joiner_square","1"
"people__A__52","people","A","item","core:levy_bread_wrap","3"
"people__A__52","people","A","item","core:meadow_buckle","1"
"people__A__52","people","A","item","core:muster_roll","1"
"people__A__52","people","A","item","core:return_path_knot","2"
"people__A__52","people","A","item","core:root_binding_cord","3"
"people__A__52","people","A","item","core:ruin_keystone","1"
"people__A__52","people","A","item","core:scaffold_step","2"
"people__A__52","people","A","item","core:seed_pouch_lining","3"
"people__A__52","people","A","item","core:wind_seed_flag","4"
"people__A__52","people","A","evolution","core:sheltered_sowing","1"
"people__A__52","people","A","evolution","core:sowing_sworddance","1"
"people__A__53","people","A","equipment","core:ember_wand","1"
"people__A__53","people","A","equipment","core:harvest_scythe","1"
"people__A__53","people","A","equipment","core:iron_blade","1"
"people__A__53","people","A","equipment","core:ward_orbit","1"
"people__A__53","people","A","equipment","core:muster_horn","1"
"people__A__53","people","A","equipment","core:seed_bag","1"
"people__A__53","people","A","charter","core:guarded_harvest","7"
"people__A__53","people","A","charter","core:meal_oath","15"
"people__A__53","people","A","charter","core:rally_boundary","6"
"people__A__53","people","A","item","core:levy_bread_wrap","2"
"people__A__53","people","A","item","core:meadow_buckle","3"
"people__A__53","people","A","item","core:muster_roll","6"
"people__A__53","people","A","item","core:return_path_knot","3"
"people__A__53","people","A","item","core:root_binding_cord","3"
"people__A__53","people","A","item","core:seed_pouch_lining","3"
"people__A__53","people","A","item","core:wind_seed_flag","4"
"people__A__53","people","A","evolution","core:sowing_sworddance","1"
"people__A__54","people","A","equipment","core:ember_wand","1"
"people__A__54","people","A","equipment","core:harvest_scythe","1"
"people__A__54","people","A","equipment","core:iron_blade","1"
"people__A__54","people","A","equipment","core:ward_orbit","1"
"people__A__54","people","A","equipment","core:carpenter_hammer","1"
"people__A__54","people","A","equipment","core:hedge_drum","1"
"people__A__54","people","A","equipment","core:muster_horn","1"
"people__A__54","people","A","equipment","core:seed_bag","1"
"people__A__54","people","A","charter","core:guarded_harvest","8"
"people__A__54","people","A","charter","core:meal_oath","15"
"people__A__54","people","A","charter","core:rally_boundary","9"
"people__A__54","people","A","charter","core:repair_tithe","2"
"people__A__54","people","A","item","core:boundary_hinge","3"
"people__A__54","people","A","item","core:joiner_square","1"
"people__A__54","people","A","item","core:levy_bread_wrap","2"
"people__A__54","people","A","item","core:meadow_buckle","4"
"people__A__54","people","A","item","core:muster_roll","3"
"people__A__54","people","A","item","core:return_path_knot","2"
"people__A__54","people","A","item","core:root_binding_cord","2"
"people__A__54","people","A","item","core:ruin_keystone","1"
"people__A__54","people","A","item","core:scaffold_step","2"
"people__A__54","people","A","item","core:shock_absorber_pad","1"
"people__A__54","people","A","item","core:wind_seed_flag","3"
"people__A__54","people","A","evolution","core:sheltered_sowing","1"
"people__A__54","people","A","evolution","core:sowing_sworddance","1"
"people__A__55","people","A","equipment","core:ember_wand","1"
"people__A__55","people","A","equipment","core:harvest_scythe","1"
"people__A__55","people","A","equipment","core:iron_blade","1"
"people__A__55","people","A","equipment","core:ward_orbit","1"
"people__A__55","people","A","equipment","core:carpenter_hammer","1"
"people__A__55","people","A","equipment","core:hedge_drum","1"
"people__A__55","people","A","equipment","core:muster_horn","1"
"people__A__55","people","A","equipment","core:seed_bag","1"
"people__A__55","people","A","charter","core:guarded_harvest","11"
"people__A__55","people","A","charter","core:meal_oath","8"
"people__A__55","people","A","charter","core:rally_boundary","10"
"people__A__55","people","A","charter","core:repair_tithe","2"
"people__A__55","people","A","item","core:joiner_square","2"
"people__A__55","people","A","item","core:levy_bread_wrap","2"
"people__A__55","people","A","item","core:meadow_buckle","3"
"people__A__55","people","A","item","core:muster_roll","3"
"people__A__55","people","A","item","core:return_path_knot","5"
"people__A__55","people","A","item","core:root_binding_cord","2"
"people__A__55","people","A","item","core:seed_pouch_lining","4"
"people__A__55","people","A","item","core:shock_absorber_pad","1"
"people__A__55","people","A","item","core:wind_seed_flag","2"
"people__A__55","people","A","evolution","core:sheltered_sowing","1"
"people__A__55","people","A","evolution","core:sowing_sworddance","1"
"people__A__56","people","A","equipment","core:ember_wand","1"
"people__A__56","people","A","equipment","core:harvest_scythe","1"
"people__A__56","people","A","equipment","core:iron_blade","1"
"people__A__56","people","A","equipment","core:ward_orbit","1"
"people__A__56","people","A","equipment","core:hedge_drum","1"
"people__A__56","people","A","equipment","core:muster_horn","1"
"people__A__56","people","A","equipment","core:seed_bag","1"
"people__A__56","people","A","charter","core:guarded_harvest","13"
"people__A__56","people","A","charter","core:meal_oath","13"
"people__A__56","people","A","charter","core:rally_boundary","16"
"people__A__56","people","A","item","core:levy_bread_wrap","4"
"people__A__56","people","A","item","core:meadow_buckle","4"
"people__A__56","people","A","item","core:muster_roll","2"
"people__A__56","people","A","item","core:return_path_knot","2"
"people__A__56","people","A","item","core:root_binding_cord","5"
"people__A__56","people","A","item","core:seed_pouch_lining","4"
"people__A__56","people","A","item","core:wind_seed_flag","3"
"people__A__56","people","A","evolution","core:sowing_sworddance","1"
"people__A__57","people","A","equipment","core:ember_wand","1"
"people__A__57","people","A","equipment","core:harvest_scythe","1"
"people__A__57","people","A","equipment","core:iron_blade","1"
"people__A__57","people","A","equipment","core:ward_orbit","1"
"people__A__57","people","A","equipment","core:muster_horn","1"
"people__A__57","people","A","equipment","core:seed_bag","1"
"people__A__57","people","A","charter","core:guarded_harvest","6"
"people__A__57","people","A","charter","core:meal_oath","6"
"people__A__57","people","A","charter","core:rally_boundary","12"
"people__A__57","people","A","item","core:meadow_buckle","5"
"people__A__57","people","A","item","core:muster_roll","2"
"people__A__57","people","A","item","core:return_path_knot","2"
"people__A__57","people","A","item","core:root_binding_cord","4"
"people__A__57","people","A","item","core:seed_pouch_lining","5"
"people__A__57","people","A","item","core:wind_seed_flag","6"
"people__A__57","people","A","evolution","core:sowing_sworddance","1"
"people__A__58","people","A","equipment","core:ember_wand","1"
"people__A__58","people","A","equipment","core:harvest_scythe","1"
"people__A__58","people","A","equipment","core:iron_blade","1"
"people__A__58","people","A","equipment","core:ward_orbit","1"
"people__A__58","people","A","equipment","core:carpenter_hammer","1"
"people__A__58","people","A","equipment","core:hedge_drum","1"
"people__A__58","people","A","equipment","core:muster_horn","1"
"people__A__58","people","A","equipment","core:seed_bag","1"
"people__A__58","people","A","charter","core:guarded_harvest","6"
"people__A__58","people","A","charter","core:meal_oath","16"
"people__A__58","people","A","charter","core:rally_boundary","5"
"people__A__58","people","A","charter","core:repair_tithe","7"
"people__A__58","people","A","item","core:boundary_hinge","2"
"people__A__58","people","A","item","core:joiner_square","3"
"people__A__58","people","A","item","core:levy_bread_wrap","2"
"people__A__58","people","A","item","core:meadow_buckle","3"
"people__A__58","people","A","item","core:muster_roll","2"
"people__A__58","people","A","item","core:return_path_knot","1"
"people__A__58","people","A","item","core:root_binding_cord","2"
"people__A__58","people","A","item","core:seed_pouch_lining","4"
"people__A__58","people","A","item","core:shock_absorber_pad","2"
"people__A__58","people","A","item","core:wind_seed_flag","3"
"people__A__58","people","A","evolution","core:sheltered_sowing","1"
"people__A__58","people","A","evolution","core:sowing_sworddance","1"
"people__A__59","people","A","equipment","core:ember_wand","1"
"people__A__59","people","A","equipment","core:harvest_scythe","1"
"people__A__59","people","A","equipment","core:iron_blade","1"
"people__A__59","people","A","equipment","core:ward_orbit","1"
"people__A__59","people","A","equipment","core:muster_horn","1"
"people__A__59","people","A","equipment","core:seed_bag","1"
"people__A__59","people","A","charter","core:guarded_harvest","6"
"people__A__59","people","A","charter","core:meal_oath","9"
"people__A__59","people","A","charter","core:rally_boundary","11"
"people__A__59","people","A","charter","core:repair_tithe","2"
"people__A__59","people","A","item","core:levy_bread_wrap","3"
"people__A__59","people","A","item","core:meadow_buckle","6"
"people__A__59","people","A","item","core:return_path_knot","2"
"people__A__59","people","A","item","core:root_binding_cord","4"
"people__A__59","people","A","item","core:seed_pouch_lining","2"
"people__A__59","people","A","item","core:wind_seed_flag","7"
"people__A__59","people","A","evolution","core:sowing_sworddance","1"
"people__A__60","people","A","equipment","core:ember_wand","1"
"people__A__60","people","A","equipment","core:harvest_scythe","1"
"people__A__60","people","A","equipment","core:iron_blade","1"
"people__A__60","people","A","equipment","core:ward_orbit","1"
"people__A__60","people","A","equipment","core:carpenter_hammer","1"
"people__A__60","people","A","equipment","core:hedge_drum","1"
"people__A__60","people","A","equipment","core:muster_horn","1"
"people__A__60","people","A","equipment","core:seed_bag","1"
"people__A__60","people","A","charter","core:guarded_harvest","8"
"people__A__60","people","A","charter","core:meal_oath","12"
"people__A__60","people","A","charter","core:rally_boundary","13"
"people__A__60","people","A","charter","core:repair_tithe","3"
"people__A__60","people","A","item","core:boundary_hinge","1"
"people__A__60","people","A","item","core:joiner_square","2"
"people__A__60","people","A","item","core:levy_bread_wrap","2"
"people__A__60","people","A","item","core:meadow_buckle","2"
"people__A__60","people","A","item","core:muster_roll","3"
"people__A__60","people","A","item","core:return_path_knot","1"
"people__A__60","people","A","item","core:root_binding_cord","2"
"people__A__60","people","A","item","core:ruin_keystone","3"
"people__A__60","people","A","item","core:scaffold_step","2"
"people__A__60","people","A","item","core:seed_pouch_lining","2"
"people__A__60","people","A","item","core:shock_absorber_pad","1"
"people__A__60","people","A","item","core:wind_seed_flag","2"
"people__A__60","people","A","evolution","core:sheltered_sowing","1"
"people__A__60","people","A","evolution","core:sowing_sworddance","1"
"people__A__61","people","A","equipment","core:ember_wand","1"
"people__A__61","people","A","equipment","core:harvest_scythe","1"
"people__A__61","people","A","equipment","core:iron_blade","1"
"people__A__61","people","A","equipment","core:ward_orbit","1"
"people__A__61","people","A","equipment","core:carpenter_hammer","1"
"people__A__61","people","A","equipment","core:muster_horn","1"
"people__A__61","people","A","equipment","core:seed_bag","1"
"people__A__61","people","A","charter","core:guarded_harvest","5"
"people__A__61","people","A","charter","core:meal_oath","10"
"people__A__61","people","A","charter","core:rally_boundary","11"
"people__A__61","people","A","charter","core:repair_tithe","6"
"people__A__61","people","A","item","core:boundary_hinge","1"
"people__A__61","people","A","item","core:joiner_square","2"
"people__A__61","people","A","item","core:levy_bread_wrap","6"
"people__A__61","people","A","item","core:meadow_buckle","2"
"people__A__61","people","A","item","core:muster_roll","1"
"people__A__61","people","A","item","core:return_path_knot","4"
"people__A__61","people","A","item","core:root_binding_cord","2"
"people__A__61","people","A","item","core:scaffold_step","1"
"people__A__61","people","A","item","core:seed_pouch_lining","2"
"people__A__61","people","A","item","core:shock_absorber_pad","1"
"people__A__61","people","A","item","core:wind_seed_flag","2"
"people__A__61","people","A","evolution","core:sheltered_sowing","1"
"people__A__61","people","A","evolution","core:sowing_sworddance","1"
"people__A__62","people","A","equipment","core:ember_wand","1"
"people__A__62","people","A","equipment","core:harvest_scythe","1"
"people__A__62","people","A","equipment","core:iron_blade","1"
"people__A__62","people","A","equipment","core:ward_orbit","1"
"people__A__62","people","A","equipment","core:muster_horn","1"
"people__A__62","people","A","equipment","core:seed_bag","1"
"people__A__62","people","A","charter","core:guarded_harvest","7"
"people__A__62","people","A","charter","core:meal_oath","9"
"people__A__62","people","A","charter","core:rally_boundary","8"
"people__A__62","people","A","item","core:levy_bread_wrap","1"
"people__A__62","people","A","item","core:meadow_buckle","4"
"people__A__62","people","A","item","core:muster_roll","3"
"people__A__62","people","A","item","core:return_path_knot","6"
"people__A__62","people","A","item","core:root_binding_cord","2"
"people__A__62","people","A","item","core:seed_pouch_lining","4"
"people__A__62","people","A","item","core:wind_seed_flag","4"
"people__A__62","people","A","evolution","core:sowing_sworddance","1"
"people__A__63","people","A","equipment","core:ember_wand","1"
"people__A__63","people","A","equipment","core:harvest_scythe","1"
"people__A__63","people","A","equipment","core:iron_blade","1"
"people__A__63","people","A","equipment","core:ward_orbit","1"
"people__A__63","people","A","equipment","core:carpenter_hammer","1"
"people__A__63","people","A","equipment","core:hedge_drum","1"
"people__A__63","people","A","equipment","core:muster_horn","1"
"people__A__63","people","A","equipment","core:seed_bag","1"
"people__A__63","people","A","charter","core:guarded_harvest","5"
"people__A__63","people","A","charter","core:meal_oath","10"
"people__A__63","people","A","charter","core:rally_boundary","12"
"people__A__63","people","A","charter","core:repair_tithe","3"
"people__A__63","people","A","item","core:boundary_hinge","1"
"people__A__63","people","A","item","core:joiner_square","2"
"people__A__63","people","A","item","core:levy_bread_wrap","1"
"people__A__63","people","A","item","core:meadow_buckle","2"
"people__A__63","people","A","item","core:muster_roll","3"
"people__A__63","people","A","item","core:return_path_knot","4"
"people__A__63","people","A","item","core:root_binding_cord","1"
"people__A__63","people","A","item","core:scaffold_step","2"
"people__A__63","people","A","item","core:seed_pouch_lining","4"
"people__A__63","people","A","item","core:shock_absorber_pad","1"
"people__A__63","people","A","item","core:wind_seed_flag","2"
"people__A__63","people","A","evolution","core:sheltered_sowing","1"
"people__A__63","people","A","evolution","core:sowing_sworddance","1"
"people__A__64","people","A","equipment","core:ember_wand","1"
"people__A__64","people","A","equipment","core:harvest_scythe","1"
"people__A__64","people","A","equipment","core:iron_blade","1"
"people__A__64","people","A","equipment","core:ward_orbit","1"
"people__A__64","people","A","equipment","core:muster_horn","1"
"people__A__64","people","A","equipment","core:seed_bag","1"
"people__A__64","people","A","charter","core:guarded_harvest","8"
"people__A__64","people","A","charter","core:meal_oath","13"
"people__A__64","people","A","charter","core:rally_boundary","7"
"people__A__64","people","A","item","core:levy_bread_wrap","3"
"people__A__64","people","A","item","core:meadow_buckle","3"
"people__A__64","people","A","item","core:muster_roll","2"
"people__A__64","people","A","item","core:return_path_knot","1"
"people__A__64","people","A","item","core:root_binding_cord","4"
"people__A__64","people","A","item","core:seed_pouch_lining","3"
"people__A__64","people","A","item","core:wind_seed_flag","6"
"people__A__64","people","A","evolution","core:sowing_sworddance","1"
"people__A__65","people","A","equipment","core:ember_wand","1"
"people__A__65","people","A","equipment","core:harvest_scythe","1"
"people__A__65","people","A","equipment","core:iron_blade","1"
"people__A__65","people","A","equipment","core:ward_orbit","1"
"people__A__65","people","A","equipment","core:carpenter_hammer","1"
"people__A__65","people","A","equipment","core:hedge_drum","1"
"people__A__65","people","A","equipment","core:muster_horn","1"
"people__A__65","people","A","equipment","core:seed_bag","1"
"people__A__65","people","A","charter","core:guarded_harvest","5"
"people__A__65","people","A","charter","core:meal_oath","9"
"people__A__65","people","A","charter","core:rally_boundary","21"
"people__A__65","people","A","charter","core:repair_tithe","1"
"people__A__65","people","A","item","core:boundary_hinge","2"
"people__A__65","people","A","item","core:joiner_square","1"
"people__A__65","people","A","item","core:levy_bread_wrap","2"
"people__A__65","people","A","item","core:meadow_buckle","3"
"people__A__65","people","A","item","core:muster_roll","2"
"people__A__65","people","A","item","core:return_path_knot","2"
"people__A__65","people","A","item","core:root_binding_cord","2"
"people__A__65","people","A","item","core:ruin_keystone","2"
"people__A__65","people","A","item","core:scaffold_step","2"
"people__A__65","people","A","item","core:seed_pouch_lining","2"
"people__A__65","people","A","item","core:shock_absorber_pad","4"
"people__A__65","people","A","evolution","core:sheltered_sowing","1"
"people__A__65","people","A","evolution","core:sowing_sworddance","1"
"people__A__66","people","A","equipment","core:ember_wand","1"
"people__A__66","people","A","equipment","core:harvest_scythe","1"
"people__A__66","people","A","equipment","core:iron_blade","1"
"people__A__66","people","A","equipment","core:ward_orbit","1"
"people__A__66","people","A","equipment","core:carpenter_hammer","1"
"people__A__66","people","A","equipment","core:hedge_drum","1"
"people__A__66","people","A","equipment","core:muster_horn","1"
"people__A__66","people","A","equipment","core:seed_bag","1"
"people__A__66","people","A","charter","core:guarded_harvest","5"
"people__A__66","people","A","charter","core:meal_oath","8"
"people__A__66","people","A","charter","core:rally_boundary","11"
"people__A__66","people","A","charter","core:repair_tithe","4"
"people__A__66","people","A","item","core:boundary_hinge","2"
"people__A__66","people","A","item","core:joiner_square","3"
"people__A__66","people","A","item","core:levy_bread_wrap","2"
"people__A__66","people","A","item","core:meadow_buckle","1"
"people__A__66","people","A","item","core:muster_roll","1"
"people__A__66","people","A","item","core:return_path_knot","3"
"people__A__66","people","A","item","core:root_binding_cord","4"
"people__A__66","people","A","item","core:ruin_keystone","3"
"people__A__66","people","A","item","core:scaffold_step","1"
"people__A__66","people","A","item","core:seed_pouch_lining","2"
"people__A__66","people","A","item","core:shock_absorber_pad","1"
"people__A__66","people","A","item","core:wind_seed_flag","1"
"people__A__66","people","A","evolution","core:sheltered_sowing","1"
"people__A__66","people","A","evolution","core:sowing_sworddance","1"
"people__A__67","people","A","equipment","core:ember_wand","1"
"people__A__67","people","A","equipment","core:harvest_scythe","1"
"people__A__67","people","A","equipment","core:iron_blade","1"
"people__A__67","people","A","equipment","core:ward_orbit","1"
"people__A__67","people","A","equipment","core:muster_horn","1"
"people__A__67","people","A","equipment","core:seed_bag","1"
"people__A__67","people","A","charter","core:guarded_harvest","4"
"people__A__67","people","A","charter","core:meal_oath","10"
"people__A__67","people","A","charter","core:rally_boundary","21"
"people__A__67","people","A","charter","core:repair_tithe","2"
"people__A__67","people","A","item","core:levy_bread_wrap","4"
"people__A__67","people","A","item","core:meadow_buckle","5"
"people__A__67","people","A","item","core:muster_roll","2"
"people__A__67","people","A","item","core:return_path_knot","4"
"people__A__67","people","A","item","core:root_binding_cord","1"
"people__A__67","people","A","item","core:seed_pouch_lining","2"
"people__A__67","people","A","item","core:wind_seed_flag","5"
"people__A__67","people","A","evolution","core:sowing_sworddance","1"
"people__A__68","people","A","equipment","core:ember_wand","1"
"people__A__68","people","A","equipment","core:harvest_scythe","1"
"people__A__68","people","A","equipment","core:iron_blade","1"
"people__A__68","people","A","equipment","core:ward_orbit","1"
"people__A__68","people","A","equipment","core:carpenter_hammer","1"
"people__A__68","people","A","equipment","core:hedge_drum","1"
"people__A__68","people","A","equipment","core:muster_horn","1"
"people__A__68","people","A","equipment","core:seed_bag","1"
"people__A__68","people","A","charter","core:guarded_harvest","6"
"people__A__68","people","A","charter","core:meal_oath","8"
"people__A__68","people","A","charter","core:rally_boundary","10"
"people__A__68","people","A","charter","core:repair_tithe","12"
"people__A__68","people","A","item","core:boundary_hinge","4"
"people__A__68","people","A","item","core:joiner_square","1"
"people__A__68","people","A","item","core:levy_bread_wrap","3"
"people__A__68","people","A","item","core:meadow_buckle","1"
"people__A__68","people","A","item","core:muster_roll","2"
"people__A__68","people","A","item","core:return_path_knot","4"
"people__A__68","people","A","item","core:root_binding_cord","2"
"people__A__68","people","A","item","core:ruin_keystone","2"
"people__A__68","people","A","item","core:scaffold_step","1"
"people__A__68","people","A","item","core:seed_pouch_lining","2"
"people__A__68","people","A","item","core:shock_absorber_pad","1"
"people__A__68","people","A","item","core:wind_seed_flag","1"
"people__A__68","people","A","evolution","core:sheltered_sowing","1"
"people__A__68","people","A","evolution","core:sowing_sworddance","1"
"people__A__69","people","A","equipment","core:ember_wand","1"
"people__A__69","people","A","equipment","core:harvest_scythe","1"
"people__A__69","people","A","equipment","core:iron_blade","1"
"people__A__69","people","A","equipment","core:ward_orbit","1"
"people__A__69","people","A","equipment","core:carpenter_hammer","1"
"people__A__69","people","A","equipment","core:hedge_drum","1"
"people__A__69","people","A","equipment","core:muster_horn","1"
"people__A__69","people","A","equipment","core:seed_bag","1"
"people__A__69","people","A","charter","core:guarded_harvest","14"
"people__A__69","people","A","charter","core:meal_oath","6"
"people__A__69","people","A","charter","core:rally_boundary","13"
"people__A__69","people","A","charter","core:repair_tithe","7"
"people__A__69","people","A","item","core:boundary_hinge","3"
"people__A__69","people","A","item","core:joiner_square","3"
"people__A__69","people","A","item","core:levy_bread_wrap","3"
"people__A__69","people","A","item","core:meadow_buckle","1"
"people__A__69","people","A","item","core:muster_roll","4"
"people__A__69","people","A","item","core:return_path_knot","1"
"people__A__69","people","A","item","core:root_binding_cord","3"
"people__A__69","people","A","item","core:ruin_keystone","3"
"people__A__69","people","A","item","core:scaffold_step","1"
"people__A__69","people","A","item","core:seed_pouch_lining","2"
"people__A__69","people","A","evolution","core:sheltered_sowing","1"
"people__A__69","people","A","evolution","core:sowing_sworddance","1"
"people__A__70","people","A","equipment","core:ember_wand","1"
"people__A__70","people","A","equipment","core:harvest_scythe","1"
"people__A__70","people","A","equipment","core:iron_blade","1"
"people__A__70","people","A","equipment","core:ward_orbit","1"
"people__A__70","people","A","equipment","core:muster_horn","1"
"people__A__70","people","A","equipment","core:seed_bag","1"
"people__A__70","people","A","charter","core:guarded_harvest","7"
"people__A__70","people","A","charter","core:meal_oath","13"
"people__A__70","people","A","charter","core:rally_boundary","10"
"people__A__70","people","A","item","core:levy_bread_wrap","1"
"people__A__70","people","A","item","core:meadow_buckle","6"
"people__A__70","people","A","item","core:muster_roll","1"
"people__A__70","people","A","item","core:return_path_knot","3"
"people__A__70","people","A","item","core:root_binding_cord","2"
"people__A__70","people","A","item","core:seed_pouch_lining","5"
"people__A__70","people","A","item","core:wind_seed_flag","6"
"people__A__70","people","A","evolution","core:sowing_sworddance","1"
"people__A__71","people","A","equipment","core:ember_wand","1"
"people__A__71","people","A","equipment","core:harvest_scythe","1"
"people__A__71","people","A","equipment","core:iron_blade","1"
"people__A__71","people","A","equipment","core:ward_orbit","1"
"people__A__71","people","A","equipment","core:carpenter_hammer","1"
"people__A__71","people","A","equipment","core:hedge_drum","1"
"people__A__71","people","A","equipment","core:muster_horn","1"
"people__A__71","people","A","equipment","core:seed_bag","1"
"people__A__71","people","A","charter","core:guarded_harvest","1"
"people__A__71","people","A","charter","core:meal_oath","13"
"people__A__71","people","A","charter","core:rally_boundary","7"
"people__A__71","people","A","charter","core:repair_tithe","10"
"people__A__71","people","A","item","core:boundary_hinge","3"
"people__A__71","people","A","item","core:joiner_square","2"
"people__A__71","people","A","item","core:levy_bread_wrap","2"
"people__A__71","people","A","item","core:meadow_buckle","1"
"people__A__71","people","A","item","core:muster_roll","3"
"people__A__71","people","A","item","core:return_path_knot","3"
"people__A__71","people","A","item","core:root_binding_cord","4"
"people__A__71","people","A","item","core:ruin_keystone","1"
"people__A__71","people","A","item","core:scaffold_step","3"
"people__A__71","people","A","item","core:seed_pouch_lining","1"
"people__A__71","people","A","item","core:shock_absorber_pad","1"
"people__A__71","people","A","evolution","core:sheltered_sowing","1"
"people__A__71","people","A","evolution","core:sowing_sworddance","1"
"people__A__72","people","A","equipment","core:ember_wand","1"
"people__A__72","people","A","equipment","core:harvest_scythe","1"
"people__A__72","people","A","equipment","core:iron_blade","1"
"people__A__72","people","A","equipment","core:ward_orbit","1"
"people__A__72","people","A","equipment","core:muster_horn","1"
"people__A__72","people","A","equipment","core:seed_bag","1"
"people__A__72","people","A","charter","core:guarded_harvest","6"
"people__A__72","people","A","charter","core:meal_oath","10"
"people__A__72","people","A","charter","core:rally_boundary","12"
"people__A__72","people","A","item","core:levy_bread_wrap","3"
"people__A__72","people","A","item","core:meadow_buckle","2"
"people__A__72","people","A","item","core:muster_roll","2"
"people__A__72","people","A","item","core:return_path_knot","4"
"people__A__72","people","A","item","core:root_binding_cord","6"
"people__A__72","people","A","item","core:seed_pouch_lining","2"
"people__A__72","people","A","item","core:wind_seed_flag","5"
"people__A__72","people","A","evolution","core:sowing_sworddance","1"
"people__A__73","people","A","equipment","core:ember_wand","1"
"people__A__73","people","A","equipment","core:harvest_scythe","1"
"people__A__73","people","A","equipment","core:iron_blade","1"
"people__A__73","people","A","equipment","core:ward_orbit","1"
"people__A__73","people","A","equipment","core:carpenter_hammer","1"
"people__A__73","people","A","equipment","core:hedge_drum","1"
"people__A__73","people","A","equipment","core:muster_horn","1"
"people__A__73","people","A","equipment","core:seed_bag","1"
"people__A__73","people","A","charter","core:guarded_harvest","18"
"people__A__73","people","A","charter","core:meal_oath","11"
"people__A__73","people","A","charter","core:rally_boundary","8"
"people__A__73","people","A","item","core:joiner_square","1"
"people__A__73","people","A","item","core:levy_bread_wrap","1"
"people__A__73","people","A","item","core:meadow_buckle","5"
"people__A__73","people","A","item","core:muster_roll","4"
"people__A__73","people","A","item","core:root_binding_cord","3"
"people__A__73","people","A","item","core:ruin_keystone","2"
"people__A__73","people","A","item","core:scaffold_step","1"
"people__A__73","people","A","item","core:seed_pouch_lining","3"
"people__A__73","people","A","item","core:shock_absorber_pad","1"
"people__A__73","people","A","item","core:wind_seed_flag","2"
"people__A__73","people","A","evolution","core:sheltered_sowing","1"
"people__A__73","people","A","evolution","core:sowing_sworddance","1"
"people__B__42","people","B","equipment","core:ember_wand","1"
"people__B__42","people","B","equipment","core:harvest_scythe","1"
"people__B__42","people","B","equipment","core:iron_blade","1"
"people__B__42","people","B","equipment","core:ward_orbit","1"
"people__B__42","people","B","equipment","core:carpenter_hammer","1"
"people__B__42","people","B","equipment","core:hedge_drum","1"
"people__B__42","people","B","equipment","core:muster_horn","1"
"people__B__42","people","B","equipment","core:seed_bag","1"
"people__B__42","people","B","charter","core:guarded_harvest","10"
"people__B__42","people","B","charter","core:meal_oath","7"
"people__B__42","people","B","charter","core:rally_boundary","10"
"people__B__42","people","B","charter","core:repair_tithe","3"
"people__B__42","people","B","item","core:boundary_hinge","1"
"people__B__42","people","B","item","core:joiner_square","2"
"people__B__42","people","B","item","core:levy_bread_wrap","3"
"people__B__42","people","B","item","core:meadow_buckle","3"
"people__B__42","people","B","item","core:muster_roll","2"
"people__B__42","people","B","item","core:root_binding_cord","2"
"people__B__42","people","B","item","core:scaffold_step","1"
"people__B__42","people","B","item","core:seed_pouch_lining","3"
"people__B__42","people","B","item","core:shock_absorber_pad","1"
"people__B__42","people","B","item","core:wind_seed_flag","6"
"people__B__42","people","B","evolution","core:sheltered_sowing","1"
"people__B__42","people","B","evolution","core:sowing_sworddance","1"
"people__B__43","people","B","equipment","core:ember_wand","1"
"people__B__43","people","B","equipment","core:harvest_scythe","1"
"people__B__43","people","B","equipment","core:iron_blade","1"
"people__B__43","people","B","equipment","core:ward_orbit","1"
"people__B__43","people","B","equipment","core:carpenter_hammer","1"
"people__B__43","people","B","equipment","core:hedge_drum","1"
"people__B__43","people","B","equipment","core:muster_horn","1"
"people__B__43","people","B","equipment","core:seed_bag","1"
"people__B__43","people","B","charter","core:guarded_harvest","14"
"people__B__43","people","B","charter","core:meal_oath","15"
"people__B__43","people","B","charter","core:rally_boundary","3"
"people__B__43","people","B","charter","core:repair_tithe","4"
"people__B__43","people","B","item","core:boundary_hinge","1"
"people__B__43","people","B","item","core:levy_bread_wrap","3"
"people__B__43","people","B","item","core:meadow_buckle","4"
"people__B__43","people","B","item","core:muster_roll","5"
"people__B__43","people","B","item","core:return_path_knot","1"
"people__B__43","people","B","item","core:root_binding_cord","2"
"people__B__43","people","B","item","core:ruin_keystone","1"
"people__B__43","people","B","item","core:scaffold_step","2"
"people__B__43","people","B","item","core:seed_pouch_lining","1"
"people__B__43","people","B","item","core:shock_absorber_pad","2"
"people__B__43","people","B","item","core:wind_seed_flag","1"
"people__B__43","people","B","evolution","core:sheltered_sowing","1"
"people__B__43","people","B","evolution","core:sowing_sworddance","1"
"people__B__44","people","B","equipment","core:ember_wand","1"
"people__B__44","people","B","equipment","core:harvest_scythe","1"
"people__B__44","people","B","equipment","core:iron_blade","1"
"people__B__44","people","B","equipment","core:ward_orbit","1"
"people__B__44","people","B","equipment","core:muster_horn","1"
"people__B__44","people","B","equipment","core:seed_bag","1"
"people__B__44","people","B","charter","core:guarded_harvest","3"
"people__B__44","people","B","charter","core:meal_oath","12"
"people__B__44","people","B","charter","core:rally_boundary","11"
"people__B__44","people","B","item","core:levy_bread_wrap","2"
"people__B__44","people","B","item","core:meadow_buckle","2"
"people__B__44","people","B","item","core:muster_roll","5"
"people__B__44","people","B","item","core:return_path_knot","5"
"people__B__44","people","B","item","core:root_binding_cord","2"
"people__B__44","people","B","item","core:seed_pouch_lining","3"
"people__B__44","people","B","item","core:wind_seed_flag","5"
"people__B__44","people","B","evolution","core:sowing_sworddance","1"
"people__B__45","people","B","equipment","core:ember_wand","1"
"people__B__45","people","B","equipment","core:harvest_scythe","1"
"people__B__45","people","B","equipment","core:iron_blade","1"
"people__B__45","people","B","equipment","core:ward_orbit","1"
"people__B__45","people","B","equipment","core:muster_horn","1"
"people__B__45","people","B","equipment","core:seed_bag","1"
"people__B__45","people","B","charter","core:guarded_harvest","11"
"people__B__45","people","B","charter","core:meal_oath","11"
"people__B__45","people","B","charter","core:rally_boundary","6"
"people__B__45","people","B","item","core:levy_bread_wrap","6"
"people__B__45","people","B","item","core:meadow_buckle","2"
"people__B__45","people","B","item","core:muster_roll","5"
"people__B__45","people","B","item","core:return_path_knot","3"
"people__B__45","people","B","item","core:root_binding_cord","1"
"people__B__45","people","B","item","core:seed_pouch_lining","1"
"people__B__45","people","B","item","core:wind_seed_flag","4"
"people__B__45","people","B","evolution","core:sowing_sworddance","1"
"people__B__46","people","B","equipment","core:ember_wand","1"
"people__B__46","people","B","equipment","core:harvest_scythe","1"
"people__B__46","people","B","equipment","core:iron_blade","1"
"people__B__46","people","B","equipment","core:ward_orbit","1"
"people__B__46","people","B","equipment","core:carpenter_hammer","1"
"people__B__46","people","B","equipment","core:hedge_drum","1"
"people__B__46","people","B","equipment","core:muster_horn","1"
"people__B__46","people","B","equipment","core:seed_bag","1"
"people__B__46","people","B","charter","core:meal_oath","9"
"people__B__46","people","B","charter","core:rally_boundary","19"
"people__B__46","people","B","charter","core:repair_tithe","4"
"people__B__46","people","B","item","core:joiner_square","2"
"people__B__46","people","B","item","core:levy_bread_wrap","1"
"people__B__46","people","B","item","core:meadow_buckle","3"
"people__B__46","people","B","item","core:muster_roll","3"
"people__B__46","people","B","item","core:return_path_knot","3"
"people__B__46","people","B","item","core:root_binding_cord","2"
"people__B__46","people","B","item","core:ruin_keystone","1"
"people__B__46","people","B","item","core:scaffold_step","5"
"people__B__46","people","B","item","core:shock_absorber_pad","3"
"people__B__46","people","B","evolution","core:sheltered_sowing","1"
"people__B__46","people","B","evolution","core:sowing_sworddance","1"
"people__B__47","people","B","equipment","core:ember_wand","1"
"people__B__47","people","B","equipment","core:harvest_scythe","1"
"people__B__47","people","B","equipment","core:iron_blade","1"
"people__B__47","people","B","equipment","core:ward_orbit","1"
"people__B__47","people","B","equipment","core:carpenter_hammer","1"
"people__B__47","people","B","equipment","core:hedge_drum","1"
"people__B__47","people","B","equipment","core:muster_horn","1"
"people__B__47","people","B","equipment","core:seed_bag","1"
"people__B__47","people","B","charter","core:guarded_harvest","3"
"people__B__47","people","B","charter","core:meal_oath","19"
"people__B__47","people","B","charter","core:rally_boundary","11"
"people__B__47","people","B","charter","core:repair_tithe","6"
"people__B__47","people","B","item","core:boundary_hinge","2"
"people__B__47","people","B","item","core:joiner_square","1"
"people__B__47","people","B","item","core:levy_bread_wrap","1"
"people__B__47","people","B","item","core:meadow_buckle","5"
"people__B__47","people","B","item","core:muster_roll","3"
"people__B__47","people","B","item","core:return_path_knot","1"
"people__B__47","people","B","item","core:root_binding_cord","1"
"people__B__47","people","B","item","core:seed_pouch_lining","3"
"people__B__47","people","B","item","core:shock_absorber_pad","5"
"people__B__47","people","B","item","core:wind_seed_flag","2"
"people__B__47","people","B","evolution","core:sheltered_sowing","1"
"people__B__47","people","B","evolution","core:sowing_sworddance","1"
"people__B__48","people","B","equipment","core:ember_wand","1"
"people__B__48","people","B","equipment","core:harvest_scythe","1"
"people__B__48","people","B","equipment","core:iron_blade","1"
"people__B__48","people","B","equipment","core:ward_orbit","1"
"people__B__48","people","B","equipment","core:carpenter_hammer","1"
"people__B__48","people","B","equipment","core:hedge_drum","1"
"people__B__48","people","B","equipment","core:muster_horn","1"
"people__B__48","people","B","equipment","core:seed_bag","1"
"people__B__48","people","B","charter","core:guarded_harvest","11"
"people__B__48","people","B","charter","core:meal_oath","8"
"people__B__48","people","B","charter","core:rally_boundary","14"
"people__B__48","people","B","charter","core:repair_tithe","2"
"people__B__48","people","B","item","core:levy_bread_wrap","2"
"people__B__48","people","B","item","core:meadow_buckle","4"
"people__B__48","people","B","item","core:muster_roll","3"
"people__B__48","people","B","item","core:return_path_knot","2"
"people__B__48","people","B","item","core:root_binding_cord","2"
"people__B__48","people","B","item","core:ruin_keystone","1"
"people__B__48","people","B","item","core:seed_pouch_lining","3"
"people__B__48","people","B","item","core:shock_absorber_pad","4"
"people__B__48","people","B","item","core:wind_seed_flag","2"
"people__B__48","people","B","evolution","core:sheltered_sowing","1"
"people__B__48","people","B","evolution","core:sowing_sworddance","1"
"people__B__49","people","B","equipment","core:ember_wand","1"
"people__B__49","people","B","equipment","core:harvest_scythe","1"
"people__B__49","people","B","equipment","core:iron_blade","1"
"people__B__49","people","B","equipment","core:ward_orbit","1"
"people__B__49","people","B","equipment","core:muster_horn","1"
"people__B__49","people","B","equipment","core:seed_bag","1"
"people__B__49","people","B","charter","core:guarded_harvest","5"
"people__B__49","people","B","charter","core:meal_oath","24"
"people__B__49","people","B","charter","core:rally_boundary","5"
"people__B__49","people","B","charter","core:repair_tithe","5"
"people__B__49","people","B","item","core:levy_bread_wrap","1"
"people__B__49","people","B","item","core:meadow_buckle","5"
"people__B__49","people","B","item","core:muster_roll","1"
"people__B__49","people","B","item","core:return_path_knot","5"
"people__B__49","people","B","item","core:root_binding_cord","4"
"people__B__49","people","B","item","core:seed_pouch_lining","5"
"people__B__49","people","B","item","core:wind_seed_flag","3"
"people__B__49","people","B","evolution","core:sowing_sworddance","1"
"people__B__50","people","B","equipment","core:ember_wand","1"
"people__B__50","people","B","equipment","core:harvest_scythe","1"
"people__B__50","people","B","equipment","core:iron_blade","1"
"people__B__50","people","B","equipment","core:ward_orbit","1"
"people__B__50","people","B","equipment","core:muster_horn","1"
"people__B__50","people","B","equipment","core:seed_bag","1"
"people__B__50","people","B","charter","core:guarded_harvest","4"
"people__B__50","people","B","charter","core:meal_oath","17"
"people__B__50","people","B","charter","core:rally_boundary","15"
"people__B__50","people","B","item","core:levy_bread_wrap","3"
"people__B__50","people","B","item","core:meadow_buckle","4"
"people__B__50","people","B","item","core:muster_roll","1"
"people__B__50","people","B","item","core:return_path_knot","3"
"people__B__50","people","B","item","core:root_binding_cord","2"
"people__B__50","people","B","item","core:seed_pouch_lining","5"
"people__B__50","people","B","item","core:wind_seed_flag","4"
"people__B__50","people","B","evolution","core:sowing_sworddance","1"
"people__B__51","people","B","equipment","core:ember_wand","1"
"people__B__51","people","B","equipment","core:harvest_scythe","1"
"people__B__51","people","B","equipment","core:iron_blade","1"
"people__B__51","people","B","equipment","core:ward_orbit","1"
"people__B__51","people","B","equipment","core:muster_horn","1"
"people__B__51","people","B","equipment","core:seed_bag","1"
"people__B__51","people","B","charter","core:guarded_harvest","8"
"people__B__51","people","B","charter","core:meal_oath","5"
"people__B__51","people","B","charter","core:rally_boundary","11"
"people__B__51","people","B","charter","core:repair_tithe","2"
"people__B__51","people","B","item","core:levy_bread_wrap","2"
"people__B__51","people","B","item","core:meadow_buckle","4"
"people__B__51","people","B","item","core:muster_roll","5"
"people__B__51","people","B","item","core:return_path_knot","5"
"people__B__51","people","B","item","core:root_binding_cord","3"
"people__B__51","people","B","item","core:seed_pouch_lining","1"
"people__B__51","people","B","item","core:wind_seed_flag","4"
"people__B__51","people","B","evolution","core:sowing_sworddance","1"
"people__B__52","people","B","equipment","core:ember_wand","1"
"people__B__52","people","B","equipment","core:harvest_scythe","1"
"people__B__52","people","B","equipment","core:iron_blade","1"
"people__B__52","people","B","equipment","core:ward_orbit","1"
"people__B__52","people","B","equipment","core:hedge_drum","1"
"people__B__52","people","B","equipment","core:muster_horn","1"
"people__B__52","people","B","equipment","core:seed_bag","1"
"people__B__52","people","B","charter","core:guarded_harvest","9"
"people__B__52","people","B","charter","core:meal_oath","7"
"people__B__52","people","B","charter","core:rally_boundary","7"
"people__B__52","people","B","charter","core:repair_tithe","3"
"people__B__52","people","B","item","core:boundary_hinge","2"
"people__B__52","people","B","item","core:joiner_square","5"
"people__B__52","people","B","item","core:meadow_buckle","3"
"people__B__52","people","B","item","core:muster_roll","2"
"people__B__52","people","B","item","core:root_binding_cord","4"
"people__B__52","people","B","item","core:scaffold_step","2"
"people__B__52","people","B","item","core:seed_pouch_lining","2"
"people__B__52","people","B","item","core:wind_seed_flag","3"
"people__B__52","people","B","evolution","core:sowing_sworddance","1"
"people__B__53","people","B","equipment","core:ember_wand","1"
"people__B__53","people","B","equipment","core:harvest_scythe","1"
"people__B__53","people","B","equipment","core:iron_blade","1"
"people__B__53","people","B","equipment","core:ward_orbit","1"
"people__B__53","people","B","equipment","core:muster_horn","1"
"people__B__53","people","B","equipment","core:seed_bag","1"
"people__B__53","people","B","charter","core:guarded_harvest","6"
"people__B__53","people","B","charter","core:meal_oath","15"
"people__B__53","people","B","charter","core:rally_boundary","8"
"people__B__53","people","B","item","core:levy_bread_wrap","4"
"people__B__53","people","B","item","core:meadow_buckle","3"
"people__B__53","people","B","item","core:muster_roll","6"
"people__B__53","people","B","item","core:return_path_knot","1"
"people__B__53","people","B","item","core:root_binding_cord","3"
"people__B__53","people","B","item","core:seed_pouch_lining","1"
"people__B__53","people","B","item","core:wind_seed_flag","4"
"people__B__53","people","B","evolution","core:sowing_sworddance","1"
"people__B__54","people","B","equipment","core:ember_wand","1"
"people__B__54","people","B","equipment","core:harvest_scythe","1"
"people__B__54","people","B","equipment","core:iron_blade","1"
"people__B__54","people","B","equipment","core:ward_orbit","1"
"people__B__54","people","B","equipment","core:hedge_drum","1"
"people__B__54","people","B","equipment","core:muster_horn","1"
"people__B__54","people","B","equipment","core:seed_bag","1"
"people__B__54","people","B","charter","core:guarded_harvest","1"
"people__B__54","people","B","charter","core:meal_oath","17"
"people__B__54","people","B","charter","core:rally_boundary","16"
"people__B__54","people","B","item","core:boundary_hinge","3"
"people__B__54","people","B","item","core:levy_bread_wrap","2"
"people__B__54","people","B","item","core:meadow_buckle","4"
"people__B__54","people","B","item","core:muster_roll","2"
"people__B__54","people","B","item","core:return_path_knot","4"
"people__B__54","people","B","item","core:root_binding_cord","3"
"people__B__54","people","B","item","core:scaffold_step","1"
"people__B__54","people","B","item","core:seed_pouch_lining","1"
"people__B__54","people","B","item","core:wind_seed_flag","4"
"people__B__54","people","B","evolution","core:sowing_sworddance","1"
"people__B__55","people","B","equipment","core:ember_wand","1"
"people__B__55","people","B","equipment","core:harvest_scythe","1"
"people__B__55","people","B","equipment","core:iron_blade","1"
"people__B__55","people","B","equipment","core:ward_orbit","1"
"people__B__55","people","B","equipment","core:muster_horn","1"
"people__B__55","people","B","equipment","core:seed_bag","1"
"people__B__55","people","B","charter","core:guarded_harvest","14"
"people__B__55","people","B","charter","core:meal_oath","11"
"people__B__55","people","B","charter","core:rally_boundary","12"
"people__B__55","people","B","item","core:levy_bread_wrap","6"
"people__B__55","people","B","item","core:meadow_buckle","2"
"people__B__55","people","B","item","core:return_path_knot","2"
"people__B__55","people","B","item","core:root_binding_cord","2"
"people__B__55","people","B","item","core:seed_pouch_lining","8"
"people__B__55","people","B","item","core:wind_seed_flag","3"
"people__B__55","people","B","evolution","core:sowing_sworddance","1"
"people__B__56","people","B","equipment","core:ember_wand","1"
"people__B__56","people","B","equipment","core:harvest_scythe","1"
"people__B__56","people","B","equipment","core:iron_blade","1"
"people__B__56","people","B","equipment","core:ward_orbit","1"
"people__B__56","people","B","equipment","core:carpenter_hammer","1"
"people__B__56","people","B","equipment","core:muster_horn","1"
"people__B__56","people","B","equipment","core:seed_bag","1"
"people__B__56","people","B","charter","core:guarded_harvest","3"
"people__B__56","people","B","charter","core:meal_oath","21"
"people__B__56","people","B","charter","core:rally_boundary","8"
"people__B__56","people","B","item","core:levy_bread_wrap","4"
"people__B__56","people","B","item","core:meadow_buckle","4"
"people__B__56","people","B","item","core:muster_roll","3"
"people__B__56","people","B","item","core:return_path_knot","1"
"people__B__56","people","B","item","core:root_binding_cord","3"
"people__B__56","people","B","item","core:seed_pouch_lining","5"
"people__B__56","people","B","item","core:wind_seed_flag","2"
"people__B__56","people","B","evolution","core:sheltered_sowing","1"
"people__B__56","people","B","evolution","core:sowing_sworddance","1"
"people__B__57","people","B","equipment","core:ember_wand","1"
"people__B__57","people","B","equipment","core:harvest_scythe","1"
"people__B__57","people","B","equipment","core:iron_blade","1"
"people__B__57","people","B","equipment","core:ward_orbit","1"
"people__B__57","people","B","equipment","core:muster_horn","1"
"people__B__57","people","B","equipment","core:seed_bag","1"
"people__B__57","people","B","charter","core:guarded_harvest","8"
"people__B__57","people","B","charter","core:meal_oath","13"
"people__B__57","people","B","charter","core:rally_boundary","17"
"people__B__57","people","B","item","core:levy_bread_wrap","1"
"people__B__57","people","B","item","core:meadow_buckle","4"
"people__B__57","people","B","item","core:muster_roll","4"
"people__B__57","people","B","item","core:return_path_knot","1"
"people__B__57","people","B","item","core:root_binding_cord","6"
"people__B__57","people","B","item","core:wind_seed_flag","7"
"people__B__57","people","B","evolution","core:sowing_sworddance","1"
"people__B__58","people","B","equipment","core:ember_wand","1"
"people__B__58","people","B","equipment","core:harvest_scythe","1"
"people__B__58","people","B","equipment","core:iron_blade","1"
"people__B__58","people","B","equipment","core:ward_orbit","1"
"people__B__58","people","B","equipment","core:carpenter_hammer","1"
"people__B__58","people","B","equipment","core:hedge_drum","1"
"people__B__58","people","B","equipment","core:muster_horn","1"
"people__B__58","people","B","equipment","core:seed_bag","1"
"people__B__58","people","B","charter","core:guarded_harvest","7"
"people__B__58","people","B","charter","core:meal_oath","9"
"people__B__58","people","B","charter","core:rally_boundary","8"
"people__B__58","people","B","charter","core:repair_tithe","5"
"people__B__58","people","B","item","core:boundary_hinge","1"
"people__B__58","people","B","item","core:joiner_square","4"
"people__B__58","people","B","item","core:levy_bread_wrap","1"
"people__B__58","people","B","item","core:meadow_buckle","5"
"people__B__58","people","B","item","core:muster_roll","1"
"people__B__58","people","B","item","core:return_path_knot","2"
"people__B__58","people","B","item","core:root_binding_cord","1"
"people__B__58","people","B","item","core:ruin_keystone","2"
"people__B__58","people","B","item","core:scaffold_step","1"
"people__B__58","people","B","item","core:seed_pouch_lining","4"
"people__B__58","people","B","item","core:shock_absorber_pad","1"
"people__B__58","people","B","item","core:wind_seed_flag","1"
"people__B__58","people","B","evolution","core:sheltered_sowing","1"
"people__B__58","people","B","evolution","core:sowing_sworddance","1"
"people__B__59","people","B","equipment","core:ember_wand","1"
"people__B__59","people","B","equipment","core:harvest_scythe","1"
"people__B__59","people","B","equipment","core:iron_blade","1"
"people__B__59","people","B","equipment","core:ward_orbit","1"
"people__B__59","people","B","equipment","core:muster_horn","1"
"people__B__59","people","B","equipment","core:seed_bag","1"
"people__B__59","people","B","charter","core:guarded_harvest","7"
"people__B__59","people","B","charter","core:meal_oath","17"
"people__B__59","people","B","charter","core:rally_boundary","19"
"people__B__59","people","B","item","core:levy_bread_wrap","4"
"people__B__59","people","B","item","core:meadow_buckle","3"
"people__B__59","people","B","item","core:muster_roll","1"
"people__B__59","people","B","item","core:return_path_knot","1"
"people__B__59","people","B","item","core:root_binding_cord","2"
"people__B__59","people","B","item","core:seed_pouch_lining","8"
"people__B__59","people","B","item","core:wind_seed_flag","4"
"people__B__59","people","B","evolution","core:sowing_sworddance","1"
"people__B__60","people","B","equipment","core:ember_wand","1"
"people__B__60","people","B","equipment","core:harvest_scythe","1"
"people__B__60","people","B","equipment","core:iron_blade","1"
"people__B__60","people","B","equipment","core:ward_orbit","1"
"people__B__60","people","B","equipment","core:carpenter_hammer","1"
"people__B__60","people","B","equipment","core:hedge_drum","1"
"people__B__60","people","B","equipment","core:muster_horn","1"
"people__B__60","people","B","equipment","core:seed_bag","1"
"people__B__60","people","B","charter","core:guarded_harvest","4"
"people__B__60","people","B","charter","core:meal_oath","20"
"people__B__60","people","B","charter","core:rally_boundary","9"
"people__B__60","people","B","charter","core:repair_tithe","2"
"people__B__60","people","B","item","core:boundary_hinge","2"
"people__B__60","people","B","item","core:joiner_square","2"
"people__B__60","people","B","item","core:meadow_buckle","2"
"people__B__60","people","B","item","core:muster_roll","2"
"people__B__60","people","B","item","core:return_path_knot","3"
"people__B__60","people","B","item","core:root_binding_cord","4"
"people__B__60","people","B","item","core:ruin_keystone","2"
"people__B__60","people","B","item","core:seed_pouch_lining","2"
"people__B__60","people","B","item","core:shock_absorber_pad","3"
"people__B__60","people","B","item","core:wind_seed_flag","2"
"people__B__60","people","B","evolution","core:sheltered_sowing","1"
"people__B__60","people","B","evolution","core:sowing_sworddance","1"
"people__B__61","people","B","equipment","core:ember_wand","1"
"people__B__61","people","B","equipment","core:harvest_scythe","1"
"people__B__61","people","B","equipment","core:iron_blade","1"
"people__B__61","people","B","equipment","core:ward_orbit","1"
"people__B__61","people","B","equipment","core:muster_horn","1"
"people__B__61","people","B","equipment","core:seed_bag","1"
"people__B__61","people","B","charter","core:guarded_harvest","8"
"people__B__61","people","B","charter","core:meal_oath","15"
"people__B__61","people","B","charter","core:rally_boundary","12"
"people__B__61","people","B","charter","core:repair_tithe","1"
"people__B__61","people","B","item","core:levy_bread_wrap","5"
"people__B__61","people","B","item","core:meadow_buckle","3"
"people__B__61","people","B","item","core:muster_roll","1"
"people__B__61","people","B","item","core:return_path_knot","1"
"people__B__61","people","B","item","core:root_binding_cord","5"
"people__B__61","people","B","item","core:seed_pouch_lining","2"
"people__B__61","people","B","item","core:wind_seed_flag","4"
"people__B__61","people","B","evolution","core:sowing_sworddance","1"
"people__B__62","people","B","equipment","core:ember_wand","1"
"people__B__62","people","B","equipment","core:harvest_scythe","1"
"people__B__62","people","B","equipment","core:iron_blade","1"
"people__B__62","people","B","equipment","core:ward_orbit","1"
"people__B__62","people","B","equipment","core:carpenter_hammer","1"
"people__B__62","people","B","equipment","core:hedge_drum","1"
"people__B__62","people","B","equipment","core:muster_horn","1"
"people__B__62","people","B","equipment","core:seed_bag","1"
"people__B__62","people","B","charter","core:guarded_harvest","1"
"people__B__62","people","B","charter","core:meal_oath","10"
"people__B__62","people","B","charter","core:rally_boundary","11"
"people__B__62","people","B","charter","core:repair_tithe","3"
"people__B__62","people","B","item","core:boundary_hinge","1"
"people__B__62","people","B","item","core:joiner_square","1"
"people__B__62","people","B","item","core:levy_bread_wrap","1"
"people__B__62","people","B","item","core:meadow_buckle","1"
"people__B__62","people","B","item","core:muster_roll","3"
"people__B__62","people","B","item","core:return_path_knot","8"
"people__B__62","people","B","item","core:root_binding_cord","2"
"people__B__62","people","B","item","core:scaffold_step","1"
"people__B__62","people","B","item","core:seed_pouch_lining","1"
"people__B__62","people","B","item","core:shock_absorber_pad","1"
"people__B__62","people","B","item","core:wind_seed_flag","4"
"people__B__62","people","B","evolution","core:sheltered_sowing","1"
"people__B__62","people","B","evolution","core:sowing_sworddance","1"
"people__B__63","people","B","equipment","core:ember_wand","1"
"people__B__63","people","B","equipment","core:harvest_scythe","1"
"people__B__63","people","B","equipment","core:iron_blade","1"
"people__B__63","people","B","equipment","core:ward_orbit","1"
"people__B__63","people","B","equipment","core:muster_horn","1"
"people__B__63","people","B","equipment","core:seed_bag","1"
"people__B__63","people","B","charter","core:guarded_harvest","6"
"people__B__63","people","B","charter","core:meal_oath","12"
"people__B__63","people","B","charter","core:rally_boundary","11"
"people__B__63","people","B","item","core:levy_bread_wrap","3"
"people__B__63","people","B","item","core:meadow_buckle","3"
"people__B__63","people","B","item","core:muster_roll","2"
"people__B__63","people","B","item","core:return_path_knot","3"
"people__B__63","people","B","item","core:root_binding_cord","1"
"people__B__63","people","B","item","core:seed_pouch_lining","7"
"people__B__63","people","B","item","core:wind_seed_flag","4"
"people__B__63","people","B","evolution","core:sowing_sworddance","1"
"people__B__64","people","B","equipment","core:ember_wand","1"
"people__B__64","people","B","equipment","core:harvest_scythe","1"
"people__B__64","people","B","equipment","core:iron_blade","1"
"people__B__64","people","B","equipment","core:ward_orbit","1"
"people__B__64","people","B","equipment","core:carpenter_hammer","1"
"people__B__64","people","B","equipment","core:hedge_drum","1"
"people__B__64","people","B","equipment","core:muster_horn","1"
"people__B__64","people","B","equipment","core:seed_bag","1"
"people__B__64","people","B","charter","core:guarded_harvest","6"
"people__B__64","people","B","charter","core:meal_oath","9"
"people__B__64","people","B","charter","core:rally_boundary","5"
"people__B__64","people","B","charter","core:repair_tithe","10"
"people__B__64","people","B","item","core:boundary_hinge","3"
"people__B__64","people","B","item","core:joiner_square","2"
"people__B__64","people","B","item","core:levy_bread_wrap","2"
"people__B__64","people","B","item","core:meadow_buckle","1"
"people__B__64","people","B","item","core:muster_roll","6"
"people__B__64","people","B","item","core:return_path_knot","2"
"people__B__64","people","B","item","core:root_binding_cord","3"
"people__B__64","people","B","item","core:scaffold_step","1"
"people__B__64","people","B","item","core:seed_pouch_lining","1"
"people__B__64","people","B","item","core:shock_absorber_pad","1"
"people__B__64","people","B","item","core:wind_seed_flag","2"
"people__B__64","people","B","evolution","core:sheltered_sowing","1"
"people__B__64","people","B","evolution","core:sowing_sworddance","1"
"people__B__65","people","B","equipment","core:ember_wand","1"
"people__B__65","people","B","equipment","core:harvest_scythe","1"
"people__B__65","people","B","equipment","core:iron_blade","1"
"people__B__65","people","B","equipment","core:ward_orbit","1"
"people__B__65","people","B","equipment","core:muster_horn","1"
"people__B__65","people","B","equipment","core:seed_bag","1"
"people__B__65","people","B","charter","core:guarded_harvest","15"
"people__B__65","people","B","charter","core:meal_oath","12"
"people__B__65","people","B","charter","core:rally_boundary","9"
"people__B__65","people","B","item","core:levy_bread_wrap","2"
"people__B__65","people","B","item","core:meadow_buckle","3"
"people__B__65","people","B","item","core:muster_roll","3"
"people__B__65","people","B","item","core:return_path_knot","3"
"people__B__65","people","B","item","core:root_binding_cord","4"
"people__B__65","people","B","item","core:seed_pouch_lining","5"
"people__B__65","people","B","item","core:wind_seed_flag","2"
"people__B__65","people","B","evolution","core:sowing_sworddance","1"
"people__B__66","people","B","equipment","core:ember_wand","1"
"people__B__66","people","B","equipment","core:harvest_scythe","1"
"people__B__66","people","B","equipment","core:iron_blade","1"
"people__B__66","people","B","equipment","core:ward_orbit","1"
"people__B__66","people","B","equipment","core:muster_horn","1"
"people__B__66","people","B","equipment","core:seed_bag","1"
"people__B__66","people","B","charter","core:guarded_harvest","6"
"people__B__66","people","B","charter","core:meal_oath","13"
"people__B__66","people","B","charter","core:rally_boundary","17"
"people__B__66","people","B","item","core:levy_bread_wrap","3"
"people__B__66","people","B","item","core:meadow_buckle","4"
"people__B__66","people","B","item","core:muster_roll","3"
"people__B__66","people","B","item","core:return_path_knot","3"
"people__B__66","people","B","item","core:root_binding_cord","3"
"people__B__66","people","B","item","core:seed_pouch_lining","3"
"people__B__66","people","B","item","core:wind_seed_flag","3"
"people__B__66","people","B","evolution","core:sowing_sworddance","1"
"people__B__67","people","B","equipment","core:ember_wand","1"
"people__B__67","people","B","equipment","core:harvest_scythe","1"
"people__B__67","people","B","equipment","core:iron_blade","1"
"people__B__67","people","B","equipment","core:ward_orbit","1"
"people__B__67","people","B","equipment","core:muster_horn","1"
"people__B__67","people","B","equipment","core:seed_bag","1"
"people__B__67","people","B","charter","core:guarded_harvest","5"
"people__B__67","people","B","charter","core:meal_oath","6"
"people__B__67","people","B","charter","core:rally_boundary","14"
"people__B__67","people","B","charter","core:repair_tithe","1"
"people__B__67","people","B","item","core:levy_bread_wrap","3"
"people__B__67","people","B","item","core:meadow_buckle","5"
"people__B__67","people","B","item","core:muster_roll","4"
"people__B__67","people","B","item","core:return_path_knot","3"
"people__B__67","people","B","item","core:root_binding_cord","4"
"people__B__67","people","B","item","core:seed_pouch_lining","2"
"people__B__67","people","B","item","core:wind_seed_flag","1"
"people__B__67","people","B","evolution","core:sowing_sworddance","1"
"people__B__68","people","B","equipment","core:ember_wand","1"
"people__B__68","people","B","equipment","core:harvest_scythe","1"
"people__B__68","people","B","equipment","core:iron_blade","1"
"people__B__68","people","B","equipment","core:ward_orbit","1"
"people__B__68","people","B","equipment","core:carpenter_hammer","1"
"people__B__68","people","B","equipment","core:hedge_drum","1"
"people__B__68","people","B","equipment","core:muster_horn","1"
"people__B__68","people","B","equipment","core:seed_bag","1"
"people__B__68","people","B","charter","core:guarded_harvest","6"
"people__B__68","people","B","charter","core:meal_oath","7"
"people__B__68","people","B","charter","core:rally_boundary","15"
"people__B__68","people","B","charter","core:repair_tithe","2"
"people__B__68","people","B","item","core:joiner_square","1"
"people__B__68","people","B","item","core:meadow_buckle","1"
"people__B__68","people","B","item","core:return_path_knot","4"
"people__B__68","people","B","item","core:root_binding_cord","2"
"people__B__68","people","B","item","core:ruin_keystone","3"
"people__B__68","people","B","item","core:scaffold_step","6"
"people__B__68","people","B","item","core:seed_pouch_lining","1"
"people__B__68","people","B","item","core:shock_absorber_pad","2"
"people__B__68","people","B","item","core:wind_seed_flag","2"
"people__B__68","people","B","evolution","core:sheltered_sowing","1"
"people__B__68","people","B","evolution","core:sowing_sworddance","1"
"people__B__69","people","B","equipment","core:harvest_scythe","1"
"people__B__69","people","B","equipment","core:iron_blade","1"
"people__B__69","people","B","equipment","core:ward_orbit","1"
"people__B__69","people","B","equipment","core:carpenter_hammer","1"
"people__B__69","people","B","equipment","core:hedge_drum","1"
"people__B__69","people","B","equipment","core:muster_horn","1"
"people__B__69","people","B","equipment","core:seed_bag","1"
"people__B__69","people","B","charter","core:guarded_harvest","7"
"people__B__69","people","B","charter","core:meal_oath","23"
"people__B__69","people","B","charter","core:rally_boundary","17"
"people__B__69","people","B","charter","core:repair_tithe","2"
"people__B__69","people","B","item","core:boundary_hinge","1"
"people__B__69","people","B","item","core:joiner_square","2"
"people__B__69","people","B","item","core:meadow_buckle","2"
"people__B__69","people","B","item","core:return_path_knot","3"
"people__B__69","people","B","item","core:root_binding_cord","2"
"people__B__69","people","B","item","core:ruin_keystone","4"
"people__B__69","people","B","item","core:scaffold_step","2"
"people__B__69","people","B","item","core:seed_pouch_lining","3"
"people__B__69","people","B","item","core:shock_absorber_pad","3"
"people__B__69","people","B","item","core:wind_seed_flag","2"
"people__B__69","people","B","evolution","core:sheltered_sowing","1"
"people__B__69","people","B","evolution","core:sowing_sworddance","1"
"people__B__70","people","B","equipment","core:ember_wand","1"
"people__B__70","people","B","equipment","core:harvest_scythe","1"
"people__B__70","people","B","equipment","core:iron_blade","1"
"people__B__70","people","B","equipment","core:ward_orbit","1"
"people__B__70","people","B","equipment","core:hedge_drum","1"
"people__B__70","people","B","equipment","core:muster_horn","1"
"people__B__70","people","B","equipment","core:seed_bag","1"
"people__B__70","people","B","charter","core:guarded_harvest","12"
"people__B__70","people","B","charter","core:meal_oath","20"
"people__B__70","people","B","charter","core:rally_boundary","22"
"people__B__70","people","B","charter","core:repair_tithe","1"
"people__B__70","people","B","item","core:boundary_hinge","3"
"people__B__70","people","B","item","core:levy_bread_wrap","1"
"people__B__70","people","B","item","core:meadow_buckle","2"
"people__B__70","people","B","item","core:muster_roll","2"
"people__B__70","people","B","item","core:return_path_knot","4"
"people__B__70","people","B","item","core:root_binding_cord","2"
"people__B__70","people","B","item","core:scaffold_step","4"
"people__B__70","people","B","item","core:seed_pouch_lining","3"
"people__B__70","people","B","item","core:wind_seed_flag","3"
"people__B__70","people","B","evolution","core:sowing_sworddance","1"
"people__B__71","people","B","equipment","core:ember_wand","1"
"people__B__71","people","B","equipment","core:harvest_scythe","1"
"people__B__71","people","B","equipment","core:iron_blade","1"
"people__B__71","people","B","equipment","core:ward_orbit","1"
"people__B__71","people","B","equipment","core:carpenter_hammer","1"
"people__B__71","people","B","equipment","core:hedge_drum","1"
"people__B__71","people","B","equipment","core:muster_horn","1"
"people__B__71","people","B","equipment","core:seed_bag","1"
"people__B__71","people","B","charter","core:guarded_harvest","4"
"people__B__71","people","B","charter","core:meal_oath","19"
"people__B__71","people","B","charter","core:rally_boundary","14"
"people__B__71","people","B","charter","core:repair_tithe","3"
"people__B__71","people","B","item","core:boundary_hinge","2"
"people__B__71","people","B","item","core:joiner_square","1"
"people__B__71","people","B","item","core:levy_bread_wrap","4"
"people__B__71","people","B","item","core:meadow_buckle","1"
"people__B__71","people","B","item","core:muster_roll","1"
"people__B__71","people","B","item","core:return_path_knot","3"
"people__B__71","people","B","item","core:root_binding_cord","2"
"people__B__71","people","B","item","core:ruin_keystone","2"
"people__B__71","people","B","item","core:scaffold_step","3"
"people__B__71","people","B","item","core:seed_pouch_lining","3"
"people__B__71","people","B","item","core:shock_absorber_pad","1"
"people__B__71","people","B","item","core:wind_seed_flag","1"
"people__B__71","people","B","evolution","core:sheltered_sowing","1"
"people__B__71","people","B","evolution","core:sowing_sworddance","1"
"people__B__72","people","B","equipment","core:ember_wand","1"
"people__B__72","people","B","equipment","core:harvest_scythe","1"
"people__B__72","people","B","equipment","core:iron_blade","1"
"people__B__72","people","B","equipment","core:ward_orbit","1"
"people__B__72","people","B","equipment","core:carpenter_hammer","1"
"people__B__72","people","B","equipment","core:hedge_drum","1"
"people__B__72","people","B","equipment","core:muster_horn","1"
"people__B__72","people","B","equipment","core:seed_bag","1"
"people__B__72","people","B","charter","core:guarded_harvest","8"
"people__B__72","people","B","charter","core:meal_oath","19"
"people__B__72","people","B","charter","core:rally_boundary","15"
"people__B__72","people","B","charter","core:repair_tithe","3"
"people__B__72","people","B","item","core:boundary_hinge","2"
"people__B__72","people","B","item","core:levy_bread_wrap","4"
"people__B__72","people","B","item","core:meadow_buckle","4"
"people__B__72","people","B","item","core:muster_roll","3"
"people__B__72","people","B","item","core:root_binding_cord","1"
"people__B__72","people","B","item","core:ruin_keystone","1"
"people__B__72","people","B","item","core:seed_pouch_lining","4"
"people__B__72","people","B","item","core:shock_absorber_pad","1"
"people__B__72","people","B","item","core:wind_seed_flag","3"
"people__B__72","people","B","evolution","core:sheltered_sowing","1"
"people__B__72","people","B","evolution","core:sowing_sworddance","1"
"people__B__73","people","B","equipment","core:ember_wand","1"
"people__B__73","people","B","equipment","core:harvest_scythe","1"
"people__B__73","people","B","equipment","core:iron_blade","1"
"people__B__73","people","B","equipment","core:ward_orbit","1"
"people__B__73","people","B","equipment","core:carpenter_hammer","1"
"people__B__73","people","B","equipment","core:hedge_drum","1"
"people__B__73","people","B","equipment","core:muster_horn","1"
"people__B__73","people","B","equipment","core:seed_bag","1"
"people__B__73","people","B","charter","core:guarded_harvest","11"
"people__B__73","people","B","charter","core:meal_oath","19"
"people__B__73","people","B","charter","core:rally_boundary","20"
"people__B__73","people","B","charter","core:repair_tithe","3"
"people__B__73","people","B","item","core:boundary_hinge","1"
"people__B__73","people","B","item","core:joiner_square","2"
"people__B__73","people","B","item","core:meadow_buckle","3"
"people__B__73","people","B","item","core:muster_roll","2"
"people__B__73","people","B","item","core:return_path_knot","6"
"people__B__73","people","B","item","core:root_binding_cord","2"
"people__B__73","people","B","item","core:ruin_keystone","1"
"people__B__73","people","B","item","core:seed_pouch_lining","2"
"people__B__73","people","B","item","core:shock_absorber_pad","2"
"people__B__73","people","B","item","core:wind_seed_flag","3"
"people__B__73","people","B","evolution","core:sheltered_sowing","1"
"people__B__73","people","B","evolution","core:sowing_sworddance","1"
"people__C__42","people","C","equipment","core:ember_wand","1"
"people__C__42","people","C","equipment","core:harvest_scythe","1"
"people__C__42","people","C","equipment","core:iron_blade","1"
"people__C__42","people","C","equipment","core:ward_orbit","1"
"people__C__42","people","C","equipment","core:carpenter_hammer","1"
"people__C__42","people","C","equipment","core:hedge_drum","1"
"people__C__42","people","C","equipment","core:muster_horn","1"
"people__C__42","people","C","equipment","core:seed_bag","1"
"people__C__42","people","C","charter","core:guarded_harvest","8"
"people__C__42","people","C","charter","core:meal_oath","13"
"people__C__42","people","C","charter","core:rally_boundary","22"
"people__C__42","people","C","charter","core:repair_tithe","2"
"people__C__42","people","C","item","core:boundary_hinge","1"
"people__C__42","people","C","item","core:joiner_square","2"
"people__C__42","people","C","item","core:levy_bread_wrap","1"
"people__C__42","people","C","item","core:meadow_buckle","2"
"people__C__42","people","C","item","core:muster_roll","3"
"people__C__42","people","C","item","core:return_path_knot","3"
"people__C__42","people","C","item","core:root_binding_cord","2"
"people__C__42","people","C","item","core:scaffold_step","2"
"people__C__42","people","C","item","core:seed_pouch_lining","2"
"people__C__42","people","C","item","core:shock_absorber_pad","3"
"people__C__42","people","C","item","core:wind_seed_flag","3"
"people__C__42","people","C","evolution","core:sheltered_sowing","1"
"people__C__42","people","C","evolution","core:sowing_sworddance","1"
"people__C__43","people","C","equipment","core:ember_wand","1"
"people__C__43","people","C","equipment","core:harvest_scythe","1"
"people__C__43","people","C","equipment","core:iron_blade","1"
"people__C__43","people","C","equipment","core:ward_orbit","1"
"people__C__43","people","C","equipment","core:carpenter_hammer","1"
"people__C__43","people","C","equipment","core:hedge_drum","1"
"people__C__43","people","C","equipment","core:muster_horn","1"
"people__C__43","people","C","equipment","core:seed_bag","1"
"people__C__43","people","C","charter","core:guarded_harvest","19"
"people__C__43","people","C","charter","core:meal_oath","4"
"people__C__43","people","C","charter","core:rally_boundary","2"
"people__C__43","people","C","charter","core:repair_tithe","13"
"people__C__43","people","C","item","core:boundary_hinge","3"
"people__C__43","people","C","item","core:joiner_square","2"
"people__C__43","people","C","item","core:meadow_buckle","1"
"people__C__43","people","C","item","core:muster_roll","1"
"people__C__43","people","C","item","core:return_path_knot","1"
"people__C__43","people","C","item","core:root_binding_cord","2"
"people__C__43","people","C","item","core:ruin_keystone","4"
"people__C__43","people","C","item","core:scaffold_step","5"
"people__C__43","people","C","item","core:seed_pouch_lining","2"
"people__C__43","people","C","item","core:shock_absorber_pad","2"
"people__C__43","people","C","item","core:wind_seed_flag","1"
"people__C__43","people","C","evolution","core:sheltered_sowing","1"
"people__C__43","people","C","evolution","core:sowing_sworddance","1"
"people__C__44","people","C","equipment","core:ember_wand","1"
"people__C__44","people","C","equipment","core:harvest_scythe","1"
"people__C__44","people","C","equipment","core:iron_blade","1"
"people__C__44","people","C","equipment","core:ward_orbit","1"
"people__C__44","people","C","equipment","core:muster_horn","1"
"people__C__44","people","C","equipment","core:seed_bag","1"
"people__C__44","people","C","charter","core:guarded_harvest","6"
"people__C__44","people","C","charter","core:meal_oath","15"
"people__C__44","people","C","charter","core:rally_boundary","5"
"people__C__44","people","C","item","core:levy_bread_wrap","4"
"people__C__44","people","C","item","core:meadow_buckle","2"
"people__C__44","people","C","item","core:muster_roll","4"
"people__C__44","people","C","item","core:return_path_knot","4"
"people__C__44","people","C","item","core:root_binding_cord","2"
"people__C__44","people","C","item","core:seed_pouch_lining","6"
"people__C__44","people","C","evolution","core:sowing_sworddance","1"
"people__C__45","people","C","equipment","core:ember_wand","1"
"people__C__45","people","C","equipment","core:harvest_scythe","1"
"people__C__45","people","C","equipment","core:iron_blade","1"
"people__C__45","people","C","equipment","core:ward_orbit","1"
"people__C__45","people","C","equipment","core:carpenter_hammer","1"
"people__C__45","people","C","equipment","core:muster_horn","1"
"people__C__45","people","C","equipment","core:seed_bag","1"
"people__C__45","people","C","charter","core:guarded_harvest","6"
"people__C__45","people","C","charter","core:meal_oath","18"
"people__C__45","people","C","charter","core:rally_boundary","11"
"people__C__45","people","C","item","core:joiner_square","1"
"people__C__45","people","C","item","core:levy_bread_wrap","2"
"people__C__45","people","C","item","core:meadow_buckle","2"
"people__C__45","people","C","item","core:muster_roll","1"
"people__C__45","people","C","item","core:return_path_knot","4"
"people__C__45","people","C","item","core:root_binding_cord","5"
"people__C__45","people","C","item","core:scaffold_step","2"
"people__C__45","people","C","item","core:seed_pouch_lining","3"
"people__C__45","people","C","item","core:shock_absorber_pad","2"
"people__C__45","people","C","item","core:wind_seed_flag","2"
"people__C__45","people","C","evolution","core:sheltered_sowing","1"
"people__C__45","people","C","evolution","core:sowing_sworddance","1"
"people__C__46","people","C","equipment","core:ember_wand","1"
"people__C__46","people","C","equipment","core:harvest_scythe","1"
"people__C__46","people","C","equipment","core:iron_blade","1"
"people__C__46","people","C","equipment","core:ward_orbit","1"
"people__C__46","people","C","equipment","core:carpenter_hammer","1"
"people__C__46","people","C","equipment","core:hedge_drum","1"
"people__C__46","people","C","equipment","core:muster_horn","1"
"people__C__46","people","C","equipment","core:seed_bag","1"
"people__C__46","people","C","charter","core:guarded_harvest","11"
"people__C__46","people","C","charter","core:meal_oath","20"
"people__C__46","people","C","charter","core:rally_boundary","7"
"people__C__46","people","C","charter","core:repair_tithe","6"
"people__C__46","people","C","item","core:joiner_square","5"
"people__C__46","people","C","item","core:levy_bread_wrap","1"
"people__C__46","people","C","item","core:meadow_buckle","3"
"people__C__46","people","C","item","core:return_path_knot","2"
"people__C__46","people","C","item","core:root_binding_cord","3"
"people__C__46","people","C","item","core:ruin_keystone","3"
"people__C__46","people","C","item","core:scaffold_step","1"
"people__C__46","people","C","item","core:seed_pouch_lining","3"
"people__C__46","people","C","item","core:shock_absorber_pad","2"
"people__C__46","people","C","item","core:wind_seed_flag","1"
"people__C__46","people","C","evolution","core:sheltered_sowing","1"
"people__C__46","people","C","evolution","core:sowing_sworddance","1"
"people__C__47","people","C","equipment","core:ember_wand","1"
"people__C__47","people","C","equipment","core:harvest_scythe","1"
"people__C__47","people","C","equipment","core:iron_blade","1"
"people__C__47","people","C","equipment","core:ward_orbit","1"
"people__C__47","people","C","equipment","core:carpenter_hammer","1"
"people__C__47","people","C","equipment","core:hedge_drum","1"
"people__C__47","people","C","equipment","core:muster_horn","1"
"people__C__47","people","C","equipment","core:seed_bag","1"
"people__C__47","people","C","charter","core:guarded_harvest","13"
"people__C__47","people","C","charter","core:meal_oath","20"
"people__C__47","people","C","charter","core:rally_boundary","16"
"people__C__47","people","C","charter","core:repair_tithe","3"
"people__C__47","people","C","item","core:boundary_hinge","2"
"people__C__47","people","C","item","core:joiner_square","4"
"people__C__47","people","C","item","core:levy_bread_wrap","3"
"people__C__47","people","C","item","core:meadow_buckle","4"
"people__C__47","people","C","item","core:muster_roll","2"
"people__C__47","people","C","item","core:return_path_knot","1"
"people__C__47","people","C","item","core:root_binding_cord","1"
"people__C__47","people","C","item","core:ruin_keystone","1"
"people__C__47","people","C","item","core:seed_pouch_lining","2"
"people__C__47","people","C","item","core:shock_absorber_pad","2"
"people__C__47","people","C","item","core:wind_seed_flag","2"
"people__C__47","people","C","evolution","core:sheltered_sowing","1"
"people__C__47","people","C","evolution","core:sowing_sworddance","1"
"people__C__48","people","C","equipment","core:ember_wand","1"
"people__C__48","people","C","equipment","core:harvest_scythe","1"
"people__C__48","people","C","equipment","core:iron_blade","1"
"people__C__48","people","C","equipment","core:ward_orbit","1"
"people__C__48","people","C","equipment","core:carpenter_hammer","1"
"people__C__48","people","C","equipment","core:hedge_drum","1"
"people__C__48","people","C","equipment","core:muster_horn","1"
"people__C__48","people","C","equipment","core:seed_bag","1"
"people__C__48","people","C","charter","core:guarded_harvest","7"
"people__C__48","people","C","charter","core:meal_oath","12"
"people__C__48","people","C","charter","core:rally_boundary","20"
"people__C__48","people","C","charter","core:repair_tithe","6"
"people__C__48","people","C","item","core:boundary_hinge","3"
"people__C__48","people","C","item","core:joiner_square","2"
"people__C__48","people","C","item","core:meadow_buckle","1"
"people__C__48","people","C","item","core:muster_roll","1"
"people__C__48","people","C","item","core:return_path_knot","1"
"people__C__48","people","C","item","core:root_binding_cord","4"
"people__C__48","people","C","item","core:ruin_keystone","2"
"people__C__48","people","C","item","core:scaffold_step","2"
"people__C__48","people","C","item","core:seed_pouch_lining","2"
"people__C__48","people","C","item","core:shock_absorber_pad","2"
"people__C__48","people","C","item","core:wind_seed_flag","2"
"people__C__48","people","C","evolution","core:sheltered_sowing","1"
"people__C__48","people","C","evolution","core:sowing_sworddance","1"
"people__C__49","people","C","equipment","core:ember_wand","1"
"people__C__49","people","C","equipment","core:harvest_scythe","1"
"people__C__49","people","C","equipment","core:iron_blade","1"
"people__C__49","people","C","equipment","core:ward_orbit","1"
"people__C__49","people","C","equipment","core:carpenter_hammer","1"
"people__C__49","people","C","equipment","core:muster_horn","1"
"people__C__49","people","C","equipment","core:seed_bag","1"
"people__C__49","people","C","charter","core:guarded_harvest","7"
"people__C__49","people","C","charter","core:meal_oath","18"
"people__C__49","people","C","charter","core:rally_boundary","8"
"people__C__49","people","C","item","core:boundary_hinge","1"
"people__C__49","people","C","item","core:joiner_square","1"
"people__C__49","people","C","item","core:levy_bread_wrap","2"
"people__C__49","people","C","item","core:meadow_buckle","3"
"people__C__49","people","C","item","core:muster_roll","1"
"people__C__49","people","C","item","core:return_path_knot","5"
"people__C__49","people","C","item","core:root_binding_cord","4"
"people__C__49","people","C","item","core:seed_pouch_lining","2"
"people__C__49","people","C","item","core:shock_absorber_pad","1"
"people__C__49","people","C","item","core:wind_seed_flag","4"
"people__C__49","people","C","evolution","core:sheltered_sowing","1"
"people__C__49","people","C","evolution","core:sowing_sworddance","1"
"people__C__50","people","C","equipment","core:ember_wand","1"
"people__C__50","people","C","equipment","core:harvest_scythe","1"
"people__C__50","people","C","equipment","core:iron_blade","1"
"people__C__50","people","C","equipment","core:ward_orbit","1"
"people__C__50","people","C","equipment","core:muster_horn","1"
"people__C__50","people","C","equipment","core:seed_bag","1"
"people__C__50","people","C","charter","core:guarded_harvest","7"
"people__C__50","people","C","charter","core:meal_oath","14"
"people__C__50","people","C","charter","core:rally_boundary","14"
"people__C__50","people","C","item","core:levy_bread_wrap","4"
"people__C__50","people","C","item","core:meadow_buckle","5"
"people__C__50","people","C","item","core:muster_roll","3"
"people__C__50","people","C","item","core:return_path_knot","2"
"people__C__50","people","C","item","core:root_binding_cord","1"
"people__C__50","people","C","item","core:seed_pouch_lining","4"
"people__C__50","people","C","item","core:wind_seed_flag","5"
"people__C__50","people","C","evolution","core:sowing_sworddance","1"
"people__C__51","people","C","equipment","core:ember_wand","1"
"people__C__51","people","C","equipment","core:harvest_scythe","1"
"people__C__51","people","C","equipment","core:iron_blade","1"
"people__C__51","people","C","equipment","core:ward_orbit","1"
"people__C__51","people","C","equipment","core:carpenter_hammer","1"
"people__C__51","people","C","equipment","core:hedge_drum","1"
"people__C__51","people","C","equipment","core:muster_horn","1"
"people__C__51","people","C","equipment","core:seed_bag","1"
"people__C__51","people","C","charter","core:guarded_harvest","9"
"people__C__51","people","C","charter","core:meal_oath","6"
"people__C__51","people","C","charter","core:rally_boundary","8"
"people__C__51","people","C","charter","core:repair_tithe","4"
"people__C__51","people","C","item","core:boundary_hinge","4"
"people__C__51","people","C","item","core:joiner_square","3"
"people__C__51","people","C","item","core:levy_bread_wrap","2"
"people__C__51","people","C","item","core:meadow_buckle","2"
"people__C__51","people","C","item","core:muster_roll","5"
"people__C__51","people","C","item","core:root_binding_cord","1"
"people__C__51","people","C","item","core:ruin_keystone","3"
"people__C__51","people","C","item","core:scaffold_step","3"
"people__C__51","people","C","item","core:wind_seed_flag","1"
"people__C__51","people","C","evolution","core:sheltered_sowing","1"
"people__C__51","people","C","evolution","core:sowing_sworddance","1"
"people__C__52","people","C","equipment","core:ember_wand","1"
"people__C__52","people","C","equipment","core:harvest_scythe","1"
"people__C__52","people","C","equipment","core:iron_blade","1"
"people__C__52","people","C","equipment","core:ward_orbit","1"
"people__C__52","people","C","equipment","core:hedge_drum","1"
"people__C__52","people","C","equipment","core:muster_horn","1"
"people__C__52","people","C","equipment","core:seed_bag","1"
"people__C__52","people","C","charter","core:guarded_harvest","8"
"people__C__52","people","C","charter","core:meal_oath","15"
"people__C__52","people","C","charter","core:rally_boundary","22"
"people__C__52","people","C","item","core:boundary_hinge","1"
"people__C__52","people","C","item","core:levy_bread_wrap","3"
"people__C__52","people","C","item","core:meadow_buckle","4"
"people__C__52","people","C","item","core:muster_roll","3"
"people__C__52","people","C","item","core:return_path_knot","3"
"people__C__52","people","C","item","core:root_binding_cord","3"
"people__C__52","people","C","item","core:scaffold_step","1"
"people__C__52","people","C","item","core:seed_pouch_lining","4"
"people__C__52","people","C","item","core:wind_seed_flag","2"
"people__C__52","people","C","evolution","core:sowing_sworddance","1"
"people__C__53","people","C","equipment","core:ember_wand","1"
"people__C__53","people","C","equipment","core:harvest_scythe","1"
"people__C__53","people","C","equipment","core:iron_blade","1"
"people__C__53","people","C","equipment","core:ward_orbit","1"
"people__C__53","people","C","equipment","core:muster_horn","1"
"people__C__53","people","C","equipment","core:seed_bag","1"
"people__C__53","people","C","charter","core:guarded_harvest","5"
"people__C__53","people","C","charter","core:meal_oath","18"
"people__C__53","people","C","charter","core:rally_boundary","14"
"people__C__53","people","C","item","core:levy_bread_wrap","4"
"people__C__53","people","C","item","core:meadow_buckle","1"
"people__C__53","people","C","item","core:muster_roll","1"
"people__C__53","people","C","item","core:return_path_knot","6"
"people__C__53","people","C","item","core:root_binding_cord","5"
"people__C__53","people","C","item","core:seed_pouch_lining","2"
"people__C__53","people","C","item","core:wind_seed_flag","5"
"people__C__53","people","C","evolution","core:sowing_sworddance","1"
"people__C__54","people","C","equipment","core:ember_wand","1"
"people__C__54","people","C","equipment","core:harvest_scythe","1"
"people__C__54","people","C","equipment","core:iron_blade","1"
"people__C__54","people","C","equipment","core:ward_orbit","1"
"people__C__54","people","C","equipment","core:muster_horn","1"
"people__C__54","people","C","equipment","core:seed_bag","1"
"people__C__54","people","C","charter","core:guarded_harvest","15"
"people__C__54","people","C","charter","core:meal_oath","12"
"people__C__54","people","C","charter","core:rally_boundary","15"
"people__C__54","people","C","item","core:levy_bread_wrap","4"
"people__C__54","people","C","item","core:meadow_buckle","3"
"people__C__54","people","C","item","core:muster_roll","4"
"people__C__54","people","C","item","core:return_path_knot","5"
"people__C__54","people","C","item","core:root_binding_cord","6"
"people__C__54","people","C","item","core:wind_seed_flag","2"
"people__C__54","people","C","evolution","core:sowing_sworddance","1"
"people__C__55","people","C","equipment","core:ember_wand","1"
"people__C__55","people","C","equipment","core:harvest_scythe","1"
"people__C__55","people","C","equipment","core:iron_blade","1"
"people__C__55","people","C","equipment","core:ward_orbit","1"
"people__C__55","people","C","equipment","core:carpenter_hammer","1"
"people__C__55","people","C","equipment","core:hedge_drum","1"
"people__C__55","people","C","equipment","core:muster_horn","1"
"people__C__55","people","C","equipment","core:seed_bag","1"
"people__C__55","people","C","charter","core:guarded_harvest","11"
"people__C__55","people","C","charter","core:meal_oath","5"
"people__C__55","people","C","charter","core:rally_boundary","16"
"people__C__55","people","C","charter","core:repair_tithe","4"
"people__C__55","people","C","item","core:boundary_hinge","4"
"people__C__55","people","C","item","core:joiner_square","2"
"people__C__55","people","C","item","core:levy_bread_wrap","2"
"people__C__55","people","C","item","core:meadow_buckle","2"
"people__C__55","people","C","item","core:muster_roll","1"
"people__C__55","people","C","item","core:return_path_knot","4"
"people__C__55","people","C","item","core:ruin_keystone","1"
"people__C__55","people","C","item","core:seed_pouch_lining","3"
"people__C__55","people","C","item","core:shock_absorber_pad","2"
"people__C__55","people","C","item","core:wind_seed_flag","3"
"people__C__55","people","C","evolution","core:sheltered_sowing","1"
"people__C__55","people","C","evolution","core:sowing_sworddance","1"
"people__C__56","people","C","equipment","core:ember_wand","1"
"people__C__56","people","C","equipment","core:harvest_scythe","1"
"people__C__56","people","C","equipment","core:iron_blade","1"
"people__C__56","people","C","equipment","core:ward_orbit","1"
"people__C__56","people","C","equipment","core:carpenter_hammer","1"
"people__C__56","people","C","equipment","core:hedge_drum","1"
"people__C__56","people","C","equipment","core:muster_horn","1"
"people__C__56","people","C","equipment","core:seed_bag","1"
"people__C__56","people","C","charter","core:guarded_harvest","6"
"people__C__56","people","C","charter","core:meal_oath","14"
"people__C__56","people","C","charter","core:rally_boundary","17"
"people__C__56","people","C","charter","core:repair_tithe","5"
"people__C__56","people","C","item","core:boundary_hinge","1"
"people__C__56","people","C","item","core:joiner_square","2"
"people__C__56","people","C","item","core:levy_bread_wrap","4"
"people__C__56","people","C","item","core:muster_roll","2"
"people__C__56","people","C","item","core:root_binding_cord","4"
"people__C__56","people","C","item","core:ruin_keystone","1"
"people__C__56","people","C","item","core:scaffold_step","1"
"people__C__56","people","C","item","core:seed_pouch_lining","2"
"people__C__56","people","C","item","core:shock_absorber_pad","2"
"people__C__56","people","C","item","core:wind_seed_flag","5"
"people__C__56","people","C","evolution","core:sheltered_sowing","1"
"people__C__56","people","C","evolution","core:sowing_sworddance","1"
"people__C__57","people","C","equipment","core:ember_wand","1"
"people__C__57","people","C","equipment","core:harvest_scythe","1"
"people__C__57","people","C","equipment","core:iron_blade","1"
"people__C__57","people","C","equipment","core:ward_orbit","1"
"people__C__57","people","C","equipment","core:muster_horn","1"
"people__C__57","people","C","equipment","core:seed_bag","1"
"people__C__57","people","C","charter","core:guarded_harvest","9"
"people__C__57","people","C","charter","core:meal_oath","13"
"people__C__57","people","C","charter","core:rally_boundary","13"
"people__C__57","people","C","item","core:levy_bread_wrap","5"
"people__C__57","people","C","item","core:meadow_buckle","1"
"people__C__57","people","C","item","core:muster_roll","2"
"people__C__57","people","C","item","core:return_path_knot","3"
"people__C__57","people","C","item","core:root_binding_cord","5"
"people__C__57","people","C","item","core:seed_pouch_lining","4"
"people__C__57","people","C","item","core:wind_seed_flag","4"
"people__C__57","people","C","evolution","core:sowing_sworddance","1"
"people__C__58","people","C","equipment","core:ember_wand","1"
"people__C__58","people","C","equipment","core:harvest_scythe","1"
"people__C__58","people","C","equipment","core:iron_blade","1"
"people__C__58","people","C","equipment","core:ward_orbit","1"
"people__C__58","people","C","equipment","core:muster_horn","1"
"people__C__58","people","C","equipment","core:seed_bag","1"
"people__C__58","people","C","charter","core:guarded_harvest","10"
"people__C__58","people","C","charter","core:meal_oath","17"
"people__C__58","people","C","charter","core:rally_boundary","23"
"people__C__58","people","C","item","core:levy_bread_wrap","3"
"people__C__58","people","C","item","core:meadow_buckle","5"
"people__C__58","people","C","item","core:muster_roll","5"
"people__C__58","people","C","item","core:root_binding_cord","2"
"people__C__58","people","C","item","core:seed_pouch_lining","5"
"people__C__58","people","C","item","core:wind_seed_flag","4"
"people__C__58","people","C","evolution","core:sowing_sworddance","1"
"people__C__59","people","C","equipment","core:ember_wand","1"
"people__C__59","people","C","equipment","core:harvest_scythe","1"
"people__C__59","people","C","equipment","core:iron_blade","1"
"people__C__59","people","C","equipment","core:ward_orbit","1"
"people__C__59","people","C","equipment","core:carpenter_hammer","1"
"people__C__59","people","C","equipment","core:muster_horn","1"
"people__C__59","people","C","equipment","core:seed_bag","1"
"people__C__59","people","C","charter","core:guarded_harvest","3"
"people__C__59","people","C","charter","core:meal_oath","15"
"people__C__59","people","C","charter","core:rally_boundary","19"
"people__C__59","people","C","charter","core:repair_tithe","1"
"people__C__59","people","C","item","core:joiner_square","2"
"people__C__59","people","C","item","core:levy_bread_wrap","3"
"people__C__59","people","C","item","core:meadow_buckle","4"
"people__C__59","people","C","item","core:return_path_knot","1"
"people__C__59","people","C","item","core:root_binding_cord","2"
"people__C__59","people","C","item","core:ruin_keystone","2"
"people__C__59","people","C","item","core:scaffold_step","2"
"people__C__59","people","C","item","core:seed_pouch_lining","1"
"people__C__59","people","C","item","core:shock_absorber_pad","3"
"people__C__59","people","C","item","core:wind_seed_flag","3"
"people__C__59","people","C","evolution","core:sheltered_sowing","1"
"people__C__59","people","C","evolution","core:sowing_sworddance","1"
"people__C__60","people","C","equipment","core:ember_wand","1"
"people__C__60","people","C","equipment","core:harvest_scythe","1"
"people__C__60","people","C","equipment","core:iron_blade","1"
"people__C__60","people","C","equipment","core:ward_orbit","1"
"people__C__60","people","C","equipment","core:carpenter_hammer","1"
"people__C__60","people","C","equipment","core:hedge_drum","1"
"people__C__60","people","C","equipment","core:muster_horn","1"
"people__C__60","people","C","equipment","core:seed_bag","1"
"people__C__60","people","C","charter","core:guarded_harvest","14"
"people__C__60","people","C","charter","core:meal_oath","16"
"people__C__60","people","C","charter","core:rally_boundary","8"
"people__C__60","people","C","charter","core:repair_tithe","7"
"people__C__60","people","C","item","core:levy_bread_wrap","6"
"people__C__60","people","C","item","core:meadow_buckle","1"
"people__C__60","people","C","item","core:muster_roll","4"
"people__C__60","people","C","item","core:return_path_knot","1"
"people__C__60","people","C","item","core:root_binding_cord","4"
"people__C__60","people","C","item","core:ruin_keystone","3"
"people__C__60","people","C","item","core:scaffold_step","2"
"people__C__60","people","C","item","core:seed_pouch_lining","1"
"people__C__60","people","C","item","core:shock_absorber_pad","1"
"people__C__60","people","C","item","core:wind_seed_flag","1"
"people__C__60","people","C","evolution","core:sheltered_sowing","1"
"people__C__60","people","C","evolution","core:sowing_sworddance","1"
"people__C__61","people","C","equipment","core:ember_wand","1"
"people__C__61","people","C","equipment","core:harvest_scythe","1"
"people__C__61","people","C","equipment","core:iron_blade","1"
"people__C__61","people","C","equipment","core:ward_orbit","1"
"people__C__61","people","C","equipment","core:carpenter_hammer","1"
"people__C__61","people","C","equipment","core:hedge_drum","1"
"people__C__61","people","C","equipment","core:muster_horn","1"
"people__C__61","people","C","equipment","core:seed_bag","1"
"people__C__61","people","C","charter","core:guarded_harvest","12"
"people__C__61","people","C","charter","core:meal_oath","16"
"people__C__61","people","C","charter","core:rally_boundary","15"
"people__C__61","people","C","charter","core:repair_tithe","2"
"people__C__61","people","C","item","core:boundary_hinge","3"
"people__C__61","people","C","item","core:levy_bread_wrap","3"
"people__C__61","people","C","item","core:meadow_buckle","1"
"people__C__61","people","C","item","core:muster_roll","2"
"people__C__61","people","C","item","core:return_path_knot","2"
"people__C__61","people","C","item","core:root_binding_cord","2"
"people__C__61","people","C","item","core:ruin_keystone","3"
"people__C__61","people","C","item","core:scaffold_step","2"
"people__C__61","people","C","item","core:seed_pouch_lining","2"
"people__C__61","people","C","item","core:shock_absorber_pad","1"
"people__C__61","people","C","item","core:wind_seed_flag","3"
"people__C__61","people","C","evolution","core:sheltered_sowing","1"
"people__C__61","people","C","evolution","core:sowing_sworddance","1"
"people__C__62","people","C","equipment","core:ember_wand","1"
"people__C__62","people","C","equipment","core:harvest_scythe","1"
"people__C__62","people","C","equipment","core:iron_blade","1"
"people__C__62","people","C","equipment","core:ward_orbit","1"
"people__C__62","people","C","equipment","core:carpenter_hammer","1"
"people__C__62","people","C","equipment","core:hedge_drum","1"
"people__C__62","people","C","equipment","core:muster_horn","1"
"people__C__62","people","C","equipment","core:seed_bag","1"
"people__C__62","people","C","charter","core:guarded_harvest","8"
"people__C__62","people","C","charter","core:meal_oath","11"
"people__C__62","people","C","charter","core:rally_boundary","9"
"people__C__62","people","C","item","core:boundary_hinge","2"
"people__C__62","people","C","item","core:joiner_square","1"
"people__C__62","people","C","item","core:levy_bread_wrap","2"
"people__C__62","people","C","item","core:meadow_buckle","3"
"people__C__62","people","C","item","core:muster_roll","2"
"people__C__62","people","C","item","core:return_path_knot","1"
"people__C__62","people","C","item","core:root_binding_cord","2"
"people__C__62","people","C","item","core:ruin_keystone","1"
"people__C__62","people","C","item","core:scaffold_step","1"
"people__C__62","people","C","item","core:seed_pouch_lining","4"
"people__C__62","people","C","item","core:shock_absorber_pad","1"
"people__C__62","people","C","item","core:wind_seed_flag","3"
"people__C__62","people","C","evolution","core:sheltered_sowing","1"
"people__C__62","people","C","evolution","core:sowing_sworddance","1"
"people__C__63","people","C","equipment","core:ember_wand","1"
"people__C__63","people","C","equipment","core:harvest_scythe","1"
"people__C__63","people","C","equipment","core:iron_blade","1"
"people__C__63","people","C","equipment","core:ward_orbit","1"
"people__C__63","people","C","equipment","core:hedge_drum","1"
"people__C__63","people","C","equipment","core:muster_horn","1"
"people__C__63","people","C","equipment","core:seed_bag","1"
"people__C__63","people","C","charter","core:guarded_harvest","7"
"people__C__63","people","C","charter","core:meal_oath","14"
"people__C__63","people","C","charter","core:rally_boundary","13"
"people__C__63","people","C","item","core:boundary_hinge","2"
"people__C__63","people","C","item","core:joiner_square","2"
"people__C__63","people","C","item","core:levy_bread_wrap","2"
"people__C__63","people","C","item","core:meadow_buckle","2"
"people__C__63","people","C","item","core:muster_roll","2"
"people__C__63","people","C","item","core:return_path_knot","2"
"people__C__63","people","C","item","core:root_binding_cord","4"
"people__C__63","people","C","item","core:scaffold_step","1"
"people__C__63","people","C","item","core:seed_pouch_lining","4"
"people__C__63","people","C","item","core:wind_seed_flag","3"
"people__C__63","people","C","evolution","core:sowing_sworddance","1"
"people__C__64","people","C","equipment","core:ember_wand","1"
"people__C__64","people","C","equipment","core:harvest_scythe","1"
"people__C__64","people","C","equipment","core:iron_blade","1"
"people__C__64","people","C","equipment","core:ward_orbit","1"
"people__C__64","people","C","equipment","core:carpenter_hammer","1"
"people__C__64","people","C","equipment","core:hedge_drum","1"
"people__C__64","people","C","equipment","core:muster_horn","1"
"people__C__64","people","C","equipment","core:seed_bag","1"
"people__C__64","people","C","charter","core:guarded_harvest","7"
"people__C__64","people","C","charter","core:meal_oath","19"
"people__C__64","people","C","charter","core:rally_boundary","7"
"people__C__64","people","C","charter","core:repair_tithe","1"
"people__C__64","people","C","item","core:boundary_hinge","2"
"people__C__64","people","C","item","core:joiner_square","1"
"people__C__64","people","C","item","core:levy_bread_wrap","1"
"people__C__64","people","C","item","core:meadow_buckle","1"
"people__C__64","people","C","item","core:muster_roll","3"
"people__C__64","people","C","item","core:return_path_knot","3"
"people__C__64","people","C","item","core:root_binding_cord","1"
"people__C__64","people","C","item","core:ruin_keystone","2"
"people__C__64","people","C","item","core:seed_pouch_lining","3"
"people__C__64","people","C","item","core:shock_absorber_pad","5"
"people__C__64","people","C","item","core:wind_seed_flag","2"
"people__C__64","people","C","evolution","core:sheltered_sowing","1"
"people__C__64","people","C","evolution","core:sowing_sworddance","1"
"people__C__65","people","C","equipment","core:ember_wand","1"
"people__C__65","people","C","equipment","core:harvest_scythe","1"
"people__C__65","people","C","equipment","core:iron_blade","1"
"people__C__65","people","C","equipment","core:ward_orbit","1"
"people__C__65","people","C","equipment","core:muster_horn","1"
"people__C__65","people","C","equipment","core:seed_bag","1"
"people__C__65","people","C","charter","core:guarded_harvest","10"
"people__C__65","people","C","charter","core:meal_oath","10"
"people__C__65","people","C","charter","core:rally_boundary","10"
"people__C__65","people","C","charter","core:repair_tithe","1"
"people__C__65","people","C","item","core:levy_bread_wrap","5"
"people__C__65","people","C","item","core:meadow_buckle","3"
"people__C__65","people","C","item","core:muster_roll","6"
"people__C__65","people","C","item","core:return_path_knot","1"
"people__C__65","people","C","item","core:root_binding_cord","7"
"people__C__65","people","C","item","core:seed_pouch_lining","1"
"people__C__65","people","C","item","core:wind_seed_flag","1"
"people__C__65","people","C","evolution","core:sowing_sworddance","1"
"people__C__66","people","C","equipment","core:ember_wand","1"
"people__C__66","people","C","equipment","core:harvest_scythe","1"
"people__C__66","people","C","equipment","core:iron_blade","1"
"people__C__66","people","C","equipment","core:ward_orbit","1"
"people__C__66","people","C","equipment","core:muster_horn","1"
"people__C__66","people","C","equipment","core:seed_bag","1"
"people__C__66","people","C","charter","core:guarded_harvest","11"
"people__C__66","people","C","charter","core:meal_oath","14"
"people__C__66","people","C","charter","core:rally_boundary","13"
"people__C__66","people","C","charter","core:repair_tithe","1"
"people__C__66","people","C","item","core:levy_bread_wrap","1"
"people__C__66","people","C","item","core:meadow_buckle","7"
"people__C__66","people","C","item","core:muster_roll","6"
"people__C__66","people","C","item","core:return_path_knot","2"
"people__C__66","people","C","item","core:root_binding_cord","1"
"people__C__66","people","C","item","core:seed_pouch_lining","6"
"people__C__66","people","C","item","core:wind_seed_flag","1"
"people__C__66","people","C","evolution","core:sowing_sworddance","1"
"people__C__67","people","C","equipment","core:ember_wand","1"
"people__C__67","people","C","equipment","core:harvest_scythe","1"
"people__C__67","people","C","equipment","core:iron_blade","1"
"people__C__67","people","C","equipment","core:ward_orbit","1"
"people__C__67","people","C","equipment","core:muster_horn","1"
"people__C__67","people","C","equipment","core:seed_bag","1"
"people__C__67","people","C","charter","core:guarded_harvest","6"
"people__C__67","people","C","charter","core:meal_oath","12"
"people__C__67","people","C","charter","core:rally_boundary","11"
"people__C__67","people","C","charter","core:repair_tithe","1"
"people__C__67","people","C","item","core:levy_bread_wrap","3"
"people__C__67","people","C","item","core:meadow_buckle","7"
"people__C__67","people","C","item","core:muster_roll","2"
"people__C__67","people","C","item","core:return_path_knot","1"
"people__C__67","people","C","item","core:root_binding_cord","1"
"people__C__67","people","C","item","core:seed_pouch_lining","2"
"people__C__67","people","C","item","core:wind_seed_flag","6"
"people__C__67","people","C","evolution","core:sowing_sworddance","1"
"people__C__68","people","C","equipment","core:ember_wand","1"
"people__C__68","people","C","equipment","core:harvest_scythe","1"
"people__C__68","people","C","equipment","core:iron_blade","1"
"people__C__68","people","C","equipment","core:ward_orbit","1"
"people__C__68","people","C","equipment","core:carpenter_hammer","1"
"people__C__68","people","C","equipment","core:hedge_drum","1"
"people__C__68","people","C","equipment","core:muster_horn","1"
"people__C__68","people","C","equipment","core:seed_bag","1"
"people__C__68","people","C","charter","core:guarded_harvest","11"
"people__C__68","people","C","charter","core:meal_oath","11"
"people__C__68","people","C","charter","core:rally_boundary","4"
"people__C__68","people","C","charter","core:repair_tithe","3"
"people__C__68","people","C","item","core:boundary_hinge","5"
"people__C__68","people","C","item","core:joiner_square","1"
"people__C__68","people","C","item","core:levy_bread_wrap","3"
"people__C__68","people","C","item","core:meadow_buckle","1"
"people__C__68","people","C","item","core:return_path_knot","1"
"people__C__68","people","C","item","core:root_binding_cord","1"
"people__C__68","people","C","item","core:ruin_keystone","3"
"people__C__68","people","C","item","core:scaffold_step","2"
"people__C__68","people","C","item","core:seed_pouch_lining","1"
"people__C__68","people","C","item","core:shock_absorber_pad","5"
"people__C__68","people","C","item","core:wind_seed_flag","1"
"people__C__68","people","C","evolution","core:sheltered_sowing","1"
"people__C__68","people","C","evolution","core:sowing_sworddance","1"
"people__C__69","people","C","equipment","core:ember_wand","1"
"people__C__69","people","C","equipment","core:harvest_scythe","1"
"people__C__69","people","C","equipment","core:iron_blade","1"
"people__C__69","people","C","equipment","core:ward_orbit","1"
"people__C__69","people","C","equipment","core:carpenter_hammer","1"
"people__C__69","people","C","equipment","core:hedge_drum","1"
"people__C__69","people","C","equipment","core:muster_horn","1"
"people__C__69","people","C","equipment","core:seed_bag","1"
"people__C__69","people","C","charter","core:guarded_harvest","10"
"people__C__69","people","C","charter","core:meal_oath","11"
"people__C__69","people","C","charter","core:rally_boundary","6"
"people__C__69","people","C","charter","core:repair_tithe","4"
"people__C__69","people","C","item","core:joiner_square","2"
"people__C__69","people","C","item","core:levy_bread_wrap","1"
"people__C__69","people","C","item","core:meadow_buckle","3"
"people__C__69","people","C","item","core:muster_roll","1"
"people__C__69","people","C","item","core:return_path_knot","4"
"people__C__69","people","C","item","core:root_binding_cord","1"
"people__C__69","people","C","item","core:ruin_keystone","3"
"people__C__69","people","C","item","core:seed_pouch_lining","3"
"people__C__69","people","C","item","core:shock_absorber_pad","1"
"people__C__69","people","C","item","core:wind_seed_flag","3"
"people__C__69","people","C","evolution","core:sheltered_sowing","1"
"people__C__69","people","C","evolution","core:sowing_sworddance","1"
"people__C__70","people","C","equipment","core:ember_wand","1"
"people__C__70","people","C","equipment","core:harvest_scythe","1"
"people__C__70","people","C","equipment","core:iron_blade","1"
"people__C__70","people","C","equipment","core:ward_orbit","1"
"people__C__70","people","C","equipment","core:carpenter_hammer","1"
"people__C__70","people","C","equipment","core:hedge_drum","1"
"people__C__70","people","C","equipment","core:muster_horn","1"
"people__C__70","people","C","equipment","core:seed_bag","1"
"people__C__70","people","C","charter","core:guarded_harvest","7"
"people__C__70","people","C","charter","core:meal_oath","6"
"people__C__70","people","C","charter","core:rally_boundary","14"
"people__C__70","people","C","charter","core:repair_tithe","8"
"people__C__70","people","C","item","core:joiner_square","4"
"people__C__70","people","C","item","core:levy_bread_wrap","1"
"people__C__70","people","C","item","core:meadow_buckle","4"
"people__C__70","people","C","item","core:muster_roll","1"
"people__C__70","people","C","item","core:return_path_knot","2"
"people__C__70","people","C","item","core:root_binding_cord","2"
"people__C__70","people","C","item","core:ruin_keystone","1"
"people__C__70","people","C","item","core:scaffold_step","2"
"people__C__70","people","C","item","core:seed_pouch_lining","2"
"people__C__70","people","C","item","core:shock_absorber_pad","1"
"people__C__70","people","C","item","core:wind_seed_flag","3"
"people__C__70","people","C","evolution","core:sheltered_sowing","1"
"people__C__70","people","C","evolution","core:sowing_sworddance","1"
"people__C__71","people","C","equipment","core:ember_wand","1"
"people__C__71","people","C","equipment","core:harvest_scythe","1"
"people__C__71","people","C","equipment","core:iron_blade","1"
"people__C__71","people","C","equipment","core:ward_orbit","1"
"people__C__71","people","C","equipment","core:hedge_drum","1"
"people__C__71","people","C","equipment","core:muster_horn","1"
"people__C__71","people","C","equipment","core:seed_bag","1"
"people__C__71","people","C","charter","core:guarded_harvest","12"
"people__C__71","people","C","charter","core:meal_oath","17"
"people__C__71","people","C","charter","core:rally_boundary","17"
"people__C__71","people","C","charter","core:repair_tithe","5"
"people__C__71","people","C","item","core:boundary_hinge","5"
"people__C__71","people","C","item","core:joiner_square","5"
"people__C__71","people","C","item","core:levy_bread_wrap","1"
"people__C__71","people","C","item","core:meadow_buckle","1"
"people__C__71","people","C","item","core:muster_roll","1"
"people__C__71","people","C","item","core:return_path_knot","2"
"people__C__71","people","C","item","core:root_binding_cord","1"
"people__C__71","people","C","item","core:scaffold_step","3"
"people__C__71","people","C","item","core:seed_pouch_lining","1"
"people__C__71","people","C","item","core:wind_seed_flag","3"
"people__C__71","people","C","evolution","core:sowing_sworddance","1"
"people__C__72","people","C","equipment","core:ember_wand","1"
"people__C__72","people","C","equipment","core:harvest_scythe","1"
"people__C__72","people","C","equipment","core:iron_blade","1"
"people__C__72","people","C","equipment","core:ward_orbit","1"
"people__C__72","people","C","equipment","core:muster_horn","1"
"people__C__72","people","C","equipment","core:seed_bag","1"
"people__C__72","people","C","charter","core:guarded_harvest","6"
"people__C__72","people","C","charter","core:meal_oath","16"
"people__C__72","people","C","charter","core:rally_boundary","13"
"people__C__72","people","C","item","core:levy_bread_wrap","4"
"people__C__72","people","C","item","core:meadow_buckle","4"
"people__C__72","people","C","item","core:muster_roll","4"
"people__C__72","people","C","item","core:return_path_knot","5"
"people__C__72","people","C","item","core:root_binding_cord","3"
"people__C__72","people","C","item","core:wind_seed_flag","3"
"people__C__72","people","C","evolution","core:sowing_sworddance","1"
"people__C__73","people","C","equipment","core:ember_wand","1"
"people__C__73","people","C","equipment","core:harvest_scythe","1"
"people__C__73","people","C","equipment","core:iron_blade","1"
"people__C__73","people","C","equipment","core:ward_orbit","1"
"people__C__73","people","C","equipment","core:carpenter_hammer","1"
"people__C__73","people","C","equipment","core:hedge_drum","1"
"people__C__73","people","C","equipment","core:muster_horn","1"
"people__C__73","people","C","equipment","core:seed_bag","1"
"people__C__73","people","C","charter","core:guarded_harvest","4"
"people__C__73","people","C","charter","core:meal_oath","17"
"people__C__73","people","C","charter","core:rally_boundary","19"
"people__C__73","people","C","charter","core:repair_tithe","1"
"people__C__73","people","C","item","core:boundary_hinge","1"
"people__C__73","people","C","item","core:joiner_square","3"
"people__C__73","people","C","item","core:levy_bread_wrap","2"
"people__C__73","people","C","item","core:meadow_buckle","1"
"people__C__73","people","C","item","core:muster_roll","1"
"people__C__73","people","C","item","core:return_path_knot","3"
"people__C__73","people","C","item","core:root_binding_cord","3"
"people__C__73","people","C","item","core:scaffold_step","1"
"people__C__73","people","C","item","core:seed_pouch_lining","4"
"people__C__73","people","C","item","core:shock_absorber_pad","1"
"people__C__73","people","C","item","core:wind_seed_flag","4"
"people__C__73","people","C","evolution","core:sheltered_sowing","1"
"people__C__73","people","C","evolution","core:sowing_sworddance","1"
"mixed__A__42","mixed","A","equipment","core:ember_wand","1"
"mixed__A__42","mixed","A","equipment","core:harvest_scythe","1"
"mixed__A__42","mixed","A","equipment","core:iron_blade","1"
"mixed__A__42","mixed","A","equipment","core:ward_orbit","1"
"mixed__A__42","mixed","A","equipment","core:carpenter_hammer","1"
"mixed__A__42","mixed","A","equipment","core:hedge_drum","1"
"mixed__A__42","mixed","A","equipment","core:muster_horn","1"
"mixed__A__42","mixed","A","equipment","core:seed_bag","1"
"mixed__A__42","mixed","A","charter","core:guarded_harvest","11"
"mixed__A__42","mixed","A","charter","core:meal_oath","8"
"mixed__A__42","mixed","A","charter","core:rally_boundary","9"
"mixed__A__42","mixed","A","charter","core:repair_tithe","4"
"mixed__A__42","mixed","A","item","core:boundary_hinge","2"
"mixed__A__42","mixed","A","item","core:levy_bread_wrap","1"
"mixed__A__42","mixed","A","item","core:meadow_buckle","2"
"mixed__A__42","mixed","A","item","core:muster_roll","1"
"mixed__A__42","mixed","A","item","core:return_path_knot","3"
"mixed__A__42","mixed","A","item","core:root_binding_cord","1"
"mixed__A__42","mixed","A","item","core:ruin_keystone","4"
"mixed__A__42","mixed","A","item","core:scaffold_step","3"
"mixed__A__42","mixed","A","item","core:seed_pouch_lining","2"
"mixed__A__42","mixed","A","item","core:shock_absorber_pad","3"
"mixed__A__42","mixed","A","item","core:wind_seed_flag","2"
"mixed__A__42","mixed","A","evolution","core:sheltered_sowing","1"
"mixed__A__42","mixed","A","evolution","core:sowing_sworddance","1"
"mixed__A__43","mixed","A","equipment","core:ember_wand","1"
"mixed__A__43","mixed","A","equipment","core:harvest_scythe","1"
"mixed__A__43","mixed","A","equipment","core:iron_blade","1"
"mixed__A__43","mixed","A","equipment","core:ward_orbit","1"
"mixed__A__43","mixed","A","equipment","core:carpenter_hammer","1"
"mixed__A__43","mixed","A","equipment","core:hedge_drum","1"
"mixed__A__43","mixed","A","equipment","core:muster_horn","1"
"mixed__A__43","mixed","A","equipment","core:seed_bag","1"
"mixed__A__43","mixed","A","charter","core:guarded_harvest","11"
"mixed__A__43","mixed","A","charter","core:meal_oath","6"
"mixed__A__43","mixed","A","charter","core:rally_boundary","9"
"mixed__A__43","mixed","A","item","core:boundary_hinge","1"
"mixed__A__43","mixed","A","item","core:levy_bread_wrap","4"
"mixed__A__43","mixed","A","item","core:meadow_buckle","3"
"mixed__A__43","mixed","A","item","core:muster_roll","3"
"mixed__A__43","mixed","A","item","core:root_binding_cord","3"
"mixed__A__43","mixed","A","item","core:ruin_keystone","4"
"mixed__A__43","mixed","A","item","core:seed_pouch_lining","2"
"mixed__A__43","mixed","A","item","core:shock_absorber_pad","3"
"mixed__A__43","mixed","A","item","core:wind_seed_flag","1"
"mixed__A__43","mixed","A","evolution","core:sheltered_sowing","1"
"mixed__A__43","mixed","A","evolution","core:sowing_sworddance","1"
"mixed__A__44","mixed","A","equipment","core:ember_wand","1"
"mixed__A__44","mixed","A","equipment","core:harvest_scythe","1"
"mixed__A__44","mixed","A","equipment","core:iron_blade","1"
"mixed__A__44","mixed","A","equipment","core:ward_orbit","1"
"mixed__A__44","mixed","A","equipment","core:muster_horn","1"
"mixed__A__44","mixed","A","equipment","core:seed_bag","1"
"mixed__A__44","mixed","A","charter","core:guarded_harvest","5"
"mixed__A__44","mixed","A","charter","core:meal_oath","2"
"mixed__A__44","mixed","A","charter","core:rally_boundary","6"
"mixed__A__44","mixed","A","charter","core:repair_tithe","2"
"mixed__A__44","mixed","A","item","core:levy_bread_wrap","3"
"mixed__A__44","mixed","A","item","core:meadow_buckle","7"
"mixed__A__44","mixed","A","item","core:muster_roll","1"
"mixed__A__44","mixed","A","item","core:return_path_knot","3"
"mixed__A__44","mixed","A","item","core:root_binding_cord","2"
"mixed__A__44","mixed","A","item","core:seed_pouch_lining","7"
"mixed__A__44","mixed","A","item","core:wind_seed_flag","1"
"mixed__A__44","mixed","A","evolution","core:sowing_sworddance","1"
"mixed__A__45","mixed","A","equipment","core:ember_wand","1"
"mixed__A__45","mixed","A","equipment","core:harvest_scythe","1"
"mixed__A__45","mixed","A","equipment","core:iron_blade","1"
"mixed__A__45","mixed","A","equipment","core:ward_orbit","1"
"mixed__A__45","mixed","A","equipment","core:carpenter_hammer","1"
"mixed__A__45","mixed","A","equipment","core:hedge_drum","1"
"mixed__A__45","mixed","A","equipment","core:muster_horn","1"
"mixed__A__45","mixed","A","equipment","core:seed_bag","1"
"mixed__A__45","mixed","A","charter","core:guarded_harvest","16"
"mixed__A__45","mixed","A","charter","core:meal_oath","4"
"mixed__A__45","mixed","A","charter","core:rally_boundary","4"
"mixed__A__45","mixed","A","item","core:joiner_square","1"
"mixed__A__45","mixed","A","item","core:levy_bread_wrap","3"
"mixed__A__45","mixed","A","item","core:meadow_buckle","2"
"mixed__A__45","mixed","A","item","core:muster_roll","4"
"mixed__A__45","mixed","A","item","core:return_path_knot","3"
"mixed__A__45","mixed","A","item","core:root_binding_cord","2"
"mixed__A__45","mixed","A","item","core:scaffold_step","1"
"mixed__A__45","mixed","A","item","core:seed_pouch_lining","2"
"mixed__A__45","mixed","A","item","core:shock_absorber_pad","4"
"mixed__A__45","mixed","A","item","core:wind_seed_flag","2"
"mixed__A__45","mixed","A","evolution","core:sheltered_sowing","1"
"mixed__A__45","mixed","A","evolution","core:sowing_sworddance","1"
"mixed__A__46","mixed","A","equipment","core:ember_wand","1"
"mixed__A__46","mixed","A","equipment","core:harvest_scythe","1"
"mixed__A__46","mixed","A","equipment","core:iron_blade","1"
"mixed__A__46","mixed","A","equipment","core:ward_orbit","1"
"mixed__A__46","mixed","A","equipment","core:hedge_drum","1"
"mixed__A__46","mixed","A","equipment","core:muster_horn","1"
"mixed__A__46","mixed","A","equipment","core:seed_bag","1"
"mixed__A__46","mixed","A","charter","core:guarded_harvest","6"
"mixed__A__46","mixed","A","charter","core:meal_oath","2"
"mixed__A__46","mixed","A","charter","core:rally_boundary","11"
"mixed__A__46","mixed","A","item","core:joiner_square","5"
"mixed__A__46","mixed","A","item","core:levy_bread_wrap","2"
"mixed__A__46","mixed","A","item","core:meadow_buckle","4"
"mixed__A__46","mixed","A","item","core:muster_roll","3"
"mixed__A__46","mixed","A","item","core:return_path_knot","2"
"mixed__A__46","mixed","A","item","core:root_binding_cord","3"
"mixed__A__46","mixed","A","item","core:seed_pouch_lining","3"
"mixed__A__46","mixed","A","item","core:wind_seed_flag","2"
"mixed__A__46","mixed","A","evolution","core:sowing_sworddance","1"
"mixed__A__47","mixed","A","equipment","core:ember_wand","1"
"mixed__A__47","mixed","A","equipment","core:harvest_scythe","1"
"mixed__A__47","mixed","A","equipment","core:iron_blade","1"
"mixed__A__47","mixed","A","equipment","core:ward_orbit","1"
"mixed__A__47","mixed","A","equipment","core:carpenter_hammer","1"
"mixed__A__47","mixed","A","equipment","core:hedge_drum","1"
"mixed__A__47","mixed","A","equipment","core:muster_horn","1"
"mixed__A__47","mixed","A","equipment","core:seed_bag","1"
"mixed__A__47","mixed","A","charter","core:guarded_harvest","8"
"mixed__A__47","mixed","A","charter","core:meal_oath","10"
"mixed__A__47","mixed","A","charter","core:rally_boundary","6"
"mixed__A__47","mixed","A","charter","core:repair_tithe","6"
"mixed__A__47","mixed","A","item","core:boundary_hinge","3"
"mixed__A__47","mixed","A","item","core:joiner_square","3"
"mixed__A__47","mixed","A","item","core:meadow_buckle","3"
"mixed__A__47","mixed","A","item","core:muster_roll","2"
"mixed__A__47","mixed","A","item","core:return_path_knot","2"
"mixed__A__47","mixed","A","item","core:root_binding_cord","1"
"mixed__A__47","mixed","A","item","core:ruin_keystone","2"
"mixed__A__47","mixed","A","item","core:scaffold_step","2"
"mixed__A__47","mixed","A","item","core:seed_pouch_lining","3"
"mixed__A__47","mixed","A","item","core:shock_absorber_pad","3"
"mixed__A__47","mixed","A","evolution","core:sheltered_sowing","1"
"mixed__A__47","mixed","A","evolution","core:sowing_sworddance","1"
"mixed__A__48","mixed","A","equipment","core:ember_wand","1"
"mixed__A__48","mixed","A","equipment","core:harvest_scythe","1"
"mixed__A__48","mixed","A","equipment","core:iron_blade","1"
"mixed__A__48","mixed","A","equipment","core:ward_orbit","1"
"mixed__A__48","mixed","A","equipment","core:carpenter_hammer","1"
"mixed__A__48","mixed","A","equipment","core:hedge_drum","1"
"mixed__A__48","mixed","A","equipment","core:muster_horn","1"
"mixed__A__48","mixed","A","equipment","core:seed_bag","1"
"mixed__A__48","mixed","A","charter","core:guarded_harvest","10"
"mixed__A__48","mixed","A","charter","core:meal_oath","5"
"mixed__A__48","mixed","A","charter","core:rally_boundary","6"
"mixed__A__48","mixed","A","charter","core:repair_tithe","8"
"mixed__A__48","mixed","A","item","core:boundary_hinge","1"
"mixed__A__48","mixed","A","item","core:joiner_square","3"
"mixed__A__48","mixed","A","item","core:levy_bread_wrap","2"
"mixed__A__48","mixed","A","item","core:meadow_buckle","3"
"mixed__A__48","mixed","A","item","core:return_path_knot","4"
"mixed__A__48","mixed","A","item","core:root_binding_cord","2"
"mixed__A__48","mixed","A","item","core:ruin_keystone","1"
"mixed__A__48","mixed","A","item","core:scaffold_step","3"
"mixed__A__48","mixed","A","item","core:seed_pouch_lining","3"
"mixed__A__48","mixed","A","item","core:shock_absorber_pad","1"
"mixed__A__48","mixed","A","item","core:wind_seed_flag","1"
"mixed__A__48","mixed","A","evolution","core:sheltered_sowing","1"
"mixed__A__48","mixed","A","evolution","core:sowing_sworddance","1"
"mixed__A__49","mixed","A","equipment","core:ember_wand","1"
"mixed__A__49","mixed","A","equipment","core:harvest_scythe","1"
"mixed__A__49","mixed","A","equipment","core:iron_blade","1"
"mixed__A__49","mixed","A","equipment","core:ward_orbit","1"
"mixed__A__49","mixed","A","equipment","core:carpenter_hammer","1"
"mixed__A__49","mixed","A","equipment","core:hedge_drum","1"
"mixed__A__49","mixed","A","equipment","core:muster_horn","1"
"mixed__A__49","mixed","A","equipment","core:seed_bag","1"
"mixed__A__49","mixed","A","charter","core:guarded_harvest","17"
"mixed__A__49","mixed","A","charter","core:meal_oath","2"
"mixed__A__49","mixed","A","charter","core:rally_boundary","9"
"mixed__A__49","mixed","A","charter","core:repair_tithe","6"
"mixed__A__49","mixed","A","item","core:joiner_square","1"
"mixed__A__49","mixed","A","item","core:levy_bread_wrap","4"
"mixed__A__49","mixed","A","item","core:meadow_buckle","2"
"mixed__A__49","mixed","A","item","core:muster_roll","2"
"mixed__A__49","mixed","A","item","core:return_path_knot","1"
"mixed__A__49","mixed","A","item","core:root_binding_cord","5"
"mixed__A__49","mixed","A","item","core:scaffold_step","2"
"mixed__A__49","mixed","A","item","core:seed_pouch_lining","3"
"mixed__A__49","mixed","A","item","core:wind_seed_flag","4"
"mixed__A__49","mixed","A","evolution","core:sheltered_sowing","1"
"mixed__A__49","mixed","A","evolution","core:sowing_sworddance","1"
"mixed__A__50","mixed","A","equipment","core:ember_wand","1"
"mixed__A__50","mixed","A","equipment","core:harvest_scythe","1"
"mixed__A__50","mixed","A","equipment","core:iron_blade","1"
"mixed__A__50","mixed","A","equipment","core:ward_orbit","1"
"mixed__A__50","mixed","A","equipment","core:muster_horn","1"
"mixed__A__50","mixed","A","equipment","core:seed_bag","1"
"mixed__A__50","mixed","A","charter","core:guarded_harvest","17"
"mixed__A__50","mixed","A","charter","core:meal_oath","3"
"mixed__A__50","mixed","A","charter","core:rally_boundary","6"
"mixed__A__50","mixed","A","charter","core:repair_tithe","2"
"mixed__A__50","mixed","A","item","core:levy_bread_wrap","1"
"mixed__A__50","mixed","A","item","core:meadow_buckle","2"
"mixed__A__50","mixed","A","item","core:muster_roll","3"
"mixed__A__50","mixed","A","item","core:return_path_knot","2"
"mixed__A__50","mixed","A","item","core:root_binding_cord","3"
"mixed__A__50","mixed","A","item","core:seed_pouch_lining","7"
"mixed__A__50","mixed","A","item","core:wind_seed_flag","6"
"mixed__A__50","mixed","A","evolution","core:sowing_sworddance","1"
"mixed__A__51","mixed","A","equipment","core:ember_wand","1"
"mixed__A__51","mixed","A","equipment","core:harvest_scythe","1"
"mixed__A__51","mixed","A","equipment","core:iron_blade","1"
"mixed__A__51","mixed","A","equipment","core:ward_orbit","1"
"mixed__A__51","mixed","A","equipment","core:carpenter_hammer","1"
"mixed__A__51","mixed","A","equipment","core:hedge_drum","1"
"mixed__A__51","mixed","A","equipment","core:muster_horn","1"
"mixed__A__51","mixed","A","equipment","core:seed_bag","1"
"mixed__A__51","mixed","A","charter","core:guarded_harvest","13"
"mixed__A__51","mixed","A","charter","core:meal_oath","1"
"mixed__A__51","mixed","A","charter","core:rally_boundary","4"
"mixed__A__51","mixed","A","charter","core:repair_tithe","8"
"mixed__A__51","mixed","A","item","core:joiner_square","3"
"mixed__A__51","mixed","A","item","core:levy_bread_wrap","1"
"mixed__A__51","mixed","A","item","core:meadow_buckle","2"
"mixed__A__51","mixed","A","item","core:muster_roll","4"
"mixed__A__51","mixed","A","item","core:return_path_knot","5"
"mixed__A__51","mixed","A","item","core:root_binding_cord","3"
"mixed__A__51","mixed","A","item","core:scaffold_step","1"
"mixed__A__51","mixed","A","item","core:seed_pouch_lining","1"
"mixed__A__51","mixed","A","item","core:shock_absorber_pad","1"
"mixed__A__51","mixed","A","item","core:wind_seed_flag","2"
"mixed__A__51","mixed","A","evolution","core:sheltered_sowing","1"
"mixed__A__51","mixed","A","evolution","core:sowing_sworddance","1"
"mixed__A__52","mixed","A","equipment","core:ember_wand","1"
"mixed__A__52","mixed","A","equipment","core:harvest_scythe","1"
"mixed__A__52","mixed","A","equipment","core:iron_blade","1"
"mixed__A__52","mixed","A","equipment","core:ward_orbit","1"
"mixed__A__52","mixed","A","equipment","core:hedge_drum","1"
"mixed__A__52","mixed","A","equipment","core:muster_horn","1"
"mixed__A__52","mixed","A","equipment","core:seed_bag","1"
"mixed__A__52","mixed","A","charter","core:guarded_harvest","15"
"mixed__A__52","mixed","A","charter","core:meal_oath","4"
"mixed__A__52","mixed","A","charter","core:rally_boundary","4"
"mixed__A__52","mixed","A","charter","core:repair_tithe","2"
"mixed__A__52","mixed","A","item","core:levy_bread_wrap","4"
"mixed__A__52","mixed","A","item","core:meadow_buckle","2"
"mixed__A__52","mixed","A","item","core:muster_roll","3"
"mixed__A__52","mixed","A","item","core:return_path_knot","2"
"mixed__A__52","mixed","A","item","core:root_binding_cord","4"
"mixed__A__52","mixed","A","item","core:scaffold_step","5"
"mixed__A__52","mixed","A","item","core:seed_pouch_lining","4"
"mixed__A__52","mixed","A","evolution","core:sowing_sworddance","1"
"mixed__A__53","mixed","A","equipment","core:ember_wand","1"
"mixed__A__53","mixed","A","equipment","core:harvest_scythe","1"
"mixed__A__53","mixed","A","equipment","core:iron_blade","1"
"mixed__A__53","mixed","A","equipment","core:ward_orbit","1"
"mixed__A__53","mixed","A","equipment","core:carpenter_hammer","1"
"mixed__A__53","mixed","A","equipment","core:hedge_drum","1"
"mixed__A__53","mixed","A","equipment","core:muster_horn","1"
"mixed__A__53","mixed","A","equipment","core:seed_bag","1"
"mixed__A__53","mixed","A","charter","core:guarded_harvest","11"
"mixed__A__53","mixed","A","charter","core:meal_oath","2"
"mixed__A__53","mixed","A","charter","core:rally_boundary","8"
"mixed__A__53","mixed","A","charter","core:repair_tithe","3"
"mixed__A__53","mixed","A","item","core:boundary_hinge","2"
"mixed__A__53","mixed","A","item","core:joiner_square","1"
"mixed__A__53","mixed","A","item","core:levy_bread_wrap","4"
"mixed__A__53","mixed","A","item","core:meadow_buckle","4"
"mixed__A__53","mixed","A","item","core:return_path_knot","4"
"mixed__A__53","mixed","A","item","core:root_binding_cord","4"
"mixed__A__53","mixed","A","item","core:scaffold_step","3"
"mixed__A__53","mixed","A","item","core:seed_pouch_lining","1"
"mixed__A__53","mixed","A","item","core:wind_seed_flag","1"
"mixed__A__53","mixed","A","evolution","core:sheltered_sowing","1"
"mixed__A__53","mixed","A","evolution","core:sowing_sworddance","1"
"mixed__A__54","mixed","A","equipment","core:ember_wand","1"
"mixed__A__54","mixed","A","equipment","core:harvest_scythe","1"
"mixed__A__54","mixed","A","equipment","core:iron_blade","1"
"mixed__A__54","mixed","A","equipment","core:ward_orbit","1"
"mixed__A__54","mixed","A","equipment","core:muster_horn","1"
"mixed__A__54","mixed","A","equipment","core:seed_bag","1"
"mixed__A__54","mixed","A","charter","core:guarded_harvest","7"
"mixed__A__54","mixed","A","charter","core:meal_oath","7"
"mixed__A__54","mixed","A","charter","core:rally_boundary","7"
"mixed__A__54","mixed","A","item","core:levy_bread_wrap","3"
"mixed__A__54","mixed","A","item","core:meadow_buckle","3"
"mixed__A__54","mixed","A","item","core:muster_roll","4"
"mixed__A__54","mixed","A","item","core:return_path_knot","8"
"mixed__A__54","mixed","A","item","core:root_binding_cord","3"
"mixed__A__54","mixed","A","item","core:seed_pouch_lining","2"
"mixed__A__54","mixed","A","item","core:wind_seed_flag","1"
"mixed__A__54","mixed","A","evolution","core:sowing_sworddance","1"
"mixed__A__55","mixed","A","equipment","core:ember_wand","1"
"mixed__A__55","mixed","A","equipment","core:harvest_scythe","1"
"mixed__A__55","mixed","A","equipment","core:iron_blade","1"
"mixed__A__55","mixed","A","equipment","core:ward_orbit","1"
"mixed__A__55","mixed","A","equipment","core:muster_horn","1"
"mixed__A__55","mixed","A","equipment","core:seed_bag","1"
"mixed__A__55","mixed","A","charter","core:guarded_harvest","14"
"mixed__A__55","mixed","A","charter","core:meal_oath","4"
"mixed__A__55","mixed","A","charter","core:rally_boundary","7"
"mixed__A__55","mixed","A","item","core:levy_bread_wrap","3"
"mixed__A__55","mixed","A","item","core:meadow_buckle","2"
"mixed__A__55","mixed","A","item","core:muster_roll","2"
"mixed__A__55","mixed","A","item","core:return_path_knot","5"
"mixed__A__55","mixed","A","item","core:root_binding_cord","2"
"mixed__A__55","mixed","A","item","core:seed_pouch_lining","5"
"mixed__A__55","mixed","A","item","core:wind_seed_flag","5"
"mixed__A__55","mixed","A","evolution","core:sowing_sworddance","1"
"mixed__A__56","mixed","A","equipment","core:ember_wand","1"
"mixed__A__56","mixed","A","equipment","core:harvest_scythe","1"
"mixed__A__56","mixed","A","equipment","core:iron_blade","1"
"mixed__A__56","mixed","A","equipment","core:ward_orbit","1"
"mixed__A__56","mixed","A","equipment","core:carpenter_hammer","1"
"mixed__A__56","mixed","A","equipment","core:hedge_drum","1"
"mixed__A__56","mixed","A","equipment","core:muster_horn","1"
"mixed__A__56","mixed","A","equipment","core:seed_bag","1"
"mixed__A__56","mixed","A","charter","core:guarded_harvest","8"
"mixed__A__56","mixed","A","charter","core:meal_oath","5"
"mixed__A__56","mixed","A","charter","core:rally_boundary","8"
"mixed__A__56","mixed","A","charter","core:repair_tithe","4"
"mixed__A__56","mixed","A","item","core:boundary_hinge","2"
"mixed__A__56","mixed","A","item","core:joiner_square","2"
"mixed__A__56","mixed","A","item","core:levy_bread_wrap","1"
"mixed__A__56","mixed","A","item","core:meadow_buckle","7"
"mixed__A__56","mixed","A","item","core:muster_roll","3"
"mixed__A__56","mixed","A","item","core:return_path_knot","2"
"mixed__A__56","mixed","A","item","core:root_binding_cord","1"
"mixed__A__56","mixed","A","item","core:ruin_keystone","1"
"mixed__A__56","mixed","A","item","core:seed_pouch_lining","1"
"mixed__A__56","mixed","A","item","core:shock_absorber_pad","2"
"mixed__A__56","mixed","A","item","core:wind_seed_flag","1"
"mixed__A__56","mixed","A","evolution","core:sheltered_sowing","1"
"mixed__A__56","mixed","A","evolution","core:sowing_sworddance","1"
"mixed__A__57","mixed","A","equipment","core:ember_wand","1"
"mixed__A__57","mixed","A","equipment","core:harvest_scythe","1"
"mixed__A__57","mixed","A","equipment","core:iron_blade","1"
"mixed__A__57","mixed","A","equipment","core:ward_orbit","1"
"mixed__A__57","mixed","A","equipment","core:carpenter_hammer","1"
"mixed__A__57","mixed","A","equipment","core:hedge_drum","1"
"mixed__A__57","mixed","A","equipment","core:muster_horn","1"
"mixed__A__57","mixed","A","equipment","core:seed_bag","1"
"mixed__A__57","mixed","A","charter","core:guarded_harvest","17"
"mixed__A__57","mixed","A","charter","core:meal_oath","2"
"mixed__A__57","mixed","A","charter","core:rally_boundary","4"
"mixed__A__57","mixed","A","charter","core:repair_tithe","5"
"mixed__A__57","mixed","A","item","core:boundary_hinge","2"
"mixed__A__57","mixed","A","item","core:joiner_square","2"
"mixed__A__57","mixed","A","item","core:levy_bread_wrap","2"
"mixed__A__57","mixed","A","item","core:meadow_buckle","3"
"mixed__A__57","mixed","A","item","core:muster_roll","1"
"mixed__A__57","mixed","A","item","core:return_path_knot","2"
"mixed__A__57","mixed","A","item","core:root_binding_cord","3"
"mixed__A__57","mixed","A","item","core:ruin_keystone","4"
"mixed__A__57","mixed","A","item","core:shock_absorber_pad","4"
"mixed__A__57","mixed","A","evolution","core:sheltered_sowing","1"
"mixed__A__57","mixed","A","evolution","core:sowing_sworddance","1"
"mixed__A__58","mixed","A","equipment","core:ember_wand","1"
"mixed__A__58","mixed","A","equipment","core:harvest_scythe","1"
"mixed__A__58","mixed","A","equipment","core:iron_blade","1"
"mixed__A__58","mixed","A","equipment","core:ward_orbit","1"
"mixed__A__58","mixed","A","equipment","core:muster_horn","1"
"mixed__A__58","mixed","A","equipment","core:seed_bag","1"
"mixed__A__58","mixed","A","charter","core:guarded_harvest","14"
"mixed__A__58","mixed","A","charter","core:meal_oath","10"
"mixed__A__58","mixed","A","charter","core:rally_boundary","8"
"mixed__A__58","mixed","A","item","core:levy_bread_wrap","3"
"mixed__A__58","mixed","A","item","core:meadow_buckle","3"
"mixed__A__58","mixed","A","item","core:muster_roll","3"
"mixed__A__58","mixed","A","item","core:return_path_knot","4"
"mixed__A__58","mixed","A","item","core:root_binding_cord","1"
"mixed__A__58","mixed","A","item","core:seed_pouch_lining","6"
"mixed__A__58","mixed","A","item","core:wind_seed_flag","4"
"mixed__A__58","mixed","A","evolution","core:sowing_sworddance","1"
"mixed__A__59","mixed","A","equipment","core:ember_wand","1"
"mixed__A__59","mixed","A","equipment","core:harvest_scythe","1"
"mixed__A__59","mixed","A","equipment","core:iron_blade","1"
"mixed__A__59","mixed","A","equipment","core:ward_orbit","1"
"mixed__A__59","mixed","A","equipment","core:muster_horn","1"
"mixed__A__59","mixed","A","equipment","core:seed_bag","1"
"mixed__A__59","mixed","A","charter","core:guarded_harvest","7"
"mixed__A__59","mixed","A","charter","core:meal_oath","5"
"mixed__A__59","mixed","A","charter","core:rally_boundary","1"
"mixed__A__59","mixed","A","item","core:levy_bread_wrap","6"
"mixed__A__59","mixed","A","item","core:meadow_buckle","1"
"mixed__A__59","mixed","A","item","core:muster_roll","1"
"mixed__A__59","mixed","A","item","core:return_path_knot","8"
"mixed__A__59","mixed","A","item","core:root_binding_cord","3"
"mixed__A__59","mixed","A","item","core:seed_pouch_lining","1"
"mixed__A__59","mixed","A","item","core:wind_seed_flag","4"
"mixed__A__59","mixed","A","evolution","core:sowing_sworddance","1"
"mixed__A__60","mixed","A","equipment","core:ember_wand","1"
"mixed__A__60","mixed","A","equipment","core:harvest_scythe","1"
"mixed__A__60","mixed","A","equipment","core:iron_blade","1"
"mixed__A__60","mixed","A","equipment","core:ward_orbit","1"
"mixed__A__60","mixed","A","equipment","core:carpenter_hammer","1"
"mixed__A__60","mixed","A","equipment","core:hedge_drum","1"
"mixed__A__60","mixed","A","equipment","core:muster_horn","1"
"mixed__A__60","mixed","A","equipment","core:seed_bag","1"
"mixed__A__60","mixed","A","charter","core:guarded_harvest","9"
"mixed__A__60","mixed","A","charter","core:meal_oath","6"
"mixed__A__60","mixed","A","charter","core:rally_boundary","6"
"mixed__A__60","mixed","A","charter","core:repair_tithe","8"
"mixed__A__60","mixed","A","item","core:boundary_hinge","4"
"mixed__A__60","mixed","A","item","core:joiner_square","1"
"mixed__A__60","mixed","A","item","core:levy_bread_wrap","3"
"mixed__A__60","mixed","A","item","core:meadow_buckle","1"
"mixed__A__60","mixed","A","item","core:return_path_knot","3"
"mixed__A__60","mixed","A","item","core:root_binding_cord","4"
"mixed__A__60","mixed","A","item","core:ruin_keystone","1"
"mixed__A__60","mixed","A","item","core:scaffold_step","3"
"mixed__A__60","mixed","A","item","core:seed_pouch_lining","1"
"mixed__A__60","mixed","A","item","core:shock_absorber_pad","1"
"mixed__A__60","mixed","A","item","core:wind_seed_flag","2"
"mixed__A__60","mixed","A","evolution","core:sheltered_sowing","1"
"mixed__A__60","mixed","A","evolution","core:sowing_sworddance","1"
"mixed__A__61","mixed","A","equipment","core:ember_wand","1"
"mixed__A__61","mixed","A","equipment","core:harvest_scythe","1"
"mixed__A__61","mixed","A","equipment","core:iron_blade","1"
"mixed__A__61","mixed","A","equipment","core:ward_orbit","1"
"mixed__A__61","mixed","A","equipment","core:carpenter_hammer","1"
"mixed__A__61","mixed","A","equipment","core:hedge_drum","1"
"mixed__A__61","mixed","A","equipment","core:muster_horn","1"
"mixed__A__61","mixed","A","equipment","core:seed_bag","1"
"mixed__A__61","mixed","A","charter","core:guarded_harvest","13"
"mixed__A__61","mixed","A","charter","core:meal_oath","6"
"mixed__A__61","mixed","A","charter","core:rally_boundary","1"
"mixed__A__61","mixed","A","item","core:joiner_square","1"
"mixed__A__61","mixed","A","item","core:levy_bread_wrap","2"
"mixed__A__61","mixed","A","item","core:meadow_buckle","4"
"mixed__A__61","mixed","A","item","core:muster_roll","2"
"mixed__A__61","mixed","A","item","core:return_path_knot","2"
"mixed__A__61","mixed","A","item","core:root_binding_cord","3"
"mixed__A__61","mixed","A","item","core:ruin_keystone","2"
"mixed__A__61","mixed","A","item","core:seed_pouch_lining","5"
"mixed__A__61","mixed","A","item","core:wind_seed_flag","3"
"mixed__A__61","mixed","A","evolution","core:sheltered_sowing","1"
"mixed__A__61","mixed","A","evolution","core:sowing_sworddance","1"
"mixed__A__62","mixed","A","equipment","core:ember_wand","1"
"mixed__A__62","mixed","A","equipment","core:harvest_scythe","1"
"mixed__A__62","mixed","A","equipment","core:iron_blade","1"
"mixed__A__62","mixed","A","equipment","core:ward_orbit","1"
"mixed__A__62","mixed","A","equipment","core:carpenter_hammer","1"
"mixed__A__62","mixed","A","equipment","core:hedge_drum","1"
"mixed__A__62","mixed","A","equipment","core:muster_horn","1"
"mixed__A__62","mixed","A","equipment","core:seed_bag","1"
"mixed__A__62","mixed","A","charter","core:guarded_harvest","7"
"mixed__A__62","mixed","A","charter","core:meal_oath","2"
"mixed__A__62","mixed","A","charter","core:rally_boundary","4"
"mixed__A__62","mixed","A","charter","core:repair_tithe","8"
"mixed__A__62","mixed","A","item","core:boundary_hinge","2"
"mixed__A__62","mixed","A","item","core:joiner_square","2"
"mixed__A__62","mixed","A","item","core:levy_bread_wrap","2"
"mixed__A__62","mixed","A","item","core:meadow_buckle","3"
"mixed__A__62","mixed","A","item","core:muster_roll","3"
"mixed__A__62","mixed","A","item","core:root_binding_cord","3"
"mixed__A__62","mixed","A","item","core:ruin_keystone","1"
"mixed__A__62","mixed","A","item","core:scaffold_step","1"
"mixed__A__62","mixed","A","item","core:seed_pouch_lining","2"
"mixed__A__62","mixed","A","item","core:shock_absorber_pad","1"
"mixed__A__62","mixed","A","item","core:wind_seed_flag","4"
"mixed__A__62","mixed","A","evolution","core:sheltered_sowing","1"
"mixed__A__62","mixed","A","evolution","core:sowing_sworddance","1"
"mixed__A__63","mixed","A","equipment","core:ember_wand","1"
"mixed__A__63","mixed","A","equipment","core:harvest_scythe","1"
"mixed__A__63","mixed","A","equipment","core:iron_blade","1"
"mixed__A__63","mixed","A","equipment","core:ward_orbit","1"
"mixed__A__63","mixed","A","equipment","core:muster_horn","1"
"mixed__A__63","mixed","A","equipment","core:seed_bag","1"
"mixed__A__63","mixed","A","charter","core:guarded_harvest","7"
"mixed__A__63","mixed","A","charter","core:meal_oath","3"
"mixed__A__63","mixed","A","charter","core:rally_boundary","8"
"mixed__A__63","mixed","A","charter","core:repair_tithe","1"
"mixed__A__63","mixed","A","item","core:levy_bread_wrap","2"
"mixed__A__63","mixed","A","item","core:meadow_buckle","2"
"mixed__A__63","mixed","A","item","core:muster_roll","2"
"mixed__A__63","mixed","A","item","core:return_path_knot","3"
"mixed__A__63","mixed","A","item","core:root_binding_cord","3"
"mixed__A__63","mixed","A","item","core:seed_pouch_lining","5"
"mixed__A__63","mixed","A","item","core:wind_seed_flag","7"
"mixed__A__63","mixed","A","evolution","core:sowing_sworddance","1"
"mixed__A__64","mixed","A","equipment","core:ember_wand","1"
"mixed__A__64","mixed","A","equipment","core:harvest_scythe","1"
"mixed__A__64","mixed","A","equipment","core:iron_blade","1"
"mixed__A__64","mixed","A","equipment","core:ward_orbit","1"
"mixed__A__64","mixed","A","equipment","core:carpenter_hammer","1"
"mixed__A__64","mixed","A","equipment","core:hedge_drum","1"
"mixed__A__64","mixed","A","equipment","core:muster_horn","1"
"mixed__A__64","mixed","A","equipment","core:seed_bag","1"
"mixed__A__64","mixed","A","charter","core:guarded_harvest","11"
"mixed__A__64","mixed","A","charter","core:meal_oath","3"
"mixed__A__64","mixed","A","charter","core:rally_boundary","5"
"mixed__A__64","mixed","A","charter","core:repair_tithe","4"
"mixed__A__64","mixed","A","item","core:boundary_hinge","3"
"mixed__A__64","mixed","A","item","core:joiner_square","1"
"mixed__A__64","mixed","A","item","core:levy_bread_wrap","1"
"mixed__A__64","mixed","A","item","core:meadow_buckle","3"
"mixed__A__64","mixed","A","item","core:muster_roll","2"
"mixed__A__64","mixed","A","item","core:root_binding_cord","2"
"mixed__A__64","mixed","A","item","core:ruin_keystone","2"
"mixed__A__64","mixed","A","item","core:scaffold_step","1"
"mixed__A__64","mixed","A","item","core:seed_pouch_lining","3"
"mixed__A__64","mixed","A","item","core:shock_absorber_pad","2"
"mixed__A__64","mixed","A","item","core:wind_seed_flag","4"
"mixed__A__64","mixed","A","evolution","core:sheltered_sowing","1"
"mixed__A__64","mixed","A","evolution","core:sowing_sworddance","1"
"mixed__A__65","mixed","A","equipment","core:ember_wand","1"
"mixed__A__65","mixed","A","equipment","core:harvest_scythe","1"
"mixed__A__65","mixed","A","equipment","core:iron_blade","1"
"mixed__A__65","mixed","A","equipment","core:ward_orbit","1"
"mixed__A__65","mixed","A","equipment","core:carpenter_hammer","1"
"mixed__A__65","mixed","A","equipment","core:hedge_drum","1"
"mixed__A__65","mixed","A","equipment","core:muster_horn","1"
"mixed__A__65","mixed","A","equipment","core:seed_bag","1"
"mixed__A__65","mixed","A","charter","core:guarded_harvest","17"
"mixed__A__65","mixed","A","charter","core:meal_oath","2"
"mixed__A__65","mixed","A","charter","core:rally_boundary","5"
"mixed__A__65","mixed","A","charter","core:repair_tithe","2"
"mixed__A__65","mixed","A","item","core:boundary_hinge","2"
"mixed__A__65","mixed","A","item","core:joiner_square","2"
"mixed__A__65","mixed","A","item","core:levy_bread_wrap","2"
"mixed__A__65","mixed","A","item","core:meadow_buckle","2"
"mixed__A__65","mixed","A","item","core:muster_roll","2"
"mixed__A__65","mixed","A","item","core:return_path_knot","2"
"mixed__A__65","mixed","A","item","core:root_binding_cord","1"
"mixed__A__65","mixed","A","item","core:ruin_keystone","1"
"mixed__A__65","mixed","A","item","core:scaffold_step","4"
"mixed__A__65","mixed","A","item","core:seed_pouch_lining","2"
"mixed__A__65","mixed","A","item","core:shock_absorber_pad","1"
"mixed__A__65","mixed","A","item","core:wind_seed_flag","3"
"mixed__A__65","mixed","A","evolution","core:sheltered_sowing","1"
"mixed__A__65","mixed","A","evolution","core:sowing_sworddance","1"
"mixed__A__66","mixed","A","equipment","core:ember_wand","1"
"mixed__A__66","mixed","A","equipment","core:harvest_scythe","1"
"mixed__A__66","mixed","A","equipment","core:iron_blade","1"
"mixed__A__66","mixed","A","equipment","core:ward_orbit","1"
"mixed__A__66","mixed","A","equipment","core:muster_horn","1"
"mixed__A__66","mixed","A","equipment","core:seed_bag","1"
"mixed__A__66","mixed","A","charter","core:guarded_harvest","7"
"mixed__A__66","mixed","A","charter","core:meal_oath","2"
"mixed__A__66","mixed","A","charter","core:rally_boundary","3"
"mixed__A__66","mixed","A","charter","core:repair_tithe","1"
"mixed__A__66","mixed","A","item","core:levy_bread_wrap","2"
"mixed__A__66","mixed","A","item","core:meadow_buckle","5"
"mixed__A__66","mixed","A","item","core:muster_roll","1"
"mixed__A__66","mixed","A","item","core:return_path_knot","6"
"mixed__A__66","mixed","A","item","core:root_binding_cord","6"
"mixed__A__66","mixed","A","item","core:seed_pouch_lining","4"
"mixed__A__66","mixed","A","evolution","core:sowing_sworddance","1"
"mixed__A__67","mixed","A","equipment","core:ember_wand","1"
"mixed__A__67","mixed","A","equipment","core:harvest_scythe","1"
"mixed__A__67","mixed","A","equipment","core:iron_blade","1"
"mixed__A__67","mixed","A","equipment","core:ward_orbit","1"
"mixed__A__67","mixed","A","equipment","core:carpenter_hammer","1"
"mixed__A__67","mixed","A","equipment","core:hedge_drum","1"
"mixed__A__67","mixed","A","equipment","core:muster_horn","1"
"mixed__A__67","mixed","A","equipment","core:seed_bag","1"
"mixed__A__67","mixed","A","charter","core:guarded_harvest","13"
"mixed__A__67","mixed","A","charter","core:meal_oath","4"
"mixed__A__67","mixed","A","charter","core:rally_boundary","5"
"mixed__A__67","mixed","A","charter","core:repair_tithe","6"
"mixed__A__67","mixed","A","item","core:boundary_hinge","2"
"mixed__A__67","mixed","A","item","core:joiner_square","2"
"mixed__A__67","mixed","A","item","core:levy_bread_wrap","2"
"mixed__A__67","mixed","A","item","core:meadow_buckle","5"
"mixed__A__67","mixed","A","item","core:return_path_knot","3"
"mixed__A__67","mixed","A","item","core:root_binding_cord","2"
"mixed__A__67","mixed","A","item","core:ruin_keystone","1"
"mixed__A__67","mixed","A","item","core:scaffold_step","1"
"mixed__A__67","mixed","A","item","core:seed_pouch_lining","2"
"mixed__A__67","mixed","A","item","core:shock_absorber_pad","1"
"mixed__A__67","mixed","A","item","core:wind_seed_flag","3"
"mixed__A__67","mixed","A","evolution","core:sheltered_sowing","1"
"mixed__A__67","mixed","A","evolution","core:sowing_sworddance","1"
"mixed__A__68","mixed","A","equipment","core:ember_wand","1"
"mixed__A__68","mixed","A","equipment","core:harvest_scythe","1"
"mixed__A__68","mixed","A","equipment","core:iron_blade","1"
"mixed__A__68","mixed","A","equipment","core:ward_orbit","1"
"mixed__A__68","mixed","A","equipment","core:carpenter_hammer","1"
"mixed__A__68","mixed","A","equipment","core:hedge_drum","1"
"mixed__A__68","mixed","A","equipment","core:muster_horn","1"
"mixed__A__68","mixed","A","equipment","core:seed_bag","1"
"mixed__A__68","mixed","A","charter","core:guarded_harvest","9"
"mixed__A__68","mixed","A","charter","core:meal_oath","13"
"mixed__A__68","mixed","A","charter","core:rally_boundary","7"
"mixed__A__68","mixed","A","charter","core:repair_tithe","4"
"mixed__A__68","mixed","A","item","core:boundary_hinge","2"
"mixed__A__68","mixed","A","item","core:levy_bread_wrap","2"
"mixed__A__68","mixed","A","item","core:meadow_buckle","2"
"mixed__A__68","mixed","A","item","core:muster_roll","2"
"mixed__A__68","mixed","A","item","core:return_path_knot","2"
"mixed__A__68","mixed","A","item","core:root_binding_cord","1"
"mixed__A__68","mixed","A","item","core:ruin_keystone","1"
"mixed__A__68","mixed","A","item","core:scaffold_step","2"
"mixed__A__68","mixed","A","item","core:seed_pouch_lining","1"
"mixed__A__68","mixed","A","item","core:shock_absorber_pad","6"
"mixed__A__68","mixed","A","item","core:wind_seed_flag","3"
"mixed__A__68","mixed","A","evolution","core:sheltered_sowing","1"
"mixed__A__68","mixed","A","evolution","core:sowing_sworddance","1"
"mixed__A__69","mixed","A","equipment","core:ember_wand","1"
"mixed__A__69","mixed","A","equipment","core:harvest_scythe","1"
"mixed__A__69","mixed","A","equipment","core:iron_blade","1"
"mixed__A__69","mixed","A","equipment","core:ward_orbit","1"
"mixed__A__69","mixed","A","equipment","core:muster_horn","1"
"mixed__A__69","mixed","A","equipment","core:seed_bag","1"
"mixed__A__69","mixed","A","charter","core:guarded_harvest","12"
"mixed__A__69","mixed","A","charter","core:meal_oath","10"
"mixed__A__69","mixed","A","charter","core:rally_boundary","5"
"mixed__A__69","mixed","A","item","core:levy_bread_wrap","1"
"mixed__A__69","mixed","A","item","core:meadow_buckle","3"
"mixed__A__69","mixed","A","item","core:muster_roll","3"
"mixed__A__69","mixed","A","item","core:return_path_knot","1"
"mixed__A__69","mixed","A","item","core:root_binding_cord","4"
"mixed__A__69","mixed","A","item","core:seed_pouch_lining","8"
"mixed__A__69","mixed","A","item","core:wind_seed_flag","4"
"mixed__A__69","mixed","A","evolution","core:sowing_sworddance","1"
"mixed__A__70","mixed","A","equipment","core:ember_wand","1"
"mixed__A__70","mixed","A","equipment","core:harvest_scythe","1"
"mixed__A__70","mixed","A","equipment","core:iron_blade","1"
"mixed__A__70","mixed","A","equipment","core:ward_orbit","1"
"mixed__A__70","mixed","A","equipment","core:muster_horn","1"
"mixed__A__70","mixed","A","equipment","core:seed_bag","1"
"mixed__A__70","mixed","A","charter","core:guarded_harvest","12"
"mixed__A__70","mixed","A","charter","core:meal_oath","9"
"mixed__A__70","mixed","A","charter","core:rally_boundary","4"
"mixed__A__70","mixed","A","item","core:levy_bread_wrap","3"
"mixed__A__70","mixed","A","item","core:meadow_buckle","6"
"mixed__A__70","mixed","A","item","core:muster_roll","2"
"mixed__A__70","mixed","A","item","core:return_path_knot","1"
"mixed__A__70","mixed","A","item","core:root_binding_cord","7"
"mixed__A__70","mixed","A","item","core:seed_pouch_lining","4"
"mixed__A__70","mixed","A","item","core:wind_seed_flag","1"
"mixed__A__70","mixed","A","evolution","core:sowing_sworddance","1"
"mixed__A__71","mixed","A","equipment","core:ember_wand","1"
"mixed__A__71","mixed","A","equipment","core:harvest_scythe","1"
"mixed__A__71","mixed","A","equipment","core:iron_blade","1"
"mixed__A__71","mixed","A","equipment","core:ward_orbit","1"
"mixed__A__71","mixed","A","equipment","core:carpenter_hammer","1"
"mixed__A__71","mixed","A","equipment","core:hedge_drum","1"
"mixed__A__71","mixed","A","equipment","core:muster_horn","1"
"mixed__A__71","mixed","A","equipment","core:seed_bag","1"
"mixed__A__71","mixed","A","charter","core:guarded_harvest","11"
"mixed__A__71","mixed","A","charter","core:meal_oath","5"
"mixed__A__71","mixed","A","charter","core:rally_boundary","4"
"mixed__A__71","mixed","A","charter","core:repair_tithe","3"
"mixed__A__71","mixed","A","item","core:boundary_hinge","1"
"mixed__A__71","mixed","A","item","core:joiner_square","1"
"mixed__A__71","mixed","A","item","core:levy_bread_wrap","1"
"mixed__A__71","mixed","A","item","core:meadow_buckle","4"
"mixed__A__71","mixed","A","item","core:muster_roll","2"
"mixed__A__71","mixed","A","item","core:return_path_knot","1"
"mixed__A__71","mixed","A","item","core:root_binding_cord","4"
"mixed__A__71","mixed","A","item","core:ruin_keystone","3"
"mixed__A__71","mixed","A","item","core:scaffold_step","3"
"mixed__A__71","mixed","A","item","core:seed_pouch_lining","3"
"mixed__A__71","mixed","A","item","core:shock_absorber_pad","1"
"mixed__A__71","mixed","A","evolution","core:sheltered_sowing","1"
"mixed__A__71","mixed","A","evolution","core:sowing_sworddance","1"
"mixed__A__72","mixed","A","equipment","core:ember_wand","1"
"mixed__A__72","mixed","A","equipment","core:harvest_scythe","1"
"mixed__A__72","mixed","A","equipment","core:iron_blade","1"
"mixed__A__72","mixed","A","equipment","core:ward_orbit","1"
"mixed__A__72","mixed","A","equipment","core:carpenter_hammer","1"
"mixed__A__72","mixed","A","equipment","core:hedge_drum","1"
"mixed__A__72","mixed","A","equipment","core:muster_horn","1"
"mixed__A__72","mixed","A","equipment","core:seed_bag","1"
"mixed__A__72","mixed","A","charter","core:guarded_harvest","6"
"mixed__A__72","mixed","A","charter","core:meal_oath","11"
"mixed__A__72","mixed","A","charter","core:rally_boundary","5"
"mixed__A__72","mixed","A","charter","core:repair_tithe","4"
"mixed__A__72","mixed","A","item","core:joiner_square","2"
"mixed__A__72","mixed","A","item","core:levy_bread_wrap","4"
"mixed__A__72","mixed","A","item","core:muster_roll","1"
"mixed__A__72","mixed","A","item","core:return_path_knot","3"
"mixed__A__72","mixed","A","item","core:root_binding_cord","4"
"mixed__A__72","mixed","A","item","core:ruin_keystone","2"
"mixed__A__72","mixed","A","item","core:seed_pouch_lining","1"
"mixed__A__72","mixed","A","item","core:shock_absorber_pad","3"
"mixed__A__72","mixed","A","item","core:wind_seed_flag","4"
"mixed__A__72","mixed","A","evolution","core:sheltered_sowing","1"
"mixed__A__72","mixed","A","evolution","core:sowing_sworddance","1"
"mixed__A__73","mixed","A","equipment","core:ember_wand","1"
"mixed__A__73","mixed","A","equipment","core:harvest_scythe","1"
"mixed__A__73","mixed","A","equipment","core:iron_blade","1"
"mixed__A__73","mixed","A","equipment","core:ward_orbit","1"
"mixed__A__73","mixed","A","equipment","core:carpenter_hammer","1"
"mixed__A__73","mixed","A","equipment","core:hedge_drum","1"
"mixed__A__73","mixed","A","equipment","core:muster_horn","1"
"mixed__A__73","mixed","A","equipment","core:seed_bag","1"
"mixed__A__73","mixed","A","charter","core:guarded_harvest","10"
"mixed__A__73","mixed","A","charter","core:meal_oath","6"
"mixed__A__73","mixed","A","charter","core:rally_boundary","9"
"mixed__A__73","mixed","A","charter","core:repair_tithe","2"
"mixed__A__73","mixed","A","item","core:joiner_square","1"
"mixed__A__73","mixed","A","item","core:levy_bread_wrap","2"
"mixed__A__73","mixed","A","item","core:meadow_buckle","3"
"mixed__A__73","mixed","A","item","core:muster_roll","1"
"mixed__A__73","mixed","A","item","core:root_binding_cord","5"
"mixed__A__73","mixed","A","item","core:ruin_keystone","1"
"mixed__A__73","mixed","A","item","core:scaffold_step","2"
"mixed__A__73","mixed","A","item","core:seed_pouch_lining","4"
"mixed__A__73","mixed","A","item","core:shock_absorber_pad","4"
"mixed__A__73","mixed","A","item","core:wind_seed_flag","1"
"mixed__A__73","mixed","A","evolution","core:sheltered_sowing","1"
"mixed__A__73","mixed","A","evolution","core:sowing_sworddance","1"
"mixed__B__42","mixed","B","equipment","core:ember_wand","1"
"mixed__B__42","mixed","B","equipment","core:harvest_scythe","1"
"mixed__B__42","mixed","B","equipment","core:iron_blade","1"
"mixed__B__42","mixed","B","equipment","core:ward_orbit","1"
"mixed__B__42","mixed","B","equipment","core:carpenter_hammer","1"
"mixed__B__42","mixed","B","equipment","core:muster_horn","1"
"mixed__B__42","mixed","B","equipment","core:seed_bag","1"
"mixed__B__42","mixed","B","charter","core:guarded_harvest","11"
"mixed__B__42","mixed","B","charter","core:meal_oath","7"
"mixed__B__42","mixed","B","charter","core:rally_boundary","8"
"mixed__B__42","mixed","B","charter","core:repair_tithe","3"
"mixed__B__42","mixed","B","item","core:joiner_square","1"
"mixed__B__42","mixed","B","item","core:levy_bread_wrap","2"
"mixed__B__42","mixed","B","item","core:muster_roll","3"
"mixed__B__42","mixed","B","item","core:return_path_knot","3"
"mixed__B__42","mixed","B","item","core:root_binding_cord","1"
"mixed__B__42","mixed","B","item","core:ruin_keystone","1"
"mixed__B__42","mixed","B","item","core:scaffold_step","1"
"mixed__B__42","mixed","B","item","core:seed_pouch_lining","4"
"mixed__B__42","mixed","B","item","core:wind_seed_flag","6"
"mixed__B__42","mixed","B","evolution","core:sheltered_sowing","1"
"mixed__B__42","mixed","B","evolution","core:sowing_sworddance","1"
"mixed__B__43","mixed","B","equipment","core:ember_wand","1"
"mixed__B__43","mixed","B","equipment","core:harvest_scythe","1"
"mixed__B__43","mixed","B","equipment","core:iron_blade","1"
"mixed__B__43","mixed","B","equipment","core:ward_orbit","1"
"mixed__B__43","mixed","B","equipment","core:muster_horn","1"
"mixed__B__43","mixed","B","equipment","core:seed_bag","1"
"mixed__B__43","mixed","B","charter","core:guarded_harvest","21"
"mixed__B__43","mixed","B","charter","core:meal_oath","5"
"mixed__B__43","mixed","B","charter","core:rally_boundary","10"
"mixed__B__43","mixed","B","item","core:levy_bread_wrap","1"
"mixed__B__43","mixed","B","item","core:meadow_buckle","2"
"mixed__B__43","mixed","B","item","core:muster_roll","1"
"mixed__B__43","mixed","B","item","core:return_path_knot","2"
"mixed__B__43","mixed","B","item","core:root_binding_cord","5"
"mixed__B__43","mixed","B","item","core:seed_pouch_lining","5"
"mixed__B__43","mixed","B","item","core:wind_seed_flag","7"
"mixed__B__43","mixed","B","evolution","core:sowing_sworddance","1"
"mixed__B__44","mixed","B","equipment","core:ember_wand","1"
"mixed__B__44","mixed","B","equipment","core:harvest_scythe","1"
"mixed__B__44","mixed","B","equipment","core:iron_blade","1"
"mixed__B__44","mixed","B","equipment","core:ward_orbit","1"
"mixed__B__44","mixed","B","equipment","core:muster_horn","1"
"mixed__B__44","mixed","B","equipment","core:seed_bag","1"
"mixed__B__44","mixed","B","charter","core:guarded_harvest","8"
"mixed__B__44","mixed","B","charter","core:meal_oath","5"
"mixed__B__44","mixed","B","charter","core:rally_boundary","5"
"mixed__B__44","mixed","B","item","core:levy_bread_wrap","4"
"mixed__B__44","mixed","B","item","core:meadow_buckle","3"
"mixed__B__44","mixed","B","item","core:muster_roll","4"
"mixed__B__44","mixed","B","item","core:return_path_knot","3"
"mixed__B__44","mixed","B","item","core:root_binding_cord","4"
"mixed__B__44","mixed","B","item","core:seed_pouch_lining","4"
"mixed__B__44","mixed","B","item","core:wind_seed_flag","1"
"mixed__B__44","mixed","B","evolution","core:sowing_sworddance","1"
"mixed__B__45","mixed","B","equipment","core:ember_wand","1"
"mixed__B__45","mixed","B","equipment","core:harvest_scythe","1"
"mixed__B__45","mixed","B","equipment","core:iron_blade","1"
"mixed__B__45","mixed","B","equipment","core:ward_orbit","1"
"mixed__B__45","mixed","B","equipment","core:muster_horn","1"
"mixed__B__45","mixed","B","equipment","core:seed_bag","1"
"mixed__B__45","mixed","B","charter","core:guarded_harvest","12"
"mixed__B__45","mixed","B","charter","core:meal_oath","5"
"mixed__B__45","mixed","B","charter","core:rally_boundary","7"
"mixed__B__45","mixed","B","item","core:levy_bread_wrap","4"
"mixed__B__45","mixed","B","item","core:meadow_buckle","2"
"mixed__B__45","mixed","B","item","core:muster_roll","3"
"mixed__B__45","mixed","B","item","core:return_path_knot","4"
"mixed__B__45","mixed","B","item","core:root_binding_cord","3"
"mixed__B__45","mixed","B","item","core:seed_pouch_lining","2"
"mixed__B__45","mixed","B","item","core:wind_seed_flag","6"
"mixed__B__45","mixed","B","evolution","core:sowing_sworddance","1"
"mixed__B__46","mixed","B","equipment","core:ember_wand","1"
"mixed__B__46","mixed","B","equipment","core:harvest_scythe","1"
"mixed__B__46","mixed","B","equipment","core:iron_blade","1"
"mixed__B__46","mixed","B","equipment","core:ward_orbit","1"
"mixed__B__46","mixed","B","equipment","core:hedge_drum","1"
"mixed__B__46","mixed","B","equipment","core:muster_horn","1"
"mixed__B__46","mixed","B","equipment","core:seed_bag","1"
"mixed__B__46","mixed","B","charter","core:guarded_harvest","24"
"mixed__B__46","mixed","B","charter","core:meal_oath","10"
"mixed__B__46","mixed","B","charter","core:rally_boundary","3"
"mixed__B__46","mixed","B","charter","core:repair_tithe","1"
"mixed__B__46","mixed","B","item","core:boundary_hinge","1"
"mixed__B__46","mixed","B","item","core:joiner_square","2"
"mixed__B__46","mixed","B","item","core:levy_bread_wrap","2"
"mixed__B__46","mixed","B","item","core:meadow_buckle","5"
"mixed__B__46","mixed","B","item","core:muster_roll","4"
"mixed__B__46","mixed","B","item","core:return_path_knot","2"
"mixed__B__46","mixed","B","item","core:seed_pouch_lining","4"
"mixed__B__46","mixed","B","item","core:wind_seed_flag","1"
"mixed__B__46","mixed","B","evolution","core:sowing_sworddance","1"
"mixed__B__47","mixed","B","equipment","core:ember_wand","1"
"mixed__B__47","mixed","B","equipment","core:harvest_scythe","1"
"mixed__B__47","mixed","B","equipment","core:iron_blade","1"
"mixed__B__47","mixed","B","equipment","core:ward_orbit","1"
"mixed__B__47","mixed","B","equipment","core:carpenter_hammer","1"
"mixed__B__47","mixed","B","equipment","core:hedge_drum","1"
"mixed__B__47","mixed","B","equipment","core:muster_horn","1"
"mixed__B__47","mixed","B","equipment","core:seed_bag","1"
"mixed__B__47","mixed","B","charter","core:guarded_harvest","10"
"mixed__B__47","mixed","B","charter","core:meal_oath","4"
"mixed__B__47","mixed","B","charter","core:rally_boundary","3"
"mixed__B__47","mixed","B","charter","core:repair_tithe","5"
"mixed__B__47","mixed","B","item","core:boundary_hinge","4"
"mixed__B__47","mixed","B","item","core:joiner_square","5"
"mixed__B__47","mixed","B","item","core:levy_bread_wrap","3"
"mixed__B__47","mixed","B","item","core:meadow_buckle","2"
"mixed__B__47","mixed","B","item","core:muster_roll","1"
"mixed__B__47","mixed","B","item","core:return_path_knot","1"
"mixed__B__47","mixed","B","item","core:ruin_keystone","1"
"mixed__B__47","mixed","B","item","core:scaffold_step","1"
"mixed__B__47","mixed","B","item","core:seed_pouch_lining","2"
"mixed__B__47","mixed","B","item","core:shock_absorber_pad","2"
"mixed__B__47","mixed","B","item","core:wind_seed_flag","2"
"mixed__B__47","mixed","B","evolution","core:sheltered_sowing","1"
"mixed__B__47","mixed","B","evolution","core:sowing_sworddance","1"
"mixed__B__48","mixed","B","equipment","core:ember_wand","1"
"mixed__B__48","mixed","B","equipment","core:harvest_scythe","1"
"mixed__B__48","mixed","B","equipment","core:iron_blade","1"
"mixed__B__48","mixed","B","equipment","core:ward_orbit","1"
"mixed__B__48","mixed","B","equipment","core:carpenter_hammer","1"
"mixed__B__48","mixed","B","equipment","core:muster_horn","1"
"mixed__B__48","mixed","B","equipment","core:seed_bag","1"
"mixed__B__48","mixed","B","charter","core:guarded_harvest","15"
"mixed__B__48","mixed","B","charter","core:meal_oath","7"
"mixed__B__48","mixed","B","charter","core:rally_boundary","4"
"mixed__B__48","mixed","B","charter","core:repair_tithe","2"
"mixed__B__48","mixed","B","item","core:boundary_hinge","2"
"mixed__B__48","mixed","B","item","core:levy_bread_wrap","3"
"mixed__B__48","mixed","B","item","core:meadow_buckle","6"
"mixed__B__48","mixed","B","item","core:muster_roll","1"
"mixed__B__48","mixed","B","item","core:return_path_knot","2"
"mixed__B__48","mixed","B","item","core:seed_pouch_lining","4"
"mixed__B__48","mixed","B","item","core:wind_seed_flag","5"
"mixed__B__48","mixed","B","evolution","core:sheltered_sowing","1"
"mixed__B__48","mixed","B","evolution","core:sowing_sworddance","1"
"mixed__B__49","mixed","B","equipment","core:ember_wand","1"
"mixed__B__49","mixed","B","equipment","core:harvest_scythe","1"
"mixed__B__49","mixed","B","equipment","core:iron_blade","1"
"mixed__B__49","mixed","B","equipment","core:ward_orbit","1"
"mixed__B__49","mixed","B","equipment","core:hedge_drum","1"
"mixed__B__49","mixed","B","equipment","core:muster_horn","1"
"mixed__B__49","mixed","B","equipment","core:seed_bag","1"
"mixed__B__49","mixed","B","charter","core:guarded_harvest","9"
"mixed__B__49","mixed","B","charter","core:meal_oath","4"
"mixed__B__49","mixed","B","charter","core:rally_boundary","16"
"mixed__B__49","mixed","B","item","core:boundary_hinge","1"
"mixed__B__49","mixed","B","item","core:levy_bread_wrap","2"
"mixed__B__49","mixed","B","item","core:meadow_buckle","6"
"mixed__B__49","mixed","B","item","core:muster_roll","2"
"mixed__B__49","mixed","B","item","core:return_path_knot","2"
"mixed__B__49","mixed","B","item","core:root_binding_cord","7"
"mixed__B__49","mixed","B","item","core:seed_pouch_lining","2"
"mixed__B__49","mixed","B","item","core:wind_seed_flag","2"
"mixed__B__49","mixed","B","evolution","core:sowing_sworddance","1"
"mixed__B__50","mixed","B","equipment","core:ember_wand","1"
"mixed__B__50","mixed","B","equipment","core:harvest_scythe","1"
"mixed__B__50","mixed","B","equipment","core:iron_blade","1"
"mixed__B__50","mixed","B","equipment","core:ward_orbit","1"
"mixed__B__50","mixed","B","equipment","core:muster_horn","1"
"mixed__B__50","mixed","B","equipment","core:seed_bag","1"
"mixed__B__50","mixed","B","charter","core:guarded_harvest","15"
"mixed__B__50","mixed","B","charter","core:meal_oath","7"
"mixed__B__50","mixed","B","charter","core:rally_boundary","4"
"mixed__B__50","mixed","B","charter","core:repair_tithe","2"
"mixed__B__50","mixed","B","item","core:levy_bread_wrap","2"
"mixed__B__50","mixed","B","item","core:meadow_buckle","2"
"mixed__B__50","mixed","B","item","core:muster_roll","3"
"mixed__B__50","mixed","B","item","core:return_path_knot","2"
"mixed__B__50","mixed","B","item","core:root_binding_cord","3"
"mixed__B__50","mixed","B","item","core:seed_pouch_lining","7"
"mixed__B__50","mixed","B","item","core:wind_seed_flag","4"
"mixed__B__50","mixed","B","evolution","core:sowing_sworddance","1"
"mixed__B__51","mixed","B","equipment","core:ember_wand","1"
"mixed__B__51","mixed","B","equipment","core:harvest_scythe","1"
"mixed__B__51","mixed","B","equipment","core:iron_blade","1"
"mixed__B__51","mixed","B","equipment","core:ward_orbit","1"
"mixed__B__51","mixed","B","equipment","core:carpenter_hammer","1"
"mixed__B__51","mixed","B","equipment","core:hedge_drum","1"
"mixed__B__51","mixed","B","equipment","core:muster_horn","1"
"mixed__B__51","mixed","B","equipment","core:seed_bag","1"
"mixed__B__51","mixed","B","charter","core:guarded_harvest","19"
"mixed__B__51","mixed","B","charter","core:meal_oath","11"
"mixed__B__51","mixed","B","charter","core:rally_boundary","9"
"mixed__B__51","mixed","B","charter","core:repair_tithe","5"
"mixed__B__51","mixed","B","item","core:boundary_hinge","2"
"mixed__B__51","mixed","B","item","core:joiner_square","3"
"mixed__B__51","mixed","B","item","core:meadow_buckle","3"
"mixed__B__51","mixed","B","item","core:return_path_knot","1"
"mixed__B__51","mixed","B","item","core:root_binding_cord","3"
"mixed__B__51","mixed","B","item","core:ruin_keystone","1"
"mixed__B__51","mixed","B","item","core:scaffold_step","3"
"mixed__B__51","mixed","B","item","core:seed_pouch_lining","2"
"mixed__B__51","mixed","B","item","core:shock_absorber_pad","1"
"mixed__B__51","mixed","B","item","core:wind_seed_flag","5"
"mixed__B__51","mixed","B","evolution","core:sheltered_sowing","1"
"mixed__B__51","mixed","B","evolution","core:sowing_sworddance","1"
"mixed__B__52","mixed","B","equipment","core:ember_wand","1"
"mixed__B__52","mixed","B","equipment","core:harvest_scythe","1"
"mixed__B__52","mixed","B","equipment","core:iron_blade","1"
"mixed__B__52","mixed","B","equipment","core:ward_orbit","1"
"mixed__B__52","mixed","B","equipment","core:muster_horn","1"
"mixed__B__52","mixed","B","equipment","core:seed_bag","1"
"mixed__B__52","mixed","B","charter","core:guarded_harvest","15"
"mixed__B__52","mixed","B","charter","core:meal_oath","1"
"mixed__B__52","mixed","B","charter","core:rally_boundary","6"
"mixed__B__52","mixed","B","item","core:levy_bread_wrap","3"
"mixed__B__52","mixed","B","item","core:meadow_buckle","1"
"mixed__B__52","mixed","B","item","core:muster_roll","3"
"mixed__B__52","mixed","B","item","core:return_path_knot","3"
"mixed__B__52","mixed","B","item","core:root_binding_cord","7"
"mixed__B__52","mixed","B","item","core:seed_pouch_lining","3"
"mixed__B__52","mixed","B","item","core:wind_seed_flag","4"
"mixed__B__52","mixed","B","evolution","core:sowing_sworddance","1"
"mixed__B__53","mixed","B","equipment","core:ember_wand","1"
"mixed__B__53","mixed","B","equipment","core:harvest_scythe","1"
"mixed__B__53","mixed","B","equipment","core:iron_blade","1"
"mixed__B__53","mixed","B","equipment","core:ward_orbit","1"
"mixed__B__53","mixed","B","equipment","core:muster_horn","1"
"mixed__B__53","mixed","B","equipment","core:seed_bag","1"
"mixed__B__53","mixed","B","charter","core:guarded_harvest","15"
"mixed__B__53","mixed","B","charter","core:meal_oath","2"
"mixed__B__53","mixed","B","charter","core:rally_boundary","8"
"mixed__B__53","mixed","B","charter","core:repair_tithe","2"
"mixed__B__53","mixed","B","item","core:levy_bread_wrap","5"
"mixed__B__53","mixed","B","item","core:muster_roll","2"
"mixed__B__53","mixed","B","item","core:return_path_knot","3"
"mixed__B__53","mixed","B","item","core:root_binding_cord","6"
"mixed__B__53","mixed","B","item","core:seed_pouch_lining","2"
"mixed__B__53","mixed","B","item","core:wind_seed_flag","5"
"mixed__B__53","mixed","B","evolution","core:sowing_sworddance","1"
"mixed__B__54","mixed","B","equipment","core:ember_wand","1"
"mixed__B__54","mixed","B","equipment","core:harvest_scythe","1"
"mixed__B__54","mixed","B","equipment","core:iron_blade","1"
"mixed__B__54","mixed","B","equipment","core:ward_orbit","1"
"mixed__B__54","mixed","B","equipment","core:hedge_drum","1"
"mixed__B__54","mixed","B","equipment","core:muster_horn","1"
"mixed__B__54","mixed","B","equipment","core:seed_bag","1"
"mixed__B__54","mixed","B","charter","core:guarded_harvest","8"
"mixed__B__54","mixed","B","charter","core:meal_oath","14"
"mixed__B__54","mixed","B","charter","core:rally_boundary","3"
"mixed__B__54","mixed","B","item","core:boundary_hinge","2"
"mixed__B__54","mixed","B","item","core:joiner_square","2"
"mixed__B__54","mixed","B","item","core:levy_bread_wrap","5"
"mixed__B__54","mixed","B","item","core:meadow_buckle","2"
"mixed__B__54","mixed","B","item","core:muster_roll","3"
"mixed__B__54","mixed","B","item","core:return_path_knot","2"
"mixed__B__54","mixed","B","item","core:root_binding_cord","1"
"mixed__B__54","mixed","B","item","core:scaffold_step","1"
"mixed__B__54","mixed","B","item","core:seed_pouch_lining","1"
"mixed__B__54","mixed","B","item","core:wind_seed_flag","4"
"mixed__B__54","mixed","B","evolution","core:sowing_sworddance","1"
"mixed__B__55","mixed","B","equipment","core:ember_wand","1"
"mixed__B__55","mixed","B","equipment","core:harvest_scythe","1"
"mixed__B__55","mixed","B","equipment","core:iron_blade","1"
"mixed__B__55","mixed","B","equipment","core:ward_orbit","1"
"mixed__B__55","mixed","B","equipment","core:muster_horn","1"
"mixed__B__55","mixed","B","equipment","core:seed_bag","1"
"mixed__B__55","mixed","B","charter","core:guarded_harvest","6"
"mixed__B__55","mixed","B","charter","core:meal_oath","4"
"mixed__B__55","mixed","B","charter","core:rally_boundary","8"
"mixed__B__55","mixed","B","item","core:levy_bread_wrap","2"
"mixed__B__55","mixed","B","item","core:meadow_buckle","4"
"mixed__B__55","mixed","B","item","core:muster_roll","5"
"mixed__B__55","mixed","B","item","core:return_path_knot","2"
"mixed__B__55","mixed","B","item","core:root_binding_cord","3"
"mixed__B__55","mixed","B","item","core:seed_pouch_lining","2"
"mixed__B__55","mixed","B","item","core:wind_seed_flag","4"
"mixed__B__55","mixed","B","evolution","core:sowing_sworddance","1"
"mixed__B__56","mixed","B","equipment","core:ember_wand","1"
"mixed__B__56","mixed","B","equipment","core:harvest_scythe","1"
"mixed__B__56","mixed","B","equipment","core:iron_blade","1"
"mixed__B__56","mixed","B","equipment","core:ward_orbit","1"
"mixed__B__56","mixed","B","equipment","core:carpenter_hammer","1"
"mixed__B__56","mixed","B","equipment","core:hedge_drum","1"
"mixed__B__56","mixed","B","equipment","core:muster_horn","1"
"mixed__B__56","mixed","B","equipment","core:seed_bag","1"
"mixed__B__56","mixed","B","charter","core:guarded_harvest","12"
"mixed__B__56","mixed","B","charter","core:meal_oath","4"
"mixed__B__56","mixed","B","charter","core:rally_boundary","12"
"mixed__B__56","mixed","B","charter","core:repair_tithe","5"
"mixed__B__56","mixed","B","item","core:boundary_hinge","3"
"mixed__B__56","mixed","B","item","core:levy_bread_wrap","2"
"mixed__B__56","mixed","B","item","core:meadow_buckle","2"
"mixed__B__56","mixed","B","item","core:return_path_knot","2"
"mixed__B__56","mixed","B","item","core:ruin_keystone","4"
"mixed__B__56","mixed","B","item","core:scaffold_step","1"
"mixed__B__56","mixed","B","item","core:seed_pouch_lining","5"
"mixed__B__56","mixed","B","item","core:shock_absorber_pad","3"
"mixed__B__56","mixed","B","item","core:wind_seed_flag","2"
"mixed__B__56","mixed","B","evolution","core:sheltered_sowing","1"
"mixed__B__56","mixed","B","evolution","core:sowing_sworddance","1"
"mixed__B__57","mixed","B","equipment","core:ember_wand","1"
"mixed__B__57","mixed","B","equipment","core:harvest_scythe","1"
"mixed__B__57","mixed","B","equipment","core:iron_blade","1"
"mixed__B__57","mixed","B","equipment","core:ward_orbit","1"
"mixed__B__57","mixed","B","equipment","core:carpenter_hammer","1"
"mixed__B__57","mixed","B","equipment","core:hedge_drum","1"
"mixed__B__57","mixed","B","equipment","core:muster_horn","1"
"mixed__B__57","mixed","B","equipment","core:seed_bag","1"
"mixed__B__57","mixed","B","charter","core:guarded_harvest","5"
"mixed__B__57","mixed","B","charter","core:meal_oath","4"
"mixed__B__57","mixed","B","charter","core:rally_boundary","8"
"mixed__B__57","mixed","B","charter","core:repair_tithe","7"
"mixed__B__57","mixed","B","item","core:boundary_hinge","2"
"mixed__B__57","mixed","B","item","core:joiner_square","3"
"mixed__B__57","mixed","B","item","core:levy_bread_wrap","1"
"mixed__B__57","mixed","B","item","core:meadow_buckle","4"
"mixed__B__57","mixed","B","item","core:return_path_knot","1"
"mixed__B__57","mixed","B","item","core:root_binding_cord","4"
"mixed__B__57","mixed","B","item","core:ruin_keystone","2"
"mixed__B__57","mixed","B","item","core:scaffold_step","1"
"mixed__B__57","mixed","B","item","core:shock_absorber_pad","1"
"mixed__B__57","mixed","B","item","core:wind_seed_flag","5"
"mixed__B__57","mixed","B","evolution","core:sheltered_sowing","1"
"mixed__B__57","mixed","B","evolution","core:sowing_sworddance","1"
"mixed__B__58","mixed","B","equipment","core:ember_wand","1"
"mixed__B__58","mixed","B","equipment","core:harvest_scythe","1"
"mixed__B__58","mixed","B","equipment","core:iron_blade","1"
"mixed__B__58","mixed","B","equipment","core:ward_orbit","1"
"mixed__B__58","mixed","B","equipment","core:carpenter_hammer","1"
"mixed__B__58","mixed","B","equipment","core:muster_horn","1"
"mixed__B__58","mixed","B","equipment","core:seed_bag","1"
"mixed__B__58","mixed","B","charter","core:guarded_harvest","9"
"mixed__B__58","mixed","B","charter","core:meal_oath","3"
"mixed__B__58","mixed","B","charter","core:rally_boundary","2"
"mixed__B__58","mixed","B","item","core:boundary_hinge","1"
"mixed__B__58","mixed","B","item","core:joiner_square","3"
"mixed__B__58","mixed","B","item","core:levy_bread_wrap","1"
"mixed__B__58","mixed","B","item","core:muster_roll","3"
"mixed__B__58","mixed","B","item","core:return_path_knot","3"
"mixed__B__58","mixed","B","item","core:root_binding_cord","1"
"mixed__B__58","mixed","B","item","core:scaffold_step","2"
"mixed__B__58","mixed","B","item","core:seed_pouch_lining","5"
"mixed__B__58","mixed","B","item","core:shock_absorber_pad","3"
"mixed__B__58","mixed","B","item","core:wind_seed_flag","2"
"mixed__B__58","mixed","B","evolution","core:sheltered_sowing","1"
"mixed__B__58","mixed","B","evolution","core:sowing_sworddance","1"
"mixed__B__59","mixed","B","equipment","core:ember_wand","1"
"mixed__B__59","mixed","B","equipment","core:harvest_scythe","1"
"mixed__B__59","mixed","B","equipment","core:iron_blade","1"
"mixed__B__59","mixed","B","equipment","core:ward_orbit","1"
"mixed__B__59","mixed","B","equipment","core:muster_horn","1"
"mixed__B__59","mixed","B","equipment","core:seed_bag","1"
"mixed__B__59","mixed","B","charter","core:guarded_harvest","11"
"mixed__B__59","mixed","B","charter","core:meal_oath","8"
"mixed__B__59","mixed","B","charter","core:rally_boundary","7"
"mixed__B__59","mixed","B","charter","core:repair_tithe","2"
"mixed__B__59","mixed","B","item","core:levy_bread_wrap","7"
"mixed__B__59","mixed","B","item","core:meadow_buckle","2"
"mixed__B__59","mixed","B","item","core:muster_roll","1"
"mixed__B__59","mixed","B","item","core:return_path_knot","1"
"mixed__B__59","mixed","B","item","core:root_binding_cord","4"
"mixed__B__59","mixed","B","item","core:seed_pouch_lining","5"
"mixed__B__59","mixed","B","item","core:wind_seed_flag","2"
"mixed__B__59","mixed","B","evolution","core:sowing_sworddance","1"
"mixed__B__60","mixed","B","equipment","core:ember_wand","1"
"mixed__B__60","mixed","B","equipment","core:harvest_scythe","1"
"mixed__B__60","mixed","B","equipment","core:iron_blade","1"
"mixed__B__60","mixed","B","equipment","core:ward_orbit","1"
"mixed__B__60","mixed","B","equipment","core:carpenter_hammer","1"
"mixed__B__60","mixed","B","equipment","core:hedge_drum","1"
"mixed__B__60","mixed","B","equipment","core:muster_horn","1"
"mixed__B__60","mixed","B","equipment","core:seed_bag","1"
"mixed__B__60","mixed","B","charter","core:guarded_harvest","14"
"mixed__B__60","mixed","B","charter","core:meal_oath","6"
"mixed__B__60","mixed","B","charter","core:rally_boundary","10"
"mixed__B__60","mixed","B","charter","core:repair_tithe","6"
"mixed__B__60","mixed","B","item","core:boundary_hinge","3"
"mixed__B__60","mixed","B","item","core:joiner_square","1"
"mixed__B__60","mixed","B","item","core:meadow_buckle","1"
"mixed__B__60","mixed","B","item","core:muster_roll","1"
"mixed__B__60","mixed","B","item","core:return_path_knot","1"
"mixed__B__60","mixed","B","item","core:root_binding_cord","5"
"mixed__B__60","mixed","B","item","core:scaffold_step","2"
"mixed__B__60","mixed","B","item","core:seed_pouch_lining","4"
"mixed__B__60","mixed","B","item","core:shock_absorber_pad","2"
"mixed__B__60","mixed","B","item","core:wind_seed_flag","4"
"mixed__B__60","mixed","B","evolution","core:sheltered_sowing","1"
"mixed__B__60","mixed","B","evolution","core:sowing_sworddance","1"
"mixed__B__61","mixed","B","equipment","core:ember_wand","1"
"mixed__B__61","mixed","B","equipment","core:harvest_scythe","1"
"mixed__B__61","mixed","B","equipment","core:iron_blade","1"
"mixed__B__61","mixed","B","equipment","core:ward_orbit","1"
"mixed__B__61","mixed","B","equipment","core:muster_horn","1"
"mixed__B__61","mixed","B","equipment","core:seed_bag","1"
"mixed__B__61","mixed","B","charter","core:guarded_harvest","7"
"mixed__B__61","mixed","B","charter","core:meal_oath","7"
"mixed__B__61","mixed","B","charter","core:rally_boundary","9"
"mixed__B__61","mixed","B","item","core:levy_bread_wrap","3"
"mixed__B__61","mixed","B","item","core:meadow_buckle","3"
"mixed__B__61","mixed","B","item","core:muster_roll","2"
"mixed__B__61","mixed","B","item","core:return_path_knot","5"
"mixed__B__61","mixed","B","item","core:root_binding_cord","5"
"mixed__B__61","mixed","B","item","core:seed_pouch_lining","2"
"mixed__B__61","mixed","B","item","core:wind_seed_flag","3"
"mixed__B__61","mixed","B","evolution","core:sowing_sworddance","1"
"mixed__B__62","mixed","B","equipment","core:ember_wand","1"
"mixed__B__62","mixed","B","equipment","core:harvest_scythe","1"
"mixed__B__62","mixed","B","equipment","core:iron_blade","1"
"mixed__B__62","mixed","B","equipment","core:ward_orbit","1"
"mixed__B__62","mixed","B","equipment","core:carpenter_hammer","1"
"mixed__B__62","mixed","B","equipment","core:hedge_drum","1"
"mixed__B__62","mixed","B","equipment","core:muster_horn","1"
"mixed__B__62","mixed","B","equipment","core:seed_bag","1"
"mixed__B__62","mixed","B","charter","core:guarded_harvest","5"
"mixed__B__62","mixed","B","charter","core:meal_oath","4"
"mixed__B__62","mixed","B","charter","core:rally_boundary","5"
"mixed__B__62","mixed","B","charter","core:repair_tithe","12"
"mixed__B__62","mixed","B","item","core:joiner_square","1"
"mixed__B__62","mixed","B","item","core:levy_bread_wrap","3"
"mixed__B__62","mixed","B","item","core:meadow_buckle","3"
"mixed__B__62","mixed","B","item","core:muster_roll","2"
"mixed__B__62","mixed","B","item","core:return_path_knot","2"
"mixed__B__62","mixed","B","item","core:root_binding_cord","2"
"mixed__B__62","mixed","B","item","core:ruin_keystone","1"
"mixed__B__62","mixed","B","item","core:scaffold_step","1"
"mixed__B__62","mixed","B","item","core:seed_pouch_lining","2"
"mixed__B__62","mixed","B","item","core:shock_absorber_pad","2"
"mixed__B__62","mixed","B","item","core:wind_seed_flag","2"
"mixed__B__62","mixed","B","evolution","core:sheltered_sowing","1"
"mixed__B__62","mixed","B","evolution","core:sowing_sworddance","1"
"mixed__B__63","mixed","B","equipment","core:ember_wand","1"
"mixed__B__63","mixed","B","equipment","core:harvest_scythe","1"
"mixed__B__63","mixed","B","equipment","core:iron_blade","1"
"mixed__B__63","mixed","B","equipment","core:ward_orbit","1"
"mixed__B__63","mixed","B","equipment","core:muster_horn","1"
"mixed__B__63","mixed","B","equipment","core:seed_bag","1"
"mixed__B__63","mixed","B","charter","core:guarded_harvest","12"
"mixed__B__63","mixed","B","charter","core:rally_boundary","10"
"mixed__B__63","mixed","B","item","core:levy_bread_wrap","2"
"mixed__B__63","mixed","B","item","core:meadow_buckle","7"
"mixed__B__63","mixed","B","item","core:muster_roll","2"
"mixed__B__63","mixed","B","item","core:return_path_knot","3"
"mixed__B__63","mixed","B","item","core:seed_pouch_lining","4"
"mixed__B__63","mixed","B","item","core:wind_seed_flag","6"
"mixed__B__63","mixed","B","evolution","core:sowing_sworddance","1"
"mixed__B__64","mixed","B","equipment","core:ember_wand","1"
"mixed__B__64","mixed","B","equipment","core:harvest_scythe","1"
"mixed__B__64","mixed","B","equipment","core:iron_blade","1"
"mixed__B__64","mixed","B","equipment","core:ward_orbit","1"
"mixed__B__64","mixed","B","equipment","core:carpenter_hammer","1"
"mixed__B__64","mixed","B","equipment","core:hedge_drum","1"
"mixed__B__64","mixed","B","equipment","core:muster_horn","1"
"mixed__B__64","mixed","B","equipment","core:seed_bag","1"
"mixed__B__64","mixed","B","charter","core:guarded_harvest","10"
"mixed__B__64","mixed","B","charter","core:meal_oath","1"
"mixed__B__64","mixed","B","charter","core:rally_boundary","8"
"mixed__B__64","mixed","B","charter","core:repair_tithe","9"
"mixed__B__64","mixed","B","item","core:boundary_hinge","4"
"mixed__B__64","mixed","B","item","core:joiner_square","1"
"mixed__B__64","mixed","B","item","core:levy_bread_wrap","4"
"mixed__B__64","mixed","B","item","core:meadow_buckle","4"
"mixed__B__64","mixed","B","item","core:return_path_knot","3"
"mixed__B__64","mixed","B","item","core:seed_pouch_lining","2"
"mixed__B__64","mixed","B","item","core:shock_absorber_pad","2"
"mixed__B__64","mixed","B","item","core:wind_seed_flag","3"
"mixed__B__64","mixed","B","evolution","core:sheltered_sowing","1"
"mixed__B__64","mixed","B","evolution","core:sowing_sworddance","1"
"mixed__B__65","mixed","B","equipment","core:ember_wand","1"
"mixed__B__65","mixed","B","equipment","core:harvest_scythe","1"
"mixed__B__65","mixed","B","equipment","core:iron_blade","1"
"mixed__B__65","mixed","B","equipment","core:ward_orbit","1"
"mixed__B__65","mixed","B","equipment","core:muster_horn","1"
"mixed__B__65","mixed","B","equipment","core:seed_bag","1"
"mixed__B__65","mixed","B","charter","core:guarded_harvest","4"
"mixed__B__65","mixed","B","charter","core:meal_oath","14"
"mixed__B__65","mixed","B","charter","core:rally_boundary","10"
"mixed__B__65","mixed","B","item","core:levy_bread_wrap","4"
"mixed__B__65","mixed","B","item","core:meadow_buckle","1"
"mixed__B__65","mixed","B","item","core:muster_roll","4"
"mixed__B__65","mixed","B","item","core:return_path_knot","7"
"mixed__B__65","mixed","B","item","core:root_binding_cord","4"
"mixed__B__65","mixed","B","item","core:seed_pouch_lining","1"
"mixed__B__65","mixed","B","item","core:wind_seed_flag","2"
"mixed__B__65","mixed","B","evolution","core:sowing_sworddance","1"
"mixed__B__66","mixed","B","equipment","core:ember_wand","1"
"mixed__B__66","mixed","B","equipment","core:harvest_scythe","1"
"mixed__B__66","mixed","B","equipment","core:iron_blade","1"
"mixed__B__66","mixed","B","equipment","core:ward_orbit","1"
"mixed__B__66","mixed","B","equipment","core:muster_horn","1"
"mixed__B__66","mixed","B","equipment","core:seed_bag","1"
"mixed__B__66","mixed","B","charter","core:guarded_harvest","8"
"mixed__B__66","mixed","B","charter","core:meal_oath","4"
"mixed__B__66","mixed","B","charter","core:rally_boundary","9"
"mixed__B__66","mixed","B","item","core:levy_bread_wrap","4"
"mixed__B__66","mixed","B","item","core:meadow_buckle","4"
"mixed__B__66","mixed","B","item","core:muster_roll","3"
"mixed__B__66","mixed","B","item","core:return_path_knot","4"
"mixed__B__66","mixed","B","item","core:root_binding_cord","3"
"mixed__B__66","mixed","B","item","core:seed_pouch_lining","4"
"mixed__B__66","mixed","B","item","core:wind_seed_flag","2"
"mixed__B__66","mixed","B","evolution","core:sowing_sworddance","1"
"mixed__B__67","mixed","B","equipment","core:ember_wand","1"
"mixed__B__67","mixed","B","equipment","core:harvest_scythe","1"
"mixed__B__67","mixed","B","equipment","core:iron_blade","1"
"mixed__B__67","mixed","B","equipment","core:ward_orbit","1"
"mixed__B__67","mixed","B","equipment","core:carpenter_hammer","1"
"mixed__B__67","mixed","B","equipment","core:muster_horn","1"
"mixed__B__67","mixed","B","equipment","core:seed_bag","1"
"mixed__B__67","mixed","B","charter","core:guarded_harvest","7"
"mixed__B__67","mixed","B","charter","core:meal_oath","14"
"mixed__B__67","mixed","B","charter","core:rally_boundary","10"
"mixed__B__67","mixed","B","charter","core:repair_tithe","2"
"mixed__B__67","mixed","B","item","core:boundary_hinge","1"
"mixed__B__67","mixed","B","item","core:levy_bread_wrap","3"
"mixed__B__67","mixed","B","item","core:meadow_buckle","6"
"mixed__B__67","mixed","B","item","core:return_path_knot","1"
"mixed__B__67","mixed","B","item","core:root_binding_cord","3"
"mixed__B__67","mixed","B","item","core:scaffold_step","3"
"mixed__B__67","mixed","B","item","core:seed_pouch_lining","3"
"mixed__B__67","mixed","B","item","core:wind_seed_flag","3"
"mixed__B__67","mixed","B","evolution","core:sheltered_sowing","1"
"mixed__B__67","mixed","B","evolution","core:sowing_sworddance","1"
"mixed__B__68","mixed","B","equipment","core:ember_wand","1"
"mixed__B__68","mixed","B","equipment","core:harvest_scythe","1"
"mixed__B__68","mixed","B","equipment","core:iron_blade","1"
"mixed__B__68","mixed","B","equipment","core:ward_orbit","1"
"mixed__B__68","mixed","B","equipment","core:carpenter_hammer","1"
"mixed__B__68","mixed","B","equipment","core:hedge_drum","1"
"mixed__B__68","mixed","B","equipment","core:muster_horn","1"
"mixed__B__68","mixed","B","equipment","core:seed_bag","1"
"mixed__B__68","mixed","B","charter","core:guarded_harvest","11"
"mixed__B__68","mixed","B","charter","core:meal_oath","14"
"mixed__B__68","mixed","B","charter","core:rally_boundary","7"
"mixed__B__68","mixed","B","charter","core:repair_tithe","4"
"mixed__B__68","mixed","B","item","core:boundary_hinge","3"
"mixed__B__68","mixed","B","item","core:joiner_square","3"
"mixed__B__68","mixed","B","item","core:levy_bread_wrap","1"
"mixed__B__68","mixed","B","item","core:meadow_buckle","4"
"mixed__B__68","mixed","B","item","core:muster_roll","1"
"mixed__B__68","mixed","B","item","core:return_path_knot","1"
"mixed__B__68","mixed","B","item","core:root_binding_cord","3"
"mixed__B__68","mixed","B","item","core:scaffold_step","2"
"mixed__B__68","mixed","B","item","core:seed_pouch_lining","2"
"mixed__B__68","mixed","B","item","core:shock_absorber_pad","1"
"mixed__B__68","mixed","B","item","core:wind_seed_flag","3"
"mixed__B__68","mixed","B","evolution","core:sheltered_sowing","1"
"mixed__B__68","mixed","B","evolution","core:sowing_sworddance","1"
"mixed__B__69","mixed","B","equipment","core:ember_wand","1"
"mixed__B__69","mixed","B","equipment","core:harvest_scythe","1"
"mixed__B__69","mixed","B","equipment","core:iron_blade","1"
"mixed__B__69","mixed","B","equipment","core:ward_orbit","1"
"mixed__B__69","mixed","B","equipment","core:muster_horn","1"
"mixed__B__69","mixed","B","equipment","core:seed_bag","1"
"mixed__B__69","mixed","B","charter","core:guarded_harvest","4"
"mixed__B__69","mixed","B","charter","core:meal_oath","10"
"mixed__B__69","mixed","B","charter","core:rally_boundary","6"
"mixed__B__69","mixed","B","charter","core:repair_tithe","2"
"mixed__B__69","mixed","B","item","core:levy_bread_wrap","1"
"mixed__B__69","mixed","B","item","core:meadow_buckle","6"
"mixed__B__69","mixed","B","item","core:return_path_knot","2"
"mixed__B__69","mixed","B","item","core:root_binding_cord","8"
"mixed__B__69","mixed","B","item","core:seed_pouch_lining","4"
"mixed__B__69","mixed","B","item","core:wind_seed_flag","3"
"mixed__B__69","mixed","B","evolution","core:sowing_sworddance","1"
"mixed__B__70","mixed","B","equipment","core:ember_wand","1"
"mixed__B__70","mixed","B","equipment","core:harvest_scythe","1"
"mixed__B__70","mixed","B","equipment","core:iron_blade","1"
"mixed__B__70","mixed","B","equipment","core:ward_orbit","1"
"mixed__B__70","mixed","B","equipment","core:muster_horn","1"
"mixed__B__70","mixed","B","equipment","core:seed_bag","1"
"mixed__B__70","mixed","B","charter","core:guarded_harvest","4"
"mixed__B__70","mixed","B","charter","core:meal_oath","11"
"mixed__B__70","mixed","B","charter","core:rally_boundary","9"
"mixed__B__70","mixed","B","item","core:levy_bread_wrap","4"
"mixed__B__70","mixed","B","item","core:meadow_buckle","4"
"mixed__B__70","mixed","B","item","core:muster_roll","4"
"mixed__B__70","mixed","B","item","core:return_path_knot","5"
"mixed__B__70","mixed","B","item","core:root_binding_cord","1"
"mixed__B__70","mixed","B","item","core:seed_pouch_lining","5"
"mixed__B__70","mixed","B","item","core:wind_seed_flag","1"
"mixed__B__70","mixed","B","evolution","core:sowing_sworddance","1"
"mixed__B__71","mixed","B","equipment","core:ember_wand","1"
"mixed__B__71","mixed","B","equipment","core:harvest_scythe","1"
"mixed__B__71","mixed","B","equipment","core:iron_blade","1"
"mixed__B__71","mixed","B","equipment","core:ward_orbit","1"
"mixed__B__71","mixed","B","equipment","core:carpenter_hammer","1"
"mixed__B__71","mixed","B","equipment","core:hedge_drum","1"
"mixed__B__71","mixed","B","equipment","core:muster_horn","1"
"mixed__B__71","mixed","B","equipment","core:seed_bag","1"
"mixed__B__71","mixed","B","charter","core:guarded_harvest","7"
"mixed__B__71","mixed","B","charter","core:meal_oath","12"
"mixed__B__71","mixed","B","charter","core:rally_boundary","7"
"mixed__B__71","mixed","B","charter","core:repair_tithe","4"
"mixed__B__71","mixed","B","item","core:boundary_hinge","1"
"mixed__B__71","mixed","B","item","core:joiner_square","6"
"mixed__B__71","mixed","B","item","core:levy_bread_wrap","1"
"mixed__B__71","mixed","B","item","core:meadow_buckle","1"
"mixed__B__71","mixed","B","item","core:muster_roll","1"
"mixed__B__71","mixed","B","item","core:return_path_knot","2"
"mixed__B__71","mixed","B","item","core:root_binding_cord","1"
"mixed__B__71","mixed","B","item","core:ruin_keystone","1"
"mixed__B__71","mixed","B","item","core:scaffold_step","2"
"mixed__B__71","mixed","B","item","core:seed_pouch_lining","2"
"mixed__B__71","mixed","B","item","core:shock_absorber_pad","2"
"mixed__B__71","mixed","B","item","core:wind_seed_flag","4"
"mixed__B__71","mixed","B","evolution","core:sheltered_sowing","1"
"mixed__B__71","mixed","B","evolution","core:sowing_sworddance","1"
"mixed__B__72","mixed","B","equipment","core:ember_wand","1"
"mixed__B__72","mixed","B","equipment","core:harvest_scythe","1"
"mixed__B__72","mixed","B","equipment","core:iron_blade","1"
"mixed__B__72","mixed","B","equipment","core:ward_orbit","1"
"mixed__B__72","mixed","B","equipment","core:carpenter_hammer","1"
"mixed__B__72","mixed","B","equipment","core:hedge_drum","1"
"mixed__B__72","mixed","B","equipment","core:muster_horn","1"
"mixed__B__72","mixed","B","equipment","core:seed_bag","1"
"mixed__B__72","mixed","B","charter","core:guarded_harvest","19"
"mixed__B__72","mixed","B","charter","core:meal_oath","12"
"mixed__B__72","mixed","B","charter","core:rally_boundary","13"
"mixed__B__72","mixed","B","charter","core:repair_tithe","2"
"mixed__B__72","mixed","B","item","core:boundary_hinge","1"
"mixed__B__72","mixed","B","item","core:joiner_square","1"
"mixed__B__72","mixed","B","item","core:levy_bread_wrap","6"
"mixed__B__72","mixed","B","item","core:meadow_buckle","2"
"mixed__B__72","mixed","B","item","core:muster_roll","1"
"mixed__B__72","mixed","B","item","core:return_path_knot","2"
"mixed__B__72","mixed","B","item","core:root_binding_cord","4"
"mixed__B__72","mixed","B","item","core:scaffold_step","1"
"mixed__B__72","mixed","B","item","core:seed_pouch_lining","4"
"mixed__B__72","mixed","B","item","core:wind_seed_flag","2"
"mixed__B__72","mixed","B","evolution","core:sheltered_sowing","1"
"mixed__B__72","mixed","B","evolution","core:sowing_sworddance","1"
"mixed__B__73","mixed","B","equipment","core:ember_wand","1"
"mixed__B__73","mixed","B","equipment","core:harvest_scythe","1"
"mixed__B__73","mixed","B","equipment","core:iron_blade","1"
"mixed__B__73","mixed","B","equipment","core:ward_orbit","1"
"mixed__B__73","mixed","B","equipment","core:carpenter_hammer","1"
"mixed__B__73","mixed","B","equipment","core:hedge_drum","1"
"mixed__B__73","mixed","B","equipment","core:muster_horn","1"
"mixed__B__73","mixed","B","equipment","core:seed_bag","1"
"mixed__B__73","mixed","B","charter","core:guarded_harvest","4"
"mixed__B__73","mixed","B","charter","core:meal_oath","11"
"mixed__B__73","mixed","B","charter","core:rally_boundary","9"
"mixed__B__73","mixed","B","charter","core:repair_tithe","1"
"mixed__B__73","mixed","B","item","core:boundary_hinge","1"
"mixed__B__73","mixed","B","item","core:levy_bread_wrap","1"
"mixed__B__73","mixed","B","item","core:meadow_buckle","3"
"mixed__B__73","mixed","B","item","core:muster_roll","3"
"mixed__B__73","mixed","B","item","core:return_path_knot","2"
"mixed__B__73","mixed","B","item","core:root_binding_cord","2"
"mixed__B__73","mixed","B","item","core:ruin_keystone","3"
"mixed__B__73","mixed","B","item","core:scaffold_step","2"
"mixed__B__73","mixed","B","item","core:seed_pouch_lining","2"
"mixed__B__73","mixed","B","item","core:shock_absorber_pad","2"
"mixed__B__73","mixed","B","item","core:wind_seed_flag","3"
"mixed__B__73","mixed","B","evolution","core:sheltered_sowing","1"
"mixed__B__73","mixed","B","evolution","core:sowing_sworddance","1"
"mixed__C__42","mixed","C","equipment","core:ember_wand","1"
"mixed__C__42","mixed","C","equipment","core:harvest_scythe","1"
"mixed__C__42","mixed","C","equipment","core:iron_blade","1"
"mixed__C__42","mixed","C","equipment","core:ward_orbit","1"
"mixed__C__42","mixed","C","equipment","core:carpenter_hammer","1"
"mixed__C__42","mixed","C","equipment","core:hedge_drum","1"
"mixed__C__42","mixed","C","equipment","core:muster_horn","1"
"mixed__C__42","mixed","C","equipment","core:seed_bag","1"
"mixed__C__42","mixed","C","charter","core:guarded_harvest","12"
"mixed__C__42","mixed","C","charter","core:meal_oath","8"
"mixed__C__42","mixed","C","charter","core:rally_boundary","9"
"mixed__C__42","mixed","C","charter","core:repair_tithe","3"
"mixed__C__42","mixed","C","item","core:boundary_hinge","2"
"mixed__C__42","mixed","C","item","core:joiner_square","3"
"mixed__C__42","mixed","C","item","core:levy_bread_wrap","1"
"mixed__C__42","mixed","C","item","core:muster_roll","1"
"mixed__C__42","mixed","C","item","core:return_path_knot","4"
"mixed__C__42","mixed","C","item","core:root_binding_cord","3"
"mixed__C__42","mixed","C","item","core:scaffold_step","2"
"mixed__C__42","mixed","C","item","core:seed_pouch_lining","2"
"mixed__C__42","mixed","C","item","core:shock_absorber_pad","4"
"mixed__C__42","mixed","C","item","core:wind_seed_flag","2"
"mixed__C__42","mixed","C","evolution","core:sheltered_sowing","1"
"mixed__C__42","mixed","C","evolution","core:sowing_sworddance","1"
"mixed__C__43","mixed","C","equipment","core:ember_wand","1"
"mixed__C__43","mixed","C","equipment","core:harvest_scythe","1"
"mixed__C__43","mixed","C","equipment","core:iron_blade","1"
"mixed__C__43","mixed","C","equipment","core:ward_orbit","1"
"mixed__C__43","mixed","C","equipment","core:muster_horn","1"
"mixed__C__43","mixed","C","equipment","core:seed_bag","1"
"mixed__C__43","mixed","C","charter","core:guarded_harvest","12"
"mixed__C__43","mixed","C","charter","core:meal_oath","13"
"mixed__C__43","mixed","C","charter","core:rally_boundary","10"
"mixed__C__43","mixed","C","item","core:levy_bread_wrap","1"
"mixed__C__43","mixed","C","item","core:meadow_buckle","3"
"mixed__C__43","mixed","C","item","core:muster_roll","3"
"mixed__C__43","mixed","C","item","core:return_path_knot","3"
"mixed__C__43","mixed","C","item","core:root_binding_cord","3"
"mixed__C__43","mixed","C","item","core:seed_pouch_lining","5"
"mixed__C__43","mixed","C","item","core:wind_seed_flag","6"
"mixed__C__43","mixed","C","evolution","core:sowing_sworddance","1"
"mixed__C__44","mixed","C","equipment","core:ember_wand","1"
"mixed__C__44","mixed","C","equipment","core:harvest_scythe","1"
"mixed__C__44","mixed","C","equipment","core:iron_blade","1"
"mixed__C__44","mixed","C","equipment","core:ward_orbit","1"
"mixed__C__44","mixed","C","equipment","core:muster_horn","1"
"mixed__C__44","mixed","C","equipment","core:seed_bag","1"
"mixed__C__44","mixed","C","charter","core:guarded_harvest","10"
"mixed__C__44","mixed","C","charter","core:meal_oath","7"
"mixed__C__44","mixed","C","charter","core:rally_boundary","6"
"mixed__C__44","mixed","C","item","core:levy_bread_wrap","3"
"mixed__C__44","mixed","C","item","core:meadow_buckle","2"
"mixed__C__44","mixed","C","item","core:muster_roll","6"
"mixed__C__44","mixed","C","item","core:return_path_knot","2"
"mixed__C__44","mixed","C","item","core:root_binding_cord","3"
"mixed__C__44","mixed","C","item","core:seed_pouch_lining","2"
"mixed__C__44","mixed","C","item","core:wind_seed_flag","4"
"mixed__C__44","mixed","C","evolution","core:sowing_sworddance","1"
"mixed__C__45","mixed","C","equipment","core:ember_wand","1"
"mixed__C__45","mixed","C","equipment","core:harvest_scythe","1"
"mixed__C__45","mixed","C","equipment","core:iron_blade","1"
"mixed__C__45","mixed","C","equipment","core:ward_orbit","1"
"mixed__C__45","mixed","C","equipment","core:carpenter_hammer","1"
"mixed__C__45","mixed","C","equipment","core:hedge_drum","1"
"mixed__C__45","mixed","C","equipment","core:muster_horn","1"
"mixed__C__45","mixed","C","equipment","core:seed_bag","1"
"mixed__C__45","mixed","C","charter","core:guarded_harvest","10"
"mixed__C__45","mixed","C","charter","core:meal_oath","14"
"mixed__C__45","mixed","C","charter","core:rally_boundary","7"
"mixed__C__45","mixed","C","charter","core:repair_tithe","3"
"mixed__C__45","mixed","C","item","core:boundary_hinge","1"
"mixed__C__45","mixed","C","item","core:joiner_square","1"
"mixed__C__45","mixed","C","item","core:levy_bread_wrap","1"
"mixed__C__45","mixed","C","item","core:meadow_buckle","1"
"mixed__C__45","mixed","C","item","core:muster_roll","1"
"mixed__C__45","mixed","C","item","core:return_path_knot","4"
"mixed__C__45","mixed","C","item","core:root_binding_cord","3"
"mixed__C__45","mixed","C","item","core:ruin_keystone","1"
"mixed__C__45","mixed","C","item","core:scaffold_step","4"
"mixed__C__45","mixed","C","item","core:seed_pouch_lining","2"
"mixed__C__45","mixed","C","item","core:shock_absorber_pad","3"
"mixed__C__45","mixed","C","item","core:wind_seed_flag","2"
"mixed__C__45","mixed","C","evolution","core:sheltered_sowing","1"
"mixed__C__45","mixed","C","evolution","core:sowing_sworddance","1"
"mixed__C__46","mixed","C","equipment","core:ember_wand","1"
"mixed__C__46","mixed","C","equipment","core:harvest_scythe","1"
"mixed__C__46","mixed","C","equipment","core:iron_blade","1"
"mixed__C__46","mixed","C","equipment","core:ward_orbit","1"
"mixed__C__46","mixed","C","equipment","core:carpenter_hammer","1"
"mixed__C__46","mixed","C","equipment","core:hedge_drum","1"
"mixed__C__46","mixed","C","equipment","core:muster_horn","1"
"mixed__C__46","mixed","C","equipment","core:seed_bag","1"
"mixed__C__46","mixed","C","charter","core:guarded_harvest","9"
"mixed__C__46","mixed","C","charter","core:meal_oath","8"
"mixed__C__46","mixed","C","charter","core:rally_boundary","7"
"mixed__C__46","mixed","C","charter","core:repair_tithe","1"
"mixed__C__46","mixed","C","item","core:joiner_square","1"
"mixed__C__46","mixed","C","item","core:meadow_buckle","3"
"mixed__C__46","mixed","C","item","core:muster_roll","3"
"mixed__C__46","mixed","C","item","core:return_path_knot","5"
"mixed__C__46","mixed","C","item","core:root_binding_cord","1"
"mixed__C__46","mixed","C","item","core:ruin_keystone","2"
"mixed__C__46","mixed","C","item","core:scaffold_step","4"
"mixed__C__46","mixed","C","item","core:shock_absorber_pad","4"
"mixed__C__46","mixed","C","item","core:wind_seed_flag","1"
"mixed__C__46","mixed","C","evolution","core:sheltered_sowing","1"
"mixed__C__46","mixed","C","evolution","core:sowing_sworddance","1"
"mixed__C__47","mixed","C","equipment","core:ember_wand","1"
"mixed__C__47","mixed","C","equipment","core:harvest_scythe","1"
"mixed__C__47","mixed","C","equipment","core:iron_blade","1"
"mixed__C__47","mixed","C","equipment","core:ward_orbit","1"
"mixed__C__47","mixed","C","equipment","core:carpenter_hammer","1"
"mixed__C__47","mixed","C","equipment","core:hedge_drum","1"
"mixed__C__47","mixed","C","equipment","core:muster_horn","1"
"mixed__C__47","mixed","C","equipment","core:seed_bag","1"
"mixed__C__47","mixed","C","charter","core:guarded_harvest","13"
"mixed__C__47","mixed","C","charter","core:meal_oath","5"
"mixed__C__47","mixed","C","charter","core:rally_boundary","6"
"mixed__C__47","mixed","C","charter","core:repair_tithe","10"
"mixed__C__47","mixed","C","item","core:boundary_hinge","2"
"mixed__C__47","mixed","C","item","core:joiner_square","4"
"mixed__C__47","mixed","C","item","core:levy_bread_wrap","1"
"mixed__C__47","mixed","C","item","core:meadow_buckle","4"
"mixed__C__47","mixed","C","item","core:muster_roll","2"
"mixed__C__47","mixed","C","item","core:return_path_knot","2"
"mixed__C__47","mixed","C","item","core:root_binding_cord","1"
"mixed__C__47","mixed","C","item","core:ruin_keystone","1"
"mixed__C__47","mixed","C","item","core:scaffold_step","2"
"mixed__C__47","mixed","C","item","core:seed_pouch_lining","2"
"mixed__C__47","mixed","C","item","core:shock_absorber_pad","2"
"mixed__C__47","mixed","C","item","core:wind_seed_flag","1"
"mixed__C__47","mixed","C","evolution","core:sheltered_sowing","1"
"mixed__C__47","mixed","C","evolution","core:sowing_sworddance","1"
"mixed__C__48","mixed","C","equipment","core:ember_wand","1"
"mixed__C__48","mixed","C","equipment","core:harvest_scythe","1"
"mixed__C__48","mixed","C","equipment","core:iron_blade","1"
"mixed__C__48","mixed","C","equipment","core:ward_orbit","1"
"mixed__C__48","mixed","C","equipment","core:carpenter_hammer","1"
"mixed__C__48","mixed","C","equipment","core:hedge_drum","1"
"mixed__C__48","mixed","C","equipment","core:muster_horn","1"
"mixed__C__48","mixed","C","equipment","core:seed_bag","1"
"mixed__C__48","mixed","C","charter","core:guarded_harvest","5"
"mixed__C__48","mixed","C","charter","core:meal_oath","17"
"mixed__C__48","mixed","C","charter","core:rally_boundary","10"
"mixed__C__48","mixed","C","charter","core:repair_tithe","4"
"mixed__C__48","mixed","C","item","core:boundary_hinge","3"
"mixed__C__48","mixed","C","item","core:joiner_square","1"
"mixed__C__48","mixed","C","item","core:meadow_buckle","2"
"mixed__C__48","mixed","C","item","core:muster_roll","1"
"mixed__C__48","mixed","C","item","core:return_path_knot","1"
"mixed__C__48","mixed","C","item","core:root_binding_cord","5"
"mixed__C__48","mixed","C","item","core:scaffold_step","3"
"mixed__C__48","mixed","C","item","core:seed_pouch_lining","3"
"mixed__C__48","mixed","C","item","core:shock_absorber_pad","1"
"mixed__C__48","mixed","C","item","core:wind_seed_flag","4"
"mixed__C__48","mixed","C","evolution","core:sheltered_sowing","1"
"mixed__C__48","mixed","C","evolution","core:sowing_sworddance","1"
"mixed__C__49","mixed","C","equipment","core:ember_wand","1"
"mixed__C__49","mixed","C","equipment","core:harvest_scythe","1"
"mixed__C__49","mixed","C","equipment","core:iron_blade","1"
"mixed__C__49","mixed","C","equipment","core:ward_orbit","1"
"mixed__C__49","mixed","C","equipment","core:muster_horn","1"
"mixed__C__49","mixed","C","equipment","core:seed_bag","1"
"mixed__C__49","mixed","C","charter","core:guarded_harvest","6"
"mixed__C__49","mixed","C","charter","core:meal_oath","12"
"mixed__C__49","mixed","C","charter","core:rally_boundary","12"
"mixed__C__49","mixed","C","item","core:levy_bread_wrap","3"
"mixed__C__49","mixed","C","item","core:meadow_buckle","4"
"mixed__C__49","mixed","C","item","core:muster_roll","5"
"mixed__C__49","mixed","C","item","core:return_path_knot","5"
"mixed__C__49","mixed","C","item","core:root_binding_cord","4"
"mixed__C__49","mixed","C","item","core:seed_pouch_lining","2"
"mixed__C__49","mixed","C","item","core:wind_seed_flag","1"
"mixed__C__49","mixed","C","evolution","core:sowing_sworddance","1"
"mixed__C__50","mixed","C","equipment","core:ember_wand","1"
"mixed__C__50","mixed","C","equipment","core:harvest_scythe","1"
"mixed__C__50","mixed","C","equipment","core:iron_blade","1"
"mixed__C__50","mixed","C","equipment","core:ward_orbit","1"
"mixed__C__50","mixed","C","equipment","core:muster_horn","1"
"mixed__C__50","mixed","C","equipment","core:seed_bag","1"
"mixed__C__50","mixed","C","charter","core:guarded_harvest","12"
"mixed__C__50","mixed","C","charter","core:meal_oath","8"
"mixed__C__50","mixed","C","charter","core:rally_boundary","2"
"mixed__C__50","mixed","C","charter","core:repair_tithe","2"
"mixed__C__50","mixed","C","item","core:levy_bread_wrap","1"
"mixed__C__50","mixed","C","item","core:meadow_buckle","3"
"mixed__C__50","mixed","C","item","core:muster_roll","1"
"mixed__C__50","mixed","C","item","core:return_path_knot","3"
"mixed__C__50","mixed","C","item","core:root_binding_cord","6"
"mixed__C__50","mixed","C","item","core:seed_pouch_lining","5"
"mixed__C__50","mixed","C","item","core:wind_seed_flag","5"
"mixed__C__50","mixed","C","evolution","core:sowing_sworddance","1"
"mixed__C__51","mixed","C","equipment","core:ember_wand","1"
"mixed__C__51","mixed","C","equipment","core:harvest_scythe","1"
"mixed__C__51","mixed","C","equipment","core:iron_blade","1"
"mixed__C__51","mixed","C","equipment","core:ward_orbit","1"
"mixed__C__51","mixed","C","equipment","core:carpenter_hammer","1"
"mixed__C__51","mixed","C","equipment","core:hedge_drum","1"
"mixed__C__51","mixed","C","equipment","core:muster_horn","1"
"mixed__C__51","mixed","C","equipment","core:seed_bag","1"
"mixed__C__51","mixed","C","charter","core:guarded_harvest","13"
"mixed__C__51","mixed","C","charter","core:meal_oath","6"
"mixed__C__51","mixed","C","charter","core:rally_boundary","9"
"mixed__C__51","mixed","C","charter","core:repair_tithe","2"
"mixed__C__51","mixed","C","item","core:boundary_hinge","2"
"mixed__C__51","mixed","C","item","core:joiner_square","1"
"mixed__C__51","mixed","C","item","core:levy_bread_wrap","2"
"mixed__C__51","mixed","C","item","core:meadow_buckle","2"
"mixed__C__51","mixed","C","item","core:return_path_knot","4"
"mixed__C__51","mixed","C","item","core:root_binding_cord","4"
"mixed__C__51","mixed","C","item","core:ruin_keystone","3"
"mixed__C__51","mixed","C","item","core:scaffold_step","1"
"mixed__C__51","mixed","C","item","core:seed_pouch_lining","1"
"mixed__C__51","mixed","C","item","core:shock_absorber_pad","1"
"mixed__C__51","mixed","C","item","core:wind_seed_flag","3"
"mixed__C__51","mixed","C","evolution","core:sheltered_sowing","1"
"mixed__C__51","mixed","C","evolution","core:sowing_sworddance","1"
"mixed__C__52","mixed","C","equipment","core:ember_wand","1"
"mixed__C__52","mixed","C","equipment","core:harvest_scythe","1"
"mixed__C__52","mixed","C","equipment","core:iron_blade","1"
"mixed__C__52","mixed","C","equipment","core:ward_orbit","1"
"mixed__C__52","mixed","C","equipment","core:carpenter_hammer","1"
"mixed__C__52","mixed","C","equipment","core:hedge_drum","1"
"mixed__C__52","mixed","C","equipment","core:muster_horn","1"
"mixed__C__52","mixed","C","equipment","core:seed_bag","1"
"mixed__C__52","mixed","C","charter","core:guarded_harvest","7"
"mixed__C__52","mixed","C","charter","core:meal_oath","7"
"mixed__C__52","mixed","C","charter","core:rally_boundary","4"
"mixed__C__52","mixed","C","charter","core:repair_tithe","2"
"mixed__C__52","mixed","C","item","core:boundary_hinge","2"
"mixed__C__52","mixed","C","item","core:levy_bread_wrap","3"
"mixed__C__52","mixed","C","item","core:meadow_buckle","1"
"mixed__C__52","mixed","C","item","core:return_path_knot","3"
"mixed__C__52","mixed","C","item","core:root_binding_cord","4"
"mixed__C__52","mixed","C","item","core:ruin_keystone","3"
"mixed__C__52","mixed","C","item","core:scaffold_step","1"
"mixed__C__52","mixed","C","item","core:seed_pouch_lining","4"
"mixed__C__52","mixed","C","item","core:shock_absorber_pad","2"
"mixed__C__52","mixed","C","item","core:wind_seed_flag","1"
"mixed__C__52","mixed","C","evolution","core:sheltered_sowing","1"
"mixed__C__52","mixed","C","evolution","core:sowing_sworddance","1"
"mixed__C__53","mixed","C","equipment","core:ember_wand","1"
"mixed__C__53","mixed","C","equipment","core:harvest_scythe","1"
"mixed__C__53","mixed","C","equipment","core:iron_blade","1"
"mixed__C__53","mixed","C","equipment","core:ward_orbit","1"
"mixed__C__53","mixed","C","equipment","core:carpenter_hammer","1"
"mixed__C__53","mixed","C","equipment","core:hedge_drum","1"
"mixed__C__53","mixed","C","equipment","core:muster_horn","1"
"mixed__C__53","mixed","C","equipment","core:seed_bag","1"
"mixed__C__53","mixed","C","charter","core:guarded_harvest","9"
"mixed__C__53","mixed","C","charter","core:meal_oath","14"
"mixed__C__53","mixed","C","charter","core:rally_boundary","8"
"mixed__C__53","mixed","C","charter","core:repair_tithe","3"
"mixed__C__53","mixed","C","item","core:boundary_hinge","3"
"mixed__C__53","mixed","C","item","core:joiner_square","1"
"mixed__C__53","mixed","C","item","core:levy_bread_wrap","1"
"mixed__C__53","mixed","C","item","core:muster_roll","3"
"mixed__C__53","mixed","C","item","core:root_binding_cord","5"
"mixed__C__53","mixed","C","item","core:ruin_keystone","3"
"mixed__C__53","mixed","C","item","core:scaffold_step","1"
"mixed__C__53","mixed","C","item","core:seed_pouch_lining","3"
"mixed__C__53","mixed","C","item","core:wind_seed_flag","4"
"mixed__C__53","mixed","C","evolution","core:sheltered_sowing","1"
"mixed__C__53","mixed","C","evolution","core:sowing_sworddance","1"
"mixed__C__54","mixed","C","equipment","core:ember_wand","1"
"mixed__C__54","mixed","C","equipment","core:harvest_scythe","1"
"mixed__C__54","mixed","C","equipment","core:iron_blade","1"
"mixed__C__54","mixed","C","equipment","core:ward_orbit","1"
"mixed__C__54","mixed","C","equipment","core:carpenter_hammer","1"
"mixed__C__54","mixed","C","equipment","core:hedge_drum","1"
"mixed__C__54","mixed","C","equipment","core:muster_horn","1"
"mixed__C__54","mixed","C","equipment","core:seed_bag","1"
"mixed__C__54","mixed","C","charter","core:guarded_harvest","2"
"mixed__C__54","mixed","C","charter","core:meal_oath","15"
"mixed__C__54","mixed","C","charter","core:rally_boundary","14"
"mixed__C__54","mixed","C","charter","core:repair_tithe","1"
"mixed__C__54","mixed","C","item","core:boundary_hinge","1"
"mixed__C__54","mixed","C","item","core:joiner_square","4"
"mixed__C__54","mixed","C","item","core:levy_bread_wrap","2"
"mixed__C__54","mixed","C","item","core:meadow_buckle","2"
"mixed__C__54","mixed","C","item","core:muster_roll","3"
"mixed__C__54","mixed","C","item","core:return_path_knot","2"
"mixed__C__54","mixed","C","item","core:root_binding_cord","3"
"mixed__C__54","mixed","C","item","core:ruin_keystone","1"
"mixed__C__54","mixed","C","item","core:scaffold_step","3"
"mixed__C__54","mixed","C","item","core:wind_seed_flag","2"
"mixed__C__54","mixed","C","evolution","core:sheltered_sowing","1"
"mixed__C__54","mixed","C","evolution","core:sowing_sworddance","1"
"mixed__C__55","mixed","C","equipment","core:ember_wand","1"
"mixed__C__55","mixed","C","equipment","core:harvest_scythe","1"
"mixed__C__55","mixed","C","equipment","core:iron_blade","1"
"mixed__C__55","mixed","C","equipment","core:ward_orbit","1"
"mixed__C__55","mixed","C","equipment","core:carpenter_hammer","1"
"mixed__C__55","mixed","C","equipment","core:hedge_drum","1"
"mixed__C__55","mixed","C","equipment","core:muster_horn","1"
"mixed__C__55","mixed","C","equipment","core:seed_bag","1"
"mixed__C__55","mixed","C","charter","core:guarded_harvest","11"
"mixed__C__55","mixed","C","charter","core:meal_oath","8"
"mixed__C__55","mixed","C","charter","core:rally_boundary","6"
"mixed__C__55","mixed","C","charter","core:repair_tithe","3"
"mixed__C__55","mixed","C","item","core:boundary_hinge","1"
"mixed__C__55","mixed","C","item","core:joiner_square","2"
"mixed__C__55","mixed","C","item","core:levy_bread_wrap","2"
"mixed__C__55","mixed","C","item","core:meadow_buckle","4"
"mixed__C__55","mixed","C","item","core:return_path_knot","5"
"mixed__C__55","mixed","C","item","core:root_binding_cord","1"
"mixed__C__55","mixed","C","item","core:ruin_keystone","2"
"mixed__C__55","mixed","C","item","core:scaffold_step","1"
"mixed__C__55","mixed","C","item","core:seed_pouch_lining","2"
"mixed__C__55","mixed","C","item","core:shock_absorber_pad","1"
"mixed__C__55","mixed","C","item","core:wind_seed_flag","2"
"mixed__C__55","mixed","C","evolution","core:sheltered_sowing","1"
"mixed__C__55","mixed","C","evolution","core:sowing_sworddance","1"
"mixed__C__56","mixed","C","equipment","core:ember_wand","1"
"mixed__C__56","mixed","C","equipment","core:harvest_scythe","1"
"mixed__C__56","mixed","C","equipment","core:iron_blade","1"
"mixed__C__56","mixed","C","equipment","core:ward_orbit","1"
"mixed__C__56","mixed","C","equipment","core:carpenter_hammer","1"
"mixed__C__56","mixed","C","equipment","core:hedge_drum","1"
"mixed__C__56","mixed","C","equipment","core:muster_horn","1"
"mixed__C__56","mixed","C","equipment","core:seed_bag","1"
"mixed__C__56","mixed","C","charter","core:guarded_harvest","9"
"mixed__C__56","mixed","C","charter","core:meal_oath","10"
"mixed__C__56","mixed","C","charter","core:rally_boundary","7"
"mixed__C__56","mixed","C","charter","core:repair_tithe","7"
"mixed__C__56","mixed","C","item","core:boundary_hinge","1"
"mixed__C__56","mixed","C","item","core:joiner_square","1"
"mixed__C__56","mixed","C","item","core:levy_bread_wrap","3"
"mixed__C__56","mixed","C","item","core:meadow_buckle","3"
"mixed__C__56","mixed","C","item","core:muster_roll","1"
"mixed__C__56","mixed","C","item","core:return_path_knot","1"
"mixed__C__56","mixed","C","item","core:root_binding_cord","1"
"mixed__C__56","mixed","C","item","core:ruin_keystone","1"
"mixed__C__56","mixed","C","item","core:scaffold_step","4"
"mixed__C__56","mixed","C","item","core:seed_pouch_lining","1"
"mixed__C__56","mixed","C","item","core:shock_absorber_pad","1"
"mixed__C__56","mixed","C","item","core:wind_seed_flag","6"
"mixed__C__56","mixed","C","evolution","core:sheltered_sowing","1"
"mixed__C__56","mixed","C","evolution","core:sowing_sworddance","1"
"mixed__C__57","mixed","C","equipment","core:ember_wand","1"
"mixed__C__57","mixed","C","equipment","core:harvest_scythe","1"
"mixed__C__57","mixed","C","equipment","core:iron_blade","1"
"mixed__C__57","mixed","C","equipment","core:ward_orbit","1"
"mixed__C__57","mixed","C","equipment","core:carpenter_hammer","1"
"mixed__C__57","mixed","C","equipment","core:hedge_drum","1"
"mixed__C__57","mixed","C","equipment","core:muster_horn","1"
"mixed__C__57","mixed","C","equipment","core:seed_bag","1"
"mixed__C__57","mixed","C","charter","core:guarded_harvest","8"
"mixed__C__57","mixed","C","charter","core:meal_oath","12"
"mixed__C__57","mixed","C","charter","core:rally_boundary","7"
"mixed__C__57","mixed","C","charter","core:repair_tithe","10"
"mixed__C__57","mixed","C","item","core:boundary_hinge","1"
"mixed__C__57","mixed","C","item","core:levy_bread_wrap","3"
"mixed__C__57","mixed","C","item","core:meadow_buckle","2"
"mixed__C__57","mixed","C","item","core:muster_roll","2"
"mixed__C__57","mixed","C","item","core:return_path_knot","2"
"mixed__C__57","mixed","C","item","core:root_binding_cord","3"
"mixed__C__57","mixed","C","item","core:ruin_keystone","1"
"mixed__C__57","mixed","C","item","core:scaffold_step","1"
"mixed__C__57","mixed","C","item","core:seed_pouch_lining","2"
"mixed__C__57","mixed","C","item","core:shock_absorber_pad","3"
"mixed__C__57","mixed","C","item","core:wind_seed_flag","3"
"mixed__C__57","mixed","C","evolution","core:sheltered_sowing","1"
"mixed__C__57","mixed","C","evolution","core:sowing_sworddance","1"
"mixed__C__58","mixed","C","equipment","core:ember_wand","1"
"mixed__C__58","mixed","C","equipment","core:harvest_scythe","1"
"mixed__C__58","mixed","C","equipment","core:iron_blade","1"
"mixed__C__58","mixed","C","equipment","core:ward_orbit","1"
"mixed__C__58","mixed","C","equipment","core:carpenter_hammer","1"
"mixed__C__58","mixed","C","equipment","core:hedge_drum","1"
"mixed__C__58","mixed","C","equipment","core:muster_horn","1"
"mixed__C__58","mixed","C","equipment","core:seed_bag","1"
"mixed__C__58","mixed","C","charter","core:guarded_harvest","17"
"mixed__C__58","mixed","C","charter","core:meal_oath","7"
"mixed__C__58","mixed","C","charter","core:rally_boundary","9"
"mixed__C__58","mixed","C","charter","core:repair_tithe","2"
"mixed__C__58","mixed","C","item","core:joiner_square","3"
"mixed__C__58","mixed","C","item","core:levy_bread_wrap","2"
"mixed__C__58","mixed","C","item","core:meadow_buckle","1"
"mixed__C__58","mixed","C","item","core:muster_roll","2"
"mixed__C__58","mixed","C","item","core:return_path_knot","1"
"mixed__C__58","mixed","C","item","core:root_binding_cord","1"
"mixed__C__58","mixed","C","item","core:ruin_keystone","5"
"mixed__C__58","mixed","C","item","core:scaffold_step","3"
"mixed__C__58","mixed","C","item","core:seed_pouch_lining","2"
"mixed__C__58","mixed","C","item","core:shock_absorber_pad","2"
"mixed__C__58","mixed","C","item","core:wind_seed_flag","2"
"mixed__C__58","mixed","C","evolution","core:sheltered_sowing","1"
"mixed__C__58","mixed","C","evolution","core:sowing_sworddance","1"
"mixed__C__59","mixed","C","equipment","core:ember_wand","1"
"mixed__C__59","mixed","C","equipment","core:harvest_scythe","1"
"mixed__C__59","mixed","C","equipment","core:iron_blade","1"
"mixed__C__59","mixed","C","equipment","core:ward_orbit","1"
"mixed__C__59","mixed","C","equipment","core:muster_horn","1"
"mixed__C__59","mixed","C","equipment","core:seed_bag","1"
"mixed__C__59","mixed","C","charter","core:guarded_harvest","8"
"mixed__C__59","mixed","C","charter","core:meal_oath","12"
"mixed__C__59","mixed","C","charter","core:rally_boundary","5"
"mixed__C__59","mixed","C","item","core:levy_bread_wrap","4"
"mixed__C__59","mixed","C","item","core:meadow_buckle","3"
"mixed__C__59","mixed","C","item","core:muster_roll","2"
"mixed__C__59","mixed","C","item","core:return_path_knot","7"
"mixed__C__59","mixed","C","item","core:root_binding_cord","4"
"mixed__C__59","mixed","C","item","core:wind_seed_flag","4"
"mixed__C__59","mixed","C","evolution","core:sowing_sworddance","1"
"mixed__C__60","mixed","C","equipment","core:ember_wand","1"
"mixed__C__60","mixed","C","equipment","core:harvest_scythe","1"
"mixed__C__60","mixed","C","equipment","core:iron_blade","1"
"mixed__C__60","mixed","C","equipment","core:ward_orbit","1"
"mixed__C__60","mixed","C","equipment","core:carpenter_hammer","1"
"mixed__C__60","mixed","C","equipment","core:hedge_drum","1"
"mixed__C__60","mixed","C","equipment","core:muster_horn","1"
"mixed__C__60","mixed","C","equipment","core:seed_bag","1"
"mixed__C__60","mixed","C","charter","core:guarded_harvest","4"
"mixed__C__60","mixed","C","charter","core:meal_oath","7"
"mixed__C__60","mixed","C","charter","core:rally_boundary","5"
"mixed__C__60","mixed","C","charter","core:repair_tithe","13"
"mixed__C__60","mixed","C","item","core:joiner_square","3"
"mixed__C__60","mixed","C","item","core:levy_bread_wrap","1"
"mixed__C__60","mixed","C","item","core:meadow_buckle","3"
"mixed__C__60","mixed","C","item","core:muster_roll","2"
"mixed__C__60","mixed","C","item","core:return_path_knot","1"
"mixed__C__60","mixed","C","item","core:root_binding_cord","6"
"mixed__C__60","mixed","C","item","core:ruin_keystone","1"
"mixed__C__60","mixed","C","item","core:scaffold_step","1"
"mixed__C__60","mixed","C","item","core:seed_pouch_lining","3"
"mixed__C__60","mixed","C","item","core:shock_absorber_pad","3"
"mixed__C__60","mixed","C","evolution","core:sheltered_sowing","1"
"mixed__C__60","mixed","C","evolution","core:sowing_sworddance","1"
"mixed__C__61","mixed","C","equipment","core:ember_wand","1"
"mixed__C__61","mixed","C","equipment","core:harvest_scythe","1"
"mixed__C__61","mixed","C","equipment","core:iron_blade","1"
"mixed__C__61","mixed","C","equipment","core:ward_orbit","1"
"mixed__C__61","mixed","C","equipment","core:carpenter_hammer","1"
"mixed__C__61","mixed","C","equipment","core:hedge_drum","1"
"mixed__C__61","mixed","C","equipment","core:muster_horn","1"
"mixed__C__61","mixed","C","equipment","core:seed_bag","1"
"mixed__C__61","mixed","C","charter","core:guarded_harvest","7"
"mixed__C__61","mixed","C","charter","core:meal_oath","5"
"mixed__C__61","mixed","C","charter","core:rally_boundary","6"
"mixed__C__61","mixed","C","charter","core:repair_tithe","3"
"mixed__C__61","mixed","C","item","core:boundary_hinge","2"
"mixed__C__61","mixed","C","item","core:meadow_buckle","1"
"mixed__C__61","mixed","C","item","core:muster_roll","4"
"mixed__C__61","mixed","C","item","core:return_path_knot","2"
"mixed__C__61","mixed","C","item","core:root_binding_cord","3"
"mixed__C__61","mixed","C","item","core:ruin_keystone","2"
"mixed__C__61","mixed","C","item","core:scaffold_step","2"
"mixed__C__61","mixed","C","item","core:seed_pouch_lining","3"
"mixed__C__61","mixed","C","item","core:wind_seed_flag","4"
"mixed__C__61","mixed","C","evolution","core:sheltered_sowing","1"
"mixed__C__61","mixed","C","evolution","core:sowing_sworddance","1"
"mixed__C__62","mixed","C","equipment","core:ember_wand","1"
"mixed__C__62","mixed","C","equipment","core:harvest_scythe","1"
"mixed__C__62","mixed","C","equipment","core:iron_blade","1"
"mixed__C__62","mixed","C","equipment","core:ward_orbit","1"
"mixed__C__62","mixed","C","equipment","core:carpenter_hammer","1"
"mixed__C__62","mixed","C","equipment","core:hedge_drum","1"
"mixed__C__62","mixed","C","equipment","core:muster_horn","1"
"mixed__C__62","mixed","C","equipment","core:seed_bag","1"
"mixed__C__62","mixed","C","charter","core:guarded_harvest","5"
"mixed__C__62","mixed","C","charter","core:meal_oath","6"
"mixed__C__62","mixed","C","charter","core:rally_boundary","5"
"mixed__C__62","mixed","C","charter","core:repair_tithe","1"
"mixed__C__62","mixed","C","item","core:joiner_square","5"
"mixed__C__62","mixed","C","item","core:meadow_buckle","2"
"mixed__C__62","mixed","C","item","core:muster_roll","3"
"mixed__C__62","mixed","C","item","core:return_path_knot","3"
"mixed__C__62","mixed","C","item","core:root_binding_cord","1"
"mixed__C__62","mixed","C","item","core:ruin_keystone","4"
"mixed__C__62","mixed","C","item","core:scaffold_step","2"
"mixed__C__62","mixed","C","item","core:shock_absorber_pad","3"
"mixed__C__62","mixed","C","item","core:wind_seed_flag","1"
"mixed__C__62","mixed","C","evolution","core:sheltered_sowing","1"
"mixed__C__62","mixed","C","evolution","core:sowing_sworddance","1"
"mixed__C__63","mixed","C","equipment","core:ember_wand","1"
"mixed__C__63","mixed","C","equipment","core:harvest_scythe","1"
"mixed__C__63","mixed","C","equipment","core:iron_blade","1"
"mixed__C__63","mixed","C","equipment","core:ward_orbit","1"
"mixed__C__63","mixed","C","equipment","core:hedge_drum","1"
"mixed__C__63","mixed","C","equipment","core:muster_horn","1"
"mixed__C__63","mixed","C","equipment","core:seed_bag","1"
"mixed__C__63","mixed","C","charter","core:guarded_harvest","11"
"mixed__C__63","mixed","C","charter","core:meal_oath","9"
"mixed__C__63","mixed","C","charter","core:rally_boundary","7"
"mixed__C__63","mixed","C","item","core:levy_bread_wrap","1"
"mixed__C__63","mixed","C","item","core:meadow_buckle","3"
"mixed__C__63","mixed","C","item","core:muster_roll","5"
"mixed__C__63","mixed","C","item","core:return_path_knot","4"
"mixed__C__63","mixed","C","item","core:root_binding_cord","2"
"mixed__C__63","mixed","C","item","core:scaffold_step","1"
"mixed__C__63","mixed","C","item","core:seed_pouch_lining","4"
"mixed__C__63","mixed","C","item","core:wind_seed_flag","4"
"mixed__C__63","mixed","C","evolution","core:sowing_sworddance","1"
"mixed__C__64","mixed","C","equipment","core:ember_wand","1"
"mixed__C__64","mixed","C","equipment","core:harvest_scythe","1"
"mixed__C__64","mixed","C","equipment","core:iron_blade","1"
"mixed__C__64","mixed","C","equipment","core:ward_orbit","1"
"mixed__C__64","mixed","C","equipment","core:hedge_drum","1"
"mixed__C__64","mixed","C","equipment","core:muster_horn","1"
"mixed__C__64","mixed","C","equipment","core:seed_bag","1"
"mixed__C__64","mixed","C","charter","core:guarded_harvest","9"
"mixed__C__64","mixed","C","charter","core:meal_oath","8"
"mixed__C__64","mixed","C","charter","core:rally_boundary","4"
"mixed__C__64","mixed","C","charter","core:repair_tithe","4"
"mixed__C__64","mixed","C","item","core:levy_bread_wrap","3"
"mixed__C__64","mixed","C","item","core:muster_roll","1"
"mixed__C__64","mixed","C","item","core:return_path_knot","3"
"mixed__C__64","mixed","C","item","core:root_binding_cord","6"
"mixed__C__64","mixed","C","item","core:scaffold_step","2"
"mixed__C__64","mixed","C","item","core:seed_pouch_lining","3"
"mixed__C__64","mixed","C","item","core:wind_seed_flag","6"
"mixed__C__64","mixed","C","evolution","core:sowing_sworddance","1"
"mixed__C__65","mixed","C","equipment","core:ember_wand","1"
"mixed__C__65","mixed","C","equipment","core:harvest_scythe","1"
"mixed__C__65","mixed","C","equipment","core:iron_blade","1"
"mixed__C__65","mixed","C","equipment","core:ward_orbit","1"
"mixed__C__65","mixed","C","equipment","core:carpenter_hammer","1"
"mixed__C__65","mixed","C","equipment","core:hedge_drum","1"
"mixed__C__65","mixed","C","equipment","core:muster_horn","1"
"mixed__C__65","mixed","C","equipment","core:seed_bag","1"
"mixed__C__65","mixed","C","charter","core:guarded_harvest","18"
"mixed__C__65","mixed","C","charter","core:meal_oath","3"
"mixed__C__65","mixed","C","charter","core:rally_boundary","7"
"mixed__C__65","mixed","C","charter","core:repair_tithe","4"
"mixed__C__65","mixed","C","item","core:boundary_hinge","2"
"mixed__C__65","mixed","C","item","core:levy_bread_wrap","2"
"mixed__C__65","mixed","C","item","core:meadow_buckle","4"
"mixed__C__65","mixed","C","item","core:muster_roll","1"
"mixed__C__65","mixed","C","item","core:return_path_knot","1"
"mixed__C__65","mixed","C","item","core:root_binding_cord","4"
"mixed__C__65","mixed","C","item","core:seed_pouch_lining","4"
"mixed__C__65","mixed","C","item","core:shock_absorber_pad","1"
"mixed__C__65","mixed","C","item","core:wind_seed_flag","4"
"mixed__C__65","mixed","C","evolution","core:sheltered_sowing","1"
"mixed__C__65","mixed","C","evolution","core:sowing_sworddance","1"
"mixed__C__66","mixed","C","equipment","core:ember_wand","1"
"mixed__C__66","mixed","C","equipment","core:harvest_scythe","1"
"mixed__C__66","mixed","C","equipment","core:iron_blade","1"
"mixed__C__66","mixed","C","equipment","core:ward_orbit","1"
"mixed__C__66","mixed","C","equipment","core:muster_horn","1"
"mixed__C__66","mixed","C","equipment","core:seed_bag","1"
"mixed__C__66","mixed","C","charter","core:guarded_harvest","17"
"mixed__C__66","mixed","C","charter","core:meal_oath","8"
"mixed__C__66","mixed","C","charter","core:rally_boundary","10"
"mixed__C__66","mixed","C","item","core:levy_bread_wrap","5"
"mixed__C__66","mixed","C","item","core:meadow_buckle","3"
"mixed__C__66","mixed","C","item","core:muster_roll","3"
"mixed__C__66","mixed","C","item","core:return_path_knot","1"
"mixed__C__66","mixed","C","item","core:root_binding_cord","6"
"mixed__C__66","mixed","C","item","core:seed_pouch_lining","4"
"mixed__C__66","mixed","C","item","core:wind_seed_flag","2"
"mixed__C__66","mixed","C","evolution","core:sowing_sworddance","1"
"mixed__C__67","mixed","C","equipment","core:ember_wand","1"
"mixed__C__67","mixed","C","equipment","core:harvest_scythe","1"
"mixed__C__67","mixed","C","equipment","core:iron_blade","1"
"mixed__C__67","mixed","C","equipment","core:ward_orbit","1"
"mixed__C__67","mixed","C","equipment","core:carpenter_hammer","1"
"mixed__C__67","mixed","C","equipment","core:hedge_drum","1"
"mixed__C__67","mixed","C","equipment","core:muster_horn","1"
"mixed__C__67","mixed","C","equipment","core:seed_bag","1"
"mixed__C__67","mixed","C","charter","core:guarded_harvest","13"
"mixed__C__67","mixed","C","charter","core:meal_oath","5"
"mixed__C__67","mixed","C","charter","core:rally_boundary","8"
"mixed__C__67","mixed","C","charter","core:repair_tithe","8"
"mixed__C__67","mixed","C","item","core:boundary_hinge","5"
"mixed__C__67","mixed","C","item","core:joiner_square","2"
"mixed__C__67","mixed","C","item","core:levy_bread_wrap","1"
"mixed__C__67","mixed","C","item","core:meadow_buckle","3"
"mixed__C__67","mixed","C","item","core:muster_roll","2"
"mixed__C__67","mixed","C","item","core:return_path_knot","3"
"mixed__C__67","mixed","C","item","core:root_binding_cord","3"
"mixed__C__67","mixed","C","item","core:ruin_keystone","1"
"mixed__C__67","mixed","C","item","core:wind_seed_flag","3"
"mixed__C__67","mixed","C","evolution","core:sheltered_sowing","1"
"mixed__C__67","mixed","C","evolution","core:sowing_sworddance","1"
"mixed__C__68","mixed","C","equipment","core:ember_wand","1"
"mixed__C__68","mixed","C","equipment","core:harvest_scythe","1"
"mixed__C__68","mixed","C","equipment","core:iron_blade","1"
"mixed__C__68","mixed","C","equipment","core:ward_orbit","1"
"mixed__C__68","mixed","C","equipment","core:carpenter_hammer","1"
"mixed__C__68","mixed","C","equipment","core:hedge_drum","1"
"mixed__C__68","mixed","C","equipment","core:muster_horn","1"
"mixed__C__68","mixed","C","equipment","core:seed_bag","1"
"mixed__C__68","mixed","C","charter","core:guarded_harvest","19"
"mixed__C__68","mixed","C","charter","core:meal_oath","10"
"mixed__C__68","mixed","C","charter","core:rally_boundary","8"
"mixed__C__68","mixed","C","charter","core:repair_tithe","4"
"mixed__C__68","mixed","C","item","core:boundary_hinge","1"
"mixed__C__68","mixed","C","item","core:levy_bread_wrap","2"
"mixed__C__68","mixed","C","item","core:meadow_buckle","1"
"mixed__C__68","mixed","C","item","core:muster_roll","3"
"mixed__C__68","mixed","C","item","core:root_binding_cord","4"
"mixed__C__68","mixed","C","item","core:ruin_keystone","2"
"mixed__C__68","mixed","C","item","core:scaffold_step","2"
"mixed__C__68","mixed","C","item","core:seed_pouch_lining","3"
"mixed__C__68","mixed","C","item","core:shock_absorber_pad","2"
"mixed__C__68","mixed","C","item","core:wind_seed_flag","3"
"mixed__C__68","mixed","C","evolution","core:sheltered_sowing","1"
"mixed__C__68","mixed","C","evolution","core:sowing_sworddance","1"
"mixed__C__69","mixed","C","equipment","core:ember_wand","1"
"mixed__C__69","mixed","C","equipment","core:harvest_scythe","1"
"mixed__C__69","mixed","C","equipment","core:iron_blade","1"
"mixed__C__69","mixed","C","equipment","core:ward_orbit","1"
"mixed__C__69","mixed","C","equipment","core:muster_horn","1"
"mixed__C__69","mixed","C","equipment","core:seed_bag","1"
"mixed__C__69","mixed","C","charter","core:guarded_harvest","12"
"mixed__C__69","mixed","C","charter","core:meal_oath","9"
"mixed__C__69","mixed","C","charter","core:rally_boundary","8"
"mixed__C__69","mixed","C","item","core:levy_bread_wrap","2"
"mixed__C__69","mixed","C","item","core:meadow_buckle","3"
"mixed__C__69","mixed","C","item","core:return_path_knot","4"
"mixed__C__69","mixed","C","item","core:root_binding_cord","5"
"mixed__C__69","mixed","C","item","core:seed_pouch_lining","5"
"mixed__C__69","mixed","C","item","core:wind_seed_flag","4"
"mixed__C__69","mixed","C","evolution","core:sowing_sworddance","1"
"mixed__C__70","mixed","C","equipment","core:ember_wand","1"
"mixed__C__70","mixed","C","equipment","core:harvest_scythe","1"
"mixed__C__70","mixed","C","equipment","core:iron_blade","1"
"mixed__C__70","mixed","C","equipment","core:ward_orbit","1"
"mixed__C__70","mixed","C","equipment","core:carpenter_hammer","1"
"mixed__C__70","mixed","C","equipment","core:hedge_drum","1"
"mixed__C__70","mixed","C","equipment","core:muster_horn","1"
"mixed__C__70","mixed","C","equipment","core:seed_bag","1"
"mixed__C__70","mixed","C","charter","core:guarded_harvest","17"
"mixed__C__70","mixed","C","charter","core:meal_oath","11"
"mixed__C__70","mixed","C","charter","core:rally_boundary","15"
"mixed__C__70","mixed","C","charter","core:repair_tithe","6"
"mixed__C__70","mixed","C","item","core:boundary_hinge","1"
"mixed__C__70","mixed","C","item","core:levy_bread_wrap","7"
"mixed__C__70","mixed","C","item","core:meadow_buckle","1"
"mixed__C__70","mixed","C","item","core:muster_roll","3"
"mixed__C__70","mixed","C","item","core:root_binding_cord","1"
"mixed__C__70","mixed","C","item","core:ruin_keystone","3"
"mixed__C__70","mixed","C","item","core:scaffold_step","3"
"mixed__C__70","mixed","C","item","core:seed_pouch_lining","1"
"mixed__C__70","mixed","C","item","core:shock_absorber_pad","3"
"mixed__C__70","mixed","C","item","core:wind_seed_flag","1"
"mixed__C__70","mixed","C","evolution","core:sheltered_sowing","1"
"mixed__C__70","mixed","C","evolution","core:sowing_sworddance","1"
"mixed__C__71","mixed","C","equipment","core:ember_wand","1"
"mixed__C__71","mixed","C","equipment","core:harvest_scythe","1"
"mixed__C__71","mixed","C","equipment","core:iron_blade","1"
"mixed__C__71","mixed","C","equipment","core:ward_orbit","1"
"mixed__C__71","mixed","C","equipment","core:carpenter_hammer","1"
"mixed__C__71","mixed","C","equipment","core:hedge_drum","1"
"mixed__C__71","mixed","C","equipment","core:muster_horn","1"
"mixed__C__71","mixed","C","equipment","core:seed_bag","1"
"mixed__C__71","mixed","C","charter","core:guarded_harvest","5"
"mixed__C__71","mixed","C","charter","core:meal_oath","12"
"mixed__C__71","mixed","C","charter","core:rally_boundary","9"
"mixed__C__71","mixed","C","item","core:boundary_hinge","2"
"mixed__C__71","mixed","C","item","core:joiner_square","3"
"mixed__C__71","mixed","C","item","core:levy_bread_wrap","1"
"mixed__C__71","mixed","C","item","core:meadow_buckle","3"
"mixed__C__71","mixed","C","item","core:muster_roll","2"
"mixed__C__71","mixed","C","item","core:return_path_knot","1"
"mixed__C__71","mixed","C","item","core:root_binding_cord","2"
"mixed__C__71","mixed","C","item","core:ruin_keystone","2"
"mixed__C__71","mixed","C","item","core:scaffold_step","6"
"mixed__C__71","mixed","C","item","core:seed_pouch_lining","1"
"mixed__C__71","mixed","C","item","core:wind_seed_flag","1"
"mixed__C__71","mixed","C","evolution","core:sheltered_sowing","1"
"mixed__C__71","mixed","C","evolution","core:sowing_sworddance","1"
"mixed__C__72","mixed","C","equipment","core:ember_wand","1"
"mixed__C__72","mixed","C","equipment","core:harvest_scythe","1"
"mixed__C__72","mixed","C","equipment","core:iron_blade","1"
"mixed__C__72","mixed","C","equipment","core:ward_orbit","1"
"mixed__C__72","mixed","C","equipment","core:muster_horn","1"
"mixed__C__72","mixed","C","equipment","core:seed_bag","1"
"mixed__C__72","mixed","C","charter","core:guarded_harvest","11"
"mixed__C__72","mixed","C","charter","core:meal_oath","9"
"mixed__C__72","mixed","C","charter","core:rally_boundary","14"
"mixed__C__72","mixed","C","item","core:levy_bread_wrap","1"
"mixed__C__72","mixed","C","item","core:meadow_buckle","1"
"mixed__C__72","mixed","C","item","core:muster_roll","2"
"mixed__C__72","mixed","C","item","core:return_path_knot","3"
"mixed__C__72","mixed","C","item","core:root_binding_cord","4"
"mixed__C__72","mixed","C","item","core:seed_pouch_lining","4"
"mixed__C__72","mixed","C","item","core:wind_seed_flag","8"
"mixed__C__72","mixed","C","evolution","core:sowing_sworddance","1"
"mixed__C__73","mixed","C","equipment","core:ember_wand","1"
"mixed__C__73","mixed","C","equipment","core:harvest_scythe","1"
"mixed__C__73","mixed","C","equipment","core:iron_blade","1"
"mixed__C__73","mixed","C","equipment","core:ward_orbit","1"
"mixed__C__73","mixed","C","equipment","core:carpenter_hammer","1"
"mixed__C__73","mixed","C","equipment","core:hedge_drum","1"
"mixed__C__73","mixed","C","equipment","core:muster_horn","1"
"mixed__C__73","mixed","C","equipment","core:seed_bag","1"
"mixed__C__73","mixed","C","charter","core:guarded_harvest","9"
"mixed__C__73","mixed","C","charter","core:meal_oath","7"
"mixed__C__73","mixed","C","charter","core:rally_boundary","7"
"mixed__C__73","mixed","C","charter","core:repair_tithe","2"
"mixed__C__73","mixed","C","item","core:boundary_hinge","1"
"mixed__C__73","mixed","C","item","core:joiner_square","1"
"mixed__C__73","mixed","C","item","core:meadow_buckle","4"
"mixed__C__73","mixed","C","item","core:muster_roll","3"
"mixed__C__73","mixed","C","item","core:return_path_knot","1"
"mixed__C__73","mixed","C","item","core:root_binding_cord","4"
"mixed__C__73","mixed","C","item","core:ruin_keystone","4"
"mixed__C__73","mixed","C","item","core:scaffold_step","2"
"mixed__C__73","mixed","C","item","core:seed_pouch_lining","1"
"mixed__C__73","mixed","C","item","core:shock_absorber_pad","2"
"mixed__C__73","mixed","C","item","core:wind_seed_flag","1"
"mixed__C__73","mixed","C","evolution","core:sheltered_sowing","1"
"mixed__C__73","mixed","C","evolution","core:sowing_sworddance","1"
"random__A__42","random","A","equipment","core:ember_wand","1"
"random__A__42","random","A","equipment","core:harvest_scythe","1"
"random__A__42","random","A","equipment","core:iron_blade","1"
"random__A__42","random","A","equipment","core:ward_orbit","1"
"random__A__42","random","A","equipment","core:carpenter_hammer","1"
"random__A__42","random","A","equipment","core:hedge_drum","1"
"random__A__42","random","A","equipment","core:muster_horn","1"
"random__A__42","random","A","equipment","core:seed_bag","1"
"random__A__42","random","A","charter","core:guarded_harvest","11"
"random__A__42","random","A","charter","core:meal_oath","8"
"random__A__42","random","A","charter","core:rally_boundary","9"
"random__A__42","random","A","charter","core:repair_tithe","4"
"random__A__42","random","A","item","core:boundary_hinge","2"
"random__A__42","random","A","item","core:levy_bread_wrap","1"
"random__A__42","random","A","item","core:meadow_buckle","2"
"random__A__42","random","A","item","core:muster_roll","1"
"random__A__42","random","A","item","core:return_path_knot","3"
"random__A__42","random","A","item","core:root_binding_cord","1"
"random__A__42","random","A","item","core:ruin_keystone","4"
"random__A__42","random","A","item","core:scaffold_step","3"
"random__A__42","random","A","item","core:seed_pouch_lining","2"
"random__A__42","random","A","item","core:shock_absorber_pad","3"
"random__A__42","random","A","item","core:wind_seed_flag","2"
"random__A__42","random","A","evolution","core:sheltered_sowing","1"
"random__A__42","random","A","evolution","core:sowing_sworddance","1"
"random__A__43","random","A","equipment","core:ember_wand","1"
"random__A__43","random","A","equipment","core:harvest_scythe","1"
"random__A__43","random","A","equipment","core:iron_blade","1"
"random__A__43","random","A","equipment","core:ward_orbit","1"
"random__A__43","random","A","equipment","core:carpenter_hammer","1"
"random__A__43","random","A","equipment","core:hedge_drum","1"
"random__A__43","random","A","equipment","core:muster_horn","1"
"random__A__43","random","A","equipment","core:seed_bag","1"
"random__A__43","random","A","charter","core:guarded_harvest","11"
"random__A__43","random","A","charter","core:meal_oath","6"
"random__A__43","random","A","charter","core:rally_boundary","9"
"random__A__43","random","A","item","core:boundary_hinge","1"
"random__A__43","random","A","item","core:levy_bread_wrap","4"
"random__A__43","random","A","item","core:meadow_buckle","3"
"random__A__43","random","A","item","core:muster_roll","3"
"random__A__43","random","A","item","core:root_binding_cord","3"
"random__A__43","random","A","item","core:ruin_keystone","4"
"random__A__43","random","A","item","core:seed_pouch_lining","2"
"random__A__43","random","A","item","core:shock_absorber_pad","3"
"random__A__43","random","A","item","core:wind_seed_flag","1"
"random__A__43","random","A","evolution","core:sheltered_sowing","1"
"random__A__43","random","A","evolution","core:sowing_sworddance","1"
"random__A__44","random","A","equipment","core:ember_wand","1"
"random__A__44","random","A","equipment","core:harvest_scythe","1"
"random__A__44","random","A","equipment","core:iron_blade","1"
"random__A__44","random","A","equipment","core:ward_orbit","1"
"random__A__44","random","A","equipment","core:muster_horn","1"
"random__A__44","random","A","equipment","core:seed_bag","1"
"random__A__44","random","A","charter","core:guarded_harvest","5"
"random__A__44","random","A","charter","core:meal_oath","2"
"random__A__44","random","A","charter","core:rally_boundary","6"
"random__A__44","random","A","charter","core:repair_tithe","2"
"random__A__44","random","A","item","core:levy_bread_wrap","3"
"random__A__44","random","A","item","core:meadow_buckle","7"
"random__A__44","random","A","item","core:muster_roll","1"
"random__A__44","random","A","item","core:return_path_knot","3"
"random__A__44","random","A","item","core:root_binding_cord","2"
"random__A__44","random","A","item","core:seed_pouch_lining","7"
"random__A__44","random","A","item","core:wind_seed_flag","1"
"random__A__44","random","A","evolution","core:sowing_sworddance","1"
"random__A__45","random","A","equipment","core:ember_wand","1"
"random__A__45","random","A","equipment","core:harvest_scythe","1"
"random__A__45","random","A","equipment","core:iron_blade","1"
"random__A__45","random","A","equipment","core:ward_orbit","1"
"random__A__45","random","A","equipment","core:carpenter_hammer","1"
"random__A__45","random","A","equipment","core:hedge_drum","1"
"random__A__45","random","A","equipment","core:muster_horn","1"
"random__A__45","random","A","equipment","core:seed_bag","1"
"random__A__45","random","A","charter","core:guarded_harvest","16"
"random__A__45","random","A","charter","core:meal_oath","4"
"random__A__45","random","A","charter","core:rally_boundary","4"
"random__A__45","random","A","item","core:joiner_square","1"
"random__A__45","random","A","item","core:levy_bread_wrap","3"
"random__A__45","random","A","item","core:meadow_buckle","2"
"random__A__45","random","A","item","core:muster_roll","4"
"random__A__45","random","A","item","core:return_path_knot","3"
"random__A__45","random","A","item","core:root_binding_cord","2"
"random__A__45","random","A","item","core:scaffold_step","1"
"random__A__45","random","A","item","core:seed_pouch_lining","2"
"random__A__45","random","A","item","core:shock_absorber_pad","4"
"random__A__45","random","A","item","core:wind_seed_flag","2"
"random__A__45","random","A","evolution","core:sheltered_sowing","1"
"random__A__45","random","A","evolution","core:sowing_sworddance","1"
"random__A__46","random","A","equipment","core:ember_wand","1"
"random__A__46","random","A","equipment","core:harvest_scythe","1"
"random__A__46","random","A","equipment","core:iron_blade","1"
"random__A__46","random","A","equipment","core:ward_orbit","1"
"random__A__46","random","A","equipment","core:hedge_drum","1"
"random__A__46","random","A","equipment","core:muster_horn","1"
"random__A__46","random","A","equipment","core:seed_bag","1"
"random__A__46","random","A","charter","core:guarded_harvest","6"
"random__A__46","random","A","charter","core:meal_oath","2"
"random__A__46","random","A","charter","core:rally_boundary","11"
"random__A__46","random","A","item","core:joiner_square","5"
"random__A__46","random","A","item","core:levy_bread_wrap","2"
"random__A__46","random","A","item","core:meadow_buckle","4"
"random__A__46","random","A","item","core:muster_roll","3"
"random__A__46","random","A","item","core:return_path_knot","2"
"random__A__46","random","A","item","core:root_binding_cord","3"
"random__A__46","random","A","item","core:seed_pouch_lining","3"
"random__A__46","random","A","item","core:wind_seed_flag","2"
"random__A__46","random","A","evolution","core:sowing_sworddance","1"
"random__A__47","random","A","equipment","core:ember_wand","1"
"random__A__47","random","A","equipment","core:harvest_scythe","1"
"random__A__47","random","A","equipment","core:iron_blade","1"
"random__A__47","random","A","equipment","core:ward_orbit","1"
"random__A__47","random","A","equipment","core:carpenter_hammer","1"
"random__A__47","random","A","equipment","core:hedge_drum","1"
"random__A__47","random","A","equipment","core:muster_horn","1"
"random__A__47","random","A","equipment","core:seed_bag","1"
"random__A__47","random","A","charter","core:guarded_harvest","8"
"random__A__47","random","A","charter","core:meal_oath","10"
"random__A__47","random","A","charter","core:rally_boundary","6"
"random__A__47","random","A","charter","core:repair_tithe","6"
"random__A__47","random","A","item","core:boundary_hinge","3"
"random__A__47","random","A","item","core:joiner_square","3"
"random__A__47","random","A","item","core:meadow_buckle","3"
"random__A__47","random","A","item","core:muster_roll","2"
"random__A__47","random","A","item","core:return_path_knot","2"
"random__A__47","random","A","item","core:root_binding_cord","1"
"random__A__47","random","A","item","core:ruin_keystone","2"
"random__A__47","random","A","item","core:scaffold_step","2"
"random__A__47","random","A","item","core:seed_pouch_lining","3"
"random__A__47","random","A","item","core:shock_absorber_pad","3"
"random__A__47","random","A","evolution","core:sheltered_sowing","1"
"random__A__47","random","A","evolution","core:sowing_sworddance","1"
"random__A__48","random","A","equipment","core:ember_wand","1"
"random__A__48","random","A","equipment","core:harvest_scythe","1"
"random__A__48","random","A","equipment","core:iron_blade","1"
"random__A__48","random","A","equipment","core:ward_orbit","1"
"random__A__48","random","A","equipment","core:carpenter_hammer","1"
"random__A__48","random","A","equipment","core:hedge_drum","1"
"random__A__48","random","A","equipment","core:muster_horn","1"
"random__A__48","random","A","equipment","core:seed_bag","1"
"random__A__48","random","A","charter","core:guarded_harvest","10"
"random__A__48","random","A","charter","core:meal_oath","5"
"random__A__48","random","A","charter","core:rally_boundary","6"
"random__A__48","random","A","charter","core:repair_tithe","8"
"random__A__48","random","A","item","core:boundary_hinge","1"
"random__A__48","random","A","item","core:joiner_square","3"
"random__A__48","random","A","item","core:levy_bread_wrap","2"
"random__A__48","random","A","item","core:meadow_buckle","3"
"random__A__48","random","A","item","core:return_path_knot","4"
"random__A__48","random","A","item","core:root_binding_cord","2"
"random__A__48","random","A","item","core:ruin_keystone","1"
"random__A__48","random","A","item","core:scaffold_step","3"
"random__A__48","random","A","item","core:seed_pouch_lining","3"
"random__A__48","random","A","item","core:shock_absorber_pad","1"
"random__A__48","random","A","item","core:wind_seed_flag","1"
"random__A__48","random","A","evolution","core:sheltered_sowing","1"
"random__A__48","random","A","evolution","core:sowing_sworddance","1"
"random__A__49","random","A","equipment","core:ember_wand","1"
"random__A__49","random","A","equipment","core:harvest_scythe","1"
"random__A__49","random","A","equipment","core:iron_blade","1"
"random__A__49","random","A","equipment","core:ward_orbit","1"
"random__A__49","random","A","equipment","core:carpenter_hammer","1"
"random__A__49","random","A","equipment","core:hedge_drum","1"
"random__A__49","random","A","equipment","core:muster_horn","1"
"random__A__49","random","A","equipment","core:seed_bag","1"
"random__A__49","random","A","charter","core:guarded_harvest","17"
"random__A__49","random","A","charter","core:meal_oath","2"
"random__A__49","random","A","charter","core:rally_boundary","9"
"random__A__49","random","A","charter","core:repair_tithe","6"
"random__A__49","random","A","item","core:joiner_square","1"
"random__A__49","random","A","item","core:levy_bread_wrap","4"
"random__A__49","random","A","item","core:meadow_buckle","2"
"random__A__49","random","A","item","core:muster_roll","2"
"random__A__49","random","A","item","core:return_path_knot","1"
"random__A__49","random","A","item","core:root_binding_cord","5"
"random__A__49","random","A","item","core:scaffold_step","2"
"random__A__49","random","A","item","core:seed_pouch_lining","3"
"random__A__49","random","A","item","core:wind_seed_flag","4"
"random__A__49","random","A","evolution","core:sheltered_sowing","1"
"random__A__49","random","A","evolution","core:sowing_sworddance","1"
"random__A__50","random","A","equipment","core:ember_wand","1"
"random__A__50","random","A","equipment","core:harvest_scythe","1"
"random__A__50","random","A","equipment","core:iron_blade","1"
"random__A__50","random","A","equipment","core:ward_orbit","1"
"random__A__50","random","A","equipment","core:muster_horn","1"
"random__A__50","random","A","equipment","core:seed_bag","1"
"random__A__50","random","A","charter","core:guarded_harvest","17"
"random__A__50","random","A","charter","core:meal_oath","3"
"random__A__50","random","A","charter","core:rally_boundary","6"
"random__A__50","random","A","charter","core:repair_tithe","2"
"random__A__50","random","A","item","core:levy_bread_wrap","1"
"random__A__50","random","A","item","core:meadow_buckle","2"
"random__A__50","random","A","item","core:muster_roll","3"
"random__A__50","random","A","item","core:return_path_knot","2"
"random__A__50","random","A","item","core:root_binding_cord","3"
"random__A__50","random","A","item","core:seed_pouch_lining","7"
"random__A__50","random","A","item","core:wind_seed_flag","6"
"random__A__50","random","A","evolution","core:sowing_sworddance","1"
"random__A__51","random","A","equipment","core:ember_wand","1"
"random__A__51","random","A","equipment","core:harvest_scythe","1"
"random__A__51","random","A","equipment","core:iron_blade","1"
"random__A__51","random","A","equipment","core:ward_orbit","1"
"random__A__51","random","A","equipment","core:carpenter_hammer","1"
"random__A__51","random","A","equipment","core:hedge_drum","1"
"random__A__51","random","A","equipment","core:muster_horn","1"
"random__A__51","random","A","equipment","core:seed_bag","1"
"random__A__51","random","A","charter","core:guarded_harvest","13"
"random__A__51","random","A","charter","core:meal_oath","1"
"random__A__51","random","A","charter","core:rally_boundary","4"
"random__A__51","random","A","charter","core:repair_tithe","8"
"random__A__51","random","A","item","core:joiner_square","3"
"random__A__51","random","A","item","core:levy_bread_wrap","1"
"random__A__51","random","A","item","core:meadow_buckle","2"
"random__A__51","random","A","item","core:muster_roll","4"
"random__A__51","random","A","item","core:return_path_knot","5"
"random__A__51","random","A","item","core:root_binding_cord","3"
"random__A__51","random","A","item","core:scaffold_step","1"
"random__A__51","random","A","item","core:seed_pouch_lining","1"
"random__A__51","random","A","item","core:shock_absorber_pad","1"
"random__A__51","random","A","item","core:wind_seed_flag","2"
"random__A__51","random","A","evolution","core:sheltered_sowing","1"
"random__A__51","random","A","evolution","core:sowing_sworddance","1"
"random__A__52","random","A","equipment","core:ember_wand","1"
"random__A__52","random","A","equipment","core:harvest_scythe","1"
"random__A__52","random","A","equipment","core:iron_blade","1"
"random__A__52","random","A","equipment","core:ward_orbit","1"
"random__A__52","random","A","equipment","core:hedge_drum","1"
"random__A__52","random","A","equipment","core:muster_horn","1"
"random__A__52","random","A","equipment","core:seed_bag","1"
"random__A__52","random","A","charter","core:guarded_harvest","15"
"random__A__52","random","A","charter","core:meal_oath","4"
"random__A__52","random","A","charter","core:rally_boundary","4"
"random__A__52","random","A","charter","core:repair_tithe","2"
"random__A__52","random","A","item","core:levy_bread_wrap","4"
"random__A__52","random","A","item","core:meadow_buckle","2"
"random__A__52","random","A","item","core:muster_roll","3"
"random__A__52","random","A","item","core:return_path_knot","2"
"random__A__52","random","A","item","core:root_binding_cord","4"
"random__A__52","random","A","item","core:scaffold_step","5"
"random__A__52","random","A","item","core:seed_pouch_lining","4"
"random__A__52","random","A","evolution","core:sowing_sworddance","1"
"random__A__53","random","A","equipment","core:ember_wand","1"
"random__A__53","random","A","equipment","core:harvest_scythe","1"
"random__A__53","random","A","equipment","core:iron_blade","1"
"random__A__53","random","A","equipment","core:ward_orbit","1"
"random__A__53","random","A","equipment","core:carpenter_hammer","1"
"random__A__53","random","A","equipment","core:hedge_drum","1"
"random__A__53","random","A","equipment","core:muster_horn","1"
"random__A__53","random","A","equipment","core:seed_bag","1"
"random__A__53","random","A","charter","core:guarded_harvest","11"
"random__A__53","random","A","charter","core:meal_oath","2"
"random__A__53","random","A","charter","core:rally_boundary","8"
"random__A__53","random","A","charter","core:repair_tithe","3"
"random__A__53","random","A","item","core:boundary_hinge","2"
"random__A__53","random","A","item","core:joiner_square","1"
"random__A__53","random","A","item","core:levy_bread_wrap","4"
"random__A__53","random","A","item","core:meadow_buckle","4"
"random__A__53","random","A","item","core:return_path_knot","4"
"random__A__53","random","A","item","core:root_binding_cord","4"
"random__A__53","random","A","item","core:scaffold_step","3"
"random__A__53","random","A","item","core:seed_pouch_lining","1"
"random__A__53","random","A","item","core:wind_seed_flag","1"
"random__A__53","random","A","evolution","core:sheltered_sowing","1"
"random__A__53","random","A","evolution","core:sowing_sworddance","1"
"random__A__54","random","A","equipment","core:ember_wand","1"
"random__A__54","random","A","equipment","core:harvest_scythe","1"
"random__A__54","random","A","equipment","core:iron_blade","1"
"random__A__54","random","A","equipment","core:ward_orbit","1"
"random__A__54","random","A","equipment","core:muster_horn","1"
"random__A__54","random","A","equipment","core:seed_bag","1"
"random__A__54","random","A","charter","core:guarded_harvest","7"
"random__A__54","random","A","charter","core:meal_oath","7"
"random__A__54","random","A","charter","core:rally_boundary","7"
"random__A__54","random","A","item","core:levy_bread_wrap","3"
"random__A__54","random","A","item","core:meadow_buckle","3"
"random__A__54","random","A","item","core:muster_roll","4"
"random__A__54","random","A","item","core:return_path_knot","8"
"random__A__54","random","A","item","core:root_binding_cord","3"
"random__A__54","random","A","item","core:seed_pouch_lining","2"
"random__A__54","random","A","item","core:wind_seed_flag","1"
"random__A__54","random","A","evolution","core:sowing_sworddance","1"
"random__A__55","random","A","equipment","core:ember_wand","1"
"random__A__55","random","A","equipment","core:harvest_scythe","1"
"random__A__55","random","A","equipment","core:iron_blade","1"
"random__A__55","random","A","equipment","core:ward_orbit","1"
"random__A__55","random","A","equipment","core:muster_horn","1"
"random__A__55","random","A","equipment","core:seed_bag","1"
"random__A__55","random","A","charter","core:guarded_harvest","14"
"random__A__55","random","A","charter","core:meal_oath","4"
"random__A__55","random","A","charter","core:rally_boundary","7"
"random__A__55","random","A","item","core:levy_bread_wrap","3"
"random__A__55","random","A","item","core:meadow_buckle","2"
"random__A__55","random","A","item","core:muster_roll","2"
"random__A__55","random","A","item","core:return_path_knot","5"
"random__A__55","random","A","item","core:root_binding_cord","2"
"random__A__55","random","A","item","core:seed_pouch_lining","5"
"random__A__55","random","A","item","core:wind_seed_flag","5"
"random__A__55","random","A","evolution","core:sowing_sworddance","1"
"random__A__56","random","A","equipment","core:ember_wand","1"
"random__A__56","random","A","equipment","core:harvest_scythe","1"
"random__A__56","random","A","equipment","core:iron_blade","1"
"random__A__56","random","A","equipment","core:ward_orbit","1"
"random__A__56","random","A","equipment","core:carpenter_hammer","1"
"random__A__56","random","A","equipment","core:hedge_drum","1"
"random__A__56","random","A","equipment","core:muster_horn","1"
"random__A__56","random","A","equipment","core:seed_bag","1"
"random__A__56","random","A","charter","core:guarded_harvest","8"
"random__A__56","random","A","charter","core:meal_oath","5"
"random__A__56","random","A","charter","core:rally_boundary","8"
"random__A__56","random","A","charter","core:repair_tithe","4"
"random__A__56","random","A","item","core:boundary_hinge","2"
"random__A__56","random","A","item","core:joiner_square","2"
"random__A__56","random","A","item","core:levy_bread_wrap","1"
"random__A__56","random","A","item","core:meadow_buckle","7"
"random__A__56","random","A","item","core:muster_roll","3"
"random__A__56","random","A","item","core:return_path_knot","2"
"random__A__56","random","A","item","core:root_binding_cord","1"
"random__A__56","random","A","item","core:ruin_keystone","1"
"random__A__56","random","A","item","core:seed_pouch_lining","1"
"random__A__56","random","A","item","core:shock_absorber_pad","2"
"random__A__56","random","A","item","core:wind_seed_flag","1"
"random__A__56","random","A","evolution","core:sheltered_sowing","1"
"random__A__56","random","A","evolution","core:sowing_sworddance","1"
"random__A__57","random","A","equipment","core:ember_wand","1"
"random__A__57","random","A","equipment","core:harvest_scythe","1"
"random__A__57","random","A","equipment","core:iron_blade","1"
"random__A__57","random","A","equipment","core:ward_orbit","1"
"random__A__57","random","A","equipment","core:carpenter_hammer","1"
"random__A__57","random","A","equipment","core:hedge_drum","1"
"random__A__57","random","A","equipment","core:muster_horn","1"
"random__A__57","random","A","equipment","core:seed_bag","1"
"random__A__57","random","A","charter","core:guarded_harvest","17"
"random__A__57","random","A","charter","core:meal_oath","2"
"random__A__57","random","A","charter","core:rally_boundary","4"
"random__A__57","random","A","charter","core:repair_tithe","5"
"random__A__57","random","A","item","core:boundary_hinge","2"
"random__A__57","random","A","item","core:joiner_square","2"
"random__A__57","random","A","item","core:levy_bread_wrap","2"
"random__A__57","random","A","item","core:meadow_buckle","3"
"random__A__57","random","A","item","core:muster_roll","1"
"random__A__57","random","A","item","core:return_path_knot","2"
"random__A__57","random","A","item","core:root_binding_cord","3"
"random__A__57","random","A","item","core:ruin_keystone","4"
"random__A__57","random","A","item","core:shock_absorber_pad","4"
"random__A__57","random","A","evolution","core:sheltered_sowing","1"
"random__A__57","random","A","evolution","core:sowing_sworddance","1"
"random__A__58","random","A","equipment","core:ember_wand","1"
"random__A__58","random","A","equipment","core:harvest_scythe","1"
"random__A__58","random","A","equipment","core:iron_blade","1"
"random__A__58","random","A","equipment","core:ward_orbit","1"
"random__A__58","random","A","equipment","core:muster_horn","1"
"random__A__58","random","A","equipment","core:seed_bag","1"
"random__A__58","random","A","charter","core:guarded_harvest","14"
"random__A__58","random","A","charter","core:meal_oath","10"
"random__A__58","random","A","charter","core:rally_boundary","8"
"random__A__58","random","A","item","core:levy_bread_wrap","3"
"random__A__58","random","A","item","core:meadow_buckle","3"
"random__A__58","random","A","item","core:muster_roll","3"
"random__A__58","random","A","item","core:return_path_knot","4"
"random__A__58","random","A","item","core:root_binding_cord","1"
"random__A__58","random","A","item","core:seed_pouch_lining","6"
"random__A__58","random","A","item","core:wind_seed_flag","4"
"random__A__58","random","A","evolution","core:sowing_sworddance","1"
"random__A__59","random","A","equipment","core:ember_wand","1"
"random__A__59","random","A","equipment","core:harvest_scythe","1"
"random__A__59","random","A","equipment","core:iron_blade","1"
"random__A__59","random","A","equipment","core:ward_orbit","1"
"random__A__59","random","A","equipment","core:muster_horn","1"
"random__A__59","random","A","equipment","core:seed_bag","1"
"random__A__59","random","A","charter","core:guarded_harvest","7"
"random__A__59","random","A","charter","core:meal_oath","5"
"random__A__59","random","A","charter","core:rally_boundary","1"
"random__A__59","random","A","item","core:levy_bread_wrap","6"
"random__A__59","random","A","item","core:meadow_buckle","1"
"random__A__59","random","A","item","core:muster_roll","1"
"random__A__59","random","A","item","core:return_path_knot","8"
"random__A__59","random","A","item","core:root_binding_cord","3"
"random__A__59","random","A","item","core:seed_pouch_lining","1"
"random__A__59","random","A","item","core:wind_seed_flag","4"
"random__A__59","random","A","evolution","core:sowing_sworddance","1"
"random__A__60","random","A","equipment","core:ember_wand","1"
"random__A__60","random","A","equipment","core:harvest_scythe","1"
"random__A__60","random","A","equipment","core:iron_blade","1"
"random__A__60","random","A","equipment","core:ward_orbit","1"
"random__A__60","random","A","equipment","core:carpenter_hammer","1"
"random__A__60","random","A","equipment","core:hedge_drum","1"
"random__A__60","random","A","equipment","core:muster_horn","1"
"random__A__60","random","A","equipment","core:seed_bag","1"
"random__A__60","random","A","charter","core:guarded_harvest","9"
"random__A__60","random","A","charter","core:meal_oath","6"
"random__A__60","random","A","charter","core:rally_boundary","6"
"random__A__60","random","A","charter","core:repair_tithe","8"
"random__A__60","random","A","item","core:boundary_hinge","4"
"random__A__60","random","A","item","core:joiner_square","1"
"random__A__60","random","A","item","core:levy_bread_wrap","3"
"random__A__60","random","A","item","core:meadow_buckle","1"
"random__A__60","random","A","item","core:return_path_knot","3"
"random__A__60","random","A","item","core:root_binding_cord","4"
"random__A__60","random","A","item","core:ruin_keystone","1"
"random__A__60","random","A","item","core:scaffold_step","3"
"random__A__60","random","A","item","core:seed_pouch_lining","1"
"random__A__60","random","A","item","core:shock_absorber_pad","1"
"random__A__60","random","A","item","core:wind_seed_flag","2"
"random__A__60","random","A","evolution","core:sheltered_sowing","1"
"random__A__60","random","A","evolution","core:sowing_sworddance","1"
"random__A__61","random","A","equipment","core:ember_wand","1"
"random__A__61","random","A","equipment","core:harvest_scythe","1"
"random__A__61","random","A","equipment","core:iron_blade","1"
"random__A__61","random","A","equipment","core:ward_orbit","1"
"random__A__61","random","A","equipment","core:carpenter_hammer","1"
"random__A__61","random","A","equipment","core:hedge_drum","1"
"random__A__61","random","A","equipment","core:muster_horn","1"
"random__A__61","random","A","equipment","core:seed_bag","1"
"random__A__61","random","A","charter","core:guarded_harvest","13"
"random__A__61","random","A","charter","core:meal_oath","6"
"random__A__61","random","A","charter","core:rally_boundary","1"
"random__A__61","random","A","item","core:joiner_square","1"
"random__A__61","random","A","item","core:levy_bread_wrap","2"
"random__A__61","random","A","item","core:meadow_buckle","4"
"random__A__61","random","A","item","core:muster_roll","2"
"random__A__61","random","A","item","core:return_path_knot","2"
"random__A__61","random","A","item","core:root_binding_cord","3"
"random__A__61","random","A","item","core:ruin_keystone","2"
"random__A__61","random","A","item","core:seed_pouch_lining","5"
"random__A__61","random","A","item","core:wind_seed_flag","3"
"random__A__61","random","A","evolution","core:sheltered_sowing","1"
"random__A__61","random","A","evolution","core:sowing_sworddance","1"
"random__A__62","random","A","equipment","core:ember_wand","1"
"random__A__62","random","A","equipment","core:harvest_scythe","1"
"random__A__62","random","A","equipment","core:iron_blade","1"
"random__A__62","random","A","equipment","core:ward_orbit","1"
"random__A__62","random","A","equipment","core:carpenter_hammer","1"
"random__A__62","random","A","equipment","core:hedge_drum","1"
"random__A__62","random","A","equipment","core:muster_horn","1"
"random__A__62","random","A","equipment","core:seed_bag","1"
"random__A__62","random","A","charter","core:guarded_harvest","7"
"random__A__62","random","A","charter","core:meal_oath","2"
"random__A__62","random","A","charter","core:rally_boundary","4"
"random__A__62","random","A","charter","core:repair_tithe","8"
"random__A__62","random","A","item","core:boundary_hinge","2"
"random__A__62","random","A","item","core:joiner_square","2"
"random__A__62","random","A","item","core:levy_bread_wrap","2"
"random__A__62","random","A","item","core:meadow_buckle","3"
"random__A__62","random","A","item","core:muster_roll","3"
"random__A__62","random","A","item","core:root_binding_cord","3"
"random__A__62","random","A","item","core:ruin_keystone","1"
"random__A__62","random","A","item","core:scaffold_step","1"
"random__A__62","random","A","item","core:seed_pouch_lining","2"
"random__A__62","random","A","item","core:shock_absorber_pad","1"
"random__A__62","random","A","item","core:wind_seed_flag","4"
"random__A__62","random","A","evolution","core:sheltered_sowing","1"
"random__A__62","random","A","evolution","core:sowing_sworddance","1"
"random__A__63","random","A","equipment","core:ember_wand","1"
"random__A__63","random","A","equipment","core:harvest_scythe","1"
"random__A__63","random","A","equipment","core:iron_blade","1"
"random__A__63","random","A","equipment","core:ward_orbit","1"
"random__A__63","random","A","equipment","core:muster_horn","1"
"random__A__63","random","A","equipment","core:seed_bag","1"
"random__A__63","random","A","charter","core:guarded_harvest","7"
"random__A__63","random","A","charter","core:meal_oath","3"
"random__A__63","random","A","charter","core:rally_boundary","8"
"random__A__63","random","A","charter","core:repair_tithe","1"
"random__A__63","random","A","item","core:levy_bread_wrap","2"
"random__A__63","random","A","item","core:meadow_buckle","2"
"random__A__63","random","A","item","core:muster_roll","2"
"random__A__63","random","A","item","core:return_path_knot","3"
"random__A__63","random","A","item","core:root_binding_cord","3"
"random__A__63","random","A","item","core:seed_pouch_lining","5"
"random__A__63","random","A","item","core:wind_seed_flag","7"
"random__A__63","random","A","evolution","core:sowing_sworddance","1"
"random__A__64","random","A","equipment","core:ember_wand","1"
"random__A__64","random","A","equipment","core:harvest_scythe","1"
"random__A__64","random","A","equipment","core:iron_blade","1"
"random__A__64","random","A","equipment","core:ward_orbit","1"
"random__A__64","random","A","equipment","core:carpenter_hammer","1"
"random__A__64","random","A","equipment","core:hedge_drum","1"
"random__A__64","random","A","equipment","core:muster_horn","1"
"random__A__64","random","A","equipment","core:seed_bag","1"
"random__A__64","random","A","charter","core:guarded_harvest","11"
"random__A__64","random","A","charter","core:meal_oath","3"
"random__A__64","random","A","charter","core:rally_boundary","5"
"random__A__64","random","A","charter","core:repair_tithe","4"
"random__A__64","random","A","item","core:boundary_hinge","3"
"random__A__64","random","A","item","core:joiner_square","1"
"random__A__64","random","A","item","core:levy_bread_wrap","1"
"random__A__64","random","A","item","core:meadow_buckle","3"
"random__A__64","random","A","item","core:muster_roll","2"
"random__A__64","random","A","item","core:root_binding_cord","2"
"random__A__64","random","A","item","core:ruin_keystone","2"
"random__A__64","random","A","item","core:scaffold_step","1"
"random__A__64","random","A","item","core:seed_pouch_lining","3"
"random__A__64","random","A","item","core:shock_absorber_pad","2"
"random__A__64","random","A","item","core:wind_seed_flag","4"
"random__A__64","random","A","evolution","core:sheltered_sowing","1"
"random__A__64","random","A","evolution","core:sowing_sworddance","1"
"random__A__65","random","A","equipment","core:ember_wand","1"
"random__A__65","random","A","equipment","core:harvest_scythe","1"
"random__A__65","random","A","equipment","core:iron_blade","1"
"random__A__65","random","A","equipment","core:ward_orbit","1"
"random__A__65","random","A","equipment","core:carpenter_hammer","1"
"random__A__65","random","A","equipment","core:hedge_drum","1"
"random__A__65","random","A","equipment","core:muster_horn","1"
"random__A__65","random","A","equipment","core:seed_bag","1"
"random__A__65","random","A","charter","core:guarded_harvest","17"
"random__A__65","random","A","charter","core:meal_oath","2"
"random__A__65","random","A","charter","core:rally_boundary","5"
"random__A__65","random","A","charter","core:repair_tithe","2"
"random__A__65","random","A","item","core:boundary_hinge","2"
"random__A__65","random","A","item","core:joiner_square","2"
"random__A__65","random","A","item","core:levy_bread_wrap","2"
"random__A__65","random","A","item","core:meadow_buckle","2"
"random__A__65","random","A","item","core:muster_roll","2"
"random__A__65","random","A","item","core:return_path_knot","2"
"random__A__65","random","A","item","core:root_binding_cord","1"
"random__A__65","random","A","item","core:ruin_keystone","1"
"random__A__65","random","A","item","core:scaffold_step","4"
"random__A__65","random","A","item","core:seed_pouch_lining","2"
"random__A__65","random","A","item","core:shock_absorber_pad","1"
"random__A__65","random","A","item","core:wind_seed_flag","3"
"random__A__65","random","A","evolution","core:sheltered_sowing","1"
"random__A__65","random","A","evolution","core:sowing_sworddance","1"
"random__A__66","random","A","equipment","core:ember_wand","1"
"random__A__66","random","A","equipment","core:harvest_scythe","1"
"random__A__66","random","A","equipment","core:iron_blade","1"
"random__A__66","random","A","equipment","core:ward_orbit","1"
"random__A__66","random","A","equipment","core:muster_horn","1"
"random__A__66","random","A","equipment","core:seed_bag","1"
"random__A__66","random","A","charter","core:guarded_harvest","7"
"random__A__66","random","A","charter","core:meal_oath","2"
"random__A__66","random","A","charter","core:rally_boundary","3"
"random__A__66","random","A","charter","core:repair_tithe","1"
"random__A__66","random","A","item","core:levy_bread_wrap","2"
"random__A__66","random","A","item","core:meadow_buckle","5"
"random__A__66","random","A","item","core:muster_roll","1"
"random__A__66","random","A","item","core:return_path_knot","6"
"random__A__66","random","A","item","core:root_binding_cord","6"
"random__A__66","random","A","item","core:seed_pouch_lining","4"
"random__A__66","random","A","evolution","core:sowing_sworddance","1"
"random__A__67","random","A","equipment","core:ember_wand","1"
"random__A__67","random","A","equipment","core:harvest_scythe","1"
"random__A__67","random","A","equipment","core:iron_blade","1"
"random__A__67","random","A","equipment","core:ward_orbit","1"
"random__A__67","random","A","equipment","core:carpenter_hammer","1"
"random__A__67","random","A","equipment","core:hedge_drum","1"
"random__A__67","random","A","equipment","core:muster_horn","1"
"random__A__67","random","A","equipment","core:seed_bag","1"
"random__A__67","random","A","charter","core:guarded_harvest","13"
"random__A__67","random","A","charter","core:meal_oath","4"
"random__A__67","random","A","charter","core:rally_boundary","5"
"random__A__67","random","A","charter","core:repair_tithe","6"
"random__A__67","random","A","item","core:boundary_hinge","2"
"random__A__67","random","A","item","core:joiner_square","2"
"random__A__67","random","A","item","core:levy_bread_wrap","2"
"random__A__67","random","A","item","core:meadow_buckle","5"
"random__A__67","random","A","item","core:return_path_knot","3"
"random__A__67","random","A","item","core:root_binding_cord","2"
"random__A__67","random","A","item","core:ruin_keystone","1"
"random__A__67","random","A","item","core:scaffold_step","1"
"random__A__67","random","A","item","core:seed_pouch_lining","2"
"random__A__67","random","A","item","core:shock_absorber_pad","1"
"random__A__67","random","A","item","core:wind_seed_flag","3"
"random__A__67","random","A","evolution","core:sheltered_sowing","1"
"random__A__67","random","A","evolution","core:sowing_sworddance","1"
"random__A__68","random","A","equipment","core:ember_wand","1"
"random__A__68","random","A","equipment","core:harvest_scythe","1"
"random__A__68","random","A","equipment","core:iron_blade","1"
"random__A__68","random","A","equipment","core:ward_orbit","1"
"random__A__68","random","A","equipment","core:carpenter_hammer","1"
"random__A__68","random","A","equipment","core:hedge_drum","1"
"random__A__68","random","A","equipment","core:muster_horn","1"
"random__A__68","random","A","equipment","core:seed_bag","1"
"random__A__68","random","A","charter","core:guarded_harvest","9"
"random__A__68","random","A","charter","core:meal_oath","13"
"random__A__68","random","A","charter","core:rally_boundary","7"
"random__A__68","random","A","charter","core:repair_tithe","4"
"random__A__68","random","A","item","core:boundary_hinge","2"
"random__A__68","random","A","item","core:levy_bread_wrap","2"
"random__A__68","random","A","item","core:meadow_buckle","2"
"random__A__68","random","A","item","core:muster_roll","2"
"random__A__68","random","A","item","core:return_path_knot","2"
"random__A__68","random","A","item","core:root_binding_cord","1"
"random__A__68","random","A","item","core:ruin_keystone","1"
"random__A__68","random","A","item","core:scaffold_step","2"
"random__A__68","random","A","item","core:seed_pouch_lining","1"
"random__A__68","random","A","item","core:shock_absorber_pad","6"
"random__A__68","random","A","item","core:wind_seed_flag","3"
"random__A__68","random","A","evolution","core:sheltered_sowing","1"
"random__A__68","random","A","evolution","core:sowing_sworddance","1"
"random__A__69","random","A","equipment","core:ember_wand","1"
"random__A__69","random","A","equipment","core:harvest_scythe","1"
"random__A__69","random","A","equipment","core:iron_blade","1"
"random__A__69","random","A","equipment","core:ward_orbit","1"
"random__A__69","random","A","equipment","core:muster_horn","1"
"random__A__69","random","A","equipment","core:seed_bag","1"
"random__A__69","random","A","charter","core:guarded_harvest","12"
"random__A__69","random","A","charter","core:meal_oath","10"
"random__A__69","random","A","charter","core:rally_boundary","5"
"random__A__69","random","A","item","core:levy_bread_wrap","1"
"random__A__69","random","A","item","core:meadow_buckle","3"
"random__A__69","random","A","item","core:muster_roll","3"
"random__A__69","random","A","item","core:return_path_knot","1"
"random__A__69","random","A","item","core:root_binding_cord","4"
"random__A__69","random","A","item","core:seed_pouch_lining","8"
"random__A__69","random","A","item","core:wind_seed_flag","4"
"random__A__69","random","A","evolution","core:sowing_sworddance","1"
"random__A__70","random","A","equipment","core:ember_wand","1"
"random__A__70","random","A","equipment","core:harvest_scythe","1"
"random__A__70","random","A","equipment","core:iron_blade","1"
"random__A__70","random","A","equipment","core:ward_orbit","1"
"random__A__70","random","A","equipment","core:muster_horn","1"
"random__A__70","random","A","equipment","core:seed_bag","1"
"random__A__70","random","A","charter","core:guarded_harvest","12"
"random__A__70","random","A","charter","core:meal_oath","9"
"random__A__70","random","A","charter","core:rally_boundary","4"
"random__A__70","random","A","item","core:levy_bread_wrap","3"
"random__A__70","random","A","item","core:meadow_buckle","6"
"random__A__70","random","A","item","core:muster_roll","2"
"random__A__70","random","A","item","core:return_path_knot","1"
"random__A__70","random","A","item","core:root_binding_cord","7"
"random__A__70","random","A","item","core:seed_pouch_lining","4"
"random__A__70","random","A","item","core:wind_seed_flag","1"
"random__A__70","random","A","evolution","core:sowing_sworddance","1"
"random__A__71","random","A","equipment","core:ember_wand","1"
"random__A__71","random","A","equipment","core:harvest_scythe","1"
"random__A__71","random","A","equipment","core:iron_blade","1"
"random__A__71","random","A","equipment","core:ward_orbit","1"
"random__A__71","random","A","equipment","core:carpenter_hammer","1"
"random__A__71","random","A","equipment","core:hedge_drum","1"
"random__A__71","random","A","equipment","core:muster_horn","1"
"random__A__71","random","A","equipment","core:seed_bag","1"
"random__A__71","random","A","charter","core:guarded_harvest","11"
"random__A__71","random","A","charter","core:meal_oath","5"
"random__A__71","random","A","charter","core:rally_boundary","4"
"random__A__71","random","A","charter","core:repair_tithe","3"
"random__A__71","random","A","item","core:boundary_hinge","1"
"random__A__71","random","A","item","core:joiner_square","1"
"random__A__71","random","A","item","core:levy_bread_wrap","1"
"random__A__71","random","A","item","core:meadow_buckle","4"
"random__A__71","random","A","item","core:muster_roll","2"
"random__A__71","random","A","item","core:return_path_knot","1"
"random__A__71","random","A","item","core:root_binding_cord","4"
"random__A__71","random","A","item","core:ruin_keystone","3"
"random__A__71","random","A","item","core:scaffold_step","3"
"random__A__71","random","A","item","core:seed_pouch_lining","3"
"random__A__71","random","A","item","core:shock_absorber_pad","1"
"random__A__71","random","A","evolution","core:sheltered_sowing","1"
"random__A__71","random","A","evolution","core:sowing_sworddance","1"
"random__A__72","random","A","equipment","core:ember_wand","1"
"random__A__72","random","A","equipment","core:harvest_scythe","1"
"random__A__72","random","A","equipment","core:iron_blade","1"
"random__A__72","random","A","equipment","core:ward_orbit","1"
"random__A__72","random","A","equipment","core:carpenter_hammer","1"
"random__A__72","random","A","equipment","core:hedge_drum","1"
"random__A__72","random","A","equipment","core:muster_horn","1"
"random__A__72","random","A","equipment","core:seed_bag","1"
"random__A__72","random","A","charter","core:guarded_harvest","6"
"random__A__72","random","A","charter","core:meal_oath","11"
"random__A__72","random","A","charter","core:rally_boundary","5"
"random__A__72","random","A","charter","core:repair_tithe","4"
"random__A__72","random","A","item","core:joiner_square","2"
"random__A__72","random","A","item","core:levy_bread_wrap","4"
"random__A__72","random","A","item","core:muster_roll","1"
"random__A__72","random","A","item","core:return_path_knot","3"
"random__A__72","random","A","item","core:root_binding_cord","4"
"random__A__72","random","A","item","core:ruin_keystone","2"
"random__A__72","random","A","item","core:seed_pouch_lining","1"
"random__A__72","random","A","item","core:shock_absorber_pad","3"
"random__A__72","random","A","item","core:wind_seed_flag","4"
"random__A__72","random","A","evolution","core:sheltered_sowing","1"
"random__A__72","random","A","evolution","core:sowing_sworddance","1"
"random__A__73","random","A","equipment","core:ember_wand","1"
"random__A__73","random","A","equipment","core:harvest_scythe","1"
"random__A__73","random","A","equipment","core:iron_blade","1"
"random__A__73","random","A","equipment","core:ward_orbit","1"
"random__A__73","random","A","equipment","core:carpenter_hammer","1"
"random__A__73","random","A","equipment","core:hedge_drum","1"
"random__A__73","random","A","equipment","core:muster_horn","1"
"random__A__73","random","A","equipment","core:seed_bag","1"
"random__A__73","random","A","charter","core:guarded_harvest","10"
"random__A__73","random","A","charter","core:meal_oath","6"
"random__A__73","random","A","charter","core:rally_boundary","9"
"random__A__73","random","A","charter","core:repair_tithe","2"
"random__A__73","random","A","item","core:joiner_square","1"
"random__A__73","random","A","item","core:levy_bread_wrap","2"
"random__A__73","random","A","item","core:meadow_buckle","3"
"random__A__73","random","A","item","core:muster_roll","1"
"random__A__73","random","A","item","core:root_binding_cord","5"
"random__A__73","random","A","item","core:ruin_keystone","1"
"random__A__73","random","A","item","core:scaffold_step","2"
"random__A__73","random","A","item","core:seed_pouch_lining","4"
"random__A__73","random","A","item","core:shock_absorber_pad","4"
"random__A__73","random","A","item","core:wind_seed_flag","1"
"random__A__73","random","A","evolution","core:sheltered_sowing","1"
"random__A__73","random","A","evolution","core:sowing_sworddance","1"
"random__B__42","random","B","equipment","core:ember_wand","1"
"random__B__42","random","B","equipment","core:harvest_scythe","1"
"random__B__42","random","B","equipment","core:iron_blade","1"
"random__B__42","random","B","equipment","core:ward_orbit","1"
"random__B__42","random","B","equipment","core:carpenter_hammer","1"
"random__B__42","random","B","equipment","core:muster_horn","1"
"random__B__42","random","B","equipment","core:seed_bag","1"
"random__B__42","random","B","charter","core:guarded_harvest","11"
"random__B__42","random","B","charter","core:meal_oath","7"
"random__B__42","random","B","charter","core:rally_boundary","8"
"random__B__42","random","B","charter","core:repair_tithe","3"
"random__B__42","random","B","item","core:joiner_square","1"
"random__B__42","random","B","item","core:levy_bread_wrap","2"
"random__B__42","random","B","item","core:muster_roll","3"
"random__B__42","random","B","item","core:return_path_knot","3"
"random__B__42","random","B","item","core:root_binding_cord","1"
"random__B__42","random","B","item","core:ruin_keystone","1"
"random__B__42","random","B","item","core:scaffold_step","1"
"random__B__42","random","B","item","core:seed_pouch_lining","4"
"random__B__42","random","B","item","core:wind_seed_flag","6"
"random__B__42","random","B","evolution","core:sheltered_sowing","1"
"random__B__42","random","B","evolution","core:sowing_sworddance","1"
"random__B__43","random","B","equipment","core:ember_wand","1"
"random__B__43","random","B","equipment","core:harvest_scythe","1"
"random__B__43","random","B","equipment","core:iron_blade","1"
"random__B__43","random","B","equipment","core:ward_orbit","1"
"random__B__43","random","B","equipment","core:muster_horn","1"
"random__B__43","random","B","equipment","core:seed_bag","1"
"random__B__43","random","B","charter","core:guarded_harvest","21"
"random__B__43","random","B","charter","core:meal_oath","5"
"random__B__43","random","B","charter","core:rally_boundary","10"
"random__B__43","random","B","item","core:levy_bread_wrap","1"
"random__B__43","random","B","item","core:meadow_buckle","2"
"random__B__43","random","B","item","core:muster_roll","1"
"random__B__43","random","B","item","core:return_path_knot","2"
"random__B__43","random","B","item","core:root_binding_cord","5"
"random__B__43","random","B","item","core:seed_pouch_lining","5"
"random__B__43","random","B","item","core:wind_seed_flag","7"
"random__B__43","random","B","evolution","core:sowing_sworddance","1"
"random__B__44","random","B","equipment","core:ember_wand","1"
"random__B__44","random","B","equipment","core:harvest_scythe","1"
"random__B__44","random","B","equipment","core:iron_blade","1"
"random__B__44","random","B","equipment","core:ward_orbit","1"
"random__B__44","random","B","equipment","core:muster_horn","1"
"random__B__44","random","B","equipment","core:seed_bag","1"
"random__B__44","random","B","charter","core:guarded_harvest","8"
"random__B__44","random","B","charter","core:meal_oath","5"
"random__B__44","random","B","charter","core:rally_boundary","5"
"random__B__44","random","B","item","core:levy_bread_wrap","4"
"random__B__44","random","B","item","core:meadow_buckle","3"
"random__B__44","random","B","item","core:muster_roll","4"
"random__B__44","random","B","item","core:return_path_knot","3"
"random__B__44","random","B","item","core:root_binding_cord","4"
"random__B__44","random","B","item","core:seed_pouch_lining","4"
"random__B__44","random","B","item","core:wind_seed_flag","1"
"random__B__44","random","B","evolution","core:sowing_sworddance","1"
"random__B__45","random","B","equipment","core:ember_wand","1"
"random__B__45","random","B","equipment","core:harvest_scythe","1"
"random__B__45","random","B","equipment","core:iron_blade","1"
"random__B__45","random","B","equipment","core:ward_orbit","1"
"random__B__45","random","B","equipment","core:muster_horn","1"
"random__B__45","random","B","equipment","core:seed_bag","1"
"random__B__45","random","B","charter","core:guarded_harvest","12"
"random__B__45","random","B","charter","core:meal_oath","5"
"random__B__45","random","B","charter","core:rally_boundary","7"
"random__B__45","random","B","item","core:levy_bread_wrap","4"
"random__B__45","random","B","item","core:meadow_buckle","2"
"random__B__45","random","B","item","core:muster_roll","3"
"random__B__45","random","B","item","core:return_path_knot","4"
"random__B__45","random","B","item","core:root_binding_cord","3"
"random__B__45","random","B","item","core:seed_pouch_lining","2"
"random__B__45","random","B","item","core:wind_seed_flag","6"
"random__B__45","random","B","evolution","core:sowing_sworddance","1"
"random__B__46","random","B","equipment","core:ember_wand","1"
"random__B__46","random","B","equipment","core:harvest_scythe","1"
"random__B__46","random","B","equipment","core:iron_blade","1"
"random__B__46","random","B","equipment","core:ward_orbit","1"
"random__B__46","random","B","equipment","core:hedge_drum","1"
"random__B__46","random","B","equipment","core:muster_horn","1"
"random__B__46","random","B","equipment","core:seed_bag","1"
"random__B__46","random","B","charter","core:guarded_harvest","24"
"random__B__46","random","B","charter","core:meal_oath","10"
"random__B__46","random","B","charter","core:rally_boundary","3"
"random__B__46","random","B","charter","core:repair_tithe","1"
"random__B__46","random","B","item","core:boundary_hinge","1"
"random__B__46","random","B","item","core:joiner_square","2"
"random__B__46","random","B","item","core:levy_bread_wrap","2"
"random__B__46","random","B","item","core:meadow_buckle","5"
"random__B__46","random","B","item","core:muster_roll","4"
"random__B__46","random","B","item","core:return_path_knot","2"
"random__B__46","random","B","item","core:seed_pouch_lining","4"
"random__B__46","random","B","item","core:wind_seed_flag","1"
"random__B__46","random","B","evolution","core:sowing_sworddance","1"
"random__B__47","random","B","equipment","core:ember_wand","1"
"random__B__47","random","B","equipment","core:harvest_scythe","1"
"random__B__47","random","B","equipment","core:iron_blade","1"
"random__B__47","random","B","equipment","core:ward_orbit","1"
"random__B__47","random","B","equipment","core:carpenter_hammer","1"
"random__B__47","random","B","equipment","core:hedge_drum","1"
"random__B__47","random","B","equipment","core:muster_horn","1"
"random__B__47","random","B","equipment","core:seed_bag","1"
"random__B__47","random","B","charter","core:guarded_harvest","10"
"random__B__47","random","B","charter","core:meal_oath","4"
"random__B__47","random","B","charter","core:rally_boundary","3"
"random__B__47","random","B","charter","core:repair_tithe","5"
"random__B__47","random","B","item","core:boundary_hinge","4"
"random__B__47","random","B","item","core:joiner_square","5"
"random__B__47","random","B","item","core:levy_bread_wrap","3"
"random__B__47","random","B","item","core:meadow_buckle","2"
"random__B__47","random","B","item","core:muster_roll","1"
"random__B__47","random","B","item","core:return_path_knot","1"
"random__B__47","random","B","item","core:ruin_keystone","1"
"random__B__47","random","B","item","core:scaffold_step","1"
"random__B__47","random","B","item","core:seed_pouch_lining","2"
"random__B__47","random","B","item","core:shock_absorber_pad","2"
"random__B__47","random","B","item","core:wind_seed_flag","2"
"random__B__47","random","B","evolution","core:sheltered_sowing","1"
"random__B__47","random","B","evolution","core:sowing_sworddance","1"
"random__B__48","random","B","equipment","core:ember_wand","1"
"random__B__48","random","B","equipment","core:harvest_scythe","1"
"random__B__48","random","B","equipment","core:iron_blade","1"
"random__B__48","random","B","equipment","core:ward_orbit","1"
"random__B__48","random","B","equipment","core:carpenter_hammer","1"
"random__B__48","random","B","equipment","core:muster_horn","1"
"random__B__48","random","B","equipment","core:seed_bag","1"
"random__B__48","random","B","charter","core:guarded_harvest","15"
"random__B__48","random","B","charter","core:meal_oath","7"
"random__B__48","random","B","charter","core:rally_boundary","4"
"random__B__48","random","B","charter","core:repair_tithe","2"
"random__B__48","random","B","item","core:boundary_hinge","2"
"random__B__48","random","B","item","core:levy_bread_wrap","3"
"random__B__48","random","B","item","core:meadow_buckle","6"
"random__B__48","random","B","item","core:muster_roll","1"
"random__B__48","random","B","item","core:return_path_knot","2"
"random__B__48","random","B","item","core:seed_pouch_lining","4"
"random__B__48","random","B","item","core:wind_seed_flag","5"
"random__B__48","random","B","evolution","core:sheltered_sowing","1"
"random__B__48","random","B","evolution","core:sowing_sworddance","1"
"random__B__49","random","B","equipment","core:ember_wand","1"
"random__B__49","random","B","equipment","core:harvest_scythe","1"
"random__B__49","random","B","equipment","core:iron_blade","1"
"random__B__49","random","B","equipment","core:ward_orbit","1"
"random__B__49","random","B","equipment","core:hedge_drum","1"
"random__B__49","random","B","equipment","core:muster_horn","1"
"random__B__49","random","B","equipment","core:seed_bag","1"
"random__B__49","random","B","charter","core:guarded_harvest","9"
"random__B__49","random","B","charter","core:meal_oath","4"
"random__B__49","random","B","charter","core:rally_boundary","16"
"random__B__49","random","B","item","core:boundary_hinge","1"
"random__B__49","random","B","item","core:levy_bread_wrap","2"
"random__B__49","random","B","item","core:meadow_buckle","6"
"random__B__49","random","B","item","core:muster_roll","2"
"random__B__49","random","B","item","core:return_path_knot","2"
"random__B__49","random","B","item","core:root_binding_cord","7"
"random__B__49","random","B","item","core:seed_pouch_lining","2"
"random__B__49","random","B","item","core:wind_seed_flag","2"
"random__B__49","random","B","evolution","core:sowing_sworddance","1"
"random__B__50","random","B","equipment","core:ember_wand","1"
"random__B__50","random","B","equipment","core:harvest_scythe","1"
"random__B__50","random","B","equipment","core:iron_blade","1"
"random__B__50","random","B","equipment","core:ward_orbit","1"
"random__B__50","random","B","equipment","core:muster_horn","1"
"random__B__50","random","B","equipment","core:seed_bag","1"
"random__B__50","random","B","charter","core:guarded_harvest","15"
"random__B__50","random","B","charter","core:meal_oath","7"
"random__B__50","random","B","charter","core:rally_boundary","4"
"random__B__50","random","B","charter","core:repair_tithe","2"
"random__B__50","random","B","item","core:levy_bread_wrap","2"
"random__B__50","random","B","item","core:meadow_buckle","2"
"random__B__50","random","B","item","core:muster_roll","3"
"random__B__50","random","B","item","core:return_path_knot","2"
"random__B__50","random","B","item","core:root_binding_cord","3"
"random__B__50","random","B","item","core:seed_pouch_lining","7"
"random__B__50","random","B","item","core:wind_seed_flag","4"
"random__B__50","random","B","evolution","core:sowing_sworddance","1"
"random__B__51","random","B","equipment","core:ember_wand","1"
"random__B__51","random","B","equipment","core:harvest_scythe","1"
"random__B__51","random","B","equipment","core:iron_blade","1"
"random__B__51","random","B","equipment","core:ward_orbit","1"
"random__B__51","random","B","equipment","core:carpenter_hammer","1"
"random__B__51","random","B","equipment","core:hedge_drum","1"
"random__B__51","random","B","equipment","core:muster_horn","1"
"random__B__51","random","B","equipment","core:seed_bag","1"
"random__B__51","random","B","charter","core:guarded_harvest","19"
"random__B__51","random","B","charter","core:meal_oath","11"
"random__B__51","random","B","charter","core:rally_boundary","9"
"random__B__51","random","B","charter","core:repair_tithe","5"
"random__B__51","random","B","item","core:boundary_hinge","2"
"random__B__51","random","B","item","core:joiner_square","3"
"random__B__51","random","B","item","core:meadow_buckle","3"
"random__B__51","random","B","item","core:return_path_knot","1"
"random__B__51","random","B","item","core:root_binding_cord","3"
"random__B__51","random","B","item","core:ruin_keystone","1"
"random__B__51","random","B","item","core:scaffold_step","3"
"random__B__51","random","B","item","core:seed_pouch_lining","2"
"random__B__51","random","B","item","core:shock_absorber_pad","1"
"random__B__51","random","B","item","core:wind_seed_flag","5"
"random__B__51","random","B","evolution","core:sheltered_sowing","1"
"random__B__51","random","B","evolution","core:sowing_sworddance","1"
"random__B__52","random","B","equipment","core:ember_wand","1"
"random__B__52","random","B","equipment","core:harvest_scythe","1"
"random__B__52","random","B","equipment","core:iron_blade","1"
"random__B__52","random","B","equipment","core:ward_orbit","1"
"random__B__52","random","B","equipment","core:muster_horn","1"
"random__B__52","random","B","equipment","core:seed_bag","1"
"random__B__52","random","B","charter","core:guarded_harvest","15"
"random__B__52","random","B","charter","core:meal_oath","1"
"random__B__52","random","B","charter","core:rally_boundary","6"
"random__B__52","random","B","item","core:levy_bread_wrap","3"
"random__B__52","random","B","item","core:meadow_buckle","1"
"random__B__52","random","B","item","core:muster_roll","3"
"random__B__52","random","B","item","core:return_path_knot","3"
"random__B__52","random","B","item","core:root_binding_cord","7"
"random__B__52","random","B","item","core:seed_pouch_lining","3"
"random__B__52","random","B","item","core:wind_seed_flag","4"
"random__B__52","random","B","evolution","core:sowing_sworddance","1"
"random__B__53","random","B","equipment","core:ember_wand","1"
"random__B__53","random","B","equipment","core:harvest_scythe","1"
"random__B__53","random","B","equipment","core:iron_blade","1"
"random__B__53","random","B","equipment","core:ward_orbit","1"
"random__B__53","random","B","equipment","core:muster_horn","1"
"random__B__53","random","B","equipment","core:seed_bag","1"
"random__B__53","random","B","charter","core:guarded_harvest","15"
"random__B__53","random","B","charter","core:meal_oath","2"
"random__B__53","random","B","charter","core:rally_boundary","8"
"random__B__53","random","B","charter","core:repair_tithe","2"
"random__B__53","random","B","item","core:levy_bread_wrap","5"
"random__B__53","random","B","item","core:muster_roll","2"
"random__B__53","random","B","item","core:return_path_knot","3"
"random__B__53","random","B","item","core:root_binding_cord","6"
"random__B__53","random","B","item","core:seed_pouch_lining","2"
"random__B__53","random","B","item","core:wind_seed_flag","5"
"random__B__53","random","B","evolution","core:sowing_sworddance","1"
"random__B__54","random","B","equipment","core:ember_wand","1"
"random__B__54","random","B","equipment","core:harvest_scythe","1"
"random__B__54","random","B","equipment","core:iron_blade","1"
"random__B__54","random","B","equipment","core:ward_orbit","1"
"random__B__54","random","B","equipment","core:hedge_drum","1"
"random__B__54","random","B","equipment","core:muster_horn","1"
"random__B__54","random","B","equipment","core:seed_bag","1"
"random__B__54","random","B","charter","core:guarded_harvest","8"
"random__B__54","random","B","charter","core:meal_oath","14"
"random__B__54","random","B","charter","core:rally_boundary","3"
"random__B__54","random","B","item","core:boundary_hinge","2"
"random__B__54","random","B","item","core:joiner_square","2"
"random__B__54","random","B","item","core:levy_bread_wrap","5"
"random__B__54","random","B","item","core:meadow_buckle","2"
"random__B__54","random","B","item","core:muster_roll","3"
"random__B__54","random","B","item","core:return_path_knot","2"
"random__B__54","random","B","item","core:root_binding_cord","1"
"random__B__54","random","B","item","core:scaffold_step","1"
"random__B__54","random","B","item","core:seed_pouch_lining","1"
"random__B__54","random","B","item","core:wind_seed_flag","4"
"random__B__54","random","B","evolution","core:sowing_sworddance","1"
"random__B__55","random","B","equipment","core:ember_wand","1"
"random__B__55","random","B","equipment","core:harvest_scythe","1"
"random__B__55","random","B","equipment","core:iron_blade","1"
"random__B__55","random","B","equipment","core:ward_orbit","1"
"random__B__55","random","B","equipment","core:muster_horn","1"
"random__B__55","random","B","equipment","core:seed_bag","1"
"random__B__55","random","B","charter","core:guarded_harvest","6"
"random__B__55","random","B","charter","core:meal_oath","4"
"random__B__55","random","B","charter","core:rally_boundary","8"
"random__B__55","random","B","item","core:levy_bread_wrap","2"
"random__B__55","random","B","item","core:meadow_buckle","4"
"random__B__55","random","B","item","core:muster_roll","5"
"random__B__55","random","B","item","core:return_path_knot","2"
"random__B__55","random","B","item","core:root_binding_cord","3"
"random__B__55","random","B","item","core:seed_pouch_lining","2"
"random__B__55","random","B","item","core:wind_seed_flag","4"
"random__B__55","random","B","evolution","core:sowing_sworddance","1"
"random__B__56","random","B","equipment","core:ember_wand","1"
"random__B__56","random","B","equipment","core:harvest_scythe","1"
"random__B__56","random","B","equipment","core:iron_blade","1"
"random__B__56","random","B","equipment","core:ward_orbit","1"
"random__B__56","random","B","equipment","core:carpenter_hammer","1"
"random__B__56","random","B","equipment","core:hedge_drum","1"
"random__B__56","random","B","equipment","core:muster_horn","1"
"random__B__56","random","B","equipment","core:seed_bag","1"
"random__B__56","random","B","charter","core:guarded_harvest","12"
"random__B__56","random","B","charter","core:meal_oath","4"
"random__B__56","random","B","charter","core:rally_boundary","12"
"random__B__56","random","B","charter","core:repair_tithe","5"
"random__B__56","random","B","item","core:boundary_hinge","3"
"random__B__56","random","B","item","core:levy_bread_wrap","2"
"random__B__56","random","B","item","core:meadow_buckle","2"
"random__B__56","random","B","item","core:return_path_knot","2"
"random__B__56","random","B","item","core:ruin_keystone","4"
"random__B__56","random","B","item","core:scaffold_step","1"
"random__B__56","random","B","item","core:seed_pouch_lining","5"
"random__B__56","random","B","item","core:shock_absorber_pad","3"
"random__B__56","random","B","item","core:wind_seed_flag","2"
"random__B__56","random","B","evolution","core:sheltered_sowing","1"
"random__B__56","random","B","evolution","core:sowing_sworddance","1"
"random__B__57","random","B","equipment","core:ember_wand","1"
"random__B__57","random","B","equipment","core:harvest_scythe","1"
"random__B__57","random","B","equipment","core:iron_blade","1"
"random__B__57","random","B","equipment","core:ward_orbit","1"
"random__B__57","random","B","equipment","core:carpenter_hammer","1"
"random__B__57","random","B","equipment","core:hedge_drum","1"
"random__B__57","random","B","equipment","core:muster_horn","1"
"random__B__57","random","B","equipment","core:seed_bag","1"
"random__B__57","random","B","charter","core:guarded_harvest","5"
"random__B__57","random","B","charter","core:meal_oath","4"
"random__B__57","random","B","charter","core:rally_boundary","8"
"random__B__57","random","B","charter","core:repair_tithe","7"
"random__B__57","random","B","item","core:boundary_hinge","2"
"random__B__57","random","B","item","core:joiner_square","3"
"random__B__57","random","B","item","core:levy_bread_wrap","1"
"random__B__57","random","B","item","core:meadow_buckle","4"
"random__B__57","random","B","item","core:return_path_knot","1"
"random__B__57","random","B","item","core:root_binding_cord","4"
"random__B__57","random","B","item","core:ruin_keystone","2"
"random__B__57","random","B","item","core:scaffold_step","1"
"random__B__57","random","B","item","core:shock_absorber_pad","1"
"random__B__57","random","B","item","core:wind_seed_flag","5"
"random__B__57","random","B","evolution","core:sheltered_sowing","1"
"random__B__57","random","B","evolution","core:sowing_sworddance","1"
"random__B__58","random","B","equipment","core:ember_wand","1"
"random__B__58","random","B","equipment","core:harvest_scythe","1"
"random__B__58","random","B","equipment","core:iron_blade","1"
"random__B__58","random","B","equipment","core:ward_orbit","1"
"random__B__58","random","B","equipment","core:carpenter_hammer","1"
"random__B__58","random","B","equipment","core:muster_horn","1"
"random__B__58","random","B","equipment","core:seed_bag","1"
"random__B__58","random","B","charter","core:guarded_harvest","9"
"random__B__58","random","B","charter","core:meal_oath","3"
"random__B__58","random","B","charter","core:rally_boundary","2"
"random__B__58","random","B","item","core:boundary_hinge","1"
"random__B__58","random","B","item","core:joiner_square","3"
"random__B__58","random","B","item","core:levy_bread_wrap","1"
"random__B__58","random","B","item","core:muster_roll","3"
"random__B__58","random","B","item","core:return_path_knot","3"
"random__B__58","random","B","item","core:root_binding_cord","1"
"random__B__58","random","B","item","core:scaffold_step","2"
"random__B__58","random","B","item","core:seed_pouch_lining","5"
"random__B__58","random","B","item","core:shock_absorber_pad","3"
"random__B__58","random","B","item","core:wind_seed_flag","2"
"random__B__58","random","B","evolution","core:sheltered_sowing","1"
"random__B__58","random","B","evolution","core:sowing_sworddance","1"
"random__B__59","random","B","equipment","core:ember_wand","1"
"random__B__59","random","B","equipment","core:harvest_scythe","1"
"random__B__59","random","B","equipment","core:iron_blade","1"
"random__B__59","random","B","equipment","core:ward_orbit","1"
"random__B__59","random","B","equipment","core:muster_horn","1"
"random__B__59","random","B","equipment","core:seed_bag","1"
"random__B__59","random","B","charter","core:guarded_harvest","11"
"random__B__59","random","B","charter","core:meal_oath","8"
"random__B__59","random","B","charter","core:rally_boundary","7"
"random__B__59","random","B","charter","core:repair_tithe","2"
"random__B__59","random","B","item","core:levy_bread_wrap","7"
"random__B__59","random","B","item","core:meadow_buckle","2"
"random__B__59","random","B","item","core:muster_roll","1"
"random__B__59","random","B","item","core:return_path_knot","1"
"random__B__59","random","B","item","core:root_binding_cord","4"
"random__B__59","random","B","item","core:seed_pouch_lining","5"
"random__B__59","random","B","item","core:wind_seed_flag","2"
"random__B__59","random","B","evolution","core:sowing_sworddance","1"
"random__B__60","random","B","equipment","core:ember_wand","1"
"random__B__60","random","B","equipment","core:harvest_scythe","1"
"random__B__60","random","B","equipment","core:iron_blade","1"
"random__B__60","random","B","equipment","core:ward_orbit","1"
"random__B__60","random","B","equipment","core:carpenter_hammer","1"
"random__B__60","random","B","equipment","core:hedge_drum","1"
"random__B__60","random","B","equipment","core:muster_horn","1"
"random__B__60","random","B","equipment","core:seed_bag","1"
"random__B__60","random","B","charter","core:guarded_harvest","14"
"random__B__60","random","B","charter","core:meal_oath","6"
"random__B__60","random","B","charter","core:rally_boundary","10"
"random__B__60","random","B","charter","core:repair_tithe","6"
"random__B__60","random","B","item","core:boundary_hinge","3"
"random__B__60","random","B","item","core:joiner_square","1"
"random__B__60","random","B","item","core:meadow_buckle","1"
"random__B__60","random","B","item","core:muster_roll","1"
"random__B__60","random","B","item","core:return_path_knot","1"
"random__B__60","random","B","item","core:root_binding_cord","5"
"random__B__60","random","B","item","core:scaffold_step","2"
"random__B__60","random","B","item","core:seed_pouch_lining","4"
"random__B__60","random","B","item","core:shock_absorber_pad","2"
"random__B__60","random","B","item","core:wind_seed_flag","4"
"random__B__60","random","B","evolution","core:sheltered_sowing","1"
"random__B__60","random","B","evolution","core:sowing_sworddance","1"
"random__B__61","random","B","equipment","core:ember_wand","1"
"random__B__61","random","B","equipment","core:harvest_scythe","1"
"random__B__61","random","B","equipment","core:iron_blade","1"
"random__B__61","random","B","equipment","core:ward_orbit","1"
"random__B__61","random","B","equipment","core:muster_horn","1"
"random__B__61","random","B","equipment","core:seed_bag","1"
"random__B__61","random","B","charter","core:guarded_harvest","7"
"random__B__61","random","B","charter","core:meal_oath","7"
"random__B__61","random","B","charter","core:rally_boundary","9"
"random__B__61","random","B","item","core:levy_bread_wrap","3"
"random__B__61","random","B","item","core:meadow_buckle","3"
"random__B__61","random","B","item","core:muster_roll","2"
"random__B__61","random","B","item","core:return_path_knot","5"
"random__B__61","random","B","item","core:root_binding_cord","5"
"random__B__61","random","B","item","core:seed_pouch_lining","2"
"random__B__61","random","B","item","core:wind_seed_flag","3"
"random__B__61","random","B","evolution","core:sowing_sworddance","1"
"random__B__62","random","B","equipment","core:ember_wand","1"
"random__B__62","random","B","equipment","core:harvest_scythe","1"
"random__B__62","random","B","equipment","core:iron_blade","1"
"random__B__62","random","B","equipment","core:ward_orbit","1"
"random__B__62","random","B","equipment","core:carpenter_hammer","1"
"random__B__62","random","B","equipment","core:hedge_drum","1"
"random__B__62","random","B","equipment","core:muster_horn","1"
"random__B__62","random","B","equipment","core:seed_bag","1"
"random__B__62","random","B","charter","core:guarded_harvest","5"
"random__B__62","random","B","charter","core:meal_oath","4"
"random__B__62","random","B","charter","core:rally_boundary","5"
"random__B__62","random","B","charter","core:repair_tithe","12"
"random__B__62","random","B","item","core:joiner_square","1"
"random__B__62","random","B","item","core:levy_bread_wrap","3"
"random__B__62","random","B","item","core:meadow_buckle","3"
"random__B__62","random","B","item","core:muster_roll","2"
"random__B__62","random","B","item","core:return_path_knot","2"
"random__B__62","random","B","item","core:root_binding_cord","2"
"random__B__62","random","B","item","core:ruin_keystone","1"
"random__B__62","random","B","item","core:scaffold_step","1"
"random__B__62","random","B","item","core:seed_pouch_lining","2"
"random__B__62","random","B","item","core:shock_absorber_pad","2"
"random__B__62","random","B","item","core:wind_seed_flag","2"
"random__B__62","random","B","evolution","core:sheltered_sowing","1"
"random__B__62","random","B","evolution","core:sowing_sworddance","1"
"random__B__63","random","B","equipment","core:ember_wand","1"
"random__B__63","random","B","equipment","core:harvest_scythe","1"
"random__B__63","random","B","equipment","core:iron_blade","1"
"random__B__63","random","B","equipment","core:ward_orbit","1"
"random__B__63","random","B","equipment","core:muster_horn","1"
"random__B__63","random","B","equipment","core:seed_bag","1"
"random__B__63","random","B","charter","core:guarded_harvest","12"
"random__B__63","random","B","charter","core:rally_boundary","10"
"random__B__63","random","B","item","core:levy_bread_wrap","2"
"random__B__63","random","B","item","core:meadow_buckle","7"
"random__B__63","random","B","item","core:muster_roll","2"
"random__B__63","random","B","item","core:return_path_knot","3"
"random__B__63","random","B","item","core:seed_pouch_lining","4"
"random__B__63","random","B","item","core:wind_seed_flag","6"
"random__B__63","random","B","evolution","core:sowing_sworddance","1"
"random__B__64","random","B","equipment","core:ember_wand","1"
"random__B__64","random","B","equipment","core:harvest_scythe","1"
"random__B__64","random","B","equipment","core:iron_blade","1"
"random__B__64","random","B","equipment","core:ward_orbit","1"
"random__B__64","random","B","equipment","core:carpenter_hammer","1"
"random__B__64","random","B","equipment","core:hedge_drum","1"
"random__B__64","random","B","equipment","core:muster_horn","1"
"random__B__64","random","B","equipment","core:seed_bag","1"
"random__B__64","random","B","charter","core:guarded_harvest","10"
"random__B__64","random","B","charter","core:meal_oath","1"
"random__B__64","random","B","charter","core:rally_boundary","8"
"random__B__64","random","B","charter","core:repair_tithe","9"
"random__B__64","random","B","item","core:boundary_hinge","4"
"random__B__64","random","B","item","core:joiner_square","1"
"random__B__64","random","B","item","core:levy_bread_wrap","4"
"random__B__64","random","B","item","core:meadow_buckle","4"
"random__B__64","random","B","item","core:return_path_knot","3"
"random__B__64","random","B","item","core:seed_pouch_lining","2"
"random__B__64","random","B","item","core:shock_absorber_pad","2"
"random__B__64","random","B","item","core:wind_seed_flag","3"
"random__B__64","random","B","evolution","core:sheltered_sowing","1"
"random__B__64","random","B","evolution","core:sowing_sworddance","1"
"random__B__65","random","B","equipment","core:ember_wand","1"
"random__B__65","random","B","equipment","core:harvest_scythe","1"
"random__B__65","random","B","equipment","core:iron_blade","1"
"random__B__65","random","B","equipment","core:ward_orbit","1"
"random__B__65","random","B","equipment","core:muster_horn","1"
"random__B__65","random","B","equipment","core:seed_bag","1"
"random__B__65","random","B","charter","core:guarded_harvest","4"
"random__B__65","random","B","charter","core:meal_oath","14"
"random__B__65","random","B","charter","core:rally_boundary","10"
"random__B__65","random","B","item","core:levy_bread_wrap","4"
"random__B__65","random","B","item","core:meadow_buckle","1"
"random__B__65","random","B","item","core:muster_roll","4"
"random__B__65","random","B","item","core:return_path_knot","7"
"random__B__65","random","B","item","core:root_binding_cord","4"
"random__B__65","random","B","item","core:seed_pouch_lining","1"
"random__B__65","random","B","item","core:wind_seed_flag","2"
"random__B__65","random","B","evolution","core:sowing_sworddance","1"
"random__B__66","random","B","equipment","core:ember_wand","1"
"random__B__66","random","B","equipment","core:harvest_scythe","1"
"random__B__66","random","B","equipment","core:iron_blade","1"
"random__B__66","random","B","equipment","core:ward_orbit","1"
"random__B__66","random","B","equipment","core:muster_horn","1"
"random__B__66","random","B","equipment","core:seed_bag","1"
"random__B__66","random","B","charter","core:guarded_harvest","8"
"random__B__66","random","B","charter","core:meal_oath","4"
"random__B__66","random","B","charter","core:rally_boundary","9"
"random__B__66","random","B","item","core:levy_bread_wrap","4"
"random__B__66","random","B","item","core:meadow_buckle","4"
"random__B__66","random","B","item","core:muster_roll","3"
"random__B__66","random","B","item","core:return_path_knot","4"
"random__B__66","random","B","item","core:root_binding_cord","3"
"random__B__66","random","B","item","core:seed_pouch_lining","4"
"random__B__66","random","B","item","core:wind_seed_flag","2"
"random__B__66","random","B","evolution","core:sowing_sworddance","1"
"random__B__67","random","B","equipment","core:ember_wand","1"
"random__B__67","random","B","equipment","core:harvest_scythe","1"
"random__B__67","random","B","equipment","core:iron_blade","1"
"random__B__67","random","B","equipment","core:ward_orbit","1"
"random__B__67","random","B","equipment","core:carpenter_hammer","1"
"random__B__67","random","B","equipment","core:muster_horn","1"
"random__B__67","random","B","equipment","core:seed_bag","1"
"random__B__67","random","B","charter","core:guarded_harvest","7"
"random__B__67","random","B","charter","core:meal_oath","14"
"random__B__67","random","B","charter","core:rally_boundary","10"
"random__B__67","random","B","charter","core:repair_tithe","2"
"random__B__67","random","B","item","core:boundary_hinge","1"
"random__B__67","random","B","item","core:levy_bread_wrap","3"
"random__B__67","random","B","item","core:meadow_buckle","6"
"random__B__67","random","B","item","core:return_path_knot","1"
"random__B__67","random","B","item","core:root_binding_cord","3"
"random__B__67","random","B","item","core:scaffold_step","3"
"random__B__67","random","B","item","core:seed_pouch_lining","3"
"random__B__67","random","B","item","core:wind_seed_flag","3"
"random__B__67","random","B","evolution","core:sheltered_sowing","1"
"random__B__67","random","B","evolution","core:sowing_sworddance","1"
"random__B__68","random","B","equipment","core:ember_wand","1"
"random__B__68","random","B","equipment","core:harvest_scythe","1"
"random__B__68","random","B","equipment","core:iron_blade","1"
"random__B__68","random","B","equipment","core:ward_orbit","1"
"random__B__68","random","B","equipment","core:carpenter_hammer","1"
"random__B__68","random","B","equipment","core:hedge_drum","1"
"random__B__68","random","B","equipment","core:muster_horn","1"
"random__B__68","random","B","equipment","core:seed_bag","1"
"random__B__68","random","B","charter","core:guarded_harvest","11"
"random__B__68","random","B","charter","core:meal_oath","14"
"random__B__68","random","B","charter","core:rally_boundary","7"
"random__B__68","random","B","charter","core:repair_tithe","4"
"random__B__68","random","B","item","core:boundary_hinge","3"
"random__B__68","random","B","item","core:joiner_square","3"
"random__B__68","random","B","item","core:levy_bread_wrap","1"
"random__B__68","random","B","item","core:meadow_buckle","4"
"random__B__68","random","B","item","core:muster_roll","1"
"random__B__68","random","B","item","core:return_path_knot","1"
"random__B__68","random","B","item","core:root_binding_cord","3"
"random__B__68","random","B","item","core:scaffold_step","2"
"random__B__68","random","B","item","core:seed_pouch_lining","2"
"random__B__68","random","B","item","core:shock_absorber_pad","1"
"random__B__68","random","B","item","core:wind_seed_flag","3"
"random__B__68","random","B","evolution","core:sheltered_sowing","1"
"random__B__68","random","B","evolution","core:sowing_sworddance","1"
"random__B__69","random","B","equipment","core:ember_wand","1"
"random__B__69","random","B","equipment","core:harvest_scythe","1"
"random__B__69","random","B","equipment","core:iron_blade","1"
"random__B__69","random","B","equipment","core:ward_orbit","1"
"random__B__69","random","B","equipment","core:muster_horn","1"
"random__B__69","random","B","equipment","core:seed_bag","1"
"random__B__69","random","B","charter","core:guarded_harvest","4"
"random__B__69","random","B","charter","core:meal_oath","10"
"random__B__69","random","B","charter","core:rally_boundary","6"
"random__B__69","random","B","charter","core:repair_tithe","2"
"random__B__69","random","B","item","core:levy_bread_wrap","1"
"random__B__69","random","B","item","core:meadow_buckle","6"
"random__B__69","random","B","item","core:return_path_knot","2"
"random__B__69","random","B","item","core:root_binding_cord","8"
"random__B__69","random","B","item","core:seed_pouch_lining","4"
"random__B__69","random","B","item","core:wind_seed_flag","3"
"random__B__69","random","B","evolution","core:sowing_sworddance","1"
"random__B__70","random","B","equipment","core:ember_wand","1"
"random__B__70","random","B","equipment","core:harvest_scythe","1"
"random__B__70","random","B","equipment","core:iron_blade","1"
"random__B__70","random","B","equipment","core:ward_orbit","1"
"random__B__70","random","B","equipment","core:muster_horn","1"
"random__B__70","random","B","equipment","core:seed_bag","1"
"random__B__70","random","B","charter","core:guarded_harvest","4"
"random__B__70","random","B","charter","core:meal_oath","11"
"random__B__70","random","B","charter","core:rally_boundary","9"
"random__B__70","random","B","item","core:levy_bread_wrap","4"
"random__B__70","random","B","item","core:meadow_buckle","4"
"random__B__70","random","B","item","core:muster_roll","4"
"random__B__70","random","B","item","core:return_path_knot","5"
"random__B__70","random","B","item","core:root_binding_cord","1"
"random__B__70","random","B","item","core:seed_pouch_lining","5"
"random__B__70","random","B","item","core:wind_seed_flag","1"
"random__B__70","random","B","evolution","core:sowing_sworddance","1"
"random__B__71","random","B","equipment","core:ember_wand","1"
"random__B__71","random","B","equipment","core:harvest_scythe","1"
"random__B__71","random","B","equipment","core:iron_blade","1"
"random__B__71","random","B","equipment","core:ward_orbit","1"
"random__B__71","random","B","equipment","core:carpenter_hammer","1"
"random__B__71","random","B","equipment","core:hedge_drum","1"
"random__B__71","random","B","equipment","core:muster_horn","1"
"random__B__71","random","B","equipment","core:seed_bag","1"
"random__B__71","random","B","charter","core:guarded_harvest","7"
"random__B__71","random","B","charter","core:meal_oath","12"
"random__B__71","random","B","charter","core:rally_boundary","7"
"random__B__71","random","B","charter","core:repair_tithe","4"
"random__B__71","random","B","item","core:boundary_hinge","1"
"random__B__71","random","B","item","core:joiner_square","6"
"random__B__71","random","B","item","core:levy_bread_wrap","1"
"random__B__71","random","B","item","core:meadow_buckle","1"
"random__B__71","random","B","item","core:muster_roll","1"
"random__B__71","random","B","item","core:return_path_knot","2"
"random__B__71","random","B","item","core:root_binding_cord","1"
"random__B__71","random","B","item","core:ruin_keystone","1"
"random__B__71","random","B","item","core:scaffold_step","2"
"random__B__71","random","B","item","core:seed_pouch_lining","2"
"random__B__71","random","B","item","core:shock_absorber_pad","2"
"random__B__71","random","B","item","core:wind_seed_flag","4"
"random__B__71","random","B","evolution","core:sheltered_sowing","1"
"random__B__71","random","B","evolution","core:sowing_sworddance","1"
"random__B__72","random","B","equipment","core:ember_wand","1"
"random__B__72","random","B","equipment","core:harvest_scythe","1"
"random__B__72","random","B","equipment","core:iron_blade","1"
"random__B__72","random","B","equipment","core:ward_orbit","1"
"random__B__72","random","B","equipment","core:carpenter_hammer","1"
"random__B__72","random","B","equipment","core:hedge_drum","1"
"random__B__72","random","B","equipment","core:muster_horn","1"
"random__B__72","random","B","equipment","core:seed_bag","1"
"random__B__72","random","B","charter","core:guarded_harvest","19"
"random__B__72","random","B","charter","core:meal_oath","12"
"random__B__72","random","B","charter","core:rally_boundary","13"
"random__B__72","random","B","charter","core:repair_tithe","2"
"random__B__72","random","B","item","core:boundary_hinge","1"
"random__B__72","random","B","item","core:joiner_square","1"
"random__B__72","random","B","item","core:levy_bread_wrap","6"
"random__B__72","random","B","item","core:meadow_buckle","2"
"random__B__72","random","B","item","core:muster_roll","1"
"random__B__72","random","B","item","core:return_path_knot","2"
"random__B__72","random","B","item","core:root_binding_cord","4"
"random__B__72","random","B","item","core:scaffold_step","1"
"random__B__72","random","B","item","core:seed_pouch_lining","4"
"random__B__72","random","B","item","core:wind_seed_flag","2"
"random__B__72","random","B","evolution","core:sheltered_sowing","1"
"random__B__72","random","B","evolution","core:sowing_sworddance","1"
"random__B__73","random","B","equipment","core:ember_wand","1"
"random__B__73","random","B","equipment","core:harvest_scythe","1"
"random__B__73","random","B","equipment","core:iron_blade","1"
"random__B__73","random","B","equipment","core:ward_orbit","1"
"random__B__73","random","B","equipment","core:carpenter_hammer","1"
"random__B__73","random","B","equipment","core:hedge_drum","1"
"random__B__73","random","B","equipment","core:muster_horn","1"
"random__B__73","random","B","equipment","core:seed_bag","1"
"random__B__73","random","B","charter","core:guarded_harvest","4"
"random__B__73","random","B","charter","core:meal_oath","11"
"random__B__73","random","B","charter","core:rally_boundary","9"
"random__B__73","random","B","charter","core:repair_tithe","1"
"random__B__73","random","B","item","core:boundary_hinge","1"
"random__B__73","random","B","item","core:levy_bread_wrap","1"
"random__B__73","random","B","item","core:meadow_buckle","3"
"random__B__73","random","B","item","core:muster_roll","3"
"random__B__73","random","B","item","core:return_path_knot","2"
"random__B__73","random","B","item","core:root_binding_cord","2"
"random__B__73","random","B","item","core:ruin_keystone","3"
"random__B__73","random","B","item","core:scaffold_step","2"
"random__B__73","random","B","item","core:seed_pouch_lining","2"
"random__B__73","random","B","item","core:shock_absorber_pad","2"
"random__B__73","random","B","item","core:wind_seed_flag","3"
"random__B__73","random","B","evolution","core:sheltered_sowing","1"
"random__B__73","random","B","evolution","core:sowing_sworddance","1"
"random__C__42","random","C","equipment","core:ember_wand","1"
"random__C__42","random","C","equipment","core:harvest_scythe","1"
"random__C__42","random","C","equipment","core:iron_blade","1"
"random__C__42","random","C","equipment","core:ward_orbit","1"
"random__C__42","random","C","equipment","core:carpenter_hammer","1"
"random__C__42","random","C","equipment","core:hedge_drum","1"
"random__C__42","random","C","equipment","core:muster_horn","1"
"random__C__42","random","C","equipment","core:seed_bag","1"
"random__C__42","random","C","charter","core:guarded_harvest","12"
"random__C__42","random","C","charter","core:meal_oath","8"
"random__C__42","random","C","charter","core:rally_boundary","9"
"random__C__42","random","C","charter","core:repair_tithe","3"
"random__C__42","random","C","item","core:boundary_hinge","2"
"random__C__42","random","C","item","core:joiner_square","3"
"random__C__42","random","C","item","core:levy_bread_wrap","1"
"random__C__42","random","C","item","core:muster_roll","1"
"random__C__42","random","C","item","core:return_path_knot","4"
"random__C__42","random","C","item","core:root_binding_cord","3"
"random__C__42","random","C","item","core:scaffold_step","2"
"random__C__42","random","C","item","core:seed_pouch_lining","2"
"random__C__42","random","C","item","core:shock_absorber_pad","4"
"random__C__42","random","C","item","core:wind_seed_flag","2"
"random__C__42","random","C","evolution","core:sheltered_sowing","1"
"random__C__42","random","C","evolution","core:sowing_sworddance","1"
"random__C__43","random","C","equipment","core:ember_wand","1"
"random__C__43","random","C","equipment","core:harvest_scythe","1"
"random__C__43","random","C","equipment","core:iron_blade","1"
"random__C__43","random","C","equipment","core:ward_orbit","1"
"random__C__43","random","C","equipment","core:muster_horn","1"
"random__C__43","random","C","equipment","core:seed_bag","1"
"random__C__43","random","C","charter","core:guarded_harvest","12"
"random__C__43","random","C","charter","core:meal_oath","13"
"random__C__43","random","C","charter","core:rally_boundary","10"
"random__C__43","random","C","item","core:levy_bread_wrap","1"
"random__C__43","random","C","item","core:meadow_buckle","3"
"random__C__43","random","C","item","core:muster_roll","3"
"random__C__43","random","C","item","core:return_path_knot","3"
"random__C__43","random","C","item","core:root_binding_cord","3"
"random__C__43","random","C","item","core:seed_pouch_lining","5"
"random__C__43","random","C","item","core:wind_seed_flag","6"
"random__C__43","random","C","evolution","core:sowing_sworddance","1"
"random__C__44","random","C","equipment","core:ember_wand","1"
"random__C__44","random","C","equipment","core:harvest_scythe","1"
"random__C__44","random","C","equipment","core:iron_blade","1"
"random__C__44","random","C","equipment","core:ward_orbit","1"
"random__C__44","random","C","equipment","core:muster_horn","1"
"random__C__44","random","C","equipment","core:seed_bag","1"
"random__C__44","random","C","charter","core:guarded_harvest","10"
"random__C__44","random","C","charter","core:meal_oath","7"
"random__C__44","random","C","charter","core:rally_boundary","6"
"random__C__44","random","C","item","core:levy_bread_wrap","3"
"random__C__44","random","C","item","core:meadow_buckle","2"
"random__C__44","random","C","item","core:muster_roll","6"
"random__C__44","random","C","item","core:return_path_knot","2"
"random__C__44","random","C","item","core:root_binding_cord","3"
"random__C__44","random","C","item","core:seed_pouch_lining","2"
"random__C__44","random","C","item","core:wind_seed_flag","4"
"random__C__44","random","C","evolution","core:sowing_sworddance","1"
"random__C__45","random","C","equipment","core:ember_wand","1"
"random__C__45","random","C","equipment","core:harvest_scythe","1"
"random__C__45","random","C","equipment","core:iron_blade","1"
"random__C__45","random","C","equipment","core:ward_orbit","1"
"random__C__45","random","C","equipment","core:carpenter_hammer","1"
"random__C__45","random","C","equipment","core:hedge_drum","1"
"random__C__45","random","C","equipment","core:muster_horn","1"
"random__C__45","random","C","equipment","core:seed_bag","1"
"random__C__45","random","C","charter","core:guarded_harvest","10"
"random__C__45","random","C","charter","core:meal_oath","14"
"random__C__45","random","C","charter","core:rally_boundary","7"
"random__C__45","random","C","charter","core:repair_tithe","3"
"random__C__45","random","C","item","core:boundary_hinge","1"
"random__C__45","random","C","item","core:joiner_square","1"
"random__C__45","random","C","item","core:levy_bread_wrap","1"
"random__C__45","random","C","item","core:meadow_buckle","1"
"random__C__45","random","C","item","core:muster_roll","1"
"random__C__45","random","C","item","core:return_path_knot","4"
"random__C__45","random","C","item","core:root_binding_cord","3"
"random__C__45","random","C","item","core:ruin_keystone","1"
"random__C__45","random","C","item","core:scaffold_step","4"
"random__C__45","random","C","item","core:seed_pouch_lining","2"
"random__C__45","random","C","item","core:shock_absorber_pad","3"
"random__C__45","random","C","item","core:wind_seed_flag","2"
"random__C__45","random","C","evolution","core:sheltered_sowing","1"
"random__C__45","random","C","evolution","core:sowing_sworddance","1"
"random__C__46","random","C","equipment","core:ember_wand","1"
"random__C__46","random","C","equipment","core:harvest_scythe","1"
"random__C__46","random","C","equipment","core:iron_blade","1"
"random__C__46","random","C","equipment","core:ward_orbit","1"
"random__C__46","random","C","equipment","core:carpenter_hammer","1"
"random__C__46","random","C","equipment","core:hedge_drum","1"
"random__C__46","random","C","equipment","core:muster_horn","1"
"random__C__46","random","C","equipment","core:seed_bag","1"
"random__C__46","random","C","charter","core:guarded_harvest","9"
"random__C__46","random","C","charter","core:meal_oath","8"
"random__C__46","random","C","charter","core:rally_boundary","7"
"random__C__46","random","C","charter","core:repair_tithe","1"
"random__C__46","random","C","item","core:joiner_square","1"
"random__C__46","random","C","item","core:meadow_buckle","3"
"random__C__46","random","C","item","core:muster_roll","3"
"random__C__46","random","C","item","core:return_path_knot","5"
"random__C__46","random","C","item","core:root_binding_cord","1"
"random__C__46","random","C","item","core:ruin_keystone","2"
"random__C__46","random","C","item","core:scaffold_step","4"
"random__C__46","random","C","item","core:shock_absorber_pad","4"
"random__C__46","random","C","item","core:wind_seed_flag","1"
"random__C__46","random","C","evolution","core:sheltered_sowing","1"
"random__C__46","random","C","evolution","core:sowing_sworddance","1"
"random__C__47","random","C","equipment","core:ember_wand","1"
"random__C__47","random","C","equipment","core:harvest_scythe","1"
"random__C__47","random","C","equipment","core:iron_blade","1"
"random__C__47","random","C","equipment","core:ward_orbit","1"
"random__C__47","random","C","equipment","core:carpenter_hammer","1"
"random__C__47","random","C","equipment","core:hedge_drum","1"
"random__C__47","random","C","equipment","core:muster_horn","1"
"random__C__47","random","C","equipment","core:seed_bag","1"
"random__C__47","random","C","charter","core:guarded_harvest","13"
"random__C__47","random","C","charter","core:meal_oath","5"
"random__C__47","random","C","charter","core:rally_boundary","6"
"random__C__47","random","C","charter","core:repair_tithe","10"
"random__C__47","random","C","item","core:boundary_hinge","2"
"random__C__47","random","C","item","core:joiner_square","4"
"random__C__47","random","C","item","core:levy_bread_wrap","1"
"random__C__47","random","C","item","core:meadow_buckle","4"
"random__C__47","random","C","item","core:muster_roll","2"
"random__C__47","random","C","item","core:return_path_knot","2"
"random__C__47","random","C","item","core:root_binding_cord","1"
"random__C__47","random","C","item","core:ruin_keystone","1"
"random__C__47","random","C","item","core:scaffold_step","2"
"random__C__47","random","C","item","core:seed_pouch_lining","2"
"random__C__47","random","C","item","core:shock_absorber_pad","2"
"random__C__47","random","C","item","core:wind_seed_flag","1"
"random__C__47","random","C","evolution","core:sheltered_sowing","1"
"random__C__47","random","C","evolution","core:sowing_sworddance","1"
"random__C__48","random","C","equipment","core:ember_wand","1"
"random__C__48","random","C","equipment","core:harvest_scythe","1"
"random__C__48","random","C","equipment","core:iron_blade","1"
"random__C__48","random","C","equipment","core:ward_orbit","1"
"random__C__48","random","C","equipment","core:carpenter_hammer","1"
"random__C__48","random","C","equipment","core:hedge_drum","1"
"random__C__48","random","C","equipment","core:muster_horn","1"
"random__C__48","random","C","equipment","core:seed_bag","1"
"random__C__48","random","C","charter","core:guarded_harvest","5"
"random__C__48","random","C","charter","core:meal_oath","17"
"random__C__48","random","C","charter","core:rally_boundary","10"
"random__C__48","random","C","charter","core:repair_tithe","4"
"random__C__48","random","C","item","core:boundary_hinge","3"
"random__C__48","random","C","item","core:joiner_square","1"
"random__C__48","random","C","item","core:meadow_buckle","2"
"random__C__48","random","C","item","core:muster_roll","1"
"random__C__48","random","C","item","core:return_path_knot","1"
"random__C__48","random","C","item","core:root_binding_cord","5"
"random__C__48","random","C","item","core:scaffold_step","3"
"random__C__48","random","C","item","core:seed_pouch_lining","3"
"random__C__48","random","C","item","core:shock_absorber_pad","1"
"random__C__48","random","C","item","core:wind_seed_flag","4"
"random__C__48","random","C","evolution","core:sheltered_sowing","1"
"random__C__48","random","C","evolution","core:sowing_sworddance","1"
"random__C__49","random","C","equipment","core:ember_wand","1"
"random__C__49","random","C","equipment","core:harvest_scythe","1"
"random__C__49","random","C","equipment","core:iron_blade","1"
"random__C__49","random","C","equipment","core:ward_orbit","1"
"random__C__49","random","C","equipment","core:muster_horn","1"
"random__C__49","random","C","equipment","core:seed_bag","1"
"random__C__49","random","C","charter","core:guarded_harvest","6"
"random__C__49","random","C","charter","core:meal_oath","12"
"random__C__49","random","C","charter","core:rally_boundary","12"
"random__C__49","random","C","item","core:levy_bread_wrap","3"
"random__C__49","random","C","item","core:meadow_buckle","4"
"random__C__49","random","C","item","core:muster_roll","5"
"random__C__49","random","C","item","core:return_path_knot","5"
"random__C__49","random","C","item","core:root_binding_cord","4"
"random__C__49","random","C","item","core:seed_pouch_lining","2"
"random__C__49","random","C","item","core:wind_seed_flag","1"
"random__C__49","random","C","evolution","core:sowing_sworddance","1"
"random__C__50","random","C","equipment","core:ember_wand","1"
"random__C__50","random","C","equipment","core:harvest_scythe","1"
"random__C__50","random","C","equipment","core:iron_blade","1"
"random__C__50","random","C","equipment","core:ward_orbit","1"
"random__C__50","random","C","equipment","core:muster_horn","1"
"random__C__50","random","C","equipment","core:seed_bag","1"
"random__C__50","random","C","charter","core:guarded_harvest","12"
"random__C__50","random","C","charter","core:meal_oath","8"
"random__C__50","random","C","charter","core:rally_boundary","2"
"random__C__50","random","C","charter","core:repair_tithe","2"
"random__C__50","random","C","item","core:levy_bread_wrap","1"
"random__C__50","random","C","item","core:meadow_buckle","3"
"random__C__50","random","C","item","core:muster_roll","1"
"random__C__50","random","C","item","core:return_path_knot","3"
"random__C__50","random","C","item","core:root_binding_cord","6"
"random__C__50","random","C","item","core:seed_pouch_lining","5"
"random__C__50","random","C","item","core:wind_seed_flag","5"
"random__C__50","random","C","evolution","core:sowing_sworddance","1"
"random__C__51","random","C","equipment","core:ember_wand","1"
"random__C__51","random","C","equipment","core:harvest_scythe","1"
"random__C__51","random","C","equipment","core:iron_blade","1"
"random__C__51","random","C","equipment","core:ward_orbit","1"
"random__C__51","random","C","equipment","core:carpenter_hammer","1"
"random__C__51","random","C","equipment","core:hedge_drum","1"
"random__C__51","random","C","equipment","core:muster_horn","1"
"random__C__51","random","C","equipment","core:seed_bag","1"
"random__C__51","random","C","charter","core:guarded_harvest","13"
"random__C__51","random","C","charter","core:meal_oath","6"
"random__C__51","random","C","charter","core:rally_boundary","9"
"random__C__51","random","C","charter","core:repair_tithe","2"
"random__C__51","random","C","item","core:boundary_hinge","2"
"random__C__51","random","C","item","core:joiner_square","1"
"random__C__51","random","C","item","core:levy_bread_wrap","2"
"random__C__51","random","C","item","core:meadow_buckle","2"
"random__C__51","random","C","item","core:return_path_knot","4"
"random__C__51","random","C","item","core:root_binding_cord","4"
"random__C__51","random","C","item","core:ruin_keystone","3"
"random__C__51","random","C","item","core:scaffold_step","1"
"random__C__51","random","C","item","core:seed_pouch_lining","1"
"random__C__51","random","C","item","core:shock_absorber_pad","1"
"random__C__51","random","C","item","core:wind_seed_flag","3"
"random__C__51","random","C","evolution","core:sheltered_sowing","1"
"random__C__51","random","C","evolution","core:sowing_sworddance","1"
"random__C__52","random","C","equipment","core:ember_wand","1"
"random__C__52","random","C","equipment","core:harvest_scythe","1"
"random__C__52","random","C","equipment","core:iron_blade","1"
"random__C__52","random","C","equipment","core:ward_orbit","1"
"random__C__52","random","C","equipment","core:carpenter_hammer","1"
"random__C__52","random","C","equipment","core:hedge_drum","1"
"random__C__52","random","C","equipment","core:muster_horn","1"
"random__C__52","random","C","equipment","core:seed_bag","1"
"random__C__52","random","C","charter","core:guarded_harvest","7"
"random__C__52","random","C","charter","core:meal_oath","7"
"random__C__52","random","C","charter","core:rally_boundary","4"
"random__C__52","random","C","charter","core:repair_tithe","2"
"random__C__52","random","C","item","core:boundary_hinge","2"
"random__C__52","random","C","item","core:levy_bread_wrap","3"
"random__C__52","random","C","item","core:meadow_buckle","1"
"random__C__52","random","C","item","core:return_path_knot","3"
"random__C__52","random","C","item","core:root_binding_cord","4"
"random__C__52","random","C","item","core:ruin_keystone","3"
"random__C__52","random","C","item","core:scaffold_step","1"
"random__C__52","random","C","item","core:seed_pouch_lining","4"
"random__C__52","random","C","item","core:shock_absorber_pad","2"
"random__C__52","random","C","item","core:wind_seed_flag","1"
"random__C__52","random","C","evolution","core:sheltered_sowing","1"
"random__C__52","random","C","evolution","core:sowing_sworddance","1"
"random__C__53","random","C","equipment","core:ember_wand","1"
"random__C__53","random","C","equipment","core:harvest_scythe","1"
"random__C__53","random","C","equipment","core:iron_blade","1"
"random__C__53","random","C","equipment","core:ward_orbit","1"
"random__C__53","random","C","equipment","core:carpenter_hammer","1"
"random__C__53","random","C","equipment","core:hedge_drum","1"
"random__C__53","random","C","equipment","core:muster_horn","1"
"random__C__53","random","C","equipment","core:seed_bag","1"
"random__C__53","random","C","charter","core:guarded_harvest","9"
"random__C__53","random","C","charter","core:meal_oath","14"
"random__C__53","random","C","charter","core:rally_boundary","8"
"random__C__53","random","C","charter","core:repair_tithe","3"
"random__C__53","random","C","item","core:boundary_hinge","3"
"random__C__53","random","C","item","core:joiner_square","1"
"random__C__53","random","C","item","core:levy_bread_wrap","1"
"random__C__53","random","C","item","core:muster_roll","3"
"random__C__53","random","C","item","core:root_binding_cord","5"
"random__C__53","random","C","item","core:ruin_keystone","3"
"random__C__53","random","C","item","core:scaffold_step","1"
"random__C__53","random","C","item","core:seed_pouch_lining","3"
"random__C__53","random","C","item","core:wind_seed_flag","4"
"random__C__53","random","C","evolution","core:sheltered_sowing","1"
"random__C__53","random","C","evolution","core:sowing_sworddance","1"
"random__C__54","random","C","equipment","core:ember_wand","1"
"random__C__54","random","C","equipment","core:harvest_scythe","1"
"random__C__54","random","C","equipment","core:iron_blade","1"
"random__C__54","random","C","equipment","core:ward_orbit","1"
"random__C__54","random","C","equipment","core:carpenter_hammer","1"
"random__C__54","random","C","equipment","core:hedge_drum","1"
"random__C__54","random","C","equipment","core:muster_horn","1"
"random__C__54","random","C","equipment","core:seed_bag","1"
"random__C__54","random","C","charter","core:guarded_harvest","2"
"random__C__54","random","C","charter","core:meal_oath","15"
"random__C__54","random","C","charter","core:rally_boundary","14"
"random__C__54","random","C","charter","core:repair_tithe","1"
"random__C__54","random","C","item","core:boundary_hinge","1"
"random__C__54","random","C","item","core:joiner_square","4"
"random__C__54","random","C","item","core:levy_bread_wrap","2"
"random__C__54","random","C","item","core:meadow_buckle","2"
"random__C__54","random","C","item","core:muster_roll","3"
"random__C__54","random","C","item","core:return_path_knot","2"
"random__C__54","random","C","item","core:root_binding_cord","3"
"random__C__54","random","C","item","core:ruin_keystone","1"
"random__C__54","random","C","item","core:scaffold_step","3"
"random__C__54","random","C","item","core:wind_seed_flag","2"
"random__C__54","random","C","evolution","core:sheltered_sowing","1"
"random__C__54","random","C","evolution","core:sowing_sworddance","1"
"random__C__55","random","C","equipment","core:ember_wand","1"
"random__C__55","random","C","equipment","core:harvest_scythe","1"
"random__C__55","random","C","equipment","core:iron_blade","1"
"random__C__55","random","C","equipment","core:ward_orbit","1"
"random__C__55","random","C","equipment","core:carpenter_hammer","1"
"random__C__55","random","C","equipment","core:hedge_drum","1"
"random__C__55","random","C","equipment","core:muster_horn","1"
"random__C__55","random","C","equipment","core:seed_bag","1"
"random__C__55","random","C","charter","core:guarded_harvest","11"
"random__C__55","random","C","charter","core:meal_oath","8"
"random__C__55","random","C","charter","core:rally_boundary","6"
"random__C__55","random","C","charter","core:repair_tithe","3"
"random__C__55","random","C","item","core:boundary_hinge","1"
"random__C__55","random","C","item","core:joiner_square","2"
"random__C__55","random","C","item","core:levy_bread_wrap","2"
"random__C__55","random","C","item","core:meadow_buckle","4"
"random__C__55","random","C","item","core:return_path_knot","5"
"random__C__55","random","C","item","core:root_binding_cord","1"
"random__C__55","random","C","item","core:ruin_keystone","2"
"random__C__55","random","C","item","core:scaffold_step","1"
"random__C__55","random","C","item","core:seed_pouch_lining","2"
"random__C__55","random","C","item","core:shock_absorber_pad","1"
"random__C__55","random","C","item","core:wind_seed_flag","2"
"random__C__55","random","C","evolution","core:sheltered_sowing","1"
"random__C__55","random","C","evolution","core:sowing_sworddance","1"
"random__C__56","random","C","equipment","core:ember_wand","1"
"random__C__56","random","C","equipment","core:harvest_scythe","1"
"random__C__56","random","C","equipment","core:iron_blade","1"
"random__C__56","random","C","equipment","core:ward_orbit","1"
"random__C__56","random","C","equipment","core:carpenter_hammer","1"
"random__C__56","random","C","equipment","core:hedge_drum","1"
"random__C__56","random","C","equipment","core:muster_horn","1"
"random__C__56","random","C","equipment","core:seed_bag","1"
"random__C__56","random","C","charter","core:guarded_harvest","9"
"random__C__56","random","C","charter","core:meal_oath","10"
"random__C__56","random","C","charter","core:rally_boundary","7"
"random__C__56","random","C","charter","core:repair_tithe","7"
"random__C__56","random","C","item","core:boundary_hinge","1"
"random__C__56","random","C","item","core:joiner_square","1"
"random__C__56","random","C","item","core:levy_bread_wrap","3"
"random__C__56","random","C","item","core:meadow_buckle","3"
"random__C__56","random","C","item","core:muster_roll","1"
"random__C__56","random","C","item","core:return_path_knot","1"
"random__C__56","random","C","item","core:root_binding_cord","1"
"random__C__56","random","C","item","core:ruin_keystone","1"
"random__C__56","random","C","item","core:scaffold_step","4"
"random__C__56","random","C","item","core:seed_pouch_lining","1"
"random__C__56","random","C","item","core:shock_absorber_pad","1"
"random__C__56","random","C","item","core:wind_seed_flag","6"
"random__C__56","random","C","evolution","core:sheltered_sowing","1"
"random__C__56","random","C","evolution","core:sowing_sworddance","1"
"random__C__57","random","C","equipment","core:ember_wand","1"
"random__C__57","random","C","equipment","core:harvest_scythe","1"
"random__C__57","random","C","equipment","core:iron_blade","1"
"random__C__57","random","C","equipment","core:ward_orbit","1"
"random__C__57","random","C","equipment","core:carpenter_hammer","1"
"random__C__57","random","C","equipment","core:hedge_drum","1"
"random__C__57","random","C","equipment","core:muster_horn","1"
"random__C__57","random","C","equipment","core:seed_bag","1"
"random__C__57","random","C","charter","core:guarded_harvest","8"
"random__C__57","random","C","charter","core:meal_oath","12"
"random__C__57","random","C","charter","core:rally_boundary","7"
"random__C__57","random","C","charter","core:repair_tithe","10"
"random__C__57","random","C","item","core:boundary_hinge","1"
"random__C__57","random","C","item","core:levy_bread_wrap","3"
"random__C__57","random","C","item","core:meadow_buckle","2"
"random__C__57","random","C","item","core:muster_roll","2"
"random__C__57","random","C","item","core:return_path_knot","2"
"random__C__57","random","C","item","core:root_binding_cord","3"
"random__C__57","random","C","item","core:ruin_keystone","1"
"random__C__57","random","C","item","core:scaffold_step","1"
"random__C__57","random","C","item","core:seed_pouch_lining","2"
"random__C__57","random","C","item","core:shock_absorber_pad","3"
"random__C__57","random","C","item","core:wind_seed_flag","3"
"random__C__57","random","C","evolution","core:sheltered_sowing","1"
"random__C__57","random","C","evolution","core:sowing_sworddance","1"
"random__C__58","random","C","equipment","core:ember_wand","1"
"random__C__58","random","C","equipment","core:harvest_scythe","1"
"random__C__58","random","C","equipment","core:iron_blade","1"
"random__C__58","random","C","equipment","core:ward_orbit","1"
"random__C__58","random","C","equipment","core:carpenter_hammer","1"
"random__C__58","random","C","equipment","core:hedge_drum","1"
"random__C__58","random","C","equipment","core:muster_horn","1"
"random__C__58","random","C","equipment","core:seed_bag","1"
"random__C__58","random","C","charter","core:guarded_harvest","17"
"random__C__58","random","C","charter","core:meal_oath","7"
"random__C__58","random","C","charter","core:rally_boundary","9"
"random__C__58","random","C","charter","core:repair_tithe","2"
"random__C__58","random","C","item","core:joiner_square","3"
"random__C__58","random","C","item","core:levy_bread_wrap","2"
"random__C__58","random","C","item","core:meadow_buckle","1"
"random__C__58","random","C","item","core:muster_roll","2"
"random__C__58","random","C","item","core:return_path_knot","1"
"random__C__58","random","C","item","core:root_binding_cord","1"
"random__C__58","random","C","item","core:ruin_keystone","5"
"random__C__58","random","C","item","core:scaffold_step","3"
"random__C__58","random","C","item","core:seed_pouch_lining","2"
"random__C__58","random","C","item","core:shock_absorber_pad","2"
"random__C__58","random","C","item","core:wind_seed_flag","2"
"random__C__58","random","C","evolution","core:sheltered_sowing","1"
"random__C__58","random","C","evolution","core:sowing_sworddance","1"
"random__C__59","random","C","equipment","core:ember_wand","1"
"random__C__59","random","C","equipment","core:harvest_scythe","1"
"random__C__59","random","C","equipment","core:iron_blade","1"
"random__C__59","random","C","equipment","core:ward_orbit","1"
"random__C__59","random","C","equipment","core:muster_horn","1"
"random__C__59","random","C","equipment","core:seed_bag","1"
"random__C__59","random","C","charter","core:guarded_harvest","8"
"random__C__59","random","C","charter","core:meal_oath","12"
"random__C__59","random","C","charter","core:rally_boundary","5"
"random__C__59","random","C","item","core:levy_bread_wrap","4"
"random__C__59","random","C","item","core:meadow_buckle","3"
"random__C__59","random","C","item","core:muster_roll","2"
"random__C__59","random","C","item","core:return_path_knot","7"
"random__C__59","random","C","item","core:root_binding_cord","4"
"random__C__59","random","C","item","core:wind_seed_flag","4"
"random__C__59","random","C","evolution","core:sowing_sworddance","1"
"random__C__60","random","C","equipment","core:ember_wand","1"
"random__C__60","random","C","equipment","core:harvest_scythe","1"
"random__C__60","random","C","equipment","core:iron_blade","1"
"random__C__60","random","C","equipment","core:ward_orbit","1"
"random__C__60","random","C","equipment","core:carpenter_hammer","1"
"random__C__60","random","C","equipment","core:hedge_drum","1"
"random__C__60","random","C","equipment","core:muster_horn","1"
"random__C__60","random","C","equipment","core:seed_bag","1"
"random__C__60","random","C","charter","core:guarded_harvest","4"
"random__C__60","random","C","charter","core:meal_oath","7"
"random__C__60","random","C","charter","core:rally_boundary","5"
"random__C__60","random","C","charter","core:repair_tithe","13"
"random__C__60","random","C","item","core:joiner_square","3"
"random__C__60","random","C","item","core:levy_bread_wrap","1"
"random__C__60","random","C","item","core:meadow_buckle","3"
"random__C__60","random","C","item","core:muster_roll","2"
"random__C__60","random","C","item","core:return_path_knot","1"
"random__C__60","random","C","item","core:root_binding_cord","6"
"random__C__60","random","C","item","core:ruin_keystone","1"
"random__C__60","random","C","item","core:scaffold_step","1"
"random__C__60","random","C","item","core:seed_pouch_lining","3"
"random__C__60","random","C","item","core:shock_absorber_pad","3"
"random__C__60","random","C","evolution","core:sheltered_sowing","1"
"random__C__60","random","C","evolution","core:sowing_sworddance","1"
"random__C__61","random","C","equipment","core:ember_wand","1"
"random__C__61","random","C","equipment","core:harvest_scythe","1"
"random__C__61","random","C","equipment","core:iron_blade","1"
"random__C__61","random","C","equipment","core:ward_orbit","1"
"random__C__61","random","C","equipment","core:carpenter_hammer","1"
"random__C__61","random","C","equipment","core:hedge_drum","1"
"random__C__61","random","C","equipment","core:muster_horn","1"
"random__C__61","random","C","equipment","core:seed_bag","1"
"random__C__61","random","C","charter","core:guarded_harvest","7"
"random__C__61","random","C","charter","core:meal_oath","5"
"random__C__61","random","C","charter","core:rally_boundary","6"
"random__C__61","random","C","charter","core:repair_tithe","3"
"random__C__61","random","C","item","core:boundary_hinge","2"
"random__C__61","random","C","item","core:meadow_buckle","1"
"random__C__61","random","C","item","core:muster_roll","4"
"random__C__61","random","C","item","core:return_path_knot","2"
"random__C__61","random","C","item","core:root_binding_cord","3"
"random__C__61","random","C","item","core:ruin_keystone","2"
"random__C__61","random","C","item","core:scaffold_step","2"
"random__C__61","random","C","item","core:seed_pouch_lining","3"
"random__C__61","random","C","item","core:wind_seed_flag","4"
"random__C__61","random","C","evolution","core:sheltered_sowing","1"
"random__C__61","random","C","evolution","core:sowing_sworddance","1"
"random__C__62","random","C","equipment","core:ember_wand","1"
"random__C__62","random","C","equipment","core:harvest_scythe","1"
"random__C__62","random","C","equipment","core:iron_blade","1"
"random__C__62","random","C","equipment","core:ward_orbit","1"
"random__C__62","random","C","equipment","core:carpenter_hammer","1"
"random__C__62","random","C","equipment","core:hedge_drum","1"
"random__C__62","random","C","equipment","core:muster_horn","1"
"random__C__62","random","C","equipment","core:seed_bag","1"
"random__C__62","random","C","charter","core:guarded_harvest","5"
"random__C__62","random","C","charter","core:meal_oath","6"
"random__C__62","random","C","charter","core:rally_boundary","5"
"random__C__62","random","C","charter","core:repair_tithe","1"
"random__C__62","random","C","item","core:joiner_square","5"
"random__C__62","random","C","item","core:meadow_buckle","2"
"random__C__62","random","C","item","core:muster_roll","3"
"random__C__62","random","C","item","core:return_path_knot","3"
"random__C__62","random","C","item","core:root_binding_cord","1"
"random__C__62","random","C","item","core:ruin_keystone","4"
"random__C__62","random","C","item","core:scaffold_step","2"
"random__C__62","random","C","item","core:shock_absorber_pad","3"
"random__C__62","random","C","item","core:wind_seed_flag","1"
"random__C__62","random","C","evolution","core:sheltered_sowing","1"
"random__C__62","random","C","evolution","core:sowing_sworddance","1"
"random__C__63","random","C","equipment","core:ember_wand","1"
"random__C__63","random","C","equipment","core:harvest_scythe","1"
"random__C__63","random","C","equipment","core:iron_blade","1"
"random__C__63","random","C","equipment","core:ward_orbit","1"
"random__C__63","random","C","equipment","core:hedge_drum","1"
"random__C__63","random","C","equipment","core:muster_horn","1"
"random__C__63","random","C","equipment","core:seed_bag","1"
"random__C__63","random","C","charter","core:guarded_harvest","11"
"random__C__63","random","C","charter","core:meal_oath","9"
"random__C__63","random","C","charter","core:rally_boundary","7"
"random__C__63","random","C","item","core:levy_bread_wrap","1"
"random__C__63","random","C","item","core:meadow_buckle","3"
"random__C__63","random","C","item","core:muster_roll","5"
"random__C__63","random","C","item","core:return_path_knot","4"
"random__C__63","random","C","item","core:root_binding_cord","2"
"random__C__63","random","C","item","core:scaffold_step","1"
"random__C__63","random","C","item","core:seed_pouch_lining","4"
"random__C__63","random","C","item","core:wind_seed_flag","4"
"random__C__63","random","C","evolution","core:sowing_sworddance","1"
"random__C__64","random","C","equipment","core:ember_wand","1"
"random__C__64","random","C","equipment","core:harvest_scythe","1"
"random__C__64","random","C","equipment","core:iron_blade","1"
"random__C__64","random","C","equipment","core:ward_orbit","1"
"random__C__64","random","C","equipment","core:hedge_drum","1"
"random__C__64","random","C","equipment","core:muster_horn","1"
"random__C__64","random","C","equipment","core:seed_bag","1"
"random__C__64","random","C","charter","core:guarded_harvest","9"
"random__C__64","random","C","charter","core:meal_oath","8"
"random__C__64","random","C","charter","core:rally_boundary","4"
"random__C__64","random","C","charter","core:repair_tithe","4"
"random__C__64","random","C","item","core:levy_bread_wrap","3"
"random__C__64","random","C","item","core:muster_roll","1"
"random__C__64","random","C","item","core:return_path_knot","3"
"random__C__64","random","C","item","core:root_binding_cord","6"
"random__C__64","random","C","item","core:scaffold_step","2"
"random__C__64","random","C","item","core:seed_pouch_lining","3"
"random__C__64","random","C","item","core:wind_seed_flag","6"
"random__C__64","random","C","evolution","core:sowing_sworddance","1"
"random__C__65","random","C","equipment","core:ember_wand","1"
"random__C__65","random","C","equipment","core:harvest_scythe","1"
"random__C__65","random","C","equipment","core:iron_blade","1"
"random__C__65","random","C","equipment","core:ward_orbit","1"
"random__C__65","random","C","equipment","core:carpenter_hammer","1"
"random__C__65","random","C","equipment","core:hedge_drum","1"
"random__C__65","random","C","equipment","core:muster_horn","1"
"random__C__65","random","C","equipment","core:seed_bag","1"
"random__C__65","random","C","charter","core:guarded_harvest","18"
"random__C__65","random","C","charter","core:meal_oath","3"
"random__C__65","random","C","charter","core:rally_boundary","7"
"random__C__65","random","C","charter","core:repair_tithe","4"
"random__C__65","random","C","item","core:boundary_hinge","2"
"random__C__65","random","C","item","core:levy_bread_wrap","2"
"random__C__65","random","C","item","core:meadow_buckle","4"
"random__C__65","random","C","item","core:muster_roll","1"
"random__C__65","random","C","item","core:return_path_knot","1"
"random__C__65","random","C","item","core:root_binding_cord","4"
"random__C__65","random","C","item","core:seed_pouch_lining","4"
"random__C__65","random","C","item","core:shock_absorber_pad","1"
"random__C__65","random","C","item","core:wind_seed_flag","4"
"random__C__65","random","C","evolution","core:sheltered_sowing","1"
"random__C__65","random","C","evolution","core:sowing_sworddance","1"
"random__C__66","random","C","equipment","core:ember_wand","1"
"random__C__66","random","C","equipment","core:harvest_scythe","1"
"random__C__66","random","C","equipment","core:iron_blade","1"
"random__C__66","random","C","equipment","core:ward_orbit","1"
"random__C__66","random","C","equipment","core:muster_horn","1"
"random__C__66","random","C","equipment","core:seed_bag","1"
"random__C__66","random","C","charter","core:guarded_harvest","17"
"random__C__66","random","C","charter","core:meal_oath","8"
"random__C__66","random","C","charter","core:rally_boundary","10"
"random__C__66","random","C","item","core:levy_bread_wrap","5"
"random__C__66","random","C","item","core:meadow_buckle","3"
"random__C__66","random","C","item","core:muster_roll","3"
"random__C__66","random","C","item","core:return_path_knot","1"
"random__C__66","random","C","item","core:root_binding_cord","6"
"random__C__66","random","C","item","core:seed_pouch_lining","4"
"random__C__66","random","C","item","core:wind_seed_flag","2"
"random__C__66","random","C","evolution","core:sowing_sworddance","1"
"random__C__67","random","C","equipment","core:ember_wand","1"
"random__C__67","random","C","equipment","core:harvest_scythe","1"
"random__C__67","random","C","equipment","core:iron_blade","1"
"random__C__67","random","C","equipment","core:ward_orbit","1"
"random__C__67","random","C","equipment","core:carpenter_hammer","1"
"random__C__67","random","C","equipment","core:hedge_drum","1"
"random__C__67","random","C","equipment","core:muster_horn","1"
"random__C__67","random","C","equipment","core:seed_bag","1"
"random__C__67","random","C","charter","core:guarded_harvest","13"
"random__C__67","random","C","charter","core:meal_oath","5"
"random__C__67","random","C","charter","core:rally_boundary","8"
"random__C__67","random","C","charter","core:repair_tithe","8"
"random__C__67","random","C","item","core:boundary_hinge","5"
"random__C__67","random","C","item","core:joiner_square","2"
"random__C__67","random","C","item","core:levy_bread_wrap","1"
"random__C__67","random","C","item","core:meadow_buckle","3"
"random__C__67","random","C","item","core:muster_roll","2"
"random__C__67","random","C","item","core:return_path_knot","3"
"random__C__67","random","C","item","core:root_binding_cord","3"
"random__C__67","random","C","item","core:ruin_keystone","1"
"random__C__67","random","C","item","core:wind_seed_flag","3"
"random__C__67","random","C","evolution","core:sheltered_sowing","1"
"random__C__67","random","C","evolution","core:sowing_sworddance","1"
"random__C__68","random","C","equipment","core:ember_wand","1"
"random__C__68","random","C","equipment","core:harvest_scythe","1"
"random__C__68","random","C","equipment","core:iron_blade","1"
"random__C__68","random","C","equipment","core:ward_orbit","1"
"random__C__68","random","C","equipment","core:carpenter_hammer","1"
"random__C__68","random","C","equipment","core:hedge_drum","1"
"random__C__68","random","C","equipment","core:muster_horn","1"
"random__C__68","random","C","equipment","core:seed_bag","1"
"random__C__68","random","C","charter","core:guarded_harvest","19"
"random__C__68","random","C","charter","core:meal_oath","10"
"random__C__68","random","C","charter","core:rally_boundary","8"
"random__C__68","random","C","charter","core:repair_tithe","4"
"random__C__68","random","C","item","core:boundary_hinge","1"
"random__C__68","random","C","item","core:levy_bread_wrap","2"
"random__C__68","random","C","item","core:meadow_buckle","1"
"random__C__68","random","C","item","core:muster_roll","3"
"random__C__68","random","C","item","core:root_binding_cord","4"
"random__C__68","random","C","item","core:ruin_keystone","2"
"random__C__68","random","C","item","core:scaffold_step","2"
"random__C__68","random","C","item","core:seed_pouch_lining","3"
"random__C__68","random","C","item","core:shock_absorber_pad","2"
"random__C__68","random","C","item","core:wind_seed_flag","3"
"random__C__68","random","C","evolution","core:sheltered_sowing","1"
"random__C__68","random","C","evolution","core:sowing_sworddance","1"
"random__C__69","random","C","equipment","core:ember_wand","1"
"random__C__69","random","C","equipment","core:harvest_scythe","1"
"random__C__69","random","C","equipment","core:iron_blade","1"
"random__C__69","random","C","equipment","core:ward_orbit","1"
"random__C__69","random","C","equipment","core:muster_horn","1"
"random__C__69","random","C","equipment","core:seed_bag","1"
"random__C__69","random","C","charter","core:guarded_harvest","12"
"random__C__69","random","C","charter","core:meal_oath","9"
"random__C__69","random","C","charter","core:rally_boundary","8"
"random__C__69","random","C","item","core:levy_bread_wrap","2"
"random__C__69","random","C","item","core:meadow_buckle","3"
"random__C__69","random","C","item","core:return_path_knot","4"
"random__C__69","random","C","item","core:root_binding_cord","5"
"random__C__69","random","C","item","core:seed_pouch_lining","5"
"random__C__69","random","C","item","core:wind_seed_flag","4"
"random__C__69","random","C","evolution","core:sowing_sworddance","1"
"random__C__70","random","C","equipment","core:ember_wand","1"
"random__C__70","random","C","equipment","core:harvest_scythe","1"
"random__C__70","random","C","equipment","core:iron_blade","1"
"random__C__70","random","C","equipment","core:ward_orbit","1"
"random__C__70","random","C","equipment","core:carpenter_hammer","1"
"random__C__70","random","C","equipment","core:hedge_drum","1"
"random__C__70","random","C","equipment","core:muster_horn","1"
"random__C__70","random","C","equipment","core:seed_bag","1"
"random__C__70","random","C","charter","core:guarded_harvest","17"
"random__C__70","random","C","charter","core:meal_oath","11"
"random__C__70","random","C","charter","core:rally_boundary","15"
"random__C__70","random","C","charter","core:repair_tithe","6"
"random__C__70","random","C","item","core:boundary_hinge","1"
"random__C__70","random","C","item","core:levy_bread_wrap","7"
"random__C__70","random","C","item","core:meadow_buckle","1"
"random__C__70","random","C","item","core:muster_roll","3"
"random__C__70","random","C","item","core:root_binding_cord","1"
"random__C__70","random","C","item","core:ruin_keystone","3"
"random__C__70","random","C","item","core:scaffold_step","3"
"random__C__70","random","C","item","core:seed_pouch_lining","1"
"random__C__70","random","C","item","core:shock_absorber_pad","3"
"random__C__70","random","C","item","core:wind_seed_flag","1"
"random__C__70","random","C","evolution","core:sheltered_sowing","1"
"random__C__70","random","C","evolution","core:sowing_sworddance","1"
"random__C__71","random","C","equipment","core:ember_wand","1"
"random__C__71","random","C","equipment","core:harvest_scythe","1"
"random__C__71","random","C","equipment","core:iron_blade","1"
"random__C__71","random","C","equipment","core:ward_orbit","1"
"random__C__71","random","C","equipment","core:carpenter_hammer","1"
"random__C__71","random","C","equipment","core:hedge_drum","1"
"random__C__71","random","C","equipment","core:muster_horn","1"
"random__C__71","random","C","equipment","core:seed_bag","1"
"random__C__71","random","C","charter","core:guarded_harvest","5"
"random__C__71","random","C","charter","core:meal_oath","12"
"random__C__71","random","C","charter","core:rally_boundary","9"
"random__C__71","random","C","item","core:boundary_hinge","2"
"random__C__71","random","C","item","core:joiner_square","3"
"random__C__71","random","C","item","core:levy_bread_wrap","1"
"random__C__71","random","C","item","core:meadow_buckle","3"
"random__C__71","random","C","item","core:muster_roll","2"
"random__C__71","random","C","item","core:return_path_knot","1"
"random__C__71","random","C","item","core:root_binding_cord","2"
"random__C__71","random","C","item","core:ruin_keystone","2"
"random__C__71","random","C","item","core:scaffold_step","6"
"random__C__71","random","C","item","core:seed_pouch_lining","1"
"random__C__71","random","C","item","core:wind_seed_flag","1"
"random__C__71","random","C","evolution","core:sheltered_sowing","1"
"random__C__71","random","C","evolution","core:sowing_sworddance","1"
"random__C__72","random","C","equipment","core:ember_wand","1"
"random__C__72","random","C","equipment","core:harvest_scythe","1"
"random__C__72","random","C","equipment","core:iron_blade","1"
"random__C__72","random","C","equipment","core:ward_orbit","1"
"random__C__72","random","C","equipment","core:muster_horn","1"
"random__C__72","random","C","equipment","core:seed_bag","1"
"random__C__72","random","C","charter","core:guarded_harvest","11"
"random__C__72","random","C","charter","core:meal_oath","9"
"random__C__72","random","C","charter","core:rally_boundary","14"
"random__C__72","random","C","item","core:levy_bread_wrap","1"
"random__C__72","random","C","item","core:meadow_buckle","1"
"random__C__72","random","C","item","core:muster_roll","2"
"random__C__72","random","C","item","core:return_path_knot","3"
"random__C__72","random","C","item","core:root_binding_cord","4"
"random__C__72","random","C","item","core:seed_pouch_lining","4"
"random__C__72","random","C","item","core:wind_seed_flag","8"
"random__C__72","random","C","evolution","core:sowing_sworddance","1"
"random__C__73","random","C","equipment","core:ember_wand","1"
"random__C__73","random","C","equipment","core:harvest_scythe","1"
"random__C__73","random","C","equipment","core:iron_blade","1"
"random__C__73","random","C","equipment","core:ward_orbit","1"
"random__C__73","random","C","equipment","core:carpenter_hammer","1"
"random__C__73","random","C","equipment","core:hedge_drum","1"
"random__C__73","random","C","equipment","core:muster_horn","1"
"random__C__73","random","C","equipment","core:seed_bag","1"
"random__C__73","random","C","charter","core:guarded_harvest","9"
"random__C__73","random","C","charter","core:meal_oath","7"
"random__C__73","random","C","charter","core:rally_boundary","7"
"random__C__73","random","C","charter","core:repair_tithe","2"
"random__C__73","random","C","item","core:boundary_hinge","1"
"random__C__73","random","C","item","core:joiner_square","1"
"random__C__73","random","C","item","core:meadow_buckle","4"
"random__C__73","random","C","item","core:muster_roll","3"
"random__C__73","random","C","item","core:return_path_knot","1"
"random__C__73","random","C","item","core:root_binding_cord","4"
"random__C__73","random","C","item","core:ruin_keystone","4"
"random__C__73","random","C","item","core:scaffold_step","2"
"random__C__73","random","C","item","core:seed_pouch_lining","1"
"random__C__73","random","C","item","core:shock_absorber_pad","2"
"random__C__73","random","C","item","core:wind_seed_flag","1"
"random__C__73","random","C","evolution","core:sheltered_sowing","1"
"random__C__73","random","C","evolution","core:sowing_sworddance","1"
